Date,Close,High,Low,Open,Volume,BB_Middle,BB_Upper,BB_Lower,Signal,Trade
2015-01-30,11.293221473693848,11.48478380727628,11.27977904271499,11.410847872847992,3404800,11.492796611785888,11.784008159093222,11.201585064478554,0,0
2015-02-02,11.391804695129396,11.400766031545729,11.137507864485846,11.314507292602617,29252800,11.47851333618164,11.759950937637948,11.197075734725333,0,0
2015-02-03,11.532957077026367,11.537438173242917,11.406369313965246,11.427654307323431,3702400,11.481313848495484,11.763746292510294,11.198881404480673,0,0
2015-02-04,11.550881385803224,11.628178799336531,11.52175468792837,11.53407748877228,3239200,11.49240427017212,11.767374388499643,11.217434151844596,0,0
2015-02-05,11.668509483337402,11.672989725485092,11.575528647158992,11.612497054991156,2684000,11.50433521270752,11.78799027551965,11.22068014989539,0,0
2015-02-06,11.62145709991455,11.737963040463582,11.586729671704976,11.705475733078412,2925600,11.50103039741516,11.777519517421473,11.224541277408848,0,0
2015-02-09,11.59457302093506,11.65170593889986,11.575528999840742,11.59009192396901,2535200,11.497893714904786,11.768582591865316,11.227204837944255,0,0
2015-02-10,11.769330978393556,11.783894756522088,11.631540885534058,11.68419270406869,2587200,11.510888576507568,11.806364473214577,11.21541267980056,0,0
2015-02-11,11.81861972808838,11.846625935974846,11.762607312315447,11.782771816180968,2228800,11.52645993232727,11.850918091950396,11.202001772704145,0,0
2015-02-12,12.00570297241211,12.011304556786238,11.907121412072623,11.912722141764972,2700000,11.554858207702637,11.937490788931274,11.172225626473999,0,0
2015-02-13,12.10316276550293,12.10316276550293,12.018023655182862,12.052751079070076,2482400,11.596867561340332,12.023994060353502,11.169741062327162,0,0
2015-02-17,12.108769416809082,12.118852100899913,12.070681366133169,12.105408807006151,2540000,11.633611869812011,12.102120963011485,11.165102776612537,0,0
2015-02-18,12.131168365478516,12.134528973469395,12.076276440703763,12.098681063764026,2045600,11.667219257354736,12.175548890977613,11.15888962373186,0,0
2015-02-19,12.17934226989746,12.189424096515385,12.096444117205705,12.111007040547747,1850400,11.702170848846436,12.248961097686776,11.155380600006096,0,0
2015-02-20,12.256637573242188,12.261117814509769,12.119967138176206,12.188302355709196,2027200,11.730121040344239,12.327897985395554,11.132344095292924,0,0
2015-02-23,12.256637573242188,12.256637573242188,12.18942198868526,12.25215647729295,2875200,11.756447029113769,12.396766462816185,11.116127595411353,0,0
2015-02-24,12.286885261535645,12.30704976819668,12.19054382467533,12.257758561984868,2441600,11.78602156639099,12.465755209789336,11.106287922992646,0,0
2015-02-25,12.22415256500244,12.271202799285634,12.191665254278766,12.264481581439984,2842400,11.829375267028809,12.504736640697546,11.154013893360071,0,0
2015-02-26,12.299208641052246,12.307050346528827,12.225271828260093,12.249917432524144,2742400,11.877266120910644,12.543195479305677,11.21133676251561,0,0
2015-02-27,12.234233856201172,12.30705018017476,12.22415202987404,12.29808798698501,6551200,11.916362810134888,12.569596053435744,11.263129566834033,0,0
2015-03-02,12.349617958068848,12.35521954186704,12.235352998848246,12.247675799458918,4373600,11.969182634353638,12.581910073299623,11.356455195407653,0,0
2015-03-03,12.254399299621582,12.328336117062191,12.203988454771602,12.328336117062191,3115200,12.012312364578246,12.575864378334796,11.448760350821697,0,0
2015-03-04,12.212947845458984,12.236473814296184,12.140132382222268,12.224151013355446,11241600,12.046311902999879,12.570775074876021,11.521848731123736,0,0
2015-03-05,12.208466529846191,12.244314441788598,12.164776059193548,12.211827138046786,2738400,12.079191160202026,12.555537653382473,11.602844667021579,0,0
2015-03-06,12.07067584991455,12.227510788274364,12.047150737362829,12.219669084090455,2740800,12.099299478530884,12.53698797262302,11.661610984438749,0,0
2015-03-09,12.121087074279783,12.170378276272444,12.069555751597315,12.114365857528671,2624000,12.124280977249146,12.503099124719881,11.745462829778411,0,0
2015-03-10,11.881354331970217,12.046030984559742,11.877993723498054,12.040430255333376,3148800,12.138620042800904,12.45225250421135,11.824987581390458,0,0
2015-03-11,11.816381454467772,11.917203134872594,11.805178285816774,11.888077289488956,2815200,12.140972566604614,12.444016857627233,11.837928275581994,1,1
2015-03-12,11.886958122253418,11.892559707201215,11.776053748678278,11.788376551817946,2910400,12.144389486312866,12.434064369670306,11.854714602955426,1,0
2015-03-13,11.826459884643556,11.89927618655684,11.754764070209973,11.86342827934005,2265600,12.135427331924438,12.45159076070606,11.819263903142817,1,0
2015-03-16,11.968731880187988,11.970972855307323,11.852226814430091,11.86118815086268,2652000,12.128705787658692,12.452940072314611,11.804471503002773,1,0
2015-03-17,11.98105525970459,12.003460738575422,11.916081507683243,11.951929419194949,2145600,12.122320079803467,12.452843008193588,11.791797151413347,1,0
2015-03-18,12.125568389892578,12.17149898434132,11.91832260772446,11.957531130618694,1919200,12.12204008102417,12.45254203936349,11.791538122684852,0,-1
2015-03-19,12.11548900604248,12.15581802476967,12.098685105792503,12.122210224269722,2185600,12.118847417831422,12.448305529311204,11.789389306351639,0,0
2015-03-20,12.184940338134766,12.242073240535069,12.16589632222854,12.167016809835266,2705600,12.11526255607605,12.44017434675442,11.790350765397681,0,0
2015-03-23,12.188302040100098,12.244314455992686,12.188302040100098,12.193902768880372,2020800,12.111845779418946,12.432143372947966,11.791548185889926,0,0
2015-03-24,12.154696464538574,12.230873398227102,12.147975246904286,12.205107306159334,2642400,12.105236339569093,12.416130665382662,11.794342013755523,0,0
2015-03-25,11.8208589553833,12.158053912166128,11.818618834981583,12.153572816681123,2816000,12.085071659088134,12.414274803150407,11.755868515025861,0,0
2015-03-26,11.828704833984377,11.876875559099007,11.688673755707176,11.750287772021892,3288000,12.061546468734742,12.393412152603455,11.729680784866028,0,0
2015-03-27,11.857829093933104,11.885835303817068,11.772689976574986,11.825341787905906,2111200,12.042726230621337,12.375973876795,11.709478584447675,0,0
2015-03-30,11.99226188659668,12.002343713986232,11.92952738233925,11.939610064410678,3564800,12.024858427047729,12.327265079736671,11.722451774358786,0,0
2015-03-31,11.93288516998291,12.307048567137835,11.87575311892035,11.955290650020684,8274400,12.008782720565796,12.294387489086189,11.723177952045402,0,0
2015-04-01,11.837663650512695,11.89367606584172,11.76708831488351,11.885834361882925,3760000,11.990018510818482,12.268732287145488,11.711304734491476,0,0
2015-04-02,11.836544036865234,11.892556452285536,11.815259045507398,11.846625861393704,4303200,11.971422386169433,12.238751922760937,11.704092849577929,0,0
2015-04-06,11.947447776794434,11.968731912395883,11.73123983000233,11.771568835443045,2370400,11.965260982513428,12.228809717892743,11.701712247134113,0,0
2015-04-07,11.934009552001951,12.026990401466778,11.934009552001951,11.93625052807785,3284800,11.955907106399536,12.209771109624466,11.702043103174606,0,0
2015-04-08,11.976574897766112,12.011302321313462,11.885834204947685,11.885834204947685,1878400,11.960668134689332,12.212322800564722,11.709013468813941,0,0
2015-04-09,12.02586555480957,12.032587625918982,11.921682426770944,11.97545472223802,1864800,11.971142339706422,12.215227665922665,11.727057013490178,0,0
2015-04-10,12.078519821166992,12.078519821166992,11.994501179991738,12.011305079163153,1397600,11.9807204246521,12.225871961136193,11.735568888168007,0,0
2015-04-13,12.028108596801758,12.134531863708592,12.022507012361697,12.078519438035146,2140800,11.99080286026001,12.226137767871592,11.755467952648427,0,0
2015-04-14,11.984419822692873,12.067317979255092,11.919445199182173,12.067317979255092,2583200,11.991587257385254,12.226727174512483,11.756447340258024,0,0
2015-04-15,12.093080520629885,12.12668831279204,12.011302870213845,12.020265062081307,2560000,11.997188520431518,12.236360583886944,11.758016456976092,0,0
2015-04-16,12.068436622619627,12.096442833161166,12.039309924345549,12.06171455090609,2086400,11.99433193206787,12.228617261923846,11.760046602211895,0,0
2015-04-17,11.883596420288086,11.986659078267316,11.844387893304877,11.986659078267316,2243200,11.982737302780151,12.21483326886197,11.750641336698333,0,0
2015-04-20,12.077400207519531,12.095324595848298,11.941850225840271,11.941850225840271,2413600,11.97736029624939,12.195001947318161,11.75971864518062,0,0
2015-04-21,12.087481498718262,12.162537943174003,12.078519305585155,12.137892339398858,1724000,11.972319269180298,12.174290288020076,11.77034825034052,0,0
2015-04-22,12.203988075256348,12.219671486707815,12.062836517511297,12.119969433331264,2055200,11.974783849716186,12.18656155082444,11.763006148607932,0,0
2015-04-23,12.233116149902344,12.279046759432,12.146857371212718,12.15918017598009,1908000,11.995396709442138,12.222902260115491,11.767891158768785,0,0
2015-04-24,12.302569389343262,12.345138526029888,12.254398668103374,12.341777917170656,2027200,12.019089937210083,12.269743232033296,11.76843664238687,0,0
2015-04-27,12.330574989318848,12.401150335897144,12.30144828951816,12.335056085802169,4808000,12.04272723197937,12.316215372512467,11.769239091446273,0,0
2015-04-28,12.344016075134276,12.402268609654737,12.231991247095106,12.356338874593114,1901600,12.06031494140625,12.362315100521636,11.758314782290865,0,0
2015-04-29,12.286885261535645,12.34849926930041,12.201746138446628,12.277923068645904,1815200,12.078014945983886,12.389415151701915,11.766614740265858,0,0
2015-04-30,12.086359024047852,12.247675055198105,12.043789895686151,12.221908967846526,1813600,12.090449714660645,12.381674318555755,11.799225110765535,0,0
2015-05-01,12.240952491760254,12.240952491760254,12.11660571987862,12.126687544079182,2328800,12.110670137405396,12.384189618374387,11.837150656436405,0,0
2015-05-04,12.24991512298584,12.313769242594054,12.244314394233816,12.265598530982128,1974400,12.125793504714967,12.394954361667834,11.8566326477621,0,0
2015-05-05,12.058354377746582,12.217429454242174,12.044911088515867,12.211828724740688,1913600,12.132010746002198,12.388616164542636,11.87540532746176,0,0
2015-05-06,11.990019798278809,12.130050863576248,11.904880671267064,12.08300063075994,2106400,12.132682991027831,12.387721730113716,11.877644251941947,0,0
2015-05-07,12.07628059387207,12.113248149166902,11.97769816726751,11.97769816726751,1782400,12.135203742980957,12.38694486957297,11.883462616388945,0,0
2015-05-08,12.246557235717772,12.25663991720219,12.191665295534964,12.196146392341168,1459200,12.143605613708496,12.398416397941467,11.888794829475525,0,0
2015-05-11,12.198381423950195,12.25999541097641,12.197260936545682,12.23983091110251,3669600,12.152119255065918,12.40226076121679,11.901977748915046,0,0
2015-05-12,12.134530067443848,12.18494090121496,12.031467424584612,12.1378906757377,1985600,12.159624767303466,12.397915971975873,11.921333562631059,0,0
2015-05-13,12.192782402038574,12.255516889643264,12.16701716909446,12.16701716909446,1553600,12.1646098613739,12.401290135093188,11.927929587654614,0,0
2015-05-14,12.38658618927002,12.39330740598991,12.270080256262386,12.27792196066282,1894400,12.180517339706421,12.431535666047328,11.929499013365515,0,0
2015-05-15,12.351861953735352,12.425797920796503,12.322735249289735,12.422437311568528,1465600,12.203930616378784,12.425418455626318,11.98244277713125,0,0
2015-05-18,12.415709495544434,12.43811411494664,12.310405904054893,12.328330283321812,2245600,12.22084608078003,12.452536393589641,11.989155767970418,0,0
2015-05-19,12.400029182434082,12.450440015997511,12.385465406978504,12.425794415701912,1998400,12.23647346496582,12.472201348207971,12.00074558172367,0,0
2015-05-20,12.396673202514648,12.460527347720037,12.35186308112726,12.411236128725708,1648000,12.246107721328736,12.491297628193571,12.0009178144639,0,0
2015-05-21,12.439236640930176,12.456040535576465,12.361939238366196,12.378743133012486,1892800,12.256413745880128,12.515487545388742,11.997339946371513,0,0
2015-05-22,12.443717956542969,12.473964283695912,12.42579357402152,12.42579357402152,1516800,12.263471174240113,12.534599389653616,11.99234295882661,0,0
2015-05-26,12.27120304107666,12.422436428356423,12.221911830085809,12.40115143185004,2333600,12.260502576828003,12.529921638633699,11.991083515022307,0,0
2015-05-27,12.48068618774414,12.496369594900084,12.292484447191248,12.304806391658126,2331200,12.267336082458495,12.551415485602751,11.98325667931424,0,0
2015-05-28,12.473966598510742,12.48516891232468,12.43475807282108,12.46612489337281,1590400,12.276690149307251,12.574706781354253,11.97867351726025,0,0
2015-05-29,12.387704849243164,12.473963584921137,12.35185694089002,12.462761273813571,1908000,12.291757440567016,12.580072346849853,12.00344253428418,0,0
2015-06-01,12.424674034118652,12.463882552825782,12.337293950694988,12.432515737860076,6289600,12.300943517684937,12.59386856737724,12.008018467992633,0,0
2015-06-02,12.395550727844238,12.454923765927148,12.312652572106696,12.40787353061788,1840800,12.308225297927857,12.602949428044353,12.013501167811361,0,0
2015-06-03,12.441478729248049,12.49525102968508,12.411232397845898,12.459403114287632,1481600,12.32738151550293,12.60389312507306,12.0508699059328,0,0
2015-06-04,12.32497215270996,12.43251674801852,12.292485702199922,12.4045105388548,1685600,12.344129133224488,12.573422209408236,12.11483605704074,0,0
2015-06-05,12.320489883422852,12.341774017700391,12.240951510369952,12.308167085044602,1622400,12.356339597702027,12.55061293049469,12.162066264909363,0,0
2015-06-08,12.16589641571045,12.333933661382366,12.140131183329132,12.333933661382366,1660000,12.35230655670166,12.558511197455386,12.146101915947932,0,0
2015-06-09,12.14461612701416,12.180464049928307,12.042673088759674,12.156938075960428,2004000,12.349618291854858,12.564978270530265,12.134258313179451,0,0
2015-06-10,12.32833194732666,12.35857827307025,12.183819825037151,12.191661528354494,2019200,12.359308385849,12.551252027486926,12.167364744211072,0,0
2015-06-11,12.330574989318848,12.398910214996366,12.317131699868892,12.355220592636217,1453600,12.366198015213012,12.54303532618714,12.189360704238885,0,0
2015-06-12,12.242074012756348,12.289124239027256,12.224150483326245,12.258877909190725,1480800,12.358972406387329,12.54352812948973,12.174416683284928,0,0
2015-06-15,12.174860954284668,12.186063268552669,12.063956590072417,12.152456325748666,2032800,12.350122356414795,12.551410247365721,12.14883446546387,0,0
2015-06-16,12.251039505004885,12.273444136498307,12.16029963637004,12.192786095630932,2648800,12.341888856887817,12.545232902068616,12.138544811707018,0,0
2015-06-17,12.268960952758787,12.309289966333976,12.206227311500392,12.265600344074484,3784800,12.335335445404052,12.539209544424487,12.131461346383617,0,0
2015-06-18,12.372024536132812,12.392189043040784,12.26560041729783,12.26560041729783,2449600,12.334103012084961,12.53677349950254,12.131432524667382,0,0
2015-06-19,12.282401084899902,12.38546371324051,12.280160964580125,12.3753818897792,1612800,12.326261234283447,12.524133300088156,12.128389168478737,0,0
2015-06-22,12.364180564880373,12.401148108534946,12.338414478399562,12.373141901555703,1528000,12.322284364700318,12.513643846474523,12.130924882926113,0,0
2015-06-23,12.370903968811035,12.400030668531256,12.329454467466173,12.400030668531256,1610400,12.327269411087036,12.518240511966537,12.136298310207534,0,0
2015-06-24,12.302569389343262,12.400031319670047,12.299208780484028,12.342898405017667,1746400,12.318363571166993,12.49603569102619,12.140691451307795,0,0
2015-06-25,12.272323608398438,12.360822494622145,12.253278732867535,12.349620179692216,2116800,12.308281421661377,12.47181202562065,12.144750817702104,0,0
2015-06-26,12.153573989868164,12.261117727844772,12.109884373023968,12.23311151937123,1914400,12.296574878692628,12.468967881911468,12.124181875473788,0,0
2015-06-29,11.876870155334473,12.078515158181505,11.866788332532863,12.038186157612095,2638400,12.269184684753418,12.511397378269589,12.026971991237247,1,1
2015-06-30,11.900400161743164,11.970975509380896,11.857830171853486,11.970975509380896,2086400,12.244427156448364,12.527662001731128,11.961192311165599,1,0
2015-07-01,11.964253425598145,12.072916804025184,11.914962221792514,12.019145358675145,2590400,12.220565891265869,12.513615609063132,11.927516173468605,1,0
2015-07-02,11.974336624145508,12.011305031238754,11.92280529365878,11.988899547538994,1870400,12.203034114837646,12.510596013117844,11.895472216557447,1,0
2015-07-06,11.925042152404783,11.97881444389214,11.84662511761237,11.885833635008575,4091200,12.183261728286743,12.508419023937192,11.858104432636294,1,0
2015-07-07,11.927287101745604,11.939609904844955,11.69875628246928,11.929527222908275,2589600,12.1713312625885,12.515136751110727,11.827525774066274,1,0
2015-07-08,11.725642204284668,11.851110358521565,11.71668001012163,11.82310414277348,2355200,12.150382566452027,12.545391212057837,11.755373920846218,1,0
2015-07-09,11.699873924255373,11.899277991818332,11.693151853038856,11.842145087227056,2257600,12.118959665298462,12.550631584866728,11.687287745730195,1,0
2015-07-10,11.873510360717772,11.911599243721945,11.808536615068496,11.816378318233832,2271200,12.096106433868409,12.528939460044032,11.663273407692785,1,0
2015-07-13,12.04827117919922,12.0639545875074,11.967613162367634,11.968732795331324,2215200,12.086416292190552,12.514394292403148,11.658438291977957,1,0
2015-07-14,12.106524467468262,12.139011773745068,12.056113631162496,12.056113631162496,1871200,12.082999467849731,12.50918586604151,11.656813069657954,0,-1
2015-07-15,12.109886169433594,12.153575792758812,12.076279227089,12.121088483548458,1643200,12.075941801071167,12.495385112484334,11.656498489658,0,0
2015-07-16,12.248796463012695,12.249916950802945,12.174860507809829,12.182702212978038,1649600,12.074933576583863,12.492609400243932,11.657257752923794,0,0
2015-07-17,12.417953491210938,12.423555075150446,12.32497266777806,12.34737814885438,1808800,12.07723002433777,12.50186153953416,11.652598509141379,0,0
2015-07-20,12.472844123840332,12.516534593713926,12.42243329236702,12.468363882773852,3020000,12.08675217628479,12.537121256610892,11.636383095958688,0,0
2015-07-21,12.413472175598145,12.486288492116223,12.402269862598832,12.462763378413158,2304000,12.08921675682068,12.546123641552594,11.632309872088765,0,0
2015-07-22,12.238717079162598,12.290248416934082,12.130052818232365,12.290248416934082,2449600,12.082607412338257,12.526667880938831,11.638546943737683,0,0
2015-07-23,12.217429161071776,12.33505558864315,12.187182829380648,12.272321949768674,1948800,12.078350400924682,12.515472738159676,11.641228063689688,0,0
2015-07-24,12.133410453796388,12.28688479616368,12.117727044174236,12.28688479616368,1952800,12.07140474319458,12.500315188282462,11.6424942981067,0,0
2015-07-27,12.010184288024902,12.09308243924692,11.991140268296377,12.071798298536953,2407200,12.064235258102418,12.492204644444472,11.636265871760363,0,0
2015-07-28,12.131168365478516,12.154693476096266,11.978814535560293,12.076276440703763,1585600,12.076950168609619,12.496933491700815,11.656966845518422,0,0
2015-07-29,12.195022583007812,12.21070599021705,12.067314350200254,12.130047979037204,1739200,12.091681289672852,12.506497159652605,11.6768654196931,0,0
2015-07-30,12.22415256500244,12.243196585352996,12.088602592130302,12.164778673532524,1436000,12.104676246643066,12.518993620173779,11.690358873112354,0,0
2015-07-31,12.17037582397461,12.253273947700777,12.151331810562649,12.253273947700777,3980000,12.114478206634521,12.52525816693497,11.703698246334072,0,0
2015-08-03,12.097564697265623,12.179343223188608,12.015787026024515,12.161418834889153,2959200,12.123104333877563,12.524754113077046,11.72145455467808,0,0
2015-08-04,12.02250862121582,12.08860373678988,11.979939479692831,12.080761175651586,2422400,12.127865409851074,12.522310457423623,11.733420362278524,0,0
2015-08-05,12.140131950378418,12.235352891339184,12.06843612273631,12.091961236054969,2360800,12.148589897155762,12.49721902709533,11.799960767216195,0,0
2015-08-06,12.013542175292969,12.198383310273456,11.977694264938334,12.159174791867072,2198400,12.164273309707642,12.453991733516357,11.874554885898927,0,0
2015-08-07,12.023627281188965,12.037069716109407,11.940728277331289,12.007943870660595,1399200,12.171779155731201,12.437784901463594,11.905773409998808,0,0
2015-08-10,12.20734691619873,12.2308720299688,12.124448774149664,12.124448774149664,2100800,12.179732942581177,12.439940888126959,11.919524997035396,0,0
2015-08-11,12.007941246032717,12.177098116141282,11.96873187360019,12.1714973877092,1635200,12.1748037815094,12.443953497549746,11.905654065469054,0,0
2015-08-12,12.066195487976074,12.08860096892276,11.807418379484226,11.9396077256837,2879200,12.172619247436524,12.44453609851688,11.900702396356168,0,0
2015-08-13,12.035945892333984,12.116603892500386,12.015781392292382,12.091958297484933,1441600,12.161976718902588,12.437768393562076,11.886185044243101,0,0
2015-08-14,12.099803924560549,12.113246359160652,11.995620783000977,11.995620783000977,1348000,12.146069240570068,12.396503116119815,11.89563536502032,0,0
2015-08-17,12.17821979522705,12.17821979522705,12.009062053886367,12.062834351121344,1436800,12.131338024139405,12.333079090455739,11.92959695782307,0,0
2015-08-18,12.102046012878418,12.15245771486956,12.083001990977758,12.135653814205847,1953600,12.115766716003417,12.27062556719076,11.960907864816075,0,0
2015-08-19,12.002342224121094,12.108765488538015,11.945209311959976,12.050512943260513,2479200,12.103947973251342,12.255513793216345,11.95238215328634,0,0
2015-08-20,11.693151473999023,11.927283813659765,11.693151473999023,11.892556389779822,3376800,12.077734088897705,12.304446866684508,11.851021311110902,1,1
2015-08-21,11.25401496887207,11.655064088546071,11.252894481196536,11.49486853821158,5968000,12.033764314651489,12.456550295545197,11.61097833375778,1,0
2015-08-24,10.844002723693848,11.260734328699115,8.638233783893483,11.141988295123546,10098400,11.975455236434936,12.644890458366733,11.306020014503138,1,0
2015-08-25,10.727499961853027,11.336914569585758,10.72637947403309,10.964992098772614,16720800,11.905271816253663,12.76263394758999,11.047909684917336,1,0
2015-08-26,11.262975692749023,11.28538031524916,10.833920419887065,10.833920419887065,5229600,11.858669471740722,12.748669736280041,10.968669207201403,1,0
2015-08-27,11.534076690673828,11.534076690673828,11.28314130433543,11.377241753706713,4766400,11.824165678024292,12.70830081484947,10.940030541199114,1,0
2015-08-28,11.558724403381348,11.57328732663208,11.467984545661777,11.485908077764078,2215200,11.793583106994628,12.669981011254313,10.917185202734943,1,0
2015-08-31,11.46462345123291,11.592332574476751,11.433256628032671,11.515035149674862,2461600,11.761936044692993,12.637852176500436,10.88601991288555,1,0
2015-09-01,11.0994234085083,11.35035885728359,11.035569272066494,11.35035885728359,4325600,11.715781784057617,12.62842256331036,10.803141004804873,1,0
2015-09-02,11.35932159423828,11.35932159423828,11.143113568463503,11.210328317191632,3312000,11.67674126625061,12.580187282615956,10.773295249885265,1,0
2015-09-03,11.370519638061523,11.509430180535867,11.333551241011245,11.405247060009716,2159200,11.644590139389038,12.543560267535875,10.7456200112422,1,0
2015-09-04,11.20584487915039,11.283142294115809,11.15319306632941,11.258496691971372,2839200,11.60370101928711,12.504381462304005,10.703020576270214,1,0
2015-09-08,11.518392562866213,11.530715362087616,11.39068432973674,11.445576255107438,2206400,11.569253301620483,12.426607669544909,10.711898933696057,1,0
2015-09-09,11.37948513031006,11.65282519903245,11.352598549374614,11.604654476542065,2152800,11.537830495834351,12.374382891419456,10.701278100249246,1,0
2015-09-10,11.491509437561035,11.56656588271751,11.346997276997229,11.366041296571536,2319200,11.5090961933136,12.309791194607783,10.708401192019416,1,0
2015-09-11,11.547517776489258,11.547517776489258,11.408606394835184,11.42877089509584,1701600,11.484674787521362,12.248551732711613,10.72079784233111,0,-1
2015-09-14,11.513912200927734,11.60465204217487,11.485905992673024,11.594570217450366,2047200,11.455380201339722,12.16571075150394,10.745049651175503,0,0
2015-09-15,11.660663604736328,11.695391881612426,11.52287354883568,11.55311987547581,3069600,11.429502391815186,12.066542175374448,10.792462608255924,0,0
2015-09-16,11.724519729614258,11.739082650588497,11.640501102731733,11.670747432349506,1882400,11.410626077651978,11.98624616622214,10.835005989081816,0,0
2015-09-17,11.660663604736328,11.841023641062852,11.642740077200369,11.7043540727212,2686400,11.393542146682739,11.91570035735046,10.871383936015018,0,0
2015-09-18,11.515032768249512,11.633778818573049,11.488147047449807,11.527355568341386,1728000,11.384636211395264,11.891914023503276,10.877358399287253,0,0
2015-09-21,11.610255241394045,11.67074876220436,11.520635020634662,11.577767932735812,1271200,11.402448225021363,11.91511782123249,10.889778628810236,0,0
2015-09-22,11.42877197265625,11.471341952043275,11.348114818690355,11.438854651077964,2234400,11.431686687469483,11.875732717157035,10.987640657781931,0,0
2015-09-23,11.44517421722412,11.48815835197721,11.382959543094978,11.458748563310644,1669600,11.467570400238037,11.772343934026559,11.162796866449515,0,0
2015-09-24,11.43386459350586,11.46327438705915,11.240434660455811,11.33092772702713,2728000,11.476114845275879,11.766718173111116,11.185511517440641,0,0
2015-09-25,11.406716346740724,11.562818338281996,11.347895894299995,11.537932463513728,2652800,11.469746828079224,11.760572210039339,11.178921446119109,0,0
2015-09-28,11.137497901916504,11.37730621353204,11.1295797477271,11.34563359677442,2740800,11.448685503005981,11.770087981438882,11.12728302457308,0,0
2015-09-29,11.079811096191406,11.234781714938984,11.00062953216816,11.17935462012271,3439200,11.429444885253906,11.788584982734974,11.070304787772837,0,0
2015-09-30,11.311697006225586,11.323008530629014,11.180480906706654,11.216679165620008,3087200,11.44005856513977,11.770998267194836,11.109118863084705,0,0
2015-10-01,11.317352294921877,11.347893494670243,11.16011978814984,11.347893494670243,2484000,11.43796010017395,11.7714434524294,11.104476747918499,0,0
2015-10-02,11.489293098449709,11.491555058613784,11.145417331559958,11.179352775120371,3675200,11.443898773193359,11.776596003477914,11.111201542908804,0,0
2015-10-05,11.71778964996338,11.751725095268142,11.55037697276258,11.55037697276258,3116000,11.469496011734009,11.803765190296962,11.135226833171055,0,0
2015-10-06,11.744937896728516,11.7641675789168,11.67706787176068,11.700822337348711,1928800,11.480823278427124,11.83567272215438,11.125973834699868,0,0
2015-10-07,11.808279991149902,11.842215426096432,11.65557225991844,11.817329555537505,2663200,11.502263021469116,11.88103890913278,11.123487133805451,0,0
2015-10-08,11.865973472595217,11.891989899307235,11.713265695198158,11.787922466430716,1941600,11.520986223220826,11.931477234667303,11.110495211774348,0,0
2015-10-09,11.92818546295166,11.93384165728397,11.8591840345651,11.882939360349532,1888800,11.540019607543945,11.987317328426682,11.092721886661208,0,0
2015-10-12,11.93836498260498,11.957594660164563,11.880675086912248,11.957594660164563,1952000,11.561242246627808,12.040693117623588,11.081791375632028,0,0
2015-10-13,11.882938385009766,11.979087639668586,11.867102077796032,11.876150779765297,2026400,11.57235598564148,12.070452197953419,11.07425977332954,0,0
2015-10-14,11.875022888183594,11.939499542840208,11.81733297727582,11.86031712604216,1707200,11.579881143569946,12.091314437846952,11.068447849292939,0,0
2015-10-15,12.01528549194336,12.0243350572696,11.904430474232017,11.90556188565131,5068000,11.597612237930297,12.142512848845941,11.052711627014654,0,0
2015-10-16,12.048090934753418,12.048090934753418,11.974564718112273,12.032254625078606,1980800,11.624265146255492,12.201584384790996,11.046945907719989,0,0
2015-10-19,12.08768081665039,12.089942776573755,11.990400142678102,12.02320417115844,1884000,11.648136425018311,12.259634350289353,11.03663849974727,0,0
2015-10-20,12.044699668884276,12.07863425425702,12.001714652525449,12.046961629370072,1800800,11.678932809829712,12.305003390536118,11.052862229123306,0,0
2015-10-21,11.93044662475586,12.08315435731102,11.923659882913308,12.063924680081149,1155200,11.7031964302063,12.328762336268394,11.077630524144205,0,0
2015-10-22,12.2030611038208,12.227946980790644,12.026598867873464,12.026598867873464,2230400,11.741656255722045,12.390409738060244,11.092902773383846,0,0
2015-10-23,12.53449535369873,12.579742329405509,12.440608893148951,12.51639708122459,2675200,11.798045206069947,12.51319836763116,11.082892044508734,0,0
2015-10-26,12.477931022644045,12.52091601784798,12.431553519888174,12.52091601784798,2831200,11.865066862106323,12.571226073255202,11.158907650957444,0,0
2015-10-27,12.399883270263672,12.480196219988803,12.382915551191818,12.448523604662164,2236000,11.931070470809937,12.575364907033892,11.286776034585982,0,0
2015-10-28,12.617072105407717,12.617072105407717,12.433822228262173,12.447396580907364,2062400,11.996339225769045,12.640909027932793,11.351769423605298,0,0
2015-10-29,12.558245658874512,12.57408282868421,12.497163254384796,12.528835867976202,1963200,12.058383893966676,12.667494051421961,11.44927373651139,0,0
2015-10-30,12.494901657104492,12.59670711292838,12.494901657104492,12.58087080457956,2960800,12.108664321899415,12.686798720617691,11.530529923181138,0,0
2015-11-02,12.614805221557615,12.628379569833733,12.486983344926948,12.552591400407072,3410400,12.153515100479126,12.742473616720853,11.5645565842374,0,0
2015-11-03,12.697385787963867,12.749419514802703,12.55825147042733,12.583137353483815,2744800,12.201137495040893,12.804107280896334,11.598167709185452,0,0
2015-11-04,12.721135139465332,12.750545795151476,12.690593935378448,12.73584003580138,2237600,12.246780252456665,12.86196447186187,11.631596033051459,0,0
2015-11-05,12.682677268981934,12.792400024691752,12.656659981474686,12.78221990980684,2259200,12.287615442276001,12.904689225530728,11.670541659021275,0,0
2015-11-06,12.757336616516112,12.758468028292649,12.646482426816844,12.663449288393236,2009600,12.329072999954224,12.955327542392208,11.70281845751624,0,0
2015-11-09,12.636298179626465,12.759596140959143,12.567296750342344,12.759596140959143,2307200,12.363969659805297,12.976889357392094,11.7510499622185,0,0
2015-11-10,12.543540954589844,12.58991932735121,12.484720508882802,12.58991932735121,2147200,12.396999788284301,12.972740659385497,11.821258917183105,0,0
2015-11-11,12.536754608154297,12.629510493590836,12.515262106633893,12.572952005812116,1604000,12.430086374282837,12.955931377160907,11.904241371404767,0,0
2015-11-12,12.411194801330566,12.529967108863106,12.405538607299189,12.483589597259174,1709600,12.449881839752198,12.940396823363344,11.959366856141052,0,0
2015-11-13,12.16799545288086,12.374999766557629,12.163470669394492,12.353507260750929,2661600,12.45587706565857,12.9292331461784,11.98252098513874,0,0
2015-11-16,12.330883979797363,12.336539311790771,12.12953586493116,12.152158918933178,1980800,12.468037223815918,12.914675175545648,12.021399272086187,0,0
2015-11-17,12.3388032913208,12.436083986071605,12.312786000067518,12.34332807514808,2424000,12.482742404937744,12.890317962713914,12.075166847161574,0,0
2015-11-18,12.535627365112305,12.543545521513716,12.380656746382598,12.411198823226844,1697600,12.513001441955566,12.832389350387865,12.193613533523267,0,0
2015-11-19,12.586524963378906,12.65100160222556,12.536754083067768,12.536754083067768,1988800,12.532174634933472,12.81924035865674,12.245108911210204,0,0
2015-11-20,12.682677268981934,12.696250755495152,12.63177410551492,12.635167477143224,10272000,12.539583730697633,12.834060015584177,12.245107445811088,0,0
2015-11-23,12.615939140319824,12.73244951471629,12.57521695041233,12.73244951471629,3280800,12.546484136581421,12.841325854099113,12.25164241906373,0,0
2015-11-24,12.631772994995115,12.660052240097022,12.490376769485596,12.53449232280344,2014400,12.558078622817993,12.8471294574774,12.269027788158585,0,0
2015-11-25,12.603497505187988,12.645351111094428,12.59557934872075,12.636301542842064,1795200,12.557399892807005,12.845956769517862,12.268843016096149,0,0
2015-11-27,12.624984741210938,12.654395394240604,12.594442676868676,12.611410394501714,1084000,12.560736846923827,12.850795339867442,12.270678353980212,0,0
2015-11-30,12.64308738708496,12.679284794502117,12.606889979667804,12.672498050303355,1780000,12.56814613342285,12.858669466517249,12.277622800328452,0,0
2015-12-01,12.756203651428224,12.75959788634451,12.669103941556278,12.680415468901254,5337600,12.575216054916382,12.876615430873157,12.273816678959607,0,0
2015-12-02,12.688335418701172,12.818420159100228,12.67363051737459,12.762993063161518,2954400,12.574763536453247,12.8754541982526,12.274072874653895,0,0
2015-12-03,12.511870384216309,12.757334046398856,12.44852514572124,12.755072086315808,2461600,12.564300298690796,12.858380453072954,12.270220144308638,0,0
2015-12-04,12.7844820022583,12.810499290034931,12.522050616444377,12.548067904221009,2862400,12.569390535354614,12.874796609725072,12.263984460984156,0,0
2015-12-07,12.701906204223633,12.781087747614158,12.649872495279274,12.781087747614158,2180800,12.56661901473999,12.866101033516866,12.267136995963114,0,0
2015-12-08,12.680415153503418,12.7098258142802,12.548068474529195,12.584265878941313,3384000,12.568824863433838,12.870965379638584,12.266684347229091,0,0
2015-12-09,12.490378379821776,12.699644647952944,12.430426510558627,12.631774623560968,3429600,12.566166734695434,12.870080445948881,12.262253023441987,0,0
2015-12-10,12.519787788391112,12.60801889758044,12.477934193743875,12.541280291455111,2669600,12.565318393707276,12.869650205801642,12.26098658161291,0,0
2015-12-11,12.258488655090332,12.411196420707922,12.24491430545231,12.40554022593854,2622400,12.557683086395263,12.883969374087796,12.23139679870273,0,0
2015-12-14,12.32070255279541,12.32070255279541,12.103518135432545,12.258488725047943,2764000,12.56531844139099,12.860428948270656,12.270207934511326,0,0
2015-12-15,12.379523277282717,12.466622977151358,12.367080339728034,12.41345785542029,2649600,12.567750406265258,12.855810501909968,12.279690310620548,0,0
2015-12-16,12.54467487335205,12.56842933865561,12.358031659665029,12.47001724267157,2467200,12.578043985366822,12.84670348617691,12.309384484556734,0,0
2015-12-17,12.353508949279783,12.59897266162037,12.347853616409484,12.596710701075116,4037600,12.568938064575196,12.854542018947384,12.283334110203008,0,0
2015-12-18,12.109175682067873,12.335409691163848,12.106912858688927,12.329753495730746,2428800,12.545070600509643,12.893646883783774,12.196494317235512,1,1
2015-12-21,12.227944374084473,12.243780680959508,12.12953316179162,12.226812962732255,2839200,12.52233395576477,12.89079602282177,12.153871888707771,1,0
2015-12-22,12.308258056640623,12.32522577588364,12.209846838456423,12.273192069748696,2940000,12.50694990158081,12.884085063518043,12.129814739643578,1,0
2015-12-23,12.416460037231444,12.421001640800627,12.348337716138303,12.385804429695032,3539200,12.496184253692627,12.870735793339316,12.121632714045939,1,0
2015-12-24,12.410785675048828,12.45052449887748,12.4028380835276,12.423274871185404,1131200,12.486548662185669,12.859473365060826,12.113623959310512,1,0
2015-12-28,12.408512115478516,12.408512115478516,12.29043302450656,12.38012774359744,1842400,12.475725030899047,12.84449224875718,12.106957813040914,1,0
2015-12-29,12.562926292419434,12.59812264511476,12.466419577265391,12.482314760174413,1975200,12.471716976165771,12.8348199688612,12.108613983470342,0,-1
2015-12-30,12.466416358947754,12.565193417778968,12.46187475554299,12.565193417778968,1965600,12.457227611541748,12.79608318871844,12.118372034365057,0,0
2015-12-31,12.294974327087402,12.474363760879374,12.291568341140586,12.474363760879374,2280000,12.437559556961059,12.765978245005805,12.109140868916313,0,0
2016-01-04,12.104232788085938,12.104232788085938,11.9146253734263,12.070171192036568,4084800,12.417177677154541,12.773988660336839,12.060366693972243,0,0
2016-01-05,12.046327590942385,12.16554230267538,12.00658964243882,12.1439699022496,3218400,12.380269956588744,12.730111095122789,12.0304288180547,0,0
2016-01-06,11.882834434509276,11.963445950601706,11.804493287139282,11.871479992230132,5246400,12.339316368103027,12.719419618731242,11.959213117474812,1,1
2016-01-07,11.500215530395508,11.76702852974607,11.494538307893832,11.63986619522235,5977600,12.280306386947633,12.778400892561043,11.782211881334222,1,0
2016-01-08,11.401436805725098,11.63759503979183,11.383271254147452,11.603533439527835,3668800,12.225859308242798,12.843837057620512,11.607881558865085,1,0
2016-01-11,11.457069396972656,11.510431293676032,11.307199067280406,11.470693342419318,3653600,12.172723388671875,12.859404967117845,11.486041810225904,1,0
2016-01-12,11.587636947631836,11.629646134380618,11.43549711374914,11.579689357298,3552800,12.13918080329895,12.869951124642167,11.408410481955734,1,0
2016-01-13,11.262917518615724,11.677329488308068,11.234533148996004,11.646674750256548,4821600,12.086291551589966,12.904712965336847,11.267870137843085,1,0
2016-01-14,11.479775428771973,11.560386940938706,11.153922527853808,11.293574018596532,4549600,12.04130415916443,12.888708160233303,11.193900158095555,1,0
2016-01-15,11.13802719116211,11.234533880912004,10.977939786512948,11.117590409055593,5220800,11.970971775054931,12.871422998061364,11.070520552048498,1,0
2016-01-19,11.108508110046388,11.273137997752585,11.002919071126945,11.254971582741277,5468000,11.908721733093262,12.865180781289304,10.95226268489722,1,0
2016-01-20,11.049468994140623,11.155058899286583,10.707720891172388,10.924577922711148,6693600,11.8557363986969,12.87711332470381,10.83435947268999,1,0
2016-01-21,11.077851295471191,11.247021889065897,10.956366233028469,11.099423692706596,4530400,11.798231744766236,12.858088799024149,10.738374690508323,1,0
2016-01-22,11.387811660766602,11.390082029641569,11.281086132973035,11.290169340917677,3721600,11.752209424972534,12.799342807638135,10.705076042306933,1,0
2016-01-25,11.21977424621582,11.396892445832515,11.210691039511818,11.36964369194278,14952800,11.692375135421752,12.717372413958039,10.667377856885466,1,0
2016-01-26,11.335583686828612,11.369645283625909,11.192527059213708,11.269732594561509,2981600,11.638615036010743,12.619072130798912,10.658157941222573,1,0
2016-01-27,11.063093185424805,11.292438531653907,11.024489988798742,11.250429348959546,3368800,11.571344089508056,12.515214510303606,10.627473668712506,1,0
2016-01-28,11.185711860656738,11.234533010449471,11.061956426427605,11.198201052433172,3105600,11.502483367919922,12.342137800113234,10.66282893572661,1,0
2016-01-29,11.572875022888184,11.572875022888184,11.274271771311426,11.274271771311426,5857600,11.457806301116943,12.17348293136895,10.742129670864935,0,-1
2016-02-01,11.601262092590332,11.651218871107536,11.489994958499032,11.518379334252462,2975200,11.42312068939209,12.032486363290742,10.813755015493436,0,0
2016-02-02,11.366236686706545,11.558115296565918,11.331040346662636,11.558115296565918,3023200,11.38622088432312,11.909426925787024,10.863014842859215,0,0
2016-02-03,11.34012508392334,11.47296461603131,11.15619488999632,11.435497033482337,3451200,11.350910758972168,11.777565342626541,10.924256175317794,0,0
2016-02-04,11.367371559143066,11.445711822695309,11.24020928368964,11.311737576382242,3097600,11.325137615203857,11.675626910708804,10.974648319698911,0,0
2016-02-05,10.941605567932127,11.3106023208874,10.908679599875622,11.29584189638705,3602400,11.297207117080688,11.675375342003461,10.919038892157916,0,0
2016-02-08,10.744054794311523,10.776980777797313,10.553311733367211,10.757679608029868,12212000,11.26433801651001,11.708986673417849,10.81968935960217,1,1
2016-02-09,10.694097518920898,10.882569320542494,10.600996802553569,10.620297969870874,5438400,11.226189422607423,11.725686104516422,10.726692740698423,1,0
2016-02-10,10.74292278289795,10.958643424679968,10.729297965704491,10.813315506173998,3738400,11.183953714370727,11.696732400919851,10.671175027821603,1,0
2016-02-11,10.705450057983398,10.783791203435069,10.565798563859422,10.604401760974124,4978400,11.156080341339111,11.707787124913004,10.604373557765218,1,0
2016-02-12,10.86212921142578,10.875754019244823,10.73610255432155,10.814443683392325,15480000,11.125198030471802,11.670075317549603,10.580320743394001,1,0
2016-02-16,11.08807373046875,11.103968912697225,10.955234184384423,10.990431401795298,3775200,11.122700357437134,11.667777443497677,10.577623271376591,1,0
2016-02-17,11.360563278198242,11.373052473931107,11.151654669980273,11.170955839304709,3444000,11.135303115844726,11.690054575065638,10.580551656623815,0,-1
2016-02-18,11.289033889770508,11.41051898259803,11.275409077652716,11.402571392084916,3432800,11.14728136062622,11.704442377744403,10.590120343508037,0,0
2016-02-19,11.334446907043455,11.360560042522009,11.23112738381186,11.254970150814025,2452000,11.160111141204833,11.722082730772343,10.598139551637324,0,0
2016-02-22,11.489995956420898,11.507026756596584,11.436634052996718,11.482048365168575,2424000,11.165220355987548,11.737149498555521,10.593291213419576,0,0
2016-02-23,11.294710159301758,11.45706880857444,11.286762569458578,11.436632025231642,2686400,11.168967151641846,11.743253740944171,10.594680562339521,0,0
2016-02-24,11.403705596923828,11.42187114460808,11.107372683296072,11.170953399524397,2224800,11.172373247146606,11.751361065917692,10.59338542837552,0,0
2016-02-25,11.537681579589844,11.539951948553878,11.332178106336722,11.43436203416667,1993600,11.196102666854859,11.79382849197792,10.598376841731799,0,0
2016-02-26,11.526327133178713,11.630782296168618,11.502484361061509,11.602397919902078,2134400,11.213133430480957,11.827872415938504,10.598394445023409,0,0
2016-02-29,11.460478782653809,11.634191068402924,11.460478782653809,11.52632989303046,1915200,11.207513618469239,11.810946160747124,10.604081076191354,0,0
2016-03-01,11.807899475097656,11.807899475097656,11.542222152694684,11.555846097706729,2999200,11.217845487594605,11.854075718088886,10.581615257100324,0,0
2016-03-02,11.838555335998535,11.839690953597604,11.746590233589822,11.792005409105858,3316800,11.241461420059204,11.930816343677266,10.552106496441143,0,0
2016-03-03,11.843097686767578,11.85331651335854,11.7488622094425,11.843097686767578,2165600,11.266610050201416,12.003581373995416,10.529638726407416,0,0
2016-03-04,11.879426956176758,11.953226495991135,11.806763033774924,11.87034461554324,2956000,11.2922128200531,12.075528248543668,10.508897391562533,0,0
2016-03-07,11.814712524414062,11.870346525691618,11.71934143574812,11.831743323453672,2402400,11.335868167877198,12.133349203451262,10.538387132303134,0,0
2016-03-08,11.696630477905272,11.805627217900494,11.681870917762394,11.73863965615806,2134400,11.383496952056884,12.146964877258497,10.62002902685527,0,0
2016-03-09,11.806763648986816,11.8135764875948,11.72161052927678,11.74091256140669,7812000,11.43913025856018,12.154168465445688,10.724092051674672,0,0
2016-03-10,11.78065013885498,11.913488793516429,11.630780687544611,11.869209241962611,2203200,11.491016626358032,12.14439021975368,10.837643032962385,0,0
2016-03-11,11.986154556274414,11.98956054288227,11.87829427132096,11.89759543958043,1869600,11.555051851272584,12.13479693291287,10.975306769632297,0,0
2016-03-14,11.990697860717772,12.02135261075761,11.941876691230217,11.945282678321025,2032800,11.611480283737183,12.126550007047632,11.096410560426735,0,0
2016-03-15,12.016805648803713,12.0292948400507,11.928246559032097,11.961172529935778,2327200,11.65791687965393,12.142414801653757,11.173418957654103,0,0
2016-03-16,12.150785446166992,12.175763840060744,11.98615638273645,12.003187184593331,2306400,11.697427988052368,12.206735142514436,11.1881208335903,0,0
2016-03-17,12.217769622802734,12.248424364603732,12.1235332962456,12.1235332962456,2169600,11.74386477470398,12.264981088435167,11.222748460972792,0,0
2016-03-18,12.258642196655272,12.28362058154863,12.197331851795829,12.27907897827509,2760000,11.79007453918457,12.321577506120406,11.258571572248734,0,0
2016-03-21,12.292492866516112,12.305029318494672,12.22753164694543,12.23892818433501,5217600,11.830199384689331,12.38565486887821,11.274743900500452,0,0
2016-03-22,12.307310104370115,12.349478255418685,12.220695711757134,12.243488789918404,3734400,11.88082938194275,12.416043726008377,11.345615037877122,0,0
2016-03-23,12.21157455444336,12.297049876752345,12.188780613461,12.297049876752345,4644000,11.921222829818726,12.427460841181656,11.414984818455796,0,0
2016-03-24,12.22866916656494,12.232088040162228,12.13179644397574,12.160288216619646,3494400,11.955772209167481,12.446675618776196,11.464868799558767,0,0
2016-03-28,12.200178146362305,12.263999442780843,12.180803078949577,12.251462992484353,2606400,11.98946475982666,12.449364361321148,11.529565158332172,0,0
2016-03-29,12.407597541809082,12.421273036283996,12.168265954499256,12.179663359228222,2570400,12.036820697784425,12.462894724075532,11.610746671493317,0,0
2016-03-30,12.491931915283203,12.562591819073589,12.457741442916928,12.48281434005222,2327200,12.071022319793702,12.526877922925895,11.61516671666151,0,0
2016-03-31,12.482817649841309,12.5363823316511,12.46230353488224,12.48509747900346,1592800,12.10323543548584,12.579429188779045,11.627041682192633,0,0
2016-04-01,12.577409744262695,12.579688703776696,12.38480505907953,12.411017875740557,2105600,12.139951038360596,12.642745503382638,11.637156573338554,0,0
2016-04-04,12.511306762695312,12.583106584507204,12.491932566444431,12.571709180124447,3713600,12.171545028686523,12.684200866922689,11.658889190450358,0,0
2016-04-05,12.381385803222656,12.464582169667992,12.364290564144849,12.423553943681249,2935200,12.199878692626953,12.6927737781563,11.706983607097607,0,0
2016-04-06,12.517010688781738,12.519289648909472,12.343780156065788,12.397344848820058,1871200,12.240897703170777,12.694415195565407,11.787380210776147,0,0
2016-04-07,12.336939811706545,12.446348134334096,12.292492707810975,12.440650300462902,1734400,12.267406511306763,12.676084367563629,11.858728655049898,0,0
2016-04-08,12.340360641479492,12.454327770964158,12.300472320059898,12.407601700015546,1710400,12.295392036437988,12.63826656089933,11.952517511976646,0,0
2016-04-11,12.31528663635254,12.48281844088484,12.308448887432892,12.391645267122444,2105600,12.311848640441895,12.623991645259869,11.99970563562392,0,0
2016-04-12,12.372267723083496,12.385944087689316,12.221831190419252,12.328960539414982,1967200,12.33092713356018,12.60675285444948,12.055101412670881,0,0
2016-04-13,12.566015243530272,12.578551696638332,12.441790627141362,12.460025784207684,2852800,12.35838761329651,12.612124364610628,12.10465086198239,0,0
2016-04-14,12.547775268554688,12.581965740176017,12.501049218138672,12.55803275784101,1885600,12.378237104415893,12.625946883411618,12.130527325420168,0,0
2016-04-15,12.485098838806152,12.559176774143078,12.473701430754172,12.545501275680952,2588000,12.391603565216064,12.631977043447637,12.15123008698449,0,0
2016-04-18,12.548917770385742,12.551196729863838,12.43495066748114,12.43495066748114,2108800,12.406117343902588,12.647676066936594,12.164558620868583,0,0
2016-04-19,12.47141933441162,12.58082764209435,12.395061588867415,12.58082764209435,4379200,12.415063667297364,12.652342481112044,12.177784853482684,0,0
2016-04-20,12.502191543579102,12.563733886946862,12.440650069711385,12.473699766251436,3333600,12.424807739257812,12.659578979047078,12.190036499468546,0,0
2016-04-21,12.493074417114258,12.545499181300832,12.469141429300825,12.515867490412766,2495200,12.438882732391358,12.653739668386542,12.224025796396173,0,0
2016-04-22,12.30616855621338,12.371129772211033,12.230949848479243,12.31528526392356,2008000,12.442757701873779,12.644718349653262,12.240797054094296,0,0
2016-04-25,12.282233238220217,12.308446052207657,12.229808479745246,12.262859041077276,1908000,12.446860456466675,12.63153699911986,12.262183913813491,0,0
2016-04-26,12.260581016540527,12.335798851565324,12.212715042479294,12.299329413780578,2344000,12.439509630203247,12.640807860383426,12.238211400023069,0,0
2016-04-27,12.171686172485352,12.186501581911152,12.04404271224021,12.081652062513324,2787200,12.423497343063355,12.654347220304096,12.192647465822613,1,1
2016-04-28,12.00871467590332,12.244626558473309,11.97794306932895,12.186503088999531,2390400,12.399792194366455,12.690909150174823,12.108675238558087,1,0
2016-04-29,11.899306297302246,11.966546474417523,11.796735725050087,11.955149937389516,3236000,12.365887022018432,12.71793597733167,12.013838066705194,1,0
2016-05-02,11.968826293945312,11.988201364735009,11.858278920381109,11.90956377544182,2281600,12.338762998580933,12.723857377282153,11.953668619879712,1,0
2016-05-03,11.860557556152344,11.916401198726309,11.820669240028083,11.894748038258896,2705600,12.312721586227417,12.749708780795377,11.875734391659456,1,0
2016-05-04,11.808130264282228,11.857136147761484,11.775079703842737,11.806990349922271,1857600,12.277277565002441,12.755303052404507,11.799252077600375,1,0
2016-05-05,11.809267044067385,11.877647106016015,11.789891983090545,11.838897853562004,2041600,12.250893926620483,12.769371345524846,11.73241650771612,1,0
2016-05-06,11.88448715209961,11.886766980655729,11.757983621729748,11.785336347404192,1984800,12.228100252151489,12.768461755036329,11.687738749266648,1,0
2016-05-09,11.89588737487793,11.95287093345188,11.886770666326177,11.910703656587222,2210400,12.207130289077758,12.764610676573117,11.6496499015824,1,0
2016-05-10,12.052021026611328,12.058858774485724,11.916399897102613,11.930076262351385,1912000,12.19111795425415,12.747100422695862,11.635135485812437,1,0
2016-05-11,11.974525451660156,12.098750066550965,11.97338553698222,12.026950223343386,1935200,12.161543464660644,12.697165318593385,11.625921610727904,1,0
2016-05-12,11.91298007965088,12.018969510809493,11.8366223361011,12.018969510809493,2038400,12.129803705215455,12.64495695532405,11.61465045510686,1,0
2016-05-13,11.88448715209961,11.99503536057596,11.861694083537405,11.912978922552284,2046400,12.099773120880126,12.598335697665878,11.601210544094375,1,0
2016-05-16,12.038344383239746,12.086211225754589,11.898165338053325,11.898165338053325,3205600,12.074244451522826,12.52852003512858,11.619968867917073,1,0
2016-05-17,11.914121627807615,12.06227834716851,11.882210976545272,12.030367695906168,1943200,12.046379566192627,12.466901604542404,11.62585752784285,1,0
2016-05-18,11.98136043548584,12.061137924026417,11.900443902030348,11.901583816445196,5429600,12.020338010787963,12.385603284297583,11.655072737278344,1,0
2016-05-19,11.91639804840088,11.979080292524962,11.835481522940604,11.9403310317483,2304800,11.991504192352295,12.287406076213621,11.695602308490969,1,0
2016-05-20,12.067977905273438,12.105587262425413,11.964268281324165,11.966547241075755,2188800,11.979594659805297,12.24104731400391,11.718142005606683,0,-1
2016-05-23,12.06569480895996,12.136353840536035,12.063414980489885,12.071392641135562,1892800,11.968767738342285,12.194717349499124,11.742818127185446,0,0
2016-05-24,12.322125434875488,12.342639551434386,12.139777345685218,12.139777345685218,2791200,11.971844959259034,12.214654934550277,11.729034983967791,0,0
2016-05-25,12.407597541809082,12.445206021114997,12.3585916577742,12.40417779869045,2154400,11.98364052772522,12.280943240289744,11.686337815160694,0,0
2016-05-26,12.44178867340088,12.462302787129076,12.37910728720362,12.41785568563465,2715200,12.005294227600098,12.363578436184532,11.647010019015664,0,0
2016-05-27,12.514728546142578,12.517008375349189,12.431533039603016,12.433811999309546,2178400,12.036065340042114,12.453483721747208,11.61864695833702,0,0
2016-05-31,12.53524398803711,12.545501481552185,12.461165181984397,12.52384744929827,2568800,12.064386224746704,12.533386717286225,11.595385732207182,0,0
2016-06-01,12.528406143188477,12.553479049922892,12.472562495143745,12.493076612517344,2609600,12.09777865409851,12.598033505513468,11.597523802683552,0,0
2016-06-02,12.528406143188477,12.528406143188477,12.41899780702934,12.501054276523734,2580800,12.133792448043824,12.648938749471107,11.618646146616541,0,0
2016-06-03,12.485098838806152,12.51928845446162,12.41557882328983,12.497635292063205,2052800,12.167584037780761,12.681809780231763,11.65335829532976,0,0
2016-06-06,12.531822204589844,12.56829164178927,12.495352767390417,12.507889217943342,1832800,12.199950790405273,12.720280307723934,11.679621273086612,0,0
2016-06-07,12.556893348693848,12.60248035618944,12.550055601894456,12.558033262993696,1531200,12.233001089096069,12.755843516094826,11.710158662097312,0,0
2016-06-08,12.597923278808594,12.61045972930935,12.543218688487114,12.57626925167093,1583200,12.260296201705932,12.799246102054683,11.721346301357181,0,0
2016-06-09,12.587666511535645,12.596784088696833,12.532962787568543,12.539800535689428,1993600,12.290953254699707,12.831146604462667,11.750759904936746,0,0
2016-06-10,12.436091423034668,12.49307497834082,12.40076102748482,12.471420949084466,1578400,12.317108821868896,12.83161117727904,11.802606466458752,0,0
2016-06-13,12.32326602935791,12.43381428974038,12.31642827947866,12.368853057386795,1771200,12.339047765731811,12.813771564483593,11.86432396698003,0,0
2016-06-14,12.33579921722412,12.371129611078477,12.253742762401124,12.293631944801197,2241600,12.353920507431031,12.808228219322169,11.899612795539893,0,0
2016-06-15,12.31414794921875,12.393924587267772,12.306170285413849,12.371131510539522,2036000,12.373921823501586,12.781876535300935,11.965967111702238,0,0
2016-06-16,12.336939811706545,12.349476263523249,12.171687847940982,12.256023266935124,2222400,12.391700792312623,12.75860040408465,12.024801180540596,0,0
2016-06-17,12.224111557006836,12.336938744093285,12.18878116426261,12.336938744093285,1708000,12.40708646774292,12.713848818380587,12.100324117105252,0,0
2016-06-20,12.31414794921875,12.42013740805539,12.302750541354484,12.343778775065449,1579200,12.419394969940186,12.688143426829624,12.150646513050747,0,0
2016-06-21,12.377032279968262,12.401043046224906,12.332440732302242,12.340444321054456,1912800,12.434961843490601,12.650819624440834,12.219104062540369,0,0
2016-06-22,12.322149276733398,12.423910431856283,12.309572957043658,12.382748871137682,9171200,12.434963035583497,12.65081832417498,12.219107746992014,0,0
2016-06-23,12.513094902038574,12.513094902038574,12.363312200341026,12.40676100384792,2180800,12.440237903594971,12.658305215093062,12.22217059209688,0,0
2016-06-24,11.96998691558838,12.214668968278136,11.945976157781493,12.04087557035383,5963200,12.416647815704346,12.71590372746566,12.117391903943032,1,1
2016-06-27,11.655560493469238,11.871658214590338,11.600678131002908,11.871658214590338,5035200,12.373689413070679,12.816520328628183,11.930858497513174,1,0
2016-06-28,11.894524574279783,11.894524574279783,11.766467190825203,11.7847607288935,3574400,12.341653442382812,12.824036918996626,11.859269965768998,1,0
2016-06-29,12.092330932617188,12.117485315300492,11.976849844991856,11.988283417395452,2067200,12.319849681854247,12.805904443317202,11.833794920391293,1,0
2016-06-30,12.244400024414062,12.244400024414062,12.091188223560003,12.117486227160333,3306400,12.305649375915527,12.783019260841792,11.828279490989262,1,0
2016-07-01,12.252400398254396,12.30956911783044,12.21695519893595,12.23067600567136,3220000,12.29401445388794,12.764617460859006,11.823411446916873,1,0
2016-07-05,12.152929306030272,12.196377228859292,12.096904192217078,12.18494365678067,2516000,12.27506980895996,12.736266177565403,11.813873440354518,1,0
2016-07-06,12.219245910644531,12.226105879800084,12.05345605333801,12.09919121646828,2083200,12.258187437057495,12.701245438345854,11.815129435769137,1,0
2016-07-07,12.258123397827148,12.30728855823159,12.212388222886242,12.235256246519649,2324800,12.241197443008422,12.656000607534232,11.826394278482613,0,-1
2016-07-08,12.479935646057127,12.483365630755722,12.331296578729503,12.345017389849591,2088800,12.235810899734497,12.63498082437389,11.836640975095104,0,0
2016-07-11,12.556541442871094,12.589699415229578,12.52109710484079,12.52109710484079,1963200,12.241833400726318,12.656251915420453,11.827414886032182,0,0
2016-07-12,12.681170463562012,12.7143275654763,12.62285810387602,12.640008900527873,2288800,12.259728622436523,12.715512459179457,11.803944785693588,0,0
2016-07-13,12.67202091217041,12.726902404515773,12.667447309087365,12.710895229887909,10911200,12.276539707183838,12.765874045761377,11.7872053686063,0,0
2016-07-14,12.7634916305542,12.787502394892089,12.724617308957338,12.748628073295226,2484000,12.29900689125061,12.832458441658499,11.76555534084272,0,0
2016-07-15,12.74176788330078,12.798936618064586,12.714326262539675,12.797792999118125,1996800,12.319248294830322,12.886567761165171,11.751928828495473,0,0
2016-07-18,12.83094882965088,12.85152960562583,12.74748210699538,12.765776517784456,2357600,12.349590158462524,12.95681841029057,11.742361906634478,0,0
2016-07-19,12.811514854431152,12.842385589898193,12.788646835265071,12.811514854431152,2008000,12.374458503723144,13.013736273041037,11.735180734405251,0,0
2016-07-20,12.985307693481444,13.015035682818308,12.900698201719653,12.902984567518292,2119200,12.404872274398803,13.09740537701416,11.712339171783446,0,0
2016-07-21,12.908699035644531,13.012745667630217,12.881258290288224,13.000168477607415,1824000,12.43419976234436,13.15915586737568,11.709243657313039,0,0
2016-07-22,12.9818754196167,12.9841617850122,12.859534371305712,12.917846720635428,2045600,12.457638788223267,13.220599232142765,11.69467834430377,0,0
2016-07-25,12.978442192077637,13.00245294819538,12.945284232012549,12.980728556901784,11788000,12.50806155204773,13.268735717413847,11.747387386681613,0,0
2016-07-26,13.037899017333984,13.06419701411948,12.962436755486276,12.994451101259576,2994400,12.577178478240967,13.262970374415403,11.89138658206653,0,0
2016-07-27,13.137373924255373,13.183109081313312,13.079061577198354,13.16938827249826,2643200,12.639320945739746,13.290799492446805,11.987842399032687,0,0
2016-07-28,13.169390678405762,13.195688682024253,13.108791954971611,13.165960693656768,5076800,12.693173933029176,13.332844855665272,12.05350301039308,0,0
2016-07-29,13.171675682067873,13.212837239450792,13.13851858470584,13.205977270662183,3302400,12.739537715911865,13.376792506689632,12.102282925134098,0,0
2016-08-01,13.229990005493164,13.254000772157395,13.16824766021695,13.192258426881184,3925600,12.788417196273803,13.41864333853355,12.158191054014056,0,0
2016-08-02,13.1065034866333,13.22655817553306,13.043618403377994,13.21398098441687,2784800,12.836095905303955,13.40842339818034,12.26376841242757,0,0
2016-08-03,13.15681266784668,13.159099033428571,13.084780375620552,13.089353979110005,1892000,12.882974243164062,13.396042961790492,12.369905524537632,0,0
2016-08-04,13.232277870178224,13.245997810449824,13.160244694449082,13.165961917779454,1828000,12.931681966781616,13.3789678145997,12.48439611896353,0,0
2016-08-05,13.387775421142578,13.398066248187686,13.267721587788085,13.286015131397727,1724800,12.97707395553589,13.415950019192392,12.538197891879387,0,0
2016-08-08,13.390060424804688,13.420931156136866,13.36033244003345,13.404923981027498,1545600,13.018749904632568,13.448175924147423,12.589323885117713,0,0
2016-08-09,13.41292953491211,13.452948350877897,13.392348753564985,13.403783199455637,2788800,13.055337858200073,13.488160608561115,12.62251510783903,0,0
2016-08-10,13.376338958740234,13.422074116376532,13.350041831919128,13.422074116376532,5466400,13.090553760528564,13.5072033245626,12.67390419649453,0,0
2016-08-11,13.426650047302246,13.450660812951066,13.39692205883554,13.406069266413873,2104800,13.123711681365966,13.536503740127573,12.71091962260436,0,0
2016-08-12,13.416358947753906,13.430079758842265,13.382058228521576,13.40606899368192,2082400,13.157441234588623,13.549613166606985,12.76526930257026,0,0
2016-08-15,13.492963790893556,13.524978139865311,13.41407066498059,13.44036866439344,1663200,13.190541982650757,13.57862935069485,12.802454614606663,0,0
2016-08-16,13.423219680786133,13.468954845051345,13.420932442793736,13.462094003399857,2668000,13.221127223968505,13.580244818561367,12.862009629375644,0,0
2016-08-17,13.406067848205566,13.424362261426886,13.33174832106382,13.424362261426886,2596800,13.242165231704712,13.59275543746485,12.891575025944574,0,0
2016-08-18,13.4277925491333,13.436938883624924,13.380913768438994,13.393490959731338,1434400,13.26811990737915,13.591957013081458,12.944282801676842,0,0
2016-08-19,13.457521438598633,13.47124225063509,13.382059153212545,13.407213539116496,1441600,13.291902208328247,13.597508959442633,12.986295457213862,0,0
2016-08-22,13.451801300048828,13.474668441344855,13.403779779931856,13.4449404597996,1495200,13.315570163726807,13.592367752995102,13.038772574458513,0,0
2016-08-23,13.514688491821287,13.545560096964971,13.49982493488308,13.49982493488308,2255200,13.339409637451173,13.597969092903345,13.080850181999,0,0
2016-08-24,13.440372467041016,13.514691138612694,13.409500855851268,13.513548391772948,1556000,13.354559564590454,13.599120239157871,13.109998890023038,0,0
2016-08-25,13.467808723449709,13.48838949992842,13.403780028771726,13.41635634609015,1676800,13.369480466842651,13.60320458062443,13.135756353060872,0,0
2016-08-26,13.480385780334473,13.569568853422082,13.409496245978035,13.468952209586798,2000000,13.384915971755982,13.60470813096905,13.165123812542914,0,0
2016-08-29,13.516976356506348,13.556994298061568,13.476958414951127,13.486104749931105,1525600,13.39926528930664,13.614143300360471,13.18438727825281,0,0
2016-08-30,13.4918212890625,13.543272800980358,13.447229746113516,13.497538511420332,1680000,13.4185311794281,13.58958464926432,13.24747770959188,0,0
2016-08-31,13.479248046875,13.483821651636104,13.42322291512181,13.47353082284214,1501600,13.434652948379517,13.558174750277605,13.31113114648143,0,0
2016-09-01,13.52955436706543,13.531840732867334,13.412929647675986,13.457521195582022,2492800,13.449516773223877,13.538870137942036,13.360163408505718,0,0
2016-09-02,13.586722373962402,13.624453950099326,13.532983621099335,13.57071519723626,2242400,13.459464120864869,13.562376225835713,13.356552015894025,0,0
2016-09-06,13.64503288269043,13.64503288269043,13.575287830413044,13.61301853152687,3162400,13.472212743759155,13.598167379539092,13.346258107979217,0,0
2016-09-07,13.67705249786377,13.685056088224602,13.61073653640206,13.646180883382042,10180800,13.485418891906738,13.636600656947888,13.334237126865588,0,0
2016-09-08,13.561570167541504,13.640463317164244,13.530698555808325,13.632459727515984,5200800,13.494680452346802,13.640601448320838,13.348759456372767,0,0
2016-09-09,13.242566108703612,13.491821835126952,13.242566108703612,13.466667451455452,4719200,13.48547625541687,13.666420361022935,13.304532149810806,1,1
2016-09-12,13.452946662902832,13.47009658493547,13.148808584748004,13.15909853796759,3336800,13.487305641174316,13.66614517030222,13.308466112046412,1,0
2016-09-13,13.358047485351562,13.452947799469422,13.29973512853718,13.404925396743966,7467200,13.480559825897217,13.668007643492865,13.293112008301568,1,0
2016-09-14,13.425504684448242,13.49639422548393,13.368335952997866,13.368335952997866,4340800,13.480674076080323,13.667984693453379,13.293363458707267,1,0
2016-09-15,13.647320747375488,13.6656142893125,13.432366613742929,13.446086552114265,2824000,13.492736721038819,13.69007967766587,13.295393764411767,0,-1
2016-09-16,13.597010612487791,13.651892977428496,13.537555516767162,13.651892977428496,1879200,13.501197624206544,13.70117000928842,13.301225239124667,0,0
2016-09-19,13.582145690917969,13.722780264887897,13.554704947369656,13.641600780660232,1714400,13.507428836822509,13.70932643169596,13.305531241949058,0,0
2016-09-20,13.579049110412598,13.665094115315366,13.565281594521934,13.63411742338514,2360000,13.513791227340699,13.716294874003125,13.311287580678272,0,0
2016-09-21,13.732782363891602,13.745402367904688,13.583638214647474,13.638706527345445,2707200,13.524695920944215,13.748578345672229,13.3008134962162,0,0
2016-09-22,13.826858520507812,13.840626036648526,13.794735191474553,13.808502707615265,7397600,13.544020223617554,13.799887344886038,13.28815310234907,0,0
2016-09-23,13.702956199645996,13.802767860237468,13.677716187677287,13.802767860237468,11072800,13.555777597427369,13.81808568105092,13.293469513803817,0,0
2016-09-26,13.61575984954834,13.662797324323856,13.582489013587638,13.631821511695584,3640000,13.562546300888062,13.823707282363264,13.30138531941286,0,0
2016-09-27,13.77064609527588,13.771793607394743,13.61117604726985,13.62723771575281,2636800,13.575229787826538,13.850561144195687,13.29989843145739,0,0
2016-09-28,13.814239501953123,13.821122822430985,13.728194494799578,13.782115297367938,1854400,13.59135069847107,13.88255776211513,13.300143634827009,0,0
2016-09-29,13.732782363891602,13.83030073586455,13.686892395074976,13.803913216029448,2257600,13.6040274143219,13.896680689914186,13.311374138729613,0,0
2016-09-30,13.809648513793944,13.850950181819766,13.737370157101282,13.7649051859818,3331200,13.618032121658326,13.921690108150797,13.314374135165854,0,0
2016-10-03,13.769497871398926,13.815388725533223,13.73622789932918,13.78785456317074,3120000,13.627170896530151,13.9374391974324,13.316902595627901,0,0
2016-10-04,13.74081325531006,13.844067436183511,13.692628262667466,13.805060787461905,2856000,13.631959915161133,13.946115588003229,13.317804242319037,0,0
2016-10-05,13.811944007873535,13.857834851851548,13.762611503773805,13.771789847628416,8971200,13.63870449066162,13.962099011498143,13.315309969825098,0,0
2016-10-06,13.832592010498049,13.846359523459894,13.747694535470488,13.815382838119454,2516800,13.652255582809449,13.984186330138634,13.320324835480264,0,0
2016-10-07,13.787854194641112,13.861279209175349,13.72360752574746,13.844070029923058,2225600,13.679519987106323,13.957572021307412,13.401467952905234,0,0
2016-10-10,13.876191139221191,13.92208198476996,13.78785198365825,13.78785198365825,2013600,13.700682210922242,13.970849546147532,13.430514875696952,0,0
2016-10-11,13.692630767822266,13.90143331610366,13.631825759987413,13.883077500198429,2281600,13.717411375045776,13.937420882584568,13.497401867506984,0,0
2016-10-12,13.69721794128418,13.738519615161298,13.618056253803855,13.702954625270758,1602400,13.730997037887573,13.906227041649347,13.555767034125799,0,0
2016-10-13,13.608879089355469,13.647885740392748,13.480384892718636,13.60543655370944,1905600,13.729074954986572,13.908721805667579,13.549428104305566,0,0
2016-10-14,13.659356117248535,13.754579456916124,13.642147818159788,13.663945288770524,3529600,13.732192230224609,13.904581517870756,13.559802942578461,0,0
2016-10-17,13.62379264831543,13.68230349761397,13.614614304249958,13.65476846541756,2007200,13.734274578094482,13.900250548899228,13.568298607289735,0,0
2016-10-18,13.7098388671875,13.766054697794582,13.68804051692765,13.724753021141789,3046400,13.740814065933227,13.891404221354819,13.590223910511636,0,0
2016-10-19,13.723607063293455,13.744257902641277,13.690336217938905,13.697219539289785,1781600,13.740355300903321,13.89109636229311,13.589614239513532,0,0
2016-10-20,13.689187049865724,13.717868719084793,13.619203706947587,13.715574570677104,5438400,13.733471727371215,13.880306361681702,13.586637093060729,0,0
2016-10-21,13.759172439575195,13.76490912439042,13.660507412760746,13.714429098961109,3087200,13.736282539367675,13.882824932591836,13.589740146143514,0,0
2016-10-24,13.91749668121338,13.927822540097203,13.836040823487885,13.836040823487885,1892800,13.751369380950928,13.90701895899323,13.595719802908626,0,0
2016-10-25,13.865866661071776,13.930113321991632,13.83374333061185,13.930113321991632,2868000,13.756130409240722,13.91948195857902,13.592778859902424,0,0
2016-10-26,13.795883178710938,13.86816067152643,13.748844820080546,13.7694956573557,3596800,13.755212593078614,13.917450327068373,13.592974859088855,0,0
2016-10-27,13.727051734924316,13.855545096566024,13.714431726149453,13.852103435135676,2659200,13.754926061630249,13.917341386274103,13.592510736986394,0,0
2016-10-28,13.733932495117188,13.873899202470296,13.698367499912624,13.766055829533595,3728800,13.751140260696411,13.911797178185678,13.590483343207145,0,0
2016-10-31,13.735078811645508,13.783263809076104,13.731637151156914,13.767202143265903,4361600,13.74941930770874,13.90999013966583,13.58884847575165,0,0
2016-11-01,13.62379264831543,13.771790164014645,13.517096805615768,13.748844303850966,2857600,13.743568277359008,13.913237521870988,13.573899032847029,0,0
2016-11-02,13.518243789672852,13.654767932312565,13.48497295020577,13.614613772712648,2848800,13.728883266448975,13.921611653556543,13.536154879341407,1,1
2016-11-03,13.414992332458496,13.52054068061608,13.392047343831267,13.482680661615468,2418400,13.708003282546997,13.93812225016144,13.477884314932554,1,0
2016-11-04,13.3771333694458,13.494155096449878,13.347304181639528,13.405815045141566,8287200,13.687467241287232,13.955585814944701,13.419348667629762,1,0
2016-11-07,13.684593200683594,13.691476518849187,13.572161585936565,13.577897392642964,2650400,13.677887344360352,13.931656495226251,13.424118193494452,0,-1
2016-11-08,13.752284049987791,13.811941523722966,13.634114863526872,13.68115321085038,2680000,13.680870008468627,13.936656437047306,13.425083579889948,0,0
2016-11-09,13.732782363891602,13.763759055667377,13.465469881884072,13.471205690338628,4896000,13.682648229599,13.939357357428777,13.425939101769222,0,0
2016-11-10,13.543484687805176,13.84177387554147,13.35992130277199,13.806208010161368,5016000,13.679378509521484,13.941374183333192,13.417382835709777,0,0
2016-11-11,13.62608814239502,13.638708147907623,13.481533147915425,13.526276485534607,15759200,13.67771511077881,13.94061900752013,13.414811214037488,0,0
2016-11-14,13.436787605285645,13.637559273299768,13.365656756368724,13.6364117615428,3823200,13.668364858627319,13.950847488623564,13.385882228631074,0,0
2016-11-15,13.616910934448242,13.666243445501603,13.519392549013684,13.52283508491569,5705600,13.663718461990356,13.946376493590805,13.381060430389908,0,0
2016-11-16,13.735078811645508,13.739667984062011,13.566430445343276,13.569872105831871,4983200,13.664292049407958,13.94747993369242,13.381104165123496,0,0
2016-11-17,13.844069480895996,13.844069480895996,13.705250290944512,13.743110308739055,3223200,13.672036170959473,13.96579717057654,13.378275171342406,0,0
2016-11-18,13.811944007873535,13.888810668242057,13.79358819545936,13.857834851851548,2699200,13.67467474937439,13.972439709059293,13.376909789689487,0,0
2016-11-21,13.947322845458984,13.956501190188346,13.834890310762118,13.85668866067057,2871200,13.67616605758667,13.979035623503622,13.373296491669718,0,0
2016-11-22,13.96567726135254,13.993211415763028,13.932406423596326,13.993211415763028,3548800,13.681156587600707,13.999270460338296,13.363042714863118,0,0
2016-11-23,13.916345596313477,13.967972248345404,13.860128897093333,13.945027264174556,2254400,13.687179708480835,14.018059837696635,13.356299579265036,0,0
2016-11-25,13.953058242797852,13.96108907487155,13.90487237506062,13.915198230752544,1176800,13.698480033874512,14.048895778094748,13.348064289654276,0,0
2016-11-28,13.943883895874023,14.01616140525536,13.927822227122617,13.947325556992856,2569600,13.708977603912354,14.075233844249421,13.342721363575286,0,0
2016-11-29,13.961091995239258,14.02648617731704,13.904875283668972,13.942735303633802,1882400,13.720278263092041,14.10265097740108,13.337905548783002,0,0
2016-11-30,13.807357788085938,13.984037006235145,13.806210276035,13.982889494184208,4689600,13.729456520080566,14.110936014949607,13.347977025211526,0,0
2016-12-01,13.4723539352417,13.82456480437454,13.437935581461318,13.808503139355722,5433600,13.72716202735901,14.114206896265769,13.34011715845225,0,0
2016-12-02,13.522835731506348,13.554959065766331,13.410403186301185,13.460883211735569,3889600,13.732554197311401,14.104773610980793,13.36033478364201,0,0
2016-12-05,13.674273490905762,13.715575166398724,13.552662612934212,13.599700972638184,3611200,13.747411203384399,14.083683272647168,13.41113913412163,0,0
2016-12-06,13.71786880493164,13.744256325908156,13.6455913131535,13.712132120933894,3047200,13.749074983596802,14.084415351397174,13.41373461579643,0,0
2016-12-07,13.959940910339355,13.978296721951669,13.704100057162377,13.722456744069696,3448800,13.75945782661438,14.107182972024882,13.411732681203878,0,0
2016-12-08,14.039105415344238,14.083848754563844,13.956502058232603,13.974857873537864,3229600,13.774773979187012,14.142840110943833,13.40670784743019,0,0
2016-12-09,14.11367893218994,14.12056312972402,14.054021430431511,14.07926144570076,3878400,13.80328369140625,14.183407130246229,13.423160252566271,0,0
2016-12-12,14.044842720031738,14.084996890876424,13.98518521981896,14.06205190047811,3736000,13.824221420288087,14.209099030882456,13.439343809693717,0,0
2016-12-13,14.20545768737793,14.283471865914407,14.084994321523256,14.084994321523256,4452000,13.8626549243927,14.238513227817325,13.486796620968075,0,0
2016-12-14,14.16320514678955,14.271426962587087,14.139028100819912,14.21386231645934,4297600,13.889969635009766,14.269802698481936,13.510136571537597,0,0
2016-12-15,14.22537326812744,14.302510551726645,14.16550643021912,14.185078196615429,3705600,13.914484357833862,14.313946690920844,13.51502202474688,0,0
2016-12-16,14.125214576721191,14.259915651477597,14.099885989324216,14.25646191289926,3347200,13.928541612625121,14.336793402526713,13.52028982272353,0,0
2016-12-19,14.208107948303224,14.263369522804686,14.122911630199228,14.165509789251225,3508800,13.948349809646606,14.370265123664735,13.526434495628477,0,0
2016-12-20,14.25645923614502,14.27948474125531,14.213861085487595,14.248400221519748,3043200,13.963806629180908,14.406574008208425,13.521039250153391,0,0
2016-12-21,14.215018272399902,14.261070179285309,14.193143418996746,14.261070179285309,2960000,13.976273679733277,14.432389893672013,13.52015746579454,0,0
2016-12-22,14.160902976989746,14.238039392153937,14.118304822554236,14.238039392153937,2916800,13.98850154876709,14.45060893665218,13.526394160881999,0,0
2016-12-23,14.180476188659668,14.18162772764449,14.130970552714963,14.141332646844589,1778400,13.99987244606018,14.469069265744363,13.530675626375999,0,0
2016-12-27,14.25185203552246,14.31632414382124,14.190833664687316,14.200043338468143,2497600,14.015270853042603,14.496175220876884,13.534366485208322,0,0
2016-12-28,14.109095573425291,14.285243255732626,14.103338757279676,14.280637978489496,2376800,14.022671031951905,14.504566774115013,13.540775289788797,0,0
2016-12-29,14.117152214050291,14.156295746481469,14.065343512556082,14.098731108176793,2029600,14.038160753250121,14.51121166024499,13.565109846255252,0,0
2016-12-30,13.988208770751951,14.144784675821482,13.953669632316965,14.136725660635555,3452000,14.063953495025634,14.460926627045431,13.666980363005838,0,0
2017-01-03,14.09873390197754,14.173568122276077,14.01469000528394,14.079162131883615,3480000,14.092748403549194,14.402508518897195,13.782988288201194,0,0
2017-01-04,14.183927536010742,14.204650842409407,14.116001679594788,14.116001679594788,3580800,14.118231105804444,14.363164429262861,13.873297782346027,0,0
2017-01-05,14.194289207458496,14.247248571491957,14.145935120084472,14.165506887112048,4635200,14.142052125930785,14.305824961023646,13.978279290837925,0,0
2017-01-06,14.324386596679688,14.35547199804928,14.172415963225037,14.202349825708062,3136000,14.160274410247803,14.3199916848528,14.000557135642806,0,0
2017-01-09,14.349716186523438,14.38886060610564,14.328992876948591,14.339354970919452,2568000,14.175804948806762,14.345469528345408,14.006140369268117,0,0
2017-01-10,14.34856128692627,14.406125924666531,14.31056929357636,14.350864364321213,2578400,14.187549066543578,14.370391606528987,14.00470652655817,0,0
2017-01-11,14.43606185913086,14.43606185913086,14.324386305309469,14.350866428960982,3677600,14.207110023498535,14.407558449856268,14.006661597140802,0,0
2017-01-12,14.392309188842772,14.446420082146506,14.240338599190393,14.392309188842772,2613600,14.216452598571777,14.432530447781737,14.000374749361818,0,0
2017-01-13,14.448725700378418,14.471751206721558,14.391161056153804,14.398068532383393,2994400,14.23072862625122,14.467577771477245,13.993879481025196,0,0
2017-01-17,14.36814022064209,14.41649432670182,14.328995793093464,14.411889048262742,2832800,14.237866973876953,14.482129838122574,13.993604109631331,0,0
2017-01-18,14.423395156860352,14.433757248163737,14.35892304516514,14.39691591599981,4045600,14.25277600288391,14.504015448602507,14.001536557165315,0,0
2017-01-19,14.381951332092283,14.472903580619032,14.364681762155111,14.410733655865302,2520000,14.261468172073364,14.517899936836091,14.005036407310637,0,0
2017-01-20,14.459086418151855,14.493625554847148,14.418791344251838,14.452178942159492,2749600,14.271599531173706,14.542066254781705,14.001132807565707,0,0
2017-01-23,14.46599578857422,14.480962280397804,14.373892003162076,14.445272480774827,20626400,14.284148406982421,14.565999510674375,14.002297303290467,0,0
2017-01-24,14.620267868041992,14.64674799045703,14.48556681344831,14.49247428957104,3411200,14.307116651535035,14.618383827509042,13.995849475561027,0,0
2017-01-25,14.77684497833252,14.782600037408343,14.714674178365048,14.726187809983776,3676800,14.336935091018677,14.70333934363811,13.970530838399245,0,0
2017-01-26,14.74000358581543,14.804475710320787,14.695103230768222,14.79756823365716,5856800,14.361342668533325,14.764968948661485,13.957716388405165,0,0
2017-01-27,14.781449317932127,14.805627241541524,14.750363918072486,14.784903056057251,2686400,14.394960355758666,14.820361082613116,13.969559628904216,0,0
2017-01-30,14.661713600158691,14.735396268927694,14.571912902494386,14.735396268927694,3616000,14.422188425064087,14.842659938172384,14.001716911955791,0,0
2017-01-31,14.59148406982422,14.61681265086682,14.51319612767739,14.600694622633648,4251200,14.4523521900177,14.828146571916154,14.076557808119247,0,0
2017-02-01,14.696252822875977,14.7469091089769,14.62141861492154,14.733094157479696,5345600,14.482228136062622,14.835129615051533,14.12932665707371,0,0
2017-02-02,14.70316219329834,14.73885287212092,14.60415092909834,14.667472392842578,3100800,14.508189868927001,14.845545956037245,14.170833781816757,0,0
2017-02-03,14.820594787597656,14.83786523720944,14.76993761284378,14.7814512459183,2831200,14.53950514793396,14.870713819772492,14.208296476095429,0,0
2017-02-06,14.841317176818848,14.841317176818848,14.76993582252996,14.806778038515649,3104000,14.565351676940917,14.905924597167092,14.224778756714743,0,0
2017-02-07,14.894277572631836,14.92881671535554,14.856284691309138,14.868948985083373,3644800,14.592579746246338,14.946646348716373,14.238513143776304,0,0
2017-02-08,14.919605255126951,14.948387579528417,14.84592257492855,14.894276669114973,2770400,14.621131944656373,14.98387480377619,14.258389085536555,0,0
2017-02-09,14.99213409423828,15.024370150190448,14.91960208997926,14.91960208997926,3020000,14.648935556411743,15.035159002390152,14.262712110433334,0,0
2017-02-10,15.027826309204102,15.054305554417,14.977169139764769,15.02897696969733,3051200,14.68071141242981,15.081547977783684,14.279874847075936,0,0
2017-02-13,15.110716819763184,15.136045399923542,15.078480764419684,15.078480764419684,3945600,14.713810968399049,15.141017107928002,14.286604828870095,0,0
2017-02-14,15.16482925415039,15.167132331689205,15.061213602438585,15.100357136931184,4742400,14.753645420074463,15.192899102057375,14.314391738091551,0,0
2017-02-15,15.231605529785156,15.24311740482925,15.151015377542247,15.176343962066245,3335200,14.794055938720703,15.252627506843758,14.335484370597648,0,0
2017-02-16,15.252325057983398,15.294924082071743,15.210878450893777,15.260384950041518,3728800,14.83757462501526,15.296648099131009,14.37850115089951,0,0
2017-02-17,15.297228813171388,15.297228813171388,15.210881842211087,15.233909106520732,2294400,14.879481744766235,15.345667713972048,14.413295775560421,0,0
2017-02-21,15.38818359375,15.392787993066678,15.328315862230314,15.3386770782432,4192000,14.925591135025025,15.401391977229515,14.449790292820534,0,0
2017-02-22,15.407755851745604,15.410058929843588,15.338677562677088,15.372066046529287,3135200,14.964965534210204,15.462998837851165,14.466932230569244,0,0
2017-02-23,15.372062683105469,15.431928646683325,15.300681331557286,15.431928646683325,2711200,14.994726419448853,15.514882241673075,14.47457059722463,0,0
2017-02-24,15.40314483642578,15.40314483642578,15.246568953100404,15.27189753398637,3644000,15.02788348197937,15.563186099646686,14.492580864312053,0,0
2017-02-27,15.406604766845703,15.410058505530644,15.351341434419007,15.390484977337554,4453600,15.059141254425048,15.60611538727654,14.512167121573556,0,0
2017-02-28,15.312196731567385,15.391636228770947,15.294928039450818,15.391636228770947,4611200,15.091665410995484,15.61718142958424,14.566149392406727,0,0
2017-03-01,15.52748680114746,15.550514064565448,15.387028926618797,15.393938159684325,3111200,15.138465547561646,15.643795001160532,14.63313609396276,0,0
2017-03-02,15.412357330322266,15.520579142877397,15.404299193607272,15.520579142877397,2685600,15.17427077293396,15.64979440323709,14.69874714263083,0,0
2017-03-03,15.438837051391602,15.439987711760178,15.36169888836236,15.410054731576729,2445600,15.211054515838622,15.647312412485185,14.77479661919206,0,0
2017-03-06,15.410056114196776,15.434232281239709,15.34443157589888,15.377820053650508,3236000,15.240527582168578,15.645835950186235,14.835219214150921,0,0
2017-03-07,15.422722816467283,15.47913505287216,15.382426856120528,15.391637411535038,4864000,15.269597864151,15.63791807692694,14.90127765137506,0,0
2017-03-08,15.441139221191406,15.488342649899389,15.419264375851927,15.43308108470151,2524800,15.29694094657898,15.629177948886825,14.964703944271134,0,0
2017-03-09,15.431928634643556,15.45150215907762,15.351338486248949,15.442291605442025,2770400,15.32255711555481,15.610523369875683,15.034590861233937,0,0
2017-03-10,15.51136875152588,15.536697335867355,15.445745969720086,15.51136875152588,2215200,15.34851884841919,15.604492693775954,15.092545003062424,0,0
2017-03-13,15.532096862792969,15.54245807989674,15.50216211551452,15.507918932816835,2224000,15.373732376098634,15.595432980800553,15.152031771396715,0,0
2017-03-14,15.489492416381836,15.507913522629147,15.422718980518749,15.507913522629147,2187200,15.392671155929566,15.583880699126654,15.201461612732478,0,0
2017-03-15,15.588504791259766,15.62074085115171,15.467620445031722,15.519428272948527,2779200,15.413854932785034,15.59289083953629,15.234819026033778,0,0
2017-03-16,15.631104469299316,15.671398667465803,15.596565330346913,15.658734375074374,3316000,15.433829879760742,15.616187674011174,15.25147208551031,0,0
2017-03-17,15.633407592773438,15.692124662782488,15.633407592773438,15.679460368930908,2272800,15.452884006500245,15.635036631464175,15.270731381536315,0,0
2017-03-20,15.654132843017578,15.69327638785612,15.61038314188397,15.650679104163231,3428800,15.470729207992553,15.658239967454271,15.283218448530835,0,0
2017-03-21,15.40199851989746,15.734722146209512,15.38818356523921,15.71399971422214,4324000,15.471419954299927,15.657807728048997,15.285032180550857,0,0
2017-03-22,15.51827335357666,15.525182585353887,15.39047979506296,15.392782872322035,3051200,15.476945829391479,15.66200442993458,15.291887228848378,0,0
2017-03-23,15.480283737182615,15.53554529960952,15.44574460189078,15.481434397556766,2786400,15.482356882095337,15.661051317152024,15.303662447038649,0,0
2017-03-24,15.49102020263672,15.590299482663957,15.433299731957836,15.542968273949915,3411200,15.486750650405884,15.661720880185381,15.311780420626388,0,0
2017-03-27,15.502556800842283,15.532572560481103,15.32016173936569,15.367491166932322,3182400,15.491548252105712,15.662685062081835,15.32041144212959,0,0
2017-03-28,15.60992431640625,15.651483125981144,15.462160051581964,15.504872636440693,4418400,15.506434631347656,15.663821338273737,15.349047924421575,0,0
2017-03-29,15.646865844726562,15.65725686912881,15.570676155207927,15.605307031584973,3664000,15.512403583526611,15.681174458751382,15.34363270830184,0,0
2017-03-30,15.663022994995115,15.690729449603625,15.630699678696176,15.659559908355131,2733600,15.524936866760253,15.699266056616262,15.350607676904245,0,0
2017-03-31,15.65725040435791,15.7011167501531,15.626080866999123,15.652631781755211,5124800,15.535857534408569,15.714553816723923,15.357161252093215,0,0
2017-04-03,15.611075401306152,15.69534854270528,15.52103162299336,15.663023463949887,5156000,15.545908498764039,15.717648476084669,15.374168521443409,0,0
2017-04-04,15.601842880249023,15.612233903942837,15.553357895137625,15.556820982539222,2788000,15.554864501953125,15.71846330506438,15.391265698841869,0,0
2017-04-05,15.545278549194336,15.72998300991784,15.521035174951914,15.63763166030063,3105600,15.560071468353271,15.715273944442599,15.404868992263944,0,0
2017-04-06,15.552204132080078,15.597226029825334,15.50602845902972,15.560284082193837,3000800,15.566085243225098,15.709860792124056,15.42230969432614,0,0
2017-04-07,15.5418119430542,15.58798760740882,15.493326967035244,15.545275029806362,2336800,15.567607402801514,15.7096679543616,15.425546851241428,0,0
2017-04-10,15.533730506896973,15.60761262806042,15.497944102167777,15.561436962891534,2972800,15.567689085006714,15.709669727160884,15.425708442852544,0,0
2017-04-11,15.479477882385254,15.525655323215394,15.33863977045952,15.508338122345622,3040800,15.567188358306884,15.71033443507596,15.424042281537808,0,0
2017-04-12,15.399819374084473,15.47601081072431,15.380194627341872,15.467930861589736,2018400,15.55775408744812,15.717898942941499,15.397609231954743,0,0
2017-04-13,15.342103958129885,15.487560705310282,15.3397964070399,15.385972089690876,2114400,15.543304061889648,15.725062422736919,15.361545701042377,1,1
2017-04-17,15.487558364868164,15.491021452469184,15.38250667699956,15.38250667699956,2530400,15.536011600494385,15.71439649070883,15.35762671027994,1,0
2017-04-18,15.484095573425291,15.511800274763356,15.419448921650948,15.44253675992905,2237600,15.527509737014771,15.698625404072468,15.356394069957075,1,0
2017-04-19,15.486400604248049,15.574136841513116,15.461003457828038,15.52565186057188,2258400,15.5317298412323,15.694200495287378,15.369259187177223,1,0
2017-04-20,15.643399238586426,15.671105694945478,15.51987836381588,15.551047907033722,2336800,15.537986135482788,15.70739081076411,15.368581460201465,0,-1
2017-04-21,15.631858825683594,15.664182149448168,15.601843052552894,15.65032979968879,2978400,15.545564889907837,15.717508767297574,15.3736210125181,0,0
2017-04-24,15.839655876159668,15.848889603420124,15.778470543005929,15.80271392116038,3378400,15.562996673583985,15.775251486722109,15.350741860445861,0,0
2017-04-25,15.937776565551758,15.967792338568367,15.85465894433334,15.889291580089184,7231200,15.584757661819458,15.850312441677826,15.31920288196109,0,0
2017-04-26,15.900840759277344,15.964331887248704,15.885832868634909,15.941244044214615,5814400,15.599303483963013,15.898515866957753,15.300091100968272,0,0
2017-04-27,15.998961448669434,16.001270760974567,15.936624108344263,15.958558171520082,3024800,15.616908264160156,15.963002469706282,15.270814058614029,0,0
2017-04-28,16.023204803466797,16.069380480574786,15.98510907718258,16.060144992855353,3768800,15.63491735458374,16.023599682007532,15.24623502715995,0,0
2017-05-01,16.166353225708008,16.18597974140093,16.05322156439244,16.07977249519835,3083200,15.660372495651245,16.112995030248875,15.207749961053615,0,0
2017-05-02,16.19867515563965,16.224070544392823,16.143262230662376,16.203292018643193,4432000,15.68975248336792,16.19855729285835,15.18094767387749,0,0
2017-05-03,16.169818878173828,16.185980544878323,16.097090497258822,16.16635402821113,5076800,15.71815128326416,16.26605957471327,15.170242991815048,0,0
2017-05-04,16.19289779663086,16.217139402581346,16.138640425137847,16.17904368888485,5067200,15.750532245635986,16.32941845457172,15.171646036700253,0,0
2017-05-05,16.267940521240234,16.267940521240234,16.17327984623578,16.2252279280117,2594400,15.786319065093995,16.399231712798155,15.173406417389836,0,0
2017-05-08,16.32219123840332,16.333736034737118,16.251772208339798,16.272552489442916,2988000,15.82533802986145,16.469579479901288,15.181096579821613,0,0
2017-05-09,16.35682487487793,16.3995374532682,16.324501556935772,16.348743164648035,4132800,15.866492748260498,16.53564210853713,15.197343387983867,0,0
2017-05-10,16.42032241821289,16.434174769427294,16.338358563386162,16.375300515276862,3572800,15.91353497505188,16.59931798835483,15.227751961748929,0,0
2017-05-11,16.398386001586914,16.404158400927752,16.29910672198699,16.382224340325948,4152000,15.963463306427002,16.63767569736194,15.289250915492067,0,0
2017-05-12,16.443405151367188,16.44571446301557,16.385684690578334,16.405309435867903,3113600,16.018528366088866,16.659843461708487,15.377213270469243,0,0
2017-05-15,16.554229736328125,16.554229736328125,16.45725977156541,16.46649525794599,3164800,16.071861934661865,16.705041638141573,15.438682231182156,0,0
2017-05-16,16.646587371826172,16.646587371826172,16.53230193990835,16.585403799196186,3664000,16.12998652458191,16.749962872219164,15.510010176944654,0,0
2017-05-17,16.16750144958496,16.5172873017025,16.1594197395448,16.498816331458134,20567200,16.164041566848756,16.709176957888115,15.618906175809395,0,0
2017-05-18,16.24600601196289,16.30257271721065,16.08092628260098,16.132874362956652,6358400,16.194171905517578,16.68475440886164,15.703589402173515,0,0
2017-05-19,16.33835792541504,16.397232177266584,16.319886950190934,16.32335003785931,3265600,16.22949686050415,16.649733108969706,15.809260612038594,0,0
2017-05-22,16.505741119384766,16.513822828746523,16.385683345851763,16.387992657310626,3655200,16.262801122665405,16.659069703945754,15.866532541385057,0,0
2017-05-23,16.51959800720215,16.569236762247407,16.473420577695002,16.561156813014172,3413600,16.291892194747923,16.673604602257114,15.910179787238732,0,0
2017-05-24,16.600400924682617,16.611943957200225,16.536908080626887,16.56807761525211,2850400,16.32687020301819,16.68640017402019,15.967340232016188,0,0
2017-05-25,16.73431968688965,16.770106096984833,16.635040406550274,16.67313436720781,3344000,16.3636381149292,16.73181262356501,15.995463606293388,0,0
2017-05-26,16.73431968688965,16.7400903247845,16.67659921602929,16.735473462170823,2774400,16.399193859100343,16.76634181658141,16.032045901619277,0,0
2017-05-30,16.775882720947266,16.788579536704493,16.715852922918607,16.725088411960662,2624000,16.429670333862305,16.815180785397725,16.044159882326884,0,0
2017-05-31,16.729705810546875,16.83591129569154,16.6662129222839,16.827831343452335,4096000,16.456221866607667,16.847541270241027,16.064902462974306,0,0
2017-06-01,16.811668395996094,16.811668395996094,16.690455029731766,16.781652617565506,2329600,16.48831434249878,16.885648308223786,16.09098037677377,0,0
2017-06-02,16.965200424194336,16.975589685489965,16.80820068360121,16.86707492576531,2533600,16.526929473876955,16.95112240958171,16.1027365381722,0,0
2017-06-05,16.98366928100586,17.035619109379265,16.945573562226812,16.96635384587394,2682400,16.562715911865233,17.01340889482804,16.112022928902427,0,0
2017-06-06,16.955963134765625,17.03908073926849,16.929410454515633,16.964043083306603,2756000,16.59440450668335,17.06180770380624,16.12700130956046,0,0
2017-06-07,16.992908477783203,17.02869489253002,16.90979084802128,17.002143965699997,3537600,16.626208686828612,17.110865257906063,16.14155211575116,0,0
2017-06-08,17.061025619506836,17.071416648850963,16.946740150131163,17.03563021858222,3068800,16.65824384689331,17.168265716850765,16.148221976935854,0,0
2017-06-09,16.587705612182617,17.115269685836733,16.342971432311536,17.0875649931652,14231200,16.667709827423096,17.16495604132834,16.17046361351785,0,0
2017-06-12,16.46187973022461,16.501129229407727,16.1628863390639,16.42378400637427,10732000,16.668633556365968,17.164275637292214,16.172991475439723,0,0
2017-06-13,16.605026245117188,16.662746721576706,16.468806766187512,16.58193840683121,4241600,16.67117338180542,17.164961596258596,16.177385167352245,0,0
2017-06-14,16.509212493896484,16.683529486037692,16.376456082925245,16.68122017341949,3848800,16.664304637908934,17.163066558695903,16.165542717121966,0,0
2017-06-15,16.431861877441406,16.451486624549705,16.22753269558444,16.321039568889972,4173600,16.677522659301758,17.13524291782427,16.219802400779244,0,0
2017-06-16,16.405311584472656,16.444561080192305,16.329120143495288,16.41570084601805,5252800,16.685487937927245,17.117729193331442,16.25324668252305,0,0
2017-06-19,16.66967010498047,16.677751815846023,16.525368938000067,16.543839910130885,3422400,16.702053546905518,17.104154301593432,16.299952792217603,0,0
2017-06-20,16.531137466430664,16.6835203085982,16.528828155082795,16.66158625451453,4712000,16.703323364257812,17.10308993946054,16.303556789055087,0,0
2017-06-21,16.643117904663086,16.647736528085336,16.553074124305134,16.57962504377255,2194400,16.70949935913086,17.10146196079916,16.31753675746256,0,0
2017-06-22,16.66851234436035,16.715843538570418,16.59116714873066,16.704298743376793,2057600,16.712904930114746,17.10219117807096,16.323618682158532,0,0
2017-06-23,16.778186798095703,16.83129040871985,16.621187039867046,16.650047276589305,3786400,16.715098285675047,17.105335605404004,16.32486096594609,0,0
2017-06-26,16.688140869140625,16.921332045291763,16.67313298428526,16.884390101490506,3438400,16.7127893447876,17.1030908806358,16.322487808939396,0,0
2017-06-27,16.407621383666992,16.64427390173243,16.407621383666992,16.633884639878513,4551200,16.694376277923585,17.10523935345602,16.28351320239115,0,0
2017-06-28,16.621337890625,16.6468060303313,16.358535730696637,16.466202525370953,4972800,16.68895788192749,17.100671759279287,16.277244004575692,0,0
2017-06-29,16.3272705078125,16.550710640427603,16.17908298388041,16.550710640427603,5286400,16.66473798751831,17.100987779414577,16.228488195622045,0,0
2017-06-30,16.305280685424805,16.42105234908139,16.2890727231743,16.38400633530969,3128800,16.631742000579834,17.07190710090967,16.19157690025,0,0
2017-07-03,16.173294067382812,16.405996141312052,16.152456024870443,16.390945266252253,3362400,16.59122323989868,17.04337650487501,16.139069974922354,0,0
2017-07-05,16.340009689331055,16.37242560818111,16.18371726402643,16.22655397335586,3208800,16.560425567626954,16.992470935586827,16.12838019966708,0,0
2017-07-06,16.192977905273438,16.278649550507623,16.142038103595542,16.22192081381452,3064800,16.520429039001463,16.932569275044493,16.108288802958434,0,0
2017-07-07,16.404836654663086,16.460406532396327,16.2450730353632,16.2450730353632,2451200,16.487619590759277,16.81894589801901,16.156293283499544,0,0
2017-07-10,16.524093627929688,16.5669303565709,16.378221927342107,16.407164851258873,3103200,16.484438991546632,16.813071439393156,16.15580654370011,0,0
2017-07-11,16.58775520324707,16.605120237153137,16.4615645794377,16.50903136082692,2880000,16.490732765197755,16.82220509178967,16.15926043860584,0,0
2017-07-12,16.814674377441406,16.827409329069237,16.69774388525811,16.717424852949282,4400000,16.501215171813964,16.858719596430735,16.143710747197193,0,0
2017-07-13,16.855194091796875,16.90960690859472,16.8088861384322,16.84130205909451,2991200,16.518514251708986,16.907949489824468,16.129079013593504,0,0
2017-07-14,16.992963790893555,17.01380360789632,16.88992708611095,16.92002708118683,2996800,16.546569347381592,16.98478184990349,16.108356844859692,0,0
2017-07-17,17.00338363647461,17.045061505955633,16.96054868631245,17.017277437325212,6020000,16.57647294998169,17.052076149508505,16.100869750454873,0,0
2017-07-18,17.08442497253418,17.08442497253418,16.914240488437358,16.981386497701823,2869600,16.597210693359376,17.120989365034355,16.073432021684397,0,0
2017-07-19,17.187463760375977,17.207144733270646,17.105265093311818,17.118000048306673,2722400,16.63002700805664,17.21212928190678,16.0479247342065,0,0
2017-07-20,17.20366668701172,17.2337666779427,17.112206100682677,17.2337666779427,2308800,16.658054447174074,17.291678254955247,16.0244306393929,0,0
2017-07-21,17.1666202545166,17.18282821498156,17.105261420861034,17.136520261234594,5376800,16.682959842681885,17.354304744682626,16.011614940681145,0,0
2017-07-24,17.234928131103516,17.251136094414658,17.137680351236668,17.171255125154,2801600,16.705796909332275,17.418354285735568,15.99323953292898,0,0
2017-07-25,17.21408462524414,17.246500541597904,17.122624044682848,17.17935278156941,2596000,16.732094097137452,17.47813751383599,15.986050680438915,0,0
2017-07-26,17.24534797668457,17.275447973598673,17.187462144248318,17.266186028424624,2644000,16.77398042678833,17.536340133074926,16.011620720501735,0,0
2017-07-27,17.08905601501465,17.340280323044258,16.87719365020764,17.340280323044258,4290400,16.797366333007812,17.568209569872813,16.02652309614281,0,0
2017-07-28,17.064741134643555,17.10294599254105,16.989490265973956,17.002225218606455,3172800,16.834239864349364,17.581809597887883,16.086670130810845,0,0
2017-07-31,16.97907257080078,17.130733167142917,16.952443816324923,17.10179025130555,7762400,16.867929458618164,17.57684150635946,16.159017410876867,0,0
2017-08-01,17.06937599182129,17.072849000737694,17.00222820854482,17.04506316287088,3818400,16.912733554840088,17.55002402164174,16.275443088038436,0,0
2017-08-02,17.092529296875,17.22682485811216,16.972127537289076,17.22682485811216,3678400,16.950359535217284,17.534601829154425,16.366117241280143,0,0
2017-08-03,17.045059204101562,17.111049891257867,17.005697267833845,17.108733963672957,2108000,16.992963600158692,17.46322613471665,16.522701065600735,0,0
2017-08-04,17.06937599182129,17.126102981812974,17.041590153954473,17.080952099364122,1963200,17.026190567016602,17.41183267573773,16.640548458295473,0,0
2017-08-07,17.17357063293457,17.179359570257105,17.087900720089394,17.096003819112422,1896800,17.058664417266847,17.372392869493414,16.74493596504028,0,0
2017-08-08,17.151569366455078,17.28933791360933,17.108734420932738,17.144623350049855,2433600,17.086855125427245,17.316249645800163,16.857460605054328,0,0
2017-08-09,17.135358810424805,17.145779599989353,17.0242190317057,17.035795135115855,2981600,17.102889347076417,17.295885488225355,16.909893205927478,0,0
2017-08-10,16.77068328857422,17.065901384568566,16.76026426280081,17.041588557895217,4036800,17.098663806915283,17.315407145690163,16.881920468140404,1,1
2017-08-11,16.90266227722168,16.94318306463737,16.777628673049772,16.781101681509938,3209600,17.09414873123169,17.32293892446693,16.865358537996453,1,0
2017-08-14,17.175880432128906,17.192088390926966,17.038111899077894,17.050846850028872,2333600,17.102773571014403,17.33022852210706,16.875318619921746,0,-1
2017-08-15,17.20945930480957,17.237245143606266,17.156205321952093,17.21640708941046,2092000,17.109025287628175,17.340948666958354,16.877101908297995,0,0
2017-08-16,17.268503189086914,17.335650971490654,17.208301424425713,17.249979297416463,2132000,17.113077259063722,17.3530332996195,16.873121218507944,0,0
2017-08-17,16.925811767578125,17.23029171643924,16.925811767578125,17.189770939768454,3412800,17.09918451309204,17.348542191549623,16.84982683463446,0,0
2017-08-18,16.92118263244629,17.028849405294157,16.85171894468092,16.922339712846227,2527200,17.086912631988525,17.34576446914807,16.828060794828982,0,0
2017-08-21,16.90150260925293,16.939707463001568,16.784572120542993,16.924656584287998,5631200,17.070241355895995,17.331748918932274,16.808733792859716,0,0
2017-08-22,17.15041160583496,17.167776646159442,16.986016080134384,16.991805015754256,2568800,17.06705770492554,17.322973588682036,16.81114182116904,0,0
2017-08-23,17.11915397644043,17.161990689826425,17.04158717995127,17.070530093560745,2136800,17.06074800491333,17.30471318767977,16.816782822146887,0,0
2017-08-24,17.116844177246094,17.187464975111347,17.02654240509521,17.17241409090763,2223200,17.062137413024903,17.30704632671642,16.817228499333385,0,0
2017-08-25,17.105260848999023,17.222189576548836,17.07631793724099,17.17703870486771,1762400,17.064163398742675,17.309794275885256,16.818532521600094,0,0
2017-08-28,17.14925193786621,17.173562990652464,17.091366123471506,17.152724945407105,1808800,17.072672367095947,17.3177128530042,16.827631881187695,0,0
2017-08-29,17.218717575073242,17.24650340793798,16.983701259181665,17.002225147758153,6322400,17.080139446258546,17.333290543403916,16.826988349113176,0,0
2017-08-30,17.378480911254883,17.385426926993368,17.22566149886811,17.244185385194086,2482400,17.094437026977538,17.37910985496751,16.809764198987565,0,0
2017-08-31,17.506980895996094,17.53129194190734,17.400471239614266,17.418995118950505,2331200,17.117533111572264,17.452877348731544,16.782188874412984,0,0
2017-09-01,17.49424934387207,17.56487010182522,17.466463519476914,17.5451891386625,2365600,17.138776779174805,17.5110264078411,16.76652715050851,0,0
2017-09-05,17.3460693359375,17.4815219763528,17.21756271299958,17.424793222728418,7812000,17.14740171432495,17.530317039668255,16.764486388981645,0,0
2017-09-06,17.372695922851562,17.423635738553468,17.276605228056685,17.406270695262105,2108800,17.158458042144776,17.553784741290684,16.763131342998868,0,0
2017-09-07,17.4537296295166,17.476885367851203,17.370373917809513,17.409737613057448,2196000,17.174376583099367,17.589828080188628,16.758925086010105,0,0
2017-09-08,17.31481170654297,17.43984532952165,17.30323559877966,17.43984532952165,1678400,17.201583003997804,17.57706927358925,16.82609673440636,0,0
2017-09-11,17.57413673400879,17.584555758487404,17.454892076437513,17.456049156978967,1802400,17.235156726837157,17.617739652959408,16.852573800714907,0,0
2017-09-12,17.605398178100586,17.6389711841205,17.52782960697013,17.632025166773996,1872000,17.256632614135743,17.670441568899985,16.8428236593715,0,0
2017-09-13,17.57297706604004,17.58108192905714,17.52088017954541,17.58108192905714,3473600,17.274808502197267,17.71010851097666,16.839508493417874,0,0
2017-09-14,17.525514602661133,17.5938194586639,17.46994293349093,17.516252657799434,1851200,17.287659072875975,17.736422158861817,16.838895986890133,0,0
2017-09-15,17.575294494628906,17.599607319221636,17.47110071274062,17.509305570509056,1801600,17.320133209228516,17.753180737700035,16.887085680756996,0,0
2017-09-18,17.59381675720215,17.67022646567725,17.539403943579128,17.603078700641714,3210400,17.353764915466307,17.76138486051406,16.946144970418555,0,0
2017-09-19,17.65401268005371,17.681796734667934,17.581076003622375,17.63433171919047,4009600,17.39139041900635,17.762352426276387,17.02042841173631,0,0
2017-09-20,17.566030502319336,17.648229144274342,17.437523910820833,17.648229144274342,4621600,17.412171363830566,17.773240739750314,17.05110198791082,0,0
2017-09-21,17.467626571655273,17.548666370816797,17.403951812837242,17.548666370816797,2000000,17.42959499359131,17.765154199817726,17.09403578736489,0,0
2017-09-22,17.481517791748047,17.502355839192113,17.398162068901676,17.405108084716364,2081600,17.447828674316405,17.75155008153184,17.14410726710097,0,0
2017-09-25,17.243024826049805,17.431733126037752,17.16082620114586,17.431733126037752,5807200,17.454716873168945,17.73216107356178,17.17727267277611,0,0
2017-09-26,17.29975700378418,17.383112734033176,17.246503033452168,17.33333177191694,3912000,17.462242126464844,17.713019943400464,17.211464309529223,0,0
2017-09-27,17.50977897644043,17.567827571209424,17.386714467468042,17.40761288276619,3042400,17.476795196533203,17.701813984789556,17.25177640827685,0,0
2017-09-28,17.535322189331055,17.53880673548727,17.43547851576198,17.485401238297957,2148000,17.48463726043701,17.70631135735071,17.262963163523313,0,0
2017-09-29,17.645610809326172,17.665347117103607,17.54692749893664,17.571308685898387,6312800,17.491568756103515,17.72401202185281,17.25912549035422,0,0
2017-10-02,17.695537567138672,17.743137851174097,17.60033877057076,17.694377232712053,4091200,17.501633167266846,17.75051852314139,17.2527478113923,0,0
2017-10-03,17.740806579589844,17.747772125688037,17.69552875844952,17.725713382042382,3272000,17.521370029449464,17.78018754926295,17.262552509635977,0,0
2017-10-04,17.730363845825195,17.757065704780523,17.653739271602824,17.714110309308566,2831200,17.539253425598144,17.803870375533855,17.274636475662433,0,0
2017-10-05,17.897541046142578,17.907989366803818,17.77099554968358,17.80466295120391,2219200,17.561443996429443,17.86519320931046,17.257694783548427,0,0
2017-10-06,17.952110290527344,17.959075838965717,17.83601309254735,17.86039251208166,2334400,17.593308925628662,17.919745171870176,17.26687267938715,0,0
2017-10-09,17.9915771484375,18.03569463641614,17.96835807058109,17.986932269964967,2471200,17.614180946350096,17.98359678079391,17.244765111906283,0,0
2017-10-10,18.003192901611328,18.10419689450751,17.917280339462348,18.0507914052792,1958400,17.634070682525635,18.0404403235926,17.227701041458673,0,0
2017-10-11,18.076330184936523,18.080975064078476,17.983452088623277,17.99157974137052,2212800,17.65923833847046,18.107540523449906,17.210936153491012,0,0
2017-10-12,18.09026336669922,18.154115398245928,18.05659419259044,18.06588217953416,5272000,17.687475776672365,18.16848050105735,17.20647105228738,0,0
2017-10-13,18.172697067260746,18.21100936109685,18.1216140088126,18.16805395808497,2424800,17.717345905303954,18.239234455382093,17.195457355225816,0,0
2017-10-16,18.22145652770996,18.23771006604693,18.16340792343468,18.21565131298187,2201600,17.748727893829347,18.311046269596833,17.18640951806186,0,0
2017-10-17,18.212162017822266,18.219127564400925,18.169206632919064,18.214484457182547,2772800,17.776635360717773,18.37182162736492,17.181449094070626,0,0
2017-10-18,18.27486038208008,18.308527790075274,18.216811783017377,18.273698276337125,2056000,17.81207685470581,18.43657429035069,17.18757941906093,0,0
2017-10-19,18.214487075805664,18.214487075805664,18.06472248832685,18.176174792612844,2286400,17.84941987991333,18.476378123108866,17.222461636717796,0,0
2017-10-20,18.336395263671875,18.371224784073966,18.30272607773209,18.320141723684632,2576000,17.89216375350952,18.529444774231834,17.25488273278721,0,0
2017-10-23,18.27021789550781,18.392120323809205,18.24699880714157,18.392120323809205,2684800,17.943523406982422,18.526519599749694,17.36052721421515,0,0
2017-10-24,18.329429626464844,18.357291825451224,18.245839486499733,18.29808288110218,12344800,17.995007038116455,18.520535333598083,17.469478742634827,0,0
2017-10-25,18.262086868286133,18.365413288191757,18.12509127395484,18.285305950112782,4807200,18.03262243270874,18.52016462624649,17.545080239170993,0,0
2017-10-26,18.338706970214844,18.397915880190556,18.30852057683346,18.352638061620432,5240800,18.07279167175293,18.520585331629213,17.62499801187665,0,0
2017-10-27,18.80658721923828,18.854185727815683,18.62315341940709,18.633601742887294,6008800,18.130840492248534,18.63900875457784,17.622672229919228,0,0
2017-10-30,18.868114471435547,18.918035409260025,18.633597668312127,18.633597668312127,4676800,18.18946933746338,18.750987345749202,17.627951329177556,0,0
2017-10-31,18.95054244995117,18.994659945824587,18.85534368225356,18.933128581318197,5731200,18.249956130981445,18.863352142803095,17.636560119159796,0,0
2017-11-01,18.94358253479004,19.052714201343385,18.84025608334116,19.03994343671474,6000000,18.31061706542969,18.94604130206177,17.67519282879761,0,0
2017-11-02,18.95751571655273,18.97028648258441,18.81123384596525,18.9308138499422,2616000,18.363615798950196,19.028520085974485,17.698711511925907,0,0
2017-11-03,19.10843086242676,19.125846499075717,18.93893000332338,19.06547548072969,7180000,18.421431827545167,19.132634665923316,17.710228989167017,0,0
2017-11-06,19.1943416595459,19.20014687123664,19.115394677856017,19.12119988954675,3505600,18.481570053100587,19.239109468098796,17.724030638102377,0,0
2017-11-07,19.18621826171875,19.22104776808164,19.10959547352313,19.22104776808164,3400000,18.540721321105956,19.323924586559823,17.75751805565209,0,0
2017-11-08,19.29767608642578,19.299998526369595,19.137461388852525,19.190866878544487,2352800,18.60178861618042,19.42029626720408,17.783280965156763,0,0
2017-11-09,19.125852584838867,19.16532520606657,18.92616526727182,19.152554443727887,4783200,18.653568077087403,19.467095776047202,17.840040378127604,0,0
2017-11-10,19.132816314697266,19.145587075822192,19.055031413846333,19.099147139230443,2346400,18.701574039459228,19.509223354641207,17.893924724277248,0,0
2017-11-13,19.12933158874512,19.14094024308156,19.04225870946161,19.07244333653908,1976000,18.746967792510986,19.543552869088476,17.950382715933497,0,0
2017-11-14,19.09566879272461,19.11888788065257,18.993504451541007,19.078254919654352,4284000,18.791143131256103,19.561764293822304,18.020521968689902,0,0
2017-11-15,18.95054244995117,19.02484457528921,18.890173191021915,19.00394793292964,3724000,18.824927234649657,19.560497467032114,18.0893570022672,0,0
2017-11-16,19.211759567260746,19.25471672561333,19.068960541418697,19.08057096724421,4862400,18.87479085922241,19.572299608808972,18.17728210963585,0,0
2017-11-17,19.114242553710938,19.198993011990105,19.094506242687167,19.19667234351859,2453600,18.913683223724366,19.572440729200107,18.254925718248625,0,0
2017-11-20,19.18157196044922,19.20130826408484,19.13048892915609,19.144420020780768,2966400,18.959250926971436,19.556912317754872,18.361589536188,0,0
2017-11-21,19.417251586914062,19.42073436027674,19.266324912356588,19.27909567185381,2856800,19.013642024993896,19.568604653144686,18.458679396843106,0,0
2017-11-22,19.366172790527344,19.431186936206416,19.345276145774477,19.431186936206416,2832000,19.06884632110596,19.524567747880926,18.61312489433099,0,0
2017-11-24,19.47762489318848,19.486912880411275,19.39403477968572,19.407965874768703,1537600,19.125792217254638,19.4743750170654,18.777209417443874,0,0
2017-11-27,19.45672607421875,19.4961986904675,19.40332236317688,19.46253128755001,2608800,19.15829916000366,19.50298487250369,18.813613447503634,0,0
2017-11-28,19.5054874420166,19.531028964473343,19.39867824424408,19.49503912051224,3306400,19.190167808532713,19.53947040987274,18.840865207192685,0,0
2017-11-29,18.99930191040039,19.49735978136325,18.8599856552123,19.485749355304957,7084000,19.192605781555176,19.535811883150096,18.849399679960257,0,0
2017-11-30,19.15719985961914,19.21060535533265,19.00279035874422,19.095668480440025,3742400,19.20328664779663,19.527604863339704,18.878968432253558,0,0
2017-12-01,19.051551818847656,19.146750604615665,18.75318115528238,19.057355261825307,9050400,19.207988452911376,19.520427084616916,18.895549821205837,0,0
2017-12-04,18.681198120117188,19.197830229570087,18.66726525355163,19.16996626794139,6482400,19.186626815795897,19.573035781273518,18.800217850318276,1,1
2017-12-05,18.724151611328125,18.938932086441543,18.57438704008579,18.657977144989214,11914400,19.16311731338501,19.598853312556237,18.72738131421378,1,0
2017-12-06,18.843734741210938,18.8832073608928,18.601092037781065,18.63243877529433,10682400,19.145993137359618,19.603144344373757,18.68884193034548,1,0
2017-12-07,18.979564666748047,19.013233837754317,18.857662285160437,18.857662285160437,6937600,19.13008756637573,19.587158043523115,18.67301708922835,1,0
2017-12-08,19.051551818847656,19.1722921311272,19.01788263776303,19.04922937875495,3776000,19.12637252807617,19.584726322383258,18.668018733769085,1,0
2017-12-11,19.203632354736328,19.210597901147715,19.050383247677257,19.050383247677257,3516800,19.129913330078125,19.58950397764,18.67032268251625,0,-1
2017-12-12,19.154874801635746,19.24426835678737,19.117722852869544,19.19783019233204,2660800,19.131190490722656,19.590909520236295,18.671471461209016,0,0
2017-12-13,19.17461395263672,19.266329961058236,19.154877641242283,19.22337456399403,3497600,19.13513774871826,19.59492468189211,18.675350815544412,0,0
2017-12-14,19.156801223754883,19.27436981549969,19.14399658297459,19.212675212522484,2433600,19.14545068740845,19.59739910643926,18.69350226837764,0,0
2017-12-15,19.376806259155277,19.40823437761626,19.159127373558487,19.216166548879936,3888800,19.153703022003175,19.616099687178867,18.691306356827482,0,0
2017-12-18,19.559558868408203,19.577018931905805,19.49786427578098,19.512997514946758,3600000,19.175968837738036,19.670397778704174,18.6815398967719,0,0
2017-12-19,19.455963134765625,19.53395439791605,19.39776054051585,19.531625796809443,5018400,19.189688396453857,19.698982176875564,18.68039461603215,0,0
2017-12-20,19.435007095336918,19.53627902032207,19.33839059541466,19.530458406842055,4673600,19.190576171875,19.701512815569004,18.679639528181,0,0
2017-12-21,19.38612174987793,19.50602074322129,19.36866167988748,19.47342565223505,3453600,19.19157361984253,19.703953414895352,18.679193824789706,0,0
2017-12-22,19.362836837768555,19.42453143987072,19.322096091283345,19.382625504838867,2173600,19.185834217071534,19.687733054655375,18.683935379487693,0,0
2017-12-26,19.227806091308597,19.24759653425777,19.14399599881561,19.24759653425777,2616000,19.174388217926026,19.661270388039,18.687506047813052,0,0
2017-12-27,19.258071899414062,19.288336604637774,19.21267395347752,19.226642005703543,2235200,19.1620174407959,19.626686522549264,18.697348359042536,0,0
2017-12-28,19.27553367614746,19.31743961274828,19.24643238062473,19.31743961274828,3792000,19.175829029083253,19.636737082847485,18.71492097531902,0,0
2017-12-29,19.17543029785156,19.31977340183882,19.16960968194353,19.30929735892592,3431200,19.17674055099487,19.63756973099792,18.715911370991822,0,0
2018-01-02,19.437335968017575,19.43966456889533,19.21849544296357,19.262728202428697,9135200,19.19602975845337,19.66647931960535,18.72558019730139,0,0
2018-01-03,19.63988494873047,19.662002220317703,19.474589782397388,19.475753194932693,5599200,19.243964099884032,19.689523465238757,18.798404734529306,0,0
2018-01-04,19.752796173095703,19.807506752269987,19.699249006341365,19.73184231612151,4270400,19.295396327972412,19.72630590410734,18.864486751837486,0,0
2018-01-05,19.963483810424805,19.978617048753105,19.81564876825312,19.85522787032701,5935200,19.351383781433107,19.82214191686514,18.880625646001075,0,0
2018-01-08,20.058942794799805,20.079894876006403,19.940209006022453,19.975130917568997,5086400,19.405352687835695,19.93680420144019,18.8739011742312,0,0
2018-01-09,20.00772476196289,20.10666810841597,19.95999820744904,20.095028655057977,4617600,19.453161334991456,20.01958295931326,18.88673971066965,0,0
2018-01-10,19.942537307739254,19.951848159556505,19.841263588154376,19.90528679566156,3386400,19.4901065826416,20.082405896626305,18.897807268656898,0,0
2018-01-11,20.072904586791992,20.072904586791992,19.95417083505602,19.991421336071877,3699200,19.536008071899413,20.15878036079115,18.913235783007675,0,0
2018-01-12,20.18815040588379,20.20910426283373,20.021691843713672,20.047301126540177,3981600,19.586684894561767,20.247373584686105,18.92599620443743,0,0
2018-01-16,20.09734916687012,20.383706627798126,20.040311778067803,20.31968343773275,5488000,19.63371229171753,20.2991886974919,18.96823588594316,0,0
2018-01-17,20.404659271240234,20.417463909609918,20.150896880534305,20.21608348452476,3756800,19.68510494232178,20.418566417541502,18.951643467102055,0,0
2018-01-18,20.445402145385746,20.495457287600203,20.36275370060447,20.408153417967288,4218400,19.729397106170655,20.531005836524916,18.927788375816395,0,0
2018-01-19,20.48847770690918,20.518744194340837,20.393026370753688,20.47683825314512,3587200,19.781022834777833,20.636711526711473,18.925334142844193,0,0
2018-01-22,20.64678192138672,20.64678192138672,20.42677624791391,20.479158212797586,3824000,19.84161157608032,20.760024084724233,18.92319906743641,0,0
2018-01-23,20.77250289916992,20.79112815325725,20.68403560655808,20.687527619674203,4268000,19.910930633544922,20.888723323151655,18.93313794393819,0,0
2018-01-24,20.587421417236328,20.840020459555305,20.500117527099263,20.806263736897936,5635200,19.97215986251831,20.958328744716393,18.985990980320228,0,0
2018-01-25,20.53387451171875,20.73525676640297,20.481492532208684,20.70848229422045,5583200,20.03746328353882,20.990229298418818,19.08469726865882,0,0
2018-01-26,20.858644485473636,20.858644485473636,20.633981564479985,20.66657487277925,3272000,20.117491912841796,21.063812302789337,19.171171522894255,0,0
2018-01-29,20.686368942260746,20.82488963871097,20.64446299907341,20.82372622613997,4627200,20.188033676147462,21.0816573102362,19.294410042058725,0,0
2018-01-30,20.47916412353516,20.599063102752307,20.42096152882103,20.49778938013221,6538400,20.25322036743164,21.023573693932924,19.48286704093036,0,0
2018-01-31,20.62350273132324,20.660753236449825,20.4931295157839,20.59789345309918,6596800,20.312528705596925,21.000760255954965,19.624297155238885,0,0
2018-02-01,20.608367919921875,20.75387436409728,20.519900641295845,20.53154186731056,3925600,20.360952854156494,20.986490477061405,19.735415231251583,0,0
2018-02-02,20.028676986694336,20.39768123099927,20.01936435822012,20.387205190041623,6180800,20.374746894836427,20.956680530324334,19.79281325934852,0,0
2018-02-05,19.245267868041992,20.18814872335551,19.22431401283839,19.81681770572313,13896800,20.338836097717284,21.083688783949274,19.593983411485294,1,1
2018-02-06,19.731840133666992,19.772582654486904,18.812239982207554,18.95076242155289,13516000,20.322480964660645,21.10462949949842,19.54033242982287,1,0
2018-02-07,19.51067543029785,19.895976353904032,19.504854815120844,19.70157988516808,10808000,20.297628498077394,21.146908841582924,19.448348154571864,1,0
2018-02-08,18.70747947692871,19.60263392523129,18.694674834562758,19.585173856642395,7523200,20.235875606536865,21.325150711646362,19.14660050142737,1,0
2018-02-09,19.159128189086918,19.275533369324933,18.387363051926275,18.985685607301605,10192800,20.190186786651612,21.37540215573142,19.004971417571802,1,0
2018-02-12,19.501361846923828,19.614275026263183,19.21849808042781,19.347707915743868,6020800,20.155847358703614,21.378514041002877,18.93318067640435,1,0
2018-02-13,19.56189346313477,19.601470803324545,19.3407225259168,19.381465054831303,4084800,20.129074573516846,21.378841962361985,18.879307184671706,1,0
2018-02-14,19.96115493774414,19.98909281361492,19.38611320353264,19.45246499265012,4979200,20.106899356842042,21.35205058499638,18.861748128687704,1,0
2018-02-15,20.34646415710449,20.34646415710449,19.91809387303669,20.14974086081832,5687200,20.101952457427977,21.342462483527562,18.861442431328392,0,-1
2018-02-16,20.29524040222168,20.50127625702076,20.20793653202492,20.28825460059644,7195200,20.092290592193603,21.323583981486983,18.860997202900222,0,0
2018-02-20,20.345293045043945,20.500112115831453,20.17068531085977,20.183489949081345,12955200,20.077216148376465,21.288201027097745,18.866231269655184,0,0
2018-02-21,20.244020462036133,20.60487536843185,20.23936326127137,20.42910422789792,4133600,20.050792026519776,21.222359968328245,18.879224084711307,0,0
2018-02-22,20.251014709472656,20.429114540291817,20.19514070550259,20.31387274191366,3287200,20.03397169113159,21.18369485411504,18.88424852814814,0,0
2018-02-23,20.6630802154541,20.6630802154541,20.36857528987596,20.40931780813773,3156000,20.04043197631836,21.20270188964776,18.87816206298896,0,0
2018-02-26,20.971555709838867,20.976211135078128,20.753876835612598,20.757370624794444,7978400,20.046077537536622,21.225165236303024,18.86698983877022,0,0
2018-02-27,20.779483795166016,21.078645899196086,20.779483795166016,20.99134203204047,10240800,20.050733280181884,21.2405834509081,18.860883109455667,0,0
2018-02-28,20.643291473388672,20.989014954506143,20.643291473388672,20.884251016798604,3654400,20.05893964767456,21.262679028050364,18.855200267298756,0,0
2018-03-01,20.318523406982425,20.769010860426725,20.143915646583608,20.701495646594942,10119200,20.04369068145752,21.225971875810316,18.861409487104723,0,0
2018-03-02,20.54551124572754,20.57810454923368,20.01586739945001,20.08687461984592,5247200,20.040547847747803,21.2171284917847,18.863967203710907,0,0
2018-03-05,20.75620651245117,20.82139312639199,20.396514947255003,20.43609228054736,3785600,20.076924324035645,21.294074397452373,18.859774250618916,0,0
2018-03-06,20.826051712036133,20.907534984877,20.71663055584892,20.862137034565507,52516000,20.155963516235353,21.351945707630897,18.95998132483981,0,0
2018-03-07,20.957595825195312,20.97971310202982,20.61536595737576,20.671239967766315,5213600,20.217251300811768,21.445215215186927,18.989287386436608,0,0
2018-03-08,21.0390739440918,21.07748786859236,20.918011556053276,21.02510411396293,4468000,20.293671226501466,21.526458294117322,19.06088415888561,0,0
2018-03-09,21.45464134216309,21.45464134216309,21.17643299539885,21.19622166552993,5372000,20.431029319763184,21.531331296291533,19.330727343234834,0,0
2018-03-12,21.53030776977539,21.60946245759616,21.45231471838391,21.52332196537724,6228800,20.54958829879761,21.58524057557902,19.513936022016196,0,0
2018-03-13,21.269554138183597,21.69326891250416,21.19738349664282,21.62924570974925,6681600,20.637997913360596,21.599884092546443,19.67611173417475,0,0
2018-03-14,21.274206161499023,21.39643193335668,21.165950216500544,21.37082265635025,3964000,20.72361354827881,21.58689618066499,19.86033091589263,0,0
2018-03-15,21.27886962890625,21.39876683556212,21.17876109190984,21.287017068788483,3104800,20.789499282836914,21.610039604677098,19.96895896099673,0,0
2018-03-16,21.2541446685791,21.3801212340874,21.22381546068595,21.314799524599216,2503200,20.834883308410646,21.652789551832356,20.016977064988936,0,0
2018-03-19,20.836544036865234,21.071002626747823,20.64874328839088,21.071002626747823,5984800,20.861948490142822,21.64156261594045,20.082334364345193,0,0
2018-03-20,20.8575382232666,20.925193334982733,20.7362267752848,20.77938536487446,3238400,20.887560749053954,21.630387481352802,20.144734016755105,0,0
2018-03-21,20.766557693481445,21.02551283444329,20.701235996641117,20.819048215593657,3920800,20.91368761062622,21.598640623849672,20.228734597402767,0,0
2018-03-22,20.208984375,20.63007785799184,20.198486628470484,20.49710106230401,5284000,20.91158609390259,21.604866138408045,20.218306049397132,1,1
2018-03-23,19.670080184936523,20.252144498463743,19.666580935828215,20.176325061273715,6452800,20.86193609237671,21.737546210853118,19.9863259739003,1,0
2018-03-26,20.41661071777344,20.43527456114593,19.789052778459236,20.059673167714244,4456800,20.834188842773436,21.72910397052729,19.93927371501958,1,0
2018-03-27,19.72373390197754,20.55892232250614,19.57559429640298,20.55542307386311,7929600,20.781401348114013,21.79911963633227,19.763683059895754,1,0
2018-03-28,19.52893829345703,19.829886191597787,19.41579115338495,19.66891360471531,6789600,20.72568368911743,21.880348383838157,19.571018994396706,1,0
2018-03-29,19.94652557373047,20.14715743534218,19.53592992905045,19.67124012034803,4537600,20.707083797454835,21.898775161877726,19.515392433031945,1,0
2018-04-02,19.46595001220703,19.95469866806137,19.23965573222728,19.861381200662763,7639200,20.65310573577881,21.961285868693725,19.344925602863892,1,0
2018-04-03,19.642078399658203,19.69340307737938,19.33879718396872,19.62224873415357,5156000,20.59739933013916,21.976250934367368,19.218547725910955,1,0
2018-04-04,19.90220642089844,19.961697218710096,19.20232808340714,19.25715202890124,4648800,20.551207065582275,21.957940551046182,19.14447358011837,1,0
2018-04-05,19.986194610595703,20.13083679359022,19.852051956764846,20.079512090595944,3403200,20.502637004852296,21.916949681030456,19.088324328674137,1,0
2018-04-06,19.503273010253903,19.962859999957026,19.406456308067717,19.780891944718352,3950400,20.4258469581604,21.881486426469188,18.97020748985161,1,0
2018-04-09,19.636245727539062,20.0246782786275,19.61991531007057,19.647911074251702,3306400,20.3349271774292,21.748727403541135,18.921126951317266,1,0
2018-04-10,20.11916923522949,20.200821353821123,19.85904827890091,19.951198145622318,4978400,20.264370250701905,21.56914659380836,18.95959390759545,1,0
2018-04-11,20.036348342895508,20.21948222620516,19.936032389146245,19.99785482553891,3116000,20.2027099609375,21.425638089959126,18.979781831915876,1,0
2018-04-12,20.285968780517575,20.376952798414564,20.13316233455936,20.1646555700668,2426400,20.153298091888427,21.27470464715047,19.031891536626382,0,-1
2018-04-13,20.205486297607425,20.432946385013164,20.11333465970809,20.409617464745335,3796000,20.099628925323486,21.096219919262282,19.10303793138469,0,0
2018-04-16,20.34546661376953,20.430617994682027,20.208990527687984,20.337302290610616,2748000,20.05419502258301,20.908854349247207,19.19953569591881,0,0
2018-04-17,20.767719268798828,20.82954348339426,20.49126793697322,20.528595630322734,3832800,20.050753784179687,20.893252787220643,19.20825478113873,0,0
2018-04-18,20.73273086547852,20.802717634472653,20.58692287188731,20.75489218540288,3199200,20.044513416290282,20.864566538357533,19.224460294223032,0,0
2018-04-19,20.488937377929688,20.61141644153147,20.41428376066769,20.607917192275647,3040800,20.030632400512694,20.80970193303667,19.251562867988717,0,0
2018-04-20,20.201984405517575,20.44577488320372,20.126163199713737,20.43644296034099,6593600,20.030282402038573,20.809037346211987,19.25152745786516,0,0
2018-04-23,20.11800193786621,20.340796957891037,20.025850298014763,20.28713883824408,2988000,20.052678489685057,20.814283859978076,19.29107311939204,0,0
2018-04-24,19.73773765563965,20.269644942151828,19.588428629714254,20.20782249401931,5121600,20.018734836578368,20.77291138499117,19.264558288165567,0,0
2018-04-25,19.706241607666016,19.79022715169317,19.45661840177494,19.78206104996816,4559200,20.017860221862794,20.773442447508938,19.26227799621665,0,0
2018-04-26,20.106334686279297,20.183321719408344,19.90803620872946,19.97102624670137,2740000,20.046730041503906,20.768759992076237,19.324700090931575,0,0
2018-04-27,20.021183013916016,20.31279894093057,19.917367815094128,20.29880194599623,3090400,20.050462913513183,20.77115276028577,19.329773066740596,0,0
2018-04-30,19.941864013671875,20.215981912703928,19.882373226398094,20.070173951554217,4079200,20.074258613586426,20.74594052619377,19.402576700979083,0,0
2018-05-01,20.18215560913086,20.198486029875845,19.85087856277461,19.896372356152465,2947200,20.101262474060057,20.74407828179134,19.458446666328776,0,0
2018-05-02,20.187986373901367,20.407280320320183,20.16232403231796,20.30113170557812,3120800,20.115551471710205,20.752713150842364,19.478389792578046,0,0
2018-05-03,20.250986099243164,20.320974666831656,19.91854307302264,20.11450999434049,3070400,20.128791046142577,20.765655025492503,19.491927066792652,0,0
2018-05-04,20.63241195678711,20.67207129822486,20.155326916979245,20.16582644373364,4048800,20.18524799346924,20.78966376284566,19.58083222409282,0,0
2018-05-07,20.81087875366211,20.89603010316423,20.69189896101212,20.72106055274813,5992000,20.24397964477539,20.851863570233927,19.636095719316852,0,0
2018-05-08,20.89019775390625,20.897196251250627,20.69539853166433,20.778218236631567,5102400,20.28253107070923,20.948850857532538,19.61621128388592,0,0
2018-05-09,21.164316177368164,21.16781542583284,20.884363841018363,20.946188050286203,4032000,20.338929462432862,21.096984046039164,19.58087487882656,0,0
2018-05-10,21.41627693176269,21.425607076237185,21.209812332583684,21.236640502683645,4616800,20.395444869995117,21.286200354809708,19.504689385180527,0,0
2018-05-11,21.354455947875977,21.43494046366945,21.27863472475547,21.381284119807138,3166400,20.452893352508546,21.431140570143125,19.474646134873968,0,0
2018-05-14,21.32762718200684,21.50959527980226,21.296133935768797,21.426777333184425,6256800,20.50200138092041,21.549877794743292,19.45412496709753,0,0
2018-05-15,21.142162322998047,21.191153602795037,21.02901516017536,21.18998777942475,5376000,20.52072353363037,21.59983562688229,19.441611440378452,0,0
2018-05-16,21.25297164916992,21.29379859713725,21.12349408661505,21.16898610697851,2639200,20.546735572814942,21.66924367695635,19.424227468673536,0,0
2018-05-17,21.147987365722656,21.31829007022532,21.047671415716653,21.17248210683766,2608800,20.57968807220459,21.731779037548723,19.427597106860457,0,0
2018-05-18,21.066335678100582,21.182982051113584,21.054670328846324,21.10599501775323,2235200,20.62290563583374,21.779917186209314,19.465894085458164,0,0
2018-05-21,21.23080444335937,21.364948832242185,21.125823425870475,21.25530096337734,2880000,20.6785457611084,21.840102938665364,19.516988583551434,0,0
2018-05-22,21.18065452575684,21.359123383793683,21.1421609983532,21.32646253264203,2114400,20.750691604614257,21.846955099326,19.654428109902515,0,0
2018-05-23,21.34395408630371,21.34395408630371,20.99751419576319,21.018511469674817,2529600,20.832577228546143,21.846080826675788,19.819073630416497,0,0
2018-05-24,21.32879638671875,21.36845573821472,21.10250207071492,21.3416275627772,2330400,20.893700313568115,21.871456142944325,19.915944484191904,0,0
2018-05-25,21.333459854125977,21.39878155282212,21.27863590417397,21.303132431126425,2542400,20.959314155578614,21.86772274200298,20.05090556915425,0,0
2018-05-29,21.21331787109375,21.331130113751083,21.067509847064976,21.23548097552742,2954400,21.02288684844971,21.80704424975371,20.238729447145708,0,0
2018-05-30,21.36961936950684,21.410446320018448,21.28680142516534,21.324127346308376,2940000,21.082260036468504,21.77758802603613,20.386932046900878,0,0
2018-05-31,21.347455978393555,21.521259746644564,21.32995973120303,21.37195250434301,2940800,21.140233516693115,21.70958228173013,20.570884751656102,0,0
2018-06-01,21.73355484008789,21.73355484008789,21.481598226735272,21.481598226735272,16909600,21.214361953735352,21.677429724376477,20.751294183094227,0,0
2018-06-04,21.91552352905273,21.93535320104865,21.76504869466816,21.793044468012003,3601600,21.278517532348634,21.756597398363077,20.80043766633419,0,0
2018-06-05,22.03567123413086,22.046168982665023,21.9318560122332,21.971515359950786,5015200,21.33975715637207,21.873122258571726,20.806392054172413,0,0
2018-06-06,22.162811279296875,22.162811279296875,21.9610135486472,22.05899607660494,4140000,21.403387832641602,22.006169523619327,20.800606141663877,0,0
2018-06-07,21.912023544311523,22.177977152561205,21.77088063911288,22.177977152561205,4134400,21.44077320098877,22.07169800639611,20.809848395581426,0,0
2018-06-08,21.91552352905273,21.94818437467925,21.732387849041643,21.77438061911611,2836800,21.465735530853273,22.12946077505255,20.802010286653996,0,0
2018-06-11,21.913185119628903,21.97734097319205,21.853696117169733,21.920183616402667,3641600,21.49367198944092,22.18285630056188,20.80448767831996,0,0
2018-06-12,22.06015968322754,22.074158457159648,21.926017077230416,21.951679419576653,2361600,21.53029861450195,22.25712490865275,20.803472320351155,0,0
2018-06-13,22.017004013061523,22.21647010408974,21.99017584428688,22.072993776555457,3336800,21.574040699005128,22.30743653679203,20.840644861218227,0,0
2018-06-14,22.13481712341309,22.21647101588427,22.078827357621257,22.09865702925831,4594400,21.618132972717284,22.37468430155138,20.861581643883188,0,0
2018-06-15,22.05083465576172,22.07533118289117,21.900361583026772,22.07299775652579,2816000,21.66327533721924,22.409906003490008,20.91664467094847,0,0
2018-06-18,22.0834903717041,22.09631976299025,21.814035777167643,21.900354726835285,3100800,21.714133071899415,22.42908765704758,20.999178486751248,0,0
2018-06-19,21.930686950683597,21.93185455369825,21.634405905832057,21.80237699073921,4202400,21.749127197265626,22.43390417368481,21.064350220846443,0,0
2018-06-20,21.99134635925293,22.083498014960966,21.95868550858961,21.98551368308815,3215200,21.78966178894043,22.429543874782112,21.149779703098744,0,0
2018-06-21,21.79654693603516,22.08233026741199,21.749889086787743,22.055502093088872,5245600,21.812291431427003,22.418656907618526,21.20592595523548,0,0
2018-06-22,21.681062698364254,21.844368702943587,21.608742510267483,21.844368702943587,2446400,21.829904747009277,22.3983490095351,21.261460484483454,0,0
2018-06-25,21.17948341369629,21.52009061914057,21.0080130980268,21.52009061914057,7468800,21.82220592498779,22.420712289188042,21.22369956078754,1,1
2018-06-26,21.291465759277344,21.432608676546245,21.21097946412987,21.25530566258968,4446400,21.826113319396974,22.409497317573663,21.242729321220285,1,0
2018-06-27,20.964853286743164,21.441938331553686,20.95785478875517,21.35561936997597,4678400,21.80587501525879,22.473239201459382,21.138510829058195,1,0
2018-06-28,21.20439720153809,21.272236517875264,20.933041720917902,20.933041720917902,6327200,21.798722076416016,22.488284117348076,21.109160035483956,1,0
2018-06-29,21.217269897460938,21.40675280010864,21.21142312496545,21.28978879453338,2836000,21.77290782928467,22.507481365711598,21.03833429285774,1,0
2018-07-02,21.43949508666992,21.43949508666992,21.01491532369157,21.05234464906561,4277600,21.749106407165527,22.494423261572237,21.003789552758818,1,0
2018-07-03,21.200883865356445,21.543589149632812,21.188017760116143,21.521365714697005,2643200,21.707367038726808,22.476921601451814,20.937812476001803,1,0
2018-07-05,21.479263305664062,21.49096041651532,21.264050029937824,21.33071856455008,4777600,21.673189640045166,22.41915359228553,20.927225687804803,1,0
2018-07-06,21.735408782958984,21.77049832125657,21.45235626755376,21.51200723335001,2593600,21.66435890197754,22.402949592337468,20.925768211617612,0,-1
2018-07-09,21.92372703552246,21.92372703552246,21.743601520523104,21.855887718095428,2747200,21.664769077301024,22.403926142255504,20.925612012346544,0,0
2018-07-10,21.968170166015625,22.040687244629957,21.923723293456774,21.95881283575438,6876800,21.66751832962036,22.41074862450098,20.924288034739742,0,0
2018-07-11,21.852375030517575,21.954133096080795,21.768160843593453,21.80909894005566,2871200,21.657129096984864,22.38373798770266,20.93052020626707,0,0
2018-07-12,22.223154067993164,22.229002623377816,21.920217817190636,21.954136582855963,2724000,21.667436599731445,22.419573797412433,20.915299402050458,0,0
2018-07-13,22.195077896118164,22.258239426820456,22.121391823269743,22.22899844012856,2560800,21.670449638366698,22.430493194536528,20.910406082196868,0,0
2018-07-16,22.11788749694824,22.233680685315445,22.083966946114288,22.200930916410726,2884000,21.673802280426024,22.441085032484775,20.906519528367273,0,0
2018-07-17,22.29801750183105,22.33076727995339,21.92373304848362,21.981044267833177,3102400,21.684528636932374,22.479904437928965,20.889152835935782,0,0
2018-07-18,22.285144805908203,22.30502846641289,22.190404276850607,22.300350692947063,2403200,21.702251529693605,22.533753444604766,20.870749614782444,0,0
2018-07-19,22.26175117492676,22.334268260492436,22.21028674592076,22.2465452887036,2442400,21.715771770477296,22.57400079198912,20.85754274896547,0,0
2018-07-20,22.246545791625977,22.36701853282787,22.21613580322061,22.33543954727446,2615200,21.738271713256836,22.6268499880846,20.84969343842907,0,0
2018-07-23,22.33426856994629,22.351814235384214,22.08630553736727,22.198589943364823,2787200,21.770932006835938,22.69596846436014,20.845895549311738,0,0
2018-07-24,22.30034828186035,22.557668628144288,22.23133997614721,22.4699456611342,3508800,21.82697525024414,22.73759212797528,20.916358372513,0,0
2018-07-25,22.62200164794922,22.632527976812888,22.30035073355007,22.3249121675653,2319200,21.893502044677735,22.831893834989657,20.955110254365813,0,0
2018-07-26,22.543630599975582,22.62433421998348,22.46760296759282,22.514389614765623,3770400,21.972440910339355,22.8486312427655,21.09625057791321,0,0
2018-07-27,22.105024337768555,22.574049278725727,21.967005906347428,22.571709499283664,3990400,22.01747226715088,22.82067563590116,21.214268898400597,0,0
2018-07-30,21.70850944519043,22.124900814178236,21.576339612943958,22.12373003247312,4684800,22.042034244537355,22.772615743905167,21.311452745169543,0,0
2018-07-31,21.774005889892575,21.91670202892726,21.634818526020386,21.772835108353107,4324800,22.058759784698488,22.747517728296806,21.37000184110017,0,0
2018-08-01,22.024316787719727,22.07695021937649,21.88746915152069,21.93074525103625,3085600,22.09993143081665,22.666194737507297,21.533668124126002,0,0
2018-08-02,22.342456817626957,22.374035802781798,21.814948199776502,21.85003774578811,2952800,22.143091106414794,22.64100779668201,21.645174416147576,0,0
2018-08-03,22.39976692199707,22.40210670087766,22.213794657378227,22.36584815950613,2857600,22.176309013366698,22.649006414001477,21.70361161273192,0,0
2018-08-06,22.531938552856445,22.534278331922643,22.35649260219008,22.38924237020285,2488000,22.206719589233398,22.68867245293884,21.724766725527957,0,0
2018-08-07,22.62200164794922,22.67814385328399,22.562348881598027,22.605626763696225,2771200,22.23941116333008,22.740524203432734,21.738298123227423,0,0
2018-08-08,22.6652774810791,22.694518472956304,22.527260856088382,22.60913527639885,3417600,22.280056285858155,22.7808748213755,21.77923775034081,0,0
2018-08-09,22.68633270263672,22.78107323401693,22.665278259703022,22.68399292348218,4003200,22.30321521759033,22.833345761822898,21.773084673357765,0,0
2018-08-10,22.53778648376465,22.64890189249594,22.45123250799823,22.527260155351133,2946400,22.320350646972656,22.857500441621905,21.783200852323407,0,0
2018-08-13,22.495683670043945,22.733120419146413,22.48515733962552,22.578727100761014,3118400,22.33924045562744,22.873143696655216,21.805337214599664,0,0
2018-08-14,22.643051147460938,22.66410558698017,22.45006133963076,22.57755161958472,3759200,22.356492137908937,22.906021490650275,21.8069627851676,0,0
2018-08-15,22.44304656982422,22.591589522980858,22.267600619240174,22.505037329585637,3533600,22.364387226104736,22.914126642040998,21.814647810168474,0,0
2018-08-16,22.58106231689453,22.681651396043478,22.5401260008526,22.609134310399504,2669600,22.380352783203126,22.935759495958344,21.824946070447908,0,0
2018-08-17,22.66059684753418,22.70036416313307,22.44304382403728,22.50854335201857,3205600,22.401055335998535,22.96575766353414,21.83635300846293,0,0
2018-08-20,22.639545440673828,22.72025086443611,22.533107801082167,22.715573090980097,3512000,22.416319179534913,22.989416196302383,21.843222162767443,0,0
2018-08-21,22.688669204711918,22.822008052093047,22.67229432116435,22.692177980848644,2760800,22.43573522567749,23.018038683213003,21.853431768141977,0,0
2018-08-22,22.804466247558597,22.841893791333995,22.614985180010702,22.64890394732993,2339200,22.444858455657958,23.044022757534343,21.845694153781572,0,0
2018-08-23,22.876977920532227,22.98107576176896,22.783406406170087,22.791594739113563,2604800,22.46152582168579,23.08864695461611,21.83440468875547,0,0
2018-08-24,23.138978958129883,23.143656730953666,22.947158147245855,22.947158147245855,2939200,22.513223552703856,23.18326846359167,21.843178641816042,0,0
2018-08-27,23.3167667388916,23.346007729642796,23.188105665694984,23.24541865006956,3593600,22.593636417388915,23.243804579349113,21.943468255428716,0,0
2018-08-28,23.427879333496094,23.44659399366436,23.320272714620916,23.39395878885009,2707200,22.676330089569092,23.308942983404098,22.043717195734086,0,0
2018-08-29,23.65245056152344,23.66765644642561,23.430219766189072,23.430219766189072,31328000,22.75773677825928,23.450000343376075,22.065473213142482,0,0
2018-08-30,23.595144271850582,23.751877368659414,23.530813722943464,23.605672386929044,3841600,22.82037115097046,23.574887789575936,22.065854512364982,0,0
2018-08-31,23.720294952392575,23.7588932790674,23.5740899807737,23.5740899807737,2654400,22.886397552490234,23.710077345449253,22.062717759531214,0,0
2018-09-04,23.75421142578125,23.764737754386047,23.534320383324246,23.67818556177528,4084800,22.947511196136475,23.835768387957117,22.059254004315832,0,0
2018-09-05,23.38460731506348,23.73549924981664,23.261796565682808,23.73549924981664,4346400,22.985641479492188,23.880182968205773,22.091099990778602,0,0
2018-09-06,23.259450912475582,23.42787928417896,23.100379870836647,23.384601409539925,4081600,23.015350151062012,23.90481164949037,22.125888652633655,0,0
2018-09-07,23.1881103515625,23.408003217560648,23.094538805304005,23.134306132427007,3655200,23.0404390335083,23.91961061528203,22.16126745173457,0,0
2018-09-10,23.27348899841309,23.302729989339483,23.133132598912077,23.28401711154021,2818400,23.07722415924072,23.930371642606616,22.224076675874826,0,0
2018-09-11,23.42086601257324,23.48168599201354,23.133133860880505,23.184598293275023,4108000,23.12348327636719,23.945238155428804,22.301728397305574,0,0
2018-09-12,23.375253677368164,23.40683266907164,23.103896368983214,23.4033238922157,3530400,23.16009340286255,23.957861875967673,22.362324929757428,0,0
2018-09-13,23.645431518554688,23.74484980083753,23.510921911144024,23.521450022573635,3360800,23.22021265029907,23.97271290025635,22.467712400341792,0,0
2018-09-14,23.66765594482422,23.78344911284585,23.553029989069632,23.67467349625241,2982400,23.274542331695557,23.99063467189201,22.558449991499103,0,0
2018-09-17,23.30975151062012,23.670000794341355,23.28402107617387,23.64075979843601,2941600,23.307000064849852,23.965358893812926,22.648641235886778,0,0
2018-09-18,23.462974548339844,23.56824141396485,23.295715132827,23.317938574059283,6394400,23.348171520233155,23.93334026987149,22.76300277059482,0,0
2018-09-19,23.3471794128418,23.547188597871333,23.255947653980225,23.480518274618607,4063200,23.381097030639648,23.882193473084612,22.880000588194683,0,0
2018-09-20,23.599822998046875,23.64193010268872,23.40800214017375,23.49338534676767,6365600,23.420864868164063,23.854269204540405,22.987460531787722,0,0
2018-09-21,23.562387466430664,23.740173170877988,23.51794237886502,23.69221752284808,5593600,23.455135345458984,23.812884675488938,23.09738601542903,0,0
2018-09-24,23.64910316467285,23.66318542058655,23.340494957803227,23.448449370492963,3504800,23.480641555786132,23.81667138601579,23.144611725556473,0,0
2018-09-25,23.657323837280277,23.70660726897376,23.569317325578247,23.651456378400727,2476800,23.497669410705566,23.833271243280844,23.162067578130287,0,0
2018-09-26,23.54584312438965,23.774659636890384,23.50946739554294,23.68313303189009,4165600,23.503567600250243,23.838200900791154,23.16893429970933,0,0
2018-09-27,23.66318893432617,23.74650075441034,23.640893667107427,23.64558655944443,3102400,23.50410451889038,23.839724630819536,23.168484406961223,0,0
2018-09-28,23.76878929138184,23.795777443295755,23.61741893704265,23.629152059811307,2500800,23.512786769866942,23.865906143503132,23.159667396230752,0,0
2018-10-01,23.81221008300781,23.961234917352897,23.75940654358535,23.88848345372625,4048800,23.517382526397704,23.883343921974184,23.151421130821223,0,0
2018-10-02,23.781700134277344,23.93893796610572,23.7242019164461,23.81220840611824,5172000,23.51875696182251,23.88845327071906,23.14906065292596,0,0
2018-10-03,23.886133193969727,23.98939470946544,23.84623735043603,23.87909296163984,3349600,23.543833255767822,23.940763869835084,23.14690264170056,0,0
2018-10-04,23.466049194335938,23.82042248335844,23.304118475779838,23.795779879177854,5644000,23.55416316986084,23.93120758699286,23.17711875272882,0,0
2018-10-05,23.157445907592773,23.52824529069554,22.918067209498,23.457841160459445,6021600,23.552629947662354,23.93581537730269,23.16944451802202,1,1
2018-10-08,22.8535270690918,23.09290574960883,22.59654959542921,23.057702791827285,6216000,23.531631851196288,24.00832087595293,23.054942826439646,1,0
2018-10-09,22.91337203979492,23.050661960132697,22.799550160536835,22.845313467316096,5196000,23.506257152557374,24.05274791156161,22.95976639355314,1,0
2018-10-10,21.84907531738281,22.808933600886952,21.806832134897363,22.808933600886952,11228800,23.429948234558104,24.336136896303756,22.523759572812452,1,0
2018-10-11,21.54398727416992,22.11778945891433,21.38674766727236,21.75872151226447,15281600,23.324876022338866,24.541058718827816,22.108693325849917,1,0
2018-10-12,22.20814514160156,22.277378278844505,21.792755270627573,22.128353445113746,9203200,23.251900482177735,24.549481535653236,21.954319428702235,1,0
2018-10-15,21.8901481628418,22.194063481255988,21.85611798373176,22.155340410456617,5240800,23.180920314788818,24.607022829067994,21.75481780050964,1,0
2018-10-16,22.570730209350582,22.63996154672765,22.11896287735456,22.16355340200253,5463200,23.136308097839354,24.580040364033806,21.692575831644902,1,0
2018-10-17,22.490938186645508,22.627055319791133,22.29497728536531,22.627055319791133,4528800,23.09349603652954,24.560274304787324,21.626717768271757,1,0
2018-10-18,22.036821365356445,22.39002003511135,21.904224372066423,22.39002003511135,8724000,23.015345954895018,24.531607021117885,21.49908488867215,1,0
2018-10-19,21.97345924377441,22.36420826472295,21.903055127786065,22.15416690152066,4030400,22.935899543762208,24.495083751182587,21.376715336341828,1,0
2018-10-22,22.15182113647461,22.28441816057285,21.93473773478238,22.064987417698376,6020800,22.861035442352296,24.41983650943187,21.30223437527272,1,0
2018-10-23,22.068511962890625,22.18702674455987,21.47593447355057,21.72469895370645,7120000,22.781594848632814,24.33189197709776,21.231297720167866,1,0
2018-10-24,21.078144073486328,22.06851084187001,21.053501465620343,22.02626765016892,7926400,22.658209896087648,24.33333962949292,20.983080162682377,1,0
2018-10-25,21.755207061767575,21.864336057731624,21.3222165663206,21.359765076950172,8926400,22.562810802459715,24.2153064683471,20.91031513657233,1,0
2018-10-26,21.31869888305664,21.7000604757642,20.999530212725023,21.230692361662587,6912800,22.44030628204346,24.080244868130933,20.800367695955984,1,0
2018-10-29,20.96666145324707,21.76458717359314,20.548924344197264,21.628471854928215,7790400,22.29802885055542,23.930918591034825,20.665139110076012,1,0
2018-10-30,21.23538589477539,21.26002671675202,20.817648582340937,20.90565509896608,7232800,22.17071313858032,23.71573017964027,20.625696097520372,1,0
2018-10-31,21.754037857055664,21.92535800069657,21.49940587867283,21.541649079125577,5440000,22.06410837173462,23.401198427291494,20.727018316177745,1,0
2018-11-01,22.052080154418945,22.06733518665424,21.62260981557045,21.803315699179223,5495200,21.99340991973877,23.16591068894868,20.82090915052886,0,-1
2018-11-02,21.650766372680664,22.032127777515598,21.479448098109717,21.90892014065833,5134400,21.918075942993163,22.9690479623414,20.867103923644926,0,0
2018-11-05,21.599140167236328,21.6319957799926,21.29874317982719,21.6319957799926,4059200,21.85535659790039,22.821864520477934,20.888848675322844,0,0
2018-11-06,21.73056030273437,21.825607014544094,21.538119538312017,21.57801537947968,4181600,21.796216011047363,22.632506998893035,20.95992502320169,0,0
2018-11-07,22.353647232055664,22.36303480533291,21.942950301282988,21.962898223060936,4941600,21.821444606781007,22.69231990219294,20.950569311369076,0,0
2018-11-08,22.312580108642575,22.37007833199698,22.178810303111156,22.27620437589671,3847200,21.85987424850464,22.746081184079284,20.973667312929994,0,0
2018-11-09,21.927696228027344,22.14829973343049,21.730562552090014,22.106056547087263,3705600,21.845851802825926,22.71834114827086,20.973362457380993,0,0
2018-11-12,21.17318725585937,21.77280484805966,21.11686360653723,21.73760189579712,4714400,21.810003757476807,22.729895280179647,20.890112234773966,0,0
2018-11-13,21.182579040527344,21.5416452858998,21.12625358951045,21.20487430774275,6419200,21.740596199035643,22.629371865352667,20.85182053271862,0,0
2018-11-14,20.952587127685547,21.47123855020613,20.843459927675244,21.405527317017544,20489600,21.663678646087646,22.545634418710755,20.78172287346454,0,0
2018-11-15,21.47711181640625,21.521702361198777,20.862238928650992,20.980755526021174,16684000,21.635693168640138,22.503925611981316,20.76746072529896,0,0
2018-11-16,21.446596145629883,21.554550562234677,21.20252459006817,21.236552979559058,4176800,21.60935001373291,22.466896561127445,20.751803466338377,0,0
2018-11-19,20.601734161376957,21.35624230194689,20.546583282522302,21.32338668779901,6094400,21.53184566497803,22.45681125462271,20.606880075333347,1,1
2018-11-20,20.18282699584961,20.456234111292574,19.91059265600187,20.03732224967267,13024000,21.437561416625975,22.49886787328489,20.37625495996706,1,0
2018-11-21,20.352970123291016,20.539543478901315,20.26144350391627,20.48439438458304,4322400,21.40130271911621,22.554794856831588,20.24781058140083,1,0
2018-11-23,20.216856002807617,20.40577672816776,20.1135962419038,20.15231932367916,1666400,21.324385166168213,22.57434997366103,20.074420358675397,1,0
2018-11-26,20.655712127685547,20.66040681036625,20.37174470239497,20.4644440946254,4443200,21.291235828399657,22.574760181619414,20.0077114751799,1,0
2018-11-27,20.67214012145996,20.717903430274696,20.401080385365248,20.519595161911905,3509600,21.276509761810303,22.581175822926525,19.97184370069408,1,0
2018-11-28,21.39379119873047,21.39731131498053,20.78478602051711,20.8422824462659,4894400,21.284430027008057,22.589924324669497,19.978935729346617,0,-1
2018-11-29,21.224817276000977,21.38322786993124,21.09926050174481,21.339811911597952,3882400,21.257968997955324,22.545648713645743,19.970289282264904,0,0
2018-11-30,21.43486213684082,21.447769827985997,21.156762180027357,21.26588937657556,3400000,21.227108097076417,22.465835347176817,19.988380846976018,0,0
2018-12-03,21.886627197265625,22.00396918040913,21.653116006231286,21.960551429108367,10689600,21.238901138305664,22.497862900497367,19.97993937611396,0,0
2018-12-04,21.0452880859375,21.761073200406678,21.012432469692847,21.744645392284347,5528000,21.211208534240722,22.461592462719388,19.960824605762056,0,0
2018-12-06,21.1086483001709,21.1086483001709,20.482042568872973,20.58647685742263,7357600,21.18011293411255,22.40801793517877,19.95220793304633,0,0
2018-12-07,20.378782272338867,21.12038447523951,20.28373555119104,21.027683304628635,5882400,21.08136968612671,22.231038939330553,19.931700432922867,0,0
2018-12-10,20.64867210388184,20.723770913064435,20.17108929934013,20.288431300593995,6880800,20.998174285888673,22.012236962409723,19.984111609367623,0,0
2018-12-11,20.65806007385254,21.000698509205915,20.5031677697972,20.972535783787613,6878400,20.934692478179933,21.86342100661843,20.005963949741435,0,0
2018-12-12,20.843456268310547,21.16497214432187,20.83993615218608,20.9877864009032,4840800,20.91820592880249,21.841102624915465,19.995309232689515,0,0
2018-12-13,20.84475898742676,21.063805679173907,20.73641356312993,20.96488183050921,3814400,20.90131492614746,21.816573004512442,19.98605684778248,0,0
2018-12-14,20.358369827270508,20.71638232211455,20.328928093016003,20.598615385096537,5430400,20.87160406112671,21.81637838145937,19.92682974079405,0,0
2018-12-17,19.88731002807617,20.396064261891823,19.73892427503739,20.28771885216773,30304800,20.792113971710204,21.785976557512367,19.798251385908042,0,0
2018-12-18,20.05335998535156,20.226477579132343,19.892019807643766,20.049827119925947,7756000,20.72245216369629,21.71836073216569,19.72654359522689,0,0
2018-12-19,19.645885467529297,20.37368443029161,19.465700362408608,20.046292419621142,9553600,20.674659729003906,21.77537859072014,19.57394086728767,0,0
2018-12-20,19.31025695800781,19.763660669633804,19.025261006721927,19.575232733040203,12953600,20.631031227111816,21.86711671147302,19.39494574275061,1,1
2018-12-21,18.713171005249023,19.508098060864384,18.623668754048587,19.246655241036823,11964800,20.549041271209717,22.039407630130345,19.05867491228909,1,0
2018-12-24,18.23150062561035,18.754386153449545,18.22090203174412,18.5376954040509,8798400,20.449773502349853,22.248079661588896,18.65146734311081,1,0
2018-12-26,19.33262252807617,19.33262252807617,18.265654271508005,18.364578076108003,12259200,20.383619022369384,22.2430604701849,18.524177574553867,1,0
2018-12-27,19.49161148071289,19.49161148071289,18.72848198213355,19.07589420068722,8209600,20.32459259033203,22.218285444278624,18.430899736385438,1,0
2018-12-28,19.451568603515625,19.77660476680317,19.28904962338125,19.61173174129091,9860800,20.22748146057129,22.090851360099013,18.36411156104357,1,0
2018-12-31,19.64706420898437,19.705947695147977,19.47983532391752,19.621155331313883,7727200,20.148593807220458,21.969498919108876,18.32768869533204,1,0
2019-01-02,19.658838272094727,19.757763886725787,19.236055306177523,19.2607871590806,6889600,20.059792613983156,21.792197783826612,18.3273874441397,1,0
2019-01-03,18.6872615814209,19.198371587200047,18.666064389775343,19.16539697998608,5640800,19.899824333190917,21.51480781211442,18.284840854267415,1,0
2019-01-04,19.499849319458008,19.59053036259296,18.968721089343504,19.02406989558966,5855200,19.822552394866943,21.356783924961864,18.28832086477202,1,0
2019-01-07,19.71772766113281,19.84727207804445,19.49043821698449,19.5340114313176,8864000,19.753006362915038,21.169307494429443,18.336705231400632,1,0
2019-01-08,19.907325744628903,19.983875345344494,19.660016211576885,19.91086040658359,34048000,19.72943353652954,21.118724715190538,18.340142357868544,0,-1
2019-01-09,20.155820846557617,20.259456379099863,19.98859192621648,20.009790920137288,6369600,19.70479097366333,21.044590314749833,18.364991632576825,0,0
2019-01-10,20.25003242492676,20.26180984205281,19.919107489274584,20.020387166821298,3222400,19.68438959121704,20.977104045887145,18.391675136546937,0,0
2019-01-11,20.238256454467773,20.255920782869524,20.107535033350224,20.147575375715217,3130400,19.654129600524904,20.86248161099951,18.445777590050298,0,0
2019-01-14,20.03804588317871,20.10399688483853,19.96856381374795,20.0510003195964,4406400,19.6137939453125,20.709040673643095,18.518547216981908,0,0
2019-01-15,20.333646774291992,20.368977226951955,20.073380963244457,20.07573680595018,3492000,19.612557792663573,20.70449105706421,18.520624528262935,0,0
2019-01-16,20.35484313964844,20.48556455128542,20.29124976503271,20.366620555716462,29172800,19.63593444824219,20.76961523704356,18.502253659440818,0,0
2019-01-17,20.510297775268555,20.61511031613708,20.244143249009387,20.28065252246466,4660800,19.658781337738038,20.842503281093933,18.475059394382143,0,0
2019-01-18,20.815309524536133,20.868304295471116,20.57035403981192,20.688120996103493,5026400,19.71725254058838,21.00372070638541,18.43078437479135,0,0
2019-01-22,20.47261047363281,20.692835938517245,20.3148031586326,20.66221537499264,8316000,19.77537021636963,21.087800681274683,18.462939751464578,0,0
2019-01-23,20.52089500427246,20.709322879488752,20.306558251289392,20.55269259007376,4012000,19.8657564163208,21.12086719776555,18.61064563487605,0,0
2019-01-24,20.73169708251953,20.782337815208617,20.59037707468206,20.59037707468206,4652800,19.99076623916626,21.053124700349944,18.928407777982574,0,0
2019-01-25,21.053207397460938,21.10384634564161,20.818850417160057,20.885978470681604,5064000,20.076795482635497,21.189507031600087,18.964083933670906,0,0
2019-01-28,20.79057884216309,20.796467549705035,20.620995925031195,20.762315921131727,4514400,20.141743850708007,21.261861301149914,19.0216264002661,0,0
2019-01-29,20.58213424682617,20.82944381040486,20.542092110548435,20.81648937157588,4280800,20.198272132873534,21.287033668691784,19.109510597055284,0,0
2019-01-30,21.17331886291504,21.228669472423483,20.78233352864331,20.891855928108303,6815200,20.27458486557007,21.411019790795486,19.138149940344654,0,0
2019-01-31,21.21689987182617,21.33348803373704,21.04849215342604,21.10266575572454,5124800,20.35248794555664,21.522518509479763,19.182457381633515,0,0
2019-02-01,21.360572814941406,21.450075061965347,21.216896973020557,21.24162702950947,4124800,20.486153507232665,21.458859445846937,19.513447568618393,0,0
2019-02-04,21.69621086120605,21.69621086120605,21.38530609672906,21.391194805298788,3494400,20.595971584320065,21.59407246730302,19.597870701337108,0,0
2019-02-05,21.875219345092773,21.92232542435142,21.73978801948785,21.751563640811646,4258400,20.703846168518062,21.76341691080621,19.644275426229914,0,0
2019-02-06,21.95176124572754,22.005934839530617,21.806908383987658,21.899945291327043,3295200,20.806067943572998,21.93099569395624,19.681140193189755,0,0
2019-02-07,21.65498733520508,21.839880512225164,21.51366555765828,21.753911141903,4116800,20.88102626800537,22.022322027761728,19.739730508249014,0,0
2019-02-08,21.795135498046875,21.795135498046875,21.45478720625863,21.46892046557708,3611200,20.958281421661376,22.1271146292068,19.78944821411595,0,0
2019-02-11,21.80691146850586,21.98238491559944,21.75744955254921,21.88346108368614,3044800,21.036714172363283,22.21226156916838,19.861166775558186,0,0
2019-02-12,22.102502822875977,22.1213459682908,21.932919905086315,21.954117095942053,4640000,21.139937019348146,22.30912702816806,19.970747010528232,0,0
2019-02-13,22.136659622192383,22.279156663278084,22.10957371964396,22.20732052977608,3289600,21.230087661743163,22.414641215187203,20.045534108299123,0,0
2019-02-14,22.18847274780273,22.263843528227387,22.036552367318247,22.06834994878868,3239200,21.321769142150877,22.504999865857275,20.13853841844448,0,0
2019-02-15,22.35805892944336,22.375723255326108,22.229691572430724,22.36747870525998,3117600,21.414157199859616,22.617890925186487,20.210423474532746,0,0
2019-02-19,22.3757266998291,22.440498899672285,22.2803357314153,22.307421634265523,5238400,21.492178058624265,22.732268916943127,20.252087200305404,0,0
2019-02-20,22.40752601623535,22.49113957404127,22.2956477335051,22.394571575267744,8564000,21.588923835754393,22.797251241693445,20.38059642981534,0,0
2019-02-21,22.402812957763672,22.482895441652243,22.26738164438442,22.360416771465385,2730400,21.683019733428953,22.835835829654318,20.530203637203588,0,0
2019-02-22,22.70194435119629,22.70194435119629,22.49467328790209,22.49938497405791,3096800,21.78153209686279,22.92905321947045,20.63401097425513,0,0
2019-02-25,22.80793190002441,22.963385183666475,22.79380043677753,22.88683556478882,7432000,21.869268321990965,23.048514726974254,20.690021917007677,0,0
2019-02-26,22.84443473815918,22.905674061426737,22.730200641497937,22.741978056465967,5792800,21.97196111679077,23.11472730123839,20.82919493234315,0,0
2019-02-27,22.84443473815918,22.858567995517063,22.607723791944053,22.76317524703095,3204800,22.08507614135742,23.095349775323815,21.074802507391023,0,0
2019-02-28,22.77142143249512,22.856213794807843,22.70664923948104,22.764355701799285,2187200,22.164981269836424,23.125745133662225,21.204217406010624,0,0
2019-03-01,22.917455673217773,22.96456174775388,22.72785075819039,22.948074441968085,3285600,22.250009059906006,23.159745384230348,21.340272735581664,0,0
2019-03-04,22.785552978515625,23.04228590896641,22.522933137117352,23.01402118909673,4511200,22.321258068084717,23.161767786118915,21.48074835005052,0,0
2019-03-05,22.70900154113769,22.784372318443328,22.637163628629114,22.780839453646276,2874400,22.371897602081297,23.176963645651643,21.566831558510952,0,0
2019-03-06,22.561792373657227,22.71135690249667,22.5311736137373,22.70900106035482,2557600,22.406226253509523,23.18165623483331,21.630796272185737,0,0
2019-03-07,22.36630630493164,22.527646504608867,22.28857966102138,22.500560600330434,4147200,22.426953506469726,23.17433842180715,21.679568591132302,0,0
2019-03-08,22.368661880493164,22.376904635183013,22.0377369333242,22.08484300950465,3620800,22.46263723373413,23.12217049819043,21.80310396927783,0,0
2019-03-11,22.859750747680664,22.873882211599163,22.454632010188032,22.454632010188032,4517600,22.51586799621582,23.120911949817142,21.9108240426145,0,0
2019-03-12,22.972808837890625,23.05642239897968,22.838552736964655,22.912746519690742,10649600,22.574162864685057,23.11612239634003,22.032203333030083,0,0
2019-03-13,23.11647605895996,23.25544200782071,23.032862522688376,23.0811474081304,5201600,22.62486152648926,23.17054165059656,22.079181402381955,0,0
2019-03-14,23.16240882873535,23.22953687007453,23.09528258437769,23.167120514258198,2948800,22.676148986816408,23.221463927063862,22.130834046568953,0,0
2019-03-15,23.42267227172852,23.521596093902797,23.22246878485733,23.23071153821452,3789600,22.737858963012695,23.326101837658832,22.149616088366557,0,0
2019-03-18,23.51218032836914,23.585197088755216,23.36143871535149,23.45447564967159,4539200,22.795565032958983,23.4465449249733,22.144585140944667,0,0
2019-03-19,23.56870460510254,23.66762842998679,23.479200556604177,23.613454832370344,4298400,22.855213928222657,23.557950700700115,22.1524771557452,0,0
2019-03-20,23.496870040893555,23.68411912127095,23.34023973060263,23.553397692199976,5781600,22.909681129455567,23.633719724717647,22.185642534193487,0,0
2019-03-21,24.082386016845703,24.124909429917867,23.490601701393597,23.490601701393597,3813600,22.99365978240967,23.84200317556363,22.145316389255708,0,0
2019-03-22,23.47052574157715,24.04459102180485,23.462258249888148,23.944189752012907,7876000,23.032088851928712,23.893622362137396,22.17055534172003,0,0
2019-03-25,23.374845504760746,23.51304615423419,23.210658223518863,23.40083213652917,4335200,23.060434532165527,23.927886683961145,22.19298238036991,0,0
2019-03-26,23.510683059692383,23.719756667348246,23.381932259346787,23.560295212593143,3634400,23.093746948242188,23.976497157815217,22.21099673866916,0,0
2019-03-27,23.363035202026367,23.624082102301543,23.136244230129204,23.55084802454423,4343200,23.119676971435545,24.002077325694263,22.23727661717683,0,0
2019-03-28,23.46107292175293,23.55911306857739,23.308698401067453,23.425638244180195,3490400,23.154159545898438,24.033322811923366,22.27499627987351,0,0
2019-03-29,23.698495864868164,23.707945712928225,23.56147577155865,23.64179677650781,3306400,23.193211555480957,24.095919964370204,22.29050314659171,0,0
2019-04-01,24.030414581298828,24.05049483311161,23.801260715804005,23.948911216522397,6349600,23.25545463562012,24.207468472489897,22.30344079875034,0,0
2019-04-02,24.098926544189453,24.133180670032377,23.95954352320493,24.0280535772652,3756800,23.324950885772704,24.30962250903887,22.340279262506538,0,0
2019-04-03,24.30209350585937,24.42375738248557,24.20877737376781,24.24657676964652,4337600,23.411965942382814,24.41882794009314,22.405103944672486,0,0
2019-04-04,24.17216110229492,24.344617697307086,24.00797380128395,24.298550808602556,3371200,23.502258682250975,24.43930643327193,22.56521093123002,0,0
2019-04-05,24.28673553466797,24.31390272202395,24.21350146337173,24.253661966832617,3260800,23.598162364959716,24.439197956875706,22.757126773043726,0,0
2019-04-08,24.383590698242188,24.387135968047232,24.115458716637097,24.234759659019247,4247200,23.674354362487794,24.510087079903,22.83862164507259,0,0
2019-04-09,24.27138328552246,24.376510386744915,24.226498751743204,24.27610911163053,5589600,23.739283084869385,24.548258796105056,22.930307373633713,0,0
2019-04-10,24.465103149414062,24.467466062704545,24.291465971246318,24.304459290781818,4413600,23.80671443939209,24.621600312378515,22.991828566405662,0,0
2019-04-11,24.453283309936523,24.515886971595275,24.39540367076892,24.502893656777,2858400,23.871258163452147,24.676217624305497,23.066298702598797,0,0
2019-04-12,24.6115665435791,24.616290566520505,24.453285640615288,24.58794282412356,3100800,23.930702877044677,24.76926741052283,23.092138343566525,0,0
2019-04-15,24.6115665435791,24.68480061460356,24.480452827870447,24.631646795235024,3164800,23.985672187805175,24.85099687717722,23.12034749843313,0,0
2019-04-16,24.717872619628903,24.76512185792711,24.61156498761271,24.700155281750924,3224000,24.043130588531493,24.942036617128633,23.144224559934354,0,0
2019-04-17,24.80646514892578,24.874975198850585,24.706063887947085,24.858438414549724,4664800,24.108610343933105,25.029336941689326,23.187883746176883,0,0
2019-04-18,24.85134696960449,24.85725334914904,24.668260017967405,24.8395342105154,3068000,24.147058391571044,25.12277272184582,23.171344061296267,0,0
2019-04-22,24.928129196166992,24.932855021643164,24.728507227969573,24.752130948227475,3951200,24.219938564300538,25.20037082154836,23.239506307052714,0,0
2019-04-23,25.215164184570312,25.242331374332267,24.95293672895653,24.98128627634363,15756000,24.311954498291016,25.303235504772655,23.320673491809377,0,0
2019-04-24,25.23170280456543,25.354547247426105,25.19862923139623,25.23170280456543,3894400,24.398005485534668,25.394900239209758,23.40111073185958,0,0
2019-04-25,25.19981002807617,25.400614382062205,25.059246439573577,25.353366934903576,5010400,24.489844226837157,25.42494162263491,23.554746831039402,0,0
2019-04-26,25.14664649963379,25.149009411792647,24.87733218948793,25.085223400120597,13605600,24.5741229057312,25.42300412371191,23.725241687750493,0,0
2019-04-29,25.16318893432617,25.25059868010671,25.139565214550814,25.149015062935817,12077600,24.647357559204103,25.43170523634352,23.863009882064684,0,0
2019-04-30,25.20807838439941,25.238789043672025,25.002548211922534,25.162011494303243,11303200,24.706240749359132,25.47311114223321,23.939370356485053,0,0
2019-05-01,25.111215591430664,25.48683940347747,25.111215591430664,25.44431598706414,3688000,24.75685520172119,25.48957460510639,24.02413579833599,0,0
2019-05-02,24.99545669555664,25.286033658412325,24.84898675785409,25.110033622151743,6543200,24.791523361206053,25.500109766336966,24.08293695607514,0,0
2019-05-03,25.24114990234375,25.26359306791328,25.05569999937391,25.112399092088847,2587200,24.844972801208495,25.51904861796534,24.17089698445165,0,0
2019-05-06,25.071054458618164,25.107671493593628,24.55723000671445,24.656452510772063,8004000,24.884188747406007,25.513572143281852,24.254805351530162,0,0
2019-05-07,24.5383358001709,24.88797122122481,24.31272537367104,24.784026481049743,8403200,24.89192600250244,25.499945055983016,24.283906949021866,0,0
2019-05-08,24.49344825744629,24.69425259370702,24.40485795006293,24.473368004057654,5636000,24.903029251098634,25.47218326436699,24.333875237830277,0,0
2019-05-09,24.329254150390625,24.400127097410596,23.896933138791443,24.212314328519856,7343200,24.89623680114746,25.488891388951597,24.303582213343322,0,0
2019-05-10,24.39776992797852,24.502897015966223,23.820161221641666,24.17452243540352,4191200,24.89346113204956,25.494843646547366,24.292078617551752,0,0
2019-05-13,23.45162582397461,23.84614937017108,23.381935213409385,23.72920951334383,12480000,24.835464096069337,25.70038675349849,23.970541438640186,1,1
2019-05-14,23.84496688842773,23.979624085418376,23.574471939186463,23.57683485208088,5300000,24.797134113311767,25.760672059574645,23.83359616704889,1,0
2019-05-15,24.0894775390625,24.167437444935555,23.668969153261628,23.68078011324651,12253600,24.765714359283447,25.777324787588324,23.75410393097857,1,0
2019-05-16,24.33870887756348,24.496989781625043,24.094198783448466,24.117822503067845,6360000,24.742326545715333,25.770578611248727,23.71407448018194,1,0
2019-05-17,24.09656143188477,24.43084237783749,24.071755355013156,24.082387560743417,3237600,24.704587268829346,25.76883851927603,23.640336018382662,1,0
2019-05-20,23.67487335205078,23.8685925583378,23.575652638372883,23.724485511264184,5127200,24.641924476623537,25.790398321948356,23.493450631298717,1,0
2019-05-21,23.99852561950684,24.062311655914066,23.89694198576997,23.928835003973585,2459200,24.58109254837036,25.730554050435412,23.43163104630531,1,0
2019-05-22,23.853233337402344,24.00797076960392,23.834333641250065,23.834333641250065,2517600,24.512169075012206,25.662628561094017,23.361709588930395,1,0
2019-05-23,23.41973304748535,23.566201195186828,23.26499560634946,23.55202732344135,6333600,24.423165225982665,25.6214905438029,23.22483990816243,1,0
2019-05-24,23.438634872436523,23.670151696553525,23.419736974398617,23.565024591273907,2337600,24.3377646446228,25.56086950639409,23.11465978285151,1,0
2019-05-28,23.36539649963379,23.66660388609032,23.36539649963379,23.511866447397274,3350400,24.247875022888184,25.479337501722867,23.0164125440535,1,0
2019-05-29,23.208295822143555,23.35240285517056,23.07954501796551,23.2118392899742,6292800,24.147885894775392,25.375996401874556,22.91977538767623,1,0
2019-05-30,23.34531593322754,23.41146306927075,23.204752367948576,23.283892820169868,3237600,24.059590911865236,25.25135191532322,22.867829908407252,1,0
2019-05-31,22.96969985961914,23.189403933893644,22.961430564289717,23.060651293994397,3840000,23.95830307006836,25.158994924757195,22.757611215379526,1,0
2019-06-03,22.55154800415039,23.116163408324574,22.40626040745792,23.00867340483185,6700800,23.82382297515869,25.022144347032654,22.62550160328473,1,0
2019-06-04,23.300434112548828,23.313427431240964,22.73936210039904,22.842128094554905,3470400,23.735291957855225,24.806876323094425,22.663707592616024,1,0
2019-06-05,23.60164451599121,23.6559807107178,23.316973826784768,23.594557578064883,6544800,23.68845739364624,24.69549045736047,22.681424329932007,1,0
2019-06-06,23.862680435180664,23.91937771472863,23.54847978176557,23.64770047156802,4420000,23.65691900253296,24.5985163615127,22.715321643553217,0,-1
2019-06-07,24.27964973449707,24.41903094798227,23.954818619057708,23.983166362885555,3231200,23.654438781738282,24.589175527113373,22.71970203636319,0,0
2019-06-10,24.545425415039062,24.79938361549107,24.472189523717677,24.479278263425964,6394400,23.661821556091308,24.621914238740118,22.701728873442498,0,0
2019-06-11,24.51588249206543,24.841894055608805,24.388312279624863,24.81354632109341,9744000,23.715034389495848,24.73850842630938,22.691560352682316,0,0
2019-06-12,24.40958404541016,24.481637573626504,24.33989343025611,24.434390126627896,3164000,23.743265247344972,24.809761629308916,22.676768865381028,0,0
2019-06-13,24.480453491210938,24.5536875642198,24.402493592758358,24.496990275515333,8293600,23.762814044952393,24.867622907146288,22.658005182758497,0,0
2019-06-14,24.2607479095459,24.33988835808255,24.176881635869453,24.297364943695403,1984000,23.758915996551515,24.856093510864035,22.661738482238995,0,0
2019-06-17,24.309179306030277,24.415486947816213,24.26074950821419,24.28319267317161,2195200,23.769546890258788,24.883595133496197,22.65549864702138,0,0
2019-06-18,24.716693878173828,24.864344379238187,24.491083479977657,24.55250659308523,3219200,23.821637916564942,25.00817677212331,22.635099061006574,0,0
2019-06-19,24.835996627807617,24.893876277259597,24.628105356150066,24.7863862721521,3016000,23.86351146697998,25.12857579181752,22.598447142142437,0,0
2019-06-20,25.178543090820312,25.282487809751125,24.97891934075701,25.206890831267746,3736800,23.92977695465088,25.318540358871374,22.541013550430385,0,0
2019-06-21,25.045616149902344,25.25531742176449,25.02902972097334,25.138026512190372,3852800,24.011071109771727,25.45993939183168,22.562202827711776,0,0
2019-06-24,25.024293899536133,25.138028906515025,25.024293899536133,25.09300962815416,2290400,24.09035406112671,25.578259833826642,22.60244828842678,0,0
2019-06-25,24.585935592651367,25.036141010726304,24.55868503762516,25.02310868677885,3762400,24.151381015777588,25.615271021666835,22.68749100988834,0,0
2019-06-26,24.82169532775879,25.01362604722137,24.813403018231764,24.813403018231764,2231200,24.23205099105835,25.656454616641426,22.807647365475276,0,0
2019-06-27,24.936616897583008,24.994670296997555,24.87145528758402,24.92358457558321,3140800,24.311616039276124,25.706473061251035,22.916759017301214,0,0
2019-06-28,24.98519325256348,25.043246654701814,24.861980045153924,25.021920214162908,5058400,24.41239070892334,25.6912954830913,23.13348593475538,0,0
2019-07-01,25.35128402709961,25.550322998814064,25.23873312075025,25.515964230988114,7149600,24.5523775100708,25.57265650211631,23.532098518025293,0,0
2019-07-02,25.42591857910156,25.42591857910156,25.270716625935822,25.32403001177204,2842400,24.658651733398436,25.572399360027738,23.744904106769134,0,0
2019-07-03,25.608375549316406,25.608375549316406,25.427108908388377,25.47568410178357,1916000,24.758988285064696,25.62594113530725,23.89203543482214,0,0
2019-07-05,25.569276809692383,25.60244966694033,25.311000355078903,25.42829126249603,2205600,24.844318103790282,25.676857879995953,24.01177832758461,0,0
2019-07-08,25.379711151123047,25.411699902899628,25.27308438891416,25.39511347749414,2008800,24.899321174621583,25.720649487375667,24.0779928618675,0,0
2019-07-09,25.475679397583008,25.49937403629778,25.22214296698635,25.229251177822277,6789600,24.94583387374878,25.78685455786779,24.104813189629766,0,0
2019-07-10,25.67116355895996,25.82873553465136,25.60718785082987,25.608371950093066,4880800,25.003597927093505,25.87664892217235,24.13054693201466,0,0
2019-07-11,25.7564697265625,25.845325995363133,25.667613457761867,25.737515096468616,3052800,25.070942211151124,25.95799898531376,24.183885436988486,0,0
2019-07-12,25.962617874145508,25.964987880913785,25.79082944304785,25.81926229312524,2436000,25.14505043029785,26.06927081523175,24.22083004536395,0,0
2019-07-15,26.02658462524414,26.06449748932899,25.96023892088052,26.0159223101396,2244800,25.233342266082765,26.1399975724658,24.32668695969973,0,0
2019-07-16,25.80622673034668,26.00644797237925,25.752911531303525,26.00644797237925,13224000,25.308194637298584,26.141523036681654,24.474866237915514,0,0
2019-07-17,25.743432998657227,25.904559077503457,25.743432998657227,25.818072830175623,1744000,25.359531593322753,26.166876715085195,24.55218647156031,0,0
2019-07-18,25.92588424682617,25.96261120726876,25.652207288395267,25.709074781732657,2784000,25.41402597427368,26.219793241550885,24.608258706996477,0,0
2019-07-19,25.78490257263184,26.17113047642624,25.77187024847819,26.14388172875418,2955200,25.444343948364256,26.257979999289713,24.6307078974388,0,0
2019-07-22,26.06450080871582,26.132032428547973,25.887972402435977,25.887972402435977,2832800,25.495288181304932,26.33000040639862,24.660575956211243,0,0
2019-07-23,26.21259307861328,26.217331283066507,26.005261833923687,26.217331283066507,2532000,25.554703140258788,26.41561085295487,24.693795427562705,0,0
2019-07-24,26.457839965820312,26.46376227006192,26.166390647283222,26.181792976995823,2662400,25.648298358917238,26.473859345661566,24.82273737217291,0,0
2019-07-25,26.270652770996094,26.40689832702968,26.2149693644607,26.40689832702968,3080000,25.7207462310791,26.496224570385777,24.945267891772424,0,0
2019-07-26,26.453096389770508,26.489823348490084,26.364240144693497,26.3689801567905,2030400,25.796570205688475,26.54668029286822,25.04646011850873,0,0
2019-07-29,26.4116325378418,26.499304694140022,26.178238436374023,26.453099513555117,4230400,25.86789216995239,26.565252675729145,25.170531664175638,0,0
2019-07-30,26.251691818237305,26.35239448779093,26.168759676315165,26.21141075041585,1840800,25.912912559509277,26.586921441102195,25.23890367791636,0,0
2019-07-31,25.869020462036133,26.41519035800878,25.59652756372835,26.36306106173256,5316800,25.935067653656006,26.57168155197505,25.29845375533696,0,0
2019-08-01,25.73869132995605,26.4436171521194,25.611922224138524,25.915219714160838,7044800,25.94158344268799,26.567262769021013,25.315904116354965,0,0
2019-08-02,25.25887107849121,25.59060145896069,25.050355717406035,25.532548054848363,5492800,25.92606315612793,26.601346719434382,25.25077959282148,0,0
2019-08-05,24.22103309631348,24.59659868841076,24.005407694684607,24.59304458247493,8776000,25.86812925338745,26.850121076583815,24.886137430191088,1,1
2019-08-06,24.575267791748047,24.67478816327332,24.30751494898445,24.520770305417177,5561600,25.823108673095703,26.945470158607215,24.70074718758419,1,0
2019-08-07,24.743507385253903,24.790896667717284,24.18548927415361,24.319366618401265,3699200,25.776725864410402,26.99310580875077,24.560345920070034,1,0
2019-08-08,25.35602188110352,25.365500098738572,24.89396826226644,24.941359350441743,8771200,25.756703472137453,26.986863173279588,24.526543770995318,1,0
2019-08-09,25.06694221496582,25.273089378088045,24.891599710666945,25.22214418499528,2869600,25.711919689178465,26.973642523892096,24.450196854464835,1,0
2019-08-12,24.734025955200195,24.959127729347,24.62147506812679,24.904630242369777,3288800,25.64729175567627,26.968915703354174,24.325667807998368,1,0
2019-08-13,25.32877349853516,25.41762976272184,24.66176037133449,24.717443774847634,3389600,25.623419094085694,26.94993669818366,24.29690148998773,1,0
2019-08-14,24.550392150878903,24.94017414524485,24.471014109709703,24.85368789259561,18065600,25.56376705169678,26.968335378994745,24.159198724398813,1,0
2019-08-15,24.50181770324707,24.615554513724053,24.29448642580951,24.56697932342736,5145600,25.492563724517822,26.959483641205882,24.025643807829763,1,0
2019-08-16,24.94254493713379,25.010076563891293,24.67716025088182,24.739953672431824,2837600,25.45044584274292,26.929692310031946,23.971199375453892,1,0
2019-08-19,25.31100273132324,25.408153113659424,25.18778950823268,25.33469737332697,5266400,25.41277093887329,26.86568824329155,23.95985363445503,1,0
2019-08-20,25.198448181152344,25.393931209139204,25.162905319395172,25.27782621466516,2715200,25.362063694000245,26.769873181324208,23.954254206676282,1,0
2019-08-21,25.489891052246094,25.56097676288132,25.37141607304386,25.442501783679088,2976000,25.313666248321532,26.63111876766822,23.996213728974844,0,-1
2019-08-22,25.429479598999023,25.608376238094134,25.217410097128468,25.556248745008038,2076000,25.27160758972168,26.51584362970885,24.027371549734507,0,0
2019-08-23,24.6179256439209,25.532553018495875,24.530255278861567,25.29086475315693,5007200,25.179849052429198,26.329075604012388,24.030622500846007,0,0
2019-08-26,24.92951393127441,24.96031678621512,24.744693186059443,24.923589818612832,3017600,25.10574312210083,26.10965065510084,24.10183558910082,0,0
2019-08-27,24.867902755737305,25.13802562174709,24.731657223488416,25.096560454785955,2899200,25.03655366897583,25.895247757844658,24.177859580107004,0,0
2019-08-28,24.879749298095703,24.924770375316783,24.54328074145652,24.73402555838665,2405600,24.98709011077881,25.757730295129488,24.21644992642813,0,0
2019-08-29,25.31810760498047,25.395117441070557,25.151057418033822,25.216219030791564,3327200,24.96606092453003,25.673910502335005,24.258211346725055,0,0
2019-08-30,25.3015193939209,25.49818831755355,25.11196048845763,25.470939575151537,2540000,24.968193340301514,25.6798054226155,24.256581257987527,0,0
2019-09-03,24.989933013916016,25.192526076622716,24.89752265065617,25.11196393748754,3684000,25.00663833618164,25.63027646964115,24.383000202722133,0,0
2019-09-04,25.422367095947266,25.422367095947266,25.242284579999044,25.261241014895727,2007200,25.0489933013916,25.664703233268096,24.433283369515106,0,0
2019-09-05,25.936548233032227,26.03725271177606,25.73277107701739,25.74106519521788,3510400,25.108645343780516,25.81840000414625,24.398890683414784,0,0
2019-09-06,25.899822235107425,26.00763492901953,25.85124704671381,25.99460260549405,2199200,25.135835361480712,25.919255832295125,24.3524148906663,0,0
2019-09-09,25.700780868530277,26.025403019159427,25.5467648148406,26.00407838690764,5603200,25.167527294158937,25.987657498311478,24.347397090006396,0,0
2019-09-10,25.572830200195312,25.572830200195312,25.270718580048733,25.557427871266185,3516800,25.209467506408693,26.02239249255536,24.396542520262027,0,0
2019-09-11,25.835851669311523,25.851252194519127,25.58349926706009,25.63681267108609,2323200,25.23482141494751,26.0915012795086,24.378141550386424,0,0
2019-09-12,25.956689834594727,26.182977540418836,25.86901948307088,26.005265023176168,13385600,25.305136299133302,26.156402284678492,24.453870313588112,0,0
2019-09-13,25.77305221557617,25.946026521142585,25.752911681329596,25.931810098800327,2279200,25.368698024749754,26.15813979838833,24.57925625111118,0,0
2019-09-16,25.7481746673584,25.800303962071236,25.526626972614068,25.575200353791733,2328000,25.408979511260988,26.189496733994456,24.62846228852752,0,0
2019-09-17,25.840585708618164,25.857172138480347,25.710262468425803,25.76002175801236,1571200,25.435458660125732,26.236545076015542,24.634372244235923,0,0
2019-09-18,25.85479736328125,25.86190557365609,25.501742388312728,25.819254503622084,2222400,25.46827611923218,26.281520055206215,24.655032183258143,0,0
2019-09-19,25.91284942626953,26.1308429695328,25.871382457505558,25.927065846286965,3739200,25.48942403793335,26.325493655571233,24.653354420295468,0,0
2019-09-20,25.63799285888672,25.99815792156664,25.537290179488107,25.992233809181947,2912000,25.499849700927733,26.337867301877573,24.661832099977893,0,0
2019-09-23,25.694860458374023,25.771868490894057,25.555059008097675,25.620220624422025,2369600,25.55369644165039,26.290394102970396,24.816998780330387,0,0
2019-09-24,25.40459442138672,25.9460260612697,25.30981586373802,25.844137484790757,4344800,25.577450466156005,26.260818559288097,24.894082373023913,0,0
2019-09-25,25.70789909362793,25.782537138120432,25.143956756923277,25.378538633287167,2808000,25.619450283050536,26.22165273276662,25.01724783333445,0,0
2019-09-26,25.732158660888672,25.8130316474485,25.546624807241542,25.70956126324387,2096800,25.662070751190186,26.16055936639079,25.163582135989582,0,0
2019-09-27,25.35870742797852,25.770211557564423,25.167226637231725,25.760698584707104,4148800,25.66410074234009,26.157272262211468,25.17092922246871,0,0
2019-09-30,25.635814666748047,25.68933374910672,25.41578955456704,25.457416515712584,2855200,25.680815505981446,26.145538636768023,25.21609237519487,0,0
2019-10-01,25.405092239379883,25.916500758865784,25.37892702572524,25.749994688812556,4178400,25.70157346725464,26.067613023646803,25.335533910862477,0,0
2019-10-02,24.929363250732425,25.24929096320752,24.739071121340764,25.235017873908987,4812800,25.676923274993896,26.161923185379813,25.19192336460798,1,1
2019-10-03,25.25166893005371,25.25404626585848,24.609434384535824,24.91865862661038,4036000,25.642679309844972,26.145890542120938,25.139468077569006,1,0
2019-10-04,25.678634643554688,25.703609372662925,25.40746955324725,25.40865822114188,3183200,25.631619930267334,26.12127936822811,25.14196049230656,0,-1
2019-10-07,25.59775733947754,25.79637374395003,25.568024312195547,25.59062170329145,2777600,25.6264687538147,26.115276399666723,25.137661107962675,0,0
2019-10-08,25.100624084472656,25.45385262317593,25.087541478788825,25.418172624514565,3850400,25.602858448028563,26.142701233341434,25.063015662715692,0,0
2019-10-09,25.45861053466797,25.551377447524725,25.31470367884976,25.35157234745178,2898400,25.583996391296388,26.116266480618254,25.051726301974522,0,0
2019-10-10,25.612030029296875,25.72144735022604,25.44433532248547,25.44671447276391,2614400,25.566763401031494,26.071243966176702,25.062282835886286,0,0
2019-10-11,25.986671447753903,26.216209596779528,25.91293410491837,25.91293410491837,6261600,25.57744436264038,26.107347983485585,25.047540741795178,0,0
2019-10-14,25.985483169555664,26.07705960807673,25.95693880346835,25.95931795433239,2265600,25.589309787750246,26.144020577561164,25.034598997939327,0,0
2019-10-15,26.25545692443848,26.32086996028311,26.039001386905703,26.0604082996765,3079200,25.61005334854126,26.22820006489383,24.99190663218869,0,0
2019-10-16,26.02591133117676,26.09845998384839,25.92481832155308,26.09845998384839,2817600,25.618609046936037,26.254549459892704,24.98266863397937,0,0
2019-10-17,26.00094413757324,26.18410065135157,25.86536156914793,26.13771718885766,2613600,25.62301378250122,26.268198365539554,24.97782919946289,0,0
2019-10-18,25.72620391845703,25.98071855626778,25.5478057569609,25.9497968615887,2541600,25.627424335479738,26.27416238180598,24.980686289153496,0,0
2019-10-21,25.98428726196289,26.0033168353816,25.795185639859504,25.872490786577995,1923200,25.64189567565918,26.306721310953833,24.977070040364524,0,0
2019-10-22,25.632244110107425,26.12581154933068,25.623917992864023,26.04374811826125,2826400,25.653278160095216,26.30919822765288,24.99735809253755,0,0
2019-10-23,25.658416748046875,25.692906265059364,25.510940262910328,25.570406324129237,1973600,25.650804042816162,26.306254454167657,24.995353631464667,0,0
2019-10-24,26.05088996887207,26.06754039257199,25.85108488447309,25.927201366352712,2045600,25.66674060821533,26.344449528138338,24.989031688292325,0,0
2019-10-25,26.3648738861084,26.380335643836546,26.04613664663182,26.04613664663182,2195200,25.717048931121827,26.443455702458326,24.990642159785327,0,0
2019-10-28,26.66695785522461,26.697879550517797,26.5373222908386,26.548025745198544,6900000,25.768606090545653,26.60298000335,24.934232177741304,0,0
2019-10-29,26.45050621032715,26.69907575274972,26.45050621032715,26.66101659830326,2366400,25.820876789093017,26.687952341358002,24.95380123682803,0,0
2019-10-30,26.6289005279541,26.652688403392247,26.3672502309754,26.526618833754416,2786400,25.9058536529541,26.73925447996683,25.07245282594137,0,0
2019-10-31,26.59797477722168,26.68955300237444,26.437415716282665,26.685985184554447,2745600,25.9731689453125,26.801810209021067,25.144527681603936,0,0
2019-11-01,26.944072723388672,26.944072723388672,26.65625720462378,26.70977629681276,4552000,26.0364408493042,26.953944934775045,25.118936763833354,0,0
2019-11-04,27.06657218933105,27.170042553397582,27.024945221270197,27.158150430208867,2964800,26.109881591796874,27.10686957939076,25.112893604202988,0,0
2019-11-05,27.04040908813477,27.14387946027708,26.950021322853228,27.14387946027708,3814400,26.20687084197998,27.169062886154254,25.244678797805708,0,0
2019-11-06,27.0130558013916,27.041598351709013,26.882229729902413,27.041598351709013,2830400,26.284593105316162,27.243581462522034,25.32560474811029,0,0
2019-11-07,27.23188781738281,27.381741636126527,27.160527819070488,27.206911273545455,3541600,26.36558599472046,27.356759295802135,25.37441269363878,0,0
2019-11-08,27.37817001342773,27.37817001342773,27.05229720949057,27.14863192349418,2726400,26.43516092300415,27.50259329201031,25.367728553997992,0,0
2019-11-11,27.41266632080078,27.44120886953775,27.189073343640025,27.222374193673303,2585600,26.506520080566407,27.633331816876034,25.37970834425678,0,0
2019-11-12,27.499488830566406,27.592255752138456,27.375798391963414,27.436454943210023,3093600,26.5687216758728,27.768229650532735,25.369213701212868,0,0
2019-11-13,27.56133079528809,27.5791698878068,27.380553460471017,27.38174212838554,2385600,26.64549264907837,27.89183538311765,25.39914991503909,0,0
2019-11-14,27.528024673461918,27.53991679460989,27.390063001874616,27.46261165548864,3605600,26.721846675872804,27.987838168394532,25.455855183351076,0,0
2019-11-15,27.757568359375,27.75875702730183,27.633879748857773,27.708805752972168,2561600,26.823414897918703,28.079501290359737,25.56732850547767,0,0
2019-11-18,27.822978973388672,27.872930243378736,27.639822501998395,27.74448334279284,2736000,26.91534948348999,28.181423645412547,25.649275321567433,0,0
2019-11-19,27.9145565032959,27.98948249900656,27.789677424098144,27.92644862551093,4792800,27.029465103149413,28.221633438046833,25.837296768251992,0,0
2019-11-20,27.76827049255371,27.943100851761457,27.55062449813672,27.83844182161894,6476800,27.134957790374756,28.18850535587745,26.081410224872062,0,0
2019-11-21,27.61723518371582,27.74449163977412,27.561336928371524,27.74330297159509,2904000,27.213275051116945,28.160326152144783,26.266223950089106,0,0
2019-11-22,27.610092163085938,27.750433014618277,27.4959183390612,27.70999652755785,2763200,27.27553596496582,28.15242590053216,26.398646029399476,0,0
2019-11-25,28.01565170288086,28.02041000425328,27.686209201110355,27.72664750373493,16280000,27.342970657348634,28.22966508392474,26.456276230772527,0,0
2019-11-26,28.03111457824707,28.10604240238913,27.99186675678029,28.02754675945557,3693600,27.422001075744628,28.256658868692217,26.58734328279704,0,0
2019-11-27,28.20475196838379,28.20475196838379,28.050141661800293,28.1262581471873,2572000,27.500793647766113,28.318448006226596,26.68313928930563,0,0
2019-11-29,28.085817337036133,28.171448602290265,28.077493032926423,28.12506515150761,1516000,27.575185775756836,28.31805592314509,26.832315628368583,0,0
2019-12-02,27.68621253967285,28.12626291691281,27.56014475950548,28.117936795887196,4124800,27.612292766571045,28.297240204188505,26.927345328953585,0,0
2019-12-03,27.466184616088867,27.474508920975115,27.117712554052183,27.234267340540995,4631200,27.632273387908935,28.274350813166482,26.990195962651388,0,0
2019-12-04,27.5589542388916,27.65172115824165,27.52208556770893,27.630314245204104,4181600,27.658200645446776,28.2418006788127,27.07460061208085,0,0
2019-12-05,27.63506507873535,27.68263719670491,27.52088945494444,27.654094651827165,2832000,27.689301109313966,28.192873070865538,27.185729147762395,0,0
2019-12-06,27.938344955444336,27.957374530330284,27.828927621990363,27.85390235111304,3120800,27.72462396621704,28.19276185948539,27.256486072948693,0,0
2019-12-09,27.79444122314453,27.966892466096763,27.780169946827524,27.89553426975125,2440000,27.74543752670288,28.18633330974649,27.304541743659268,0,0
2019-12-10,27.78253936767578,27.92168970731416,27.73615592112965,27.8241645139424,5842400,27.76393117904663,28.177632768387056,27.350229589706203,0,0
2019-12-11,27.965696334838867,27.97877893955829,27.78729816944317,27.8538998608293,2736800,27.787241554260255,28.19113683169837,27.38334627682214,0,0
2019-12-12,28.238052368164062,28.27730018551811,27.81584479415684,27.90623255200365,4911200,27.821077632904053,28.255808374912817,27.38634689089529,0,0
2019-12-13,28.42120933532715,28.484243214797036,28.169073817447604,28.26302939531927,4323200,27.865736865997313,28.351399953217918,27.38007377877671,0,0
2019-12-16,28.676536560058597,28.782675208162573,28.621677544090165,28.622869458889625,4234400,27.911685276031495,28.508814032970022,27.314556519092967,0,0
2019-12-17,28.62168312072754,28.73974821869888,28.57040347860069,28.733785004105208,3982400,27.951620483398436,28.622015214495026,27.281225752301847,0,0
2019-12-18,28.631216049194336,28.732583390620505,28.60855693178228,28.6657997728063,3248000,27.98745346069336,28.719838854676926,27.255068066709793,0,0
2019-12-19,28.81964683532715,28.824416314614847,28.64553081598912,28.65984289328701,4196800,28.04002227783203,28.848870453345448,27.23117410231861,0,0
2019-12-20,28.980640411376957,29.019995436343315,28.916242437615704,28.99256683823364,4156000,28.10819253921509,28.989583112186963,27.226801966243215,0,0
2019-12-23,29.07843017578125,29.13686675213248,29.02118733387048,29.08916286744256,3445600,28.181609439849854,29.127093757155173,27.236125122544536,0,0
2019-12-24,29.080820083618164,29.1273302406787,29.011650805476297,29.11063433352152,1876800,28.23486785888672,29.25408438139719,27.21565133637625,0,0
2019-12-26,29.305025100708008,29.305025100708008,29.13687409647805,29.13687409647805,2412000,28.298563385009764,29.413605117025284,27.183521652994244,0,0
2019-12-27,29.294286727905277,29.426662058586693,29.209613464973977,29.42189257969857,2796000,28.35304012298584,29.548021329094798,27.15805891687688,0,0
2019-12-30,29.120174407958984,29.293098519798423,28.872121440609565,29.27759452694503,4056000,28.404757976531982,29.637924038432015,27.17159191463195,0,0
2019-12-31,29.2000789642334,29.22393000174903,28.97945277284939,29.016422153956245,2994400,28.48045129776001,29.71375020979932,27.2471523857207,0,0
2020-01-02,29.735544204711918,29.73792985457468,29.413550622510023,29.462446436249536,11320800,28.593919277191162,29.85043451295996,27.337404041422364,0,0
2020-01-03,29.423080444335938,29.622239370339734,29.32528885327701,29.328866416879947,13059200,28.687125587463377,29.898468641573377,27.475782533353378,0,0
2020-01-06,29.520875930786133,29.53161044339009,29.079625410402187,29.149986601170884,4199200,28.781416130065917,29.943074786142017,27.619757473989818,0,0
2020-01-07,29.517297744750977,29.64251795160924,29.45886298267648,29.560230335110457,3097600,28.86036376953125,29.996440555315843,27.72428698374666,0,0
2020-01-08,29.82855796813965,29.95258625766136,29.501794977840134,29.538764353847693,4972000,28.962069606781007,30.061858668438106,27.86228054512391,0,0
2020-01-09,30.16367721557617,30.17441173036891,29.943052820257293,30.08973844543573,4615200,29.081126499176026,30.15971430633114,28.002538692020913,0,0
2020-01-10,30.09808349609375,30.32347916269428,30.042032558181468,30.28650978230904,4835200,29.18774585723877,30.224994296187766,28.150497418289774,0,0
2020-01-13,30.50116539001465,30.514283730964745,30.21852692193738,30.236414741543356,4740800,29.3009015083313,30.391450978911454,28.210352037751147,0,0
2020-01-14,30.338985443115234,30.55245652994841,30.30559362278117,30.51906470961435,7724800,29.396790313720704,30.498276347707943,28.295304279733465,0,0
2020-01-15,30.364023208618164,30.52859844207041,30.26981098436426,30.37356398647077,5982400,29.48116464614868,30.60728638550003,28.355042906797333,0,0
2020-01-16,30.78023147583008,30.785002774724248,30.53217488541917,30.572721827432844,4518400,29.58909206390381,30.77708620905527,28.40109791875235,0,0
2020-01-17,30.96269416809082,30.979388254870734,30.74802939361076,30.914992098017915,4333600,29.70566596984863,30.950986588380033,28.46034535131723,0,0
2020-01-21,30.91737937927246,31.10103619096261,30.85655714046451,30.87325486854319,5878400,29.8105525970459,31.092528618915257,28.52857657517654,0,0
2020-01-22,31.04498863220215,31.26084354941899,31.01517437690219,31.134431398102013,6104000,29.91377000808716,31.24338002710544,28.584159989068876,0,0
2020-01-23,31.198820114135746,31.198820114135746,30.93645691384962,31.062869034960165,3712800,30.019789505004884,31.403124061679705,28.636454948330062,0,0
2020-01-24,31.03782844543457,31.48265473280058,30.91737770902711,31.423026231915284,6326400,30.1176399230957,31.49831498276574,28.736964863425662,0,0
2020-01-27,30.297243118286133,30.523830704641405,29.98598225593304,30.298435033262784,8578400,30.16725082397461,31.49796549890777,28.836536149041446,0,0
2020-01-28,30.87325859069824,30.94361979729474,30.491634662632464,30.54649551341794,4979200,30.24619941711426,31.547408914227272,28.944989920001245,0,0
2020-01-29,30.904260635375977,31.17020141534985,30.81362415102534,31.104611521318088,5184000,30.335403728485108,31.55783530851561,29.112972148454606,0,0
2020-01-30,31.15111923217773,31.16900705387803,30.69436653406816,30.87325202994056,4530400,30.432955741882324,31.58688783655371,29.279023647210938,0,0
2020-01-31,30.3127384185791,31.006814918291216,30.204215949350083,31.00323735445493,7536800,30.461815452575685,31.572599688166118,29.351031216985252,0,0
2020-02-03,30.693172454833984,30.755188421944958,30.317513645607036,30.344942245145283,7798400,30.525320053100586,31.531610970238923,29.51902913596225,0,0
2020-02-04,31.49577522277832,31.54705486060816,31.13800421374888,31.21313670795465,6640800,30.624065017700197,31.603960004971995,29.6441700304284,0,0
2020-02-05,31.644847869873047,32.03481697668902,31.41826028206466,32.00261889465525,6062400,30.7304425239563,31.6676416797898,29.7932433681228,0,0
2020-02-06,31.898855209350582,31.898855209350582,31.61979434010081,31.773633208903554,4151200,30.833957386016845,31.80650015695253,29.86141461508116,0,0
2020-02-07,31.600725173950195,31.85235572890261,31.53155406710285,31.73548254389846,4628800,30.905809783935545,31.881985915429144,29.929633652441947,0,0
2020-02-10,31.99426651000977,32.001421638563265,31.41825682484512,31.432567081952115,4400800,31.000618934631348,32.012265116440105,29.98897275282259,0,0
2020-02-11,31.93582344055176,32.30074945960215,31.84160941985606,32.2768966110048,4290400,31.0723518371582,32.13436703708767,30.010336637228733,0,0
2020-02-12,32.27572250366211,32.285261464165856,31.97280864571201,32.14334531541231,4111200,31.169188690185546,32.297205409513026,30.041171970858066,0,0
2020-02-13,32.21012496948242,32.37350648871865,31.99784764005867,32.05151474962513,4100000,31.26149377822876,32.41275056059201,30.11023699586551,0,0
2020-02-14,32.34010696411133,32.409278050597,32.1826868770414,32.2864435067699,3859200,31.339487552642822,32.55908529934371,30.119889805941934,0,0
2020-02-18,32.222042083740234,32.27451544343464,32.04673418645074,32.11232406635174,5774400,31.402454948425294,32.66694889509923,30.137961001751354,0,0
2020-02-19,32.58219909667969,32.64421505667848,32.40450735777234,32.40450735777234,5274400,31.485695934295656,32.82827862589071,30.143113242700597,0,0
2020-02-20,32.28047180175781,32.61797102349238,31.82252552993045,32.544032293482246,6850400,31.547470092773438,32.91668638241667,30.1782538031302,0,0
2020-02-21,31.56493186950684,32.13975130055411,31.35742591997732,32.10635949672828,9121600,31.565775680541993,32.92561482207996,30.205936539004032,0,0
2020-02-24,30.273393630981445,30.67886674934424,29.69499638712037,30.074232816913117,15647200,31.527553939819335,32.984133323442826,30.070974556195846,0,0
2020-02-25,29.310985565185547,30.63473900439756,29.18934291462399,30.529792261190146,14342400,31.478241062164308,33.149108677972194,29.807373446356426,1,1
2020-02-26,29.37896156311035,30.03964451736526,29.16072104302534,29.37538399882349,14311200,31.40352621078491,33.2949974578205,29.51205496374932,1,0
2020-02-27,27.858428955078125,29.06888647422042,27.858428955078125,28.409395574864693,20147200,31.25123462677002,33.6902061845463,28.812263068993744,1,0
2020-02-28,28.10290908813477,28.303261778461223,26.688521107779696,26.75769038064733,28288000,31.098824119567873,33.898119125425055,28.29952911371069,1,0
2020-03-02,29.578123092651367,29.578123092651367,28.023010717734955,28.54774263516732,17408000,31.062093353271486,33.920340387703476,28.203846318839496,1,0
2020-03-03,28.498842239379883,29.95735467628416,28.201891687585167,29.766544589514307,16729600,30.95237684249878,34.019664893466164,27.885088791531395,1,0
2020-03-04,29.66160011291504,29.683065498674424,28.706352232558253,29.149986582374943,7608800,30.860668087005614,33.96691639605301,27.75441977795822,1,0
2020-03-05,28.73377799987793,29.43858721165177,28.553698789520706,28.89239000687436,7584800,30.71511459350586,33.93160025051612,27.4986289364956,1,0
2020-03-06,28.124378204345703,28.290145359647205,27.368289269788765,27.785688764979916,13494400,30.526390743255615,33.88279474957597,27.169986736935257,1,0
2020-03-09,25.95628547668457,27.08445750407857,25.69392043906565,25.94078330400009,20152800,30.244168758392334,34.10333763191882,26.38499988486585,1,0
2020-03-10,27.59775924682617,27.59775924682617,26.049784062789385,27.01831506705279,24196800,30.024343395233153,33.959825559565985,26.088861230900324,1,0
2020-03-11,26.270069122314453,27.001555900461877,25.8773890077936,26.851906410879963,12639200,29.74105567932129,33.894990683189945,25.587120675452635,1,0
2020-03-12,23.68532943725586,25.62957674461778,23.67575164833962,24.33899937327175,27701600,29.311536026000976,34.061976465338894,24.561095586663058,1,0
2020-03-13,26.29401206970215,26.32513850301643,23.85532297086217,25.215337479443477,16578400,29.015730381011963,33.74409236398033,24.287368398043593,1,0
2020-03-16,22.7479248046875,24.731679825589246,22.74672826610249,23.138211943021776,15118400,28.53612127304077,33.74035886095449,23.331883685127053,1,0
2020-03-17,24.11871337890625,24.48984307298685,22.457004611359928,23.23877351671968,12671200,28.130954837799074,33.38575698122476,22.876152694373385,1,0
2020-03-18,23.30821228027344,23.704483916081283,21.909886218532407,22.660528720705692,30476000,27.66725549697876,32.90576018024792,22.428750813709605,1,0
2020-03-19,23.34531784057617,24.13067798436476,22.40073043794389,22.934680562591755,10612800,27.220497798919677,32.33156790602671,22.10942769181264,1,0
2020-03-20,22.4055233001709,24.17378237397717,22.36242416938616,23.94392095205063,12592000,26.76252737045288,31.875849616541775,21.649205124363984,1,0
2020-03-23,22.206789016723636,22.78623143590677,21.48368161770406,22.38517004961957,13808000,26.35919713973999,31.572744617416244,21.145649662063736,1,0
2020-03-24,24.514976501464844,24.536525146897024,23.46623191448345,23.60869849298166,12481600,26.119396686553955,31.207488592504628,21.031304780603282,1,0
2020-03-25,24.526954650878903,25.634360986252005,24.030119025719284,24.76759222370214,14562400,25.876796340942384,30.779395776256102,20.974196905628666,1,0
2020-03-26,26.042600631713867,26.09168609895872,24.813080008100687,24.813080008100687,13282400,25.78600492477417,30.604991700770285,20.967018148778052,0,-1
2020-03-27,24.89090156555176,25.684641242361124,24.81787253914732,25.253651794164085,11522400,25.62540454864502,30.33773907075536,20.913070026534676,0,0
2020-03-30,25.876190185546875,25.919289307813347,25.10878723227964,25.11716847980893,12260800,25.440307903289796,29.794252722105817,21.086363084473774,0,0
2020-03-31,25.368579864501957,26.248519563474765,25.230903069565823,25.852248021072025,11804000,25.283794784545897,29.4055604966213,21.162029072470496,0,0
2020-04-01,24.16899299621582,24.99745239404549,23.97025802537756,24.52575688627741,9640000,25.00916442871094,28.628941488515828,21.38938736890605,0,0
2020-04-02,24.641881942749023,24.70054519595036,23.94511309411903,24.044480567039248,6090400,24.80456962585449,27.996399800419066,21.612739451289915,0,0
2020-04-03,24.244421005249023,24.792737116102277,23.9439253991295,24.548509880812823,4012800,24.610571765899657,27.420512455747264,21.80063107605205,0,0
2020-04-06,26.30957794189453,26.490355702245708,25.161467446713534,25.3302725166712,9448800,24.628236389160158,27.475981785739062,21.780490992581253,0,0
2020-04-07,26.10964584350586,27.31761610976435,26.08211084835523,27.31761610976435,13883200,24.553830718994142,27.15437116716443,21.953290270823853,0,0
2020-04-08,26.859092712402344,26.971627600744338,26.22338010849752,26.42331344598884,8487200,24.583281898498534,27.272722891514945,21.893840905482122,0,0
2020-04-09,26.922536849975582,27.361907442279968,26.723801930045628,27.252962197728237,13693600,24.745142269134522,27.584412731358753,21.90587180691029,0,0
2020-04-13,26.98360061645508,26.989586961820404,26.41253761199428,26.850711787159828,8109600,24.77962169647217,27.708621706157487,21.85062168678685,0,0
2020-04-14,28.079036712646484,28.134108537394862,27.47684721647754,27.598961730988275,12955200,25.046177291870116,28.152059284599154,21.940295299141077,0,0
2020-04-15,27.470861434936523,27.6648066109472,27.24698453082572,27.52114344994758,7295200,25.21378469467163,28.460000147105504,21.967569242237758,0,0
2020-04-16,27.75579071044922,27.83959406233095,27.324801260724865,27.797693299778118,10008800,25.43616361618042,28.73862071601405,22.133706516346788,0,0
2020-04-17,28.20234680175781,28.293333039321237,27.78093330195271,28.2586133326308,8070400,25.6790150642395,29.044478221771566,22.313551906707435,0,0
2020-04-20,27.73424530029297,28.170024607767523,27.728258954435717,27.83361279583932,10504000,25.945451164245604,29.066994705814814,22.823907622676394,0,0
2020-04-21,26.594505310058597,27.415781636520585,26.44006786793984,27.35352694838152,8400000,26.164836978912355,28.780223922632366,23.549450035192343,0,0
2020-04-22,27.60254669189453,27.74381674938794,27.134442685164466,27.24458630879872,5391200,26.319215488433837,28.890968177423343,23.74746279944433,0,0
2020-04-23,27.461280822753903,27.986849762873355,27.42656111779459,27.67079011047221,4806400,26.465931797027586,28.94509134334559,23.98677225070958,0,0
2020-04-24,28.00121688842773,28.02516044283095,27.381070243536865,27.564241083546783,6852800,26.563862609863282,29.121879124070915,24.00584609565565,0,0
2020-04-27,28.319673538208008,28.37474353469973,28.134107781105048,28.27298296432318,7088000,26.735301208496093,29.281415578789844,24.189186838202342,0,0
2020-04-28,27.960506439208984,28.691993098069982,27.92698510515117,28.67283752810103,6744800,26.839517021179198,29.40697994509576,24.272054097262636,0,0
2020-04-29,29.154115676879883,29.23552412292679,28.46333311666275,28.54833483111856,7587200,27.028793811798096,29.690993131051577,24.366594492544614,0,0
2020-04-30,28.972143173217773,29.222356698560205,28.772211660615728,29.222356698560205,6699200,27.268951320648192,29.713584607329512,24.824318033966872,0,0
2020-05-01,28.14008903503418,28.651292178394996,28.021565987337496,28.322063317124552,7437600,27.44386167526245,29.594520843510903,25.293202507013998,0,0
2020-05-04,28.486082077026367,28.51002563180625,27.843188405966988,27.934174644841,4998400,27.655944728851317,29.27315792582818,26.038731531874454,0,0
2020-05-05,28.92663955688477,29.26784103423491,28.78656789063512,28.810511437324923,7199200,27.78679780960083,29.370237348611923,26.20335827058974,0,0
2020-05-06,29.13496208190918,29.416303874095508,28.991298926510765,29.17087832745281,5696000,27.938063621520996,29.4269212466251,26.449205996416893,0,0
2020-05-07,29.65933609008789,29.8233513670778,29.532431772200383,29.57313782692245,6497600,28.078075790405272,29.658583156965857,26.497568423844687,0,0
2020-05-08,30.098711013793945,30.134627266236517,29.7551144517844,29.9718085050365,6192800,28.23688449859619,29.953468899432067,26.520300097760312,0,0
2020-05-11,30.305818557739254,30.487792855753234,29.85208209119296,29.904757179113787,11072000,28.4029953956604,30.240995454166548,26.564995337154254,0,0
2020-05-12,29.6545467376709,30.517725920995524,29.6545467376709,30.4530763092417,28762400,28.48177089691162,30.391144669475988,26.57239712434725,0,0
2020-05-13,29.12777709960937,29.90116464095218,28.75185765379197,29.70602294819548,9308000,28.564616680145264,30.43473211050803,26.694501249782498,0,0
2020-05-14,29.47854995727539,29.51087475349244,28.5626959542566,28.88952987714899,6398400,28.65075464248657,30.52261672229209,26.778892562681055,0,0
2020-05-15,29.65214729309082,29.65214729309082,28.984113585778505,29.0643254921866,5322400,28.723244667053223,30.63195940765187,26.814529926454576,0,0
2020-05-18,30.36687469482422,30.539271204781443,30.163351747648743,30.239972215765725,7204000,28.854876136779787,30.834412590052793,26.87533968350678,0,0
2020-05-19,30.274688720703125,30.764341376538194,30.274688720703125,30.413562048574278,5676800,29.03888530731201,30.817774109433085,27.259996505190937,0,0
2020-05-20,30.96786880493164,31.02772860157866,30.67335597487084,30.71166712157742,5672000,29.207151412963867,31.04638309610132,27.367919729826415,0,0
2020-05-21,30.584762573242188,31.0504698597632,30.520112974248025,30.94631440522092,5638400,29.36332550048828,31.111227522923432,27.615423478053128,0,0
2020-05-22,30.734411239624023,30.75595988753333,30.40997036859687,30.53687466001867,4168800,29.499985218048096,31.227806161612882,27.77216427448331,0,0
2020-05-26,30.75596618652344,31.35456421916715,30.70209455571697,31.35456421916715,6104800,29.621799850463866,31.343101828810426,27.900497872117306,0,0
2020-05-27,30.92716217041016,30.930753612211163,30.0388447984744,30.738006812970227,6693600,29.770132637023927,31.4022126093281,28.138052664719755,0,0
2020-05-28,30.86491203308105,31.432381809300253,30.76793944229809,30.83857357301948,5620000,29.855672454833986,31.528463475984466,28.182881433683505,0,0
2020-05-29,31.250411987304688,31.330625739561683,30.712872067374526,30.94033861266116,5908000,29.96958589553833,31.69563907749475,28.24353271358191,0,0
2020-06-01,31.35096740722656,31.423998254547424,31.018147104225203,31.124699289490383,8140800,30.13012981414795,31.738978287864356,28.521281340431543,0,0
2020-06-02,31.6311149597168,31.6311149597168,31.08639223310041,31.41083133089282,4565600,30.28738145828247,31.836411407025967,28.738351509538976,0,0
2020-06-03,31.92562484741211,32.00703329220473,31.641886348577177,31.75801449765417,5732800,30.437330722808838,32.01086153926517,28.863799906352504,0,0
2020-06-04,31.61195945739746,31.978301147357488,31.415621209898088,31.81069443521112,5651200,30.561180591583252,32.09459566514306,29.027765518023443,0,0
2020-06-05,32.37575912475586,32.46435408190353,31.74004856540166,31.85138687725444,5710400,30.69700174331665,32.36236854868487,29.031634937948436,0,0
2020-06-08,32.57450485229492,32.58408446608618,32.072879446378785,32.3482367128188,11107200,30.8207914352417,32.649879806686,28.9917030637974,0,0
2020-06-09,32.64752960205078,32.824712234984766,32.36259642864976,32.39851083977111,5110400,30.937876987457276,32.91400532779983,28.961748647114728,0,0
2020-06-10,33.13360977172852,33.37544213681212,32.81515508094303,32.90015500500627,5129600,31.111830139160155,33.21394945250486,29.009710825815443,0,0
2020-06-11,31.24561882019043,32.58408679280077,31.21449420702677,32.43922343889313,10707200,31.21772222518921,33.11254138845696,29.322903061921462,0,0
2020-06-12,31.62991523742676,32.25006179948317,31.08638730851605,32.15308922969855,8929600,31.325290489196778,33.049556279662866,29.60102469873069,0,0
2020-06-15,32.0237922668457,32.1387257049045,30.96068171288966,31.027728045199947,5960000,31.443872737884522,33.01057144315521,29.877174032613834,0,0
2020-06-16,32.69781875610352,32.96598950891716,32.204574555655924,32.83190413251034,8829600,31.560419940948485,33.13607948453618,29.984760397360787,0,0
2020-06-17,32.67266845703125,32.989924588470785,32.63675039371367,32.94562893190865,4323200,31.680318927764894,33.210677816164434,30.14996003936535,0,0
2020-06-18,32.85105514526367,32.88697321481029,32.56492722170116,32.637954418740904,5334400,31.774478244781495,33.34900739410423,30.199949095458763,0,0
2020-06-19,32.63316345214844,33.28443829841611,32.49189521618828,33.248523883698056,5104800,31.876898288726807,33.39398957197538,30.359807005478228,0,0
2020-06-22,33.23746109008789,33.266263957159175,32.64097730033361,32.6901846399957,4426400,32.00205078125,33.534396783948374,30.469704778551623,0,0
2020-06-23,33.45587921142578,33.84953410857564,33.416271622429065,33.5038851915423,5562400,32.13704643249512,33.682157116556226,30.59193574843401,0,0
2020-06-24,32.69977188110352,33.51228785132071,32.51014697429656,33.3298599959088,7292800,32.225676918029784,33.68393395117224,30.767419884887325,0,0
2020-06-25,33.13422775268555,33.16063158819406,32.382925274345354,32.729771829876015,5039200,32.33914270401001,33.70653889596236,30.971746512057656,0,0
2020-06-26,32.52215576171875,33.12703783344168,32.39373689887437,33.06463041218775,7037600,32.40272989273071,33.676790670184836,31.128669115276583,0,0
2020-06-29,32.85340118408203,32.85340118408203,32.09969574573838,32.55816084994635,6948800,32.47785158157349,33.669504991544486,31.28619817160249,0,0
2020-06-30,33.44987869262695,33.545894322708826,32.82819259616167,32.83779232785897,5987200,32.56878976821899,33.765674722548326,31.371904813889657,0,0
2020-07-01,33.529090881347656,33.711518750823494,33.30826042169646,33.44267864386485,7564800,32.64896306991577,33.87718372728316,31.420742412548382,0,0
2020-07-02,33.71270751953125,34.00074701415173,33.63349601755196,33.839924993510465,6564800,32.75400047302246,33.96875547355578,31.539245472489135,0,0
2020-07-06,34.24559020996094,34.46762200262943,34.0991695805502,34.139974849386405,6245600,32.84749202728271,34.21021786677099,31.484766187794435,0,0
2020-07-07,33.93115234375,34.57924237899974,33.88794438800144,34.19879114602302,6304000,32.91532440185547,34.350098365308924,31.48055043840202,0,0
2020-07-08,34.52043533325195,34.52043533325195,34.03796541734918,34.165186604407985,4528000,33.008969688415526,34.59781580333083,31.42012357350022,0,0
2020-07-09,34.6596565246582,34.8120765589445,34.13398229659365,34.80487584315916,4821600,33.085272026062015,34.82968888167752,31.34085517044651,0,0
2020-07-10,34.59243392944336,34.63683954703234,34.238383003193285,34.585233216462505,4669600,33.25261278152466,34.898340908958325,31.606884654090997,0,0
2020-07-13,33.80272674560547,35.09770888063365,33.7247165679193,34.886478167101714,11260000,33.361253356933595,34.84284222760475,31.87966448626244,0,0
2020-07-14,34.207183837890625,34.24679142927745,33.14143782955449,33.52908971344404,8337600,33.47042293548584,34.860672134872104,32.08017373609958,0,0
2020-07-15,34.42081451416016,34.66925015287197,33.976754580899666,34.53843228897885,6807200,33.55657272338867,34.958132953822776,32.15501249295456,0,0
2020-07-16,33.98635482788086,34.14477787490616,33.722320078793906,34.061965994080296,4161600,33.62225704193115,34.97421804054624,32.27029604331606,0,0
2020-07-17,34.18798828125,34.28760428911363,33.86874677535214,34.174788189613096,3877600,33.68910369873047,35.0138619912574,32.36434540620354,0,0
2020-07-20,35.08571243286133,35.1697256616465,34.12917834781626,34.282799712143415,5258400,33.81173114776611,35.176258831241476,32.447203464290745,0,0
2020-07-21,34.747257232666016,35.39774979941275,34.63924286192944,35.39774979941275,6194400,33.88722095489502,35.283009458331584,32.49143245145846,0,0
2020-07-22,35.00890350341797,35.15772316966332,34.75566614016069,34.80127311210613,4807200,33.964872169494626,35.427243500522025,32.50250083846723,0,0
2020-07-23,34.14837646484375,35.09650835534564,33.98515539159638,34.87687924536273,8460000,34.03730239868164,35.38050170435276,32.69410309301052,0,0
2020-07-24,33.70791244506836,33.95155003450401,33.17144093274397,33.623902893221015,10396800,34.06598663330078,35.354196250774855,32.77777701582671,0,0
2020-07-27,34.27919387817383,34.31999914595503,33.873536554919674,33.925146556562694,5584800,34.153838539123534,35.231345338623775,33.07633173962329,0,0
2020-07-28,33.86993789672852,34.28879899203372,33.85193611042527,34.213187826938274,3546400,34.20466537475586,35.11492901028167,33.294401739230054,0,0
2020-07-29,34.44962310791016,34.520432580005746,34.01996091520682,34.01996091520682,3221600,34.25465259552002,35.10120163031029,33.40810356072975,0,0
2020-07-30,34.62245559692383,34.65125846338565,33.93355651885447,34.12798319271756,3513600,34.30932083129883,35.100812242272724,33.51782942032493,0,0
2020-07-31,35.43735885620117,35.444559571118,34.580440817500225,35.17932347135604,6256800,34.39555339813232,35.27874018453944,33.512366611725206,0,0
2020-08-03,36.26667404174805,36.393891550763655,35.85621865609297,35.942630894539604,7621600,34.49660758972168,35.69447728303756,33.2987378964058,0,0
2020-08-04,36.385498046875,36.39389644001607,36.0566494955576,36.237876051432025,7245600,34.61932487487793,36.0420993400149,33.196550409740965,0,0
2020-08-05,36.54511642456055,36.62912965150495,36.37949265080408,36.51751124139375,4141600,34.72055892944336,36.3707324456858,33.07038541320091,0,0
2020-08-06,36.98558807373047,37.02159165764338,36.41310545115424,36.55472443137568,4428000,34.836855506896974,36.758912384908264,32.914798628885684,0,0
2020-08-07,36.38789367675781,36.861961499093496,36.08905301850717,36.861961499093496,8192000,34.926628494262694,36.959178957261415,32.89407803126397,0,0
2020-08-10,36.27267074584961,36.52830339660824,35.79140231244199,36.47669706307161,5455200,35.050125694274904,37.09462809619997,33.00562329234984,0,0
2020-08-11,35.63059616088867,36.342295065472,35.58619052094936,36.15987080710367,5032800,35.1212963104248,37.1424365932696,33.100156027580006,0,0
2020-08-12,36.411895751953125,36.48630557588854,35.88502028469794,35.93062725101235,8547200,35.22085037231445,37.28975308445392,33.15194766017498,0,0
2020-08-13,36.50070190429688,36.78514107142355,36.35188227722127,36.45509494435532,6112800,35.346567726135255,37.40568092337078,33.28745452889973,0,0
2020-08-14,36.41069412231445,36.56191644886502,36.237869652720015,36.51390680304965,3305600,35.457703018188475,37.49450312567507,33.420902910701884,0,0
2020-08-17,36.72274017333984,36.78514758806118,36.61352445061107,36.62072516528576,3268800,35.5395544052124,37.64054095473972,33.43856785568508,0,0
2020-08-18,36.83195495605469,36.939969336040335,36.53671101143962,36.81155048991587,3289600,35.643789291381836,37.783695296362936,33.503883286400736,0,0
2020-08-19,36.77434539794922,37.0923891618181,36.72513807408697,36.90636460067454,3474400,35.7320613861084,37.90531822518476,33.55880454703204,0,0
2020-08-20,37.24840545654297,37.316815899022046,36.583515143608174,36.66992737026032,3662400,35.88706283569336,38.02836892617145,33.74575674521526,0,0
2020-08-21,37.63605499267578,37.69006399924165,37.27240435962917,37.2976068534702,5163200,36.08346996307373,38.10657257105493,34.06036735509253,0,0
2020-08-24,37.94211196899414,38.21575011970232,37.63606693901163,38.1905439552396,4545600,36.266615867614746,38.26626635111074,34.266965384118755,0,0
2020-08-25,38.12333679199219,38.15094197526351,37.788488885635054,37.889306223398926,4108800,36.47928581237793,38.311868005214414,34.64670361954145,0,0
2020-08-26,38.91183853149414,39.02225557489683,38.45937661300304,38.51098294668612,5106400,36.70239658355713,38.5782431220861,34.82655004502816,0,0
2020-08-27,38.88784790039063,39.19989235851613,38.56020433258806,39.08587857942779,5460000,36.91566619873047,38.76684774335563,35.06448465410531,0,0
2020-08-28,39.26349258422852,39.37870767846847,39.033062395748615,39.061865253653146,5982400,37.10697288513184,39.093391608766474,35.1205541614972,0,0
2020-08-31,39.38350296020508,39.64394096674005,39.18667735888337,39.40030706632659,5144000,37.262814331054685,39.440889290242524,35.084739371866846,0,0
2020-09-01,40.32084274291992,40.36045033763509,39.636749186593306,39.81917340242266,6870400,37.459581565856936,39.97065940816526,34.94850372354861,0,0
2020-09-02,40.60887908935547,40.894519634048685,39.87917862160806,40.894519634048685,9088800,37.66276969909668,40.48353837794072,34.84200102025264,0,0
2020-09-03,38.20734786987305,39.936790345665976,37.9157079336243,39.936790345665976,17240800,37.723857688903806,40.53622449563855,34.91149088216906,0,0
2020-09-04,37.60007095336914,38.50619648871953,35.98224288444285,37.9841225837794,18643200,37.78446655273437,40.53052153779076,35.03841156767798,0,0
2020-09-08,35.96183395385742,37.0851893889396,35.91022394878503,36.276277368482,16860000,37.768924713134766,40.55229396488621,34.98555546138332,0,0
2020-09-09,37.097198486328125,37.465650989764455,36.41070215363184,36.79595510671192,9693600,37.84225482940674,40.46930423759673,35.21520542121675,0,0
2020-09-10,36.31467056274414,37.70686574705579,36.11784497584743,37.625255227186926,9372000,37.837393569946286,40.47534948048714,35.19943765940543,0,0
2020-09-11,36.0232048034668,36.743787993273024,35.582914083390115,36.693261263900176,9997600,37.81351871490479,40.50748207869153,35.119555351118045,0,0
2020-09-14,36.78950500488281,36.96393475880199,36.46830799353555,36.61627573355854,5763200,37.8324592590332,40.49180900600613,35.17310951206027,0,0
2020-09-15,37.19128036499024,37.4138321014949,36.92542316859858,37.37413175873313,6196800,37.85588626861572,40.483788961375836,35.2279835758556,0,0
2020-09-16,36.63431167602539,37.38136045080197,36.61506357550815,37.33324203510875,5390400,37.84600410461426,40.49066736568141,35.20134084354711,0,0
2020-09-17,36.3058967590332,36.52243513408415,35.74049895622187,35.79463079658479,7145600,37.822581672668456,40.512701553572214,35.1324617917647,0,0
2020-09-18,35.77297592163086,36.40814850897812,35.32667186550151,36.4009309306946,8876000,37.74881019592285,40.57533051815887,34.92228987368683,0,0
2020-09-21,36.10259628295898,36.11583095925158,35.02833705760918,35.17149183357406,10963200,37.67213726043701,40.58849860261402,34.75577591826001,0,0
2020-09-22,36.70167541503906,36.77145023303422,35.88966482136118,36.52243276988512,6552800,37.610115432739256,40.55350779865365,34.666723066824865,0,0
2020-09-23,35.60456466674805,36.72333351294543,35.4842667834494,36.68604146281885,5964800,37.484176826477054,40.542261853386705,34.4260917995674,0,0
2020-09-24,35.71404266357422,36.150724646602754,35.19796362261315,35.21721172797868,5826400,37.324287033081056,40.401405238451275,34.24716882771084,0,0
2020-09-25,36.61387252807617,36.70650427442335,35.54683058374756,35.75735194006226,5176800,37.21058826446533,40.21540773433533,34.20576879459533,0,0
2020-09-28,37.2923469543457,37.2923469543457,36.91340932437226,37.19009301071468,5347200,37.11203098297119,39.96659567185486,34.25746629408752,0,0
2020-09-29,37.19009017944336,37.4306859479291,37.14076760635977,37.27670480294623,4341600,37.002360343933105,39.66125684919849,34.343463838667724,0,0
2020-09-30,37.46676635742188,37.84329553915459,37.134743121012,37.19970498709197,5853600,36.859656524658206,39.057142044102136,34.662171005214276,0,0
2020-10-01,37.93351364135742,38.03576753250633,37.70494849544711,37.96479225237199,5610400,36.7258882522583,38.20124131469876,35.25053518981784,0,0
2020-10-02,37.0601692199707,37.668876206421245,36.9134056577514,37.046934543987,8308000,36.66852931976318,37.99023681526089,35.34682182426547,0,0
2020-10-05,37.90225601196289,37.90225601196289,37.34166741986565,37.34166741986565,5771200,36.68363857269287,38.05362393492833,35.31365321045741,0,0
2020-10-06,37.38016128540039,38.22344692127298,37.22377183988798,37.82285659929412,5020000,36.75455493927002,38.11454455866219,35.394565319877856,0,0
2020-10-07,38.08751678466797,38.15729162332408,37.76511929013455,37.76511929013455,4263200,36.80407085418701,38.27771972611119,35.330421982262834,0,0
2020-10-08,38.25472259521485,38.45802628886651,38.15246867164808,38.41231251095199,9509600,36.901073455810554,38.484417557556284,35.317729354064824,0,0
2020-10-09,38.90073013305664,38.90073013305664,38.45081717574913,38.46886112595122,3540000,37.04494972229004,38.79702612345697,35.29287332112311,0,0
2020-10-12,39.88114929199219,40.1145274578842,39.24357203746228,39.49739878576767,5248000,37.19953193664551,39.3372747347041,35.061789138586924,0,0
2020-10-13,39.68747329711914,40.10370292628284,39.55153610784201,40.02190125048417,7586400,37.32434158325195,39.721337891979054,34.927345274524846,0,0
2020-10-14,39.46491622924805,39.97377750604673,39.16296742149287,39.8053612338484,8697600,37.465871810913086,40.01276242323372,34.918981198592455,0,0
2020-10-15,39.31576156616211,39.37591051770283,38.631266203932704,38.763594631562405,4654400,37.61636505126953,40.2262249951503,35.00650510738877,0,0
2020-10-16,39.19064331054688,39.66582140637264,39.19064331054688,39.52627542463343,3188000,37.78724842071533,40.33883971513012,35.23565712630054,0,0
2020-10-19,38.59156036376953,39.57439570780544,38.45562683638549,39.43244508340079,4293600,37.91169662475586,40.36331684148524,35.46007640802648,0,0
2020-10-20,38.6408805847168,39.0498926380084,38.45923328431724,38.72749520421854,6565600,38.00865688323975,40.414139808574106,35.6031739579054,0,0
2020-10-21,38.50254440307617,38.91516530637202,38.423147350959695,38.6011895591482,2576000,38.15355587005616,40.29720190845062,36.0099098316617,0,0
2020-10-22,38.34975814819336,38.66012503052942,37.86134910060432,38.51576979247527,3617600,38.285341644287115,40.11378428944581,36.45689899912842,0,0
2020-10-23,38.32690048217773,38.47245987073593,38.01292114584039,38.40870214920222,2091200,38.37099304199219,40.03094529583312,36.711040788151266,0,0
2020-10-26,37.49925231933594,38.21021317416003,37.0324959946501,37.93713465870123,4809600,38.3813383102417,40.01666833435285,36.746008286130554,0,0
2020-10-27,37.66767501831055,37.80842516601818,37.49324527919286,37.688127275095525,3296800,38.405217552185064,39.98321376637574,36.82722133799439,0,0
2020-10-28,36.1639518737793,36.96874506869692,36.09177240400366,36.95791869891063,6426400,38.34007682800293,40.157111509967386,36.52304214603847,1,1
2020-10-29,36.67642211914063,37.08543422014047,36.26741001814078,36.32875944701053,5878400,38.27722225189209,40.22819711529404,36.326247388490145,1,0
2020-10-30,35.84756851196289,36.399735408786434,35.462617451158884,36.21567977651192,6740000,38.2165922164917,40.378997996067824,36.05418643691557,1,0
2020-11-02,35.92214584350586,36.3840929032558,35.535990701808345,36.13507542679678,4953600,38.11758670806885,40.49874730209816,35.73642611403954,1,0
2020-11-03,36.57295989990234,36.81957275489565,36.04485411942385,36.18920937169318,7177600,38.077226638793945,40.53320407726774,35.62124920032015,1,0
2020-11-04,38.0189323425293,38.27516734233754,37.292332323516064,37.69533084254223,7357600,38.073797416687015,40.52989932980264,35.61769550357139,1,0
2020-11-05,39.229129791259766,39.300105082527104,38.868236239677245,38.97529941762322,7440000,38.12251777648926,40.62917964217345,35.615855910805074,0,-1
2020-11-06,39.411991119384766,39.50341868357462,38.64449005250667,39.14011673399912,3914400,38.148080825805664,40.696053595860064,35.600108055751264,0,0
2020-11-09,39.00056838989258,40.450156160780566,38.93320188076314,40.450156160780566,7241600,38.104051780700686,40.55946473117843,35.64863883022294,0,0
2020-11-10,38.194580078125,38.87907536597702,37.84330862396815,38.597578743898026,10052800,38.02940711975098,40.37609836287099,35.682715876630965,0,0
2020-11-11,39.12808990478516,39.24357484247912,38.55065787391536,38.62163318308145,5468000,38.012565803527835,40.32235124000108,35.70278036705459,0,0
2020-11-12,38.82373428344727,39.35063588892384,38.65892311189525,39.16537980581828,2980000,37.98796443939209,40.25172742952333,35.724201449260846,0,0
2020-11-13,39.12928771972656,39.20267133107535,38.75516309791797,39.10282204089253,2504800,37.984896659851074,40.242289337925705,35.727503981776444,0,0
2020-11-16,39.51423645019531,39.57799416629,39.02462330084976,39.24717506611584,4412000,38.03103046417236,40.37228573866849,35.68977518967623,0,0
2020-11-17,39.39995574951172,39.5996506476097,39.16417296009463,39.35063318390925,2993600,38.06898422241211,40.47234065930626,35.66562778551796,0,0
2020-11-18,38.98973846435547,39.521456632092175,38.98973846435547,39.38431897782487,2917600,38.09334392547608,40.52351086850425,35.6631769824479,0,0
2020-11-19,39.41679763793945,39.45168504562027,38.80809075401586,39.00417685514686,2460000,38.146695899963376,40.642989539210255,35.6504022607165,0,0
2020-11-20,39.10041046142578,39.51784415228725,39.085975306661545,39.440851765279234,2560800,38.18537139892578,40.715375017722266,35.655367780129296,0,0
2020-11-23,39.12568283081055,39.439662218787376,38.79606780163649,39.223123823686095,3307200,38.26669292449951,40.80778536448432,35.7256004845147,0,0
2020-11-24,39.59002685546875,39.65859751744114,38.97169408672023,39.2880780490706,3805600,38.36281051635742,40.95099027651195,35.77463075620289,0,0
2020-11-25,39.77529144287109,39.86310654269501,39.57800116425331,39.73799572384471,2536800,38.54337749481201,40.992924665940905,36.09383032368312,0,0
2020-11-27,40.07001876831055,40.19152079692061,39.97137362966079,40.003856405499015,1743200,38.713057327270505,41.090900594193954,36.335214060347056,0,0
2020-11-30,40.339473724365234,40.35992597282349,39.553928963306966,40.08805167524232,3122400,38.937652587890625,41.02072899236987,36.85457618341138,0,0
2020-12-01,40.67391586303711,40.892858893360255,40.39963683392023,40.60654934158385,5749600,39.17524108886719,40.87749840512448,37.4729837726099,0,0
2020-12-02,40.62460708618164,40.66550793645783,40.19634680540624,40.519944817038485,2906400,39.377823448181154,40.719196029933435,38.03645086642887,0,0
2020-12-03,40.64985275268555,40.93134932143523,40.56925156632067,40.69797116533344,2307200,39.509369468688966,40.80719753277552,38.211541404602414,0,0
2020-12-04,41.10578155517578,41.10578155517578,40.66428677942023,40.74007502105452,2954400,39.60320205688477,41.06714840840031,38.13925570536923,0,0
2020-12-07,41.20804214477539,41.32954419256897,41.08052667075853,41.12142751419787,3588800,39.6930046081543,41.31123541501523,38.07477380129336,0,0
2020-12-08,41.39450454711914,41.53405053960429,41.05646777102675,41.19601376351191,3334400,39.81270141601563,41.557547674633376,38.06785515739788,0,0
2020-12-09,40.545196533203125,41.49194021541255,40.390011247606985,41.40532559917282,7505600,39.930232238769534,41.534252492861356,38.32621198467771,0,0
2020-12-10,40.72443771362305,40.885636418599525,40.19271951381737,40.28655537660629,6369600,40.01004962921142,41.605312527523935,38.41478673089891,0,0
2020-12-11,40.65227127075195,40.66069300542115,40.18912358955655,40.4790419891038,3390400,40.10147647857666,41.62215039071118,38.58080256644214,0,0
2020-12-14,40.8266830444336,41.1611109052189,40.80142152503007,40.82427473797687,2468800,40.186346244812015,41.669515943204146,38.70317654641988,0,0
2020-12-15,41.50517654418945,41.50517654418945,41.04684187855332,41.23931923613495,3760800,40.285893249511716,41.84077918943049,38.73100730959294,0,0
2020-12-16,41.80712127685547,41.90576641762588,41.43780591134667,41.57374310049616,2983200,40.40625152587891,42.03891062037804,38.773592431379775,0,0
2020-12-17,42.18801498413086,42.247077027987686,41.98671626552241,42.0988186438568,3898400,40.566165351867674,42.23856492894855,38.8937657747868,0,0
2020-12-18,42.07471084594727,42.285650926436,41.8806477375791,42.28082840890112,3024000,40.69906101226807,42.407044616517446,38.99107740801869,0,0
2020-12-21,42.18681335449219,42.20730629698687,41.29122284337922,41.67814622451424,4828800,40.85338115692139,42.51274665427824,39.194015659564535,0,0
2020-12-22,42.64244842529297,42.79914900895183,42.28324988558264,42.44838527847011,4200000,41.029219436645505,42.66414496653836,39.39429390675265,0,0
2020-12-23,42.25431823730469,42.77383332726208,42.2482928481002,42.7268257273572,3109600,41.1624340057373,42.73974670769421,39.5851213037804,0,0
2020-12-24,42.5351676940918,42.63039311200454,42.34110088940904,42.34110088940904,1459200,41.30042781829834,42.85084481008464,39.75001082651204,0,0
2020-12-28,42.834102630615234,42.96910740033068,42.60749575808369,42.94138251683036,4860800,41.438632011413574,43.01820209607895,39.8590619267482,0,0
2020-12-29,42.55083847045898,43.11495168787827,42.46887037817737,43.06070847606726,4262400,41.549200248718265,43.115058213374745,39.983342284061784,0,0
2020-12-30,42.60748672485352,42.80034328369457,42.53034115851464,42.73645872091528,2836000,41.64587879180908,43.222360223558965,40.0693973600592,0,0
2020-12-31,42.644866943359375,42.71719001589289,42.32062150561261,42.63401903425499,3288000,41.746891784667966,43.307492788061026,40.186290781274906,0,0
2021-01-04,41.93609619140625,42.85458903394829,41.362337962835305,42.83650919029653,6480800,41.811203956604004,43.28951109787138,40.332896815336625,0,0
2021-01-05,42.28083038330078,42.2989139052753,41.8276130334402,41.83243187269704,3568000,41.86995639801025,43.32466263972381,40.41525015629669,0,0
2021-01-06,41.57930374145508,42.35676638329327,41.45153461870022,41.71430480108263,6245600,41.88851947784424,43.31822629938987,40.45881265629861,0,0
2021-01-07,42.76297378540039,42.85699263813495,42.0120295124381,42.01805490000331,4467200,41.9569429397583,43.41620934170748,40.49767653780912,0,0
2021-01-08,43.07516479492188,43.233071884635805,42.60989304671266,43.03177317588804,4316800,42.08344135284424,43.46797357637442,40.69890912931406,0,0
2021-01-11,42.70753479003906,43.0257547618752,42.47972139618204,42.74851699638098,5318400,42.18259620666504,43.44200999221574,40.92318242111434,0,0
2021-01-12,42.644866943359375,42.779868050219655,42.21695757666357,42.7111609473876,14567200,42.28222599029541,43.340894339210905,41.22355764137991,0,0
2021-01-13,42.85820388793945,43.01972328453284,42.61230698516149,42.681014067754376,3872800,42.383802032470705,43.23358845145181,41.5340156134896,0,0
2021-01-14,42.590606689453125,43.111328189278495,42.53033809952434,42.975120587479,3349600,42.438073539733885,43.18941397880306,41.68673310066471,0,0
2021-01-15,42.1422119140625,42.74851383456208,42.04337053510554,42.54118971995868,4156000,42.454828071594235,43.16283673448751,41.74681940870096,0,0
2021-01-19,42.667755126953125,42.74851298294092,42.30373046499851,42.4411446249821,4024800,42.47881507873535,43.18152732577391,41.7761028316968,0,0
2021-01-20,43.47535705566406,43.59710080658436,43.00646925355633,43.00646925355633,3961600,42.548847389221194,43.34893834670963,41.74875643173276,0,0
2021-01-21,43.979190826416016,44.09370261125916,43.4693209429101,43.73450051430611,3644800,42.63846626281738,43.63394710715391,41.642985418480855,0,0
2021-01-22,43.85022735595703,44.016569274212834,43.68388543770122,43.76102732995559,3693600,42.69885520935058,43.82582665079584,41.57188376790533,0,0
2021-01-25,44.145538330078125,44.54090015755469,43.08119658402639,44.37938076788165,6279200,42.79341621398926,44.063594658892384,41.52323776908614,0,0
2021-01-26,44.004512786865234,44.351660482237,43.92134183157812,44.30705863204433,6351200,42.86688346862793,44.23501213729929,41.49875479995657,0,0
2021-01-27,43.120975494384766,43.87553952151875,42.73887464148064,43.77308216880356,10807200,42.88122711181641,44.25368866992405,41.50876555370876,0,0
2021-01-28,43.35000991821289,43.99608768678057,43.22223707385753,43.36326724745017,3753600,42.921185684204104,44.29936713506651,41.5430042333417,0,0
2021-01-29,42.3447151184082,43.28370089713553,42.0976153401394,43.148699827339705,7924000,42.908047103881835,44.30285027191521,41.51324393584846,0,0
2021-02-01,43.40785598754883,43.58986833714,42.54842516076863,42.84253622380851,5582400,42.94619655609131,44.35181506030942,41.5405780518732,0,0
2021-02-02,44.099727630615234,44.20821402735229,43.80320721984022,43.88758471096847,3616000,43.05437812805176,44.46541200715746,41.64334424894606,0,0
2021-02-03,43.93701171875,44.28053976287149,43.8020106563088,44.25161201477782,3337600,43.13718719482422,44.551301910902474,41.72307247874597,0,0
2021-02-04,44.67470550537109,44.67470550537109,44.05755559566097,44.17567970397828,3020800,43.29195728302002,44.6672018611317,41.916712704908335,0,0
2021-02-05,44.68313217163086,44.86634735307357,44.53004760538676,44.86634735307357,2907200,43.38796520233154,44.86632117209422,41.90960923256887,0,0
2021-02-08,45.19541931152344,45.2014446994155,44.83983314182017,44.91456560849606,3248800,43.49397792816162,45.15962820165033,41.82832765467291,0,0
2021-02-09,45.20988464355469,45.36417209929859,45.06523854444966,45.06523854444966,4436000,43.619095420837404,45.40149321453141,41.836697627143394,0,0
2021-02-10,45.12912368774414,45.46903945005636,44.74702285127877,45.417209340637285,3140000,43.74330825805664,45.58217732010284,41.90443919601044,0,0
2021-02-11,45.62092971801758,45.642625535427264,45.21953870341774,45.4051670577658,4443200,43.88144454956055,45.84448387861381,41.91840522050729,0,0
2021-02-12,45.87765502929688,45.89935451769728,45.35934661861818,45.531713905864514,2377600,44.045796966552736,46.09742932133505,41.99416461177042,0,0
2021-02-16,45.700477600097656,46.1332057239712,45.51846524370246,46.06088266538013,3397600,44.223710250854495,46.199931180219,42.247489321489994,0,0
2021-02-17,45.21109008789063,45.32198592731808,44.71929994424204,45.291851628164274,3560000,44.35087699890137,46.23543215952181,42.46632183828093,0,0
2021-02-18,45.0037727355957,45.08694370805761,44.416757088294894,44.72533206378979,2912800,44.42729778289795,46.287441632956856,42.56715393283905,0,0
2021-02-19,45.058013916015625,45.361766359202846,44.84586725051767,45.27618597057735,2415200,44.48123893737793,46.34883020678109,42.613647667974774,0,0
2021-02-22,43.96111297607422,44.60719416029608,43.92856926241018,44.48424388500425,3908800,44.48678321838379,46.347494177477216,42.62607225929037,0,0
2021-02-23,43.710391998291016,43.97436867948709,42.22537326759485,43.15230434515504,9191200,44.465025901794434,46.3511910060624,42.57886079752647,0,0
2021-02-24,44.31188201904297,44.36009616023435,43.00766871627329,43.47294419110285,5368800,44.48039436340332,46.35628087011681,42.60450785668983,0,0
2021-02-25,42.66655731201172,44.27211386746921,42.50865385770887,43.99005723126783,5407200,44.45767345428467,46.40838672504911,42.50696018352022,0,0
2021-02-26,42.97150802612305,43.59348036492012,42.489359268466686,43.09686773309456,5277600,44.438748359680176,46.438799224547694,42.43869749481266,0,0
2021-03-01,44.38902282714844,44.43603041425506,43.503073823572734,43.69472749724376,5344000,44.54096374511719,46.29650098613028,42.785426504104095,0,0
2021-03-02,43.60433197021485,44.54693375425008,43.574197670304535,44.49992248070836,3537600,44.55078754425049,46.28289439856555,42.81868068993543,0,0
2021-03-03,42.40739822387695,43.57178800733138,42.35436156205062,43.48981991637034,4440000,44.46617107391357,46.428232977411184,42.50410917041596,1,1
2021-03-04,41.32617568969727,42.552036833125214,40.79701566807866,42.26998025429664,9154400,44.335629272460935,46.72255921349382,41.94869933142805,1,0
2021-03-05,41.99515914916992,42.10725786074051,40.45228448243596,41.84448765130514,8107200,44.20165195465088,46.7897401289424,41.61356378035936,1,0
2021-03-08,40.91153335571289,42.20489889484811,40.876576536140696,41.94212499122404,6212800,44.01307201385498,46.95833299732864,41.06781103038132,1,0
2021-03-09,42.4773063659668,42.74369253432496,41.90716779344698,41.99515759069248,8612800,43.87716636657715,46.842433147072654,40.911899586081645,1,0
2021-03-10,42.2965087890625,43.0329930991382,42.266374484755886,43.0329930991382,5149600,43.731497573852536,46.70679546904349,40.75619967866158,1,0
2021-03-11,43.3415641784668,43.57179068406012,42.93294128317978,42.93294128317978,4308000,43.642119598388675,46.5507587535361,40.73348044324125,1,0
2021-03-12,43.0257568359375,43.03057567561938,42.51106061586927,42.82084211584659,3212000,43.51236095428467,46.2846659925256,40.74005591604373,1,0
2021-03-15,43.55611801147461,43.56575936894545,42.920884612419,43.07035324199272,3540000,43.396284103393555,45.948389040020984,40.844179166766125,0,-1
2021-03-16,43.78996658325195,44.24559711626089,43.54045366128175,43.86831503858209,5140000,43.30075855255127,45.634398355314765,40.96711874978778,0,0
2021-03-17,43.80321502685547,44.03585092558249,43.03057118136798,43.39459585702697,4605600,43.23036479949951,45.4090508241251,41.05167877487392,0,0
2021-03-18,42.398956298828125,43.27526034000406,42.343510221779965,43.18003860906339,3854400,43.100123977661134,45.1466026569154,41.05364529840687,0,0
2021-03-19,42.3736457824707,42.67378221539036,42.06748028280976,42.4423491866971,3244000,42.965905570983885,44.82464282335547,41.1071683186123,0,0
2021-03-22,43.147491455078125,43.364460603941936,42.53275105105199,42.5520374428512,7044800,42.925224494934085,44.72988277405253,41.12056621581564,0,0
2021-03-23,42.822044372558594,43.42111436905222,42.70150717952972,43.26562036006408,2420000,42.880807113647464,44.649346487032865,41.11226774026206,0,0
2021-03-24,42.16511535644531,43.08360818219121,42.16511535644531,43.07878934297439,2912800,42.773468780517575,44.43914981405098,41.10778774698417,0,0
2021-03-25,42.174766540527344,42.3073545298811,41.56122889919138,41.92525363080962,3504000,42.74887924194336,44.43454753252072,41.063210951365996,0,0
2021-03-26,43.18052673339844,43.226413953872026,42.154115253791296,42.17947262321619,2932800,42.75933017730713,44.45296292791303,41.06569742670123,0,0
2021-03-29,42.85569381713867,43.1974304978527,42.60935405075643,43.08029869725642,3452000,42.68266372680664,44.2043596488037,41.16096780480957,0,0
2021-03-30,42.58399963378906,42.65766166695988,42.20603811644797,42.58037715249401,2256800,42.63164710998535,44.093563711137314,41.16973050883339,0,0
2021-03-31,43.28920364379883,43.58263936513575,42.87018611589229,42.87018611589229,3500000,42.675737380981445,44.16094542943313,41.19052933252976,0,0
2021-04-01,44.19244384765625,44.208142493622994,43.83380348987938,43.86278333773912,3245600,42.819050788879395,44.30885089800364,41.32925067975515,0,0
2021-04-05,44.97493362426758,45.05945941025106,44.412218230192856,44.51486010650615,4255200,42.96803951263428,44.67816245532285,41.257916569945706,0,0
2021-04-06,44.89402389526367,45.16451229011378,44.70685624438578,44.920589982981305,2087200,43.16716403961182,44.79871478165726,41.53561329756638,0,0
2021-04-07,45.05583572387695,45.13915647070348,44.69115913010401,44.8662506225396,2060800,43.29609050750732,45.088771491839054,41.50340952317559,0,0
2021-04-08,45.7417221069336,45.7417221069336,45.402402857756094,45.45070752030544,3368800,43.468351173400876,45.49107216878824,41.44563017801351,0,0
2021-04-09,46.12210464477539,46.14142208914407,45.45795601946061,45.56663414839548,2572800,43.60737819671631,45.93532851433106,41.27942787910156,0,0
2021-04-12,45.96995544433594,46.11123591376144,45.70791698798873,45.99410777874605,2897600,43.75458812713623,46.28072493965388,41.22845131461858,0,0
2021-04-13,46.46503829956055,46.49039566536035,46.08828555287992,46.13779156249402,3532800,43.90003414154053,46.685384922539086,41.114683360541974,0,0
2021-04-14,45.96148681640625,46.54835444859215,45.86971239763889,46.49039107592945,3935200,44.00861015319824,46.93410471389118,41.0831155925053,0,0
2021-04-15,46.74275970458984,46.770534507258645,46.41430801465122,46.41430801465122,3339200,44.155587387084964,47.31134189556782,40.999832878602106,0,0
2021-04-16,46.670318603515625,46.85748994099487,46.49039591286007,46.85748994099487,2580800,44.36915550231934,47.59777211327873,41.140538891359945,0,0
2021-04-19,46.22956466674805,46.68963814444108,45.9542450762772,46.467450728019685,2954400,44.5619514465332,47.75116714315167,41.37273574991473,0,0
2021-04-20,45.761043548583984,46.33221265247684,45.50987625319629,46.13538257513706,3850400,44.6926290512085,47.85335921597385,41.531898886443145,0,0
2021-04-21,46.24285888671875,46.26700753471594,45.57025657706642,45.66082229859534,5244800,44.8636697769165,47.970761754254156,41.75657779957885,0,0
2021-04-22,45.81295776367188,46.48917863161929,45.59922037761765,46.18850172122384,4720000,45.04606189727783,47.91742801076233,42.17469578379333,0,0
2021-04-23,46.48073959350586,46.64979485035133,45.89145811096318,45.89145811096318,1837600,45.261360549926756,47.873279754574696,42.64944134527882,0,0
2021-04-26,46.85749816894531,46.88285553933275,46.49402655783449,46.49402655783449,3492800,45.4452091217041,47.96125322457633,42.929165018831874,0,0
2021-04-27,46.69325256347656,46.94080098735992,46.55921711467142,46.938383543875474,3612800,45.637087059021,47.90724430914194,43.36692980890006,0,0
2021-04-28,46.323760986328125,46.54957092313221,46.24889391478116,46.531458516327056,3096800,45.82407512664795,47.62512799700018,44.02302225629572,0,0
2021-04-29,46.1812744140625,46.70776138895119,45.70912466265796,46.70776138895119,3200000,45.968678665161136,47.34728458698049,44.59007274334178,0,0
2021-04-30,45.51710891723633,45.96148368869404,45.41567578582495,45.70789901760188,2964800,46.034911918640134,47.171920245027664,44.897903592252604,0,0
2021-05-03,45.33477783203125,45.82262614835293,45.22126851558321,45.72964668067874,4212000,46.05290412902832,47.13217231010015,44.97363594795649,0,0
2021-05-04,44.41583251953125,44.95922668612892,43.90624939811679,44.95922668612892,5891200,46.0289945602417,47.22479268218287,44.833196438300526,1,1
2021-05-05,44.28302001953125,44.8046795150213,44.20332173395952,44.74550739815695,1647200,45.99035377502442,47.34838120571648,44.632326344332355,1,0
2021-05-06,44.553497314453125,44.57281844112049,43.81085924285538,44.24557538005078,3889600,45.93094253540039,47.42448445892279,44.43740061187799,1,0
2021-05-07,44.98097229003906,45.28285801010644,44.80467206135567,45.0111608620458,2437600,45.87388591766357,47.420115444548564,44.32765639077858,1,0
2021-05-10,43.81810760498047,44.80346303071048,43.804826402250605,44.80346303071048,3597600,45.7662935256958,47.55176833144419,43.980818719947415,1,0
2021-05-11,43.77946090698242,43.88089774084824,42.78203310183007,42.92935346466716,6448000,45.63201465606689,47.583334450924475,43.68069486120931,1,0
2021-05-12,42.491024017333984,43.34354908741983,42.38355092060281,43.0899643183428,6810400,45.458491516113284,47.83307819152429,43.08390484070228,1,0
2021-05-13,42.97403717041016,43.37735605543942,42.622641745475576,42.92694122860675,3992000,45.2700553894043,47.80012710910579,42.73998366970281,1,0
2021-05-14,43.96904754638672,44.10912295245404,43.35078622659176,43.47516298674482,2633600,45.134991836547854,47.63992120109138,42.630062472004326,1,0
2021-05-17,43.63818359375,43.74686171195628,43.221579841309605,43.72874930644328,2685600,45.00542278289795,47.53840276894533,42.47244279685057,1,0
2021-05-18,43.351993560791016,43.94610253167888,43.33267243452494,43.81206705493848,3141600,44.8849702835083,47.49083395635767,42.279106610658935,1,0
2021-05-19,43.5041389465332,43.522255034894094,42.590031935511455,42.63350170327081,2688000,44.74803428649902,47.341889786880074,42.15417878611797,1,0
2021-05-20,44.365116119384766,44.51122774785455,43.66232541431093,43.68647774130508,2498400,44.67564220428467,47.22704118615368,42.124243222415664,1,0
2021-05-21,44.1525993347168,44.69116242372024,44.116370837484645,44.61146415196357,2177600,44.559235191345216,46.97966363395673,42.1388067487337,1,0
2021-05-24,44.92058563232422,45.079982143192126,44.50156819420899,44.506399396542825,5909600,44.46238956451416,46.65114944843367,42.27362968059465,0,-1
2021-05-25,44.9350814819336,45.20677860829336,44.84210201422549,45.12466658342427,2137600,44.37448101043701,46.32617149810826,42.42279052276576,0,0
2021-05-26,45.023231506347656,45.16209818352274,44.87349370167035,45.04617511306931,2072800,44.30945453643799,46.07479273256085,42.54411634031513,0,0
2021-05-27,44.83365249633789,45.143991905048026,44.815540089923154,44.977350395775545,1900000,44.242073440551756,45.80811075419969,42.676036126903824,0,0
2021-05-28,44.95440673828125,45.2297263708787,44.93267185060661,45.02082012344102,1802400,44.213938331604005,45.705798640870796,42.722078022337215,0,0
2021-06-01,44.752742767333984,45.21885621299738,44.64165089135684,45.15968779394712,3530400,44.18483657836914,45.60928922449295,42.76038393224534,0,0
2021-06-02,45.00754165649414,45.17780565721949,44.75274817394643,44.84935382247608,3008800,44.21442203521728,45.68079887906381,42.74804519137076,0,0
2021-06-03,44.525726318359375,44.79138351926897,44.28663152092543,44.6307819507517,3086400,44.22655735015869,45.699008680201395,42.75410602011599,0,0
2021-06-04,45.36738967895508,45.42776682588735,44.82640911579569,44.82640911579569,2740000,44.26725196838379,45.81657777142503,42.71792616534255,0,0
2021-06-07,45.43017959594727,45.45433192824573,45.22127334546394,45.33840515536732,4038400,44.2897123336792,45.89189627000297,42.68752839735543,0,0
2021-06-08,45.50988006591797,45.88421912383238,45.32029493510153,45.668067900257405,1862400,44.374300956726074,46.04512472964504,42.70347718380711,0,0
2021-06-09,45.485721588134766,45.781571050021306,45.47485414508273,45.728438871681455,1462400,44.459613990783694,46.17391357138769,42.745314410179695,0,0
2021-06-10,45.89508438110352,45.92406423177583,45.45312323270812,45.56421511703768,2942400,44.62981700897217,46.19825334304531,43.06138067489903,0,0
2021-06-11,46.17643356323242,46.19092348646768,45.88300156233461,45.93854749644574,2219200,44.78993682861328,46.30239254231132,43.27748111491524,0,0
2021-06-14,46.68602752685547,46.68602752685547,46.11365331612179,46.253728748288914,2420000,44.925785827636716,46.598496988660145,43.25307466661329,0,0
2021-06-15,46.36481094360352,46.670319115549006,46.26216907161821,46.670319115549006,2441600,45.062117195129396,46.73728656432681,43.38694782593198,0,0
2021-06-16,46.170406341552734,46.55199036349959,45.675312985255225,46.40587501037306,4434400,45.20303783416748,46.74819617781418,43.657879490520784,0,0
2021-06-17,46.76571273803711,46.94563541801773,45.98443247709964,46.0073760828173,11313600,45.366116523742676,46.84674975176456,43.88548329572079,0,0
2021-06-18,46.39138412475586,46.73191212076439,46.29599088508878,46.52783706759728,7348000,45.46742992401123,46.93748145523695,43.99737839278551,0,0
2021-06-21,46.80434799194336,46.8297053525833,46.05325641026173,46.40585675625083,4687200,45.600017356872556,47.04999938552388,44.15003532822123,0,0
2021-06-22,47.25357055664063,47.27168296346351,46.73070240720592,46.795910756896845,2716800,45.71666660308838,47.29860902936976,44.134724176807,0,0
2021-06-23,47.22095489501953,47.40450374034696,47.14488280190007,47.25597466447718,2051200,45.830960273742676,47.49850075606644,44.16341979141891,0,0
2021-06-24,47.54458618164063,47.713895150417805,47.44904609935757,47.545793027042045,2784800,45.957028007507326,47.738582543386215,44.175473471628436,0,0
2021-06-25,47.53369522094727,47.64858541839713,47.41275972496149,47.6449575011439,2283200,46.0920301437378,47.92118723095905,44.262873056516554,0,0
2021-06-28,48.0404167175293,48.09604970466281,47.70905462937782,47.70905462937782,3522400,46.2463306427002,48.18307681075351,44.30958447464689,0,0
2021-06-29,48.383880615234375,48.39476805967888,47.96423421843344,48.04889055764297,6235200,46.42788753509522,48.44947036236019,44.40630470783026,0,0
2021-06-30,48.22544479370117,48.35242927463692,48.1057198376877,48.31493956738708,4003200,46.58878269195557,48.64450982805844,44.533055555852705,0,0
2021-07-01,48.241172790527344,48.29317417254895,47.9352061067987,48.17707711972755,3461600,46.77455501556397,48.7194989532338,44.829611077894135,0,0
2021-07-02,48.8228759765625,48.8688320630026,48.47337425557058,48.51811980584362,3036800,46.94732933044434,48.973780405622705,44.920878255265976,0,0
2021-07-06,49.06475067138672,49.24978187647115,48.58463649090944,48.9220476380608,3208800,47.129057884216316,49.22923617538734,45.02887959304529,0,0
2021-07-07,49.25341033935547,49.44449053718132,48.87004678875162,49.39853444680145,8687200,47.31623439788819,49.47235034442304,45.160118451353334,0,0
2021-07-08,48.77328872680664,48.92083019366866,48.166193807441296,48.40201952346675,4490400,47.480612754821784,49.55309943322019,45.40812607642338,0,0
2021-07-09,49.23405075073242,49.28121736831887,48.66202818477323,48.753940347869694,2294400,47.64756107330323,49.72020262077139,45.57491952583507,0,0
2021-07-12,49.22921371459961,49.48075792480227,49.08167226043831,49.46261833836,9924800,47.80020008087159,49.8666293932682,45.73377076847498,0,0
2021-07-13,49.33564376831055,49.715379358169066,49.070794700856375,49.14093567417048,10911200,47.93268089294434,50.03581351080199,45.829548275086694,0,0
2021-07-14,49.54969787597656,49.9185497094647,49.38885526971247,49.72263477151184,3155200,48.091925239563,50.178318613222544,46.00553186590345,0,0
2021-07-15,49.09860229492188,49.49527058592964,48.80351938068529,49.49527058592964,3946400,48.23833503723145,50.17005105101615,46.30661902344675,0,0
2021-07-16,48.649932861328125,49.44447998321234,48.59188249260876,49.26670465033403,3323200,48.332546043396,50.14808540395127,46.51700668284073,0,0
2021-07-19,48.060977935791016,48.24721964087237,47.70179934989199,48.04283834875745,5864800,48.41602573394776,50.00644569839893,46.8256057694966,0,0
2021-07-20,48.84222412109375,49.1227953917057,48.022281506086976,48.30527015827597,7271200,48.51791954040528,49.933805925809814,47.10203315500075,0,0
2021-07-21,49.340476989746094,49.35136074264479,48.75998802452912,48.8676187080777,11828800,48.622264862060554,49.955226584208795,47.28930313991231,0,0
2021-07-22,49.668216705322266,49.72989130735379,49.4287630607524,49.4287630607524,2611200,48.74462795257569,49.98678944608994,47.502466459061445,0,0
2021-07-23,50.15558242797852,50.20637327240906,49.75528620877886,49.94878006082105,3440800,48.87517776489258,50.13411804064822,47.616237489136935,0,0
2021-07-26,50.16767501831055,50.23660914343432,49.885896909354855,50.06246171715259,2535200,49.00687675476074,50.22742862545985,47.78632488406163,0,0
2021-07-27,49.62104415893555,50.0914850202296,48.94743254565483,50.0914850202296,13480800,49.08590812683106,50.24926291250003,47.922553341162086,0,0
2021-07-28,49.67304611206055,49.86775418629344,49.17721351435711,49.63313902093178,2940800,49.150366401672365,50.29367412835358,48.00705867499115,0,0
2021-07-29,49.918548583984375,50.09511708391307,49.60049129634267,49.66942173138234,4775200,49.23502159118652,50.34200457674148,48.128038605631566,0,0
2021-07-30,49.850830078125,49.91613629284971,49.52430638581988,49.55695764785263,2056800,49.315504455566405,50.35367510400323,48.27733380712958,0,0
2021-08-02,49.72746658325195,50.18823052486612,49.68272104051827,50.07576140005035,3688000,49.36073398590088,50.38787635620936,48.3335916155924,0,0
2021-08-03,50.00440979003906,50.02496675741575,49.43480095144256,49.84114613369394,2352000,49.4077169418335,50.46201023118077,48.35342365248623,0,0
2021-08-04,50.12897491455078,50.24869987765287,49.83268146548291,50.00320096209838,3040800,49.45149517059326,50.54837652873429,48.354613812452236,0,0
2021-08-05,50.44583511352539,50.46881315806343,50.10116813611416,50.24749908502011,1587200,49.5351224899292,50.66690170339062,48.40334327646778,0,0
2021-08-06,50.36721420288086,50.43009932904269,50.18822834904728,50.275302049471954,1864000,49.59178066253662,50.77009729199343,48.41346403307981,0,0
2021-08-09,50.24386215209961,50.47001094819428,50.14590469165923,50.42043064062303,1789600,49.64251308441162,50.84121490730008,48.44381126152316,0,0
2021-08-10,49.86533737182617,50.418013540029,49.74198447987396,50.34787256789748,3052000,49.6689977645874,50.8628054058092,48.47519012336561,0,0
2021-08-11,49.821807861328125,50.11568029824944,49.54365763299803,50.06730682688673,9620000,49.68260326385498,50.87686451594639,48.48834201176357,0,0
2021-08-12,50.09148406982422,50.125345861179525,49.56904183977796,49.76495675338069,1752000,49.7322473526001,50.90767368904685,48.55682101615334,0,0
2021-08-13,50.318843841552734,50.35270563569317,50.06246115868105,50.12776736547288,1634400,49.81569290161133,50.90579041577249,48.72559538745016,0,0
2021-08-16,50.41196823120117,50.41801353045556,49.68635516904832,50.168886674369126,2447200,49.93324241638184,50.70027890063142,49.16620593213226,0,0
2021-08-17,49.98144912719727,50.17373618817535,49.64887640040014,50.11084734690423,2999200,49.99020366668701,50.571381114019154,49.409026219354864,0,0
2021-08-18,49.3428840637207,50.07091429057007,49.295717457215,49.87620994840928,2657600,49.99032402038574,50.57096396913075,49.40968407164073,1,1
2021-08-19,49.71417236328125,49.91613630730017,48.993397691295726,49.05023753380866,3270400,49.99262180328369,50.56848893545435,49.41675467111303,1,0
2021-08-20,50.34303665161133,50.3902032745539,49.82301540702188,49.928228715851816,3579200,50.00199451446533,50.59404049511243,49.40994853381823,0,-1
2021-08-23,51.05051040649414,51.11097816502349,50.52202278745308,50.52202278745308,3030400,50.04613628387451,50.7925353522492,49.29973721549982,0,0
2021-08-24,51.1230697631836,51.27786706924214,51.07106468868556,51.16055947624519,2639200,50.12123756408691,50.97585282310513,49.266622305068694,0,0
2021-08-25,51.1266975402832,51.363730107201896,51.02390161834647,51.21739917305228,3656800,50.19392013549805,51.1273284349103,49.2605118360858,0,0
2021-08-26,50.82676696777344,51.21134093551069,50.767509759409016,51.08919860175256,1985600,50.2393310546875,51.20262517977741,49.27603692959759,0,0
2021-08-27,51.40847396850586,51.45321951536481,50.84733513799816,50.90780289119324,1859200,50.317213249206546,51.38813129246133,49.24629520595176,0,0
2021-08-30,51.91761016845703,51.98533375515412,51.54150252414492,51.54150252414492,2983200,50.426720428466794,51.66832906244083,49.185111794492755,0,0
2021-08-31,51.60076522827149,51.92729259866626,51.52578579864311,51.91157039103598,14336800,50.506538200378415,51.83172327289885,49.18135312785798,0,0
2021-09-01,51.634613037109375,51.99137418994174,51.59833386829778,51.77731971263716,4304800,50.58182010650635,51.98162215514111,49.18201805787159,0,0
2021-09-02,51.674537658691406,51.92003660851496,51.44112930793913,51.85231301481598,2580800,50.64325523376465,52.11955351731867,49.166956950210626,0,0
2021-09-03,51.92366409301758,52.0312947822034,51.55601909410643,51.61527631543372,2078400,50.72107772827148,52.29202677220763,49.150128684335336,0,0
2021-09-07,51.86924362182617,52.03613522939096,51.65518908075696,51.97566746958686,3236000,50.802346801757814,52.43316631722199,49.17152728629364,0,0
2021-09-08,51.56810760498047,51.86923582251485,51.22706860520743,51.86802897714847,2915200,50.887485313415525,52.49131155542054,49.28365907141051,0,0
2021-09-09,51.4000129699707,51.79063602507853,51.38429445265034,51.59955952889938,1964000,50.96639556884766,52.50677037202504,49.42602076567028,0,0
2021-09-10,50.88602828979492,51.81723310294529,50.84128274593039,51.69508706865459,3044000,51.006122779846194,52.49428919620313,49.51795636348926,0,0
2021-09-13,50.88965606689453,51.352841090864565,50.5582939834845,51.236744046203725,9537600,51.034663391113284,52.49055605475557,49.578770727470996,0,0
2021-09-14,50.825565338134766,51.22102681691553,50.68165178632447,51.113392441755366,13045600,51.05534324645996,52.48681359861368,49.623872894306245,0,0
2021-09-15,51.25971603393555,51.29116044296824,50.66108756098807,50.933192418871016,2414400,51.119256591796876,52.464794267828715,49.77371891576504,0,0
2021-09-16,51.34558868408203,51.40000744740363,50.836447546390026,51.0686453418718,1963200,51.21939182281494,52.29154328187093,50.147240363758954,0,0
2021-09-17,50.65625,51.25851009135748,50.54619825710581,51.25851009135748,2631200,51.26649570465088,52.13305341575194,50.39993799354982,0,0
2021-09-20,49.68515396118164,50.119312082002665,49.02000852932901,49.801251039538506,18233600,51.233601570129395,52.27098635299666,50.19621678726213,1,1
2021-09-21,49.71052551269531,50.09630997312195,49.50856533625346,49.99593515278116,2737600,51.166602325439456,52.39764223262119,49.935562418257724,1,0
2021-09-22,50.44583511352539,50.60788827086886,49.783107121291216,49.97418731369599,2617600,51.132740592956544,52.403328977653096,49.86215220825999,1,0
2021-09-23,51.0976676940918,51.222231115275,50.52927304110363,50.70099938958676,2852000,51.131289100646974,52.401968105728876,49.86061009556507,1,0
2021-09-24,51.10250473022461,51.18716105672903,50.70099798332355,50.759048352125895,13228800,51.145075988769534,52.40820059977736,49.88195137776171,1,0
2021-09-27,50.60183334350586,50.76388647001713,50.28256185319097,50.67801960806602,3009600,51.10474395751953,52.3830725174506,49.82641539758846,1,0
2021-09-28,49.019996643066406,50.03343675491246,48.99460122066545,49.93306191069813,11592000,50.95986328125,52.47222773579041,49.44749882670959,1,0
2021-09-29,48.90813064575195,49.46322836416141,48.84025853255131,49.269310154304,5506400,50.82523155212402,52.54990941589508,49.10055368835297,1,0
2021-09-30,48.63663864135742,49.43050188890514,48.63663864135742,49.19658538375016,3704000,50.67533283233642,52.601885021395994,48.74878064327685,1,0
2021-10-01,49.31173324584961,49.45353974469379,48.32031204124876,48.86087002607053,5496800,50.55719261169433,52.51371340117958,48.60067182220909,1,0
2021-10-04,48.115478515625,49.08872026793632,47.76036125042831,49.08872026793632,6989600,50.36678333282471,52.48855040517364,48.24501626047578,1,0
2021-10-05,48.80995559692383,49.086293099012615,48.23061628558188,48.27182408779,3806400,50.21381893157959,52.32132176976506,48.10631609339411,1,0
2021-10-06,49.14688873291016,49.19173240456524,48.14334698515496,48.30696868616169,15153600,50.09275798797607,52.152804990420755,48.03271098553139,1,0
2021-10-07,49.675331115722656,50.06802400946057,49.56382851162331,49.622006195557454,13247200,50.00652389526367,51.98316607290825,48.02988171761909,1,0
2021-10-08,49.44141387939453,49.88864487784319,49.386875769067146,49.88864487784319,1992000,49.93429317474365,51.88247423935323,47.98611211013407,1,0
2021-10-11,49.165069580078125,49.82803764285495,49.14689021247502,49.208703761077885,2056800,49.84806385040283,51.771982978530744,47.92414472227492,1,0
2021-10-12,49.04872131347656,49.44989541419643,48.95782077043576,49.422017916113,1818400,49.75922164916992,51.65832168109588,47.86012161724397,1,0
2021-10-13,49.46080780029297,49.49595704930555,49.07539034837159,49.30082194142839,4864800,49.66927623748779,51.441769878725516,47.89678259625007,1,0
2021-10-14,50.5322151184082,50.56736436273125,49.94075501515551,50.00014588289151,4765600,49.6286075592041,51.27846996600483,47.97874515240337,0,-1
2021-10-15,50.8873405456543,50.90431042453059,50.59525001931144,50.75280950064806,3180000,49.64016208648682,51.32158525808341,47.958738914890226,0,0
2021-10-18,51.36244201660156,51.385470449769365,50.53100683591984,50.6291791252131,2668800,49.72402648925781,51.56573648476495,47.88231649375067,0,0
2021-10-19,51.83512878417969,51.89209327684029,51.39032416380573,51.51879664533767,2967200,49.830256652832034,51.88891408951015,47.771599216153916,0,0
2021-10-20,51.73452377319336,51.987832813095935,51.49697141738198,51.905417218044335,5694400,49.89469108581543,52.101707746798866,47.687674424832,0,0
2021-10-21,51.9575309753418,51.99631608898042,51.45333559429573,51.59756473040335,3289600,49.93768424987793,52.266881543193,47.608486956562864,0,0
2021-10-22,51.73695755004883,52.15994693480607,51.538190266492784,51.90785103154532,2197600,49.96940689086914,52.37715485501218,47.561658926726096,0,0
2021-10-25,51.97935104370117,52.14782181617216,51.73937599061613,51.93935643443778,2136000,50.038282775878905,52.58901936843276,47.48754618332505,0,0
2021-10-26,52.048431396484375,52.50656991647442,51.98904423424093,52.32961792165076,3009600,50.189704513549806,52.83834589353406,47.54106313356555,0,0
2021-10-27,51.85209655761719,52.272663233487,51.839975745015934,52.1211623228531,2315200,50.33690280914307,53.011384993188024,47.662420625098115,0,0
2021-10-28,52.38174057006836,52.46052029996826,52.039953644807525,52.090859575725055,2087200,50.52415790557861,53.2205795554434,47.82773625571382,0,0
2021-10-29,52.620513916015625,52.65323678438502,51.84967528342557,51.884824533805855,2259200,50.68959693908691,53.472788706109476,47.906405172064346,0,0
2021-11-01,52.68352890014648,52.70655733320434,52.3526532966091,52.64717016308276,2984000,50.91799945831299,53.56515290500486,48.270846011621124,0,0
2021-11-02,53.043495178222656,53.15378827895712,52.736857499890405,52.736857499890405,2547200,51.12967643737793,53.74558343557782,48.51376943917804,0,0
2021-11-03,53.36347198486328,53.45315934404648,52.8410971194128,53.09440620856083,2428000,51.340505599975586,53.96288100662887,48.7181301933223,0,0
2021-11-04,54.12581634521485,54.24217170045187,53.48587668642108,53.565869606114354,2464000,51.5630298614502,54.33355590582306,48.79250381707733,0,0
2021-11-05,54.30883407592773,54.70273644417804,53.98765288464341,54.49912010767545,2806400,51.80640087127686,54.643042204021945,48.96975953853177,0,0
2021-11-08,54.69789123535156,54.80697485786683,54.45064439449115,54.54033175644524,2640000,52.083041954040525,54.91451330354796,49.251570604533086,0,0
2021-11-09,54.55244827270508,54.89059933860898,54.245810579601255,54.82030084524769,2844000,52.358228302001955,55.0214017965467,49.69505480745721,0,0
2021-11-10,53.53314971923828,54.4082191212727,53.34892594466623,54.12218348051979,12805600,52.56184539794922,54.9121075811086,50.21158321478984,0,0
2021-11-11,53.82281112670898,53.97310252632988,53.75978808735328,53.94886090417263,2166400,52.72637519836426,54.94213222660224,50.51061817012628,0,0
2021-11-12,54.46759796142578,54.55122674665352,53.91977208752635,53.992493252779006,2932000,52.905388069152835,55.07595445327962,50.73482168502605,0,0
2021-11-15,54.3948860168457,54.72455214962216,54.101582322235565,54.65425735383833,3277600,53.05701026916504,55.19873517791841,50.91528536041167,0,0
2021-11-16,54.96210861206055,55.0384619653418,54.273685651600985,54.34277095570346,2513600,53.21335926055908,55.430674444037855,50.996044077080306,0,0
2021-11-17,54.73060989379883,55.061485491445794,54.63122441592396,54.88695615914198,10189600,53.36316356658936,55.565376162943195,51.16095097023552,0,0
2021-11-18,55.124507904052734,55.20813668999575,54.55728946798445,55.07360197831485,3549600,53.5215124130249,55.7519269640842,51.2910978619656,0,0
2021-11-19,55.44569396972656,55.682036855117474,55.17056966467738,55.3632783671681,9458400,53.70694923400879,55.92973341878843,51.48416504922915,0,0
2021-11-22,54.61788940429688,56.19834399017636,54.581526972262296,55.62385381180081,7038400,53.83887615203857,55.9460529321501,51.73169937192704,0,0
2021-11-23,54.36822509765625,54.61790201928762,53.66162642681656,54.376710036965946,10875200,53.95486583709717,55.90455379448631,52.00517787970802,0,0
2021-11-24,54.82029724121094,54.84211248306018,53.76464000808967,54.07006449023631,3496800,54.10327587127686,55.82915175114415,52.37739999140956,0,0
2021-11-26,53.58526992797852,54.51124534576463,53.35741194773782,54.119765628755104,4521600,54.163452339172366,55.72072302738019,52.606181650964544,0,0
2021-11-29,54.80091094970703,54.959683614800255,54.110068987536856,54.28944370603755,4714400,54.27247219085693,55.68055229674731,52.86439208496655,0,0
2021-11-30,54.26034927368164,55.05663887183815,53.79493896438872,54.62031555101593,5407200,54.35131320953369,55.55667921059135,53.14594720847604,0,0
2021-12-01,53.2701416015625,55.13905841837616,53.231360180409816,54.728186183056685,4491200,54.36264553070068,55.521999798845556,53.20329126255581,0,0
2021-12-02,53.84341812133789,54.09066861780459,52.70898119417126,52.80351760476847,6696800,54.38664283752441,55.48028295278767,53.29300272226116,0,0
2021-12-03,52.8435173034668,54.10643051417973,52.20600029184705,54.01189409447685,8196000,54.32252788543701,55.604029732623495,53.04102603825053,1,1
2021-12-06,53.29316711425781,53.43497358293466,52.26659687640818,52.94047257812799,4181600,54.27174453735351,55.629614341840245,52.91387473286678,1,0
2021-12-07,55.22025680541992,55.32570453598708,54.35488561082583,54.35488561082583,4040000,54.29786281585693,55.7066554375513,52.889070194162564,0,-1
2021-12-08,55.58870697021485,55.62991476929793,54.8772593678421,55.269948499253445,2590400,54.34967575073242,55.86435436524414,52.83499713622071,0,0
2021-12-09,54.8675651550293,55.82505006369208,54.82271778353144,55.47235553922376,2635200,54.41639652252197,55.89853807942584,52.9342549656181,0,0
2021-12-10,55.75717544555664,55.82747022963024,55.15965313654651,55.42629617700248,3232800,54.51311473846435,56.07784948952839,52.948379987400315,0,0
2021-12-13,54.93907928466797,55.994736594775866,54.87968841252167,55.86141505360919,3591200,54.536688804626465,56.11214007278168,52.96123753647125,0,0
2021-12-14,54.03976440429688,54.60092432938259,53.40830968910164,54.2555015378258,4748000,54.51893272399902,56.10831963426945,52.929545813728595,0,0
2021-12-15,55.46993637084961,55.5547746574656,53.55738911510092,54.095516920893886,3964800,54.54432411193848,56.17685970846488,52.91178851541208,0,0
2021-12-16,53.86126327514648,55.76996280802327,53.51521970669485,55.73232335832007,5015200,54.50085678100586,56.15735573402072,52.844357827991,0,0
2021-12-17,53.67427444458008,54.16116392988592,53.02468457563426,53.27359478244871,3288000,54.428345108032225,56.096222962550435,52.760467253514015,0,0
2021-12-20,53.04410552978516,53.195878672031846,52.65435313800737,52.92632942318576,4557600,54.308265686035156,56.01131130138509,52.60522007068522,0,0
2021-12-21,54.474422454833984,54.52541986753959,53.135176224244816,53.65848978934053,3925600,54.301092338562015,56.00006461181671,52.60212006530732,0,0
2021-12-22,55.12522888183594,55.16043758821728,54.24858693285367,54.391859911273045,2871200,54.338942527770996,56.0755239640759,52.60236109146609,0,0
2021-12-23,55.42634201049805,55.643682210579136,55.16893532702293,55.226002182729154,2410400,54.369244766235354,56.158710954033225,52.579778578437484,0,0
2021-12-27,56.59317398071289,56.59317398071289,55.60482543067605,55.60482543067605,4098400,54.51963996887207,56.51412318268077,52.52515675506337,0,0
2021-12-28,56.19736099243164,56.70974741941456,56.04437243437037,56.68181981909224,4147200,54.589462471008304,56.71209985327434,52.46682508874227,0,0
2021-12-29,56.20222473144531,56.40620702689,55.8586081249827,56.1803702795192,2932800,54.68655624389648,56.915102401386974,52.45801008640599,0,0
2021-12-30,55.90837860107422,56.4669046132689,55.85495414827474,56.19249753347158,2676000,54.81846809387207,57.008020312501706,52.628915875242434,0,0
2021-12-31,55.63033676147461,56.018873884808,55.59876675383754,55.89381293084569,3200800,54.907814025878906,57.076659293006195,52.73896875875162,0,0
2022-01-03,56.09536361694336,56.15607288492706,55.38263740367861,55.69832633827381,4452800,55.07040634155273,57.077378031161466,53.063434651944,0,0
2022-01-04,55.38628387451172,56.21678627680398,54.85568542627499,56.14393440879941,6572800,55.17506217956543,57.01146187846784,53.33866248066302,0,0
2022-01-05,53.54800033569336,55.120371827426005,53.52371885222156,55.01594996175856,7571200,55.0914493560791,57.05955935682578,53.123339355332426,0,0
2022-01-06,53.34523010253906,53.84061605790309,52.90326488961095,53.09996230873194,5833600,54.97927551269531,57.07296326396213,52.88558776142849,0,0
2022-01-07,52.8000602722168,53.62206609325158,52.46737468514599,53.328231619747086,14682400,54.87590026855469,57.17548340631357,52.57631713079581,0,0
2022-01-10,52.85591506958008,52.92390914956308,51.23861936984273,51.96227276703293,21678400,54.73083724975586,57.152540853227634,52.30913364628408,0,0
2022-01-11,53.5540657043457,53.63662940587278,52.3811623959497,52.73813312917453,4537600,54.66158657073974,57.13418662369775,52.188986517781736,0,0
2022-01-12,53.728912353515625,54.329931825335024,53.47271734053133,53.93896402902008,9529600,54.646043968200686,57.13791643878825,52.15417149761312,0,0
2022-01-13,52.20996475219727,54.11987944788999,52.1031158593754,53.93410925640627,4798400,54.483045387268064,57.157796013257,51.80829476127913,0,0
2022-01-14,52.63129425048828,52.6737914802198,51.862716528965805,51.92827987214041,3944000,54.421546936035156,57.205004593111006,51.638089278959306,0,0
2022-01-18,51.28839874267578,52.19903766513313,51.17790744210304,51.84570931857176,5841600,54.30225315093994,57.391323040906485,51.213183260973395,0,0
2022-01-19,50.57324600219727,52.11647822362945,50.54653377673661,51.48267333351714,20037600,54.17871017456055,57.63498173403016,50.72243861509094,1,1
2022-01-20,49.94430541992188,51.6927317816031,49.87752670024032,51.04678791807591,5036000,53.95220432281494,57.86489407079891,50.039514574830974,1,0
2022-01-21,48.86246490478516,50.34013024987916,48.84546823503929,49.68568250396341,14998400,53.6390661239624,58.0913476832455,49.1867845646793,1,0
2022-01-24,49.17813873291016,49.23399020974389,46.21552784349471,47.82432309366117,49852800,53.32665596008301,58.098816294761775,48.55449562540424,1,0
2022-01-25,47.970027923583984,48.88066683634772,47.45035679891611,48.22379589469213,6684800,52.89549865722656,57.95856023784329,47.832437076609835,1,0
2022-01-26,48.13638305664063,49.82652710727383,47.59121127660947,49.36878053218564,31088800,52.49244976043701,57.720659415770555,47.26424010510347,1,0
2022-01-27,47.72841262817383,49.17450785950501,47.54871185810136,48.90617392820334,5246400,52.06875915527344,57.39819113034545,46.73932718020143,1,0
2022-01-28,49.76217651367188,49.78160392570551,47.52321822604473,48.30758099672801,7489600,51.76144905090332,56.87423854145751,46.64865956034914,1,0
2022-01-31,51.27019119262695,51.33575453289472,49.66018025108163,49.84230805151346,5448800,51.54344177246094,56.33980665788903,46.74707688703285,1,0
2022-02-01,51.48267364501953,51.55673717196337,50.63274390936461,51.36003974029003,12721600,51.31280727386475,55.63126615219207,46.99434839553743,0,-1
2022-02-02,51.749778747558594,51.86391243597557,51.07104976540146,51.63079098694415,4036800,51.13098201751709,55.034364125251514,47.22759990978267,0,0
2022-02-03,50.13734817504883,51.28232392023532,49.95036632362521,50.89257151165078,5508000,50.960449409484866,54.72198267796354,47.198916141006194,0,0
2022-02-04,50.51982116699219,50.96300177313645,49.73181607999624,50.05721685647844,3656800,50.81917896270752,54.42066449400773,47.217693431407305,0,0
2022-02-07,50.27212905883789,50.97635504871871,50.07057385495075,50.61209945973219,2816000,50.692782402038574,54.18303572192255,47.2025290821546,0,0
2022-02-08,50.920509338378906,51.06742473842255,49.95401877015312,50.09121861169808,2191200,50.596012115478516,53.945482761348906,47.246541469608125,0,0
2022-02-09,52.17110824584961,52.17110824584961,51.37824546664866,51.578585281501134,9533600,50.526864242553714,53.68059175952269,47.373136725584736,0,0
2022-02-10,50.897438049316406,52.14562049157168,50.59753410747551,51.1876264329391,6132000,50.38529052734375,53.185766799730764,47.58481425495673,0,0
2022-02-11,49.29106521606445,51.2046224274016,49.096794827714575,50.93507314359853,11590400,50.23934555053711,52.94693603068402,47.5317550703902,0,0
2022-02-14,49.28257369995117,49.74032026850181,48.73861729885187,49.15872441588401,18080800,50.071909523010255,52.57345018290395,47.57036886311656,0,0
2022-02-15,50.70195388793945,50.72866611579056,49.91030631633378,50.04629449252126,2955200,50.04258728027344,52.499758107356534,47.58541645319034,0,0
2022-02-16,50.612098693847656,50.76508722463473,49.75731122044913,50.29155570719784,2640000,50.04452991485596,52.50343664191155,47.585623187800365,0,0
2022-02-17,48.947452545166016,50.14463747123455,48.87095827847492,50.1106404310829,3648800,49.99468727111817,52.49968066371631,47.48969387852002,0,0
2022-02-18,48.33550643920898,49.17936677952361,47.99432063615684,49.12229991715903,5171200,49.968339347839354,52.53083925104832,47.40583944463039,0,0
2022-02-22,47.86075210571289,48.68640027843251,47.37629338873101,47.91053414437357,17468000,49.90247001647949,52.60664310135382,47.198296931605164,0,0
2022-02-23,46.65021133422852,48.517628876878646,46.57857484777281,48.33792812253931,5747200,49.83647918701172,52.77989620358274,46.8930621704407,1,1
2022-02-24,48.33550643920898,48.39864274645073,44.80465690481673,45.03170898313971,18480000,49.846435356140134,52.76804889999801,46.92482181228226,1,0
2022-02-25,49.0312385559082,49.0470235598877,47.83283808946493,48.42899989469051,5364800,49.911576652526854,52.69627722082127,47.126876084232435,1,0
2022-02-28,49.04216003417969,49.29835135982873,48.23836993980463,48.58562516506534,4740000,49.87557582855224,52.68557333543824,47.065578321666244,1,0
2022-03-01,48.0987434387207,49.1720829149985,47.717487434822544,48.881890818418704,2845600,49.717003440856935,52.552129795310336,46.881877086403534,1,0
2022-03-02,49.10043716430664,49.29470383231536,48.021024741092255,48.391349745557946,2870400,49.597891616821286,52.32437350378077,46.8714097298618,1,0
2022-03-03,48.33671951293945,49.43312873550943,48.10845207433048,49.43312873550943,2960800,49.427238655090335,52.01745121721016,46.83702609297051,1,0
2022-03-04,47.372657775878906,48.1825173586347,47.03389901344865,48.01132047883637,3461600,49.28900413513183,52.00491565775326,46.57309261251041,1,0
2022-03-07,45.5963020324707,47.60335025601397,45.5525931387193,47.37265578194915,7074400,49.04282817840576,52.13442851522874,45.951227841582785,1,0
2022-03-08,45.37167739868164,46.80927241252665,44.75123046165699,45.47366852372407,14316000,48.797805595397946,52.21995139247852,45.37565979831737,1,0
2022-03-09,47.30586624145508,47.47585512817894,46.3175214479957,46.57128570179472,5316000,48.617073440551756,51.95240367613121,45.2817432049723,1,0
2022-03-10,46.48872375488281,46.61135764640255,45.77599763190607,46.46322690307149,7906400,48.332954216003415,51.36301603761406,45.30289239439277,1,0
2022-03-11,45.522239685058594,46.914910457640346,45.47124226896053,46.914910457640346,6370400,48.06419429779053,51.090256894112585,45.03813170146847,1,0
2022-03-14,44.53752517700195,45.77720717725845,44.42946462549272,45.33646108047935,8732000,47.826517295837405,51.16081331978506,44.49222127188975,1,0
2022-03-15,46.03462219238281,46.13904034720847,44.71115728126179,44.86414581129876,4068800,47.664119720458984,51.01526812769534,44.312971313222626,1,0
2022-03-16,47.71990966796875,47.73933707755564,45.99212634516659,46.600430665145794,5332800,47.51501750946045,50.56398536561283,44.46604965330807,0,-1
2022-03-17,48.23837661743164,48.23837661743164,47.23910062008623,47.40908584847911,3284000,47.39633140563965,50.12142346466623,44.67123934661307,0,0
2022-03-18,49.34328079223633,49.40277468935173,47.834045568495576,48.06352838091155,4051200,47.41612281799316,50.19127812086445,44.64096751512187,0,0
2022-03-21,49.21821594238281,49.51447746646225,48.56012955271429,49.16479519554522,3904800,47.46025829315185,50.319305314728666,44.60121127157504,0,0
2022-03-22,50.0062255859375,50.279417296271184,49.20122008662361,49.2327900922123,3306400,47.567531967163085,50.6322391537391,44.50282478058707,0,0
2022-03-23,49.24492645263672,50.06207450485727,49.142935330664685,49.49626370253184,3107200,47.6972677230835,50.81488535474581,44.579650091421186,0,0
2022-03-24,50.532527923583984,50.532527923583984,49.31631263293213,49.439151564998205,2732000,47.807118797302245,51.15339150172724,44.46084609287725,0,0
2022-03-25,50.41456604003906,50.62497266802283,49.82105596469818,50.55078530045346,2457600,47.87628517150879,51.37463727659277,44.37793306642481,0,0
2022-03-28,51.03726196289063,51.04577264940091,50.02050401552303,50.20050522079528,4117600,47.976040267944335,51.707684027755214,44.244396508133455,0,0
2022-03-29,52.16591262817383,52.24374848383145,51.27807315822516,51.63320968852359,15691200,48.179398727416995,52.33484591915923,44.02395153567476,0,0
2022-03-30,51.37538146972656,52.01997425887775,51.11997544911356,51.88983829772603,3304800,48.293145942687985,52.662263293459574,43.9240285919164,0,0
2022-03-31,50.652950286865234,51.49943533265691,50.59457059999852,51.3765963653646,4216000,48.40895748138428,52.897709284746455,43.9202056780221,0,0
2022-04-01,50.50456237792969,50.83415571527969,49.9609139403933,50.65537190128196,2493600,48.565552711486816,53.116852860717,44.01425256225663,0,0
2022-04-04,51.49822235107422,51.51403374959962,50.604303037025,50.604303037025,2381600,48.860648727416994,53.36873332488578,44.352564129948206,0,0
2022-04-05,50.2807846069336,51.36078089127286,50.10808036674241,51.28902461963425,5225600,49.10610408782959,53.35470461021634,44.85750356544285,0,0
2022-04-06,48.9307746887207,49.50482845700519,48.55252980156392,49.47320567159295,4793600,49.187349510192874,53.356543670116295,45.01815535026945,0,0
2022-04-07,49.08280944824219,49.379566324896246,48.34578315781642,48.843214848114,2644800,49.31705379486085,53.299585234631365,45.33452235509033,0,0
2022-04-08,48.3628044128418,48.92226423654826,48.2424002765144,48.82983067886955,3554400,49.459082031250006,53.075968004025384,45.84219605847463,0,0
2022-04-11,47.21712875366211,47.78266813573161,47.17577787813043,47.74131726019994,3998400,49.59306221008301,52.621426110382494,46.56469830978353,0,0
2022-04-12,47.08821487426758,48.26551053067203,46.889971163479,47.91645729287151,21755200,49.64574184417725,52.45327462234355,46.838209066010954,0,0
2022-04-13,47.90916442871094,48.07213686650928,46.95686557754897,47.0991644295554,4736000,49.65520458221436,52.43787532030593,46.87253384412279,0,0
2022-04-14,46.724571228027344,48.057546232153335,46.70268023744897,47.951732354500095,3141600,49.579514312744145,52.58560520359189,46.5734234218964,0,0
2022-04-18,46.779296875,47.09672733557299,46.36334954530268,46.51172798319528,5383200,49.45131511688233,52.695991463337585,46.20663877042707,0,0
2022-04-19,47.72185897827149,47.79848113994911,46.494698123141006,46.68929332342179,2947200,49.376497268676765,52.707093373528124,46.045901163825405,0,0
2022-04-20,47.52482986450195,48.31415240008063,47.39834243508284,48.17793688144213,3241600,49.252427482604986,52.66383775561703,45.84101720959294,0,0
2022-04-21,46.61023712158203,48.46861407719398,46.44969951193727,47.96145434128943,3677600,49.12069301605225,52.7213216972393,45.520064334865204,0,0
2022-04-22,45.32226943969727,46.80726751200952,45.26632456646912,46.61145859991344,6024800,48.86018009185791,52.75633303251032,44.96402715120551,0,0
2022-04-25,46.06173324584961,46.084841638420144,44.90875955865023,45.11186919029773,5153600,48.64253845214844,52.651724656157775,44.63335224813911,0,0
2022-04-26,44.30794906616211,45.69200297656635,44.30794906616211,45.67862267528717,5703200,48.30607280731201,52.57591242821567,44.03623318640835,0,0
2022-04-27,44.784706115722656,45.62875999647035,44.53781450984141,44.59862528677368,13649600,47.93701248168945,52.08273802485183,43.79128693852707,0,0
2022-04-28,46.596866607666016,46.87173250759224,45.20673313534012,45.51078702053452,4564000,47.698086738586426,51.565051978863735,43.831121498309116,0,0
2022-04-29,44.659423828125,46.72942077159746,44.593747167785246,46.0750963972196,4924000,47.398410415649415,51.23177021017564,43.56505062112319,0,0
2022-05-02,45.39767456054688,45.4378117504767,44.13645968289622,44.55970401240128,5693600,47.143066024780275,50.79064016005427,43.49549188950628,0,0
2022-05-03,45.42686080932617,45.66888647671216,45.01821052094339,45.33442725484542,3247200,46.83949794769287,49.95907764784997,43.719918247535766,0,0
2022-05-04,47.00186920166016,47.06997698146725,44.71416784969411,45.58984460663617,26319200,46.675552177429196,49.37018513089284,43.98091922396555,0,0
2022-05-05,44.602272033691406,46.331730610204986,44.067134248422406,46.29281082371358,6905600,46.459127044677736,49.08899012045611,43.82926396889936,0,0
2022-05-06,44.11822128295898,44.88078713477676,43.4261943034675,44.24592243745823,14176800,46.21089763641358,48.73853181226431,43.68326346056284,0,0
2022-05-09,42.21849060058594,43.5770012792014,42.02267796877079,43.33497557464272,17486400,45.903681945800784,48.77998701267938,43.02737687892219,1,1
2022-05-10,42.83145904541016,43.43105234221487,42.109026806440056,43.237674540493856,13925600,45.68439846038818,48.786570611699794,42.58222630907657,1,0
2022-05-11,41.36470413208008,43.28024356973237,41.25038328824651,42.419164617527706,18795200,45.39822292327881,48.95261429416665,41.84383155239097,1,0
2022-05-12,41.060646057128906,41.685782550020775,40.09010854998456,40.72740422751742,10019200,45.055797004699706,48.88550001456801,41.2260939948314,1,0
2022-05-13,42.61376190185547,42.82416482086573,41.49484208844969,41.61160145597412,5003200,44.850256538391115,48.7404214728957,40.96009160388653,1,0
2022-05-16,42.10538101196289,42.68064855324987,41.81956963449306,42.31213541468942,16830400,44.616560745239255,48.576050274176744,40.657071216301766,1,0
2022-05-17,43.297271728515625,43.34470591450299,42.4605148720419,43.00294594489969,3926400,44.395331382751465,48.12377836308704,40.66688440241589,1,0
2022-05-18,41.30144882202149,42.8509056974665,41.15063933482479,42.68307112861566,4623200,44.08416233062744,47.754268852192794,40.41405580906209,1,0
2022-05-19,41.01321792602539,41.71740771722053,40.72132695769216,41.0278119177028,5187200,43.80431137084961,47.51461388927237,40.09400885242685,1,0
2022-05-20,41.08010482788086,41.71740419961928,39.77753921817387,41.499700611201256,5229600,43.59220314025879,47.41448074533558,39.769925535182,1,0
2022-05-23,41.94969940185547,42.01294126074045,41.020509139038566,41.21388692469303,4188000,43.38660144805908,47.0961251081238,39.677077787994364,1,0
2022-05-24,41.138484954833984,41.52645795540065,40.499971884581576,41.37199993934228,5150400,43.22812824249267,47.036164484940386,39.42009200004496,1,0
2022-05-25,41.72835159301758,42.03848503892256,40.86726900148759,40.86726900148759,3336800,43.07531051635742,46.86648527607069,39.28413575664415,1,0
2022-05-26,42.78645706176758,42.96767568353201,41.3513243484306,41.54348475200684,4561600,42.8847900390625,46.31469231936312,39.454887758761885,1,0
2022-05-27,44.27754592895508,44.288491424233634,43.21822315446937,43.21822315446937,9527200,42.86569614410401,46.259935399345494,39.47145688886252,0,-1
2022-05-31,43.91754150390625,44.35659350840911,43.49064868486608,44.104839726129455,3847200,42.791689491271974,46.022485828878175,39.56089315366577,0,0
2022-06-01,43.74848556518555,44.687404055052745,43.39943231968483,44.3553796076716,8729600,42.70777072906494,45.741603570669824,39.673937887460056,0,0
2022-06-02,44.95132827758789,44.956194179121965,43.29727435756412,43.45538089726539,5162400,42.60524368286133,45.1510143493247,40.05947301639796,0,0
2022-06-03,43.80929946899414,44.41132765337906,43.618356447664674,44.10970485955382,7980800,42.56559505462646,45.0083365169515,40.122853592301425,0,0
2022-06-06,43.83483505249024,44.635103115575184,43.63172545698255,44.40280553952783,2684800,42.551425743103025,44.96104130739122,40.14181017881483,0,0
2022-06-07,44.41740036010742,44.48185962606727,43.28389045935655,43.365374810417904,4401600,42.6613712310791,45.19752939231257,40.125213069845636,0,0
2022-06-08,43.93943405151367,44.5560562094408,43.80564960231914,44.27024482061504,2250400,42.716769981384275,45.31306061887621,40.12047934389234,0,0
2022-06-09,42.703758239746094,44.02700130372431,42.69281274558686,43.62565167150522,2709600,42.783722686767575,45.3050738848772,40.26237148865795,0,0
2022-06-10,41.02781295776367,42.04092254099484,41.02294705654951,41.95943446993687,10926400,42.782081031799315,45.30795637809918,40.25620568549945,0,0
2022-06-13,39.0976791381836,40.07308261582575,38.96511209641044,39.72524677051921,11103200,42.60627689361572,45.60055728827991,39.611996498951534,1,1
2022-06-14,39.31538772583008,39.58903624315597,38.943226039194506,39.37498110411492,6220000,42.46677722930908,45.783957571494604,39.14959688712356,1,0
2022-06-15,40.18497467041016,40.7809194917926,39.27767899430721,39.75200227207712,6900800,42.31116237640381,45.747759800269485,38.87456495253813,1,0
2022-06-16,38.42876052856445,39.17186640254338,38.14781505064624,39.17065271095251,15525600,42.167527961730954,45.98045111892245,38.354604804539456,1,0
2022-06-17,38.89578628540039,39.249705429252046,38.25727316962158,38.471328278050215,6344000,42.061656379699706,46.10738501898602,38.01592774041339,1,0
2022-06-21,39.87848663330078,40.20807995176022,39.52091902579923,39.52091902579923,5421600,42.0015754699707,46.13848720439637,37.86466373554504,1,0
2022-06-22,39.741058349609375,40.28835531750185,39.29348823060947,39.43821817015753,4293600,41.8911434173584,46.14399035211314,37.63829648260366,1,0
2022-06-23,40.42776870727539,40.51306084904541,39.72107620086858,40.0683317518216,5216000,41.85560760498047,46.144739222311365,37.566475987649575,1,0
2022-06-24,41.917911529541016,41.92522185818109,40.87370954105519,40.87370954105519,4959200,41.86508560180664,46.15388825970304,37.57628294391024,0,-1
2022-06-27,41.61452102661133,42.19083966204981,41.44272086974411,42.08240064348568,3886400,41.806488800048825,46.07531362024192,37.53766397985573,0,0
2022-06-28,40.32785034179688,42.050719230964425,40.314445594202894,41.72174329923556,4976800,41.60900402069092,45.766276451548094,37.45173158983374,0,0
2022-06-29,40.35953521728516,40.58860213406308,39.91602576175163,40.286431919060135,3051200,41.43110370635986,45.48112659183391,37.38108082088581,0,0
2022-06-30,39.7880859375,40.28155549074541,39.13134987926331,39.87459770084899,4476000,41.233083724975586,45.19688082656754,37.26928662338363,0,0
2022-07-01,39.90750503540039,40.01716372648102,39.21786858839445,39.57730933411351,3976800,40.98089256286621,44.59249182018276,37.36929330554966,0,0
2022-07-05,40.5179443359375,40.5179443359375,39.15207245700127,39.4042900530273,4280000,40.81632480621338,44.18948446685314,37.44316514557362,0,0
2022-07-06,40.79939270019531,41.11496766138853,40.35709915975049,40.57276132348808,3240000,40.66455268859863,43.740888741648334,37.58821663554893,0,0
2022-07-07,41.70711898803711,41.792411110306745,40.98336673139724,40.99677147901177,3207200,40.52903861999512,43.13499392060383,37.92308331938641,0,0
2022-07-08,41.73637390136719,41.90207967504983,41.121060515602224,41.1953871628992,5435200,40.41888561248779,42.588641493914004,38.24912973106158,0,0
2022-07-11,41.06866836547852,41.45613073286789,40.79939462544246,41.37815263929461,3113600,40.337131118774415,42.26622944096339,38.40803279658544,0,0
2022-07-12,40.505741119384766,41.5133877070032,40.29007899615823,41.21121755265777,5042400,40.31102752685547,42.21601370332691,38.40604135038403,0,0
2022-07-13,40.41192626953125,40.64098944184307,39.5590198491914,39.75275100417765,4746400,40.37673988342285,42.19863261520508,38.55484715164062,0,0
2022-07-14,40.68363952636719,40.83959942418991,39.52856281130982,40.030558616227424,4225600,40.44515247344971,42.20416236367395,38.68614258322547,0,0
2022-07-15,41.4305419921875,41.43907194953308,40.88346458837724,41.10278191364189,3084000,40.50743083953857,42.31277330490759,38.702088374169556,0,0
2022-07-18,41.05647659301758,42.01173132443533,40.91270183369395,41.82287496416929,3815200,40.63881664276123,42.18359128511151,39.094042000410944,0,0
2022-07-19,42.2919807434082,42.35290263911511,41.27945913422965,41.53898700488145,3294400,40.808626365661624,42.29521530382837,39.32203742749488,0,0
2022-07-20,43.08274459838867,43.25576441361812,42.22009221452016,42.31391059276378,4147200,40.96883926391602,42.69179159725334,39.24588693057869,0,0
2022-07-21,43.70902633666992,43.71024224613482,42.72087121622033,43.13026830488904,3533600,41.16723766326904,43.17007387412593,39.16440145241215,0,0
2022-07-22,43.026702880859375,43.87717024865717,42.77814048082799,43.65907251784739,3590400,41.29718437194824,43.424616535577286,39.169752208319196,0,0
2022-07-25,42.7501106262207,42.99867300042949,42.41991499452273,42.99867300042949,4684800,41.33879432678223,43.54428306098933,39.13330559257513,0,0
2022-07-26,41.94471740722656,42.656284570776485,41.82287363843288,42.62582362857806,2520800,41.35530414581299,43.57370757474561,39.13690071688036,0,0
2022-07-27,43.75898361206055,43.95149517775374,42.602683434901664,42.65507537588668,5748000,41.52686080932617,43.92435736818325,39.129364250469095,0,0
2022-07-28,44.3828239440918,44.48151712499118,43.367863003999325,43.77726010708889,3670400,41.7280252456665,44.363342400355926,39.09270809097708,0,0
2022-07-29,45.10657501220703,45.221108478541,44.33652132488261,44.5485283411964,4623200,41.99394969940185,44.85616563230191,39.131733766501796,0,0
2022-08-01,45.026153564453125,45.48428366973816,44.55096354436579,44.74103955240072,4644000,42.24988212585449,45.232913504765136,39.266850746943845,0,0
2022-08-02,44.793434143066406,45.31736096476784,44.41571764170196,44.60822919824444,4469600,42.46365661621094,45.531178050183485,39.396135182238396,0,0
2022-08-03,46.092281341552734,46.18731933454575,45.02492871380288,45.02492871380288,3915200,42.72830104827881,46.076280983885496,39.38032111267212,0,0
2022-08-04,46.238502502441406,46.24337729559035,45.684114699428925,46.025275852301576,2700800,42.95487022399902,46.59621277495574,39.31352767304231,0,0
2022-08-05,46.16661071777344,46.31526028847466,45.45504343915723,45.49037917896696,2719200,43.176382064819336,47.0272539574081,39.32551017223057,0,0
2022-08-08,45.84616470336914,46.568701254132094,45.60978743691004,46.13371800126252,4252800,43.415256881713866,47.30601851413074,39.52449524929699,0,0
2022-08-09,45.283233642578125,45.51839121206865,45.04076574479914,45.47940403398909,3160000,43.65413150787354,47.38435841434626,39.923904601400814,0,0
2022-08-10,46.66495895385742,46.70029469941246,46.105696319930765,46.39690480660741,5209600,43.966783142089845,47.60467071823231,40.32889556594738,0,0
2022-08-11,46.39445495605469,47.26198579653337,46.338407858177895,46.9914924551251,4467200,44.252323913574216,47.7064523962604,40.79819543088803,0,0
2022-08-12,47.35824203491211,47.35824203491211,46.57966217288943,46.77461297492579,2770400,44.54870891571045,48.000734716578236,41.09668311484266,0,0
2022-08-15,47.64458084106445,47.71403269929405,47.153550477079584,47.201071343777,2602400,44.87811412811279,48.188733138287844,41.56749511793774,0,0
2022-08-16,47.4788703918457,47.7067176799173,47.00124110794852,47.387487551065504,2853600,45.137458610534665,48.40951139743378,41.86540582363555,0,0
2022-08-17,47.07923126220703,47.41308210982197,46.72588124051995,47.07801163423303,4396800,45.33728294372558,48.57090887378123,42.10365701366994,0,0
2022-08-18,47.32534790039063,47.51054912641098,46.9464117720852,47.09993614054603,2100000,45.518099021911624,48.771680952293245,42.26451709153,0,0
2022-08-19,46.41394805908203,46.95858987902486,46.32500448359008,46.88061179701644,2844800,45.68746128082275,48.75179795160188,42.623124610043625,0,0
2022-08-22,45.14068222045898,45.79376305690424,45.02370952150834,45.79376305690424,3716800,45.80698986053467,48.57596053588719,43.03801918518215,0,0
2022-08-23,45.03467178344727,45.53423195903703,44.98593502156995,45.071227143637685,2160800,45.9614875793457,48.13118473844732,43.791790420244084,0,0
2022-08-24,45.1077880859375,45.312488477430605,44.8957810829517,45.01518933479124,2732800,46.02892780303955,47.99487511844601,44.06298048763309,0,0
2022-08-25,45.92657852172852,45.94241880924798,45.233287064450266,45.32832507118974,1689600,46.10611553192139,47.92305817195783,44.28917289188495,0,0
2022-08-26,43.98194885253906,46.00942739223923,43.97829368792092,45.92657451530992,4351200,46.04988422393799,48.047691342616346,44.05207710525963,1,1
2022-08-29,43.41415786743164,43.86132618552256,43.24966801729662,43.5238165280626,4378400,45.96928443908691,48.237555537261095,43.70101334091273,1,0
2022-08-30,42.97674179077149,43.74070101604644,42.58440463793297,43.70414936636912,3971200,45.87844982147217,48.45266573713473,43.3042339058096,1,0
2022-08-31,42.55759811401367,43.39831950734281,42.5466326193015,43.27160464508393,3450400,45.70171566009522,48.650972202692,42.75245911749843,1,0
2022-09-01,42.184757232666016,42.24080433506667,41.30260938064377,42.07875373002965,4958400,45.49902839660645,48.808100311835474,42.18995648137742,1,0
2022-09-02,41.68885040283203,42.882921729973454,41.459783491494086,42.64532486125272,4327200,45.275140380859376,48.95804841711529,41.59223234460346,1,0
2022-09-06,41.38668441772461,41.874059608723385,41.12228174052162,41.76805238124396,4844000,45.05216636657715,49.09243197163406,41.01190076152023,1,0
2022-09-07,42.04585266113281,42.22009210366681,41.305044067338535,41.44760293516139,4394400,44.89029731750488,49.134805039858136,40.645789595151626,1,0
2022-09-08,42.299293518066406,42.46743855487562,41.56213630638318,41.741246838848085,3164000,44.67201404571533,48.9775954014879,40.366432689942755,1,0
2022-09-09,43.21311569213867,43.2996237352558,42.63679327104036,42.644103600409295,2464000,44.51294708251953,48.787188296974634,40.23870586806443,1,0
2022-09-12,43.89788436889648,43.90519469946851,43.45559077740059,43.45559077740059,2427200,44.33992919921875,48.41496502270482,40.26489337573268,1,0
2022-09-13,41.59869003295898,42.79397735110067,41.49268652743228,42.65020256701565,5641600,44.037634658813474,47.982140070724576,40.09312924690237,1,0
2022-09-14,41.77902221679688,42.01052469229003,41.365969951458816,41.79242324992747,3512000,43.75264225006104,47.47904609438557,40.0262384057365,1,0
2022-09-15,40.84934616088867,41.733929459778565,40.619059635880376,41.41469935668143,4664800,43.44114799499512,47.04261403986837,39.83968195012187,1,0
2022-09-16,40.54351425170898,40.60443613638473,39.98790696093632,40.43141634781984,5660800,43.10205631256103,46.444582225253725,39.75953039986834,1,0
2022-09-19,40.86153030395508,40.89321087820806,40.1463078747986,40.15727336933757,21616800,42.82443542480469,45.93481353986735,39.71405730974203,1,0
2022-09-20,40.60809326171875,40.88102212836543,40.26936771529942,40.47284845602838,3777600,42.597805976867676,45.66023035390468,39.53538159983067,1,0
2022-09-21,39.9927864074707,41.426886401031815,39.9927864074707,40.80060756885399,4010400,42.34571170806885,45.3942850437717,39.29713837236599,1,0
2022-09-22,39.466426849365234,39.94770764230349,39.26782085466204,39.79906177163295,5844000,42.06364364624024,45.0815556550999,39.04573163738058,1,0
2022-09-23,38.90716552734375,39.17400376340381,38.42100620662146,39.103332272718525,20828800,41.71267299652099,44.473703412493194,38.95164258054879,1,0
2022-09-26,38.65372085571289,39.507846971642046,38.54893698626837,38.82308550033528,9041600,41.44626159667969,44.30648953862269,38.58603365473669,1,0
2022-09-27,38.79262161254883,39.56633032614008,38.405159301127405,39.178864296341736,18527200,41.21518478393555,44.14795749809313,38.28241206977797,1,0
2022-09-28,39.24257659912109,39.43310982667603,38.28502394267734,38.51464186494141,11395200,41.028476524353025,43.964347074737475,38.092605973968574,1,0
2022-09-29,38.23494338989258,38.73204131580231,37.781816672776365,38.67585940259177,21222400,40.812343788146975,43.89870173197776,37.72598584431619,1,0
2022-09-30,37.541202545166016,38.7015026064752,37.51433228939023,38.08959580245264,7930400,40.580166053771975,43.907830193954425,37.252501913589526,1,0
2022-10-03,38.68074417114258,38.89081971464644,37.65112763205016,37.872195045424895,6112000,40.4297607421875,43.8148140799234,37.04470740445159,1,0
2022-10-04,40.03525161743164,40.05479396681775,39.42212205332392,39.45021487943932,7688800,40.36218910217285,43.72199702807015,37.00238117627555,1,0
2022-10-05,40.16226959228516,40.42730826838653,39.22792318290616,39.44899064292518,4501600,40.268009948730466,43.53815970268404,36.99786019477689,1,0
2022-10-06,39.85814666748047,40.5213489929795,39.80562870667408,40.03524662416996,12241600,40.14595260620117,43.28325438127381,37.008650831128534,1,0
2022-10-07,38.19952774047852,39.07402815604519,38.012658482939976,39.07402815604519,6406400,39.895273208618164,42.80517318264076,36.98537323459557,1,0
2022-10-10,37.50944900512695,38.261812504382064,37.12105468778703,38.194638722812606,7816000,39.57585144042969,42.02404444768258,37.1276584331768,1,0
2022-10-11,36.89876174926758,37.53509741772879,36.61784848683364,37.25784438435981,8125600,39.340855026245116,41.86825337052398,36.81345668196625,1,0
2022-10-12,36.76686477661133,37.16136824019591,36.65938372601728,36.96717104859511,6149600,39.09024715423584,41.594778743143586,36.585715565328094,1,0
2022-10-13,37.81967926025391,38.01509898847014,35.61755174746044,35.76655887090168,10500800,38.938763809204104,41.36463939466822,36.51288822373999,1,0
2022-10-14,36.74365997314453,38.233731458519394,36.68381409234012,38.19831071827996,4932800,38.74877109527588,41.236568274396454,36.2609739161553,1,0
2022-10-17,37.905181884765625,38.06029438229472,37.61205411489465,37.64258833524208,3719200,38.60095367431641,40.914244209707476,36.28766313892534,1,0
2022-10-18,38.2947998046875,39.05937416697692,37.817244139077374,38.87128604854371,10937600,38.48528900146484,40.609159056025774,36.36141894690391,1,0
2022-10-19,38.1067008972168,38.49265382794151,37.73173983678004,37.94670190637892,3305600,38.39098472595215,40.40329855034771,36.378670901556596,1,0
2022-10-20,38.127471923828125,38.96166518414415,37.94182147853056,38.14212775323123,3848800,38.32403697967529,40.276996675148204,36.37107728420238,1,0
2022-10-21,39.13143157958984,39.20593327738904,37.88685663935868,38.02853212131524,3866400,38.335250282287596,40.303985421124914,36.36651514345028,0,-1
2022-10-24,39.59311676025391,39.7311283132219,38.73571341803513,39.28899337350051,3692800,38.382220077514646,40.422625506415685,36.34181464861361,0,0
2022-10-25,40.46028137207031,40.48715163375128,39.71280429099104,39.71280429099104,5120000,38.465603065490725,40.693926490926984,36.23727964005447,0,0
2022-10-26,39.6468505859375,40.500589906510605,39.46486782859012,39.50883904332933,4164800,38.48581676483154,40.74902742234969,36.22260610731339,0,0
2022-10-27,39.23646926879883,40.04501474732062,39.15585848776957,39.74944561086813,4268000,38.53589305877686,40.818917431343735,36.25286868620998,0,0
2022-10-28,40.815696716308594,40.90485796973663,39.401353457371854,39.401353457371854,4392800,38.69961776733398,41.1381821533553,36.261053381312664,0,0
2022-10-31,40.32959747314453,40.58852705085635,40.1024209482416,40.444406433423794,4328800,38.78206043243408,41.32188417009789,36.24223669477027,0,0
2022-11-01,40.01814270019531,40.93539174057098,39.84959323168898,40.83890257446696,3250400,38.78120498657226,41.31935075396895,36.24305921917558,0,0
2022-11-02,38.537845611572266,40.39676888200801,38.53662305015574,39.99616010613341,4452800,38.699983787536624,41.158880546636524,36.24108702843672,0,0
2022-11-03,37.44105529785156,38.114030631537744,37.41296620376975,38.01143610996107,16798400,38.579129219055176,41.03605044330165,36.122207994808704,0,0
2022-11-04,37.92715835571289,38.267921233093546,37.07830570190679,38.094485254757686,5880800,38.565510749816895,41.03369100987837,36.09733048975542,0,0
2022-11-07,38.48899459838867,38.55250443251532,37.69021838013386,38.08838579141066,5656000,38.61448802947998,41.03532184513745,36.193654213822505,0,0
2022-11-08,38.84684753417969,39.3732570773997,38.30211820830071,38.81142680282502,4400800,38.71189231872559,41.001988568873074,36.421796068578104,0,0
2022-11-09,37.812347412109375,38.56837482115009,37.75250154761152,38.45967496151189,5304800,38.76416645050049,40.917958519251684,36.610374381749295,0,0
2022-11-10,41.01601409912109,41.05509880115109,39.58945602092727,39.73235410469858,10920800,38.92398319244385,41.24182854263564,36.60613784225206,0,0
2022-11-11,41.85264205932617,41.975997761020125,40.80592820946673,40.9585992939624,10211200,39.17943229675293,41.603486085641926,36.75537850786393,0,0
2022-11-14,41.453250885009766,41.9564541681833,41.20409063886668,41.48623022376654,7431200,39.356835746765135,41.898381773712664,36.815289719817606,0,0
2022-11-15,42.05171585083008,42.59400376155541,41.634009912254605,42.401029179096255,7284000,39.544681549072266,42.291534969245845,36.797828128898686,0,0
2022-11-16,41.33477783203125,41.78424059528771,41.1918797889937,41.68775515676536,4236000,39.70608539581299,42.47526039468524,36.93691039694074,0,0
2022-11-17,41.31156539916992,41.51064905356163,40.59218131790424,40.68867046942896,5818400,39.86529006958008,42.61920633033156,37.111373808828596,0,0
2022-11-18,41.35798645019531,41.85142045016253,41.03188309359264,41.83187810362386,3657600,39.97661781311035,42.78239723166547,37.17083839455523,0,0
2022-11-21,40.86577987670898,41.24806892286704,40.76684929811292,41.10150317003927,8136800,40.04025096893311,42.86600903626086,37.214492901605354,0,0
2022-11-22,41.59737396240234,41.62302538903146,40.69844837928741,40.97081494395893,4137600,40.09710559844971,42.99910838186054,37.19510281503888,0,0
2022-11-23,42.041954040527344,42.13722065116756,41.52043094126023,41.54363724502196,3524800,40.2168607711792,43.230197149118816,37.20352439323958,0,0
2022-11-25,41.778133392333984,41.90882072508568,41.65111001623322,41.7439352211516,1474400,40.343943977355956,43.39531686531495,37.29257108939696,0,0
2022-11-28,40.89508819580078,41.59126987388168,40.73264779215344,41.40684199998088,5042400,40.347913551330564,43.40193636261803,37.293890740043096,0,0
2022-11-29,40.5164680480957,40.984250652745935,40.35768786964696,40.91585429896922,4314400,40.35725708007813,43.412141882108855,37.3023722780474,0,0
2022-11-30,42.49631118774414,42.503639103196846,40.44319029821515,40.5616632344635,4823200,40.48116550445557,43.66911449177131,37.293216517139825,0,0
2022-12-01,42.64653396606445,42.85905093423833,42.09203151404532,42.5573727061429,11018400,40.68659992218018,43.876689453756846,37.49651039060351,0,0
2022-12-02,42.40714645385742,42.53416985687914,41.77447828923698,41.86485839066221,4314400,40.93490447998047,43.83583445114647,38.03397450881447,0,0
2022-12-05,41.59981155395508,42.29598935751677,41.34332342534989,42.09080034556096,3923200,41.11853713989258,43.679713396275304,38.55736088350986,0,0
2022-12-06,40.69601058959961,41.64867677865176,40.426085396599966,41.64867677865176,6495200,41.228887939453124,43.5012702932899,38.95650558561635,0,0
2022-12-07,40.51035690307617,40.79737929839708,40.21722915506991,40.56654254799621,6806400,41.31206340789795,43.33801577639063,39.28611103940528,0,0
2022-12-08,41.216304779052734,41.34210559895587,40.50668990261062,40.79248971499284,3288000,41.48226127624512,42.723569164967905,40.24095338752233,0,0
2022-12-09,40.96592712402344,41.536304207232384,40.83890373833292,41.0465379037508,11598400,41.479756927490236,42.72501316331865,40.23450069166182,0,0
2022-12-12,41.86485290527344,41.86973942364376,41.03798765069485,41.06119395380209,4852000,41.480367469787595,42.72636615354856,40.23436878602663,0,0
2022-12-13,42.36439514160156,43.66026933788095,41.960122379069226,43.436760494182224,7354400,41.52592468261719,42.829905052271364,40.22194431296301,0,0
2022-12-14,42.04805374145508,42.83095142951524,41.553400969487136,42.31431491819783,5572000,41.52574157714844,42.82942756335656,40.222055590940315,0,0
2022-12-15,40.45527267456055,41.47892796666334,40.33527324988618,41.3870927017925,5430400,41.481766319274904,42.8651495493695,40.09838308918031,0,0
2022-12-16,39.926300048828125,40.53118861658104,39.72915840675503,40.34017156747869,5028800,41.41250305175781,42.952847478649716,39.872158624865904,0,0
2022-12-19,39.35079574584961,40.00466234313196,39.09610760444584,39.99854148723132,12659200,41.31214351654053,43.095933246104714,39.528353786976346,1,1
2022-12-20,39.4377326965332,39.63854759351521,38.94794463964399,39.10222907333572,6608800,41.24074115753174,43.19633510732038,39.285147207743094,1,0
2022-12-21,40.06221771240234,40.2532347770831,39.50018630246242,39.61161354632399,4402400,41.16398334503174,43.177221224660656,39.15074546540282,1,0
2022-12-22,39.06916427612305,39.58833834824957,38.41774535447907,39.58589075354955,5084800,41.015343856811526,43.18057798918662,38.850109724436436,1,0
2022-12-23,39.08385467529297,39.12426053743333,38.48141384588335,38.82794091697591,7944800,40.88062992095947,43.17091548972927,38.590344352189675,1,0
2022-12-27,38.70183181762695,39.000602855478185,38.4985693091356,38.99815152345189,5281600,40.77096710205078,43.250219948733815,38.29171425536775,1,0
2022-12-28,38.09326553344727,38.924681777103714,38.05040833261805,38.63937815139001,4907200,40.64980697631836,43.390069510807244,37.909544441829475,1,0
2022-12-29,39.131614685058594,39.27243173913068,38.4287700277422,38.51448443136988,4965600,40.48157215118408,43.16017121383923,37.80297308852894,1,0
2022-12-30,39.110801696777344,39.110801696777344,38.50101421391537,38.72264301318334,4978400,40.304785537719724,42.851993677509846,37.7575773979296,1,0
2023-01-03,38.736114501953125,39.81609808667671,38.48142261447504,39.4720185317148,5940000,40.12123394012451,42.56288625584104,37.67958162440798,1,0
2023-01-04,38.90386581420898,39.15977962753232,38.49611889782726,38.93937649491296,4561600,39.986436653137204,42.38396527138187,37.58890803489254,1,0
2023-01-05,38.0981674194336,38.69325814021097,38.04306476597503,38.68468595202204,4448800,39.856544494628906,42.36514344413504,37.34794554512277,1,0
2023-01-06,39.18793869018555,39.36303700230193,37.958569771292666,38.42631820530301,6175200,39.79042358398438,42.296315321754506,37.28453184621425,1,0
2023-01-09,39.678955078125,40.380577843403216,39.55895939084908,39.5969176678592,5166400,39.713556098937985,42.132588254463194,37.29452394341278,1,0
2023-01-10,39.93610000610352,39.977731549889526,39.33978353923593,39.57365782618819,18122400,39.662064743041995,42.015217872731064,37.308911613352926,0,-1
2023-01-11,40.60954666137695,40.62056644292432,39.91282293485773,40.07322820535687,4167200,39.59929943084717,41.77430770064449,37.424291161049844,0,0
2023-01-12,40.92668914794922,41.0809735828098,40.136908142303824,40.665876407794,4303200,39.52741413116455,41.40710368604643,37.64772457628266,0,0
2023-01-13,41.09933090209961,41.12626938901444,40.44913769274925,40.54954512004866,3956800,39.479977989196776,41.1375942688071,37.82236170958645,0,0
2023-01-17,41.30504989624024,41.50586479435414,40.95240563219282,41.00628261769722,4362400,39.522466850280765,41.31590156213409,37.72903213842744,0,0
2023-01-18,40.78466033935547,41.81444044215203,40.754048577929126,41.58423939833999,5846400,39.56538486480713,41.43489027322926,37.695879456385,0,0
2023-01-19,40.28384399414063,40.653636386819386,40.11854350624109,40.46261933418244,6995200,39.61203727722168,41.504224289092534,37.71985026535083,0,0
2023-01-20,41.41157913208008,41.41157913208008,40.35363520126474,40.52628592900695,4633600,39.71072959899902,41.755969132767426,37.66549006523062,0,0
2023-01-23,42.39482879638672,42.57972123689088,41.50586232523376,41.56218690244266,10939200,39.82736015319824,42.18209218196683,37.472628124429654,0,0
2023-01-24,42.32381057739258,42.48666720221318,42.08014220991744,42.17075180650892,4677600,39.99009246826172,42.55335532024047,37.42682961628297,0,0
2023-01-25,42.23442459106445,42.3274817782176,41.17158169782238,41.58912645288423,5066400,40.14762096405029,42.852100116937315,37.443141811163265,0,0
2023-01-26,42.90666198730469,42.93114914995227,42.19157181790818,42.68013424629151,3876800,40.35786247253418,43.228716307764955,37.487008637303404,0,0
2023-01-27,43.103797912597656,43.40991545746613,42.611562245692255,42.634827478045175,4538400,40.6083890914917,43.51924804117118,37.69753014181222,0,0
2023-01-30,42.26136779785156,42.80380721915043,42.23442930301033,42.5980971149737,4832000,40.764876747131346,43.677854857364146,37.85189863689855,0,0
2023-01-31,42.90298461914063,42.91277873590479,42.24054583647492,42.29687041563792,4666400,40.95448589324951,43.90554386583456,38.003427920664464,0,0
2023-02-01,43.956031799316406,44.28908783723591,42.73523488226149,42.87972146645065,4440000,41.215481758117676,44.25750230882828,38.17346120740707,0,0
2023-02-02,45.26621627807617,45.47682531507425,44.57316565326606,44.74581641064124,11626400,41.533599281311034,44.85956836903646,38.20763019358561,0,0
2023-02-03,44.78622055053711,45.53559567020152,44.260921819875776,44.260921819875776,6144800,41.86800193786621,45.08828770691596,38.64771616881646,0,0
2023-02-06,44.1984748840332,44.59765336131221,44.02460220984209,44.31969997372661,2552800,42.11852874755859,45.244046102028946,38.99301139308824,0,0
2023-02-07,45.25763702392578,45.40580059471612,44.20459574011746,44.25234813030989,4283200,42.39746284484863,45.59717189834148,39.19775379135579,0,0
2023-02-08,44.68458938598633,45.57600352763616,44.61601935484299,45.241725560009,10204000,42.634887313842775,45.772909727934135,39.496864899751415,0,0
2023-02-09,44.49602508544922,45.471924262755,44.289089319478784,45.39111251666672,3124000,42.82921123504639,45.92251098372997,39.7359114863628,0,0
2023-02-10,44.21316909790039,44.32826959762309,43.79807563608958,44.12378516330631,2697600,42.99353523254395,46.01341000568343,39.97366045940446,0,0
2023-02-13,44.96498489379883,45.07273884546431,44.33560555647349,44.42131994623985,7828000,43.1868179321289,46.19180238830942,40.18183347594839,0,0
2023-02-14,45.20376968383789,45.45355892335907,44.46418860947604,44.74704093715931,4117600,43.38175392150879,46.37897598662683,40.38453185639075,0,0
2023-02-15,45.52212524414063,45.52335091005748,44.89887038863061,44.97233934470195,3173600,43.618627166748055,46.504136348027224,40.73311798546889,0,0
2023-02-16,44.691932678222656,45.36661689447618,44.68703748834222,44.844991439675006,3686400,43.839031600952154,46.3165488984317,41.36151430347261,0,0
2023-02-17,44.14459228515625,44.431117824468366,43.75765930630794,44.42867022964528,3313600,43.975682258605964,46.19008211386724,41.76128240334469,0,0
2023-02-21,43.07685470581055,43.81766132540682,43.04869428630721,43.54582882583543,8300800,44.00978355407715,46.14535696318784,41.87421014496647,0,0
2023-02-22,43.06706237792969,43.37930075778183,42.84176032861753,43.14297892601696,3920800,44.04694614410401,46.087630642227104,42.00626164598092,0,0
2023-02-23,43.72950744628906,43.86419992364177,43.07931403043621,43.837261428171225,3250400,44.12170028686524,45.99390409061299,42.24949648311749,0,0
2023-02-24,42.9691047668457,43.119712191901485,42.698494194503255,43.01073630025545,3160000,44.12482242584229,45.98910238454871,42.26054246713587,0,0
2023-02-27,43.16134262084961,43.60092691044679,43.100119119733804,43.40746229110666,4657600,44.12769966125489,45.9858350454765,42.269564277033275,0,0
2023-02-28,43.11604690551758,43.51155215123789,42.9789068320306,43.05727472361558,1655200,44.17043361663819,45.88898291098295,42.45188432229343,0,0
2023-03-01,42.782989501953125,43.22379953636688,42.66666707105188,43.119718818454565,3965600,44.16443386077881,45.901380184311776,42.42748753724584,0,0
2023-03-02,43.291141510009766,43.41114093231307,42.51482786805516,42.65196792966669,2244000,44.13118934631348,45.907816308285106,42.35456238434185,0,0
2023-03-03,44.1996955871582,44.21438862988668,43.49439964190312,43.54582902823883,3400800,44.07786331176758,45.77736620732397,42.37836041621119,0,0
2023-03-06,44.36010360717773,44.97845952653819,44.3307175199042,44.49479606849192,4308800,44.05655746459961,45.73049660830752,42.382618320891694,0,0
2023-03-07,43.81399154663086,44.50214316900073,43.69889105426441,44.35887851810672,2481600,44.03733329772949,45.71314161510784,42.36152498035114,0,0
2023-03-08,44.1605110168457,44.220512589509866,43.7441919527561,43.93643464487047,3632800,43.982476997375485,45.56409103850687,42.400862956244104,0,0
2023-03-09,43.46501922607422,44.700509220466046,43.39032460007983,44.2131687312815,4271200,43.921498489379886,45.48405716319738,42.358939815562394,0,0
2023-03-10,42.60544204711914,43.44420114357576,42.41564692429936,43.38665089478075,5624800,43.82696933746338,45.465941978113314,42.18799669681345,0,0
2023-03-13,42.803802490234375,43.41113861790023,42.04708085982318,42.33850160681773,13410400,43.756501007080075,45.44348417324159,42.06951784091856,0,0
2023-03-14,43.76991653442383,43.92664859136237,43.1797246596192,43.39278130693599,4953600,43.696747589111325,45.2903534542673,42.10314172395535,0,0
2023-03-15,43.75398635864258,43.79806922327528,43.040121968472256,43.36460578218604,11355200,43.62425842285156,45.06126679899556,42.18725004670756,0,0
2023-03-16,44.94907379150391,44.99682992048392,43.447872208412015,43.65358603129767,11621600,43.59560585021973,44.89651193882406,42.29469976161539,0,0
2023-03-17,44.82662582397461,45.35069888176319,44.56826442433324,45.05070594678187,4109600,43.60234050750732,44.92705585856566,42.277625156448984,0,0
2023-03-20,44.96376800537109,45.03478936773529,44.44949277673947,44.7507113918513,3489600,43.64329929351807,45.07858666580244,42.2080119212337,0,0
2023-03-21,45.470699310302734,45.53682174403792,44.88417706805129,45.24661918250599,11869600,43.76299152374268,45.377442263534626,42.14854078395073,0,0
2023-03-22,44.91846084594727,46.299662973764,44.91846084594727,45.4351873792978,4698400,43.85556144714356,45.51156048822233,42.199562406064786,0,0
2023-03-23,45.552734375,46.226192916103535,45.16335378806336,45.42661410677388,4759200,43.9467227935791,45.75834983215563,42.13509575500257,0,0
2023-03-24,45.63519287109375,45.63519287109375,45.07198908191795,45.4204650139172,2968800,44.080027198791505,45.97474382889722,42.18531056868579,0,0
2023-03-27,45.34929656982422,45.92353931963225,45.24009406247096,45.689178748781565,4939200,44.18942489624023,46.11179124011686,42.26705855236361,0,0
2023-03-28,45.15420150756836,45.31494034924,44.77137300695936,45.3124876645898,4691200,44.29133262634277,46.19124902924333,42.391416223442214,0,0
2023-03-29,46.07691955566406,46.17630758676631,45.631515737733245,45.69409102926176,3072000,44.45602912902832,46.3753589407796,42.53669931727705,0,0
2023-03-30,46.54195785522461,46.63398408341815,46.260970056664426,46.45606521108792,2971200,44.618569946289064,46.66233508796746,42.574804804610665,0,0
2023-03-31,47.29780578613281,47.3333903135684,46.490430566310735,46.54073494825009,4052800,44.77347545623779,47.11474922870506,42.43220168377052,0,0
2023-04-03,47.23522186279297,47.280620870057184,46.80331344190247,47.02417489410124,6167200,44.91723136901855,47.48175152778585,42.35271121025125,0,0
2023-04-04,46.93582534790039,47.39963735149745,46.7775429440183,47.28920663531844,3695200,45.07332305908203,47.72866143508454,42.41798468307952,0,0
2023-04-05,46.37140655517578,46.70883607331671,46.03274882234702,46.70392695912234,9765600,45.183867835998534,47.8619828984881,42.505752773508966,0,0
2023-04-06,46.61189270019531,46.640111676700336,45.82414664043709,46.03765000872091,2229600,45.34121150970459,47.966137233434196,42.71628578597499,0,0
2023-04-10,46.584903717041016,46.584903717041016,45.94685371004692,46.16035710364518,2392800,45.540184593200685,47.89482704039061,43.18554214601076,0,0
2023-04-11,46.23888397216797,46.54686627619516,46.10882053782208,46.511281753347546,13228800,45.71193866729736,47.718533287040074,43.70534404755465,0,0
2023-04-12,45.96157836914063,46.72601092948374,45.8990030794402,46.51373574560321,3059200,45.8215217590332,47.62056654870245,44.02247696936396,0,0
2023-04-13,46.851165771484375,46.92233481996722,46.14317865343224,46.20207678894664,8539200,45.97638072967529,47.55680149142972,44.39595996792087,0,0
2023-04-14,46.67201614379883,47.0303065336529,46.25851226985251,46.64502163672382,4209600,46.06252784729004,47.596722847127,44.528332847453086,0,0
2023-04-17,46.841346740722656,46.885517529652894,46.46588005658944,46.64870428503384,2506400,46.16326389312744,47.6223678322995,44.70415995395538,0,0
2023-04-18,46.9738655090332,47.32602234863205,46.79472216953351,47.17386977418982,3436000,46.26376876831055,47.65381779786242,44.87371973875867,0,0
2023-04-19,46.875709533691406,46.95546485444535,46.53459910859722,46.6069926301774,2138400,46.33401927947998,47.69842326448658,44.969615294473385,0,0
2023-04-20,46.53950881958008,46.97018905499597,46.34686633476327,46.479382466147285,2300800,46.415071678161624,47.6163228273568,45.21382052896645,0,0
2023-04-21,46.402076721191406,46.47201380391066,46.135812538457664,46.39839582210092,2632800,46.457538795471194,47.59204271707258,45.32303487386981,0,0
2023-04-24,46.20084381103516,46.49410249915172,45.867095233309776,46.25606104142188,2344000,46.48582134246826,47.56370233655307,45.407940348383455,0,0
2023-04-25,45.20328521728516,46.03397774949968,45.20206074713534,46.013116822268486,3125600,46.47852077484131,47.58859118475762,45.368450364924996,1,1
2023-04-26,45.80451965332031,46.27201259132838,45.6916362440866,45.938267733032696,5786400,46.5110366821289,47.49496674879679,45.527106615461015,1,0
2023-04-27,46.67201614379883,46.71619067562902,45.95421089414846,46.00083811041951,3312800,46.540791511535645,47.506228365047505,45.575354658023784,0,-1
2023-04-28,47.16160202026367,47.16896756388516,46.58613475575257,46.66220917579023,2912000,46.5717737197876,47.57442500247971,45.569122437095494,0,0
2023-05-01,47.2106819152832,47.43154335875028,47.084299381994114,47.12601748822426,2161600,46.567417526245116,47.55809906598299,45.576735986507245,0,0
2023-05-02,46.68184280395508,47.23890558173347,46.462205808737146,47.20945838489784,2672800,46.53974857330322,47.48410747319413,45.59538967341231,0,0
2023-05-03,46.35177230834961,47.11988202155215,46.340729610195616,46.71864901039631,2816800,46.510545921325686,47.44011259738243,45.58097924526894,0,0
2023-05-04,46.16404342651367,46.43766571126913,45.99471454928789,46.194718839212335,3992000,46.50017776489258,47.4402868296843,45.56006870010086,0,0
2023-05-05,47.38491821289063,47.52602434931335,46.648708376364894,46.66956930267148,3084000,46.53882904052735,47.55464716203416,45.523010919020535,0,0
2023-05-08,47.43523025512695,47.467133882271575,47.13338524567853,47.29289589228727,1961600,46.58134536743164,47.669894105941715,45.49279662892156,0,0
2023-05-09,47.090431213378906,47.252398262990646,47.05116579325063,47.18981923369599,1658400,46.623922729492186,47.722132521531634,45.52571293745274,0,0
2023-05-10,47.60332107543945,47.69902819253176,47.13828461580906,47.48798124912868,3171200,46.70600986480713,47.8388010061326,45.57321872348166,0,0
2023-05-11,47.40209197998047,47.54687899668329,47.0977906063614,47.54196988327882,2362400,46.73355617523193,47.90525263240741,45.56185971805645,0,0
2023-05-12,47.30762100219727,47.55179983892559,46.957924285419146,47.49412991200671,1940000,46.765336418151854,47.962827671738026,45.56784516456568,0,0
2023-05-15,47.70640182495117,47.70640182495117,47.19228159245854,47.3456586607545,2128000,46.808589172363284,48.07447518839131,45.54270315633526,0,0
2023-05-16,47.67449188232422,47.92725693798111,47.60823195432432,47.60823195432432,2423200,46.843620491027835,48.163488999462196,45.523751982593474,0,0
2023-05-17,48.3726692199707,48.43033914095204,47.668359255198325,47.878181757131216,8323200,46.9184684753418,48.39733157187842,45.439605378805176,0,0
2023-05-18,49.32238006591797,49.38250267331414,48.43770225976464,48.43770225976464,11084800,47.05761203765869,48.85667524874475,45.258548826572635,0,0
2023-05-19,49.23280715942383,49.39477423056329,49.07329651771673,49.34814700603311,2890400,47.19914855957031,49.20335601955717,45.19494109958345,0,0
2023-05-22,49.359188079833984,49.5052033330843,49.02912036395456,49.0683857880091,2228800,47.357065773010255,49.51366676278447,45.20046478323604,0,0
2023-05-23,48.60702133178711,49.26347200027357,48.57879861127017,49.134636797659056,3291200,47.52725257873535,49.50710037012313,45.54740478734757,0,0
2023-05-24,48.306400299072266,48.48431914302822,48.02418807544166,48.22418856739206,3039200,47.65234661102295,49.49219869664469,45.812494525401206,0,0
2023-05-25,50.02668380737305,50.21932627783015,49.36409571072854,49.681892503972406,5887200,47.82007999420166,49.87137314854046,45.76878683986287,0,0
2023-05-26,51.35430908203125,51.42793080324817,50.1861910028217,50.1861910028217,4089600,48.029715347290036,50.56811091941807,45.491319775162005,0,0
2023-05-30,51.62303161621094,52.29052880486411,51.47578815755988,52.10647635382864,6355200,48.250332832336426,51.19939793689344,45.30126772777941,0,0
2023-05-31,51.15186309814453,51.726105906261886,51.07824136118042,51.30892105620801,3402400,48.473833847045896,51.58653646044555,45.36113123364624,0,0
2023-06-01,51.679473876953125,51.90279175197914,50.76534894034853,50.99234397009595,4220000,48.74021892547607,51.9897835247555,45.49065432619664,0,0
2023-06-02,52.03776550292969,52.23286065829612,51.645118762916766,51.99113828129051,3809600,49.033905029296875,52.35987716092769,45.70793289766606,0,0
2023-06-05,51.75922393798828,52.33224216451046,51.64511232738991,51.98131732041921,3124000,49.25262031555176,52.689535537272626,45.81570509383089,0,0
2023-06-06,51.84511947631836,51.977635588863485,51.38621657924213,51.62057714144682,2842400,49.473114776611325,52.980470485009576,45.965759068213075,0,0
2023-06-07,51.07332611083984,52.213225320716624,50.96780450469584,51.84266774007771,4487200,49.67225952148438,53.066314414666095,46.27820462830266,0,0
2023-06-08,51.58743667602539,51.67455751466936,51.10153935189233,51.10153935189233,1981600,49.87146530151367,53.223831077304425,46.51909952572292,0,0
2023-06-09,51.80217361450195,52.33469824305385,51.62180206736691,51.86475264449471,5760000,50.09146938323975,53.342733000441086,46.84020576603841,0,0
2023-06-12,52.8831787109375,52.89054050978487,52.03653814247853,52.11997435911992,3579200,50.370247268676756,53.57471485366598,47.16577968368753,0,0
2023-06-13,53.26355743408203,53.45742813306542,52.83164898519183,53.31877467298976,5442400,50.6481050491333,53.84416934004515,47.45204075822145,0,0
2023-06-14,53.70404815673828,53.77644166860221,52.95802389898531,53.26477797191206,15332000,50.949582862854,54.104032745987084,47.79513297972092,0,0
2023-06-15,54.40467834472656,54.61940620046946,53.45742159703848,53.50036417254175,5164000,51.251183319091794,54.514026082324904,47.988340555858684,0,0
2023-06-16,53.93472671508789,54.96051426113453,53.91509400547552,54.89670701875521,4972800,51.481800651550294,54.81791067899389,48.1456906241067,0,0
2023-06-20,53.62061309814453,53.997308006474974,53.32367350157506,53.62184131272069,6056000,51.70119094848633,54.99366890535512,48.408712991617534,0,0
2023-06-21,52.79851913452149,53.52614277366828,52.61201397231072,53.44393101957071,4289600,51.8731575012207,55.01416871699945,48.73214628544196,0,0
2023-06-22,53.232872009277344,53.25005203399294,52.54942306615606,52.54942306615606,13495200,52.10445003509521,54.913044367848,49.29585570234242,0,0
2023-06-23,52.61444854736328,52.948197074297816,52.419353438007,52.593591370742594,4286400,52.31985244750977,54.52656780430536,50.113137090714176,0,0
2023-06-26,52.18746566772461,53.14208433648615,52.16906116949187,52.62673591862679,3320800,52.42789154052734,54.37074605204084,50.48503702901384,0,0
2023-06-27,53.24269104003906,53.39361164304519,52.41936043599559,52.47212498087846,2600800,52.52231063842773,54.430526447647935,50.61409482920753,0,0
2023-06-28,53.38011169433594,53.66600480998257,52.922433321863366,53.00096415293307,3463200,52.610164642333984,54.50643420357577,50.7138950810922,0,0
2023-06-29,53.49514389038086,53.58608695888016,53.20020241914533,53.458277612870525,2787200,52.7273286819458,54.536261399134915,50.918395964756684,0,0
2023-06-30,54.338191986083984,54.47706122291889,53.99409045889268,54.07274352238252,3354400,52.86026458740234,54.73134073067754,50.989188444127144,0,0
2023-07-03,54.24601745605469,54.37505317267525,53.98179914321287,54.36522341585195,6659200,52.97067718505859,54.89445560807222,51.04689876204496,0,0
2023-07-05,53.9093017578125,54.265689569324365,53.813445674021246,53.95845805071332,3724000,53.0781810760498,54.95897199964761,51.197390152451995,0,0
2023-07-06,53.70037460327149,53.73724087970655,53.11294817963977,53.38208324876823,3533600,53.17094383239746,54.98099674812781,51.36089091666712,0,0
2023-07-07,53.51727294921875,54.16491562711175,53.497609682382254,53.583632255609146,2547200,53.2931411743164,54.82954982650789,51.75673252212491,0,0
2023-07-10,53.732330322265625,53.732330322265625,53.08960070434091,53.29728948860855,2747200,53.40038585662842,54.731264406094645,52.06950730716219,0,0
2023-07-11,53.93510818481445,53.97689122132228,53.38946470743154,53.83064871835253,7304800,53.507032585144046,54.6348946042282,52.37917056605989,0,0
2023-07-12,54.49918365478516,54.73636548219234,54.15385573498504,54.48320701608375,3728800,53.587832832336424,54.75616156691104,52.41950409776181,0,0
2023-07-13,55.31149291992188,55.41349586552705,54.79411618799048,54.898575635153534,4013600,53.69022960662842,55.067263210871815,52.31319600238503,0,0
2023-07-14,55.11363983154297,55.78709257297785,54.94281733174135,55.44422119773935,6104800,53.76070919036865,55.27118368652263,52.25023469421467,0,0
2023-07-17,55.847312927246094,56.00953205783728,55.194753527315335,55.194753527315335,6067200,53.83284091949463,55.578854961460536,52.08682687752872,0,0
2023-07-18,56.47897720336914,56.732139399617466,55.451596908563474,55.74776851278738,4876800,53.96005344390869,56.05341538890762,51.866691498909766,0,0
2023-07-19,56.33027648925781,56.89558315946659,56.12873458967147,56.65840135828607,11340000,54.095536613464354,56.42132443334661,51.769748793582096,0,0
2023-07-20,55.13822555541992,56.20738894580628,54.98460980245769,55.94685722884388,8937600,54.212521934509276,56.500651279531404,51.92439258948715,0,0
2023-07-21,55.04358673095703,55.73547256771912,54.98214043995342,55.54007381237371,2669600,54.30305767059326,56.57218524864962,52.033930092536906,0,0
2023-07-24,55.10626602172852,55.38769109930905,54.90595050254874,55.29920828563406,4907200,54.42764854431152,56.583013246420194,52.27228384220285,0,0
2023-07-25,55.73302459716797,55.923506628282304,55.24636719765117,55.24759732378241,4749600,54.60492649078369,56.568852299371706,52.641000682195674,0,0
2023-07-26,55.09151840209961,55.32255706373225,54.67737098753613,55.17877108801097,2720000,54.69736785888672,56.567940019609104,52.82679569816434,0,0
2023-07-27,54.8383674621582,55.97881066539012,54.5913521305667,55.79692826322516,2869600,54.77028064727783,56.540794280843215,52.99976701371244,0,0
2023-07-28,55.61750030517578,55.75882603346879,55.27954568298699,55.379088380764586,3348000,54.87639846801758,56.58169493465161,53.171102001383545,0,0
2023-07-31,55.89278411865234,55.9431705356114,55.56466297092268,55.69738533115819,3742400,54.95412807464599,56.695547951313394,53.21270819797859,0,0
2023-08-01,55.92227554321289,56.02427850035819,55.49952470361685,55.65560070422568,2151200,55.037940979003906,56.79624201968233,53.27963993832548,0,0
2023-08-02,54.43405532836914,55.39261622768469,54.19195672618002,55.39261622768469,5732000,55.06417865753174,56.769182811203784,53.3591745038597,0,0
2023-08-03,54.2189826965332,54.515154291835486,53.943704491936735,54.05676357580275,4239200,55.09010906219483,56.72572165792442,53.45449646646524,0,0
2023-08-04,53.51112747192383,54.40087250527896,53.43124802669543,54.13788052362741,9602400,55.08980178833008,56.72659807084876,53.4530055058114,0,0
2023-08-07,53.60084533691406,53.87612360429492,53.16334791180444,53.71882120145085,3883200,55.0832275390625,56.74267976617242,53.423775311952575,0,0
2023-08-08,53.101898193359375,53.28500698441995,52.56117145269244,53.15597124246456,3756800,55.04156703948975,56.84942126206151,53.233712816917986,1,1
2023-08-09,52.358394622802734,53.195292990997125,52.15930919606184,53.195292990997125,6036800,54.93452758789063,57.08011701963409,52.78893815614717,1,0
2023-08-10,52.40755081176758,53.24444911840135,52.147015349237705,52.81801164604736,6748000,54.78933048248291,57.190981365737265,52.387679599228555,1,0
2023-08-11,52.06344604492188,52.36822102435704,51.88771053779861,52.00814662854617,5035200,54.636820793151855,57.30888816249097,51.96475342381274,1,0
2023-08-14,52.83152389526367,52.84012727668916,51.847156795817625,51.98725239875969,4504000,54.48603134155273,57.20775052765491,51.764312155450554,1,0
2023-08-15,52.30923080444336,52.84381432736683,52.20723160370147,52.69880196953744,4636800,54.277544021606445,56.995486800939524,51.55960124227337,1,0
2023-08-16,51.81397247314453,52.46284518928003,51.79553933497844,52.20600012980808,4025600,54.05172882080078,56.800244378369506,51.30321326323206,1,0
2023-08-17,51.2474479675293,52.0745128240506,51.15159188273359,51.98357349371192,3893600,53.85718994140625,56.813481445596985,50.90089843721551,1,0
2023-08-18,51.34698486328125,51.53869701115289,50.67230196751726,50.69811211270393,5096000,53.67235984802246,56.76779668996688,50.57692300607804,1,0
2023-08-21,52.2305908203125,52.34488005068005,51.54239143520796,51.63824752364283,4789600,53.52857608795166,56.61135995431023,50.445792221593095,1,0
2023-08-22,52.25025177001953,52.79466512312223,52.123672533851874,52.74919545824425,3359200,53.35443744659424,56.31030673792488,50.3985681552636,1,0
2023-08-23,53.198974609375,53.369793357747085,52.33012310575539,52.34855624401365,5698400,53.259810256958005,56.10633265049596,50.41328786342005,1,0
2023-08-24,51.96390914916992,53.834334765319234,51.95039276267424,53.834334765319234,7540000,53.11608734130859,55.91922272819188,50.3129519544253,1,0
2023-08-25,52.48620223999024,52.71969743950488,51.65913365787736,52.070824634865765,4685600,52.95952243804932,55.526126304344025,50.39291857175461,1,0
2023-08-28,52.88928985595703,53.01464271340316,52.50955215625043,52.87085671526927,2807200,52.80934772491455,54.99508040169758,50.623615048131526,0,-1
2023-08-29,53.95476913452149,54.01006855529562,52.63858666432823,52.74058962439707,3804000,52.71097240447998,54.461129723238706,50.96081508572126,0,0
2023-08-30,54.39963150024414,54.46845104702161,53.788855209806144,53.94492744082218,3728800,52.70925121307373,54.45268166658399,50.965820759563464,0,0
2023-08-31,54.672462463378906,54.90227103362037,54.51638645549378,54.559399617124754,2633600,52.73192520141602,54.562901760379255,50.90094864245278,0,0
2023-09-01,54.8924446105957,55.18123924826886,54.63805600385618,55.03008373586977,3005600,52.80099105834961,54.8370491068621,50.764933009837115,0,0
2023-09-05,54.98583984375,55.128395722048325,54.48197939036804,54.72039135488948,2142400,52.87024078369141,55.09579908414062,50.64468248324219,0,0
2023-09-06,54.356632232666016,54.93299889696248,54.054317449918045,54.8064196535464,5174400,52.932977485656735,55.2499809492775,50.61597402203597,0,0
2023-09-07,53.54307556152344,53.64999152020209,53.09083170740446,53.33907340169724,4717600,52.992211532592776,55.30800193769059,50.67642112749496,0,0
2023-09-08,53.61189651489258,53.97197093122124,53.47179715132239,53.5615100990674,2540000,53.052428817749025,55.3669086682509,50.73794896724715,0,0
2023-09-11,53.86628341674805,54.099778598368665,53.41526594061586,54.07274207731464,2494400,53.142570686340335,55.436294564482445,50.848846808198225,0,0
2023-09-12,52.92247772216797,53.6782665571741,52.88192105885035,53.47303423918538,2743200,53.147118377685544,55.43871709135703,50.85551966401406,0,0
2023-09-13,52.99374771118164,53.25796605404223,52.71109622819303,52.88314512002891,2910400,53.181344223022464,55.44210348170852,50.920584964336406,0,0
2023-09-14,53.36487579345703,53.47179174411502,52.959331756398974,53.24813008600535,2732000,53.25888938903809,55.431393723128494,51.086385054947684,0,0
2023-09-15,52.39403533935547,53.198984191877,52.2182998056653,53.198984191877,4768000,53.31621875762939,55.327945290398574,51.30449222486021,0,0
2023-09-18,52.60663986206055,52.789748648746425,52.181428736039095,52.22690215154307,2419200,53.37920150756836,55.21122234565003,51.54718066948669,0,0
2023-09-19,52.51323318481445,52.64841578608442,52.05484246653946,52.40754735588429,3309600,53.39333362579346,55.19378368317642,51.5928835684105,0,0
2023-09-20,51.74024200439453,52.77376923846905,51.72795574448784,52.71846981773514,3230400,53.36783313751221,55.245127591099056,51.49053868392536,0,0
2023-09-21,50.88245391845703,51.47233690716437,50.86893378205398,51.25727485393373,4798400,53.25200710296631,55.42002258177423,51.083991624158394,1,1
2023-09-22,51.02378082275391,51.49568797454607,50.94512775559621,51.0790839949982,3599200,53.205000686645505,55.51857193195013,50.89142944134088,1,0
2023-09-25,51.22654724121094,51.32117318625126,50.77430340590391,50.881219360135184,8459200,53.142017936706544,55.59482570856891,50.68921016484418,1,0
2023-09-26,50.31222534179688,50.93037491635924,50.148779848091486,50.88490525835038,4268000,53.01316471099854,55.75882023929924,50.267509182697836,1,0
2023-09-27,50.467079162597656,50.7435875323031,49.95830196215493,50.55556199091879,4679200,52.83878021240234,55.76045285192942,49.91710757287526,1,0
2023-09-28,50.897010803222656,51.208597365579486,50.0028949660168,50.28122678603941,3564000,52.66364917755127,55.60988912606579,49.717409229036754,1,0
2023-09-29,51.09775924682617,51.70738695409204,50.94997333125546,51.39580037799888,4677600,52.484914016723636,55.354736466793355,49.615091566653916,1,0
2023-10-02,51.5682258605957,51.7726666408964,51.07313677765296,51.13594420259284,8020800,52.31870307922363,54.98969527595065,49.64771088249661,1,0
2023-10-03,50.587890625,51.57437408121552,50.3551224585727,51.23815840763933,5905600,52.098805618286136,54.57210268654766,49.62550855002461,1,0
2023-10-04,51.171653747558594,51.305894217326696,50.60882623271208,50.68395384001937,3691200,51.93955669403076,54.21290739784294,49.666205990218586,1,0
2023-10-05,51.21599578857422,51.307134395438375,50.647011854558365,51.202450341787205,3958400,51.8232027053833,53.99217111108372,49.654234299682884,1,0
2023-10-06,52.24312210083008,52.425391780487736,50.7406074638138,50.856375169868215,5261600,51.754763984680174,53.77492978526679,49.73459818409356,0,-1
2023-10-09,52.483280181884766,52.57072047520238,51.64704428840945,51.84656150185307,3654400,51.685613822937015,53.495693155425286,49.87553449044874,0,0
2023-10-10,52.656925201416016,53.08058492703147,52.43401167676021,52.5288410670922,8475200,51.672336196899415,53.44952631228853,49.8951460815103,0,0
2023-10-11,53.07443237304688,53.09167237322357,52.589194208056185,52.83427507387739,2668800,51.67637042999267,53.46586439911024,49.88687646087511,0,0
2023-10-12,52.94880294799805,53.54365240600844,52.55593244919331,53.116298153003626,2935200,51.65556678771973,53.374335047103976,49.93679852833548,0,0
2023-10-13,52.10026550292969,53.137243888634046,51.943853926162696,53.0547309187104,7941600,51.64087829589844,53.33904953326224,49.94270705853464,0,0
2023-10-16,52.69879531860352,52.91431972412586,52.17045158070061,52.17045158070061,2080000,51.64548606872559,53.354579170337864,49.93639296711331,0,0
2023-10-17,52.47342300415039,52.76653681366745,51.66920918418561,51.97340665560278,3183200,51.64349555969238,53.34862965523614,49.93836146414863,0,0
2023-10-18,51.75418472290039,52.395830614725135,51.59407862379224,52.047294757200426,2546400,51.644192695617676,53.34949583085483,49.938889560380524,0,0
2023-10-19,51.38595199584961,52.28746084872893,51.31328992077013,52.00296888622613,3483200,51.6693675994873,53.34352772886191,49.995207470112696,0,0
2023-10-20,50.47951126098633,51.39702719273912,50.421627412956354,51.32313611733692,4617600,51.642154121398924,53.374102448926195,49.910205793871654,0,0
2023-10-23,50.48814010620117,51.02140748565941,49.834177689518825,50.12482598206747,3157600,51.60523376464844,53.401339666853765,49.80912786244311,0,0
2023-10-24,50.93642425537109,50.99676988916327,50.36744039833759,50.740605379797714,3522400,51.63644371032715,53.3618964754664,49.9109909451879,0,0
2023-10-25,50.09527206420898,51.08052667845829,49.97334424995094,51.02387183205633,3272800,51.61785335540772,53.400369599093864,49.83533711172157,0,0
2023-10-26,49.20853805541992,50.40562248051319,48.9868572856962,50.15684706040566,4044800,51.53342971801758,53.58425686888796,49.4826025671472,1,1
2023-10-27,49.41297912597656,49.91792283614308,49.20977112608395,49.55091416206251,8012800,51.4491907119751,53.69391954926365,49.20446187468655,1,0
2023-10-30,49.84771728515625,50.049696251280594,49.441301328273305,49.67899306209608,2618400,51.363165283203124,53.71248765559333,49.01384291081292,1,0
2023-10-31,50.22334671020508,50.29354699546386,49.49549325466137,49.88589824614712,2146400,51.344938087463376,53.72351198866864,48.96636418625811,1,0
2023-11-01,51.04726791381836,51.08298444314046,50.300937902915805,50.300937902915805,3116800,51.338718795776366,53.7197217565269,48.95771583502583,1,0
2023-11-02,51.95739364624024,51.99064463064611,51.50663928761231,51.64334153750613,3441600,51.37578868865967,53.77103771915509,48.98053965816425,0,-1
2023-11-03,52.69633483886719,52.895848263562094,51.86748818008973,51.95369944780979,2812000,51.39844932556152,53.83432265511341,48.96257599600963,0,0
2023-11-06,52.93526458740234,52.99314844238901,52.46357186819344,52.7788530226257,3851200,51.4210485458374,53.90467988140898,48.93741721026582,0,0
2023-11-07,53.5769157409668,53.72470544072234,53.02640455912729,53.10892128915457,3084800,51.46704807281494,54.07166613236814,48.86243001326174,0,0
2023-11-08,53.79982376098633,53.94268612044691,53.45005884994055,53.70252882269593,2946400,51.50331764221191,54.21448066461244,48.792154619811384,0,0
2023-11-09,53.47715377807617,54.30476774716587,53.42542626068714,53.97840293044885,2245600,51.52973518371582,54.30623183461161,48.753238532820035,0,0
2023-11-10,54.8897590637207,54.90823183356961,53.74563124407614,53.81829331111353,3232000,51.66920986175537,54.80353148452971,48.53488823898103,0,0
2023-11-13,54.61511993408203,54.7419713027448,54.34787175120938,54.681625666311824,4614400,51.7650260925293,55.12819677254665,48.40185541251194,0,0
2023-11-14,55.93658828735352,56.03388321344888,55.45011741532407,55.52524501905258,4656800,51.938184356689455,55.755382658758535,48.120986054620374,0,0
2023-11-15,56.00925827026367,56.356561403581225,55.792501065053074,56.1595097405214,3882400,52.15093803405762,56.3578256909002,47.944050377215035,0,0
2023-11-16,56.13364791870117,56.23217187110883,55.72476637515844,55.865163195261744,3135200,52.388322830200195,56.91909014588225,47.85755551451814,0,0
2023-11-17,56.15827178955078,56.31591235376821,55.88855807881547,56.062209629456525,7441600,52.67226085662842,57.3965766766508,47.947945036606036,0,0
2023-11-20,56.95017623901367,57.09057305419664,56.195224359153606,56.195224359153606,3585600,52.99536266326904,57.955969095024784,48.0347562315133,0,0
2023-11-21,56.47724151611328,56.7900608284361,56.28758275749649,56.724787877286765,9712800,53.27240352630615,58.35939283308481,48.18541421952749,0,0
2023-11-22,56.68415832519531,57.20018569392667,56.55607418195218,56.782682276337525,3091200,53.60184783935547,58.676540665698504,48.52715501301244,0,0
2023-11-24,56.62258529663086,56.65829807120599,56.40213351882572,56.58933054716329,1320000,53.97255020141601,58.78581968300761,49.159280719824416,0,0
2023-11-27,56.593017578125,56.91569158654342,56.404587803835724,56.53636649628872,3514400,54.33155212402344,58.78884567019697,49.87425857784991,0,0
2023-11-28,56.697696685791016,56.8664209042222,56.41813209656429,56.42675397478494,2889600,54.67405109405517,58.73570305155445,50.612399136555894,0,0
2023-11-29,56.91815185546875,57.47359027219762,56.84671880081906,57.168160029847485,2759200,55.00879135131836,58.62739000376909,51.39019269886763,0,0
2023-11-30,56.90214157104492,57.21618993756507,56.42798709421347,57.154611531702486,2573600,55.301535034179686,58.515517326264195,52.08755274209518,0,0
2023-12-01,57.22481536865234,57.26792100712147,56.5560747414999,56.786377392370426,3532000,55.56490612030029,58.489862527206796,52.63994971339379,0,0
2023-12-04,56.64228439331055,56.706324584504415,56.00802378499358,56.706324584504415,3263200,55.76220359802246,58.405321709787366,53.11908548625755,0,0
2023-12-05,56.94893646240234,57.00312575519553,56.37995264652112,56.37995264652112,7185600,55.96288719177246,58.30986990961781,53.61590447392711,0,0
2023-12-06,56.453857421875,57.29132230781753,56.41198079497473,57.25067845184019,2566400,56.10673427581787,58.18884818818404,54.0246203634517,0,0
2023-12-07,57.06348037719727,57.138607991591904,56.5252856765692,56.66198794235347,3070400,56.26991710662842,58.0995042717551,54.44032994150174,0,0
2023-12-08,57.57334899902344,57.623843743985255,56.89844830248097,56.93169928935684,2584000,56.474726867675784,57.87454206250561,55.07491167284596,0,0
2023-12-11,57.969913482666016,57.97853160317069,57.28023457698454,57.392307728021954,5588800,56.62873458862305,57.97383721743818,55.28363195980791,0,0
2023-12-12,58.31598663330078,58.32460475422016,57.6903478873429,57.79010461016982,2745600,56.813777923583984,58.00992675874161,55.61762908842636,0,0
2023-12-13,58.98964691162109,59.11772728078415,58.2839570767005,58.46007040313522,4744800,56.966430854797366,58.42607094922308,55.50679076037165,0,0
2023-12-14,59.10417556762695,59.48472959789176,58.60785385403212,59.12757565841368,4762400,57.12117671966553,58.784161594704855,55.4581918446262,0,0
2023-12-15,59.388671875,59.66823645621096,59.07215799895172,59.07215799895172,4424000,57.28392791748047,59.15283966349607,55.41501617146487,0,0
2023-12-18,59.52538299560547,59.66578357172138,59.1300506634834,59.343113310968,9959200,57.452283477783205,59.484735338329244,55.419831617237165,0,0
2023-12-19,59.82946395874024,59.82946395874024,59.523530499103536,59.54450330786052,3066400,57.596247863769534,59.86069761142813,55.33179811611094,0,0
2023-12-20,58.869720458984375,59.9935256005545,58.86355397939235,59.733238421682486,3177600,57.715871810913086,59.983999795327534,55.44774382649864,0,0
2023-12-21,59.60001754760742,59.69623797962242,59.057231762251085,59.45938565831785,3266400,57.86166477203369,60.21888701266631,55.504442531401075,0,0
2023-12-22,59.65798568725586,59.84179420938369,59.3730250672058,59.77271307510728,3160800,58.01343479156494,60.422303885816234,55.604565697313646,0,0
2023-12-26,59.952823638916016,60.086050479449845,59.74311061004328,59.778885982774725,2553600,58.18142509460449,60.63876026787175,55.72408992133723,0,0
2023-12-27,60.01080703735352,60.09345971156428,59.72831220610317,59.97996710535012,5111200,58.347080612182616,60.82856541206099,55.86559581230424,0,0
2023-12-28,60.05027770996094,60.17980390699262,59.995999133294,60.13292661217665,2564000,58.50368690490723,60.999978811068644,56.00739499874581,0,0
2023-12-29,59.70610427856445,60.15020002199415,59.44828291639107,60.07371759819457,4263200,58.6438850402832,61.07884360849884,56.20892647206756,0,0
2024-01-02,58.13819885253906,58.94250280747235,57.75824883706682,58.92523440566339,4973600,58.68955421447754,61.049442451777544,56.329665977177534,0,0
2024-01-03,57.359806060791016,57.83350695117623,57.3055274808327,57.58308686099405,11001600,58.72543029785156,60.979162181955836,56.47169841374728,0,0
2024-01-04,57.01439666748047,57.44615570399975,56.95888705014058,56.95888705014058,4190400,58.728703308105466,60.97227316492252,56.48513345128841,0,0
2024-01-05,57.0279655456543,57.485629049005375,56.804684755454886,57.020564263686126,3491200,58.757408714294435,60.89605939337827,56.6187580352106,0,0
2024-01-08,58.47991180419922,58.50335045346986,57.2648177419055,57.30429375800766,5165600,58.82823028564453,60.82705149126801,56.82940908002105,0,0
2024-01-09,58.583526611328125,58.734025610901696,57.91861971972335,58.06541807851395,2758400,58.87873916625976,60.797622224944824,56.9598561075747,0,0
2024-01-10,59.08066940307617,59.1929271992862,58.44783344134347,58.58352988536878,2900000,58.93427696228027,60.80850660275593,57.06004732180462,0,0
2024-01-11,59.28791809082031,59.58891613350908,58.45894431840036,59.35083275787155,5998400,58.98287353515625,60.84078797372264,57.12495909658986,0,0
2024-01-12,59.41991424560547,59.63702857656183,59.17442958592656,59.41127816093329,3599200,59.00438690185547,60.87205563641167,57.136718167299264,0,0
2024-01-16,59.50749588012695,59.73447730837288,58.954842990937,59.228701714134544,3924800,59.02455291748047,60.90476354465345,57.14434229030749,0,0
2024-01-17,59.181827545166016,59.206500995803744,58.45894137008864,59.01282532575359,3037600,59.01421070098877,60.88856250772732,57.13985889425022,0,0
2024-01-18,60.3327751159668,60.35374792651683,59.655531402682165,59.94789336055607,3996800,59.05458030700684,61.00448770875606,57.104672905257615,0,0
2024-01-19,61.64285659790039,61.65765916268034,60.57086027761798,60.72012449200261,6459200,59.145249938964845,61.378857076223866,56.911642801705824,0,0
2024-01-22,62.04500198364258,62.41878177421405,61.85873137160187,62.08571279830351,4952800,59.30401401519775,61.86422998289677,56.743798047498736,0,0
2024-01-23,62.30282211303711,62.35216901039893,61.8266554235412,62.157258553883,3875200,59.43915424346924,62.31364561749797,56.56466286944051,0,0
2024-01-24,62.601356506347656,63.2761343172206,62.53351016701931,62.75185551352384,5020800,59.58632278442383,62.77480103143941,56.39784453740825,0,0
2024-01-25,62.75062561035156,63.37852993950361,62.46319910021049,63.12810607731047,3732000,59.726212882995604,63.199513110811225,56.25291265517998,0,0
2024-01-26,62.09928894042969,62.68031222970687,62.016640027383616,62.43729716935569,3080800,59.830636978149414,63.454212026949115,56.20706192934971,0,0
2024-01-29,62.82463836669922,62.82587316859019,62.14986054432296,62.23991449564584,3292800,59.96935501098633,63.82117092253516,56.117539099437494,0,0
2024-01-30,62.22017288208008,62.90358674880012,62.0918777259727,62.79996127660283,5047200,60.09505844116211,64.06653882449172,56.12357805783251,0,0
2024-01-31,60.9286003112793,61.92658000340203,60.9286003112793,61.69466312534969,6492000,60.23457851409912,64.11631672681942,56.35284030137882,0,0
2024-02-01,61.71440505981445,61.81062549782746,61.12227986660216,61.237003511033016,3940000,60.45230846405029,64.14870944569326,56.75590748240732,0,0
2024-02-02,62.31639862060547,62.49156732046741,61.22342950847528,61.29868089771965,4120800,60.71740856170654,64.13989112384417,57.29492599956891,0,0
2024-02-05,62.346004486083984,62.59395873890971,61.751409705933966,62.53844535660423,3382400,60.983310508728025,64.02282337918234,57.94379763827371,0,0
2024-02-06,62.23991775512695,62.54708227087174,61.76004660975785,62.50267457615013,2948800,61.17131080627441,64.02782500748549,58.31479660506334,0,0
2024-02-07,63.04422378540039,63.05779531341507,62.38918391535943,62.68031107331532,3151200,61.394345664978026,64.10043701348897,58.68825431646708,0,0
2024-02-08,63.36371994018555,63.53025254193323,63.04421496888784,63.12563283166922,3168800,61.6084981918335,64.22470777931761,58.99228860434939,0,0
2024-02-09,64.32469940185547,64.40488623992441,63.63018350353103,63.73627106676027,4076000,61.860337257385254,64.50408315052877,59.21659136424173,0,0
2024-02-12,63.92377471923828,64.59485190887565,63.825088447378654,64.33702677671045,4206400,62.085530281066895,64.6246180488222,59.54644251331159,0,0
2024-02-13,62.67414093017578,63.1379746960342,62.19427356253185,62.4175543612873,7037600,62.243862533569335,64.49924066337321,59.988484403765455,0,0
2024-02-14,63.51175308227539,63.55616830670154,62.81724097447668,63.22186073257958,4721600,62.46035881042481,64.28944207574845,60.63127554510117,0,0
2024-02-15,63.4624137878418,63.67212683199968,63.059025066562114,63.66472554946613,2744800,62.61684074401855,64.21155061402331,61.02213087401379,0,0
2024-02-16,62.79010009765625,63.68075369913241,62.71114806653768,63.56356798367088,3134400,62.67420291900635,64.20593808879256,61.14246774922014,0,0
2024-02-20,62.04870223999024,62.56311391127158,61.40106373209834,62.4076794646928,4425600,62.67438793182373,64.20581992506352,61.14295593858394,0,0
2024-02-21,61.51948928833008,61.51948928833008,60.88171792698512,61.39859541646302,5080000,62.635221290588376,64.24092792337855,61.0295146577982,0,0
2024-02-22,63.5203971862793,63.67583166819385,62.95171057423676,63.09974377269258,5961600,62.68117332458496,64.3323321120469,61.03001453712302,0,0
2024-02-23,63.30574035644531,64.07920821205192,63.09973173175435,63.921304156022586,2765600,62.70892906188965,64.38233752638874,61.03552059739056,0,0
2024-02-26,63.47104263305664,63.77944191891378,63.35137979491876,63.60180362908889,2452000,62.777516746520995,64.45778756119864,61.09724593184334,0,0
2024-02-27,63.563568115234375,63.67705695440217,63.12317299204964,63.67705695440217,2236800,62.814463233947755,64.52939212470632,61.09953434318919,0,0
2024-02-28,63.26873016357422,63.431565888139104,63.03311266014464,63.34028090526471,2093600,62.866891098022464,64.57001230945708,61.16376988658784,0,0
2024-02-29,63.87443542480469,64.0274078230749,63.18732078712487,63.58701265906335,8284800,63.01418285369873,64.51933311030744,61.509032597090005,0,0
2024-03-01,65.05868530273438,65.1450386136056,64.05330056120197,64.05330056120197,3828000,63.181396865844725,64.80981597088652,61.55297776080293,0,0
2024-03-04,65.17958068847656,65.60146886173723,64.98590500663222,65.11790082276616,3336000,63.32455596923828,65.11862229774441,61.53048964073215,0,0
2024-03-05,63.6141357421875,64.538098785634,63.17744506976618,64.538098785634,4400000,63.38796253204346,65.12803468864962,61.647890375437306,0,0
2024-03-06,64.31977081298828,64.78113503135046,63.83866482002356,64.46656920331088,3140000,63.49195518493652,65.19332087029035,61.790589499582694,0,0
2024-03-07,65.40038299560547,65.53608319926666,64.51589594990327,64.87610420842599,2660800,63.60976314544678,65.48791569344228,61.73161059745127,0,0
2024-03-08,64.33087158203125,66.19853990997167,64.26055562455974,65.61381592911326,4772800,63.658120727539064,65.5581194628677,61.75812199221044,0,0
2024-03-11,64.05577087402344,64.30742199802691,63.66348785898275,63.95584979971383,2981600,63.64467430114746,65.52935774159805,61.75999086069687,0,0
2024-03-12,65.38065338134766,65.38065338134766,64.00889385991536,64.6910692148763,3055200,63.71751823425293,65.74679199130259,61.68824447720327,0,0
2024-03-13,64.68861389160156,65.23509661961148,64.46779514500018,65.14381161948208,3281600,63.818241882324216,65.83026799630458,61.80621576834385,0,0
2024-03-14,64.44558715820312,65.08089277073827,64.0212293916278,64.88721709376985,3201600,63.86493358612061,65.88964442094314,61.84022275129808,0,0
2024-03-15,63.59933471679688,63.96324738392015,63.37234952705559,63.62524296763111,3792000,63.87177963256836,65.89192086662004,61.85163839851669,0,0
2024-03-18,63.89786911010742,64.61582362619944,63.79425115561675,64.23094187953076,2567200,63.92716808319092,65.8854400491304,61.96889611725144,0,0
2024-03-19,64.16801452636719,64.27040518793565,63.065182246303465,63.49940704508614,2880800,64.03313369750977,65.79261909498723,62.273648300032306,0,0
2024-03-20,65.03770446777344,65.05004495667785,63.99408611141975,64.30248539483952,2555200,64.20904445648193,65.59113031733912,62.82695859562474,0,0
2024-03-21,65.22028350830078,65.86915682067013,65.13886187915293,65.86915682067013,2770400,64.29403877258301,65.7050451733965,62.883032371769524,0,0
2024-03-22,65.32404327392578,65.55527602016411,64.98028098116308,65.18801912791581,2290400,64.39495391845703,65.79746548673687,62.9924423501772,0,0
2024-03-25,65.06065368652344,65.37967605583226,64.67113997750927,64.73296707117802,3000800,64.47443447113037,65.83813491101019,63.11073403125054,0,0
2024-03-26,64.77500915527344,65.42666155358582,64.6575361744906,65.36854771150243,2565600,64.53500652313232,65.83774844703069,63.23226459923396,0,0
2024-03-27,64.9283447265625,65.19667220781432,64.3632441679956,65.19667220781432,2699200,64.61798725128173,65.79265534908893,63.44331915347453,0,0
2024-03-28,64.83683013916016,65.05445513638831,64.65134888610383,64.82569794318611,2021600,64.66610698699951,65.79286680272214,63.539347171276866,0,0
2024-04-01,64.97037506103516,65.36359443516805,64.6377450256009,64.91968016965014,2817600,64.66169147491455,65.78294165249217,63.54044129733692,0,0
2024-04-02,64.23710632324219,64.36447374649045,63.628729893956894,64.14436569176112,3368000,64.61456775665283,65.72395138918306,63.5051841241226,0,0
2024-04-03,64.36942291259766,64.7379099726174,63.84760586914024,63.88964406601698,2297600,64.65233211517334,65.67060212495858,63.63406210538809,0,0
2024-04-04,63.32949066162109,65.26467403058227,63.29857334330953,65.08166826116478,3272000,64.60281810760497,65.76683261067234,63.43880360453761,1,1
2024-04-05,64.09986114501953,64.42383452676737,63.40244968544279,63.67201492040267,5892000,64.53779201507568,65.66090705087613,63.414676979275235,1,0
2024-04-08,64.00711822509766,64.31625369648319,63.7993800939969,64.20867515622123,1700000,64.521604347229,65.66532587908519,63.37788281537282,1,0
2024-04-09,64.15178680419922,64.42754075656862,63.39749932827884,64.30883002725811,2108000,64.52640514373779,65.66304914689698,63.38976114057861,1,0
2024-04-10,63.56814956665039,63.75857430660762,63.24664791055003,63.31836568199958,3272000,64.43577995300294,65.57455588752505,63.29700401848082,1,0
2024-04-11,64.7947998046875,64.93823535369268,63.50756292325224,63.83029856895388,3924800,64.44108924865722,65.58550697188795,63.2966715254265,0,-1
2024-04-12,63.642333984375,64.37065893339795,63.495185204752815,64.12582606624179,3587200,64.40092658996582,65.59710287999903,63.20475029993261,0,0
2024-04-15,62.431758880615234,64.18269869615294,62.29573853196621,64.15426065072586,4416800,64.34254779815674,65.7792870823656,62.905808513947896,1,1
2024-04-16,62.46885681152344,62.865785681066434,62.225257920848826,62.46514733699037,4464800,64.27109718322754,65.91620956992062,62.62598479653445,1,0
2024-04-17,61.541446685791016,62.904114336409,61.48951027187184,62.80272078081834,3184000,64.13976879119873,66.17089639414286,62.108641188254616,1,0
2024-04-18,60.95780563354492,61.78629020836135,60.86259326662777,61.56123867896477,4317600,63.935773849487305,66.34881007092001,61.52273762805461,1,0
2024-04-19,59.34164810180664,60.90092948080609,59.13761943245761,60.67711568719649,9088000,63.6418420791626,66.70262066114215,60.58106349718305,1,0
2024-04-22,60.152809143066406,60.42114036423416,59.2699202924881,59.87211552325231,8456000,63.38328037261963,66.69532791114369,60.07123283409556,1,0
2024-04-23,61.14081573486328,61.28425127442492,60.32469732640613,60.42114744362939,4154400,63.187288475036624,66.54273492599494,59.831842024078306,1,0
2024-04-24,61.23849487304688,61.8802603689002,60.94667281969506,61.67499397734079,4116000,63.01046276092529,66.38527230540417,59.635653216446414,1,0
2024-04-25,61.26322555541992,61.46849194140711,60.219584003045846,60.426088138359326,3838400,62.82720680236817,66.16336054579128,59.49105305894505,1,0
2024-04-26,62.31429290771485,62.67165155508668,61.62801366159465,61.82709509646459,2915200,62.7010799407959,65.91218392547557,59.489975956116226,1,0
2024-04-29,62.56159973144531,62.692672867898345,62.174561521991485,62.57643763011904,3152000,62.580641174316405,65.61825828181252,59.5430240668203,1,0
2024-04-30,61.17543411254883,62.56901536908208,61.16801516360464,62.33407318072181,2376800,62.42755756378174,65.42414317808726,59.43097194947621,1,0
2024-05-01,60.51264953613281,61.901287429512166,60.28512628245258,60.84898907931802,3247200,62.2347188949585,65.20288073006338,59.26655705985361,1,0
2024-05-02,61.33988952636719,61.50558566743173,60.38527914788083,61.23972994687016,2541600,62.135238838195804,65.08326163799936,59.18721603839225,1,0
2024-05-03,62.99686050415039,63.20336465503879,62.66052096749246,62.66423044212512,3508000,62.08008880615235,64.91825767734,59.2419199349647,0,-1
2024-05-06,63.90818405151367,63.942803293057054,63.2355050936937,63.2416862924781,2282400,62.07514209747315,64.9001735363421,59.2501106586042,0,0
2024-05-07,63.641090393066406,64.05162314850618,63.629965744081794,64.00463395951145,1946400,62.049607276916504,64.80753089581064,59.29168365802237,0,0
2024-05-08,63.73383712768555,63.7981397182075,63.268899963927446,63.390082422227415,1691200,62.05789165496826,64.83494045988284,59.280842850053666,0,0
2024-05-09,63.67077255249024,63.74744509003025,63.30970444849853,63.69921814693736,3096000,62.0016902923584,64.59427768840874,59.409102896308056,0,0
2024-05-10,63.83772277832031,64.32120741193464,63.67202281842268,63.99476603796733,1828800,62.01145973205566,64.63004491329797,59.39287455081335,0,0
2024-05-13,64.1493148803711,64.3978534260414,63.9588826255245,64.30264484586979,2197600,62.097337532043454,64.87334960288872,59.32132546119819,0,0
2024-05-14,64.80962371826172,64.86279410629997,64.12210682708425,64.12210682708425,1821600,62.21437587738037,65.23019170009681,59.198560054663936,0,0
2024-05-15,66.2934799194336,66.31697451607003,65.21768701896626,65.26343846285,2849600,62.4519775390625,65.9314283715662,58.97252670655879,0,0
2024-05-16,66.01278686523438,66.55810607416116,66.01278686523438,66.39858733748393,2904800,62.70472660064697,66.43841277092244,58.9710404303715,0,0
2024-05-17,65.8520278930664,66.23040935809344,65.48848432492265,66.20320906289133,2498400,63.03024559020996,66.66832250734934,59.392168673070564,0,0
2024-05-20,66.68671417236328,66.81160613245245,65.96210231061798,66.00414806295402,2975200,63.356940841674806,67.07536912559915,59.63851255775046,0,0
2024-05-21,66.74976348876953,66.81900952859739,66.2464900638277,66.3948765912452,2180000,63.63738822937012,67.48863646322206,59.78613999551817,0,0
2024-05-22,66.76583099365234,67.04405286840966,66.34911705612927,66.87712276245583,3800800,63.91375503540039,67.8295041938274,59.99800587697338,0,0
2024-05-23,66.77078247070312,67.9182968970074,66.4876171122509,67.89727779939581,4152800,64.18913288116455,68.09518197050488,60.283083791824225,0,0
2024-05-24,67.41997528076172,67.50405922888368,66.73369599823073,66.9191772933609,2293600,64.4444169998169,68.49178689894768,60.39704710068611,0,0
2024-05-28,67.9999008178711,68.23484676586894,67.57082445951667,67.97022502386122,2983200,64.71633205413818,68.94773191425506,60.4849321940213,0,0
2024-05-29,67.76248931884766,67.98630307839392,67.29260495345935,67.407602432947,2500000,65.04568481445312,69.14679137037275,60.9445782585335,0,0
2024-05-30,66.16487884521484,67.25055858982753,65.89160039826153,67.18378805155815,4374400,65.32829627990722,68.8836352665837,61.77295729323075,0,0
2024-05-31,66.10675048828125,66.40970469808141,64.62785152416075,66.40970469808141,4368000,65.56663932800294,68.62489474252438,62.50838391348149,0,0
2024-06-03,66.45423126220703,66.77326117884782,65.56268940152374,66.7695479305455,3090400,65.73950786590576,68.58031819088202,62.898697540929504,0,0
2024-06-04,66.49504852294922,66.6137592763753,66.00537515572705,66.4023078695002,2493600,65.86885108947754,68.59771597781723,63.13998620113785,0,0
2024-06-05,68.18909454345703,68.24474043021321,66.9995420146102,67.14297753309671,3935200,66.09625129699707,68.80253704583173,63.3899655481624,0,0
2024-06-06,67.99620819091797,68.50194963012105,67.75631874687872,68.3832464312584,3062400,66.30936985015869,68.9070749107492,63.711664789568175,0,0
2024-06-07,67.9912338256836,68.21876079072965,67.60419571835976,67.88613081327004,2336800,66.52539291381837,68.92011667080308,64.13066915683365,0,0
2024-06-10,68.22618103027344,68.42650016055599,67.63882378533678,67.70436411113641,2583200,66.74481582641602,68.90720758230601,64.58242407052602,0,0
2024-06-11,69.18326568603516,69.18326568603516,67.98753205624759,68.08892937445906,3842400,66.99651336669922,69.06155913137223,64.9314676020262,0,0
2024-06-12,70.67083740234375,71.39173581766356,69.93509354236497,70.01175852805163,3524800,67.28957405090333,69.66959714082991,64.90955096097674,0,0
2024-06-13,71.3694839477539,71.73797855172533,70.8921806042954,71.59453547045383,3267200,67.54337425231934,70.46528184653971,64.62146665809897,0,0
2024-06-14,71.64646911621094,71.68851486055118,71.11228967034593,71.27921980377216,3114400,67.82505836486817,71.15952956351887,64.49058716621747,0,0
2024-06-17,72.51947021484375,72.79151094615148,71.52405548068072,71.83072300836075,3341600,68.15843048095704,71.94037191075145,64.37648905116262,0,0
2024-06-18,72.81005096435547,72.9782188280937,72.42301279954873,72.58623721338351,3729600,68.46459732055663,72.68626207387754,64.24293256723573,0,0
2024-06-20,71.8121566772461,73.33928260361287,71.49807781361051,73.30218786338054,4934400,68.71771697998047,73.10169630893131,64.33373765102962,0,0
2024-06-21,71.4399642944336,71.98528345125065,70.944109828205,71.60318871667295,3844800,68.95142364501953,73.39225170327829,64.51059558676077,0,0
2024-06-24,70.12924194335938,71.22357854989164,70.1045095949159,71.04427845774288,4210400,69.11934661865234,73.47073413820053,64.76795909910416,0,0
2024-06-25,71.13330078125,71.15184437885252,70.28874066626673,70.52244886462219,2475200,69.30501289367676,73.66738783945503,64.94263794789849,0,0
2024-06-26,71.27550506591797,71.46593734001988,70.83282852005664,71.11970713336068,4517600,69.4687931060791,73.8686707986685,65.0689154134897,0,0
2024-06-27,71.4177017211914,71.68602915535014,71.17781233085205,71.25571506129354,3978400,69.65155372619628,74.05640018978967,65.2467072626029,0,0
2024-06-28,71.39196014404297,72.5706980095462,71.31890446880129,71.85131839002308,3043200,69.9129077911377,74.07269998949431,65.75311559278109,0,0
2024-07-01,72.09275817871094,72.19676823101653,70.68990342178733,71.57025181989319,4725600,70.21220817565919,74.08500188465442,66.33941446666395,0,0
2024-07-02,72.57194519042969,72.57194519042969,71.62969540466159,71.6816966620674,2933600,70.51809387207031,74.11162424410352,66.9245635000371,0,0
2024-07-03,73.41018676757812,73.4250442685417,72.48898392172022,72.50755201931305,3024000,70.86385078430176,74.16099055269714,67.56671101590638,0,0
2024-07-05,73.78410339355469,73.9735478481257,73.29626200708897,73.47951709640174,4101600,71.14360122680664,74.43492319264192,67.85227926097136,0,0
2024-07-08,74.27937316894531,74.35490760784108,73.85715870504659,74.04040623624665,3916800,71.457759475708,74.68629090834537,68.22922804307063,0,0
2024-07-09,74.12088775634766,74.66815911678138,73.76181390048994,74.57405658588227,3110400,71.76424217224121,74.77468716755398,68.75379717692844,0,0
2024-07-10,75.13867950439453,75.17335204692766,74.28186414807837,74.56045364414229,3171200,72.10986709594727,75.00101614971845,69.21871804217608,0,0
2024-07-11,73.69124603271484,75.34792537310929,73.36684467258122,75.34792537310929,5791200,72.33526611328125,74.97016206737356,69.70037015918894,0,0
2024-07-12,74.37720489501953,75.0359151776157,73.67144333815051,73.86335903204046,5523200,72.52058448791504,75.18237773681685,69.85879123901324,0,0
2024-07-15,74.75856018066406,75.4234597859154,74.38833937684444,74.97152272841227,4791200,72.69003829956054,75.4661840940623,69.91389250505878,0,0
2024-07-16,74.84894561767578,75.08048382311584,74.20138227320982,75.00371754950594,3372800,72.85016212463378,75.73439438789907,69.9659298613685,0,0
2024-07-17,72.1521987915039,73.30741865380278,72.05686441652173,73.17617235254907,6105600,72.8317985534668,75.72886707190315,69.93473003503044,0,0
2024-07-18,71.77703094482422,72.79109692083986,71.05889070930729,72.72175939928422,9515200,72.78014755249023,75.71353246535615,69.84676263962432,0,0
2024-07-19,70.9251708984375,71.9082825615956,70.77163834342731,71.58016302657728,3268800,72.73579826354981,75.75203201109264,69.71956451600698,0,0
2024-07-22,72.3379135131836,72.37382543369431,71.3845245729585,71.78073462525978,3532800,72.7806957244873,75.74471802731051,69.81667342166409,0,0
2024-07-23,72.2042007446289,72.78861590005934,71.9738943790656,72.12123755246635,3251200,72.88444366455079,75.60525264958311,70.16363467951847,0,0
2024-07-24,69.3700180053711,71.56654001394442,69.15704790117911,71.37957431444087,5790400,72.79627952575683,75.83414837328607,69.75841067822759,1,1
2024-07-25,68.71749114990234,70.3568340709724,67.76038404203194,69.27714881508814,5316000,72.66837882995605,76.13651445508734,69.20024320482477,1,0
2024-07-26,69.53097534179688,70.07081798601666,69.13228650261023,69.71299104980753,3784000,72.57404251098633,76.26838803264816,68.8796969893245,1,0
2024-07-29,69.27466583251953,70.32959356351725,69.08027141146063,70.07576914878703,3352800,72.46817779541016,76.40531800503454,68.53103758578577,1,0
2024-07-30,67.95230102539062,69.68203591767927,67.38274338774627,69.5470714794619,3631200,72.26115493774414,76.66343614168105,67.85887373380723,1,0
2024-07-31,70.32960510253906,70.68124269908371,69.33906474031468,69.78604426503486,3399200,72.1490379333496,76.62750393688047,67.67057192981873,1,0
2024-08-01,67.7876205444336,70.87563011955594,67.22920226148173,70.25654245459334,5325600,71.86790962219239,76.68733057154904,67.04848867283573,1,0
2024-08-02,66.124755859375,66.74013296417627,65.28279809711567,66.23743405304786,6441600,71.4849422454834,76.8237216523699,66.1461628385969,1,0
2024-08-05,63.81060028076172,65.01039244562368,61.18071715957136,61.29834532420925,11225600,70.96150360107421,77.09534004971296,64.82766715243547,1,0
2024-08-06,64.44454956054688,65.63320245600303,63.55554054732407,64.35788332999323,5969600,70.47768669128418,77.04924896482343,63.90612441774493,1,0
2024-08-07,63.69546127319336,66.26962541440783,63.59145876334701,65.69016018787907,5260000,69.90552577972412,76.74151172205323,63.06953983739499,1,0
2024-08-08,65.90188598632812,66.04798977737376,63.89480093254163,64.88163066090917,3280000,69.51605777740478,76.3324683619185,62.69964719289106,1,0
2024-08-09,66.32164001464844,66.56803575123938,65.48463209531748,65.76817158866663,3380800,69.11327953338623,75.68056532814465,62.545993738627814,1,0
2024-08-12,66.66585540771484,67.20446638354204,66.18049263853099,66.49746532249951,3022400,68.70864429473878,74.81589099497057,62.60139759450698,1,0
2024-08-13,68.5924301147461,68.60976638198785,67.33815798130472,67.33815798130472,4967200,68.39581851959228,73.81514167612595,62.976495363058625,0,-1
2024-08-14,68.8945541381836,69.23134177990431,68.08974012062072,68.97503856282907,3368800,68.23293628692628,73.3798392277323,63.086033346120246,0,0
2024-08-15,70.74810791015625,70.8100166818327,69.70927690769174,69.77737504509122,3487200,68.18149013519287,73.20474797508096,63.158232295304785,0,0
2024-08-16,70.91154479980469,71.06631672206727,70.23921647636274,70.4843727829154,3006400,68.18080883026123,73.20258145927636,63.159036201246096,0,0
2024-08-19,71.89959716796875,71.89959716796875,70.43359438199512,70.82362259926792,4008800,68.1588930130005,73.11125129936464,63.20653472663635,0,0
2024-08-20,71.6594009399414,72.11009859716756,71.2829983407016,71.7671215946599,3181600,68.13165302276612,72.99998874956727,63.26331729596497,0,0
2024-08-21,72.06676483154297,72.30202120188116,71.51454338941794,71.67674407931734,2658400,68.26649036407471,73.40636193230387,63.12661879584556,0,0
2024-08-22,70.55866241455078,72.57812621495957,70.4905642781423,72.43821178842904,4973600,68.35854892730713,73.5925255055568,63.12457234905746,0,0
2024-08-23,71.81541442871094,72.0766676310862,71.00812162886906,71.27557175418177,3362400,68.47277088165283,73.90023725941406,63.04530450389162,0,0
2024-08-26,71.13565826416016,72.01228104023407,70.75429811011425,71.85750910921807,2830400,68.56582050323486,74.10769248780474,63.02394851866498,0,0
2024-08-27,71.46748352050781,71.58263292249146,70.34816815484523,70.63790451519509,2420000,68.74157962799072,74.41585741788116,63.06730183810028,0,0
2024-08-28,70.52523803710938,71.48358461613526,69.99034534149008,71.3634776689973,2856800,68.75136127471924,74.4372181315979,63.065504417840586,0,0
2024-08-29,70.33702850341797,71.69035326351185,70.18349596810597,70.72457799524068,3172000,68.87883167266845,74.58681575292765,63.17084759240927,0,0
2024-08-30,71.06754302978516,71.26813437810311,70.26396848096456,70.95487240430678,2256000,69.12597103118897,74.76315788051848,63.488784181859465,0,0
2024-09-03,67.93744659423828,70.47075619328226,67.55608645350391,70.47075619328226,4990400,69.33231334686279,74.45475922689407,64.20986746683151,0,0
2024-09-04,67.79134368896484,68.33985449363861,66.97291154936137,67.25769038476625,3815200,69.4996530532837,74.17130287059851,64.82800323596888,0,0
2024-09-05,67.64027404785156,68.42033051307907,67.25149275688442,67.36292399675827,2816000,69.6968936920166,73.64941518474771,65.7443721992855,0,0
2024-09-06,66.01580047607422,67.80868372428256,65.73102162485442,67.68981615665695,5536800,69.70258941650391,73.63348869542673,65.77169013758109,0,0
2024-09-09,66.90727996826172,67.01500061782158,66.10494476954754,66.6695524199802,2603200,69.73187141418457,73.56920468224826,65.89453814612088,0,0
2024-09-10,67.58580780029297,67.64524536422131,66.53955553068141,67.12397074920732,4584800,69.77786903381347,73.48700511418724,66.0687329534397,0,0
2024-09-11,69.53345489501953,69.62878926007869,66.78470404831778,67.81238809915408,3863200,69.82492027282714,73.49639541974564,66.15344512590865,0,0
2024-09-12,70.06835174560547,70.35313058769016,68.9849482267439,69.5334590442836,3340000,69.88361015319825,73.53116924027248,66.23605106612402,0,0
2024-09-13,70.48189544677734,70.6960973732323,70.01139030497805,70.22312101953804,2504800,69.8702995300293,73.50706957872453,66.23352948133407,0,0
2024-09-16,70.06835174560547,70.25159929391292,69.45297461713602,69.84795288801564,2271200,69.82813987731933,73.435076698983,66.22120305565566,0,0
2024-09-17,70.03244018554688,70.69981857037382,69.64118006644772,70.58590854439153,2005600,69.73478202819824,73.21692090327122,66.25264315312526,0,0
2024-09-18,69.70927429199219,70.9462102945186,69.62136111891006,70.23425944695384,3574400,69.63727569580078,73.00574118377857,66.268810207823,0,0
2024-09-19,71.77084350585938,72.1905792429826,71.31023830534222,71.56159155099351,4102400,69.6224796295166,72.95048547044797,66.29447378858524,0,0
2024-09-20,71.51949310302734,71.90580325702383,71.02794105371893,71.60864566937768,2511200,69.67052116394044,73.07798874316866,66.26305358471221,0,0
2024-09-23,71.49472045898438,71.65321053461037,71.30652294070696,71.61606678476764,3056000,69.6544864654541,73.02423928241642,66.28473364849178,0,0
2024-09-24,72.13981628417969,72.15591316948175,71.01060088718198,71.8030286346555,2599200,69.70469436645507,73.18919570757215,66.22019302533799,0,0
2024-09-25,72.18810272216797,72.55335840994333,71.90208451445395,71.90208451445395,2404000,69.74072532653808,73.31123438937834,66.17021626369782,0,0
2024-09-26,73.08329772949219,73.57856785387672,72.32181689036203,73.5067515698187,3957600,69.86862831115722,73.71499858572975,66.0222580365847,0,0
2024-09-27,72.54100036621094,73.24909367669294,72.15780556514018,73.24909367669294,2637600,69.97882690429688,73.99509682818145,65.96255698041232,0,0
2024-09-30,72.73446655273438,72.77538446998248,71.86391250719076,72.20866450401225,4309600,70.06217308044434,74.23161994726189,65.89272621362679,0,0
2024-10-01,70.90654754638672,72.54595856669759,70.46878795816394,72.54595856669759,4868000,70.21062812805175,74.27705563755987,66.14420061854364,0,0
2024-10-02,71.35298919677734,71.69649987148075,70.44151725800744,70.86810507808244,2304000,70.38871040344239,74.32563684746921,66.45178395941556,0,0
2024-10-03,71.63324737548828,72.1751712957861,71.12728368515967,71.16076885825665,2632800,70.58835906982422,74.3485379805327,66.82818015911575,0,0
2024-10-04,72.5509262084961,72.66129710537223,71.71014097068982,72.66129710537223,2838400,70.91511535644531,74.12456114867409,67.70566956421654,0,0
2024-10-07,72.03009796142578,72.69974859359118,71.90856280153882,72.20370772429104,2870400,71.17125625610352,73.8309927079857,68.51151980422134,0,0
2024-10-08,73.34334564208984,73.45247521462781,72.39714728843664,72.50503554803966,2664000,71.45913314819336,73.72081657161094,69.19744972477578,0,0
2024-10-09,74.16429901123047,74.23126936375367,73.23670513211383,73.3669143290461,3749600,71.6906753540039,74.06189905872569,69.31945164928212,0,0
2024-10-10,74.23127746582031,74.35652142424627,73.441325437716,73.65958462579668,4060800,71.89882164001465,74.39160069006185,69.40604258996744,0,0
2024-10-11,74.46068572998047,74.61197454277745,74.0030877834492,74.04525458233313,2566400,72.0977611541748,74.73721814887128,69.45830415947833,0,0
2024-10-14,75.38331604003906,75.57553032364277,74.92199419040874,74.94679774257922,3144000,72.36350936889649,75.19538479772959,69.53163394006339,0,0
2024-10-15,74.024169921875,75.65366584253388,73.75258726843185,75.50361076869228,3642400,72.56309585571289,75.2695624393753,69.85662927205047,0,0
2024-10-16,74.2982406616211,74.41356925320491,73.46861202114655,74.29204166467241,2238400,72.79254417419433,75.25986280806558,70.32522554032309,0,0
2024-10-17,74.59089660644531,75.39200525141213,74.55989405535657,75.3014726553251,3032000,72.93354682922363,75.47247851186665,70.3946151465806,0,0
2024-10-18,74.84760284423828,75.10182226365691,74.72607525921474,75.10182226365691,2437600,73.09995231628417,75.68224266445226,70.51766196811609,0,0
2024-10-21,75.26551055908203,75.27419218144999,74.51029267187171,74.63306156010911,2782400,73.28849182128906,75.92451335001454,70.65247029256358,0,0
2024-10-22,75.21343231201172,75.44533079498107,74.66530931308256,74.90836447611905,3076800,73.44217262268066,76.1498148489899,70.73453039637141,0,0
2024-10-23,74.04525756835938,75.01129435266853,73.36940042878264,74.90216476537259,3583200,73.53503036499023,76.19116293166158,70.87889779831889,0,0
2024-10-24,74.29698944091797,74.46688280716404,73.82575220091466,74.35527817002165,2189600,73.59571495056153,76.26322569803965,70.92820420308341,0,0
2024-10-25,74.64918518066406,75.47013212624124,74.52517497657105,74.64297861527366,3286400,73.70112419128418,76.36019254129825,71.04205584127011,0,0
2024-10-28,74.80171203613281,75.19482224658927,74.76202786428186,75.19482224658927,2640800,73.8044864654541,76.46593020409911,71.1430427268091,0,0
2024-10-29,75.68590545654297,75.90044067843996,74.59461722065929,74.90216009167673,3360000,74.04345436096192,76.46898474459269,71.61792397733115,0,0
2024-10-30,74.6938247680664,75.4031594808144,74.61197379722198,75.18118394706605,3105600,74.21049613952637,76.31012981998627,72.11086245906647,0,0
2024-10-31,72.21112823486328,73.88030802721651,72.17392669366274,73.88030802721651,5942400,74.23939018249511,76.20819039951499,72.27058996547524,1,1
2024-11-01,72.72826385498047,73.29003373652942,72.29795206158487,72.34259392040157,3328800,74.24825706481934,76.18794215404697,72.30857197559172,1,0
2024-11-04,72.65757751464844,73.2143820886376,72.34011171280477,72.78158771175896,2911200,74.27963104248047,76.09083154605476,72.46843053890619,1,0
2024-11-05,73.7104263305664,73.74390393844715,72.8373896578564,72.8373896578564,2513600,74.2979850769043,76.07803353479676,72.51793661901183,1,0
2024-11-06,76.01949310302734,76.16210029011866,75.07205336856693,75.26923291481796,5134400,74.39074478149413,76.32032987814915,72.46115968483912,0,-1
2024-11-07,77.57706451416016,77.59690281652206,76.57630125586635,76.6197017998355,4264000,74.55803413391114,76.9322279883187,72.18384027950357,0,0
2024-11-08,77.44064331054688,77.686188645051,77.14798106511867,77.547297831323,3446400,74.70703201293945,77.39180142150741,72.02226260437149,0,0
2024-11-11,77.12442016601562,77.61674458759616,76.66186454987864,77.61674458759616,3454400,74.79408721923828,77.66723069300915,71.92094374546741,0,0
2024-11-12,77.25960540771484,77.39601361688571,76.6606339487904,77.13311256609552,3238400,74.95585899353027,77.99682503274016,71.91489295432038,0,0
2024-11-13,76.94832611083984,77.58449901764541,76.7883556838876,77.13434140361383,5676800,75.0883632659912,78.23236351907099,71.94436301291142,0,0
2024-11-14,76.63582611083984,77.21371792020592,76.47461435383018,77.04629959759468,2884800,75.19060974121093,78.39566104506737,71.9855584373545,0,0
2024-11-15,74.77195739746094,75.85208147900532,74.44456862753773,75.85208147900532,4911200,75.18682746887207,78.3936670109644,71.97998792677973,0,0
2024-11-18,74.99144744873047,75.30643821321888,74.39372492201838,74.77195453303939,3436800,75.17312431335449,78.38084394068471,71.96540468602427,0,0
2024-11-19,75.91532897949219,75.94881415863848,74.5301370377235,74.60702276325878,3312800,75.20821914672851,78.43225190471617,71.98418638874085,0,0
2024-11-20,75.99593353271484,76.01577183484845,74.93440649748715,76.01329677769557,3030400,75.30575294494629,78.50105241786332,72.11045347202926,0,0
2024-11-21,76.79705047607422,77.29060871546943,75.58422692608447,76.83176940080901,3704000,75.43075599670411,78.6539079592536,72.20760403415461,0,0
2024-11-22,77.08226776123047,77.13930761317113,76.51678151145086,76.7511550538265,4295200,75.55241012573242,78.8315620433515,72.27325820811335,0,0
2024-11-25,77.04630279541016,77.82509056904745,76.76232213142173,77.68744104866327,5583200,75.66463966369629,78.98670061428349,72.34257871310909,0,0
2024-11-26,77.27943420410156,77.65643005619837,77.03141380413554,77.34019799105613,2852800,75.74431610107422,79.14021325138353,72.34841895076491,0,0
2024-11-27,76.48453521728516,76.98677503354466,75.70823012324794,76.98677503354466,3337600,75.83385162353515,79.20860042547663,72.45910282159367,0,0
2024-11-29,77.16534423828125,77.3637575237159,76.62093766285695,76.70030600462347,1688800,76.08156242370606,79.06036024842983,73.10276459898229,0,0
2024-12-02,77.9242935180664,78.20951548165466,77.27323992838386,77.3253220962434,3457600,76.34136390686035,78.9934307531151,73.6892970606056,0,0
2024-12-03,78.32855987548828,78.3508808022541,77.50637167919683,77.71719052396057,2440800,76.62491302490234,78.81296953114055,74.43685651866413,0,0
2024-12-04,79.9158935546875,79.9357394256345,79.18423790438563,79.33428540463478,3933600,76.9351863861084,79.14194352521275,74.72842924700404,0,0
2024-12-05,79.51658630371094,79.96053738811584,79.44093432620511,79.93697514639742,3452000,77.11004104614258,79.54160571351814,74.67847637876703,0,0
2024-12-06,79.92953491210938,80.17135632597726,79.6579522600391,79.73732060790033,2700800,77.22766456604003,79.94859317774709,74.50673595433298,0,0
2024-12-09,79.33303833007812,79.8749622678621,79.13958273179577,79.69886991315185,5318400,77.3222843170166,80.19371056002622,74.45085807400697,0,0
2024-12-10,78.19463348388672,79.36033244198191,77.92801608372501,79.19539674952135,4460800,77.37579498291015,80.27027311772555,74.48131684809475,0,0
2024-12-11,79.39132690429688,79.63190698096675,78.5666560950004,78.91760705976213,3643200,77.48238105773926,80.50601051408532,74.4587516013932,0,0
2024-12-12,79.04657745361328,79.35908557134145,78.73531064888908,78.96597536715505,2456000,77.58729362487793,80.67446184802688,74.50012540172898,0,0
2024-12-13,79.41986083984375,80.13540220026695,78.80849139005251,79.90597876183305,2840000,77.72649536132812,80.87985889535291,74.57313182730333,0,0
2024-12-16,80.35488891601562,80.44045626024118,79.3938098270829,79.57610876433833,3426400,78.00564193725586,81.0499549885019,74.96132888600982,0,0
2024-12-17,79.8600845336914,80.08454268832202,79.31072026725255,79.79932074797654,3439200,78.2490737915039,81.06003865594104,75.43810892706676,0,0
2024-12-18,77.13563537597656,80.39732068652269,76.87117399522286,80.15768524087555,8525600,78.31008911132812,80.96438902723877,75.65578919541748,0,0
2024-12-19,77.20144653320312,78.18852008541216,77.10087723260071,77.9960735939045,6925600,78.37036476135253,80.86145486258548,75.87927466011959,0,0
2024-12-20,78.42070770263672,79.0154390430468,76.47139389068025,76.65267024636258,5290400,78.45154762268066,80.83578976199084,76.06730548337049,0,0
2024-12-23,79.14579772949219,79.15821069890308,78.16120978644592,78.72862192603098,3564000,78.55472412109376,80.87063435120422,76.2388138909833,0,0
2024-12-24,80.0149154663086,80.0149154663086,79.32830701206977,79.43632560845316,3484000,78.70315475463867,80.99371764524108,76.41259186403627,0,0
2024-12-26,80.15398406982422,80.36132917888892,79.4425495886651,79.78646768685901,3670400,78.84688224792481,81.12276297539181,76.57100152045781,0,0
2024-12-27,78.9036865234375,79.6970708077813,78.13017208448646,79.6970708077813,4839200,78.96783981323242,80.96924402071878,76.96643560574606,0,0
2024-12-30,77.91909790039062,78.57342357402068,77.23001136480211,77.74527085622165,3900000,79.00552749633789,80.89500128983681,77.11605370283897,0,0
2024-12-31,77.20269012451172,78.17610790478375,76.95934136303774,78.15872368521407,5552000,78.96944732666016,80.96472556200483,76.97416909131549,0,0
2025-01-02,77.14559173583984,78.12148769420914,76.39566034973177,77.84833412900839,7610400,78.91029891967773,81.04343829591765,76.7771595434378,0,0
2025-01-03,78.58086395263672,78.63052340381618,77.54412344637878,77.60744625639794,3756800,78.84354743957519,80.92967349607117,76.7574213830792,0,0
2025-01-06,79.65857696533203,80.429605735111,79.37797414563381,79.58656204160965,5167200,78.85064697265625,80.94682890015092,76.75446504516158,0,0
2025-01-07,77.90667724609375,80.18626077177319,77.61241863087645,80.17508303658273,5126400,78.74950408935547,80.82278049966342,76.67622767904751,0,0
2025-01-08,77.82349395751953,78.07057116874557,76.96679442212839,78.07057116874557,3906400,78.67402687072754,80.76665305383946,76.58140068761563,0,0
2025-01-10,76.16471862792969,77.12447310279045,75.63331013513756,77.12447310279045,6786400,78.5725311279297,80.9286382491418,76.21642400671759,1,1
2025-01-13,75.54143524169922,75.59234509229879,74.5767170650281,74.87593937091138,6135200,78.38003654479981,81.04582859560088,75.71424449399873,1,0
2025-01-14,75.7214584350586,76.44158491792442,75.15777476436493,76.21934124651517,3345600,78.21378059387207,81.09833172875132,75.32922945899283,1,0
2025-01-15,77.40010833740234,77.60248975442155,76.63155759338085,76.9307798749282,5856800,78.11279296875,80.96258731997378,75.26299861752622,1,0
2025-01-16,76.75074768066406,78.07926129002044,76.72839978846234,78.07554043038292,3017600,77.93258590698242,80.64497675821195,75.2201950557529,1,0
2025-01-17,77.90667724609375,78.26302344396558,77.53668284410122,78.23074062911043,3728800,77.83491554260254,80.39928489783786,75.27054618736723,0,-1
2025-01-21,78.54361724853516,78.71744428925686,77.50315578559116,78.2133549649144,4209600,77.90531463623047,80.46633379505116,75.34429547740979,0,0
2025-01-22,80.11673736572266,80.25703879253317,79.3841902271214,79.46241164483438,6322400,78.05107917785645,80.76268791841547,75.33947043729744,0,0
2025-01-23,80.24958801269531,80.24958801269531,79.37177579089064,79.54683807893751,3655200,78.14252319335938,81.01632504806294,75.26872133865582,0,0
2025-01-24,79.47855377197266,80.55005534493293,79.26003092547364,80.55005534493293,3360800,78.1591609954834,81.05973221796475,75.25858977300206,0,0
2025-01-27,75.33781433105469,76.59554825757016,74.64872021464798,75.8183129623933,12632000,77.9253059387207,80.94156108962751,74.90905078781388,0,0
2025-01-28,77.68815612792969,77.80238120576034,75.09072347837304,75.89155699193435,4972800,77.80201454162598,80.6401193362242,74.96390974702776,0,0
2025-01-29,76.95935821533203,77.39143270531868,76.15852448658362,77.39143270531868,4616000,77.70479812622071,80.51839234095233,74.89120391148909,0,0
2025-01-30,76.966796875,77.33306285934398,76.15478552114695,76.80911122983262,4323200,77.65718307495118,80.48684523207531,74.82752091782704,0,0
2025-01-31,76.55830383300781,78.25433385513196,76.32861084010064,77.78624818090266,5211200,77.62496376037598,80.48905697390947,74.76087054684248,0,0
2025-02-03,75.47065734863281,75.90273932683337,74.26506852866737,74.68348714669997,7942400,77.54121704101563,80.55073919566877,74.53169488636249,0,0
2025-02-04,76.4825668334961,76.5595454341239,75.52156956013377,75.61344675584273,3393600,77.4363021850586,80.43982844656416,74.43277592355302,0,0
2025-02-05,77.56150817871094,77.60124028679277,76.42047751272335,76.58064117938547,5761600,77.33144874572754,80.15857224797445,74.50432524348064,0,0
2025-02-06,77.85205841064453,78.01594296288876,77.29954482424044,77.65588346363877,2661600,77.32871780395507,80.15371811968943,74.50371748822072,0,0
2025-02-07,77.10957336425781,78.46912700118513,76.82773529223661,78.1040962654913,3814400,77.29302177429199,80.11014337735196,74.47590017123201,0,0
2025-02-10,78.07926177978516,78.33255304924457,77.65587948163329,77.65587948163329,3560800,77.38874893188476,80.17595908593728,74.60153877783225,0,0
2025-02-11,77.97745513916016,78.40705153046117,77.61863844576794,77.64470719960158,2773600,77.51054992675782,80.17438174186042,74.84671811165522,0,0
2025-02-12,77.87564086914062,77.91785860856092,76.80166128766815,76.97300271439455,3887200,77.61825904846191,80.15520278565194,75.08131531127188,0,0
2025-02-13,79.08373260498047,79.10980136127299,78.02216586436282,78.11031463564031,3339200,77.70244026184082,80.3154351377156,75.08944538596604,0,0
2025-02-14,79.4462661743164,79.49096195983117,78.84160752287137,78.96576753471841,2726400,77.83721618652343,80.51716507234993,75.15726730069694,0,0
2025-02-18,79.97146606445312,80.0534159216228,79.43633667994817,79.8274437752438,3441600,77.94045562744141,80.77762535139655,75.10328590348627,0,0
2025-02-19,79.91683197021484,80.24089536894203,79.30845244321212,79.94042267620455,2620800,78.0091163635254,80.96531777026888,75.0529149567819,0,0
2025-02-20,79.6498794555664,79.95903663003664,78.7298496505921,79.95903663003664,3352000,77.98577346801758,80.8817974045916,75.08974953144357,0,0
2025-02-21,77.49323272705078,79.80757719990218,77.46094991100632,79.80757719990218,4851200,77.84795570373535,80.55618902351526,75.13972238395544,0,0
2025-02-24,76.36336517333984,78.00724997128708,76.14981360664098,77.74775223180981,4652800,77.69219627380372,80.36549302330154,75.0188995243059,0,0
2025-02-25,75.2347640991211,76.22183775360065,74.63258346753557,76.21314564300292,6432000,77.68704376220703,80.37880545848274,74.9952820659313,0,0
2025-02-26,75.79595947265625,76.6042423695096,75.28318559101756,75.80341634843445,4005600,77.59243392944336,80.40757454019098,74.77729331869574,0,0
2025-02-27,73.12651062011719,76.48752268617876,73.09919905796916,76.48752268617876,7045600,77.40079154968262,80.81939458021951,73.98218851914574,1,1
2025-02-28,74.30728149414062,74.30728149414062,72.17297058653419,72.78507853580328,7008800,77.26781578063965,80.94101698354196,73.59461457773735,1,0
2025-03-03,71.8091812133789,74.74308284156893,71.26908820377264,74.61147353473812,7939200,77.03035964965821,81.40363328018402,72.6570860191324,1,0
2025-03-04,71.78932189941406,73.08803080108149,70.24477101591143,71.02946321692531,9321600,76.84629287719727,81.74498260271446,71.94760315168008,1,0
2025-03-05,72.87198638916016,73.02718639195236,71.04683284069894,71.96313426343406,5182400,76.66576385498047,81.86185480882594,71.469672901135,1,0
2025-03-06,70.62965393066406,72.3852781034145,70.30932659530704,71.3038418036245,6288800,76.31917114257813,82.11962872732609,70.51871355783017,1,0
2025-03-07,71.50001525878906,71.64280228337907,69.54449534999998,70.62344600279971,6768000,76.00156898498535,82.11849040687409,69.88464756309662,1,0
2025-03-10,68.29669952392578,70.0361825252707,67.53435522241277,70.01506986672864,11074400,75.56092529296875,82.50840887839745,68.61344170754005,1,0
2025-03-11,68.08562469482422,69.27010847283944,67.34687111300036,68.03595765912361,7833600,75.06124343872071,82.622752575282,67.49973430215942,1,0
2025-03-12,69.09008026123047,69.81020678660026,68.2880038874455,69.34087832238271,6600000,74.61687469482422,82.47923222308367,66.75451716656477,1,0
2025-03-13,67.84600067138672,69.07642311779132,67.54304992375073,68.99199521476177,6982400,74.11539268493652,82.35285374339938,65.87793162647367,1,0
2025-03-14,69.9033203125,70.0076104650202,68.7374561354456,68.7374561354456,5034400,73.6563720703125,81.75726062731665,65.55548351330835,1,0
2025-03-17,70.3180160522461,70.86928677954472,69.64755656972096,69.873528689005,3984000,73.19995956420898,80.96626469236651,65.43365443605146,1,0
2025-03-18,69.31977081298828,69.96167590515257,69.01309924378097,69.82013926143199,4282400,72.66737480163575,79.94895581943642,65.38579378383507,1,0
2025-03-19,70.2596664428711,71.07291298554433,69.40544497538554,69.65376499318656,4726400,72.18451652526855,78.72189365366876,65.64713939686834,1,0
2025-03-20,69.8660888671875,70.64705267922426,69.45511949655467,69.6190040572175,4427200,71.69532699584961,77.32638078364948,66.06427320804974,1,0
2025-03-21,70.10198211669922,70.16158407521073,68.73995043110594,69.00565467386889,3026400,71.32576446533203,76.32046849184339,66.33106043882067,1,0
2025-03-24,71.4404296875,71.67012267383295,71.1039533336178,71.22935615571735,4049600,71.07961769104004,75.51040326680898,66.6488321152711,0,-1
2025-03-25,71.74114990234375,71.85551988555328,71.40797989021964,71.53851175654707,2626400,70.90493698120117,74.92293201052655,66.8869419518758,0,0
2025-03-26,70.015625,71.59942890522038,69.71974871136115,71.5049463810851,4086400,70.61592025756836,73.96015654514183,67.2716839699949,0,0
2025-03-27,69.27468872070312,69.86644128799911,68.90919493429907,69.60164438214827,3712800,70.42332916259765,73.60683644876283,67.23982187643247,0,0
2025-03-28,67.53424072265625,69.17150015155806,67.27317699523954,68.94151580063088,6380000,70.08467712402344,72.97056123260538,67.19879301544151,0,0
2025-03-31,67.42733764648438,67.52430136723919,65.50290484949565,66.23512928149817,7151200,69.8655849456787,72.85787993559113,66.87328995576628,0,0
2025-04-01,67.99423217773438,68.07006405222522,66.60311867227836,67.13146819044388,3972000,69.67583045959472,72.6372560807583,66.71440483843114,0,0
2025-04-02,68.55364227294922,69.14912036436081,66.99470355977795,67.01334663207243,3593600,69.45991325378418,72.06612496250126,66.8537015450671,0,0
2025-04-03,63.58840560913086,65.37858076694668,63.47403183198791,65.08270448964464,14137600,69.10785083770752,72.7019862616188,65.51371541379623,1,1
2025-04-04,59.49836349487305,61.91012252941366,59.21367532296639,61.445176236905695,22274400,68.50776824951171,73.87445924766989,63.141077251353536,1,0
2025-04-07,59.66743469238281,62.57397886124897,56.067200444525575,56.87153493525171,21929600,68.07630500793456,74.68524740693144,61.46736260893769,1,0
2025-04-08,58.4752311706543,62.84250624745184,57.3750203618508,62.10778925030333,12530400,67.59578533172608,75.41822928427908,59.773341379173075,1,0
2025-04-09,66.35820770263672,66.8691508751886,58.492635993378414,58.51749722039535,16810400,67.45919170379639,75.26788777448611,59.65049563310668,1,0
2025-04-10,63.37333679199219,64.59910943439205,61.19653973445197,64.15529500556437,9768800,67.23555850982666,75.2408445721236,59.230272447529714,1,0
2025-04-11,64.66252136230469,64.9061788630183,62.561552086875245,63.01406971354309,5773600,66.9735185623169,74.95541424117583,58.991622883457964,1,0
2025-04-14,65.11875915527344,66.81693312181123,64.47976528821053,66.69510438158322,6408800,66.71355571746827,74.58065363887196,58.84645779606457,1,0
2025-04-15,65.36489868164062,65.87460500836501,65.05908247334439,65.20328744155276,5141600,66.51581211090088,74.30940712889068,58.72221709291109,1,0
2025-04-16,63.122215270996094,64.27588539802414,62.00211329951494,63.62197029198681,6376000,66.15893955230713,73.88750358857456,58.43037551603971,1,0
2025-04-17,62.84623718261719,63.53122794764632,62.45214896582977,63.53122794764632,4116000,65.80794696807861,73.46850354547027,58.147390390686944,1,0
2025-04-21,61.13314056396485,61.91882820222972,60.27659102865075,61.83802257286623,6149600,65.3595048904419,73.0121345887292,57.7068751921546,1,0
2025-04-22,62.63738632202149,63.03892950348988,61.667707341535,61.94742177542863,5444000,64.91935272216797,72.1217316483823,57.71697379595364,1,0
2025-04-23,64.50586700439453,65.85222769565023,64.30074008794772,65.14112762800777,5252000,64.55758857727051,71.04431192152624,58.07086523301478,1,0
2025-04-24,66.93131256103516,67.00465564995824,65.02055285290459,65.08395600322957,4780800,64.40337295532227,70.49856209960255,58.308183811041985,0,-1
2025-04-25,67.94573211669922,68.10983213691077,66.68639516037098,66.77715210038811,4045600,64.33692512512206,70.24432621836328,58.429524031880845,0,0
2025-04-28,67.81645202636719,68.21550641222164,66.83061499635994,67.90969016702317,3423200,64.35103569030761,70.29018102692623,58.41189035368899,0,0
2025-04-29,68.14464569091797,68.464135012295,67.46586935922117,67.56407745988575,2860000,64.3869010925293,70.40801981278416,58.365782372274445,0,0
2025-04-30,68.30625915527344,68.5176004452921,66.28609956547811,66.8219077439389,3406400,64.40250244140626,70.46242018409869,58.34258469871383,0,0
2025-05-01,69.51213073730469,70.64341691277939,69.47234822816272,69.95967068661082,4720800,64.45042686462402,70.65435174578435,58.246501983463695,0,0
2025-05-02,70.55516052246094,70.8846049759997,69.99697608789174,70.26052861562712,4380000,64.79876461029053,71.52990609361245,58.06762312696861,0,0
2025-05-05,70.0777816772461,70.61234545096447,69.89751977078305,69.94476103144892,4140000,65.32773551940917,71.97181398218339,58.683657056634964,0,0
2025-05-06,69.48477935791016,70.07777626093034,68.85573311147908,69.0645856009308,3520800,65.81860275268555,72.16118721497216,59.47601829039894,0,0
2025-05-07,70.17849731445312,70.50669744857016,68.99623626814426,69.6277715102651,3141600,66.4037660598755,72.04959887324353,60.75793324650747,0,0
2025-05-08,71.00767517089844,71.6988802299939,70.39105758346342,71.03005141239657,5876000,66.63623943328858,72.6277361900972,60.644742676479964,0,0
2025-05-09,71.01016998291016,71.55219255700149,70.61235239552832,71.44776250006474,4076000,67.01808109283448,73.10181088106933,60.93435130459963,0,0
2025-05-12,74.36549377441406,74.40403190012596,73.34733303437648,74.11561435800449,6219200,67.50322971343994,74.26765531313599,60.73880411374388,0,0
2025-05-13,76.01891326904297,76.23646891238201,74.59050628767223,74.67131570457934,7194400,68.04823741912841,75.65977822320122,60.43669661505561,0,0
2025-05-14,76.55845642089844,76.82325333152599,76.08480699823515,76.3520850994689,5814400,68.60791530609131,76.95820273821252,60.25762787397011,0,0
2025-05-15,76.52364349365234,76.91400230493818,75.85979222437196,76.14696537545728,8249600,69.27798671722412,77.906108586312,60.64986484813625,0,0
2025-05-16,76.66785430908203,76.70017048797541,75.98534480561158,76.70017048797541,3166400,69.96906757354736,78.63986131909235,61.29827382800239,0,0
2025-05-19,76.46522521972656,76.62559209500895,75.46073749554824,75.48311373946628,4616000,70.73567180633545,78.83858656510813,62.63275704756276,0,0
2025-05-20,76.19669342041016,76.2252916101182,75.63353899166482,75.97043461995801,2764800,71.41363716125488,78.94137157174256,63.885902750767194,0,0
2025-05-21,74.7372055053711,76.51867768539542,74.39408793731592,75.48808059199588,4540800,71.92520408630371,78.87399866372684,64.97640950888058,0,0
2025-05-22,74.8627700805664,75.48684647911885,74.65018438294162,74.74840008305424,2884800,72.32177696228027,78.98471431575162,65.65883960880892,0,0
2025-05-23,73.98011779785156,74.44506411793007,73.3572857961327,73.43560644232126,4304000,72.6234962463379,79.00712070569264,66.23987178698314,0,0
2025-05-27,75.7976303100586,75.90578593467959,74.94232525052948,75.20587775969082,4448800,73.02255516052246,79.14686408108282,66.89824623996209,0,0
2025-05-28,75.45452117919922,76.13951193658656,75.37371175514215,75.88963250437556,3218400,73.38804893493652,79.1670547787112,67.60904309116184,0,0
2025-05-29,75.72552490234375,76.84438248390748,75.37494861625848,76.84438248390748,3815200,73.75901222229004,79.1231798936841,68.39484455089598,0,0
2025-05-30,75.38241577148438,75.63602078667348,74.24490740158755,75.54651581227948,3508800,74.05252647399902,79.08736308407974,69.0176898639183,0,0
2025-06-02,76.06739807128906,76.08977431239731,75.0964786287766,75.21209300170513,3538400,74.32813835144043,79.1666670382604,69.48960966462046,0,0
2025-06-03,77.27950286865234,77.32176657757843,76.11340388926679,76.15069762883083,3753600,74.68822441101074,79.27316891483083,70.10327990719064,0,0
2025-06-04,77.48834228515625,77.7295185438438,77.14025479523046,77.41623600904148,3828000,75.08840255737304,79.15461822375141,71.02218689099467,0,0
2025-06-05,77.14151763916016,78.38095979517313,76.86552877158503,77.73078152874538,4516800,75.43655357360839,78.9108730370429,71.96223411017388,0,0
2025-06-06,77.87498474121094,78.28896423920654,77.7519116009868,77.89736098600261,3383200,75.77991905212403,78.75741680313642,72.80242130111164,0,0
2025-06-09,78.21311950683594,78.74146892058258,78.1285845111651,78.26657512522755,4663200,76.14006652832032,78.37180569156286,73.90832736507778,0,0
2025-06-10,78.54007720947266,78.6134202926292,77.88118832379276,78.26160719583255,4252800,76.34879570007324,78.65716672448325,74.04042467566323,0,0
2025-06-11,78.22927856445312,78.99631544343248,77.90729288886538,78.69422481771846,3296000,76.45931396484374,78.90168951252862,74.01693841715887,0,0
2025-06-12,78.79119110107422,78.9751861735977,78.11988110679114,78.11988110679114,2780000,76.57095069885254,79.21687428519907,73.92502711250602,0,0
2025-06-13,77.4858627319336,78.37722479536154,77.24344964305949,77.85135653680328,4943200,76.6190616607666,79.294621074699,73.94350224683421,0,0
2025-06-16,78.79865264892578,79.01372710626644,78.06393948505779,78.06393948505779,4099200,76.7256015777588,79.56511956369557,73.88608359182201,0,0
2025-06-17,78.21935272216797,78.89936601886288,78.09752396193885,78.40582903079968,3063200,76.81330795288086,79.72273952730062,73.9038763784611,0,0
2025-06-18,78.46797180175781,78.8894099943975,78.03037172531268,78.4493211396011,3744000,76.92687187194824,79.90760078038659,73.94614296350989,0,0
2025-06-20,78.13107299804688,79.00751758935938,77.74444732964523,78.85833504693986,3080800,77.09656524658203,79.9427299942833,74.25040049888077,0,0
2025-06-23,78.96028137207031,79.01870696843176,77.56543475472894,78.02665551769395,5113600,77.30144081115722,80.06359163501814,74.5392899872963,0,0
2025-06-24,80.3812255859375,80.48316686461607,79.70741915279912,79.71239670983769,3944800,77.62149620056152,80.25028164343426,74.99271075768878,0,0
2025-06-25,81.05750274658203,81.20667768369508,80.74422020316781,80.78275832654508,7573600,77.88448982238769,80.77062584893355,74.99835379584184,0,0
2025-06-26,81.75605010986328,81.82076742118866,81.05912366454588,81.46981273396251,3713600,78.1995662689209,81.32199077331198,75.07714176452983,0,0
2025-06-27,81.70751953125,82.26257686916803,81.23585030461335,81.98878159943426,4291200,78.49866600036621,81.75882907445461,75.23850292627782,0,0
2025-06-30,82.54632568359375,82.73051176546373,81.97881865007884,82.38080279881856,4687200,78.85686149597169,82.24063954747055,75.47308344447282,0,0
2025-07-01,81.695068359375,82.44924530314093,81.11138962463714,82.24514270683939,3960800,79.13824501037598,82.48310817251836,75.79338184823361,0,0
2025-07-02,82.73175811767578,82.76037957765953,81.51959978853357,81.57435124383157,3567200,79.41085777282714,82.98612301068508,75.83559253496921,0,0
2025-07-03,83.8829345703125,84.10445463931404,83.03292735975528,83.12751186406578,2817600,79.73058738708497,83.68460995057094,75.77656482359899,0,0
2025-07-07,83.14369201660156,83.71865825015976,82.74170786929619,83.51082604263492,4606400,80.03069610595703,84.06346608085839,75.99792613105568,0,0
2025-07-08,83.53571319580078,83.70497328280491,83.22582967430814,83.44735734910006,2596800,80.31373252868653,84.4934939891649,76.13397106820815,0,0
2025-07-09,84.2351303100586,84.43798718922281,83.50335370461701,83.8916499978094,3379200,80.61483306884766,85.00809117915662,76.2215749585387,0,0
2025-07-10,83.95263671875,84.50146541803382,83.45855947981299,84.44670636175745,3224000,80.88546104431153,85.39933112277403,76.37159096584902,0,0
2025-07-11,83.42371368408203,84.02232608233224,83.38264249450066,83.51331526579126,2880000,81.14518280029297,85.61538254331542,76.67498305727052,0,0
2025-07-14,83.42743682861328,83.65269409378303,82.63592586772243,83.2731179414378,3088000,81.37699508666992,85.81560064517764,76.9383895281622,0,0
2025-07-15,84.13557434082031,84.647069029571,84.13059900711376,84.46288293534742,3740800,81.70948066711426,85.92288811941137,77.49607321481716,0,0
2025-07-16,84.50891876220703,84.56367780976527,83.23080506831174,84.26001538165657,3272000,81.99499397277832,86.15426286858023,77.8357250769764,0,0
2025-07-17,85.36390686035156,85.5717466657987,84.54874975481982,84.6595135894456,3196800,82.3522216796875,86.37812439180071,78.3263189675743,0,0
2025-07-18,85.31538391113281,85.76340702618144,85.06896436151949,85.76340702618144,3083200,82.69459228515625,86.4995375910152,78.8896469792973,0,0
2025-07-21,85.43484497070312,86.07577425396995,85.35395592453578,85.44729469806421,3498400,83.05978088378906,86.41847307415992,79.7010886934182,0,0
2025-07-22,84.60102081298828,85.41991514912293,83.89662751317682,85.41493981551595,3466400,83.34181785583496,86.1837430254709,80.49989268619902,0,0
2025-07-23,85.27305603027344,85.27305603027344,84.42180310595069,84.9743689280023,2812800,83.58640937805175,86.19986561040298,80.97295314570053,0,0
2025-07-24,85.51448822021484,85.7111240123605,85.02041107337998,85.4796381018402,3299200,83.8092586517334,86.27825240172042,81.34026490174638,0,0
2025-07-25,85.7086410522461,85.9314068593482,85.37386567745797,85.58045215598479,2243200,84.00688819885254,86.41896158564882,81.59481481205626,0,0
2025-07-28,86.38690185546875,86.39187718876123,85.84553242174658,86.08946047979431,3268800,84.24085731506348,86.6230003798592,81.85871425026775,0,0
2025-07-29,86.23631286621094,87.35886959571906,86.04714385744361,86.93573079061174,3548800,84.42535667419433,86.8254663817674,82.02524696662127,0,0
2025-07-30,86.42548370361328,86.81626386065464,85.85673852889664,86.49268488639416,3504800,84.66187744140625,86.86323272519196,82.46052215762053,0,0
2025-07-31,85.93016815185547,87.7708137954581,85.61033394308387,87.7708137954581,3914400,84.82179794311523,86.90033275457708,82.74326313165338,0,0
2025-08-01,83.93022918701172,85.03162368929179,83.52077823423372,85.02041969412728,6752000,84.8241626739502,86.89852297955406,82.74980236834634,0,0
2025-08-04,85.83805847167969,85.83805847167969,84.75035195750101,84.75035195750101,4146400,84.9588809967041,86.92641122092209,82.9913507724861,0,0
2025-08-05,85.06895446777344,86.15043999950419,84.82129681045133,86.06705949084191,5394400,85.03554306030273,86.8916165532258,83.17946956737966,0,0
2025-08-06,86.1019058227539,86.18529393103206,85.20087672784085,85.26559404270057,3959200,85.1288818359375,87.0022355390757,83.25552813279931,0,0
2025-08-07,86.26991271972656,87.20080892691185,85.43608488051258,87.11493695728076,4223200,85.24474563598633,87.09931733770757,83.39017393426509,0,0
2025-08-08,87.03528594970703,87.17840843089853,86.3084923372792,86.59223823924866,3644000,85.42532424926758,87.23832648411661,83.61232201441854,0,0
2025-08-11,86.52628326416016,87.40491189232631,86.27239695499169,86.96435564395802,3946400,85.58026657104492,87.2035533394964,83.95697980259344,0,0
2025-08-12,87.87161254882812,87.88405468043082,86.39561721290285,86.93573333606588,6048000,85.7670684814453,87.53571380136653,83.99842316152409,0,0
2025-08-13,88.0234375,88.47022243171503,87.61399415390035,88.36692539697468,3821600,85.94279441833496,87.86795413494842,84.01763470172149,0,0
2025-08-14,87.67247772216797,87.95747695143183,87.18712069252317,87.41486941030085,3270400,86.05822296142578,88.10377512296681,84.01267079988476,0,0
2025-08-15,87.12240600585938,87.62021277694741,86.77891811846007,87.62021277694741,3079200,86.14857406616211,88.21443115138386,84.08271698094036,0,0
2025-08-18,87.37505340576172,87.4285667263177,86.99796110119382,87.08134161499694,2436800,86.24558448791504,88.3501247889305,84.14104418689958,0,0
2025-08-19,85.72357177734375,87.36508993915447,85.5431153003065,87.36508993915447,4686400,86.30171203613281,88.28415249923489,84.31927157303073,0,0
2025-08-20,85.11126708984375,85.60533664725091,83.7410527838115,85.49706428590656,4896000,86.29362258911132,88.29402595630577,84.29321922191687,0,0
2025-08-21,84.8860092163086,85.2879857366128,84.45789510707077,84.81133364618178,5332000,86.26219863891602,88.32920826187349,84.19518901595855,0,0
2025-08-22,86.39063262939453,86.86479329249823,84.55870729030406,84.80885641734586,4590400,86.29629821777344,88.34810023403034,84.24449620151654,0,0
2025-08-25,86.18031311035156,86.74408297260734,85.93763836554763,86.23631789604829,4037600,86.28596878051758,88.33792234481083,84.23401521622432,0,0
2025-08-26,86.62211608886719,86.73536378802604,86.0981717233913,86.2450238105761,3585600,86.3052589416504,88.3622302222877,84.24828766101308,0,0
2025-08-27,87.23067474365234,87.34393003308544,86.4316970361393,86.72913839251896,2866400,86.34551849365235,88.44147546026649,84.24956152703821,0,0
2025-08-28,88.09561920166016,88.29350073548135,87.08009673030948,87.46963113656714,3871200,86.45379104614258,88.67284740859829,84.23473468368688,0,0
2025-08-29,86.74532318115234,87.73097848211879,86.43170247796493,87.73097848211879,4680800,86.59454574584962,88.48882368310525,84.70026780859398,0,0
2025-09-02,85.84803009033203,85.87292195045065,84.63960130351154,85.07642800223033,4948000,86.59504432678223,88.48853064435414,84.70155800921032,0,0
2025-09-03,86.23258972167969,86.48024740011046,85.6115693310692,86.26121118322818,3952800,86.65322608947754,88.42303810813627,84.88341407081882,0,0
2025-09-04,86.81002807617188,86.83367420082793,85.66009568958944,86.1579024436721,2380800,86.68863220214844,88.44115802947232,84.93610637482456,0,0
2025-09-05,86.96560668945312,87.61400282558046,86.01853101034173,87.60902749177271,2835200,86.72341690063476,88.4689210245983,84.97791277667122,0,0
2025-09-08,87.7284927368164,87.91766175690373,87.437280004239,87.437280004239,2408000,86.75807723999023,88.55378387438745,84.96237060559301,0,0
2025-09-09,87.83177947998047,87.9363222409111,87.17840811296679,87.86289240221922,2799200,86.82335205078125,88.67465989220278,84.97204420935972,0,0
2025-09-10,88.97425079345703,89.52432516714383,88.55360345007043,89.2492917782648,3751200,86.8784839630127,88.90843117380895,84.84853675221645,0,0
2025-09-11,89.4521484375,89.71473969442528,89.18581998362919,89.54673294230861,3550400,86.94991950988769,89.22210778867664,84.67773123109875,0,0
2025-09-12,89.55171203613281,89.78568184334893,89.35632195266355,89.63011721599402,3712000,87.04388122558593,89.56914777668432,84.51861467448755,0,0
2025-09-15,90.43034362792967,90.43034362792967,89.60025287678444,89.71100912208279,3263200,87.20927810668945,90.13501543824462,84.28354077513428,0,0
2025-09-16,90.12419128417967,90.58590985554122,89.96738091670107,90.58590985554122,3315200,87.34673500061035,90.53706551938342,84.15640448183728,0,0
2025-09-17,89.79190826416016,90.14908406219354,88.83861151308645,90.0420574152136,3433600,87.55015182495117,90.81841403738122,84.28188961252113,0,0
2025-09-18,91.38611602783205,91.61884006988367,90.54855862288446,90.91320114650512,4124800,87.86389427185058,91.33392209885447,84.3938664448467,0,0
2025-09-19,92.23986053466795,92.31826571008888,91.39608199356344,91.78063347688634,2748800,88.23158683776856,91.91350998931794,84.54966368621918,0,0
2025-09-22,93.73080444335938,93.78556349727047,91.96980978329135,92.08804042195506,5513600,88.5985954284668,92.8867457577571,84.31044509917649,0,0
2025-09-23,92.76753997802734,93.77435759085328,92.4551725861419,93.63123509497734,5915200,88.92795677185059,93.42914767270904,84.42676587099214,0,0
2025-09-24,92.08338928222656,93.05772530501856,91.52271051035572,93.05772530501856,3328000,89.20102043151856,93.77162598127816,84.63041488175895,0,0
2025-09-25,91.80554962158205,92.04102894001676,90.4885764942702,91.10781143505832,3679200,89.42976417541504,94.04077299393256,84.81875535689753,0,0
2025-09-26,92.03853607177734,92.11204302931984,91.1688558347074,91.90771254698905,3420000,89.6269100189209,94.32915267421325,84.92466736362854,0,0
2025-09-29,92.59423065185548,93.13248320722909,92.4185546422808,92.71011096153464,4014400,89.91935539245605,94.59581544363262,85.24289534127949,0,0
2025-09-30,93.02657318115234,93.08264257728702,92.300180579852,92.58426146443178,3552800,90.27828254699708,94.74703923485983,85.80952585913433,0,0
2025-10-01,93.76043701171876,93.80404231527118,92.5319218437762,92.6004553274899,3445600,90.65467491149903,94.96218641385956,86.3471634091385,0,0
2025-10-02,94.44197082519533,94.75470618068834,93.94483689709271,94.69490288247812,3611200,91.03627204895021,95.2652967653153,86.80724733258512,0,0
2025-10-03,94.15291595458984,95.04502244498651,93.74922845193689,94.54788847950864,3508000,91.39563751220705,95.3952257985198,87.39604922589429,0,0
2025-10-06,94.96402740478516,95.46365568279778,94.77713448910116,95.14718641659542,4390400,91.75741424560547,95.6728028553162,87.84202563589474,0,0
2025-10-07,94.09310913085938,95.54962824777472,93.53616427882376,95.45120071497166,4089600,92.07048072814942,95.66870222381455,88.47225923248429,0,0
2025-10-08,95.69166564941406,95.70038823123718,94.33606844747456,94.33606844747456,3750400,92.40635147094727,96.03970108163689,88.77300186025765,0,0
2025-10-09,95.64432525634766,95.88852714501787,95.12974612708884,95.72655479739744,3928000,92.71596031188966,96.3449037656186,89.08701685816072,0,0
2025-10-10,91.74324798583984,96.13523176545296,91.69091249095936,95.9533199123527,9368000,92.825537109375,96.18826557237904,89.46280864637097,0,0
2025-10-13,94.13048553466795,94.36721960518548,93.28573350269566,93.91867204073527,4733600,93.01054420471192,96.2298950601517,89.79119334927213,0,0
2025-10-14,92.92814636230467,93.78286815228552,91.76442310879116,92.81725473871712,5322400,93.15074195861817,96.08685325319358,90.21463066404276,0,0
2025-10-15,93.79158782958984,94.5304368996228,92.54563507647684,94.26380118533052,3564000,93.35072593688965,95.8580270948153,90.84342477896399,0,0
2025-10-16,93.49006652832033,94.61765991081526,92.85588080345732,94.32112253216324,3780800,93.45592346191407,95.79563236700909,91.11621455681905,0,0
2025-10-17,93.715576171875,93.9236557508946,92.3711959285513,92.85587336036316,3243200,93.52970924377442,95.80351277343911,91.25590571410973,0,0
2025-10-20,94.96402740478516,95.28049667098752,94.23763480984624,94.30367395697353,3604800,93.5913703918457,95.9489835841085,91.2337571995829,0,0
2025-10-21,94.86808776855467,95.25059618656408,94.40459698224012,94.87930468969752,2718400,93.69639778137207,96.08480291785551,91.30799264488863,0,0
2025-10-22,93.7467269897461,94.973995004413,92.55061539834614,94.74972503161204,4140000,93.77956466674804,96.05045865257566,91.50867068092043,0,0
2025-10-23,94.97400665283205,95.15092983472316,93.704380347813,93.74300458339545,2950400,93.93798751831055,96.0740023935385,91.80197264308259,0,0
2025-10-24,96.45419311523438,96.73577966837864,95.99817012598706,96.10158633902068,5258400,94.1587703704834,96.37513095432162,91.94240978664517,0,0
2025-10-27,98.1823272705078,98.22468540684751,97.63535216918466,97.82722616164196,4772000,94.43817520141602,97.14893729328463,91.7274131095474,0,0
2025-10-28,99.19529724121094,99.56783594620003,98.37545809348576,98.76170045541922,4772000,94.74661140441894,98.07755984607918,91.4156629627587,0,0
2025-10-29,99.86560821533205,100.5471407259075,99.1740983486544,100.09485926491703,5081600,95.0518699645996,99.0228653121427,91.08087461705651,0,0
2025-10-30,98.54864501953124,99.62888404216464,98.50379254077046,99.18657228866108,3943200,95.2572036743164,99.49645456164708,91.01795278698572,0,0
2025-10-31,98.83023071289062,99.74102196011896,98.25210675389698,99.73852762086784,3930400,95.49106941223144,99.97011948142476,91.01201934303812,0,0
2025-11-03,99.17161560058594,99.95656435127478,98.67946271886522,99.85190096899312,4188800,95.70144882202148,100.4489303576871,90.95396728635585,0,0
2025-11-04,96.49281311035156,98.02159197712604,96.35201983996308,97.3849119412903,5288000,95.82143402099608,100.5213164997959,91.12155154219626,0,0
2025-11-05,96.89276885986328,97.7300531543286,96.27103958603011,96.46914944111876,4642400,95.88148918151855,100.60384585236093,91.15913251067616,0,0
2025-11-06,94.99144744873048,97.02110188494936,94.5192264559376,96.94385341733808,5976800,95.84884529113769,100.58631038800893,91.11138019426646,0,0
2025-11-07,94.86310577392578,94.86310577392578,92.5244499829295,94.08313812041864,5781600,96.004838180542,100.38312449488913,91.62655186619486,0,0
2025-11-10,97.2304229736328,97.42105741194804,96.00814351906573,96.64482360701152,4790400,96.15983505249022,100.48083805849897,91.83883204648147,0,0
2025-11-11,96.34953308105467,96.7108624521,95.70039650841446,96.57380307477229,3946400,96.33090438842774,100.38953011858543,92.27227865827005,0,0
2025-11-12,96.45793151855467,97.09087770786994,95.91843939948365,97.09087770786994,2886400,96.46422157287597,100.35201662817161,92.57642651758033,0,0
2025-11-13,93.7405014038086,95.93836392987366,93.26081262603611,95.93836392987366,5619200,96.47674331665038,100.32757879506002,92.62590783824075,0,0
2025-11-14,94.22642517089844,95.066196119079,91.64605425283423,91.98495735988742,6139200,96.50228576660156,100.2857103748002,92.71886115840292,0,0
2025-11-17,92.66151428222656,94.27502473184424,91.90771433455436,93.2857378721575,4692800,96.38716011047363,100.47841217562745,92.2959080453198,0,0
2025-11-18,91.27726745605467,92.26779393440786,90.39886457194066,91.87781006573093,5809600,96.20761909484864,100.83039834410974,91.58483984558754,1,1
2025-11-19,91.89774322509766,92.98172370141538,91.0791513082999,91.39811492661458,4180000,96.11516990661622,100.99776231124316,91.23257750198927,1,0
2025-11-20,89.17284393310547,94.443222786674,88.93735702741621,94.13422892398698,9250400,95.82511177062989,101.55938600289781,90.09083753836197,1,0
2025-11-21,89.57029724121094,90.76640881491431,87.58549546354566,89.2725127149144,8729600,95.48091697692871,101.81758905607782,89.1442448977796,1,0
2025-11-24,91.82050323486328,92.01237724951709,90.11852726389068,90.21820958262882,5136000,95.16282577514649,101.56352005200677,88.76213149828621,1,0
2025-11-25,92.10208129882812,92.30890612122906,89.68368261253875,90.9545560120011,4705600,94.80816497802735,101.06014196348697,88.55618799256773,1,0
2025-11-26,93.06394958496094,93.50875563759892,92.3799227291595,92.98172004798646,2913600,94.46808204650878,100.30910093650097,88.6270631565166,1,0
2025-11-28,93.7205810546875,93.73179037244596,93.0240900197184,93.2957068462985,1737600,94.2266788482666,99.76436359624148,88.68899410029172,1,0
2025-12-01,93.68195343017578,94.00963964777768,92.49330950917218,92.81227314400336,3324800,93.96926498413086,99.08997899492294,88.84855097333877,1,0
2025-12-02,94.65628051757812,95.30168313912654,94.08065094688112,94.33855647784286,5296000,93.74349822998047,98.29315065104927,89.19384580891168,0,-1
2025-12-03,94.83196258544922,94.92540904907568,93.73427843023816,94.23016523038088,3023200,93.66045570373535,98.06465340322794,89.25625800424277,0,0
2025-12-04,95.27178192138672,95.43998250402736,94.54663649423692,94.97399738322584,3091200,93.57940635681152,97.79845674259161,89.36035597103142,0,0
2025-12-05,95.68543243408205,96.20873412501956,95.25309046769222,95.61565938226984,2863200,93.61410560607911,97.8900694932895,89.33814171886871,0,0
2025-12-08,96.52147674560548,96.90398519213176,96.0106391069455,96.20749418650531,3098400,93.69702415466308,98.1281556497402,89.26589265958597,0,0
2025-12-09,96.73079681396484,96.948838569875,96.0928695421917,96.31215846774364,2293600,93.67204284667969,98.02821133866391,89.31587435469547,0,0
2025-12-10,97.07965087890624,97.38865233132012,95.93836150883962,96.53143623309954,3363200,93.70854873657227,98.16494200016481,89.25215547297972,0,0
2025-12-11,96.72830200195312,96.78436379360843,94.89674988431533,96.14394984072328,4366400,93.7220672607422,98.21324424881486,89.23089027266953,0,0
2025-12-12,93.93611907958984,96.19378495783496,93.7031265130215,96.12401190482026,5752000,93.73184814453126,98.22399504196761,89.2397012470949,0,0
2025-12-15,92.88703155517578,94.71733658454686,92.72629877152944,94.55660380090052,3850400,93.66487846374511,98.16546350599202,89.1642934214982,0,0
2025-12-16,93.03279876708984,93.27576107360618,92.26902912507722,92.57428906892125,3084800,93.68344268798828,98.1703619220779,89.19652345389865,0,0
2025-12-17,91.0992431640625,93.22076099232316,91.06931116708834,93.2057949938361,4332000,93.67454147338867,98.18118200412724,89.1679009426501,0,0
2025-12-18,92.37140655517578,93.03243019805532,91.91991450405372,92.81167791360936,3403200,93.69822463989257,98.17212618371092,89.22432309607423,0,0
2025-12-19,94.23224639892578,94.30084943544364,93.03741779198272,93.07358435062636,4750400,93.9511947631836,97.91617158912102,89.98621793724617,0,0
2025-12-22,94.88579559326172,95.37719187145842,94.60641254074442,95.37595104865903,3509600,94.21696968078614,97.64840365590875,90.78553570566352,0,0
2025-12-23,95.4158706665039,95.4221052306467,94.3519906343434,94.54905310316434,2704800,94.39673805236816,97.68068916122547,91.11278694351086,0,0
2025-12-24,95.57675170898438,95.68650743424718,95.21006953876773,95.26744427183095,1401600,94.57047157287597,97.71514930889597,91.42579383685597,0,0
2025-12-26,95.6827621459961,95.94842002509982,95.47323056474988,95.75510287684378,2632800,94.70141220092773,97.80204643200332,91.60077796985215,0,0
2025-12-29,95.1751480102539,95.55679619511534,94.73613270220278,94.95938185583658,8392000,94.77414054870606,97.84745377071192,91.70082732670019,0,0
2025-12-30,94.8995132446289,95.46699555943,94.8995132446289,95.17514337936696,2807200,94.83501853942872,97.86734417559286,91.80269290326457,0,0
