Date,Close,High,Low,Open,Volume,Ma_20,Ma_50,Signal,Trade,Holding,Return_1d
2015-03-16,11.968735694885254,11.970976670718835,11.85223059199464,11.8611919312834,2652000,12.128705310821534,11.789741096496583,1,1,1,0.012030050935634362
2015-03-17,11.98105812072754,12.0034636049487,11.916084353190753,11.951932273262775,2145600,12.122320127487182,11.79581293106079,1,0,1,0.00102955117035064
2015-03-18,12.125569343566896,12.171499941628072,11.918323545098923,11.957532071076905,1919200,12.12204008102417,11.808785438537598,1,0,1,0.012061641082380392
2015-03-19,12.115484237670898,12.155813240525536,12.098680344034545,12.122205453252828,2185600,12.118847179412843,11.824513664245606,1,0,1,-0.0008317222565180638
2015-03-20,12.184941291809082,12.242074198680983,12.165897274412345,12.167017762106768,2705600,12.115262460708617,11.839614562988281,1,0,1,0.005732916058131643
2015-03-23,12.188300132751465,12.244312539878663,12.188300132751465,12.19390086065528,2020800,12.111845684051513,11.849629554748535,1,0,1,0.0002756550780134148
2015-03-24,12.154692649841309,12.230869559622043,12.147971434316442,12.20510347564085,2642400,12.105236148834228,11.859577293395995,1,0,1,-0.0027573560335825142
2015-03-25,11.820860862731934,12.15805587392268,11.818620741968765,12.153574777714631,2816000,12.085071849822999,11.865805797576904,1,0,1,-0.027465259445596413
2015-03-26,11.828706741333008,11.876877474215048,11.688675640476152,11.750289666725973,3288000,12.061546850204468,11.87223611831665,1,0,1,0.0006637315752366924
2015-03-27,11.857828140258787,11.885834347890333,11.772689029748044,11.825340836844404,2111200,12.042726516723633,11.880637950897217,1,0,1,0.0024619258523013166
2015-03-30,11.99226188659668,12.002343713986232,11.92952738233925,11.939610064410678,3564800,12.024858903884887,11.895223598480225,1,0,1,0.011337130606698054
2015-03-31,11.932887077331545,12.30705053429263,11.875755017137015,11.955292560950602,8274400,12.008783388137818,11.906403713226318,1,0,1,-0.0049510934489761516
2015-04-01,11.83766269683838,11.893675107654891,11.767087366894934,11.885833404327842,3760000,11.990019035339355,11.913976516723633,1,0,1,-0.007979995107307958
2015-04-02,11.836545944213867,11.892558368660048,11.815260949426154,11.846627770366933,4303200,11.971422910690308,11.921101284027099,1,0,1,-9.433894621879713e-05
2015-04-06,11.947449684143066,11.96873382314242,11.731241702834476,11.771570714713508,2370400,11.965261507034302,11.926097564697265,1,0,1,0.009369603299129059
2015-04-07,11.934004783630373,12.02698559594362,11.934004783630373,11.93624575881086,3284800,11.955907440185547,11.93017526626587,1,0,1,-0.0011253364415116929
2015-04-08,11.976574897766112,12.011302321313462,11.885834204947685,11.885834204947685,1878400,11.960668420791626,11.935798892974853,1,0,1,0.003567127289418437
2015-04-09,12.02586841583252,12.03259048854115,11.921685263008124,11.97545757126794,1864800,11.971142673492432,11.94917465209961,1,0,1,0.0041158276458157506
2015-04-10,12.07851505279541,12.07851505279541,11.994496444789132,12.011300337326682,1397600,11.980720520019531,11.963916988372803,1,0,1,0.004377782555277099
2015-04-13,12.028108596801758,12.134531863708592,12.022507012361697,12.078519438035146,2140800,11.990802812576295,11.975433158874512,1,0,1,-0.004173232866236054
2015-04-14,11.984417915344238,12.067316058713022,11.919443302174406,12.067316058713022,2583200,11.991586923599243,11.989257011413574,1,0,1,-0.0036323816920922347
2015-04-15,12.09307861328125,12.126686400142708,12.011300975763373,12.020263166217298,2560000,11.997187948226928,12.003282470703125,0,-1,0,0.009066831506091555
2015-04-16,12.068437576293944,12.096443789048596,12.03931087571821,12.061715504049214,2086400,11.994331359863281,12.013992099761962,0,0,0,-0.0020376148849511333
2015-04-17,11.883597373962402,11.986660040212548,11.844388843832656,11.986660040212548,2243200,11.982737016677856,12.020646419525146,0,0,0,-0.015316001028552573
2015-04-20,12.077400207519531,12.095324595848298,11.941850225840271,11.941850225840271,2413600,11.977359962463378,12.028824195861816,0,0,0,0.01630843148403538
2015-04-21,12.08747673034668,12.162533145193525,12.078514540749058,12.137887551140782,1724000,11.97231879234314,12.038144550323487,0,0,0,0.0008343288004049043
2015-04-22,12.203989028930664,12.219672441607706,12.062837460155398,12.119970380439987,2055200,11.974783611297607,12.050332889556884,0,0,0,0.009639091862031934
2015-04-23,12.233111381530762,12.27904197315703,12.146852636464123,12.159175436428164,1908000,11.995396137237549,12.059608516693116,0,0,0,0.002386297835163642
2015-04-24,12.302569389343262,12.345138526029888,12.254398668103374,12.341777917170656,2027200,12.019089269638062,12.069287452697754,0,0,0,0.005677869320912521
2015-04-27,12.33057689666748,12.401152254162689,12.301450192361346,12.335057993843956,4808000,12.042726707458495,12.075784931182861,0,0,0,0.0022765575578447272
2015-04-28,12.344017028808594,12.40226956782953,12.231992192114609,12.356339829219468,1901600,12.060314464569093,12.080601978302003,0,0,0,0.001089984049711834
2015-04-29,12.286883354187012,12.348497352387158,12.201744244314526,12.277921162688514,1815200,12.078014278411866,12.08416440963745,0,0,0,-0.004628450729470268
2015-04-30,12.086359977722168,12.247676021601064,12.043790846001553,12.22190993221641,1813600,12.090449142456055,12.08326820373535,1,1,1,-0.016320117208283857
2015-05-01,12.240955352783203,12.240955352783203,12.116608551838556,12.126690378395498,2328800,12.110669612884521,12.084500465393067,1,0,1,0.012790896129685647
2015-05-04,12.249916076660156,12.31377020123951,12.244315347472105,12.265599485877422,1974400,12.125792932510375,12.084366073608399,1,0,1,0.0007320281480249768
2015-05-05,12.058353424072266,12.217428487986886,12.044910135904756,12.211827758928353,1913600,12.132010364532471,12.080400428771974,1,0,1,-0.015637874691474485
2015-05-06,11.990017890930176,12.130048933951748,11.904878777462194,12.082998708620098,2106400,12.132682514190673,12.074463119506836,1,0,1,-0.005667070016845854
2015-05-07,12.07628059387207,12.113248149166902,11.97769816726751,11.97769816726751,1782400,12.135203123092651,12.071505794525146,1,0,1,0.007194543304822609
2015-05-08,12.24655532836914,12.256638008283222,12.191663396735514,12.196144492843809,1459200,12.143605136871338,12.070452766418457,1,0,1,0.01409993194290915
2015-05-11,12.198384284973145,12.259998286450378,12.197263797305832,12.239833781847071,3669600,12.152118921279907,12.06973575592041,1,0,1,-0.0039334361462776135
2015-05-12,12.134529113769531,12.184939943578769,12.031466479010172,12.137889721799269,1985600,12.159624481201172,12.06543405532837,1,0,1,-0.005234723690601739
2015-05-13,12.192784309387209,12.255518806805616,12.16701907241257,12.16701907241257,1553600,12.16460976600647,12.064201793670655,1,0,1,0.004800779253277598
2015-05-14,12.386587142944336,12.39330836018171,12.27008120096662,12.277922905970804,1894400,12.18051724433899,12.067674541473389,1,0,1,0.0158948791875142
2015-05-15,12.351859092712402,12.425795042647998,12.322732395013311,12.422434434198433,1465600,12.203930330276489,12.07054235458374,1,0,1,-0.0028036819045603734
2015-05-18,12.4157133102417,12.438117936527672,12.31040968639788,12.328334071172025,2245600,12.220845985412598,12.07744306564331,1,0,1,0.005169603785957211
2015-05-19,12.400029182434082,12.450440015997511,12.385465406978504,12.425794415701912,1998400,12.236473608016968,12.083021926879884,1,0,1,-0.0012632482255110489
2015-05-20,12.396666526794434,12.460520637613786,12.351856429537698,12.411229445163228,1648000,12.246107482910157,12.093328151702881,1,0,1,-0.00027118126821923383
2015-05-21,12.43924045562744,12.456044355426922,12.36194302935894,12.37874692915842,1892800,12.25641393661499,12.105785293579101,1,0,1,0.0034343045963998176
2015-05-22,12.443719863891602,12.473966195680644,12.42579547862274,12.42579547862274,1516800,12.263471460342407,12.116920528411866,1,0,1,0.0003601030368487468
2015-05-26,12.271202087402344,12.422435462928783,12.221910880242229,12.401150468076596,2333600,12.26050271987915,12.125815315246582,1,0,1,-0.013863842836084661
2015-05-27,12.480687141418455,12.4963705497728,12.292485386484689,12.304807331893112,2331200,12.267336225509643,12.136054344177246,1,0,1,0.017071274071117193
2015-05-28,12.47396469116211,12.48516700326314,12.43475617146768,12.466122987223224,1590400,12.2766902923584,12.145912475585938,1,0,1,-0.0005386282165535938
2015-05-29,12.387706756591797,12.473965505551122,12.351858842719109,12.462763192718723,1908000,12.29175763130188,12.151155223846436,1,0,1,-0.006915037576739835
2015-06-01,12.424675941467283,12.46388446619343,12.337295844629644,12.432517646412515,6289600,12.300943660736085,12.157339057922364,1,0,1,0.002984344528160099
2015-06-02,12.395547866821287,12.45492089120028,12.31264973021751,12.4078706667507,1840800,12.30822525024414,12.161551189422607,1,0,1,-0.002344372986725629
2015-06-03,12.441481590270996,12.495253903073424,12.411235251913448,12.459405979432445,1481600,12.327381658554078,12.166614818572999,1,0,1,0.0037056630286311787
2015-06-04,12.324973106384276,12.43251771001436,12.29248665336052,12.40451149868359,1685600,12.344129419326782,12.170020427703857,1,0,1,-0.009364518449139325
2015-06-05,12.320489883422852,12.341774017700391,12.240951510369952,12.308167085044602,1622400,12.35633988380432,12.180013008117676,1,0,1,-0.00036375113541642357
2015-06-08,12.16589641571045,12.333933661382366,12.140131183329132,12.333933661382366,1660000,12.352306938171386,12.186756801605224,1,0,1,-0.012547672144141542
2015-06-09,12.144611358642578,12.180459267481664,12.042668360414249,12.156933302750849,2004000,12.349618291854858,12.1924924659729,1,0,1,-0.00174956750744526
2015-06-10,12.328336715698242,12.358583053140553,12.183824537514107,12.191666243864477,2019200,12.359308671951293,12.199213962554932,1,0,1,0.015128138038350558
2015-06-11,12.33057689666748,12.3989121329154,12.317133605138055,12.355222503797142,1453600,12.366198301315308,12.207167758941651,1,0,1,0.00018170991115007418
2015-06-12,12.242074012756348,12.289124239027256,12.224150483326245,12.258877909190725,1480800,12.358972644805908,12.21525598526001,1,0,1,-0.007177513643749522
2015-06-15,12.174860954284668,12.186063268552669,12.063956590072417,12.152456325748666,2032800,12.350122737884522,12.222022285461426,1,0,1,-0.005490332634947581
2015-06-16,12.251038551330566,12.273443181079916,12.160298689759312,12.192785146491316,2648800,12.341888999938964,12.228094062805177,1,0,1,0.006256958279190039
2015-06-17,12.268960952758787,12.309289966333976,12.206227311500392,12.265600344074484,3784800,12.3353355884552,12.234793186187744,1,0,1,0.0014629291511187859
2015-06-18,12.372023582458496,12.392188087812125,12.265599471827018,12.265599471827018,2449600,12.334103441238403,12.242702159881592,1,0,1,0.008400273674074699
2015-06-19,12.282402992248535,12.385465636593862,12.280162871580886,12.37538381156693,1612800,12.326261568069459,12.247832851409912,1,0,1,-0.007243810166756237
2015-06-22,12.364181518554688,12.401149065060643,12.338415430086489,12.373142855921229,1528000,12.322284650802612,12.253546180725097,1,0,1,0.00665818621630998
2015-06-23,12.370901107788086,12.400027800772166,12.329451616029262,12.400027800772166,1610400,12.3272696018219,12.260402030944825,1,0,1,0.000543472224450392
2015-06-24,12.302569389343262,12.400031319670047,12.299208780484028,12.342898405017667,1746400,12.31836371421814,12.266765060424804,1,0,1,-0.005523584567482032
2015-06-25,12.272319793701172,12.36081865241611,12.253274924090128,12.349616340968284,2116800,12.308281469345093,12.270349884033203,1,0,1,-0.002458803091026862
2015-06-26,12.153575897216797,12.261119652071024,12.109886273516071,12.233113439202263,1914400,12.296574926376342,12.272052650451661,1,0,1,-0.009675749856626226
2015-06-29,11.876873970031738,12.07851903764454,11.866792143991978,12.03819002412198,2638400,12.269184827804565,12.271918182373048,0,-1,0,-0.02276712051869645
2015-06-30,11.900399208068848,11.970974550050812,11.857829221590643,11.970974550050812,2086400,12.244427394866943,12.268378162384034,0,0,0,0.0019807600970145334
2015-07-01,11.964255332946776,12.072918728697,11.914964121283113,12.019147274774683,2590400,12.220566082000733,12.265913734436035,0,0,0,0.005365880905459974
2015-07-02,11.974335670471191,12.011304074620154,11.92280434408858,11.98889859270484,1870400,12.203034210205079,12.261320667266846,0,0,0,0.0008425378131688976
2015-07-06,11.925044059753418,11.978816359841373,11.846627012418605,11.885835536086011,4091200,12.183261919021607,12.255159320831298,0,0,0,-0.00411643802831807
2015-07-07,11.927284240722656,11.939607040866113,11.698753476264493,11.929524361347983,2589600,12.171331310272217,12.247653617858887,0,0,0,0.00018785515240149486
2015-07-08,11.72563934326172,11.851107466884748,11.716677151285433,11.823101257970098,2355200,12.150382709503173,12.235554866790771,0,0,0,-0.016906186973600468
2015-07-09,11.699874877929688,11.899278961746374,11.693152806165246,11.842146052498109,2257600,12.118959617614745,12.222672023773193,0,0,0,-0.002197275950401756
2015-07-10,11.873512268066406,11.911601157189136,11.808538511979812,11.816380216404832,2271200,12.096106386184692,12.21440460205078,0,0,0,0.014840961287907684
2015-07-13,12.048274040222168,12.063957452254582,11.96761600423726,11.96873563746682,2215200,12.086416387557984,12.213642883300782,0,0,0,0.014718624802012581
2015-07-14,12.106524467468262,12.139011773745068,12.056113631162496,12.056113631162496,1871200,12.082999563217163,12.210954265594482,0,0,0,0.004834752849381507
2015-07-15,12.10988426208496,12.153573878528915,12.076277325033574,12.121086574435422,1643200,12.075941848754884,12.208153629302979,0,0,0,0.00027751933477904167
2015-07-16,12.248794555664062,12.249915043279833,12.174858611974296,12.182700315921418,1649600,12.074933528900146,12.211962451934815,0,0,0,0.011470819255805731
2015-07-17,12.417956352233888,12.423557937463968,12.324975507378776,12.347380993617188,1808800,12.077230167388915,12.220521221160888,0,0,0,0.01381048525233064
2015-07-20,12.47284698486328,12.5165374647586,12.422436141826724,12.468366742769124,3020000,12.086752367019653,12.228452548980712,0,0,0,0.004420262970204147
2015-07-21,12.41347312927246,12.486289451384708,12.40227081541252,12.462764335874308,2304000,12.089216947555542,12.23179090499878,0,0,0,-0.004760248856005012
2015-07-22,12.238713264465332,12.290244586174966,12.130049037404763,12.290244586174966,2449600,12.082607555389405,12.232597484588624,0,0,0,-0.014078240874830006
2015-07-23,12.217432022094728,12.335058477211332,12.187185683320646,12.272324823646173,1948800,12.078350687026978,12.234255542755127,0,0,0,-0.0017388463893824868
2015-07-24,12.133411407470703,12.28688576190093,12.117727996615852,12.28688576190093,1952800,12.071405267715454,12.233068084716797,0,0,0,-0.006877109238019652
2015-07-27,12.010181427001951,12.09307955847627,11.991137411810024,12.071795422836534,2407200,12.064235544204712,12.22553997039795,0,0,0,-0.01015625171935386
2015-07-28,12.131170272827148,12.154695387143684,11.978816418954771,12.076278339421895,1585600,12.076950359344483,12.221126194000243,0,0,0,0.01007385663243876
2015-07-29,12.195026397705078,12.210709809820209,12.067318124949397,12.13005177340991,1739200,12.091681718826294,12.216712455749512,0,0,0,0.005263805835860946
2015-07-30,12.224146842956545,12.243190854392717,12.08859693353446,12.164772979279157,1436000,12.104676294326783,12.213194808959962,0,0,0,0.002387895220706149
2015-07-31,12.170380592346191,12.253278748551963,12.151336571472756,12.253278748551963,3980000,12.114478540420532,12.208669090270996,0,0,0,-0.00439836426223339
2015-08-03,12.097562789916992,12.17934130294646,12.015785131569269,12.161416917473032,2959200,12.123104476928711,12.201835536956787,0,0,0,-0.005983198460941641
2015-08-04,12.022507667541504,12.088602777872628,11.979938529395277,12.08076021735644,2422400,12.127865648269653,12.193411293029785,0,0,0,-0.006204152330421819
2015-08-05,12.140130996704102,12.235351930184738,12.068435174694097,12.091960286164728,2360800,12.148590230941773,12.19078987121582,0,0,0,0.009783593607526564
2015-08-06,12.013543128967283,12.198384278621068,11.977695215766929,12.159175757102185,2198400,12.164273643493653,12.181446990966798,0,0,0,-0.010427224201385088
2015-08-07,12.023627281188965,12.037069716109407,11.940728277331289,12.007943870660595,1399200,12.17177939414978,12.172440242767333,0,0,0,0.0008393986780941276
2015-08-10,12.207345962524414,12.230871074456632,12.1244478269516,12.1244478269516,2100800,12.179732990264892,12.168833026885986,1,1,1,0.015279805090338883
2015-08-11,12.007941246032717,12.177098116141282,11.96873187360019,12.1714973877092,1635200,12.174803829193115,12.160498332977294,1,0,1,-0.016334813243095936
2015-08-12,12.06619644165039,12.088601924367936,11.807419312705608,11.939608669352914,2879200,12.172619438171386,12.153911304473876,1,0,1,0.0048513891285835165
2015-08-13,12.0359468460083,12.11660485256568,12.015782344368956,12.091959255597422,1441600,12.161977052688599,12.145800609588623,1,0,1,-0.002506970260957586
2015-08-14,12.099801063537598,12.113243494959212,11.99561794661234,11.99561794661234,1348000,12.146069288253784,12.14129716873169,1,0,1,0.005305292416647234
2015-08-17,12.178218841552734,12.178218841552734,12.009061113458769,12.062833406482842,1436800,12.131337881088257,12.138451747894287,0,-1,0,0.006480914653336445
2015-08-18,12.102045059204102,12.152456757222666,12.083001038804165,12.135652857883144,1953600,12.115766477584838,12.13717472076416,0,0,0,-0.006254919815426807
2015-08-19,12.00234031677246,12.108763564277162,11.945207413690603,12.050511028256844,2479200,12.103947830200195,12.134329299926758,0,0,0,-0.00823866891454128
2015-08-20,11.693154335021973,11.927286731969064,11.693154335021973,11.892559299592186,3376800,12.077733945846557,12.121625652313233,0,0,0,-0.02576047450666097
2015-08-21,11.25401782989502,11.655067051524702,11.25289734193463,11.494871460464903,5968000,12.033764266967774,12.100094470977783,0,0,0,-0.03755500804532297
2015-08-24,10.844002723693848,11.260734328699115,8.638233783893483,11.141988295123546,10098400,11.975455331802369,12.072133045196534,0,0,0,-0.03643277560055158
2015-08-25,10.727498054504396,11.336912553883256,10.72637756688368,10.964990149197895,16720800,11.90527172088623,12.043185787200928,0,0,0,-0.010743696046377038
2015-08-26,11.262979507446287,11.285384137534724,10.833924089266077,10.833924089266077,5229600,11.85866937637329,12.023424606323243,0,0,0,0.04991671405776166
2015-08-27,11.534080505371094,11.534080505371094,11.283145036040136,11.377245516533522,4766400,11.824166059494019,12.008726997375488,0,0,0,0.02407009599418819
2015-08-28,11.558722496032717,11.573285416880363,11.467982653286471,11.485906182431142,2215200,11.793583154678345,11.992460975646972,0,0,0,0.0021364503785237243
2015-08-31,11.46462631225586,11.592335467369804,11.433259481227958,11.515038023278164,2461600,11.761936330795288,11.97610544204712,0,0,0,-0.00814070792071997
2015-09-01,11.099421501159668,11.350356906813673,11.035567375690691,11.350356906813673,4325600,11.715782022476196,11.95081024169922,0,0,0,-0.03185492497961162
2015-09-02,11.35932159423828,11.35932159423828,11.143113568463503,11.210328317191632,3312000,11.676741552352905,11.930578651428222,0,0,0,0.02341564315324507
2015-09-03,11.370524406433104,11.509435007161343,11.333555993879658,11.40525184294468,2159200,11.644590616226196,11.911937751770019,0,0,0,0.0009862219413268036
2015-09-04,11.205845832824709,11.283143254368529,11.15319401552279,11.258497650126625,2839200,11.603701543807983,11.890608272552491,0,0,0,-0.014482935678430509
2015-09-08,11.518396377563477,11.530719180865985,11.390688102139196,11.445580045689171,2206400,11.569254064559937,11.877904682159423,0,0,0,0.02789174056127286
2015-09-09,11.379486083984377,11.652826175614427,11.352599500795662,11.604655449087025,2152800,11.53783130645752,11.867956924438477,0,0,0,-0.012059863979822838
2015-09-10,11.491509437561035,11.56656588271751,11.346997276997229,11.366041296571536,2319200,11.509096956253051,11.85977912902832,0,0,0,0.00984432449320538
2015-09-11,11.547520637512209,11.547520637512209,11.40860922144133,11.42877372669796,1701600,11.484675645828247,11.851444435119628,0,0,0,0.004874137749745655
2015-09-14,11.51391315460205,11.604653003364987,11.485906944027642,11.594571177805426,2047200,11.45538125038147,11.842235984802246,0,0,0,-0.0029103635286854557
2015-09-15,11.66066551208496,11.695393794641603,11.522875433645831,11.553121765233389,3069600,11.429503583908081,11.836948413848877,0,0,0,0.012745654367234183
2015-09-16,11.724517822265623,11.73908074087076,11.640499209051274,11.670745533748567,1882400,11.410627222061157,11.832893085479736,0,0,0,0.005475871862929971
2015-09-17,11.66066551208496,11.841025577913191,11.642741981617228,11.704355987216337,2686400,11.393543481826782,11.8315936088562,0,0,0,-0.005446049991020052
2015-09-18,11.515034675598145,11.633780745590762,11.488148950345094,11.527357477731169,1728000,11.384637498855591,11.827896804809571,0,0,0,-0.012489067312314583
2015-09-21,11.610257148742676,11.670750679490952,11.520636913260365,11.577769834747386,1271200,11.402449464797973,11.822631702423095,0,0,0,0.008269403942509967
2015-09-22,11.42877197265625,11.471341952043275,11.348114818690355,11.438854651077964,2234400,11.431687927246093,11.810241661071778,0,0,0,-0.015631451893042714
2015-09-23,11.445175170898438,11.4881593092332,11.382960491585228,11.458749518116049,1669600,11.467571783065797,11.797014675140382,0,0,0,0.0014352546609059935
2015-09-24,11.43386459350586,11.46327438705915,11.240434660455811,11.33092772702713,2728000,11.476116037368774,11.7834942817688,0,0,0,-0.0009882397799675369
2015-09-25,11.40671730041504,11.562819305007435,11.347896843056548,11.53793342815855,2652800,11.469747877120971,11.766652736663819,0,0,0,-0.0023742884891463367
2015-09-28,11.137495040893556,11.377303290906648,11.12957688873818,11.345630682285153,2740800,11.448686504364014,11.741043510437011,0,0,0,-0.0236020804611059
2015-09-29,11.079812049865724,11.23478268195211,11.00063047902707,11.179355582365051,3439200,11.429445791244508,11.713182811737061,0,0,0,-0.0051791709730093505
2015-09-30,11.31169891357422,11.323010439884964,11.18048279192997,11.216681056946982,3087200,11.440059661865234,11.691147327423096,0,0,0,0.02092877231715362
2015-10-01,11.317353248596191,11.347894450918163,11.160120728574713,11.347894450918163,2484000,11.43796124458313,11.672720127105713,0,0,0,0.0004998661178283736
2015-10-02,11.489295959472656,11.491557920199998,11.145420106952187,11.179355558963085,3675200,11.443899822235107,11.658157405853272,0,0,0,0.015192837680293447
2015-10-05,11.71778678894043,11.751722225959492,11.550374152615216,11.550374152615216,3116000,11.469496870040894,11.649844913482665,0,0,0,0.019887278582930712
2015-10-06,11.744935989379885,11.764165668445315,11.677065975433967,11.700820437164335,1928800,11.480823850631714,11.644540004730224,0,0,0,0.002316922207961536
2015-10-07,11.808279991149902,11.842215426096432,11.65557225991844,11.817329555537505,2663200,11.50226354598999,11.63808219909668,0,0,0,0.005393303277880346
2015-10-08,11.865970611572266,11.891987032011423,11.713262870994813,11.787919624226763,1941600,11.520986604690552,11.631501083374024,0,0,0,0.004885607426788674
2015-10-09,11.928186416625977,11.933842611410508,11.85918498272266,11.882940310406362,1888800,11.54001989364624,11.625581874847413,0,0,0,0.005243212467847869
2015-10-12,11.938364028930664,11.95759370495412,11.880674137846384,11.95759370495412,1952000,11.56124243736267,11.620941543579102,0,0,0,0.0008532405471548543
2015-10-13,11.882941246032717,11.979090523841132,11.867104935006116,11.876153639154012,2026400,11.572356224060059,11.616649112701417,0,0,0,-0.004642410196542768
2015-10-14,11.875020027160645,11.93949666628304,11.817330130151973,11.860314268562236,1707200,11.57988133430481,11.613699359893799,0,0,0,-0.0006666042276962658
2015-10-15,12.015283584594728,12.02433314848441,11.904428584480897,11.905559995720584,5068000,11.597612237930297,11.611202411651611,0,0,0,0.011811648074131487
2015-10-16,12.048089981079102,12.048089981079102,11.97456377025797,12.032253672657822,1980800,11.624265003204346,11.611893348693847,1,1,1,0.0027303888629341966
2015-10-19,12.087681770324709,12.089943730426532,11.990401088677324,12.023205119745782,1884000,11.648136234283447,11.613174438476562,1,0,1,0.0032861465433760007
2015-10-20,12.044696807861328,12.07863138517346,12.001711801712892,12.046958767809832,1800800,11.678932476043702,11.6099214553833,1,0,1,-0.0035560964691268016
2015-10-21,11.93044662475586,12.08315435731102,11.923659882913308,12.063924680081149,1155200,11.703196048736572,11.608371562957764,1,0,1,-0.009485517562459522
2015-10-22,12.203062057495115,12.2279479364098,12.026599807757185,12.026599807757185,2230400,11.741655921936035,11.611108875274658,1,0,1,0.022850396243638826
2015-10-23,12.534491539001465,12.57973850093796,12.440605107024709,12.51639327203528,2675200,11.798044633865356,11.621079769134521,1,0,1,0.027159534217297887
2015-10-26,12.477934837341309,12.520919845686423,12.431557320407116,12.520919845686423,2831200,11.865066623687744,11.628642444610596,1,0,1,-0.004512085830061685
2015-10-27,12.39988613128662,12.480199099542348,12.382918408299808,12.44852647690789,2236000,11.931070327758789,11.633075790405274,1,0,1,-0.0062549377819414165
2015-10-28,12.617069244384766,12.617069244384766,12.433819408792614,12.447393758359713,2062400,11.996338844299316,11.643376274108887,1,0,1,0.017514928024231047
2015-10-29,12.55824851989746,12.574085693315189,12.497166101491937,12.528838722299003,1963200,12.05838360786438,11.654494438171387,1,0,1,-0.004661995852442868
2015-10-30,12.494901657104492,12.59670711292838,12.494901657104492,12.58087080457956,2960800,12.108663892745971,11.670529384613037,1,0,1,-0.005044243446257646
2015-11-02,12.61480712890625,12.628381479234797,12.486985232949012,12.552593298349024,3410400,12.153514909744263,11.697745170593262,1,0,1,0.009596351783495605
2015-11-03,12.697382926940918,12.74941664205532,12.558248640754648,12.583134518203757,2744800,12.201137256622314,11.734812774658202,1,0,1,0.006545942176590991
2015-11-04,12.72113800048828,12.750548662788972,12.690596789532584,12.735842900131509,2237600,12.246780157089233,11.77468557357788,1,0,1,0.001870863758622221
2015-11-05,12.6826753616333,12.79239810084191,12.656658078038795,12.782217987487984,2259200,12.287615394592285,11.803079490661622,1,0,1,-0.0030235218620773274
2015-11-06,12.757332801818848,12.758464213257067,12.646478645267186,12.66344550177015,2009600,12.329072713851929,11.827544536590576,1,0,1,0.005886568729133845
2015-11-09,12.636300086975098,12.759598066918624,12.56729864727576,12.759598066918624,2307200,12.36396951675415,11.849096088409423,1,0,1,-0.009487305593101292
2015-11-10,12.543543815612791,12.58992219895248,12.484723356489551,12.58992219895248,2147200,12.396999645233155,11.870674438476563,1,0,1,-0.007340461268240617
2015-11-11,12.536755561828612,12.629511454321117,12.515263058673268,12.572952962239976,1604000,12.430086421966553,11.899421119689942,1,0,1,-0.0005411751163758582
2015-11-12,12.411197662353516,12.529969997265392,12.405541467018276,12.48359247497054,1709600,12.449882125854492,11.920458641052246,1,0,1,-0.010015182864168581
2015-11-13,12.167991638183594,12.374995886963983,12.163466856115756,12.353503387895245,2661600,12.455877208709717,11.936407985687255,1,0,1,-0.01959569340416123
2015-11-16,12.33087921142578,12.336534541232265,12.1295311744212,12.152154219674848,1980800,12.46803708076477,11.958908653259277,1,0,1,0.013386561898270699
2015-11-17,12.338800430297852,12.436081102491984,12.312783145077251,12.34332521307596,2424000,12.482742261886596,11.975316734313965,1,0,1,0.0006423888139892586
2015-11-18,12.535624504089355,12.543542658683595,12.3806539207288,12.411195990602389,1697600,12.51300115585327,11.998439502716064,1,0,1,0.01595163767364327
2015-11-19,12.586523056030272,12.650999685106203,12.536752183261362,12.536752183261362,1988800,12.532174205780029,12.02033977508545,1,0,1,0.004060312425943513
2015-11-20,12.6826753616333,12.6962488461052,12.63177220582162,12.635165576939594,10272000,12.53958339691162,12.043042869567872,1,0,1,0.007639306357680953
2015-11-23,12.615937232971191,12.732447589752962,12.575215049220306,12.732447589752962,3280800,12.546483516693115,12.065083351135254,1,0,1,-0.005262149093873458
2015-11-24,12.6317720413208,12.660051284287675,12.49037582648642,12.534491376473628,2014400,12.558077812194824,12.08450548171997,1,0,1,0.0012551432412191144
2015-11-25,12.603492736816406,12.645346326888072,12.595574583344902,12.636296762059494,1795200,12.557398986816406,12.102084980010986,1,0,1,-0.002238744050469532
2015-11-27,12.624985694885254,12.654396350136562,12.594443628235886,12.611411347150645,1084000,12.560735845565796,12.121371383666991,1,0,1,0.00170531760660797
2015-11-30,12.643085479736328,12.679282881692709,12.60688807777995,12.672496138517804,1780000,12.568145036697388,12.143932399749756,1,0,1,0.0014336479492731424
2015-12-01,12.756202697753906,12.759596932416436,12.669102994393675,12.680414520892985,5337600,12.57521481513977,12.16685131072998,1,0,1,0.008946963001940977
2015-12-02,12.688334465026855,12.818419195648548,12.673629564805518,12.762992103875822,2954400,12.574762392044068,12.192042560577393,1,0,1,-0.005320410339591186
2015-12-03,12.511868476867676,12.757332101630974,12.448523248029153,12.755070141892748,2461600,12.564298915863038,12.213376426696778,1,0,1,-0.013907734592398802
2015-12-04,12.784482955932615,12.81050024565004,12.5220515505423,12.54806884025972,2862400,12.569389295578002,12.240388793945312,1,0,1,0.021788470648405278
2015-12-07,12.70190715789795,12.78108870723352,12.649873445046836,12.78108870723352,2180800,12.566618013381959,12.26629259109497,1,0,1,-0.006459064345370913
2015-12-08,12.680413246154783,12.709823902507706,12.54806658708774,12.584263986055154,3384000,12.568823671340942,12.297150955200195,1,0,1,-0.0016921798810189959
2015-12-09,12.490375518798828,12.699641738995853,12.430423663268146,12.631771730150058,3429600,12.566165256500245,12.325362224578857,1,0,1,-0.014986714050000072
2015-12-10,12.519789695739746,12.608020818370797,12.477936094716252,12.541282202078058,2669600,12.565316963195801,12.349524040222168,1,0,1,0.002354947367006588
2015-12-11,12.258488655090332,12.411196420707922,12.24491430545231,12.40554022593854,2622400,12.557681512832641,12.368346748352051,1,0,1,-0.02087104072829038
2015-12-14,12.320700645446776,12.320700645446776,12.103516261705888,12.258486827330536,2764000,12.565316963195801,12.384974842071534,1,0,1,0.005075013087409541
2015-12-15,12.379524230957031,12.466623937535523,12.367081292443793,12.413458811708807,2649600,12.567749214172363,12.398209590911865,1,0,1,0.004774370159865482
2015-12-16,12.544675827026367,12.568430294135794,12.35803259915031,12.470018190670244,2467200,12.578042984008789,12.414204387664794,1,0,1,0.013340706232986443
2015-12-17,12.353507995605469,12.598971688996585,12.347852663171752,12.59670972862595,4037600,12.568937158584594,12.425108947753905,1,0,1,-0.015238961457182065
2015-12-18,12.109174728393556,12.33540871967217,12.106911905192822,12.32975252468453,2428800,12.54506974220276,12.429973030090332,1,0,1,-0.019778452185308715
2015-12-21,12.227947235107422,12.243783545687744,12.129535999788889,12.226815823490483,2839200,12.522333335876464,12.43596824645996,1,0,1,0.009808472449849726
2015-12-22,12.308258056640623,12.32522577588364,12.209846838456423,12.273192069748696,2940000,12.506949377059936,12.44336612701416,1,0,1,0.006567808969818234
2015-12-23,12.416459083557127,12.421000686777484,12.348336767696278,12.385803478375289,3539200,12.49618372917175,12.454036483764648,1,0,1,0.008790929343419629
2015-12-24,12.41078281402588,12.450521628693654,12.402835224336789,12.423272007283355,1131200,12.486548233032227,12.464751739501953,1,0,1,-0.00045715686678848844
2015-12-28,12.408514022827148,12.408514022827148,12.29043491370491,12.380129646583027,1842400,12.47572464942932,12.472616348266602,1,0,1,-0.00018280806559345386
2015-12-29,12.562925338745115,12.598121688768623,12.466418630917074,12.48231381261946,1975200,12.471716642379759,12.482913055419921,0,-1,0,0.012443981256249348
2015-12-30,12.466416358947754,12.565193417778968,12.46187475554299,12.565193417778968,1965600,12.457227325439451,12.490487747192383,0,0,0,-0.0076820467522575875
2015-12-31,12.294978141784668,12.47436763123486,12.291572154781097,12.47436763123486,2280000,12.437559509277342,12.49549337387085,0,0,0,-0.013752004764387316
2016-01-04,12.104229927062988,12.104229927062988,11.914622557219998,12.070168339064605,4084800,12.417177581787108,12.498969039916993,0,0,0,-0.01551431914087098
2016-01-05,12.046326637268066,12.165541339563166,12.006588691910448,12.143968940845213,3218400,12.38026976585388,12.495834331512452,0,0,0,-0.00478372355315726
2016-01-06,11.882832527160645,11.963444030313882,11.804491392365415,11.871478086704034,5246400,12.339316034317015,12.482801151275634,0,0,0,-0.013572113311423495
2016-01-07,11.500213623046877,11.767026578145623,11.494536401486783,11.639864264712196,5977600,12.28030605316162,12.463246726989746,0,0,0,-0.032199301238927114
2016-01-08,11.40143585205078,11.637594066364034,11.383270301992596,11.603532468949128,3668800,12.225859069824217,12.44327772140503,0,0,0,-0.008589211838477717
2016-01-11,11.45706844329834,11.51043033555993,11.307198126081138,11.47069238761096,3653600,12.172723007202148,12.420077705383301,0,0,0,0.0048794372892562166
2016-01-12,11.587637901306152,11.629647091512334,11.435498054902194,11.579690310318222,3552800,12.139180469512938,12.400665493011475,0,0,0,0.01139641075324005
2016-01-13,11.262921333312988,11.677333443364722,11.234536954079616,11.646678694930584,4821600,12.08629150390625,12.376025886535645,0,0,0,-0.02802267129494629
2016-01-14,11.479776382446287,11.560387901309769,11.153923454458122,11.293574956802296,4549600,12.041304111480713,12.353325271606446,0,0,0,0.01925389006242062
2016-01-15,11.13802719116211,11.234533880912004,10.977939786512948,11.117590409055593,5220800,11.9709716796875,12.322138156890869,0,0,0,-0.029769673197358237
2016-01-19,11.10851001739502,11.273139933368434,11.002920960345769,11.25497351523792,5468000,11.908721780776977,12.289885597229004,0,0,0,-0.002650125849083196
2016-01-20,11.04946994781494,11.155059862074314,10.707721815350592,10.924578865606176,6693600,11.855736541748046,12.257221488952636,0,0,0,-0.005314850460379272
2016-01-21,11.07785415649414,11.247024793779715,10.95636906267606,11.099426559300944,4530400,11.798231887817382,12.223631916046143,0,0,0,0.0025688298907780016
2016-01-22,11.387807846069336,11.390078214183774,11.281082354026765,11.290165558928704,3721600,11.752209377288818,12.198662071228027,0,0,0,0.027979578463171118
2016-01-25,11.219775199890137,11.396893414561776,11.210691992414066,11.369644658355911,14952800,11.692375183105469,12.172186698913574,0,0,0,-0.014755486609057789
2016-01-26,11.335585594177246,11.369647196705817,11.192528942491338,11.2697344908299,2981600,11.638615322113036,12.148163299560547,0,0,0,0.010321988829887108
2016-01-27,11.063093185424805,11.292438531653907,11.024489988798742,11.250429348959546,3368800,11.57134428024292,12.121201210021972,0,0,0,-0.024038670652569816
2016-01-28,11.185714721679688,11.23453588395964,11.061959255797037,11.198203916650543,3105600,11.502483749389649,12.101555671691894,0,0,0,0.011083838326195528
2016-01-29,11.572876930236816,11.572876930236816,11.27427362944666,11.27427362944666,5857600,11.4578067779541,12.086395626068116,0,0,0,0.03461220120398267
2016-02-01,11.601263999938965,11.6512207866695,11.489996847554378,11.518381227974446,2975200,11.423121070861816,12.071644897460937,0,0,0,0.002452896533270854
2016-02-02,11.366238594055176,11.55811723611337,11.331042248105032,11.55811723611337,3023200,11.386221504211425,12.048257179260254,0,0,0,-0.020258603362963368
2016-02-03,11.340121269226074,11.47296075664824,11.156191137171213,11.435493186702962,3451200,11.350911235809326,12.02332914352417,0,0,0,-0.0022977983976828487
2016-02-04,11.3673734664917,11.445713743188772,11.24021116970152,11.311739474395964,3097600,11.325138282775878,11.997023105621338,0,0,0,0.002403166299427495
2016-02-05,10.941608428955078,11.310605278396023,10.908682452289057,11.2958448500361,3602400,11.297208023071288,11.963536529541015,0,0,0,-0.03745500566086568
2016-02-08,10.744053840637209,10.776979821200388,10.55331079662382,10.757678653146172,12212000,11.26433892250061,11.925782165527345,0,0,0,-0.018055351697203403
2016-02-09,10.694095611572266,10.882567379578925,10.600994911809938,10.62029607568478,5438400,11.226190280914306,11.887594223022461,0,0,0,-0.004649849098483316
2016-02-10,10.742916107177734,10.95863661490958,10.729291298450828,10.8133087867113,3738400,11.183954191207885,11.849952831268311,0,0,0,0.004565182263064793
2016-02-11,10.705451011657717,10.783792164088252,10.565799505093157,10.604402705646748,4978400,11.156080675125121,11.811200141906738,0,0,0,-0.003487423260709055
2016-02-12,10.862131118774414,10.87575592898592,10.73610443954038,10.814445582367556,15480000,11.125198411941529,11.773318710327148,0,0,0,0.014635544728202499
2016-02-16,11.088075637817385,11.103970822780113,10.95523606888226,10.990433292347689,3775200,11.122700834274292,11.741313533782959,0,0,0,0.02080112241072496
2016-02-17,11.36056137084961,11.373050564485638,11.15165279770574,11.170953963789662,3444000,11.135303401947022,11.718287391662598,0,0,0,0.0245746639843325
2016-02-18,11.28903102874756,11.410516090786649,11.275406220082754,11.402568502287725,3432800,11.147281455993653,11.688378353118896,0,0,0,-0.006296373899760899
2016-02-19,11.334449768066406,11.360562910136393,11.231130218755062,11.254972991775576,2452000,11.160111236572266,11.661029205322265,0,0,0,0.004023262864916166
2016-02-22,11.489992141723633,11.507022936245066,11.436630256015691,11.482044553109922,2424000,11.165220451354982,11.637220783233643,0,0,0,0.013722975251560188
2016-02-23,11.294711112976074,11.457069775957589,11.286763522461836,11.4366329908892,2686400,11.16896724700928,11.613307495117187,0,0,0,-0.0169957495478551
2016-02-24,11.403704643249512,11.421870189414609,11.10737175440362,11.17095246531479,2224800,11.172373199462893,11.590985794067382,0,0,0,0.009649961754950809
2016-02-25,11.537680625915527,11.5399509946919,11.33217716964878,11.434361089032476,1993600,11.196102571487428,11.576569633483887,0,0,0,0.011748461298962454
2016-02-26,11.526324272155762,11.630779409218189,11.502481505956723,11.602395039997116,2134400,11.213133049011232,11.560682106018067,0,0,0,-0.0009842839412851356
2016-02-29,11.460476875305176,11.634189132143645,11.460476875305176,11.526327974722337,1915200,11.20751304626465,11.54230115890503,0,0,0,-0.005712783650348441
2016-03-01,11.807902336120604,11.807902336120604,11.542224949344718,11.555848897657809,2999200,11.21784496307373,11.527565689086915,0,0,0,0.03031509636078522
2016-03-02,11.838555335998535,11.839690953597604,11.746590233589822,11.792005409105858,3316800,11.241460800170898,11.517266635894776,0,0,0,0.0025959733579572486
2016-03-03,11.843093872070312,11.853312695369755,11.748858425098764,11.843093872070312,2165600,11.26660943031311,11.51194501876831,0,0,0,0.00038336908034519723
2016-03-04,11.879427909851074,11.953227455590042,11.80676398161582,11.870345568488432,2956000,11.29221215248108,11.504974632263183,0,0,0,0.003067951514464262
2016-03-07,11.81471347808838,11.870347483856667,11.71934238172416,11.831744278502702,2402400,11.335867404937746,11.495103740692139,0,0,0,-0.0054476050744016735
2016-03-08,11.69663143157959,11.80562818046176,11.681871870233303,11.738640613257555,2134400,11.383496284484865,11.480707187652587,0,0,0,-0.009994490914044252
2016-03-09,11.806766510009766,11.813579350268643,11.721613369665366,11.74091540647256,7812000,11.43912982940674,11.468626861572266,0,0,0,0.009415965534557591
2016-03-10,11.780649185180664,11.913487829088476,11.630779746002618,11.869208281119205,2203200,11.491016483306886,11.456069564819336,1,1,1,-0.0022120641419443032
2016-03-11,11.98615264892578,11.989558634991644,11.87829238113606,11.89759354632415,1869600,11.555051565170288,11.44453411102295,1,0,1,0.017444154436210946
2016-03-14,11.990694999694824,12.02134974242033,11.94187384185617,11.945279828134298,2032800,11.611479759216309,11.43501968383789,1,0,1,0.00037896653764479815
2016-03-15,12.016809463500977,12.02929865871262,11.928250345616556,11.961176326972485,2327200,11.657916450500489,11.429456310272217,1,0,1,0.002177894092612487
2016-03-16,12.150779724121094,12.175758106252024,11.986150738217644,12.003181532054384,2306400,11.697427368164062,11.43038730621338,1,0,1,0.011148571592736856
2016-03-17,12.217765808105469,12.248420540335278,12.123529510971302,12.123529510971302,2169600,11.743864107131959,11.433816089630128,1,0,1,0.005512904151442788
2016-03-18,12.258645057678224,12.283623448401242,12.197334698509664,12.279081844067742,2760000,11.790073871612549,11.441332340240479,1,0,1,0.003345885836642637
2016-03-21,12.292491912841797,12.305028363847756,12.227530698310924,12.23892723481634,5217600,11.830198860168457,11.457177906036376,1,0,1,0.0027610600522585127
2016-03-22,12.307307243347168,12.3494753845931,12.220692870869028,12.243485943731695,3734400,11.880828666687012,11.475295333862304,1,0,1,0.0012052341063486516
2016-03-23,12.211573600769045,12.297048916402751,12.188779661566796,12.297048916402751,4644000,11.921222114562989,11.490385437011719,1,0,1,-0.00777860182452772
2016-03-24,12.228671073913574,12.232089948044113,12.131798336214793,12.16029011330266,3494400,11.95577163696289,11.503206100463867,1,0,1,0.0014001040081723648
2016-03-28,12.200176239013672,12.263997525454531,12.180801174629998,12.25146107711796,2606400,11.989464235305785,11.52195119857788,1,0,1,-0.0023301661094383697
2016-03-29,12.407597541809082,12.421273036283996,12.168265954499256,12.179663359228222,2570400,12.036820268630981,11.540507621765137,1,0,1,0.017001500530141378
2016-03-30,12.491935729980469,12.56259565534847,12.45774524717335,12.482818151965224,2327200,12.071021938323975,11.567585792541504,1,0,1,0.006797302047168996
2016-03-31,12.482817649841309,12.5363823316511,12.46230353488224,12.48509747900346,1592800,12.103235054016114,11.59507194519043,1,0,1,-0.0007299173111559032
2016-04-01,12.577409744262695,12.579688703776696,12.38480505907953,12.411017875740557,2105600,12.139950847625732,11.625630741119386,1,0,1,0.007577783884601397
2016-04-04,12.511309623718262,12.583109461948975,12.491935423036988,12.57171205495992,3713600,12.171544933319092,11.654299850463866,1,0,1,-0.005255463715379549
2016-04-05,12.381385803222656,12.464582169667992,12.364290564144849,12.423553943681249,2935200,12.199878549575805,11.674171409606934,1,0,1,-0.010384510047557471
2016-04-06,12.517007827758787,12.51928678736562,12.343777334638276,12.397342015149224,1871200,12.240897369384765,11.700116062164307,1,0,1,0.010953703138854687
2016-04-07,12.336935997009276,12.446344285806752,12.292488906857171,12.440646453697385,1734400,12.26740584373474,11.720143070220947,1,0,1,-0.014386172256772856
2016-04-08,12.34035587310791,12.454322958555156,12.300467567101345,12.407596905661713,1710400,12.295391178131103,11.74568832397461,1,0,1,0.0002772062771068118
2016-04-11,12.315285682678224,12.482817474237152,12.30844793428808,12.391644307535048,2105600,12.311847829818726,11.76827974319458,1,0,1,-0.0020315613818170375
2016-04-12,12.372270584106444,12.385946951874852,12.22183401665453,12.328963390423368,1967200,12.330926609039306,11.784267616271972,1,0,1,0.004627168455245023
2016-04-13,12.566015243530272,12.578551696638332,12.441790627141362,12.460025784207684,2852800,12.35838689804077,11.803562641143799,1,0,1,0.015659587955723753
2016-04-14,12.547778129577637,12.581968608994746,12.5010520685076,12.558035621202777,1885600,12.3782368183136,11.827193431854248,1,0,1,-0.0014513044588279067
2016-04-15,12.48509693145752,12.559174855477558,12.473699525146722,12.54549935910464,2588000,12.391603374481202,11.850092945098877,1,0,1,-0.0049954021718287
2016-04-18,12.548916816711426,12.551195776016328,12.43494972246793,12.43494972246793,2108800,12.40611696243286,11.873723812103272,1,0,1,0.005111685203909477
2016-04-19,12.471418380737305,12.580826680053711,12.395060641032083,12.580826680053711,4379200,12.415063285827635,11.904320011138916,1,0,1,-0.006175707202944913
2016-04-20,12.502190589904783,12.56373292857806,12.440649120731484,12.47369881475049,3333600,12.424807453155516,11.939482746124268,1,0,1,0.0024674185588231534
2016-04-21,12.493074417114258,12.545499181300832,12.469141429300825,12.515867490412766,2495200,12.438882493972777,11.975462322235108,1,0,1,-0.0007291660389409094
2016-04-22,12.306170463562012,12.371131689628086,12.230951744169635,12.315287172685204,2008000,12.442757463455198,12.006727409362792,1,0,1,-0.014960605157062545
2016-04-25,12.282233238220217,12.308446052207657,12.229808479745246,12.262859041077276,1908000,12.446860313415526,12.038263053894044,1,0,1,-0.0019451400752713566
2016-04-26,12.260581016540527,12.335798851565324,12.212715042479294,12.299329413780578,2344000,12.439509487152097,12.066232051849365,1,0,1,-0.0017628896357635426
2016-04-27,12.171685218811035,12.186500627076022,12.044041768566997,12.081651115893347,2787200,12.423496961593626,12.087904243469238,1,0,1,-0.007250537116435529
2016-04-28,12.008716583251951,12.244628503291914,11.977944971790116,12.186505024586364,2390400,12.39979190826416,12.100867347717285,1,0,1,-0.013389159564135
2016-04-29,11.899306297302246,11.966546474417523,11.796735725050087,11.955149937389516,3236000,12.365886735916137,12.11307285308838,1,0,1,-0.009110905831710259
2016-05-02,11.968823432922363,11.988198499080651,11.858276085783352,11.909560928584956,2281600,12.338762426376341,12.125760326385498,1,0,1,0.005842116664891428
2016-05-03,11.86055850982666,11.916402156890854,11.820670190495091,11.894748994682374,2705600,12.312721061706542,12.133171653747558,1,0,1,-0.00904557776313264
2016-05-04,11.808131217956545,11.857137105393724,11.775080654847752,11.806991303504526,1857600,12.277277231216429,12.143440055847169,1,0,1,-0.004420305487863763
2016-05-05,11.809269905090332,11.877649983605355,11.789894839419512,11.83890072176359,2041600,12.250893926620483,12.151551361083984,1,0,1,9.643245935953004e-05
2016-05-06,11.884489059448242,11.886768888370252,11.757985508775752,11.785338238840051,1984800,12.2281005859375,12.15848752975464,1,0,1,0.006369500821171714
2016-05-09,11.895889282226562,11.952872849937076,11.886772572213063,11.91070556631145,2210400,12.207130765914915,12.165878829956055,1,0,1,0.0009592522422541272
2016-05-10,12.05202293395996,12.058860682916494,11.91640178298789,11.93007815040108,1912000,12.191118383407593,12.17770975112915,1,0,1,0.013125008818523076
2016-05-11,11.97452449798584,12.098749102983158,11.973384583398689,12.02694926549386,1935200,12.161543846130371,12.181042194366455,0,-1,0,-0.006430325962602179
2016-05-12,11.91298007965088,12.018969510809493,11.8366223361011,12.018969510809493,2038400,12.129803943634034,12.182530689239503,0,0,0,-0.00513961271241381
2016-05-13,11.884489059448242,11.99503728566654,11.86169598722796,11.912980834473576,2046400,12.09977355003357,12.18335859298706,0,0,0,-0.0023915947153563266
2016-05-16,12.038349151611328,12.08621601308616,11.898170050900177,11.898170050900177,3205600,12.074245166778564,12.186537017822266,0,0,0,0.012946294232208944
2016-05-17,11.914118766784668,12.06227545056763,11.882208123185254,12.03036480696822,1943200,12.046380186080933,12.188525123596191,0,0,0,-0.010319553226285305
2016-05-18,11.981359481811523,12.061136964002094,11.900442954796706,11.90158286912082,5429600,12.02033863067627,12.19421968460083,0,0,0,0.005643784181026845
2016-05-19,11.916399002075195,11.979081251215764,11.835482470139135,11.94033198733798,2304800,11.991504859924316,12.196412334442138,0,0,0,-0.005421795401009621
2016-05-20,12.067975997924805,12.105585349132609,11.96426639036688,11.96654534975828,2188800,11.979595136642455,12.202158870697021,0,0,0,0.012720033612772852
2016-05-23,12.065695762634276,12.136354799795251,12.063415933984002,12.071393595260236,1892800,11.96876826286316,12.203749732971191,0,0,0,-0.00018894927292867347
2016-05-24,12.322126388549805,12.3426405066964,12.139778285246654,12.139778285246654,2791200,11.971845531463623,12.21037836074829,0,0,0,0.021252866884780675
2016-05-25,12.407597541809082,12.445206021114997,12.3585916577742,12.40417779869045,2154400,11.983641147613525,12.218194122314452,0,0,0,0.006936396411150403
2016-05-26,12.441789627075195,12.462303742375816,12.379108236073352,12.417856637474484,2715200,12.005294799804688,12.224014320373534,0,0,0,0.0027557377768661073
2016-05-27,12.514727592468262,12.517007421501138,12.431532092268544,12.433811051801406,2178400,12.036065864562989,12.22995355606079,0,0,0,0.005862337137926055
2016-05-31,12.535243034362791,12.545500527097484,12.461164233945954,12.523846496490997,2568800,12.06438684463501,12.235485515594483,0,0,0,0.0016393039115669694
2016-06-01,12.528404235839844,12.553477138757112,12.472560596296857,12.493074710547344,2609600,12.097779130935669,12.240203762054444,0,0,0,-0.0005455656906052653
2016-06-02,12.528404235839844,12.528404235839844,12.418995916337243,12.5010523733392,2580800,12.133792781829834,12.244625701904297,0,0,0,0.0
2016-06-03,12.48509693145752,12.51928654188984,12.41557692656177,12.497633382799377,2052800,12.167584133148193,12.250096168518066,0,0,0,-0.003456729489812904
2016-06-06,12.531820297241213,12.568289728889972,12.495350865592448,12.50788731423732,1832800,12.199950695037842,12.256159152984619,0,0,0,0.003742331039975344
2016-06-07,12.556896209716797,12.602483227599151,12.55005846135946,12.558036124276368,1531200,12.233001041412354,12.263293552398682,0,0,0,0.002000979257666513
2016-06-08,12.597923278808594,12.61045972930935,12.543218688487114,12.57626925167093,1583200,12.260296058654784,12.267100067138673,0,0,0,0.003267293796698656
2016-06-09,12.587664604187012,12.596782179966658,12.532960888508905,12.539798635593698,1993600,12.290953063964844,12.269014644622803,1,1,1,-0.0008143147401793449
2016-06-10,12.4360933303833,12.493076894429135,12.400762929414755,12.47142286185166,1578400,12.317108726501464,12.268080158233643,1,0,1,-0.01204125455910976
2016-06-13,12.323260307312012,12.433808516363753,12.316422560607723,12.368847314173532,1771200,12.339047288894653,12.262997169494628,1,0,1,-0.009073028005959105
2016-06-14,12.335800170898438,12.371130567484164,12.253743709731696,12.293632895215584,2241600,12.353919839859008,12.259486980438233,1,0,1,0.0010175767835549632
2016-06-15,12.314144134521484,12.393920747857168,12.306166473187917,12.371127678189794,2036000,12.373921108245849,12.25814214706421,1,0,1,-0.0017555437083069947
2016-06-16,12.336935997009276,12.349472444949594,12.17168408434117,12.256019477258013,2222400,12.391699934005738,12.254540710449218,1,0,1,0.0018508685815927794
2016-06-17,12.224112510681152,12.336939706569908,12.188782115180596,12.336939706569908,1708000,12.407085609436034,12.252284240722656,1,0,1,-0.009145178864142123
2016-06-20,12.314144134521484,12.420133560524532,12.302746730187923,12.343774951189095,1579200,12.41939401626587,12.251760005950928,1,0,1,0.007365084685016177
2016-06-21,12.377029418945312,12.401040179651728,12.332437881586888,12.340441468489027,1912800,12.43496069908142,12.252994880676269,1,0,1,0.005106752344041121
2016-06-22,12.322150230407717,12.42391139340642,12.309573909744628,12.382749829502112,9171200,12.434961891174316,12.251992473602295,1,0,1,-0.0044339547624887565
2016-06-23,12.513093948364258,12.513093948364258,12.363311258082264,12.406760058277747,2180800,12.440236711502076,12.250934047698975,1,0,1,0.015495973867072577
2016-06-24,11.96999168395996,12.214673834121417,11.945980916588132,12.04088036696466,5963200,12.416646814346313,12.23937831878662,1,0,1,-0.04340271611844604
2016-06-27,11.655562400817873,11.87166015730181,11.600680029370436,11.87166015730181,5035200,12.373688554763794,12.222787628173828,1,0,1,-0.026268128787710676
2016-06-28,11.894527435302734,11.894527435302734,11.766470021046157,11.784763563514648,3574400,12.341652774810791,12.209699840545655,1,0,1,0.020502231146571903
2016-06-29,12.09233283996582,12.11748722661678,11.976851734125416,11.988285308332454,2067200,12.31984920501709,12.202118129730225,1,0,1,0.01662995068437967
2016-06-30,12.244400024414062,12.244400024414062,12.091188223560003,12.117486227160333,3306400,12.3056489944458,12.196962318420411,1,0,1,0.01257550436799515
2016-07-01,12.25240707397461,12.309575824699031,12.21696185534385,12.23068266955504,3220000,12.294014501571656,12.192148971557618,1,0,1,0.0006539356395234286
2016-07-05,12.152931213378906,12.196379143026888,12.096906090772816,12.184945569153816,2516000,12.27507004737854,12.189084186553956,1,0,1,-0.00811888308926667
2016-07-06,12.219244956970217,12.226104925590366,12.053455112603078,12.09919027216386,2083200,12.25818748474121,12.187824420928955,1,0,1,0.0054566048656892185
2016-07-07,12.258123397827148,12.30728855823159,12.212388222886242,12.235256246519649,2324800,12.241197490692139,12.187775268554688,1,0,1,0.0031817383965899726
2016-07-08,12.479934692382812,12.4833646768193,12.331295636413682,12.345016446485271,2088800,12.235810995101929,12.193940258026123,1,0,1,0.01809504500460335
2016-07-11,12.556541442871094,12.589699415229578,12.52109710484079,12.52109710484079,1963200,12.241833400726318,12.204896755218506,1,0,1,0.006138393539434128
2016-07-12,12.681171417236328,12.714328521644164,12.622859053165016,12.640009851106676,2288800,12.259728956222535,12.220534057617188,1,0,1,0.009925501773897505
2016-07-13,12.672021865844728,12.726903362320376,12.66744826241748,12.71089618648784,10911200,12.276540040969849,12.234598026275634,1,0,1,-0.0007215067985882895
2016-07-14,12.7634916305542,12.787502394892089,12.724617308957338,12.748628073295226,2484000,12.299007415771484,12.252656688690186,1,0,1,0.007218245492143005
2016-07-15,12.741769790649414,12.798938533970956,12.7143281657805,12.797794914853302,1996800,12.31924910545349,12.271329460144043,1,0,1,-0.0017018728521579485
2016-07-18,12.830949783325195,12.851530560829834,12.74748305446594,12.765777466614768,2357600,12.349590969085693,12.29176305770874,1,0,1,0.006999027147800652
2016-07-19,12.811514854431152,12.842385589898193,12.788646835265071,12.811514854431152,2008000,12.374459505081177,12.3103035736084,1,0,1,-0.0015146913690909924
2016-07-20,12.985308647155762,13.015036638675925,12.900699149180028,12.902985515146586,2119200,12.404873466491699,12.332091960906983,1,0,1,0.013565436616927329
2016-07-21,12.908699989318848,13.012746628991334,12.88125924193526,13.00016943803935,1824000,12.434200954437255,12.34922550201416,1,0,1,-0.005899640887911728
2016-07-22,12.981876373291016,12.98416273885448,12.859535315992614,12.917847669606068,2045600,12.457640075683594,12.369372539520263,1,0,1,0.005668764789073855
2016-07-25,12.97844409942627,13.0024548590727,12.945286134488192,12.980730464586426,11788000,12.508062696456909,12.390681819915772,1,0,1,-0.0002643896587867234
2016-07-26,13.037901878356934,13.064199880913234,12.962439599949864,12.99445395274836,2994400,12.577179670333862,12.413750076293946,1,0,1,0.004581271720644375
2016-07-27,13.137373924255373,13.183109081313312,13.079061577198354,13.16938827249826,2643200,12.639321994781495,12.435730571746825,1,0,1,0.007629451949133337
2016-07-28,13.169390678405762,13.195688682024253,13.108791954971611,13.165960693656768,5076800,12.693174886703492,12.460836009979248,1,0,1,0.0024370741317849554
2016-07-29,13.171677589416504,13.2128391527599,13.1385204872531,13.20597918297792,3302400,12.739538764953615,12.484642372131347,1,0,1,0.00017365351720433075
2016-08-01,13.229988098144531,13.253998861347169,13.168245761769622,13.192256524972258,3925600,12.788417816162111,12.510914154052735,1,0,1,0.004426961435411991
2016-08-02,13.106504440307615,13.226559137942967,13.043619352476576,13.21398194591162,2784800,12.836096477508544,12.53168472290039,1,0,1,-0.009333618210452865
2016-08-03,13.156811714172363,13.159098079588526,13.08477942716751,13.089353030325444,1892000,12.882974815368652,12.553507041931152,1,0,1,0.0038383440904374844
2016-08-04,13.232276916503906,13.245996855786688,13.160243745966326,13.165960968884647,1828000,12.93168249130249,12.571710052490234,1,0,1,0.005735827491568646
2016-08-05,13.387773513793944,13.398064339372924,13.267719697543452,13.286013238546824,1724800,12.977074432373048,12.591313571929932,1,0,1,0.011751310698168371
2016-08-08,13.390060424804688,13.420931156136866,13.36033244003345,13.404923981027498,1545600,13.018750381469726,12.610278987884522,1,0,1,0.00017082086191466672
2016-08-09,13.412927627563477,13.4529464378385,13.392346849142983,13.403781293407633,2788800,13.055338191986085,12.628242988586425,1,0,1,0.001707774426202624
2016-08-10,13.376337051391602,13.422072202506468,13.350039928320236,13.422072202506468,5466400,13.090553951263427,12.645064868927001,1,0,1,-0.002728008171510754
2016-08-11,13.42665195465088,13.450662723710591,13.396923961961106,13.406071170838858,2104800,13.123711967468262,12.663029823303223,1,0,1,0.00376148590350045
2016-08-12,13.416356086730955,13.430076894893368,13.382055374813214,13.40606613485329,2082400,13.15744128227234,12.680788860321044,1,0,1,-0.0007668231778629186
2016-08-15,13.492964744567873,13.524979095802385,13.414071613078791,13.440369614350368,1663200,13.190542030334473,12.700946216583253,1,0,1,0.005710094256717424
2016-08-16,13.423218727111816,13.468953888127698,13.42093148928192,13.46209304696365,2668000,13.221127223968505,12.718774185180663,1,0,1,-0.0051690654186387075
2016-08-17,13.406068801879885,13.42436321640262,13.33174926945123,13.42436321640262,2596800,13.242165231704712,12.735757637023926,1,0,1,-0.0012776313625354474
2016-08-18,13.427791595458984,13.436937929301012,13.38091281809412,13.3934900084932,1434400,13.268119812011719,12.752355003356934,1,0,1,0.0016203701398320725
2016-08-19,13.45752239227295,13.47124320528174,13.382060101539183,13.407214489225716,1441600,13.291902112960816,12.769752159118653,1,0,1,0.002214124087539293
2016-08-22,13.451805114746094,13.474672262526845,13.403783581011051,13.44494427255125,1495200,13.315570163726807,12.790066394805908,1,0,1,-0.00042483878980115186
2016-08-23,13.514688491821287,13.545560096964971,13.49982493488308,13.49982493488308,2255200,13.339409494400025,12.813894958496094,1,0,1,0.004674716630131748
2016-08-24,13.44036865234375,13.514687302822022,13.4094970499161,13.513544556306616,1556000,13.354559230804444,12.835986328125,1,0,1,-0.005499189975596841
2016-08-25,13.467813491821287,13.48839427558677,13.403784774473502,13.41636109624466,1676800,13.36948037147522,12.859059715270996,1,0,1,0.002041970736625043
2016-08-26,13.480385780334473,13.569568853422082,13.409496245978035,13.468952209586798,2000000,13.384915781021117,12.8819287109375,1,0,1,0.0009335062830220231
2016-08-29,13.516975402832031,13.556993341563832,13.476957464100227,13.4861037984349,1525600,13.399265146255493,12.907785968780518,1,0,1,0.0027142860073734454
2016-08-30,13.491825103759766,13.543276630225098,13.447233548202902,13.497542327734092,1680000,13.4185311794281,12.931339588165283,1,0,1,-0.0018606454715450749
2016-08-31,13.479244232177734,13.483817835644484,13.423219116279949,13.47352700976288,1501600,13.43465280532837,12.953383884429932,1,0,1,-0.0009324810754125501
2016-09-01,13.529555320739746,13.531841686702812,13.41293059312963,13.457522144178848,2492800,13.44951672554016,12.977531986236572,1,0,1,0.0037324858645939596
2016-09-02,13.586724281311035,13.624455862744842,13.532985520903946,13.570717102337753,2242400,13.459464263916015,12.999004592895508,1,0,1,0.004225487033092223
2016-09-06,13.64503288269043,13.64503288269043,13.575287830413044,13.61301853152687,3162400,13.472212886810302,13.032505416870118,1,0,1,0.004291586417161541
2016-09-07,13.677047729492188,13.685051317062646,13.610731791150894,13.646176125773549,10180800,13.485418891906738,13.072935123443603,1,0,1,0.0023462638072766495
2016-09-08,13.561568260192873,13.640461398719792,13.530696652801588,13.632457810197186,5200800,13.494680452346802,13.106275939941407,1,0,1,-0.008443303816970893
2016-09-09,13.24256706237793,13.491822806751625,13.24256706237793,13.466668421268611,4719200,13.485476207733154,13.129280624389649,1,0,1,-0.023522441630242974
2016-09-12,13.452945709228516,13.470095630045403,13.148807652633923,13.159097605124057,3336800,13.487305688858033,13.153451538085937,1,0,1,0.01588654570217507
2016-09-13,13.358046531677246,13.452946839019866,13.299734179025972,13.404924439722883,7467200,13.4805597782135,13.17556432723999,1,0,1,-0.007054155989507205
2016-09-14,13.42550563812256,13.496395184193853,13.368336902611228,13.368336902611228,4340800,13.480674123764038,13.201015815734863,1,0,1,0.005050072724731347
2016-09-15,13.647318840026855,13.66561237940716,13.43236473643627,13.446084672890107,2824000,13.492736625671387,13.229577293395996,1,0,1,0.016521776377229624
2016-09-16,13.597012519836426,13.651894892475866,13.53755741577561,13.651894892475866,1879200,13.501197671890258,13.256355075836181,1,0,1,-0.003686168747145002
2016-09-19,13.582148551940918,13.722783155534936,13.554707802612326,13.64160365420715,1714400,13.507428979873657,13.278399353027345,1,0,1,-0.0010931789519075252
2016-09-20,13.579050064086914,13.665095075032736,13.56528254722934,13.634118380926976,2360000,13.513791227340699,13.29884952545166,1,0,1,-0.00022812943343641923
2016-09-21,13.732780456542969,13.74540045880326,13.5836363280135,13.63870463306302,2707200,13.524695825576782,13.319881706237792,1,0,1,0.011321144831966778
2016-09-22,13.826858520507812,13.840626036648526,13.794735191474553,13.808502707615265,7397600,13.544020318984986,13.342978439331056,1,0,1,0.006850620255858031
2016-09-23,13.70295524597168,13.802766899616634,13.677715235759582,13.802766899616634,11072800,13.555777406692505,13.361767711639404,1,0,1,-0.008961057520937343
2016-09-26,13.615760803222656,13.662798281292767,13.582489964931602,13.63182246649489,3640000,13.562546157836914,13.379247531890869,1,0,1,-0.006363185253389525
2016-09-27,13.77064323425293,13.771790746133384,13.611173219378784,13.627234884524734,2636800,13.57522954940796,13.398041400909424,1,0,1,0.0113752314886153
2016-09-28,13.81424045562744,13.821123776580496,13.728195442533726,13.78211624882454,1854400,13.591350317001343,13.41809591293335,1,0,1,0.00316595387977725
2016-09-29,13.732780456542969,13.830298814971574,13.68689049410001,13.803911298801438,2257600,13.604027128219604,13.433045349121095,1,0,1,-0.005896813461885753
2016-09-30,13.809651374816896,13.850953051399417,13.737373003149914,13.76490803773502,3331200,13.618031930923461,13.451064376831054,1,0,1,0.00559762231087757
2016-10-03,13.76949977874756,13.81539063923865,13.736229802069262,13.78785647306214,3120000,13.627170705795288,13.466816844940185,1,0,1,-0.002907502512522253
2016-10-04,13.740816116333008,13.844070318705375,13.692631113657647,13.805063661862055,2856000,13.631959867477416,13.48206428527832,1,0,1,-0.0020831303152221148
2016-10-05,13.81194305419922,13.857833895008604,13.762610553505754,13.771788896726626,8971200,13.638704633712768,13.497545108795165,1,0,1,0.005176325573680307
2016-10-06,13.832596778869627,13.846364296577413,13.74769927457621,13.815387600558688,2516800,13.652256059646607,13.511449565887451,1,0,1,0.001495352579239606
2016-10-07,13.787851333618164,13.86127633291648,13.723604678055898,13.844067157235148,2225600,13.679520273208619,13.5238187789917,1,0,1,-0.003234782735792252
2016-10-10,13.876194953918455,13.922085812083058,13.78785577407024,13.78785577407024,2013600,13.700682735443115,13.537909126281738,1,0,1,0.006407352252550513
2016-10-11,13.692627906799316,13.901430411452218,13.631822911669438,13.883074599382365,2281600,13.71741180419922,13.547161922454833,1,0,1,-0.013228918138491697
2016-10-12,13.69721794128418,13.738519615161298,13.618056253803855,13.702954625270758,1602400,13.7309974193573,13.558976192474365,1,0,1,0.00033521939806635537
2016-10-13,13.608878135681152,13.647884783984953,13.480383948048855,13.605435600276367,1905600,13.729075384140014,13.56801752090454,1,0,1,-0.0064494706868002405
2016-10-14,13.659357070922852,13.75458041723878,13.642148770632648,13.663946242765247,3529600,13.732192611694336,13.57655912399292,1,0,1,0.00370926499145785
2016-10-17,13.623790740966797,13.682301582073745,13.614612398186306,13.654766553732273,2007200,13.73427472114563,13.581279468536376,1,0,1,-0.002603807029231686
2016-10-18,13.709840774536133,13.766056612964109,13.68804242124364,13.724754930565316,3046400,13.740814256668092,13.587675075531006,1,0,1,0.006316159371898111
2016-10-19,13.723605155944824,13.744255992422527,13.690334315214356,13.697217635608569,1781600,13.740355491638184,13.593888626098632,1,0,1,0.0010039782106190387
2016-10-20,13.68918800354004,13.717869674757251,13.619204655746426,13.715575526189738,5438400,13.733471965789795,13.600145645141602,1,0,1,-0.0025078798182905926
2016-10-21,13.759173393249512,13.76491007846236,13.660508359596404,13.71443004953418,3087200,13.736282873153687,13.606796073913575,1,0,1,0.005112457341616805
2016-10-24,13.91749668121338,13.927822540097203,13.836040823487885,13.836040823487885,1892800,13.751369667053222,13.616818885803223,1,0,1,0.011506744150890924
2016-10-25,13.865867614746094,13.93011428008474,13.83374428207677,13.93011428008474,2868000,13.75613088607788,13.624276943206787,1,0,1,-0.0037096517893896452
2016-10-26,13.795886039733888,13.868163547538458,13.74884767134857,13.769498512906344,3596800,13.755213165283203,13.63173028945923,1,0,1,-0.005047039028252431
2016-10-27,13.727046966552734,13.855540283559648,13.714426962161689,13.852098623324832,2659200,13.754926490783692,13.638149852752685,1,0,1,-0.004989826168677269
2016-10-28,13.733932495117188,13.873899202470296,13.698367499912624,13.766055829533595,3728800,13.751140546798705,13.644272670745849,1,0,1,0.0005016030455224918
2016-10-31,13.735076904296877,13.783261895036167,13.731635244286212,13.767200231456403,4361600,13.749419403076171,13.649823760986328,1,0,1,8.332713009151504e-05
2016-11-01,13.623790740966797,13.771788235946168,13.51709491320469,13.74884237899494,2857600,13.74356813430786,13.653263473510743,1,0,1,-0.008102332743056273
2016-11-02,13.518245697021484,13.65476985892399,13.484974852860072,13.614615693658546,2848800,13.728883266448975,13.653334617614746,1,0,1,-0.007747112822860558
2016-11-03,13.414992332458496,13.52054068061608,13.392047343831267,13.482680661615468,2418400,13.708003044128418,13.652827091217041,1,0,1,-0.00763807426475005
2016-11-04,13.3771333694458,13.494155096449878,13.347304181639528,13.405815045141566,8287200,13.6874671459198,13.65101348876953,1,0,1,-0.002822138252072892
2016-11-07,13.68459701538086,13.691480335465238,13.572165369292556,13.577901177597864,2650400,13.67788724899292,13.65509771347046,1,0,1,0.02298427005574477
2016-11-08,13.752285957336426,13.811943439345686,13.634116754486238,13.681155108333645,2680000,13.680870151519775,13.659803924560547,1,0,1,0.004946359902267217
2016-11-09,13.732780456542969,13.763757144016386,13.46546801166252,13.471203819320426,4896000,13.682648277282714,13.66462303161621,1,0,1,-0.0014183460738068643
2016-11-10,13.543487548828123,13.841776799577168,13.359924125017692,13.806210926683878,5016000,13.679378747940063,13.665907897949218,1,0,1,-0.013784019071291342
2016-11-11,13.62608814239502,13.638708147907623,13.481533147915425,13.526276485534607,15759200,13.677715301513672,13.667838554382325,1,0,1,0.0060989160486986105
2016-11-14,13.43678855895996,13.637560241223827,13.365657704994536,13.636412729385414,3823200,13.66836519241333,13.664839839935302,1,0,1,-0.013892437907112143
2016-11-15,13.616912841796877,13.666245359760342,13.519394442702716,13.522836979086923,5705600,13.663718795776367,13.664277439117432,0,-1,0,0.013405307529142263
2016-11-16,13.735076904296877,13.739666076076094,13.56642856141433,13.569870221424992,4983200,13.66429238319397,13.665438022613525,0,0,0,0.008677742442273484
2016-11-17,13.844070434570312,13.844070434570312,13.705251235056013,13.743111255458617,3223200,13.672036504745483,13.671088066101074,1,1,1,0.007935414634579807
2016-11-18,13.81194305419922,13.88880970926032,13.793587243052457,13.857833895008604,2699200,13.674674987792969,13.6824755859375,0,-1,0,-0.002320659991072116
2016-11-21,13.947321891784668,13.956500235886445,13.834889364775586,13.856687713193535,2871200,13.676166248321532,13.692363109588623,0,0,0,0.00980157802955084
2016-11-22,13.965680122375488,13.993214282426656,13.932409277803378,13.993214282426656,3548800,13.681156873703003,13.704515781402588,0,0,0,0.0013162548862970525
2016-11-23,13.916345596313477,13.967972248345404,13.860128897093333,13.945027264174556,2254400,13.687179851531983,13.714332580566406,0,0,0,-0.0035325544928506147
2016-11-25,13.953057289123535,13.961088120648336,13.904871424679747,13.915197279665913,1176800,13.698480367660522,13.72044734954834,0,0,0,0.0026380268121384276
2016-11-28,13.943880081176758,14.016157570784776,13.92781841681942,13.947321741354036,2569600,13.708977746963502,13.727384700775147,0,0,0,-0.0006577202226447643
2016-11-29,13.961090087890623,14.026484261034328,13.904873384000602,13.942733398793038,1882400,13.720278406143189,13.73496353149414,0,0,0,0.0012342337006396864
2016-11-30,13.807355880737305,13.98403507448004,13.806208368844883,13.98288756258762,4689600,13.729456663131714,13.739529647827148,0,0,0,-0.01101161916336768
2016-12-01,13.472355842590332,13.82456676158743,13.437937483937173,13.80850509429468,5433600,13.727162170410157,13.734321155548095,0,0,0,-0.024262432361458308
2016-12-02,13.522836685180664,13.554960021706092,13.410404132046391,13.460884161040791,3889600,13.732554388046264,13.728240718841553,1,1,1,0.0037469944514638698
2016-12-05,13.674274444580078,13.715576122953513,13.552663558127112,13.599701921111649,3611200,13.747411441802978,13.72766710281372,1,0,1,0.01119866806979708
2016-12-06,13.71787166595459,13.744259192434532,13.645594159102128,13.712134980760393,3047200,13.749075174331665,13.729709320068359,1,0,1,0.003188265787059219
2016-12-07,13.95994472503662,13.978300541664847,13.7041038019485,13.722460493871973,3448800,13.759458112716676,13.733495349884032,1,0,1,0.017646546416002273
2016-12-08,14.039103507995604,14.083846841136394,13.95650016210644,13.974855974917883,3229600,13.774774265289306,13.737992610931396,1,0,1,0.005670422377605622
2016-12-09,14.113676071166992,14.120560267305551,14.054018581501898,14.079258591654671,3878400,13.80328369140625,13.745610523223878,1,0,1,0.00531177529454907
2016-12-12,14.044841766357422,14.084995934475554,13.985184270195512,14.062050945635256,3736000,13.82422137260437,13.750314331054687,1,0,1,-0.004877135089574103
2016-12-13,14.20545768737793,14.283471865914407,14.084994321523256,14.084994321523256,4452000,13.862654829025269,13.759033489227296,1,0,1,0.011435936672867575
2016-12-14,14.163203239440918,14.271425040664305,14.139026196727183,14.213860402288743,4297600,13.88996934890747,13.767481231689453,1,0,1,-0.002974522107412003
2016-12-15,14.22537612915039,14.30251342826353,14.165509279201585,14.185081049534189,3705600,13.914484310150147,13.775749893188477,1,0,1,0.0043897477610388425
2016-12-16,14.125213623046877,14.259914688708838,14.099885037359975,14.256460950363682,3347200,13.928541469573975,13.781602230072021,1,0,1,-0.007041114779261504
2016-12-19,14.208104133605955,14.263365693270384,14.122907838376095,14.165505985991024,3508800,13.948349523544312,13.790007286071777,1,0,1,0.005868265979626086
2016-12-20,14.256458282470703,14.27948378604072,14.213860134662848,14.248399268384532,3043200,13.963806343078613,13.797612552642823,1,0,1,0.0034032794530536314
2016-12-21,14.215010643005373,14.261062525174088,14.193135801342748,14.261062525174088,2960000,13.976272869110108,13.808060207366943,1,0,1,-0.0029072886578213053
2016-12-22,14.16090202331543,14.23803843328482,14.118303871748717,14.23803843328482,2916800,13.988500690460205,13.817333889007568,1,0,1,-0.0038064424324977253
2016-12-23,14.18047332763672,14.181624866389209,14.130967701680168,14.141329793719157,1778400,13.999871492385864,13.82876579284668,1,0,1,0.0013820662193035904
2016-12-27,14.251856803894045,14.316328933763842,14.190838412643428,14.20004808950562,2497600,14.015270328521728,13.840615787506103,1,0,1,0.0050339276135586974
2016-12-28,14.109092712402344,14.285240358990691,14.103335897424085,14.280635082681414,2376800,14.022670459747314,13.850321826934815,1,0,1,-0.010017227471208812
2016-12-29,14.117154121398926,14.15629765911873,14.065345412904914,14.098733013036576,2029600,14.038160371780396,13.85846809387207,1,0,1,0.0005713626780194936
2016-12-30,13.988208770751951,14.144784675821482,13.953669632316965,14.136725660635555,3452000,14.063953018188476,13.863760166168213,1,0,1,-0.009133947928748443
2017-01-03,14.098731994628906,14.173566204803487,14.014688109305194,14.079160227182753,3480000,14.092747783660888,13.87195104598999,1,0,1,0.007901170599344365
2017-01-04,14.183926582336426,14.204649887341734,14.116000730487553,14.116000730487553,3580800,14.118230390548707,13.880446109771729,1,0,1,0.0060427127588478236
2017-01-05,14.194292068481444,14.247251443189477,14.145937971361098,14.165509742333589,4635200,14.142051410675048,13.88598201751709,1,0,1,0.000730791017906629
2017-01-06,14.324385643005373,14.355471042305393,14.172415019668463,14.202348880158585,3136000,14.160273456573487,13.895152378082276,1,0,1,0.009165203442079495
2017-01-09,14.349717140197754,14.388861562381472,14.32899382924565,14.339355923905169,2568000,14.175804138183594,13.906229000091553,1,0,1,0.0017684177055614647
2017-01-10,14.348562240600586,14.406126882166872,14.310570244725549,14.350865318148603,2578400,14.187548446655274,13.91865930557251,1,0,1,-8.048239459246265e-05
2017-01-11,14.436058044433594,14.436058044433594,14.32438252012222,14.35086263677642,3677600,14.207109260559083,13.932701816558838,1,0,1,0.006097879520320815
2017-01-12,14.39231300354004,14.446423911185924,14.240342373607689,14.39231300354004,2613600,14.216452026367188,13.945846538543702,1,0,1,-0.0030302621919992
2017-01-13,14.448725700378418,14.471751206721558,14.391161056153804,14.398068532383393,2994400,14.230728149414062,13.962345237731933,1,0,1,0.0039196407710491155
2017-01-17,14.36813259124756,14.416486671631551,14.328988184484384,14.41188139563785,2832800,14.237865972518922,13.979342975616454,1,0,1,-0.005577869689141313
2017-01-18,14.423395156860352,14.433757248163737,14.35892304516514,14.39691591599981,4045600,14.252775049209594,13.999511032104492,1,0,1,0.003846189841431036
2017-01-19,14.381949424743652,14.472901661208224,14.364679857096789,14.410731744699527,2520000,14.26146731376648,14.01960735321045,1,0,1,-0.0028735073584242876
2017-01-20,14.459086418151855,14.493625554847148,14.418791344251838,14.452178942159492,2749600,14.271598720550537,14.035097141265869,1,0,1,0.00536345881424749
2017-01-23,14.465994834899902,14.480961325736818,14.373891055559724,14.445271528466698,20626400,14.284147930145263,14.049371318817139,1,0,1,0.00047779068111619694
2017-01-24,14.620268821716309,14.646748945858636,14.485567758336131,14.49247523490943,3411200,14.307116270065308,14.067121086120606,1,0,1,0.010664595734834137
2017-01-25,14.776845932006836,14.782600991454082,14.714675128026958,14.72618876038876,3676800,14.336934900283813,14.09178825378418,1,0,1,0.010709591745533098
2017-01-26,14.740004539489746,14.804476668166432,14.6951041815375,14.797569191055896,5856800,14.361342287063598,14.114066581726075,1,0,1,-0.00249318377457608
2017-01-27,14.781450271606444,14.80562819677576,14.750364869741226,14.7849040099544,2686400,14.394960165023804,14.140959815979004,1,0,1,0.002811785573448189
2017-01-30,14.661715507507324,14.735398185861738,14.571914798160808,14.735398185861738,3616000,14.422188234329223,14.161855869293213,1,0,1,-0.00810033940506616
2017-01-31,14.591485023498535,14.616813606196567,14.513197076234942,14.600695576909953,4251200,14.452352046966553,14.178984031677246,1,0,1,-0.004790059115035272
2017-02-01,14.696256637573242,14.746912936822984,14.62142241019414,14.733097981739842,5345600,14.48222827911377,14.196027755737305,1,0,1,0.0071803256423852435
2017-02-02,14.703161239624023,14.738851916131637,14.604149981846076,14.667471441483167,3100800,14.508190011978149,14.2138521194458,1,0,1,0.00046982045979859777
2017-02-03,14.82059097290039,14.837861418066904,14.769933811185249,14.781447441296256,2831200,14.539504957199096,14.231317501068116,1,0,1,0.00798669968740473
2017-02-06,14.841317176818848,14.841317176818848,14.76993582252996,14.806778038515649,3104000,14.565351533889771,14.248830242156982,1,0,1,0.0013984735127199333
2017-02-07,14.89427661895752,14.928815759469696,14.85628374006749,14.868948033030833,3644800,14.59257950782776,14.268388862609862,1,0,1,0.0035683788377887105
2017-02-08,14.919601440429688,14.948383757471984,14.845918779070733,14.894272860893809,2770400,14.621131467819215,14.287719745635986,1,0,1,0.0017003055683775248
2017-02-09,14.992137908935549,15.024373973090068,14.919605886221005,14.919605886221005,3020000,14.648935461044312,14.308684902191162,1,0,1,0.004861823474003657
2017-02-10,15.027825355529783,15.054304599062297,14.977168189305184,15.028976015949992,3051200,14.6807110786438,14.330019607543946,1,0,1,0.0023804107733671476
2017-02-13,15.1107177734375,15.136046355196408,15.0784817160595,15.0784817160595,3945600,14.713810682296753,14.356086845397948,1,0,1,0.005515929014786813
2017-02-14,15.16482925415039,15.167132331689205,15.061213602438585,15.100357136931184,4742400,14.753645515441894,14.38993631362915,1,0,1,0.0035810000242351148
2017-02-15,15.231607437133787,15.243119313619436,15.151017274799132,15.17634586249485,3335200,14.794056129455566,14.424111728668214,1,0,1,0.004403490594206305
2017-02-16,15.252327919006348,15.294926951085394,15.210881304142193,15.260387812576337,3728800,14.8375750541687,14.455672798156739,1,0,1,0.0013603608127428224
2017-02-17,15.297225952148438,15.297225952148438,15.210878997337517,15.233906257340395,2294400,14.87948203086853,14.487259883880615,1,0,1,0.002943683966179389
2017-02-21,15.388181686401367,15.392786085147335,15.328313962302223,15.338675177030844,4192000,14.925591373443604,14.51582462310791,1,0,1,0.00594589728473971
2017-02-22,15.407751083374023,15.410054160759252,15.33867281568376,15.37206128920294,3135200,14.96496548652649,14.543197574615478,1,0,1,0.0012717160072233114
2017-02-23,15.372060775756836,15.431926731906588,15.300679433065572,15.431926731906588,2711200,14.99472622871399,14.568365268707275,1,0,1,-0.0023163865657006566
2017-02-24,15.40314483642578,15.40314483642578,15.246568953100404,15.27189753398637,3644000,15.02788324356079,14.595531330108642,1,0,1,0.0020221140888256883
2017-02-27,15.40660572052002,15.410059459418749,15.351342384672504,15.39048593001405,4453600,15.05914101600647,14.619554290771484,1,0,1,0.0002246868500552779
2017-02-28,15.3121976852417,15.391637187392917,15.294928992049606,15.391637187392917,4611200,15.091665124893188,14.6425341796875,1,0,1,-0.006127763440624601
2017-03-01,15.52748966217041,15.550516929831296,15.387031761761628,15.393940996100218,3111200,15.138465356826782,14.668576450347901,1,0,1,0.01406016179742875
2017-03-02,15.412358283996582,15.52058010324818,15.404300146782974,15.52058010324818,2685600,15.17427043914795,14.694319343566894,1,0,1,-0.007414680716505195
2017-03-03,15.43883991241455,15.43999057299636,15.361701735090575,15.410057587265928,2445600,15.211054372787476,14.718934059143066,1,0,1,0.001718207423549556
2017-03-06,15.41005516052246,15.434231326069211,15.344430626285837,15.377819101971168,3236000,15.240527582168578,14.742005996704101,1,0,1,-0.0018644374872327507
2017-03-07,15.422718048095703,15.47913026705914,15.382422100207584,15.39163265277439,4864000,15.269597625732422,14.766160144805909,1,0,1,0.0008217288933320965
2017-03-08,15.441143035888672,15.488346476258153,15.419268185145064,15.433084897408031,2524800,15.29694094657898,14.791764965057373,1,0,1,0.0011946654108252464
2017-03-09,15.431927680969238,15.451501204193685,15.351337537555002,15.442290651127289,2770400,15.322557258605958,14.816794052124024,1,0,1,-0.0005968052298988002
2017-03-10,15.51136589050293,15.53669447017263,15.445743120801051,15.51136589050293,2215200,15.348518657684327,14.841984233856202,1,0,1,0.005147653046071232
2017-03-13,15.532090187072754,15.54245139972326,15.50215545266031,15.507912267488337,2224000,15.373731899261475,14.87044418334961,1,0,1,0.0013360716726122934
2017-03-14,15.489496231079102,15.5079173418631,15.42272277877129,15.5079173418631,2187200,15.392670822143554,14.897891025543213,1,0,1,-0.0027423196415060636
2017-03-15,15.58850383758545,15.620739895505256,15.467619498752876,15.519427323500178,2779200,15.413854551315307,14.929896926879882,1,0,1,0.006391919080472874
2017-03-16,15.631103515625,15.671397711333084,15.596564378779874,15.65873341971432,3316000,15.433829355239869,14.960544357299804,1,0,1,0.0027327624564481567
2017-03-17,15.63340663909912,15.692123705526294,15.63340663909912,15.679459412447263,2272800,15.452883291244508,14.989533958435059,1,0,1,0.00014734234673952074
2017-03-20,15.654129028320312,15.693272563620113,15.610379337847904,15.650675290307593,3428800,15.470728445053101,15.018730697631836,1,0,1,0.0013255197475237068
2017-03-21,15.401997566223145,15.734721171933328,15.3881826124203,15.71399874122906,4324000,15.47141923904419,15.040282936096192,1,0,1,-0.016106387116206267
2017-03-22,15.518275260925291,15.525184493551732,15.390481686704506,15.392784764246654,3051200,15.476945447921754,15.063654098510742,1,0,1,0.0075495203918967135
2017-03-23,15.48028564453125,15.535547213767012,15.445746504983797,15.481436305047174,2786400,15.482356691360474,15.086288566589355,1,0,1,-0.0024480566142358606
2017-03-24,15.491019248962402,15.590298522877704,15.433298781836967,15.54296731707752,3411200,15.486750411987305,15.107387790679931,1,0,1,0.0006933725047215678
2017-03-27,15.502565383911133,15.532581160168329,15.320170221450589,15.3674996752214,3182400,15.49154839515686,15.129592838287353,1,0,1,0.0007453437868205626
2017-03-28,15.609928131103516,15.651486950834402,15.462163830169128,15.504876425465804,4418400,15.506434917449951,15.152816886901855,1,0,1,0.0069254826239149025
2017-03-29,15.646862030029297,15.657253051898218,15.570672359085668,15.605303227019723,3664000,15.512403535842896,15.17839147567749,1,0,1,0.0023660518239150274
2017-03-30,15.6630277633667,15.690734226410015,15.63070443722741,15.65956467567243,2733600,15.524937009811401,15.203184127807617,1,0,1,0.001033161365286972
2017-03-31,15.657254219055176,15.701120575537864,15.626084674102312,15.652635595327206,5124800,15.535857725143433,15.228690223693848,1,0,1,-0.00036860972212704457
2017-04-03,15.61108112335205,15.69535429564045,15.52103731203483,15.663029205036706,5156000,15.545909023284912,15.251730117797852,1,0,1,-0.002948990612091529
2017-04-04,15.60184097290039,15.612231995323883,15.553355993716352,15.556819080694584,2788000,15.554865169525147,15.274447040557861,1,0,1,-0.0005918968954583548
2017-04-05,15.545275688171388,15.729980114901052,15.521032318390825,15.6376287822806,3105600,15.560071802139282,15.292947177886964,1,0,1,-0.0036255519350090193
2017-04-06,15.552200317382812,15.597222204084945,15.50602465565858,15.560280265514692,3000800,15.56608543395996,15.308454265594483,1,0,1,0.00044544910944832594
2017-04-07,15.541812896728516,15.58798856391656,15.493327917734431,15.54527598369318,2336800,15.56760778427124,15.324490432739259,1,0,1,-0.0006679068197628091
2017-04-10,15.533733367919922,15.607615502691075,15.49794695659954,15.561439829017496,2972800,15.5676899433136,15.339536094665528,1,0,1,-0.0005198575521582205
2017-04-11,15.479476928710938,15.525654366696134,15.338638825462091,15.508337166893256,3040800,15.56718897819519,15.3558913230896,1,0,1,-0.0034928138602555725
2017-04-12,15.399820327758787,15.47601176911698,15.380195579800876,15.467931819482034,2018400,15.557754802703858,15.372058029174804,1,0,1,-0.005145949137622674
2017-04-13,15.342097282409668,15.48755396629832,15.339789732323757,15.385965394882575,2114400,15.543304491043092,15.384974842071534,1,0,1,-0.003748293429441607
2017-04-17,15.48755931854248,15.491022406356748,15.382507624205129,15.382507624205129,2530400,15.536012125015258,15.400662803649903,1,0,1,0.00948123541750645
2017-04-18,15.484090805053713,15.511795497860032,15.419444173187488,15.442532004355623,2237600,15.52751021385193,15.413932800292969,1,0,1,-0.00022395481543791007
2017-04-19,15.486405372619627,15.5741416368993,15.46100821837966,15.5256566410292,2258400,15.531730604171752,15.426834564208985,1,0,1,0.00014948036633577466
2017-04-20,15.64340114593506,15.67110760567227,15.519880256104017,15.55104980312226,2336800,15.537986898422242,15.441817054748535,1,0,1,0.010137651026041583
2017-04-21,15.63185691833496,15.664180238155549,15.601841148866688,15.650327890086388,2978400,15.545565462112426,15.45606216430664,1,0,1,-0.0007379614888352037
2017-04-24,15.8396577835083,15.848891511880645,15.778472442986864,15.80271582406061,3378400,15.562997388839722,15.473012561798095,1,0,1,0.013293421649068993
2017-04-25,15.937773704528809,15.967789472157229,15.854656098231006,15.889288727769877,7231200,15.584757804870605,15.491211528778075,1,0,1,0.006194320758789562
2017-04-26,15.900832176208496,15.964323269908164,15.885824293667124,15.941235439336598,5814400,15.599303007125854,15.507013816833496,1,0,1,-0.002317860010135231
2017-04-27,15.998950958251951,16.001260269042884,15.93661365880098,15.958547707594771,3024800,15.616907453536987,15.523696250915528,1,0,1,0.006170669620063407
2017-04-28,16.023202896118164,16.069378567729554,15.985107174368734,16.060143081109484,3768800,15.634916210174561,15.539528160095214,1,0,1,0.0015158455032142637
2017-05-01,16.166345596313477,16.18597210274405,16.053213988388187,16.079764906663904,3083200,15.660370779037475,15.557808513641357,1,0,1,0.008933463622930793
2017-05-02,16.198671340942383,16.224066723715087,16.14325842901454,16.20328820285868,4432000,15.689750289916992,15.575837421417237,1,0,1,0.001999570307112508
2017-05-03,16.169809341430664,16.185970998603224,16.097081003409887,16.166344493511488,5076800,15.718148708343506,15.591469974517823,1,0,1,-0.0017817510402083903
2017-05-04,16.192899703979492,16.21714131278538,16.138642326095546,16.17904559460162,5067200,15.750529909133911,15.607172946929932,1,0,1,0.0014279922577482562
2017-05-05,16.267934799194336,16.267934799194336,16.173274157485594,16.225222220989426,2594400,15.786316633224487,15.625090427398682,1,0,1,0.0046338269603685145
2017-05-08,16.322195053100586,16.333739852132545,16.25177600657927,16.272556292538994,2988000,15.82533574104309,15.643471431732177,1,0,1,0.003335411321474968
2017-05-09,16.356826782226562,16.39953936559749,16.324503460515224,16.348745071054267,4132800,15.866490411758424,15.662475852966308,1,0,1,0.0021217568478570925
2017-05-10,16.42031478881836,16.434167133596528,16.338350972074597,16.37529290680091,3572800,15.913532304763795,15.684638195037842,1,0,1,0.003881437850817404
2017-05-11,16.398387908935547,16.40416030894779,16.299108617788136,16.382226245794765,4152000,15.963460683822632,15.702056159973145,1,0,1,-0.0013353507630525785
2017-05-12,16.443405151367188,16.44571446301557,16.385684690578334,16.405309435867903,3113600,16.018526077270508,15.722677097320556,1,0,1,0.002745223657449225
2017-05-15,16.554235458374023,16.554235458374023,16.457265460093193,16.46650094966606,3164800,16.071859884262086,15.744985008239746,1,0,1,0.006740106807963775
2017-05-16,16.646581649780273,16.646581649780273,16.53229625714657,16.585398098181336,3664000,16.129984426498414,15.769715538024903,1,0,1,0.0055784026775780315
2017-05-17,16.167512893676758,16.517298993388607,16.159431177915994,16.49882801006965,20567200,16.16403980255127,15.784611434936524,1,0,1,-0.028778806735365925
2017-05-18,16.246000289916992,16.302566975241255,16.080920618698222,16.13286868075713,6358400,16.194169759750366,15.80070858001709,1,0,1,0.004854636378297306
2017-05-19,16.33835220336914,16.39722643460165,16.31988123461397,16.3233443210695,3265600,16.229494524002074,15.818837070465088,1,0,1,0.005684593857200992
2017-05-22,16.505746841430664,16.51382855359411,16.38568902627723,16.38799833853666,3655200,16.262798976898193,15.838724689483643,1,0,1,0.010245503094675978
2017-05-23,16.51959991455078,16.56923867532732,16.473422479712,16.561158725161174,3413600,16.29189028739929,15.858474884033203,1,0,1,0.0008392878706551254
2017-05-24,16.600406646728516,16.61194968322493,16.53691378078723,16.568083326156383,2850400,16.326869010925293,15.880693092346192,1,0,1,0.004891567144223563
2017-05-25,16.73432159423828,16.770108008412336,16.63504230258323,16.673136267582645,3344000,16.36363754272461,15.903609447479248,1,0,1,0.008066967897810917
2017-05-26,16.73432159423828,16.74009223279086,16.676601116799045,16.73547536965096,2774400,16.399193477630615,15.925673809051514,1,0,1,0.0
2017-05-30,16.77587127685547,16.788568083951244,16.71584151977765,16.725077002519487,2624000,16.429669761657713,15.948523101806641,1,0,1,0.0024829021232324333
2017-05-31,16.729700088500977,16.83590553732028,16.66620722195442,16.82782558784465,4096000,16.456221199035646,15.970034523010254,1,0,1,-0.002752237877396646
2017-06-01,16.81166648864746,16.81166648864746,16.690453136135257,16.781650713622277,2329600,16.488314056396483,15.99822790145874,1,0,1,0.004899454246811263
2017-06-02,16.96520233154297,16.975591594006634,16.808202573298818,16.867076822081977,2533600,16.52692918777466,16.027166442871092,1,0,1,0.00913269621421442
2017-06-05,16.983675003051758,17.035624848927817,16.94557927143771,16.966359562086016,2682400,16.56271619796753,16.057234230041505,1,0,1,0.0010888565398623484
2017-06-06,16.955968856811523,17.03908648936368,16.929416167600927,16.964048808079202,2756000,16.594404888153075,16.086533222198486,1,0,1,-0.0016313398740411822
2017-06-07,16.99289894104004,17.02868533570284,16.909781357925308,17.0021344237737,3537600,16.62620849609375,16.116339893341063,1,0,1,0.002177999059822522
2017-06-08,17.061016082763672,17.07140710629944,16.946730677271095,17.035620696034535,3068800,16.658243560791014,16.145361652374266,1,0,1,0.004008565104752115
2017-06-09,16.587709426879883,17.115273621858627,16.342975190726953,17.08756892281581,14231200,16.667709636688233,16.164178600311278,1,0,1,-0.02774199693545565
2017-06-12,16.461881637573242,16.501131141303983,16.16288821176979,16.423785909308958,10732000,16.668633460998535,16.180155677795412,1,0,1,-0.007585603658015638
2017-06-13,16.605024337768555,16.662744807597967,16.46880487448583,16.581936502134578,4241600,16.671172904968262,16.19911108016968,1,0,1,0.0086954033169937
2017-06-14,16.509212493896484,16.683529486037692,16.376456082925245,16.68122017341949,3848800,16.66430444717407,16.217073707580568,1,0,1,-0.005770051396681408
2017-06-15,16.43186378479004,16.451488534176306,16.22753457921531,16.32104146337477,4173600,16.677521991729737,16.23367416381836,1,0,1,-0.004685184658871022
2017-06-16,16.405311584472656,16.444561080192305,16.329120143495288,16.41570084601805,5252800,16.68548755645752,16.250874881744384,1,0,1,-0.0016158970561793717
2017-06-19,16.6696720123291,16.677753724119366,16.52537082883772,16.54384180308199,3422400,16.702053546905518,16.27322431564331,1,0,1,0.01611431922491846
2017-06-20,16.531139373779297,16.683522233528635,16.528830062164978,16.661588176914233,4712000,16.70332317352295,16.293010845184327,1,0,1,-0.008310459764735878
2017-06-21,16.643117904663086,16.647736528085336,16.553074124305134,16.57962504377255,2194400,16.709499073028564,16.31519853591919,1,0,1,0.006773793889936153
2017-06-22,16.668519973754883,16.715851189629053,16.591174742723286,16.70430638915122,2057600,16.712904739379884,16.33897939682007,1,0,1,0.001526280666718005
2017-06-23,16.778186798095703,16.83129040871985,16.621187039867046,16.650047276589305,3786400,16.715097999572755,16.366546726226808,1,0,1,0.006579277855112142
2017-06-26,16.688138961791992,16.921330111290857,16.673131078651934,16.88438817171183,3438400,16.71278886795044,16.393467559814454,1,0,1,-0.005366958741568673
2017-06-27,16.407625198364258,16.644277771450326,16.407625198364258,16.633888507180956,4551200,16.69437656402588,16.41186887741089,1,0,1,-0.01680916991822634
2017-06-28,16.621335983276367,16.64680412006012,16.358533853505346,16.46620063582457,4972800,16.688958358764648,16.43461378097534,1,0,1,0.01302508939157243
2017-06-29,16.327272415161133,16.55071257387847,16.1790848739178,16.55071257387847,5286400,16.664738655090332,16.45143112182617,1,0,1,-0.017691933332621868
2017-06-30,16.305278778076172,16.421050428190092,16.28907081772163,16.384004418751935,3128800,16.631742477416992,16.464668674468996,1,0,1,-0.0013470490677021107
2017-07-03,16.17329216003418,16.4059942065204,16.152454119979282,16.390943333235583,3362400,16.591223335266115,16.47549737930298,1,0,1,-0.008094717044608846
2017-07-05,16.340009689331055,16.37242560818111,16.18371726402643,16.22655397335586,3208800,16.56042537689209,16.485504417419435,1,0,1,0.010308199941434948
2017-07-06,16.19297981262207,16.278651467947398,16.142040004944047,16.2219227245723,3064800,16.520429420471192,16.4906085395813,1,0,1,-0.00899815113359359
2017-07-07,16.404836654663086,16.460406532396327,16.2450730353632,16.2450730353632,2451200,16.487620449066164,16.50068862915039,0,-1,0,0.013083252402740442
2017-07-10,16.52408218383789,16.56691888281167,16.378210584276676,16.40715348814844,3103200,16.484439086914062,16.51119125366211,0,0,0,0.007268925115502922
2017-07-11,16.587766647338867,16.60513169322528,16.461575936469067,16.509042750606195,2880000,16.490733337402343,16.522482528686524,0,0,0,0.0038540393827903863
2017-07-12,16.814678192138672,16.827413146655644,16.69774767342769,16.717428645583826,4400000,16.50121603012085,16.535449180603027,0,0,0,0.013679451225955486
2017-07-13,16.855192184448242,16.909604995088685,16.808884236323816,16.84130015331791,2991200,16.518515014648436,16.548579597473143,0,0,0,0.0024094420271754124
2017-07-14,16.992961883544922,17.013801698208557,16.889925190327514,16.920025182024865,2996800,16.546569919586183,16.56504264831543,0,0,0,0.008173724605987864
2017-07-17,17.003381729125977,17.0450595939318,16.960546783768812,17.017275528418047,6020000,16.576473426818847,16.58125228881836,0,0,0,0.0006131859561895325
2017-07-18,17.084423065185547,17.084423065185547,16.914238600088556,16.98138460185667,2869600,16.59721097946167,16.597582054138183,0,0,0,0.004766189299905577
2017-07-19,17.187461853027344,17.20714282373795,17.105263195085037,17.11799814866665,2722400,16.630027103424073,16.61488739013672,1,1,1,0.0060311540781128326
2017-07-20,17.203664779663086,17.23376476725692,17.11220420347416,17.23376476725692,2308800,16.658054447174074,16.63182415008545,1,0,1,0.0009427178238587963
2017-07-21,17.166616439819336,17.182824396682626,17.10525761979868,17.13651645322603,5376800,16.682959270477294,16.646750183105468,1,0,1,-0.0021535144004634077
2017-07-24,17.234926223754883,17.251134185272328,17.137678454650217,17.17125322485191,2801600,16.705796241760254,16.663480949401855,1,0,1,0.0039792223572432395
2017-07-25,17.214086532592773,17.246502452538273,17.1226259418975,17.179354685069697,2596000,16.732093620300294,16.678894577026366,1,0,1,-0.001209154648621924
2017-07-26,17.24534797668457,17.275447973598673,17.187462144248318,17.266186028424624,2644000,16.77397975921631,16.692716827392577,1,0,1,0.0018160385119829758
2017-07-27,17.089052200317383,17.340276452267553,16.87718988280326,17.340276452267553,4290400,16.797365570068358,16.70156623840332,1,0,1,-0.009063068868108481
2017-07-28,17.064741134643555,17.10294599254105,16.989490265973956,17.002225218606455,3172800,16.83423900604248,16.719510803222658,1,0,1,-0.0014226105338583928
2017-07-31,16.97907257080078,17.130733167142917,16.952443816324923,17.10179025130555,7762400,16.86792869567871,16.73417224884033,1,0,1,-0.005020208813414473
2017-08-01,17.069372177124023,17.072845185264278,17.002224408853873,17.045059353607094,3818400,16.912732696533205,16.74879264831543,1,0,1,0.005318288495835377
2017-08-02,17.092519760131836,17.22681524643905,16.972118067723837,17.22681524643905,3678400,16.950358200073243,16.760528106689453,1,0,1,0.001356088716539583
2017-08-03,17.045059204101562,17.111049891257867,17.005697267833845,17.108733963672957,2108000,16.992962169647218,16.771037292480468,1,0,1,-0.002776685748872132
2017-08-04,17.069372177124023,17.12609915443825,17.04158634546684,17.08094828207981,1963200,17.026188945770265,16.78041660308838,1,0,1,0.0014263941668568592
2017-08-07,17.173559188842773,17.179348122307687,17.087889333086153,17.095992426709454,1896800,17.058662796020506,16.78920135498047,1,0,1,0.006103740116369272
2017-08-08,17.15157127380371,17.289339836278582,17.10873632351789,17.144625256626053,2433600,17.08685302734375,16.797546348571778,1,0,1,-0.0012803353572361509
2017-08-09,17.135358810424805,17.145779599989353,17.0242190317057,17.035795135115855,2981600,17.102887058258055,16.804736099243165,1,0,1,-0.0009452465386461384
2017-08-10,16.77067756652832,17.06589556179621,16.760258544309814,17.041582743418235,4036800,17.09866132736206,16.80555564880371,1,0,1,-0.021282381532309658
2017-08-11,16.902658462524414,16.94317924079512,16.777624886570862,16.781097894247218,3209600,17.094146156311034,16.80737548828125,1,0,1,0.007869741426518528
2017-08-14,17.17588233947754,17.19209030007546,17.038113791127596,17.050848743492764,2333600,17.102771186828612,16.81158908843994,1,0,1,0.016164550538538158
2017-08-15,17.209455490112305,17.237241322749913,17.156201519059255,17.21640327317313,2092000,17.10902280807495,16.816104698181153,1,0,1,0.0019546681778088715
2017-08-16,17.268505096435547,17.33565288625592,17.208303325124913,17.249981202719084,2132000,17.11307497024536,16.822355422973633,1,0,1,0.0034312303696748536
2017-08-17,16.925813674926758,17.230293658099338,16.925813674926758,17.189772876862317,3412800,17.099182415008546,16.82101371765137,1,0,1,-0.019844880584337643
2017-08-18,16.921180725097656,17.028847485809372,16.851717045162204,16.922337805367167,2527200,17.08691062927246,16.818217010498046,1,0,1,-0.00027372095180067113
2017-08-21,16.901506423950195,16.93971128632173,16.784575908848854,16.924660404211153,5631200,17.070239639282228,16.824492950439453,1,0,1,-0.0011627026191074474
2017-08-22,17.150415420532227,17.167780464719144,16.986019858265813,16.991808795173295,2568800,17.067056083679198,16.838263626098634,1,0,1,0.014727030262185137
2017-08-23,17.119150161743164,17.161986865583764,17.041583382538377,17.07052628969844,2136800,17.06074619293213,16.848546142578126,1,0,1,-0.001823003001526824
2017-08-24,17.11684226989746,17.18746305989336,17.026540507809,17.17241217736678,2223200,17.062135696411133,16.860698738098144,1,0,1,-0.00013481345883981088
2017-08-25,17.10525894165039,17.222187656161886,17.07631603311968,17.177036789515373,1762400,17.064161586761475,16.87416664123535,1,0,1,-0.0006767210951894587
2017-08-28,17.149255752563477,17.173566810757507,17.091369925292593,17.15272876087691,1808800,17.07267074584961,16.88904552459717,1,0,1,0.002572121887377987
2017-08-29,17.21871566772461,17.246501497511456,16.983699377866216,17.002223264390782,6322400,17.080137920379638,16.900026397705076,1,0,1,0.004050316594686576
2017-08-30,17.37848472595215,17.38543074321533,17.225665280020454,17.244189170412554,2482400,17.094436168670654,16.916973304748534,1,0,1,0.009278802281811105
2017-08-31,17.506982803344727,17.53129385190461,17.400473135358894,17.41899701671327,2331200,17.117532348632814,16.93425060272217,1,0,1,0.007394089842636564
2017-09-01,17.49424934387207,17.56487010182522,17.466463519476914,17.5451891386625,2365600,17.138776206970213,16.95076519012451,1,0,1,-0.0007273360358943659
2017-09-05,17.346067428588867,17.48152005410999,17.21756081978135,17.42479130672342,7812000,17.14740161895752,16.962122802734374,1,0,1,-0.00847032143937676
2017-09-06,17.37269401550293,17.423633825612153,17.27660333125785,17.406268784227297,2108800,17.15845775604248,16.975813903808593,1,0,1,0.00153502152713747
2017-09-07,17.453731536865234,17.476887277730302,17.37037581604901,17.40973951559862,2196000,17.1743763923645,16.996736030578614,1,0,1,0.004664649091844275
2017-09-08,17.31480598449707,17.439839566155744,17.303229880559332,17.439839566155744,1678400,17.201582813262938,17.01060543060303,1,0,1,-0.007959647601702202
2017-09-11,17.574132919311523,17.58455194152855,17.454888287623866,17.45604536791416,1802400,17.235156536102295,17.035542640686035,1,0,1,0.014977178204979236
2017-09-12,17.605392456054688,17.638965451162818,17.5278239101353,17.632019436073882,1872000,17.25663204193115,17.061544914245605,1,0,1,0.0017787242697371308
2017-09-13,17.572975158691406,17.581080020828818,17.52087827785131,17.581080020828818,3473600,17.27480802536011,17.08953857421875,1,0,1,-0.001841327732068354
2017-09-14,17.525510787963867,17.593815629099034,17.469939130889692,17.51624884511817,1851200,17.287658309936525,17.113248596191408,1,0,1,-0.0027009866171729957
2017-09-15,17.575302124023438,17.59961495917031,17.471108296904873,17.50931317125795,1801600,17.320132732391357,17.140895042419434,1,0,1,0.0028410775960816537
2017-09-18,17.59381866455078,17.67022838130947,17.53940584502886,17.603080608994436,3210400,17.353764629364015,17.16467468261719,1,0,1,0.0010535546072936164
2017-09-19,17.654016494750977,17.681800555368806,17.581079802559408,17.634335529635052,4009600,17.391390132904053,17.18727336883545,1,0,1,0.003421532945629746
2017-09-20,17.5660343170166,17.648232976822136,17.43752769761118,17.648232976822136,4621600,17.41217107772827,17.206838722229005,1,0,1,-0.004983691827892822
2017-09-21,17.467626571655273,17.548666370816797,17.403951812837242,17.548666370816797,2000000,17.429594898223876,17.219897689819337,1,0,1,-0.005602160600699624
2017-09-22,17.48151969909668,17.502357748814315,17.39816396715565,17.405109983728195,2081600,17.447828769683838,17.232424240112305,1,0,1,0.0007953643492670803
2017-09-25,17.24302864074707,17.431736982483205,17.160829997658215,17.431736982483205,5807200,17.454717254638673,17.23742557525635,1,0,1,-0.01364246715701345
2017-09-26,17.299755096435547,17.38311081749433,17.24650113197494,17.33332986086659,3912000,17.462242221832277,17.24335304260254,1,0,1,0.0032898197219499714
2017-09-27,17.509777069091797,17.56782565753753,17.386712573524886,17.407610986546562,3042400,17.476795291900636,17.251860122680664,1,0,1,0.012140170279030249
2017-09-28,17.535316467285156,17.53880101230431,17.43547282629661,17.485395532542032,2148000,17.484636878967287,17.25881721496582,1,0,1,0.0014585792893069272
2017-09-29,17.645614624023438,17.665350936067544,17.54693129230016,17.57131248453273,6312800,17.49156847000122,17.267656211853026,1,0,1,0.006290057949285277
2017-10-02,17.695531845092773,17.743132113736127,17.600333079308438,17.694371511041364,4091200,17.501632595062254,17.278234519958495,1,0,1,0.002828874036576501
2017-10-03,17.740814208984375,17.747779758078085,17.695536368372426,17.725721004946116,3272000,17.52136993408203,17.288352279663087,1,0,1,0.0025589716256060324
2017-10-04,17.730361938476562,17.757063794559432,17.6537373724971,17.714108403708412,2831200,17.539253330230714,17.29867778778076,1,0,1,-0.0005891652088053645
2017-10-05,17.897539138793945,17.907987458341704,17.770993655820956,17.804661053753335,2219200,17.561443710327147,17.31172161102295,1,0,1,0.009428865631591732
2017-10-06,17.952106475830078,17.959072022788323,17.836009302519923,17.86038871687378,2334400,17.5933087348938,17.328982696533203,1,0,1,0.003048873736940516
2017-10-09,17.9915828704834,18.03570037249317,17.96836378524239,17.986937990533605,2471200,17.614181232452392,17.34751953125,1,0,1,0.0021989839858886917
2017-10-10,18.00319480895996,18.104198812557016,17.917282237708974,18.05079331767066,1958400,17.634071350097656,17.368001976013183,1,0,1,0.0006454094984389425
2017-10-11,18.07633209228516,18.080976971917217,17.98345398617175,17.991581639776594,2212800,17.659239196777342,17.388141174316406,1,0,1,0.004062461363179892
2017-10-12,18.09026336669922,18.154115398245928,18.05659419259044,18.06588217953416,5272000,17.68747682571411,17.408096046447753,1,0,1,0.0007706914402179077
2017-10-13,18.172691345214844,18.211003626987544,18.121608302851246,18.16804823750105,2424800,17.717346286773683,17.43064868927002,1,0,1,0.004556483056369354
2017-10-16,18.22145652770996,18.23771006604693,18.16340792343468,18.21565131298187,2201600,17.74872817993164,17.453690376281738,1,0,1,0.002683432055756496
2017-10-17,18.21216583251953,18.219131380557187,18.169210438618947,18.214488272366268,2772800,17.77663564682007,17.474462509155273,1,0,1,-0.0005098766487904305
2017-10-18,18.27486228942871,18.30852970093778,18.216813684307475,18.27370018356447,2056000,17.812077045440674,17.496928329467774,1,0,1,0.0034425590830733377
2017-10-19,18.21449089050293,18.21449089050293,18.06472627165861,18.17617859928629,2286400,17.849420261383056,17.518510971069336,1,0,1,-0.0033035214148072756
2017-10-20,18.33639144897461,18.371220962130774,18.30272227003935,18.320137912368747,2576000,17.892163848876955,17.54982524871826,1,0,1,0.006692504292570733
2017-10-23,18.270214080810547,18.392116483659542,18.24699499729229,18.392116483659542,2684800,17.943523120880126,17.577176361083986,1,0,1,-0.0036090726110541427
2017-10-24,18.32941627502441,18.357278453715534,18.245826195947654,18.298069552495203,12344800,17.99500617980957,17.600247039794922,1,0,1,0.003240366749508672
2017-10-25,18.262086868286133,18.365413288191757,18.12509127395484,18.285305950112782,4807200,18.032621669769288,17.6212996673584,1,0,1,-0.0036732979232961815
2017-10-26,18.338716506958008,18.397925447724337,18.308530097878684,18.35264760560823,5240800,18.07279167175293,17.642703895568847,1,0,1,0.004196105254813398
2017-10-27,18.806583404541016,18.85418190346361,18.62314964191724,18.63359796327812,6008800,18.13084011077881,17.680319290161133,1,0,1,0.025512521413670886
2017-10-30,18.86811828613281,18.918039234050152,18.63360143559551,18.63360143559551,4676800,18.189469432830812,17.719258041381835,1,0,1,0.00327198621185687
2017-10-31,18.95054054260254,18.99465803403558,18.85534178448656,18.93312667572225,5731200,18.24995574951172,17.76023872375488,1,0,1,0.004368334733745316
2017-11-01,18.94357681274414,19.05270844633348,18.84025039250576,19.039937685562336,6000000,18.310616493225098,17.79610195159912,1,0,1,-0.00036746866627590524
2017-11-02,18.957508087158203,18.97027884805032,18.81122627544142,18.93080623129375,2616000,18.36361494064331,17.83286911010742,1,0,1,0.0007354088698123817
2017-11-03,19.10843276977539,19.125848408162724,18.938931893752923,19.06547738379064,7180000,18.421431255340575,17.87270092010498,1,0,1,0.007961208927001584
2017-11-06,19.19434928894043,19.20015450293863,19.115402275870583,19.121207489868787,3505600,18.48156957626343,17.914482727050782,1,0,1,0.0044962619488573274
2017-11-07,19.18621826171875,19.22104776808164,19.10959547352313,19.22104776808164,3400000,18.540720748901368,17.955221977233887,1,0,1,-0.00042361567455506677
2017-11-08,19.29767608642578,19.299998526369595,19.137461388852525,19.190866878544487,2352800,18.601787948608397,17.99680118560791,1,0,1,0.0058092649206131775
2017-11-09,19.12584686279297,19.165319472211305,18.92615960496809,19.152548713693363,4783200,18.653567123413087,18.031748428344727,1,0,1,-0.008904140729861232
2017-11-10,19.132816314697266,19.145587075822192,19.055031413846333,19.099147139230443,2346400,18.701573371887207,18.064265098571777,1,0,1,0.0003643996500806157
2017-11-13,19.12932777404785,19.14093642606934,19.04225491212808,19.072439533186248,1976000,18.746966934204103,18.096966667175295,1,0,1,-0.00018233283548196866
2017-11-14,19.09566307067871,19.11888215164904,18.993498760108807,19.078249202826544,4284000,18.79114179611206,18.13195858001709,1,0,1,-0.00175984769390658
2017-11-15,18.95054054260254,19.024842660462163,18.89017128974937,19.003946020205813,3724000,18.824925708770753,18.163515510559083,1,0,1,-0.007599763754682409
2017-11-16,19.211759567260746,19.25471672561333,19.068960541418697,19.08057096724421,4862400,18.87478914260864,18.198676071166993,1,0,1,0.013784251909382927
2017-11-17,19.114234924316406,19.19898534876767,19.094498621170327,19.196664681222444,2453600,18.913681316375733,18.234664649963378,1,0,1,-0.005076299367733794
2017-11-20,19.18157958984375,19.201315901329405,19.13049653823255,19.144427635398262,2966400,18.959249591827394,18.266813583374024,1,0,1,0.0035232728798195723
2017-11-21,19.417255401611328,19.42073817565823,19.26632869740293,19.27909945940908,2856800,19.013641548156738,18.303050842285156,1,0,1,0.012286569553028981
2017-11-22,19.36616897583008,19.43118310870284,19.34527233519337,19.43118310870284,2832000,19.068845653533934,18.33891471862793,1,0,1,-0.002630980780991665
2017-11-24,19.477628707885746,19.4869166969276,19.39403857801184,19.407969675823235,1537600,19.12579126358032,18.377957077026366,1,0,1,0.005755383638073708
2017-11-27,19.45672607421875,19.4961986904675,19.40332236317688,19.46253128755001,2608800,19.158298397064208,18.415585556030273,1,0,1,-0.001073161111164067
2017-11-28,19.50548553466797,19.531027054627124,19.39867634733981,19.4950372141853,3306400,19.190166759490968,18.45381889343262,1,0,1,0.0025060465087098915
2017-11-29,18.999303817749023,19.497361738712144,18.85998754857491,19.48575131148827,7084000,19.19260492324829,18.48072463989258,1,0,1,-0.02595073657711755
2017-11-30,19.15719413757324,19.21059961733511,19.00278468281875,19.095662776772876,3742400,19.203285789489748,18.51254783630371,1,0,1,0.00831032133275933
2017-12-01,19.05154800415039,19.146746770856723,18.753177400327957,19.057351445966017,9050400,19.207987785339355,18.544226264953615,1,0,1,-0.00551469764643886
2017-12-04,18.681196212768555,19.19782826947336,18.66726334762554,19.169964310689576,6482400,19.186625957489014,18.56821979522705,1,0,1,-0.019439459266047843
2017-12-05,18.72415542602539,18.938935944896333,18.57439082427131,18.657980946204667,11914400,19.163116264343262,18.597842330932618,1,0,1,0.002299596490907385
2017-12-06,18.843734741210938,18.8832073608928,18.601092037781065,18.63243877529433,10682400,19.145992088317872,18.628721923828124,1,0,1,0.00638636629876177
2017-12-07,18.979564666748047,19.013233837754317,18.857662285160437,18.857662285160437,6937600,19.130086517333986,18.65811767578125,1,0,1,0.007208227424261748
2017-12-08,19.05154800415039,19.172288292254063,19.01787882980735,19.049225564522708,3776000,19.126371574401855,18.688442306518553,1,0,1,0.003792675894640496
2017-12-11,19.203636169433597,19.21060171722865,19.05038703193242,19.05038703193242,3516800,19.12991256713867,18.719602737426758,1,0,1,0.00798298202592651
2017-12-12,19.15488052368164,19.24427410553738,19.117728563817217,19.1978359272098,2660800,19.13119020462036,18.748789710998537,1,0,1,-0.002538875727585488
2017-12-13,19.174606323242188,19.266322295170784,19.15487001970064,19.223366915198124,3497600,19.135137367248536,18.77746555328369,1,0,1,0.0010298054084001418
2017-12-14,19.156797409057617,19.274365977390964,19.143992770827115,19.21267138669902,2433600,19.14545021057129,18.80599426269531,1,0,1,-0.000928776001152265
2017-12-15,19.376806259155277,19.40823437761626,19.159127373558487,19.216166548879936,3888800,19.153702545166016,18.835579605102538,1,0,1,0.011484636257292014
2017-12-18,19.55956649780273,19.5770265681108,19.49787188111094,19.51300512617958,3600000,19.175969123840332,18.867728805541994,1,0,1,0.009431907209223489
2017-12-19,19.455963134765625,19.53395439791605,19.39776054051585,19.531625796809443,5018400,19.189688301086427,18.897016410827636,1,0,1,-0.005296812843410659
2017-12-20,19.435014724731445,19.536286689471844,19.338398186881477,19.530466073706897,4673600,19.19057626724243,18.925652809143067,1,0,1,-0.0010767089703591637
2017-12-21,19.38612174987793,19.50602074322129,19.36866167988748,19.47342565223505,3453600,19.191573905944825,18.951848602294923,1,0,1,-0.0025157158636621713
2017-12-22,19.36284065246582,19.42453526672252,19.32209989795422,19.382629323434724,2173600,19.18583450317383,18.977300148010254,1,0,1,-0.001200915671142777
2017-12-26,19.22780990600586,19.24760035288136,19.143999796885385,19.24760035288136,2616000,19.174388694763184,18.998402519226076,1,0,1,-0.0069737054021959954
2017-12-27,19.25806999206543,19.28833469429168,19.21267205062516,19.226640101467773,2235200,19.162017917633058,19.019134788513185,1,0,1,0.0015737666540025508
2017-12-28,19.27553367614746,19.31743961274828,19.24643238062473,19.31743961274828,3792000,19.17582941055298,19.04040214538574,1,0,1,0.000906824208720014
2017-12-29,19.17542839050293,19.319771480132616,19.169607775173866,19.30929543826175,3431200,19.176741123199463,19.058413467407227,1,0,1,-0.005193385943363382
2018-01-02,19.437332153320312,19.439660753741062,19.21849167121511,19.262724421999284,9135200,19.19603033065796,19.082870292663575,1,0,1,0.01365830048141703
2018-01-03,19.63988494873047,19.662002220317703,19.474589782397388,19.475753194932693,5599200,19.243964767456056,19.10894016265869,1,0,1,0.010420812579238437
2018-01-04,19.7528018951416,19.8075124901646,19.699254712875568,19.73184803209744,4270400,19.295397090911866,19.138591918945313,1,0,1,0.005749369036829988
2018-01-05,19.963491439819336,19.97862468393107,19.815656341149904,19.85523545834964,5935200,19.351384925842286,19.17127342224121,1,0,1,0.01066631183748945
2018-01-08,20.058942794799805,20.079894876006403,19.940209006022453,19.975130917568997,5086400,19.405353832244874,19.207210540771484,1,0,1,0.0047812956600408185
2018-01-09,20.007722854614254,20.10666619163501,19.959996304650204,20.09502673938661,4617600,19.453162574768065,19.24059066772461,1,0,1,-0.0025534715717335787
2018-01-10,19.942537307739254,19.951848159556505,19.841263588154376,19.90528679566156,3386400,19.49010763168335,19.263309745788575,1,0,1,-0.0032580192832872834
2018-01-11,20.072906494140625,20.072906494140625,19.954172731122444,19.99142323567788,3699200,19.5360089302063,19.28740550994873,1,0,1,0.006537241695457441
2018-01-12,20.18814849853516,20.209102353505408,20.02168995209182,20.047299232498798,3981600,19.586686038970946,19.312157669067382,1,0,1,0.005741171784373833
2018-01-16,20.097352981567383,20.38371049684918,20.04031558193875,20.3196872946315,5488000,19.633713817596437,19.335233192443848,1,0,1,-0.004497466272073702
2018-01-17,20.404664993286133,20.417469635246597,20.15090253141802,20.21608915368865,3756800,19.68510675430298,19.364176330566405,1,0,1,0.01529116854346979
2018-01-18,20.445409774780277,20.495464935673283,20.362761299157956,20.408161033462104,4218400,19.729398918151855,19.390915870666504,1,0,1,0.0019968365816125377
2018-01-19,20.48847198486328,20.518738463842077,20.39302067536555,20.4768325343499,3587200,19.781024360656737,19.41679832458496,1,0,1,0.0021062043048960533
2018-01-22,20.646785736083984,20.646785736083984,20.42678002196295,20.479161996524716,3824000,19.841612911224367,19.446009674072265,1,0,1,0.007726967210520241
2018-01-23,20.772499084472656,20.79112433513961,20.684031808107093,20.68752382058194,4268000,19.9109317779541,19.475506134033203,1,0,1,0.00608876122393065
2018-01-24,20.58741950988769,20.8400185288043,20.50011562783901,20.80626180927437,5635200,19.972160720825194,19.504737586975097,1,0,1,-0.008909836694772633
2018-01-25,20.53387451171875,20.73525676640297,20.481492532208684,20.70848229422045,5583200,20.03746395111084,19.532758750915526,1,0,1,-0.00260086010989502
2018-01-26,20.858646392822266,20.858646392822266,20.633983451285072,20.66657676256473,3272000,20.117492771148683,19.567345123291016,1,0,1,0.015816395533057692
2018-01-29,20.68636512756348,20.82488579846962,20.644459192103863,20.823722386113158,4627200,20.188034343719483,19.599159164428713,1,0,1,-0.008259465260318621
2018-01-30,20.47916412353516,20.599063102752307,20.42096152882103,20.49778938013221,6538400,20.253221130371095,19.629731636047364,1,0,1,-0.010016307976321803
2018-01-31,20.62350082397461,20.660751325656108,20.49312762049273,20.597891548119,6596800,20.31252956390381,19.65796646118164,1,0,1,0.007047978109300468
2018-02-01,20.608373641967773,20.753880126543976,20.51990633877824,20.53154756802521,3925600,20.360953998565673,19.687849235534667,1,0,1,-0.0007334924432058632
2018-02-02,20.02867317199707,20.397677346020807,20.01936054529655,20.387201307058444,6180800,20.374747562408448,19.704791107177734,1,0,1,-0.028129365278499074
2018-02-05,19.245269775390625,20.18815072415062,19.224315918110342,19.81681966971659,13896800,20.338836479187012,19.70135139465332,1,0,1,-0.039114093573694886
2018-02-06,19.731840133666992,19.772582654486904,18.812239982207554,18.95076242155289,13516000,20.32248134613037,19.70866481781006,1,0,1,0.025282594837852335
2018-02-07,19.51067924499512,19.895980243934744,19.504858628680072,19.70158373719069,10808000,20.297629165649415,19.709325828552245,1,0,1,-0.011208325588170642
2018-02-08,18.70747756958008,19.602631926615867,18.69467292851964,19.58517185980714,7523200,20.235876178741456,19.694340858459473,1,0,1,-0.041167284097557766
2018-02-09,19.15912628173828,19.275531450387817,18.387361221409176,18.9856837172197,10192800,20.19018716812134,19.68741367340088,1,0,1,0.02414268361292171
2018-02-12,19.50136375427246,19.6142769446554,19.21849996011069,19.34770980806424,6020800,20.155847930908205,19.69745487213135,1,0,1,0.01786289559876164
2018-02-13,19.56189346313477,19.601470803324545,19.3407225259168,19.381465054831303,4084800,20.129074954986574,19.70554885864258,1,0,1,0.0031038705613113393
2018-02-14,19.961164474487305,19.989102363705825,19.386122465540936,19.45247428635898,4979200,20.106899929046634,19.723741188049317,1,0,1,0.02041065258355368
2018-02-15,20.346460342407227,20.346460342407227,19.91809013865328,20.14973708300411,5687200,20.10195245742798,19.75704647064209,1,0,1,0.01930227409389751
2018-02-16,20.295242309570312,20.50127818373266,20.20793843116872,20.288256507288544,7195200,20.09229097366333,19.788468208312988,1,0,1,-0.002517294506020895
2018-02-20,20.345293045043945,20.500112115831453,20.17068531085977,20.183489949081345,12955200,20.07721633911133,19.81849937438965,1,0,1,0.0024661314563378944
2018-02-21,20.24402618408203,20.604881192474696,20.239368982000894,20.429110002258412,4133600,20.0507926940918,19.84378860473633,1,0,1,-0.004977409798802679
2018-02-22,20.251012802124023,20.42911261616879,20.195138803416476,20.31387082864472,3287200,20.033972358703615,19.8677779006958,1,0,1,0.0003451199864326071
2018-02-23,20.66307830810547,20.66307830810547,20.368573409712216,20.409315924213164,3156000,20.04043254852295,19.89696674346924,1,0,1,0.020347896177233427
2018-02-26,20.97156143188477,20.97621685839425,20.75388249826526,20.757376288400383,7978400,20.046078300476076,19.9333003616333,1,0,1,0.014929194923405609
2018-02-27,20.779489517211918,21.07865170362225,20.779489517211918,20.99134781242577,10240800,20.0507345199585,19.965398025512695,1,0,1,-0.009158684502186376
2018-02-28,20.643295288085938,20.989018833090043,20.643295288085938,20.884254876023057,3654400,20.058941078186038,19.995127983093262,1,0,1,-0.006554262510306996
2018-03-01,20.31852149963379,20.769008910789758,20.143913755625825,20.70149370329579,10119200,20.043692111968998,20.01396228790283,1,0,1,-0.015732652365806565
2018-03-02,20.545515060424805,20.57810836998257,20.015871115807983,20.08687834938785,5247200,20.040549182891848,20.033681259155273,1,0,1,0.011171755818704998
2018-03-05,20.75620651245117,20.82139312639199,20.396514947255003,20.43609228054736,3785600,20.076925849914552,20.059686126708986,1,0,1,0.010254863477830334
2018-03-06,20.82605361938477,20.907536899688253,20.71663245317624,20.862138945219,52516000,20.15596504211426,20.08750690460205,1,0,1,0.0033651190978323253
2018-03-07,20.95759010314941,20.97970737394525,20.61536032876878,20.671234323904063,5213600,20.217252540588383,20.11893627166748,1,0,1,0.006315958182409043
2018-03-08,21.03907585144043,21.077489779423495,20.9180134524267,21.025106020045097,4468000,20.293672370910645,20.152460975646974,1,0,1,0.0038881258718184153
2018-03-09,21.454633712768555,21.454633712768555,21.17642546493682,21.19621412803093,5372000,20.431030178070067,20.196997451782227,1,0,1,0.01975171648519325
2018-03-12,21.53030776977539,21.60946245759616,21.45231471838391,21.52332196537724,6228800,20.549589252471925,20.242442207336424,1,0,1,0.0035271661133882137
2018-03-13,21.26955223083496,21.693266967158877,21.197381595766096,21.62924377014525,6681600,20.63799867630005,20.282322578430175,1,0,1,-0.012111092034944426
2018-03-14,21.274219512939453,21.39644536150456,21.16596350000082,21.370836068426048,3964000,20.723614978790284,20.324298400878906,1,0,1,0.0002194349017712316
2018-03-15,21.278867721557617,21.398764917466405,21.17875919353452,21.287015160709547,3104800,20.789500141143797,20.361129112243653,1,0,1,0.0002184902066717509
2018-03-16,21.25414085388184,21.38011739677984,21.22381165143218,21.314795699015608,2503200,20.83488416671753,20.39341423034668,1,0,1,-0.0011620386948844041
2018-03-19,20.8365421295166,21.071000697937173,20.648741398233263,21.071000697937173,5984800,20.861949157714843,20.41508903503418,1,0,1,-0.0196478760179557
2018-03-20,20.857534408569336,20.92518950791182,20.736222982774542,20.779381564470807,3238400,20.887561225891112,20.43296989440918,1,0,1,0.001007474221118354
2018-03-21,20.76655578613281,21.025510903310376,20.70123409529209,20.81904630342392,3920800,20.913687705993652,20.44712215423584,1,0,1,-0.004361906860819942
2018-03-22,20.208988189697266,20.63008175217573,20.198490441186166,20.49710493138689,5284000,20.911586475372314,20.4511474609375,1,0,1,-0.026849305305016835
2018-03-23,19.670080184936523,20.252144498463743,19.666580935828215,20.176325061273715,6452800,20.861936569213867,20.445698318481444,1,0,1,-0.026666748463709977
2018-03-26,20.41661262512207,20.43527647023817,19.78905462718052,20.059675041717263,4456800,20.83418912887573,20.452572441101076,1,0,1,0.03795268921970374
2018-03-27,19.72373580932617,20.55892431062019,19.57559618942604,20.555425061638765,7929600,20.781401443481446,20.443284187316895,1,0,1,-0.03393691345954897
2018-03-28,19.5289363861084,19.829884254856232,19.415789257087148,19.668911683695598,6789600,20.72568349838257,20.431915855407716,1,0,1,-0.0098763958867093
2018-03-29,19.94652938842773,20.147161288409528,19.535933665222863,19.671243882398,4537600,20.707083892822265,20.422753143310548,1,0,1,0.021383294720360713
2018-04-02,19.4659481048584,19.95469671282326,19.23965384705183,19.861379254568263,7639200,20.653105545043946,20.40316390991211,1,0,1,-0.0240934788308661
2018-04-03,19.64208030700684,19.693404989711905,19.33879906186716,19.62225063957664,5156000,20.59739923477173,20.38623607635498,1,0,1,0.009048221088418629
2018-04-04,19.902204513549805,19.9616953056601,19.202326243132077,19.25715018337206,4648800,20.55120677947998,20.371344451904296,1,0,1,0.013243210621136203
2018-04-05,19.986188888549805,20.13083103013328,19.852046273123975,20.079506341833252,3403200,20.50263671875,20.35561824798584,1,0,1,0.0042198528782488864
2018-04-06,19.503273010253903,19.962859999957026,19.406456308067717,19.780891944718352,3950400,20.425846576690674,20.333935317993163,1,0,1,-0.024162479449624685
2018-04-09,19.636255264282227,20.02468800402085,19.61992483888253,19.647920616660382,3306400,20.33492765426636,20.315982933044435,1,0,1,0.006818458315094533
2018-04-10,20.11916732788086,20.20081943873166,19.85904639621241,19.951196254197768,4978400,20.26437063217163,20.301193351745606,0,-1,0,0.024592879706398785
2018-04-11,20.03635025024414,20.219484150987117,19.93603428694536,19.997856729223173,3116000,20.20271053314209,20.28819305419922,0,0,0,-0.004116327295610844
2018-04-12,20.28597450256348,20.376958546124246,20.13316801350328,20.164661257893982,2426400,20.15329828262329,20.284329261779785,0,0,0,0.012458569010905363
2018-04-13,20.20548248291016,20.432942527372543,20.113330862408606,20.4096136115091,3796000,20.09962902069092,20.275968894958496,0,0,0,-0.003967865563626161
2018-04-16,20.345457077026367,20.430608418024963,20.20898105491668,20.3372927576944,2748000,20.054194831848143,20.27071056365967,0,0,0,0.006927555144233599
2018-04-17,20.76772689819336,20.829551135501028,20.49127546480839,20.528603171870905,3832800,20.050754070281982,20.285491638183593,0,0,0,0.020754993095918772
2018-04-18,20.732728958129883,20.80271572068545,20.586920977952573,20.754890276015477,3199200,20.04451379776001,20.31524082183838,0,0,0,-0.0016852080266194225
2018-04-19,20.488941192626957,20.61142027903229,20.414287561465702,20.607921029124967,3040800,20.030633068084718,20.330382843017578,0,0,0,-0.011758595117664417
2018-04-20,20.201988220214844,20.445778743935424,20.126167000093847,20.436446819310564,6593600,20.030283069610597,20.344209022521973,0,0,0,-0.014005261165734306
2018-04-23,20.118003845214844,20.340798886362432,20.02585219662668,20.28714076162825,2988000,20.05267925262451,20.372419548034667,0,0,0,-0.0041572331438131105
2018-04-24,19.73773765563965,20.269644942151828,19.588428629714254,20.20782249401931,5121600,20.018735504150392,20.383991775512694,0,0,0,-0.01890178531135156
2018-04-25,19.70624351501465,19.790229067170685,19.456620284962774,19.78206296465528,4559200,20.017860889434814,20.38808937072754,0,0,0,-0.0015956307239700651
2018-04-26,20.106332778930664,20.183319804756486,19.90803432019203,19.971024352188515,2740000,20.046730709075927,20.39897815704346,0,0,0,0.020302665173663303
2018-04-27,20.02118682861328,20.312802811190316,19.91737161001117,20.29880581358908,3090400,20.050463581085204,20.400178604125976,0,0,0,-0.004234782705208495
2018-04-30,19.941865921020508,20.21598384627069,19.882375128056704,20.070175871175117,4079200,20.07425947189331,20.39208671569824,0,0,0,-0.00396184842945535
2018-05-01,20.18216323852539,20.19849366544371,19.85088606693756,19.896379877513283,2947200,20.10126361846924,20.389825134277345,0,0,0,0.012049891341992636
2018-05-02,20.187992095947266,20.407286104522356,20.162329747090173,20.301137459693724,3120800,20.115552997589113,20.38667911529541,0,0,0,0.0002888123217013039
2018-05-03,20.2509765625,20.32096509712896,19.918533692835982,20.114500521867654,3070400,20.128792381286623,20.38681812286377,0,0,0,0.0031198975239037363
2018-05-04,20.63241577148437,20.67207512025469,20.155330643468936,20.16583017216457,4048800,20.185249519348144,20.394446182250977,0,0,0,0.01883559579495575
2018-05-07,20.81087875366211,20.89603010316423,20.69189896101212,20.72106055274813,5992000,20.24398069381714,20.397402191162108,0,0,0,0.008649640650630452
2018-05-08,20.89020156860352,20.897200067225867,20.695402310789888,20.77822203088058,5102400,20.28253240585327,20.395774993896485,0,0,0,0.00381160333882824
2018-05-09,21.1643123626709,21.167811610504863,20.884360076780247,20.94618427490477,4032000,20.338930511474608,20.403471450805664,0,0,0,0.013121500679023956
2018-05-10,21.416275024414062,21.425605168057604,21.20981044362293,21.23663861133356,4616800,20.395445537567138,20.418931045532226,0,0,0,0.011905071963857816
2018-05-11,21.35445213317871,21.43493663459467,21.278630923602684,21.381280300317364,3166400,20.452894020080567,20.439649658203123,1,1,1,-0.0028867247532483598
2018-05-14,21.3276309967041,21.509599127046663,21.296137744833125,21.42678116561586,6256800,20.502002716064453,20.45529197692871,1,0,1,-0.0012559974054748846
2018-05-15,21.14215469360352,21.19114595572143,21.02900757161129,21.189980132771847,5376000,20.52072410583496,20.463010940551758,1,0,1,-0.008696526263476945
2018-05-16,21.252965927124023,21.29379286409931,21.123488399429057,21.16898040754447,2639200,20.546735954284667,20.471549186706543,1,0,1,0.005241245990600385
2018-05-17,21.147993087768555,21.318295838350306,21.047677110619897,21.172487835511134,2608800,20.579688549041748,20.475357246398925,1,0,1,-0.004939208942197459
2018-05-18,21.06633949279785,21.182985886933206,21.054674141431228,21.10599883963202,2235200,20.622906112670897,20.475902519226075,1,0,1,-0.00386105644312551
2018-05-21,21.23080444335937,21.364948832242185,21.125823425870475,21.25530096337734,2880000,20.678546142578124,20.471425933837892,1,0,1,0.00780700181053029
2018-05-22,21.180652618408203,21.35912146037367,21.14215909447096,21.32646061216317,2114400,20.750691890716553,20.464432830810548,1,0,1,-0.0023622197211116136
2018-05-23,21.34395408630371,21.34395408630371,20.99751419576319,21.018511469674817,2529600,20.832577419281005,20.465920867919923,1,0,1,0.007709935611406982
2018-05-24,21.32879447937012,21.36845382731951,21.10250018360288,21.341625654281128,2330400,20.893700504302977,20.467012367248536,1,0,1,-0.000710252977133119
2018-05-25,21.333459854125977,21.39878155282212,21.27863590417397,21.303132431126425,2542400,20.959314155578614,20.468104209899902,1,0,1,0.00021873597968080638
2018-05-29,21.213308334350582,21.33112052404378,21.067500375871845,21.235471428820524,2954400,21.022886276245117,20.467287559509277,1,0,1,-0.005632069087572633
2018-05-30,21.3696231842041,21.410450142003743,21.286805225078748,21.32413115288485,2940000,21.082259273529054,20.477949180603026,1,0,1,0.007368716250656604
2018-05-31,21.34745407104492,21.52125782376694,21.32995782541765,21.371950594805668,2940800,21.140232372283936,20.487747573852538,1,0,1,-0.0010374124507525062
2018-06-01,21.73355484008789,21.73355484008789,21.481598226735272,21.481598226735272,16909600,21.21436128616333,20.50708755493164,1,0,1,0.018086501919995612
2018-06-04,21.91552352905273,21.93535320104865,21.76504869466816,21.793044468012003,3601600,21.278516674041747,20.54121826171875,1,0,1,0.008372707102162424
2018-06-05,22.035667419433597,22.04616516615045,21.931852215507867,21.97151155635984,5015200,21.339756107330324,20.588530006408693,1,0,1,0.005482136450977171
2018-06-06,22.162813186645508,22.162813186645508,21.96101543862897,22.05899797501916,4140000,21.403386688232423,20.623454017639162,1,0,1,0.005769998466203852
2018-06-07,21.912023544311523,22.177977152561205,21.77088063911288,22.177977152561205,4134400,21.440772247314452,20.667219772338868,1,0,1,-0.011315785600949813
2018-06-08,21.91552352905273,21.94818437467925,21.732387849041643,21.77438061911611,2836800,21.465734672546386,20.714951515197754,1,0,1,0.00015972896040983287
2018-06-11,21.913190841674805,21.977346711990545,21.853701823681657,21.92018934027604,3641600,21.49367160797119,20.754284744262694,1,0,1,-0.00010643995681114404
2018-06-12,22.06016540527344,22.0741641828366,21.92602276448191,21.95168511348454,2361600,21.53029832839966,20.806169090270995,1,0,1,0.00670712744029589
2018-06-13,22.017004013061523,22.21647010408974,21.99017584428688,22.072993776555457,3336800,21.574040794372557,20.85366756439209,1,0,1,-0.0019565307611700833
2018-06-14,22.13482093811035,22.216474844653703,22.07883116266929,22.09866083772377,4594400,21.618133544921875,20.8983198928833,1,0,1,0.005351178797030398
2018-06-15,22.050830841064453,22.075327363956116,21.90035779436069,22.072993937994408,2816000,21.66327543258667,20.939612731933593,1,0,1,-0.0037944782693628554
2018-06-18,22.08349227905273,22.09632167144696,21.814037661243518,21.90035661836652,3100800,21.714133071899415,20.99121711730957,1,0,1,0.0014811885422227888
2018-06-19,21.93068504333496,21.931852646248068,21.634404024251484,21.80237509454991,4202400,21.749127101898193,21.037105712890625,1,0,1,-0.006919523134604755
2018-06-20,21.99134063720703,22.08349226893764,21.95867979504192,21.98550796255989,3215200,21.789661502838136,21.07454917907715,1,0,1,0.0027657865566996787
2018-06-21,21.796545028686523,22.08232833505534,21.749887183521995,22.055500163079877,5245600,21.812291049957274,21.109753074645997,1,0,1,-0.008857832350199435
2018-06-22,21.681062698364254,21.844368702943587,21.608742510267483,21.844368702943587,2446400,21.82990446090698,21.13765483856201,1,0,1,-0.005298194285850433
2018-06-25,21.179481506347656,21.520088681118075,21.008011206120173,21.520088681118075,7468800,21.822205543518066,21.157134819030762,1,0,1,-0.023134529842692597
2018-06-26,21.29146957397461,21.43261251653146,21.21098326440676,21.255309470808303,4446400,21.826113605499266,21.176055068969728,1,0,1,0.0052875736166340115
2018-06-27,20.96486091613769,21.44194613456593,20.95786241560285,21.355627141575575,4678400,21.805875492095947,21.179997749328614,1,0,1,-0.015339883266495824
2018-06-28,21.204391479492188,21.2722307775228,20.93303607209779,20.93303607209779,6327200,21.798722362518312,21.18943099975586,1,0,1,0.011425335198389952
2018-06-29,21.217266082763672,21.40674895134385,21.211419311319386,21.289784966797797,2836000,21.7729079246521,21.203997497558593,1,0,1,0.0006071668354141746
2018-07-02,21.439489364624023,21.439489364624023,21.014909714962936,21.05233903034736,4277600,21.749106216430665,21.228747520446777,1,0,1,0.010473700098472039
2018-07-03,21.20088195800781,21.54358721145252,21.188015853925016,21.52136377851605,2643200,21.70736694335937,21.25040508270264,1,0,1,-0.011129341868091558
2018-07-05,21.479263305664062,21.49096041651532,21.264050029937824,21.33071856455008,4777600,21.6731894493103,21.285235595703124,1,0,1,0.013130649385607596
2018-07-06,21.73541259765625,21.770502142112264,21.45236003257357,21.512011008838936,2593600,21.664358901977536,21.325818977355958,1,0,1,0.011925422596995805
2018-07-09,21.92372703552246,21.92372703552246,21.743601520523104,21.855887718095428,2747200,21.664769077301024,21.362166862487793,1,0,1,0.008663945854265442
2018-07-10,21.96817398071289,22.04069107191956,21.923727100435997,21.958816648826776,6876800,21.667518234252928,21.401106605529787,1,0,1,0.0020273443980767247
2018-07-11,21.852373123168945,21.95413117985038,21.76815894359532,21.809097036484307,2871200,21.657128620147702,21.439316749572754,1,0,1,-0.005271301003242801
2018-07-12,22.2231502532959,22.22899880767662,21.92021405449364,21.954132814336678,2724000,21.66743593215942,21.480136489868165,1,0,1,0.016967362219064253
2018-07-13,22.195083618164062,22.25824516514984,22.12139752631886,22.22900417091941,2560800,21.670449066162107,21.5202783203125,1,0,1,-0.0012629458385483572
2018-07-16,22.11789321899414,22.233686437317814,22.08397265938471,22.200936659940517,2884000,21.67380218505859,21.557616653442384,1,0,1,-0.0034778151998828832
2018-07-17,22.29801750183105,22.33076727995339,21.92373304848362,21.981044267833177,3102400,21.684528446197508,21.590928688049317,1,0,1,0.008143826405772936
2018-07-18,22.285144805908203,22.30502846641289,22.190404276850607,22.300350692947063,2403200,21.70225143432617,21.620414009094237,1,0,1,-0.0005773022611446077
2018-07-19,22.26174736022949,22.334264433368887,22.21028294004226,22.24654147661196,2442400,21.715771770477293,21.64784492492676,1,0,1,-0.001049912212035986
2018-07-20,22.24654960632324,22.367022368183044,22.21613961270336,22.335443377214663,2615200,21.738271999359128,21.669489669799805,1,0,1,-0.000682684681499901
2018-07-23,22.33426856994629,22.351814235384214,22.08630553736727,22.198589943364823,2787200,21.77093229293823,21.68784954071045,1,0,1,0.003943036793360388
2018-07-24,22.300352096557617,22.557672486858767,22.23134377903992,22.469949504842788,3508800,21.826975822448727,21.706767539978028,1,0,1,-0.0015185844695317918
2018-07-25,22.62200164794922,22.632527976812888,22.30035073355007,22.3249121675653,2319200,21.893502426147457,21.73265495300293,1,0,1,0.014423518965032578
2018-07-26,22.543636322021484,22.62433996251365,22.467608670341317,22.514395329389547,3770400,21.97244119644165,21.76068458557129,1,0,1,-0.0034641198929821204
2018-07-27,22.105024337768555,22.574049278725727,21.967005906347428,22.571709499283664,3990400,22.01747283935547,21.77772575378418,1,0,1,-0.019456132896558342
2018-07-30,21.70850944519043,22.124900814178236,21.576339612943958,22.12373003247312,4684800,22.042035007476805,21.78893608093262,1,0,1,-0.017937772269295382
2018-07-31,21.774009704589844,21.91670586862418,21.634822316332723,21.77283892284526,4324800,22.058761024475096,21.803089485168456,1,0,1,0.003017261943515148
2018-08-01,22.024314880371094,22.0769483074697,21.88746725602333,21.93074335179109,3085600,22.09993267059326,21.818959693908692,1,0,1,0.011495594021366129
2018-08-02,22.342456817626957,22.374035802781798,21.814948199776502,21.85003774578811,2952800,22.143092346191406,21.842195777893068,1,0,1,0.014445032183017181
2018-08-03,22.399763107299805,22.40210288578193,22.213790874352178,22.36584435058525,2857600,22.176309871673585,21.863311958312988,1,0,1,0.0025649054685712436
2018-08-06,22.53193664550781,22.534276424375943,22.356490709693105,22.389240474933583,2488000,22.20672035217285,21.887374801635744,1,0,1,0.005900666787182596
2018-08-07,22.62200164794922,22.67814385328399,22.562348881598027,22.605626763696225,2771200,22.239411735534667,21.91314563751221,1,0,1,0.003997215324114789
2018-08-08,22.66527366638184,22.69451465333761,22.52725706462012,22.609131471150647,3417600,22.280056762695313,21.94218494415283,1,0,1,0.0019128288957817041
2018-08-09,22.686336517333984,22.781077064644776,22.665282070859995,22.68399673778601,4003200,22.303216075897218,21.96851921081543,1,0,1,0.0009293005353554484
2018-08-10,22.537784576416016,22.64889997574373,22.45123060797457,22.52725824889333,2946400,22.320351123809814,21.99232582092285,1,0,1,-0.006548079757366931
2018-08-13,22.49567985534668,22.733116564185902,22.48515352671325,22.57872327198169,3118400,22.33924045562744,22.007568321228028,1,0,1,-0.001868183668477963
2018-08-14,22.643051147460938,22.66410558698017,22.45006133963076,22.57755161958472,3759200,22.356492137908937,22.02211887359619,1,0,1,0.006551093057062252
2018-08-15,22.44304084777832,22.591583763062665,22.267594941925715,22.505031591734664,3533600,22.36438694000244,22.030266342163085,1,0,1,-0.008833186763571144
2018-08-16,22.5810604095459,22.68164948019841,22.540124096961723,22.60913240067972,2669600,22.380352592468263,22.038631286621094,1,0,1,0.0061497710004498884
2018-08-17,22.66059684753418,22.70036416313307,22.44304382403728,22.50854335201857,3205600,22.40105495452881,22.053602752685546,1,0,1,0.003522263195162356
2018-08-20,22.639545440673828,22.72025086443611,22.533107801082167,22.715573090980097,3512000,22.416318798065184,22.068083190917967,1,0,1,-0.0009289873078802691
2018-08-21,22.688663482666016,22.822002296419303,22.672288603248173,22.69217225791784,2760800,22.435734367370607,22.08359264373779,1,0,1,0.0021695683829385803
2018-08-22,22.80446434020996,22.841891880854952,22.61498328851013,22.648902052992412,2339200,22.44485750198364,22.098478622436524,1,0,1,0.005103908285845726
2018-08-23,22.87698173522949,22.98107959382436,22.78341020526446,22.791598539573325,2604800,22.461524772644044,22.115678176879882,1,0,1,0.003179964849762351
2018-08-24,23.13898086547852,23.143658638687885,22.94716003878268,22.94716003878268,2939200,22.51322259902954,22.135761375427247,1,0,1,0.011452521721672992
2018-08-27,23.3167667388916,23.346007729642796,23.188105665694984,23.24541865006956,3593600,22.593635463714598,22.161080093383788,1,0,1,0.007683392559364011
2018-08-28,23.427879333496094,23.44659399366436,23.320272714620916,23.39395878885009,2707200,22.676328945159913,22.187967834472655,1,0,1,0.0047653517251669
2018-08-29,23.65245246887207,23.66765835500045,23.430221655616872,23.430221655616872,31328000,22.757735824584962,22.2224031829834,1,0,1,0.009585721873464292
2018-08-30,23.595142364501957,23.751875448641037,23.53081182079509,23.60567047872936,3841600,22.82037010192871,22.254479217529298,1,0,1,-0.002423008964737905
2018-08-31,23.720291137695312,23.75888945816276,23.574086189589117,23.574086189589117,2654400,22.886396503448488,22.292954139709472,1,0,1,0.005304005852562188
2018-09-04,23.75420570373535,23.76473202980451,23.53431471424692,23.678179858042917,4084800,22.947509956359863,22.334416999816895,1,0,1,0.001429770226814009
2018-09-05,23.384597778320312,23.73548956997224,23.261787079024497,23.73548956997224,4346400,22.985639762878417,22.37851932525635,1,0,1,-0.015559683620863796
2018-09-06,23.259450912475582,23.42787928417896,23.100379870836647,23.384601409539925,4081600,23.015348625183105,22.417878952026367,1,0,1,-0.005351679213433047
2018-09-07,23.1881103515625,23.408003217560648,23.094538805304005,23.134306132427007,3655200,23.040437316894533,22.462343940734865,1,0,1,-0.003067164447756454
2018-09-10,23.273483276367188,23.30272426010436,23.13312691137436,23.28401138690586,2818400,23.07722225189209,22.503725776672365,1,0,1,0.0036817542917608748
2018-09-11,23.420862197875977,23.48168216741016,23.133130093047903,23.1845945170601,4108000,23.123481369018556,22.54779769897461,1,0,1,0.006332482325859701
2018-09-12,23.375246047973636,23.406825029370115,23.103888828156364,23.4033162536594,3530400,23.16009111404419,22.586512832641603,1,0,1,-0.0019476716748061396
2018-09-13,23.645435333251957,23.744853631573864,23.51092570414097,23.52145381726907,3360800,23.220210838317872,22.635403900146486,1,0,1,0.01155877823590834
2018-09-14,23.66766166687012,23.78345486288666,23.55303568340282,23.67467921999492,2982400,23.274540901184082,22.679171867370606,1,0,1,0.0009399841155348643
2018-09-17,23.30975151062012,23.670000794341355,23.28402107617387,23.64075979843601,2941600,23.30699863433838,22.710658645629884,1,0,1,-0.015122328571689936
2018-09-18,23.46297645568848,23.56824332987082,23.295717026578803,23.31794046961767,6394400,23.348170185089113,22.741443634033203,1,0,1,0.00657342679086681
2018-09-19,23.34717559814453,23.54718475049455,23.25594385418932,23.48051443813509,4063200,23.38109579086304,22.769023666381838,1,0,1,-0.004935471753238385
2018-09-20,23.599822998046875,23.64193010268872,23.40800214017375,23.49338534676767,6365600,23.420863723754884,22.803972663879396,1,0,1,0.01082132606748476
2018-09-21,23.56238555908203,23.74017124913781,23.51794047511417,23.69221560498985,5593600,23.455133914947513,22.830757369995116,1,0,1,-0.0015863440572390086
2018-09-24,23.649105072021484,23.663187329070947,23.340496840261977,23.44845126165845,3504800,23.48064012527466,22.859837799072267,1,0,1,0.003680421607651141
2018-09-25,23.65731811523437,23.70660153500757,23.569311624818667,23.651450657774003,2476800,23.4976676940918,22.89062629699707,1,0,1,0.000347287695998455
2018-09-26,23.545841217041016,23.7746577110063,23.50946549114095,23.683131113420185,4165600,23.503565788269047,22.91558277130127,1,0,1,-0.004712152816745863
2018-09-27,23.66318893432617,23.74650075441034,23.640893667107427,23.64558655944443,3102400,23.504102611541747,22.94314365386963,1,0,1,0.004983798039045029
2018-09-28,23.76879501342773,23.79578317183872,23.617424622647988,23.629157748241244,2500800,23.512785243988038,22.973284606933593,1,0,1,0.004462884499407904
2018-10-01,23.81221008300781,23.961234917352897,23.75940654358535,23.88848345372625,4048800,23.517381191253662,23.004597816467285,1,0,1,0.0018265574487705827
2018-10-02,23.78170394897461,23.938941806024676,23.724205721920377,23.81221222570917,5172000,23.518756103515624,23.03354652404785,1,0,1,-0.0012811130897492085
2018-10-03,23.88613510131836,23.98939662505968,23.846239254598917,23.8790948684263,3349600,23.543832969665527,23.065262184143066,1,0,1,0.004391239272333758
2018-10-04,23.466053009033203,23.82042635566347,23.30412226415325,23.79578374747693,5644000,23.55416307449341,23.082143211364745,1,0,1,-0.017586859092242668
2018-10-05,23.157447814941406,23.52824722858483,22.91806909713036,23.457843092549943,6021600,23.552629947662354,23.094419441223145,1,0,1,-0.013151133425506223
2018-10-08,22.85352897644043,23.092907676935937,22.59655148133058,23.057704716216367,6216000,23.531632232666016,23.10938953399658,1,0,1,-0.013124021305356726
2018-10-09,22.913368225097656,23.050658122578927,22.799546364789027,22.84530966394945,5196000,23.5062575340271,23.133486709594727,1,0,1,0.002618381113871582
2018-10-10,21.84907913208008,22.808937583168827,21.80683594221926,22.808937583168827,11228800,23.42994918823242,23.134988098144532,1,0,1,-0.04644839128678724
2018-10-11,21.543994903564453,22.117797291510023,21.38675524098346,21.758729217703056,15281600,23.324877166748045,23.125381698608397,1,0,1,-0.013963253401727438
2018-10-12,22.208147048950195,22.277380192139237,21.79275714230041,22.128355345609457,9203200,23.25190143585205,23.122695503234862,1,0,1,0.03082771548910168
2018-10-15,21.890151977539062,22.194067348915205,21.856121792498737,22.15534427136774,5240800,23.180921459197997,23.112503280639647,1,0,1,-0.01431884752519974
2018-10-16,22.57073402404785,22.639965373125765,22.118966615698263,22.16355714788252,5463200,23.136309337615963,23.11327922821045,1,0,1,0.031090786724875974
2018-10-17,22.49094009399414,22.627057238683207,22.29497917609544,22.627057238683207,4528800,23.093497562408444,23.110657997131348,0,-1,0,-0.003535282900799519
2018-10-18,22.036827087402344,22.39002584886825,21.9042300596824,22.39002584886825,8724000,23.015347766876218,23.098089065551758,0,0,0,-0.020190930423271247
2018-10-19,21.973466873168945,22.364216029789265,21.903062732735616,22.154174593658613,4030400,22.935901832580562,23.083831672668456,0,0,0,-0.002875196777743838
2018-10-22,22.151819229125977,22.28441624180716,21.93473584612538,22.06498551782643,6020800,22.861037540435788,23.076112365722658,0,0,0,0.008116714444128537
2018-10-23,22.06850814819336,22.18702290937649,21.475930761284484,21.72469519843968,7120000,22.78159704208374,23.06756893157959,0,0,0,-0.0037609137231978673
2018-10-24,21.07814216613769,22.06850884490369,21.053499560501606,22.02626565702516,7926400,22.658212089538573,23.036270751953126,0,0,0,-0.04487688861454575
2018-10-25,21.755205154418945,21.864334140815306,21.32221469693363,21.359763204271207,8926400,22.562812900543214,23.022514038085937,0,0,0,0.03212156853980064
2018-10-26,21.318693161010746,21.700054651358936,20.9995245763456,21.23068666323808,6912800,22.440307807922363,22.997266693115236,0,0,0,-0.02006471510196417
2018-10-29,20.96666717529297,21.764593113402253,20.548929952237845,21.62847775758988,7790400,22.298030662536622,22.96338809967041,0,0,0,-0.01651254995130702
2018-10-30,21.23538398742676,21.260024807190163,20.8176467125132,20.905653221233653,7232800,22.17071466445923,22.935304870605467,0,0,0,0.012816381825836665
2018-10-31,21.75403594970703,21.925356078326946,21.499403993649803,21.541647190398752,5440000,22.06410970687866,22.91661231994629,0,0,0,0.024423950260911598
2018-11-01,22.052080154418945,22.06733518665424,21.62260981557045,21.803315699179223,5495200,21.99341106414795,22.901564636230468,0,0,0,0.013700639522751468
2018-11-02,21.65077018737793,22.032131659405785,21.479451882622023,21.90892400084029,5134400,21.918077182769775,22.877040405273437,0,0,0,-0.018198281714507436
2018-11-05,21.59914779663086,21.63200342099261,21.298750703113463,21.63200342099261,4059200,21.855358123779297,22.846243743896483,0,0,0,-0.0023843212181506868
2018-11-06,21.73056411743164,21.82561084592636,21.53812331922721,21.5780191673984,4181600,21.796217918395996,22.814519691467286,0,0,0,0.006084328976223796
2018-11-07,22.3536434173584,22.36303098903364,21.942946556672023,21.962894475045815,4941600,21.82144613265991,22.793034973144533,0,0,0,0.028672946388305753
2018-11-08,22.312578201293945,22.37007641973322,22.17880840719758,22.27620247165759,3847200,21.859875297546388,22.766237487792967,0,0,0,-0.0018370703736181326
2018-11-09,21.92769432067871,22.148297806892984,21.730560661888767,22.106054624224218,3705600,21.845852661132813,22.732888526916504,0,0,0,-0.017249637273782814
2018-11-12,21.17319107055664,21.77280877078788,21.116867411086865,21.737605812182945,4714400,21.81000461578369,22.681946525573732,0,0,0,-0.034408690630575944
2018-11-13,21.18257522583008,21.54164140653954,21.126249784956645,21.20487048903041,6419200,21.740596675872805,22.630513916015627,0,0,0,0.0004432093037922691
2018-11-14,20.952585220336918,21.47123659564381,20.84345803026064,21.40552536843702,20489600,21.663678932189946,22.58187366485596,0,0,0,-0.010857509204674654
2018-11-15,21.47710609436035,21.521696627272828,20.862233370422786,20.980749936217144,16684000,21.635692882537846,22.546226768493653,0,0,0,0.02503370674824068
2018-11-16,21.44660186767578,21.554556313083285,21.202530246994705,21.23655864556452,4176800,21.609349632263186,22.511396598815917,0,0,0,-0.0014203136377195502
2018-11-19,20.601734161376957,21.35624230194689,20.546583282522302,21.32338668779901,6094400,21.531845378875737,22.457961616516112,0,0,0,-0.03939401269775078
2018-11-20,20.182823181152344,20.456230244919425,19.910588892758824,20.037318462476836,13024000,21.437561130523683,22.39320083618164,0,0,0,-0.02033377272724768
2018-11-21,20.352970123291016,20.539543478901315,20.26144350391627,20.48439438458304,4322400,21.40130252838135,22.332755317687987,0,0,0,0.008430284535097199
2018-11-23,20.21685028076172,20.40577095265098,20.113590549083863,20.1523136198993,1666400,21.324384784698488,22.264183616638185,0,0,0,-0.006687959629711582
2018-11-26,20.655710220336918,20.660404902584112,20.37174282126789,20.46444220493845,4443200,21.291235637664798,22.203944587707518,0,0,0,0.0217076316775624
2018-11-27,20.67213630676269,20.717899607132576,20.401076620687515,20.519591375364254,3509600,21.276509094238286,22.151192283630373,0,0,0,0.0007952322263700129
2018-11-28,21.393798828125,21.3973189456304,20.784793432729906,20.842289878982907,4894400,21.284429836273194,22.109808731079102,0,0,0,0.0349099150012
2018-11-29,21.22482109069824,21.38323171309935,21.099264293875983,21.33981574696299,3882400,21.257969093322753,22.067361640930176,0,0,0,-0.007898444721496478
2018-11-30,21.43486213684082,21.447769827985997,21.156762180027357,21.26588937657556,3400000,21.227108192443847,22.024062423706056,0,0,0,0.00989601020640074
2018-12-03,21.886625289916992,22.00396726283452,21.653114119232395,21.960549515317474,10689600,21.2389009475708,21.990547218322753,0,0,0,0.021076093244365213
2018-12-04,21.045284271240234,21.761069255965232,21.012428660951034,21.74464145082063,5528000,21.211207771301268,21.93847080230713,0,0,0,-0.038440874622382215
2018-12-06,21.10865020751953,21.10865020751953,20.482044419602367,20.58647871758856,7357600,21.180112075805663,21.88749744415283,0,0,0,0.003010932780123543
2018-12-07,20.378786087036133,21.12038842875704,20.28373934809654,21.027687240793465,5882400,21.08136920928955,21.824156341552733,0,0,0,-0.034576541527198135
2018-12-10,20.6486759185791,20.72377474163568,20.171093025807327,20.2884350487393,6880800,20.998174095153807,21.763866081237794,0,0,0,0.01324366576057523
2018-12-11,20.65806198120117,21.00070044819019,20.5031696628447,20.97253772017164,6878400,20.934692478179933,21.70165142059326,0,0,0,0.00045456002404598017
2018-12-12,20.843456268310547,21.16497214432187,20.83993615218608,20.9877864009032,4840800,20.918205738067627,21.642276344299315,0,0,0,0.008974427866374368
2018-12-13,20.84475326538086,21.063799896998013,20.73640787082568,20.96487607548867,3814400,20.901314640045165,21.58353733062744,0,0,0,6.222562388957797e-05
2018-12-14,20.358373641967773,20.716386203895247,20.328931902196555,20.598619244810376,5430400,20.87160406112671,21.51298210144043,0,0,0,-0.023333431546098904
2018-12-17,19.88730239868164,20.39605643732325,19.73891670256828,20.28771106916384,30304800,20.792113876342775,21.441407089233397,0,0,0,-0.023138942804107
2018-12-18,20.053354263305664,20.226471807688892,19.89201413163484,20.04982139888812,7756000,20.72245149612427,21.379325218200684,0,0,0,0.008349642465085294
2018-12-19,19.64588928222656,20.373688386307663,19.46570414211882,20.046296312066566,9553600,20.674659252166748,21.315172424316405,0,0,0,-0.020319043673641124
2018-12-20,19.31024932861328,19.763652861101534,19.025253489928,19.57522499895495,12953600,20.631030559539795,21.243110046386718,0,0,0,-0.01708448769060955
2018-12-21,18.713172912597656,19.50810004923632,18.62367065227466,19.24665720276108,11964800,20.549040699005126,21.18039192199707,0,0,0,-0.03092018160174126
2018-12-24,18.231502532958984,18.754388115501573,18.220903937983948,18.537697343433116,8798400,20.44977331161499,21.11414207458496,0,0,0,-0.025739642437355603
2018-12-26,19.332624435424805,19.332624435424805,18.265656073589987,18.36457988794977,12259200,20.383619022369384,21.056631622314452,0,0,0,0.060396662341746454
2018-12-27,19.491613388061523,19.491613388061523,18.728483814806264,19.075896067355902,8209600,20.324592876434327,21.0086608505249,0,0,0,0.008223868061357997
2018-12-28,19.451568603515625,19.77660476680317,19.28904962338125,19.61173174129091,9860800,20.227481365203857,20.94627754211426,0,0,0,-0.002054462283272329
2018-12-31,19.64706039428711,19.705943869017823,19.479831541689613,19.621151521647118,7727200,20.1485933303833,20.88939994812012,0,0,0,0.010050181286467064
2019-01-02,19.658842086791992,19.757767720619064,19.23605903883591,19.26079089653808,6889600,20.05979232788086,20.84184024810791,0,0,0,0.000599666935838794
2019-01-03,18.687257766723636,19.198367668168075,18.666060579405134,19.16539306768533,5640800,19.899823951721192,20.776116065979004,0,0,0,-0.04942225568418013
2019-01-04,19.49985122680664,19.590532278811423,18.968722944740623,19.02407175640064,5855200,19.822552299499513,20.723076705932616,0,0,0,0.043483825729101255
2019-01-07,19.717723846435547,19.847268238284837,19.49043444625986,19.53400765216306,8864000,19.753005981445312,20.67606101989746,0,0,0,0.011173040096295495
2019-01-08,19.907323837280277,19.98387343066154,19.660014327923324,19.910858498896296,34048000,19.72943286895752,20.652644653320312,0,0,0,0.009615713878607934
2019-01-09,20.15581703186035,20.259452544788505,19.98858814316901,20.00978713307769,6369600,19.704789924621583,20.620656890869142,0,0,0,0.012482501244829525
2019-01-10,20.25003433227539,20.261811750510752,19.91910936545343,20.020389052539663,3222400,19.68438854217529,20.599283714294433,0,0,0,0.004674447097138712
2019-01-11,20.23824882507324,20.25591314681592,20.107527453234905,20.147567780505533,3130400,19.65412817001343,20.58471534729004,0,0,0,-0.000581999368927888
2019-01-14,20.038049697875977,20.104000712091068,19.96856761521772,20.05100413675984,4406400,19.613792991638185,20.560768661499022,0,0,0,-0.009892117096081732
2019-01-15,20.333646774291992,20.368977226951955,20.073380963244457,20.07573680595018,3492000,19.612556648254394,20.532360877990723,0,0,0,0.01475178876551797
2019-01-16,20.354846954345703,20.48556839048116,20.29125356781195,20.366624372620933,29172800,19.635933876037598,20.49841621398926,0,0,0,0.0010426157338641051
2019-01-17,20.51029396057129,20.615106481945794,20.244139483814035,20.28064875047897,4660800,19.65878086090088,20.475606689453127,0,0,0,0.007636854581822172
2019-01-18,20.81531143188477,20.868306207675765,20.570355924714782,20.688122891797587,5026400,19.71725196838379,20.459929962158203,0,0,0,0.014871433432394499
2019-01-22,20.47260856628418,20.692834010651115,20.314801265986222,20.6622134499793,8316000,19.775369930267335,20.434770851135255,0,0,0,-0.016463979735399925
2019-01-23,20.52089500427246,20.709322879488752,20.306558251289392,20.55269259007376,4012000,19.865756034851074,20.398115882873537,0,0,0,0.0023585874673441865
2019-01-24,20.7316951751709,20.78233590320096,20.590375180335087,20.590375180335087,4652800,19.99076566696167,20.366498222351073,0,0,0,0.010272464766012845
2019-01-25,21.053205490112305,21.103844433705262,20.818848531043365,20.88597657848334,5064000,20.076794719696046,20.349008445739745,0,0,0,0.015508153685688919
2019-01-28,20.79057884216309,20.796467549705035,20.620995925031195,20.762315921131727,4514400,20.141742992401124,20.341356201171877,0,0,0,-0.012474425715008453
2019-01-29,20.582136154174805,20.829445740671694,20.54209401418636,20.816491300642227,4280800,20.198271369934083,20.32934741973877,0,0,0,-0.010025824175975528
2019-01-30,21.17332649230957,21.22867712176253,20.78234101715386,20.89186345608313,6815200,20.274584674835204,20.33376224517822,0,0,0,0.028723468434293187
2019-01-31,21.216896057128903,21.333484198077777,21.04848836900768,21.102661961566028,5124800,20.35248737335205,20.328558044433592,1,1,1,0.00205775718969603
2019-02-01,21.360572814941406,21.450075061965347,21.216896973020557,21.24162702950947,4124800,20.48615312576294,20.326837463378908,1,0,1,0.006771808535312562
2019-02-04,21.69620513916016,21.69620513916016,21.38530045667957,21.39118916369624,3494400,20.595970821380615,20.34872688293457,1,0,1,0.015712702422660874
2019-02-05,21.875219345092773,21.92232542435142,21.73978801948785,21.751563640811646,4258400,20.703845596313478,20.38257480621338,1,0,1,0.008250945489518102
2019-02-06,21.951765060424805,22.00593866364197,21.80691217351292,21.89994909701992,3295200,20.806067657470702,20.414550704956056,1,0,1,0.003499197613723748
2019-02-07,21.65499496459961,21.839888206760488,21.513673137262916,21.75391880614995,4116800,20.881026554107667,20.443313598632812,1,0,1,-0.013519190598491826
2019-02-08,21.795135498046875,21.795135498046875,21.45478720625863,21.46892046557708,3611200,20.95828161239624,20.466102104187012,1,0,1,0.006471510784295198
2019-02-11,21.80691146850586,21.98238491559944,21.75744955254921,21.88346108368614,3044800,21.03671474456787,20.488797607421876,1,0,1,0.000540302695527517
2019-02-12,22.10250473022461,22.121347877265517,21.932921797800688,21.95411899048565,4640000,21.139937496185304,20.502971725463865,1,0,1,0.01355502644864015
2019-02-13,22.136661529541016,22.27915858290461,22.10957562465881,22.207322443213027,3289600,21.230088233947754,20.521208534240724,1,0,1,0.0015453813824863882
2019-02-14,22.1884708404541,22.263841614399787,22.03655047302888,22.06834805176595,3239200,21.321769428253173,20.536280708312987,1,0,1,0.0023404301883527268
2019-02-15,22.358068466186523,22.37573279960392,22.229701054419287,22.36748824602111,3117600,21.414158153533936,20.54570957183838,1,0,1,0.007643502202198116
2019-02-19,22.37572288513184,22.44049507393241,22.28033193298064,22.30741783121316,5238400,21.49217872619629,20.572318344116212,1,0,1,0.0007896218303480307
2019-02-20,22.40751838684082,22.491131916177697,22.295640142203283,22.394563950283985,8564000,21.588924217224122,20.598295707702636,1,0,1,0.0014209821006545553
2019-02-21,22.40280532836914,22.48288778498521,22.26737406111173,22.360409156509096,2730400,21.683019733428956,20.638776092529298,1,0,1,-0.00021033379914336958
2019-02-22,22.70193862915039,22.70193862915039,22.49466761809905,22.49937930306729,3096800,21.78153190612793,20.679841346740723,1,0,1,0.0133524929756208
2019-02-25,22.80792999267578,22.963383263317823,22.793798530610665,22.886833650841748,7432000,21.869268131256103,20.722838706970215,1,0,1,0.00466882433508542
2019-02-26,22.844430923461918,22.90567023650337,22.730196845876147,22.74197425887752,5792800,21.971960735321044,20.762858200073243,1,0,1,0.0016003614005242195
2019-02-27,22.844430923461918,22.858564178459744,22.607720016774163,22.76317144590287,3204800,22.085075473785402,20.80285175323486,1,0,1,0.0
2019-02-28,22.77141761779785,22.856209965906054,22.706645435634496,22.76435188828568,2187200,22.164980030059816,20.851112632751466,1,0,1,-0.0031961096299001346
2019-03-01,22.917455673217773,22.96456174775388,22.72785075819039,22.948074441968085,3285600,22.250008010864256,20.911715698242187,1,0,1,0.006413217563836726
2019-03-04,22.785552978515625,23.04228590896641,22.522933137117352,23.01402118909673,4511200,22.321257019042967,20.966359672546385,1,0,1,-0.005755555790440292
2019-03-05,22.70900535583496,22.78437614580151,22.637167431258927,22.780843280411,2874400,22.37189702987671,21.027621994018556,1,0,1,-0.0033594805775765124
2019-03-06,22.561792373657227,22.71135690249667,22.5311736137373,22.70900106035482,2557600,22.40622568130493,21.092652854919432,1,0,1,-0.006482581683830091
2019-03-07,22.366300582885746,22.52764074128677,22.288573958860542,22.500554843937817,4147200,22.42695245742798,21.165715408325195,1,0,1,-0.008664727852018217
2019-03-08,22.3686580657959,22.37690081908005,22.037733175062076,22.084839243209167,3620800,22.462635612487794,21.248458518981934,1,0,1,0.00010540334560094067
2019-03-11,22.859750747680664,22.873882211599163,22.454632010188032,22.454632010188032,4517600,22.515866374969484,21.31900104522705,1,0,1,0.021954499033435493
2019-03-12,22.972808837890625,23.05642239897968,22.838552736964655,22.912746519690742,10649600,22.57416124343872,21.388624954223634,1,0,1,0.0049457271629014254
2019-03-13,23.116479873657227,23.25544584545024,23.03286632358768,23.081151216997707,5201600,22.62486000061035,21.461923179626464,1,0,1,0.00625396035723913
2019-03-14,23.16240501403809,23.22953304432171,23.09527878073568,23.167116698784945,2948800,22.676147174835204,21.532230072021484,1,0,1,0.0019866839861373276
2019-03-15,23.42267227172852,23.521596093902797,23.22246878485733,23.23071153821452,3789600,22.737857246398924,21.607506675720217,1,0,1,0.011236624933062433
2019-03-18,23.512170791625977,23.585187522395824,23.36142923975042,23.454466136333934,4539200,22.7955623626709,21.70400493621826,1,0,1,0.003821020883491677
2019-03-19,23.568702697753903,23.66762651463253,23.47919865649885,23.6134529214002,4298400,22.855211353302003,21.785381965637207,1,0,1,0.002404367790151518
2019-03-20,23.49686622619629,23.684115276173955,23.340235941334164,23.553393868325497,5781600,22.909678745269776,21.86096481323242,1,0,1,-0.0030479603599250504
2019-03-21,24.08238983154297,24.124913251350925,23.490605422351063,23.490605422351063,3813600,22.993657970428465,21.944466133117675,1,0,1,0.024919221129747537
2019-03-22,23.47052574157715,24.04459102180485,23.462258249888148,23.944189752012907,7876000,23.032087326049805,22.01076030731201,1,0,1,-0.025407116745714498
2019-03-25,23.374845504760746,23.51304615423419,23.210658223518863,23.40083213652917,4335200,23.060433101654052,22.073256530761718,1,0,1,-0.004076612423168258
2019-03-26,23.510684967041016,23.719758591658373,23.381934156250267,23.560297123966656,3634400,23.09374580383301,22.138705253601074,1,0,1,0.005811352304022854
2019-03-27,23.363037109375,23.624084030961946,23.136246118962717,23.550849947225824,4343200,23.119676113128662,22.205205001831054,1,0,1,-0.006280032158697213
2019-03-28,23.461071014404297,23.559111153258247,23.308696506106628,23.425636339712348,3490400,23.154158782958984,22.2677534866333,1,0,1,0.004196111343330422
2019-03-29,23.698495864868164,23.707945712928225,23.56147577155865,23.64179677650781,3306400,23.193210792541503,22.33462646484375,1,0,1,0.01011994935431959
2019-04-01,24.03041648864746,24.05049674205406,23.801262604964176,23.94891311740192,6349600,23.255453968048094,22.405028915405275,1,0,1,0.014005978509013861
2019-04-02,24.09892845153809,24.13318258009211,23.95954541952187,24.028055479004475,3756800,23.32495012283325,22.47070125579834,1,0,1,0.002851051829376061
2019-04-03,24.30209350585937,24.42375738248557,24.20877737376781,24.24657676964652,4337600,23.41196517944336,22.547290954589844,1,0,1,0.008430460081652047
2019-04-04,24.17216110229492,24.344617697307086,24.00797380128395,24.298550808602556,3371200,23.502258205413817,22.620316276550295,1,0,1,-0.005346551873529948
2019-04-05,24.286739349365234,24.31390654098834,24.21350526656618,24.253665776335044,3260800,23.598162269592287,22.69141716003418,1,0,1,0.004740091156327786
2019-04-08,24.383590698242188,24.387135968047232,24.115458716637097,24.234759659019247,4247200,23.67435426712036,22.758024864196777,1,0,1,0.0039878283981946705
2019-04-09,24.27137756347656,24.37650463991501,24.22649304027896,24.276103388470503,5589600,23.73928270339966,22.827640838623047,1,0,1,-0.0046019938635911695
2019-04-10,24.465097427368164,24.467460340105987,24.291460289811724,24.30445360630827,4413600,23.806713581085205,22.905300064086916,1,0,1,0.007981411989697484
2019-04-11,24.453292846679688,24.51589653275377,24.395413184939112,24.502903212868127,2858400,23.871257972717284,22.970899391174317,1,0,1,-0.0004825069968972251
2019-04-12,24.61156845092773,24.61629247423524,24.45328753569746,24.587944729641404,3100800,23.930702781677248,23.03879283905029,1,0,1,0.006472568142066537
2019-04-15,24.61156845092773,24.68480252762769,24.48045472505802,24.63164870413984,3164800,23.985672664642333,23.10381275177002,1,0,1,0.0
2019-04-16,24.717884063720703,24.76513332389476,24.61157638248529,24.700166717639792,3224000,24.043131732940672,23.164246330261232,1,0,1,0.004319741466495719
2019-04-17,24.80646324157715,24.874973286234276,24.706061988318226,24.85843650320491,4664800,24.108611583709717,23.222871208190917,1,0,1,0.0035836068179662117
2019-04-18,24.851354598999023,24.85726098035684,24.668267591154017,24.839541836283395,3068000,24.147059822082518,23.2808629989624,1,0,1,0.001809663755155233
2019-04-22,24.928131103515625,24.93285692935339,24.72850912004435,24.75213284210979,3951200,24.219940090179442,23.346325721740723,1,0,1,0.0030894293593031197
2019-04-23,25.21516227722168,25.242329464928627,24.952934841443547,24.981284386686205,15756000,24.31195592880249,23.41472625732422,1,0,1,0.011514347887298104
2019-04-24,25.2317008972168,25.354545330791247,25.198627326547737,25.2317008972168,3894400,24.39800672531128,23.483222045898437,1,0,1,0.0006558998039867259
2019-04-25,25.19980239868164,25.40060669187294,25.05923885273552,25.353359259018763,5010400,24.48984498977661,23.545167999267576,1,0,1,-0.0012642230765614881
2019-04-26,25.14665031433105,25.149013226848364,24.87733596333074,25.085227205500093,13605600,24.57412395477295,23.60536777496338,1,0,1,-0.002109226235574413
2019-04-29,25.16319465637207,25.250604422029365,25.13957093122474,25.14902078175861,12077600,24.647358894348145,23.66486225128174,1,0,1,0.0006579143478044891
2019-04-30,25.20807647705078,25.238787133999697,25.002546320125173,25.162009590440224,11303200,24.70624189376831,23.721862411499025,1,0,1,0.001783629673879572
2019-05-01,25.111215591430664,25.48683940347747,25.111215591430664,25.44431598706414,3688000,24.75685625076294,23.776572265625,1,0,1,-0.003842454449402344
2019-05-02,24.995460510253903,25.28603751745618,24.848990550197755,25.11003745433524,6543200,24.791524600982665,23.828331108093263,1,0,1,-0.004609696442424038
2019-05-03,25.24114990234375,25.26359306791328,25.05569999937391,25.112399092088847,2587200,24.844974040985107,23.885097999572753,1,0,1,0.009829360494840955
2019-05-06,25.071060180664062,25.107677223996756,24.55723561148858,24.65645813819205,8004000,24.88419008255005,23.93248043060303,1,0,1,-0.006738588469136775
2019-05-07,24.538333892822266,24.88796928669924,24.312723483858957,24.784024554603736,8403200,24.891927242279053,23.967088508605958,1,0,1,-0.021248654185460403
2019-05-08,24.493446350097656,24.694250670721395,24.40485604961298,24.47336609827271,5636000,24.903030681610108,24.000068817138672,1,0,1,-0.0018292824166737942
2019-05-09,24.32926368713379,24.400136661935004,23.89694250607053,24.212323819424167,7343200,24.896238994598388,24.02976547241211,1,0,1,-0.006703126241081714
2019-05-10,24.39777374267578,24.50290084710057,23.8201649460273,24.174526215195076,4191200,24.893463039398192,24.062292594909668,1,0,1,0.002815952690677692
2019-05-13,23.45162582397461,23.84614937017108,23.381935213409385,23.72920951334383,12480000,24.835465908050537,24.072975997924804,1,0,1,-0.03878009234285995
2019-05-14,23.84496688842773,23.979624085418376,23.574471939186463,23.57683485208088,5300000,24.797135829925537,24.094164276123045,1,0,1,0.016772443301180884
2019-05-15,24.0894775390625,24.167437444935555,23.668969153261628,23.68078011324651,12253600,24.765715503692626,24.121773719787598,1,0,1,0.010254182854555927
2019-05-16,24.338712692260746,24.49699362113027,24.09420255982274,24.11782628314476,6360000,24.742327976226807,24.157312126159667,1,0,1,0.010346224935517956
2019-05-17,24.0965633392334,24.430844311645927,24.07175726039828,24.082389466970128,3237600,24.704588413238525,24.191917381286622,1,0,1,-0.009949143822398865
2019-05-20,23.67487525939941,23.86859448129328,23.57565453772787,23.724487422609783,5127200,24.641925621032716,24.21804172515869,1,0,1,-0.017499926188536907
2019-05-21,23.99852180480957,24.062307831077653,23.89693818721998,23.928831200354026,2459200,24.58109359741211,24.240817146301268,1,0,1,0.013670464653521952
2019-05-22,23.853235244750977,24.007972689325648,23.83433554708744,23.83433554708744,2517600,24.51217031478882,24.258425674438477,1,0,1,-0.0060539795425849086
2019-05-23,23.419734954833984,23.566203114464116,23.264997501095973,23.552029241564288,6333600,24.423166942596435,24.26449077606201,1,0,1,-0.018173647535396076
2019-05-24,23.438634872436523,23.670151696553525,23.419736974398617,23.565024591273907,2337600,24.33776617050171,24.27001537322998,1,0,1,0.0008070081766078374
2019-05-28,23.365398406982425,23.66660581802692,23.365398406982425,23.511868366702444,3350400,24.247876358032226,24.268869895935058,0,-1,0,-0.0031246045621975416
2019-05-29,23.20829200744629,23.35239901678673,23.079541224430734,23.211835474694496,6292800,24.147887134552,24.262792320251464,0,0,0,-0.006723891319960873
2019-05-30,23.34531021118164,23.41145733101188,23.204746680355463,23.28388711317906,3237600,24.059591865539552,24.25832447052002,0,0,0,0.005903846939334878
2019-05-31,22.96969413757324,23.189398157116653,22.961424844303803,23.06064554929133,3840000,23.95830354690552,24.247781028747557,0,0,0,-0.01608957303246694
2019-06-03,22.55155372619629,23.11616927363138,22.40626609263973,23.00867924286501,6700800,23.823823738098145,24.217164306640626,0,0,0,-0.018204004322938117
2019-06-04,23.30043029785156,23.31342361441646,22.739358377559284,22.84212435489052,3470400,23.73529224395752,24.213762397766114,0,0,0,0.03320731603452054
2019-06-05,23.60163688659668,23.655973063758715,23.316966289412004,23.59454995096125,6544800,23.68845739364624,24.218298225402833,0,0,0,0.012927082671640333
2019-06-06,23.86268424987793,23.919381538489542,23.548483546234603,23.647704251898503,4420000,23.656919288635255,24.22533821105957,0,0,0,0.011060561796436108
2019-06-07,24.279651641845703,24.419032866280343,23.95482050088842,23.9831682469432,3231200,23.65443868637085,24.243670501708984,0,0,0,0.017473616446561646
2019-06-10,24.54541778564453,24.79937590715933,24.472181917086875,24.47927065459179,6394400,23.661820888519287,24.26535743713379,0,0,0,0.010946044355133244
2019-06-11,24.515888214111328,24.84189985374632,24.388317971895678,24.81355211261452,9744000,23.715034008026123,24.28170528411865,0,0,0,-0.0012030584197459948
2019-06-12,24.409582138061523,24.48163566064765,24.339891528353057,24.43438821734093,3164000,23.743264770507814,24.289288597106932,0,0,0,-0.0043362114854405
2019-06-13,24.48045539855957,24.55368947727433,24.40249549403289,24.4969921841524,8293600,23.762813663482667,24.296919136047364,0,0,0,0.002903501587908641
2019-06-14,24.2607479095459,24.33988835808255,24.176881635869453,24.297364943695403,1984000,23.758915424346924,24.296092224121093,0,0,0,-0.008974812169000757
2019-06-17,24.309179306030277,24.415486947816213,24.26074950821419,24.28319267317161,2195200,23.769546222686767,24.2988325881958,0,0,0,0.001996286209516418
2019-06-18,24.716693878173828,24.864344379238187,24.491083479977657,24.55250659308523,3219200,23.82163715362549,24.307431678771973,0,0,0,0.016763814483957473
2019-06-19,24.835994720458984,24.893874365465933,24.62810346476701,24.78638436861343,3016000,23.86351079940796,24.316479759216307,0,0,0,0.004826731393493766
2019-06-20,25.178544998168945,25.282489724973875,24.978921232983552,25.2068927407638,3736800,23.92977628707886,24.334623107910158,0,0,0,0.013792492773715193
2019-06-21,25.04561424255371,25.255315498446063,25.02902781488785,25.138024597804232,3852800,24.011070251464844,24.346233444213865,0,0,0,-0.00527952491396555
2019-06-24,25.024290084838867,25.138025074480023,25.024290084838867,25.09300580298189,2290400,24.09035301208496,24.357653388977052,0,0,0,-0.0008514128465100246
2019-06-25,24.5859317779541,25.0361371261762,24.558681227156026,25.02310480425081,3762400,24.151379680633546,24.35714065551758,0,0,0,-0.017517312395221474
2019-06-26,24.82169914245605,25.013629891415317,24.813406831654632,24.813406831654632,2231200,24.232050037384035,24.361343269348144,0,0,0,0.00958952325383744
2019-06-27,24.936616897583008,24.994670296997555,24.87145528758402,24.92358457558321,3140800,24.3116153717041,24.36571792602539,0,0,0,0.0046297295953603435
2019-06-28,24.98519515991211,25.0432485664822,24.861981943096566,25.02192212431525,5058400,24.412390422821044,24.36929256439209,1,1,1,0.001948069480660397
2019-07-01,25.35128402709961,25.550322998814064,25.23873312075025,25.515964230988114,7149600,24.55237693786621,24.379291152954103,1,0,1,0.014652231645357672
2019-07-02,25.42591857910156,25.42591857910156,25.270716625935822,25.32403001177204,2842400,24.65865135192871,24.38924690246582,1,0,1,0.0029440146669559297
2019-07-03,25.608373641967773,25.608373641967773,25.42710701454074,25.475682204317987,1916000,24.758988189697266,24.39711112976074,1,0,1,0.007175947736109745
2019-07-05,25.569278717041016,25.602451576763507,25.31100224316132,25.4282931593278,2205600,24.84431791305542,24.403862686157225,1,0,1,-0.001526646146035926
2019-07-08,25.379716873168945,25.41170563215763,25.27309008692026,25.39511920301261,2008800,24.899321174621583,24.407460975646973,1,0,1,-0.0074136562853348575
2019-07-09,25.475683212280277,25.49937785454305,25.222146743719374,25.22925495561968,6789600,24.94583444595337,24.414041633605958,1,0,1,0.0037812218154720245
2019-07-10,25.671161651611328,25.828733615595247,25.607185948234587,25.608370047409803,4880800,25.003598117828368,24.424200973510743,1,0,1,0.007673138251178324
2019-07-11,25.7564640045166,25.845320253576965,25.66760775545624,25.737509378633668,3052800,25.070942211151124,24.43516872406006,1,0,1,0.003322886360302979
2019-07-12,25.96261215209961,25.96498215834555,25.79082375886336,25.81925660267428,2436000,25.145050048828125,24.452196655273436,1,0,1,0.00800374412989524
2019-07-15,26.02659034729004,26.064503219710176,25.960244628340053,26.015928029841344,2244800,25.233342170715332,24.472819252014162,1,0,1,0.0024642433825849963
2019-07-16,25.806230545043945,26.006451816673383,25.752915338119696,26.006451816673383,13224000,25.308194732666017,24.484120864868164,1,0,1,-0.008466718048952493
2019-07-17,25.743432998657227,25.904559077503457,25.743432998657227,25.818072830175623,1744000,25.359531688690186,24.497568321228027,1,0,1,-0.002433425768134101
2019-07-18,25.92588233947754,25.96260929721815,25.65220540118085,25.70907289033454,2784000,25.414026069641114,24.525319290161132,1,0,1,0.007087218741565149
2019-07-19,25.784900665283203,26.171128540507738,25.771868342093576,26.14387979485131,2955200,25.444343852996827,24.551148376464845,1,0,1,-0.005437873718174724
2019-07-22,26.064498901367188,26.132030516257508,25.887970508005345,25.887970508005345,2832800,25.4952880859375,24.585853080749512,1,0,1,0.010843487035823163
2019-07-23,26.212594985961918,26.217333190759916,26.005263726185945,26.217333190759916,2532000,25.554703330993654,24.622149505615234,1,0,1,0.005681907991216484
2019-07-24,26.457841873168945,26.46376417783749,26.16639253362124,26.1817948644442,2662400,25.648298835754396,24.682273826599122,1,0,1,0.009356070520235349
2019-07-25,26.27065086364746,26.406896409789105,26.21496746115489,26.406896409789105,3080000,25.720746421813963,24.730787506103514,1,0,1,-0.007075067211408381
2019-07-26,26.45310401916504,26.489830988477117,26.364247748460805,26.368987761924885,2030400,25.796570777893066,24.778060035705565,1,0,1,0.006945132667803389
2019-07-29,26.41163444519043,26.49930660782001,26.17824032686781,26.45310142389833,4230400,25.867892742156982,24.81951847076416,1,0,1,-0.0015676638153527822
2019-07-30,26.25169563293457,26.352398317121548,26.168763478961363,26.21141455925978,1840800,25.91291332244873,24.862621116638184,1,0,1,-0.006055619639434462
2019-07-31,25.869016647338867,26.41518646277221,25.596523789213435,26.363057174183087,5316800,25.935068225860597,24.906503944396974,1,0,1,-0.014577305441390465
2019-08-01,25.73869514465332,26.443621071292785,25.61192602004751,25.91522355502114,7044800,25.941584300994872,24.941307411193847,1,0,1,-0.005037744745467698
2019-08-02,25.258867263793945,25.590597594164155,25.0503519341996,25.532544198819288,5492800,25.92606372833252,24.96942005157471,1,0,1,-0.01864227685835307
2019-08-05,24.221031188964844,24.59659675148724,24.00540580431596,24.59304264583128,8776000,25.868129444122314,24.985445976257324,1,0,1,-0.04108798957571369
2019-08-06,24.575271606445312,24.674791993418637,24.307518722119767,24.52077411165507,5561600,25.823108863830566,25.0081787109375,1,0,1,0.014625323534609214
2019-08-07,24.743507385253903,24.790896667717284,24.18548927415361,24.319366618401265,3699200,25.776726150512694,25.03574089050293,1,0,1,0.006845734260958025
2019-08-08,25.35602188110352,25.365500098738572,24.89396826226644,24.941359350441743,8771200,25.75670404434204,25.078695487976074,1,0,1,0.02475455424782047
2019-08-09,25.066944122314453,25.273091301122456,24.89160160467373,25.22214610415326,2869600,25.711920642852782,25.11312816619873,1,0,1,-0.011400753641268135
2019-08-12,24.73402214050293,24.959123879932573,24.621471270788103,24.904626401360428,3288800,25.64729223251343,25.148414726257325,1,0,1,-0.013281315033337404
2019-08-13,25.32877349853516,25.41762976272184,24.66176037133449,24.717443774847634,3389600,25.62341938018799,25.203959121704102,1,0,1,0.024045881201759878
2019-08-14,24.550392150878903,24.94017414524485,24.471014109709703,24.85368789259561,18065600,25.56376733779907,25.228958358764647,1,0,1,-0.030731110912309845
2019-08-15,24.50181579589844,24.61555259752156,24.294484534600617,24.566977411006206,5145600,25.492564010620118,25.246961936950683,1,0,1,-0.0019786386580681325
2019-08-16,24.94254302978516,25.010074651378535,24.677158363827072,24.73995178057528,2837600,25.450446128845215,25.26855911254883,1,0,1,0.017987533559063573
2019-08-19,25.310997009277344,25.408147369650784,25.187783814041527,25.33469164592444,5266400,25.412771034240723,25.28918601989746,1,0,1,0.014772109606153494
2019-08-20,25.19844436645508,25.39392736484851,25.16290151007861,25.27782238795116,2715200,25.362063503265382,25.302246551513672,1,0,1,-0.004446788199651275
2019-08-21,25.48989486694336,25.56098058821694,25.37141987001072,25.4425055912843,2976000,25.313666152954102,25.32172668457031,0,-1,0,0.011566210050500736
2019-08-22,25.429473876953125,25.60837047579359,25.21740442280165,25.556242994437017,2076000,25.271607303619383,25.342124519348143,0,0,0,-0.002370389925326455
2019-08-23,24.6179256439209,25.532553018495875,24.530255278861567,25.29086475315693,5007200,25.179848384857177,25.34487392425537,0,0,0,-0.03191368555083385
2019-08-26,24.92951011657715,24.96031296680442,24.744689399643324,24.92358600482207,3017600,25.105742168426513,25.358249168395997,0,0,0,0.012656812647949156
2019-08-27,24.867904663085938,25.13802754981393,24.73165912038712,25.09656237967245,2899200,25.03655261993408,25.36942367553711,0,0,0,-0.0024711858838432077
2019-08-28,24.87975311279297,24.924774196916925,24.54328450456461,24.73402935074077,2405600,24.987089443206788,25.37268486022949,0,0,0,0.0004764554902214613
2019-08-29,25.3181095123291,25.39511935422075,25.15105931279767,25.216220930464385,3327200,24.966060161590576,25.382327156066893,0,0,0,0.017619001183365235
2019-08-30,25.3015193939209,25.49818831755355,25.11196048845763,25.470939575151537,2540000,24.968192768096923,25.384786643981933,0,0,0,-0.0006552668713327714
2019-09-03,24.989931106567383,25.192524153811227,24.89752075036073,25.111962020824937,3684000,25.00663776397705,25.383672981262208,0,0,0,-0.01231500300445909
2019-09-04,25.422367095947266,25.422367095947266,25.242284579999044,25.261241014895727,2007200,25.048992538452147,25.391634521484374,0,0,0,0.0173044090252108
2019-09-05,25.93655204772949,26.037256541284748,25.732774861743508,25.741068981163885,3510400,25.10864477157593,25.418646926879884,0,0,0,0.02022569140952224
2019-09-06,25.89982032775879,26.00763301373121,25.85124514294241,25.99460069116548,2199200,25.13583469390869,25.44020935058594,0,0,0,-0.0014162144568447
2019-09-09,25.70078468322754,26.02540688203948,25.54676860667768,26.00408224662253,5603200,25.167526721954346,25.455492706298827,0,0,0,-0.007684827230941438
2019-09-10,25.57282829284668,25.57282829284668,25.270716695233084,25.557425965066336,3516800,25.209467029571535,25.46724536895752,0,0,0,-0.004978695863101956
2019-09-11,25.83584213256836,25.851242652091194,25.58348982346734,25.63680320781385,2323200,25.234820461273195,25.476936531066894,0,0,0,0.01028489444772318
2019-09-12,25.956689834594727,26.182977540418836,25.86901948307088,26.005265023176168,13385600,25.305135345458986,25.48755195617676,0,0,0,0.00467752130572241
2019-09-13,25.77305603027344,25.946030361441963,25.75291549304584,25.93181393699552,2279200,25.368697357177734,25.490845603942873,0,0,0,-0.007074623362665511
2019-09-16,25.7481746673584,25.800303962071236,25.526626972614068,25.575200353791733,2328000,25.408978939056396,25.49442352294922,0,0,0,-0.000965402119400105
2019-09-17,25.8405818939209,25.857168321334523,25.71025867296741,25.760017955208287,1571200,25.435458183288574,25.503640823364258,0,0,0,0.0035888845619664878
2019-09-18,25.854799270629883,25.861907481529112,25.501744269615948,25.819256408348664,2222400,25.468275928497313,25.51122314453125,0,0,0,0.0005501956870532787
2019-09-19,25.912851333618164,26.13084489292713,25.87138436180196,25.927067754682017,3739200,25.489423751831055,25.51605693817139,0,0,0,0.0022453109142575034
2019-09-20,25.63799095153809,25.998155987423385,25.53728827963129,25.99223187547942,2912000,25.499849605560303,25.513687477111816,0,0,0,-0.010607106818981471
2019-09-23,25.694862365722656,25.771870403959056,25.555060905068743,25.62022252623009,2369600,25.55369644165039,25.508332481384276,1,1,1,0.002218247689222963
2019-09-24,25.40459442138672,25.9460260612697,25.30981586373802,25.844137484790757,4344800,25.577450656890868,25.49589256286621,1,0,1,-0.011296730848543435
2019-09-25,25.707895278930664,25.782533312347912,25.143953025907265,25.37853486746245,2808000,25.619450187683107,25.493925857543946,1,0,1,0.01193881911724648
2019-09-26,25.732152938842773,25.81302590741892,25.546619126452708,25.709555546222944,2096800,25.662070178985594,25.493700256347655,1,0,1,0.0009435879386046064
2019-09-27,25.35870742797852,25.770211557564423,25.167226637231725,25.760698584707104,4148800,25.664100074768065,25.482356758117675,1,0,1,-0.014512796956858476
2019-09-30,25.635814666748047,25.68933374910672,25.41578955456704,25.457416515712584,2855200,25.680814838409425,25.479375038146973,1,0,1,0.010927498554748505
2019-10-01,25.405088424682617,25.916496867378054,25.378923214956803,25.74999082232652,4178400,25.701572704315186,25.46618682861328,1,0,1,-0.009000152523520266
2019-10-02,24.929363250732425,25.24929096320752,24.739071121340764,25.235017873908987,4812800,25.676922512054443,25.44052219390869,1,0,1,-0.018725586228938162
2019-10-03,25.25166893005371,25.25404626585848,24.609434384535824,24.91865862661038,4036000,25.642678356170656,25.416398735046386,1,0,1,0.012928756987478085
2019-10-04,25.67863273620605,25.703607463459228,25.407467666040123,25.40865633384646,3183200,25.631618976593018,25.404558372497558,1,0,1,0.01690834009169917
2019-10-07,25.59775733947754,25.79637374395003,25.568024312195547,25.59062170329145,2777600,25.626467609405516,25.38745143890381,1,0,1,-0.0031495211430973002
2019-10-08,25.100622177124023,25.453850688986133,25.08753957243432,25.418170693036025,3850400,25.602857303619384,25.36123119354248,1,0,1,-0.019421043639116786
2019-10-09,25.458606719970703,25.551373618927343,25.314699885715385,25.35156854879303,2898400,25.5839955329895,25.3453694152832,1,0,1,0.0142619788593501
2019-10-10,25.612030029296875,25.72144735022604,25.44433532248547,25.44671447276391,2614400,25.56676254272461,25.340229682922363,1,0,1,0.006026382787311713
2019-10-11,25.986669540405277,26.216207672583444,25.912932202981857,25.912932202981857,6261600,25.577443218231203,25.3451891708374,1,0,1,0.014627482112111512
2019-10-14,25.98548126220703,26.077057694006346,25.95693689821489,25.959316048904306,2265600,25.589308547973634,25.359721450805665,1,0,1,-4.5726452033378884e-05
2019-10-15,26.25545883178711,26.320871872383726,26.039003278529755,26.06041019285567,3079200,25.610052394866944,25.40041000366211,1,0,1,0.010389554338280815
2019-10-16,26.025915145874023,26.09846380917933,25.924822121432832,26.09846380917933,2817600,25.61860818862915,25.429422874450683,1,0,1,-0.008742703274915997
2019-10-17,26.000938415527344,26.18409488899829,25.865355876939784,26.13771143671202,2613600,25.62301254272461,25.454571495056154,1,0,1,-0.0009596869200059199
2019-10-18,25.726207733154297,25.980722408704636,25.54780954520518,25.94980070944046,2541600,25.62742338180542,25.46197521209717,1,0,1,-0.010566183342405111
2019-10-21,25.98429107666016,26.003320652872556,25.795189426795165,25.872494584862658,1923200,25.641894817352295,25.480322151184083,1,0,1,0.010031923328258863
2019-10-22,25.63224220275879,26.125809605254663,25.623916086134955,26.043746180291752,2826400,25.6532772064209,25.4982865524292,1,0,1,-0.013548527179854108
2019-10-23,25.658418655395508,25.69290817497182,25.510942159296125,25.57040822493551,1973600,25.65080337524414,25.504879455566407,1,0,1,0.0010212314798547784
2019-10-24,26.050886154174805,26.06753657543656,25.85108109903378,25.927197569767475,2045600,25.666740036010744,25.534889335632325,1,0,1,0.015295856851130107
2019-10-25,26.364870071411133,26.380331826902136,26.046132878052205,26.046132878052205,2195200,25.717048168182373,25.572150421142577,1,0,1,0.012052715419279991
2019-10-28,26.666963577270508,26.69788527919869,26.537327985068025,26.54803144172466,6900000,25.768605613708495,25.606638832092287,1,0,1,0.011458182992790444
2019-10-29,26.45050430297852,26.699073827476717,26.45050430297852,26.6610146757747,2366400,25.82087640762329,25.62942897796631,1,0,1,-0.008117132408598904
2019-10-30,26.62890243530273,26.652690312444737,26.36725211958281,26.52662073377692,2786400,25.905853366851808,25.65803813934326,1,0,1,0.00674460230628271
2019-10-31,26.597984313964844,26.689562571953115,26.437425195457138,26.685994752853876,2745600,25.973169136047364,25.68019992828369,1,0,1,-0.0011610738149274713
2019-11-01,26.944068908691406,26.944068908691406,26.65625343067496,26.70977251528679,4552000,26.036440944671632,25.710491828918457,1,0,1,0.01301168504505279
2019-11-04,27.066574096679688,27.17004446803765,27.024947125685426,27.158152344010908,2964800,26.109881782531737,25.75946479797363,1,0,1,0.004546647664962267
2019-11-05,27.04040908813477,27.14387946027708,26.950021322853228,27.14387946027708,3814400,26.206871128082277,25.801682777404785,1,0,1,-0.0009666908139707164
2019-11-06,27.01304817199707,27.041590714253104,26.88222213745756,27.041590714253104,2830400,26.284593200683595,25.844585647583006,1,0,1,-0.0010118528920372016
2019-11-07,27.23188781738281,27.381741636126527,27.160527819070488,27.206911273545455,3541600,26.36558609008789,25.891628341674803,1,0,1,0.008101256992263384
2019-11-08,27.378173828125,27.378173828125,27.052300978782824,27.14863570620909,2726400,26.435161304473876,25.932829627990724,1,0,1,0.005371864474589039
2019-11-11,27.41266250610352,27.441205050868557,27.18906956005756,27.222370405456747,2585600,26.506520366668703,25.975052490234376,1,0,1,0.0012597143328489935
2019-11-12,27.499486923217773,27.59225383835556,27.37579649319388,27.436453040233385,3093600,26.568721771240234,26.025243606567383,1,0,1,0.003167310621320363
2019-11-13,27.56133270263672,27.579171796389964,27.380555355309173,27.38174402330596,2385600,26.64549264907837,26.06802291870117,1,0,1,0.0022489793933837543
2019-11-14,27.52802848815918,27.53992061095511,27.390066797453837,27.462615461121292,3605600,26.721847152709962,26.099852447509765,1,0,1,-0.0012083673469952538
2019-11-15,27.7575626373291,27.758751305010893,27.63387405230949,27.708800040978367,2561600,26.823414897918703,26.13700729370117,1,0,1,0.008338197894144583
2019-11-18,27.822978973388672,27.872930243378736,27.639822501998395,27.74448334279284,2736000,26.915349292755128,26.179451179504394,1,0,1,0.00235670317723069
2019-11-19,27.914560317993164,27.989486323942927,27.78968122172991,27.926452441833327,4792800,27.029465198516846,26.226285820007323,1,0,1,0.0032915722177730977
2019-11-20,27.768272399902344,27.943102771118845,27.55062639053567,27.838443733787503,6476800,27.13495788574219,26.264934425354003,1,0,1,-0.005240559637134101
2019-11-21,27.617231369018555,27.74448780749925,27.561333121395343,27.743299139484407,2904000,27.213275146484374,26.29814525604248,1,0,1,-0.005439338418630646
2019-11-22,27.610092163085938,27.750433014618277,27.4959183390612,27.70999652755785,2763200,27.275536251068115,26.33488597869873,1,0,1,-0.0002585054901855788
2019-11-25,28.01565361022949,28.020411911925866,27.68621108603003,27.726649391407708,16280000,27.342970752716063,26.38023555755615,1,0,1,0.014688884222044729
2019-11-26,28.031110763549805,28.10603857749509,27.99186294742418,28.027542945243844,3693600,27.422001075744628,26.424046134948732,1,0,1,0.000551732739680677
2019-11-27,28.20475196838379,28.20475196838379,28.050141661800293,28.1262581471873,2572000,27.500793552398683,26.47104518890381,1,0,1,0.00619458880166035
2019-11-29,28.0858211517334,28.171452428618213,28.07749684649306,28.125068971535622,1516000,27.57518539428711,26.514504585266113,1,0,1,-0.004216694292639267
2019-12-02,27.68621063232422,28.12626097924839,27.56014286084186,28.117934858796367,4124800,27.61229248046875,26.555468978881837,1,0,1,-0.014228194263941507
2019-12-03,27.4661808013916,27.47450510512171,27.117708787753173,27.234263558054035,4631200,27.632272815704347,26.590895347595215,1,0,1,-0.007947271436118064
2019-12-04,27.55895233154297,27.65171924447264,27.52208366291197,27.630312332916663,4181600,27.658199977874755,26.63398250579834,1,0,1,0.003377664001493308
2019-12-05,27.635072708129883,27.682644839232992,27.52089705281776,27.65410228647532,2832000,27.689301204681396,26.672526054382324,1,0,1,0.002762092537886174
2019-12-06,27.938344955444336,27.957374530330284,27.828927621990363,27.85390235111304,3120800,27.72462406158447,26.716649894714354,1,0,1,0.010974179460915057
2019-12-09,27.794437408447266,27.96688862773112,27.780166134088944,27.895530441179293,2440000,27.745437240600587,26.76536449432373,1,0,1,-0.005150897350096106
2019-12-10,27.78254508972168,27.921695458019236,27.73616163362249,27.824170244561344,5842400,27.763931369781496,26.808299102783202,1,0,1,-0.00042786686238061034
2019-12-11,27.9656982421875,27.978780847799197,27.787300064624485,27.85390176055306,2736800,27.78724193572998,26.859511299133302,1,0,1,0.0065923820828632795
2019-12-12,28.23805046081543,28.277298275518472,27.81584291532636,27.906230667067906,4911200,27.821077823638916,26.925685043334962,1,0,1,0.00973879558698365
2019-12-13,28.42121124267578,28.484245126375875,28.16907570787541,28.26303129205244,4323200,27.865736961364746,26.9890758895874,1,0,1,0.00648631116069831
2019-12-16,28.676544189453125,28.782682865795294,28.62168515888945,28.62287707400602,4234400,27.91168603897095,27.049034118652344,1,0,1,0.00898388687931595
2019-12-17,28.62168312072754,28.73974821869888,28.57040347860069,28.733785004105208,3982400,27.95162124633789,27.109512634277344,1,0,1,-0.0019130990248735769
2019-12-18,28.6312198638916,28.732587218823507,28.608560743460544,28.66580359211135,3248000,27.987454223632813,27.180124588012696,1,0,1,0.00033319994228975247
2019-12-19,28.81964874267578,28.82441822227913,28.64553271181437,28.65984479005946,4196800,28.040023040771484,27.247345428466797,1,0,1,0.006581238231550879
2019-12-20,28.980640411376957,29.019995436343315,28.916242437615704,28.99256683823364,4156000,28.108193492889406,27.314717636108398,1,0,1,0.005586177338198439
2019-12-23,29.07843589782715,29.136872485677507,29.021193044652144,29.08916859160043,3445600,28.181610679626466,27.376552963256835,1,0,1,0.0033745108825062875
2019-12-24,29.08081817626953,29.127328330279564,29.011648902664326,29.11063242421743,1876800,28.234868907928465,27.438459701538086,1,0,1,8.192594851919033e-05
2019-12-26,29.30501937866211,29.30501937866211,29.136868407265013,29.136868407265013,2412000,28.29856433868408,27.499450912475584,1,0,1,0.0077095905979540635
2019-12-27,29.294294357299805,29.42666972245701,29.20962107231623,29.421900242326736,2796000,28.353041458129884,27.564818496704103,1,0,1,-0.00036597898891388425
2019-12-30,29.12017059326172,29.293094682448366,28.872117658406847,29.27759069162597,4056000,28.4047589302063,27.62720314025879,1,0,1,-0.005943948057403725
2019-12-31,29.20008087158203,29.22393191065561,28.97945466578672,29.01642404930842,2994400,28.480452442169188,27.696680603027342,1,0,1,0.0027441555695695286
2020-01-02,29.73554229736328,29.737927947073025,29.413548735815265,29.46244454641841,11320800,28.593920516967774,27.771705627441406,1,0,1,0.01833766927345626
2020-01-03,29.423084259033203,29.622243210857924,29.325292655295613,29.32887021936238,13059200,28.687127113342285,27.847522468566893,1,0,1,-0.010507897761050211
2020-01-06,29.520875930786133,29.53161044339009,29.079625410402187,29.149986601170884,4199200,28.781417274475096,27.924771614074707,1,0,1,0.003323637688421588
2020-01-07,29.517303466796875,29.64252369792957,29.458868693394564,29.560236065479007,3097600,28.860365200042725,27.994099960327148,1,0,1,-0.00012101483701343341
2020-01-08,29.82855987548828,29.952588172940818,29.50179686429433,29.538766242665847,4972000,28.962071323394774,28.06337375640869,1,0,1,0.010544879515892447
2020-01-09,30.16366958618164,30.174404098259263,29.94304524666599,30.08973083474277,4615200,29.081127548217772,28.133307876586915,1,0,1,0.01123452530367497
2020-01-10,30.09807777404785,30.32347339779766,30.042026846791597,30.2865040244408,4835200,29.18774652481079,28.206259346008302,1,0,1,-0.002174530255557472
2020-01-13,30.50116539001465,30.514283730964745,30.21852692193738,30.236414741543356,4740800,29.30090227127075,28.28370460510254,1,0,1,0.013392470409334889
2020-01-14,30.338979721069336,30.55245076764107,30.305587907033097,30.51905895360483,7724800,29.39679069519043,28.358524513244628,1,0,1,-0.005317359742536554
2020-01-15,30.364023208618164,30.52859844207041,30.26981098436426,30.37356398647077,5982400,29.48116464614868,28.426923599243164,1,0,1,0.0008254558254454647
2020-01-16,30.78023910522461,30.785010405301424,30.53218245332873,30.572729405392643,4518400,29.589092445373534,28.50119689941406,1,0,1,0.013707534530151166
2020-01-17,30.96269416809082,30.979388254870734,30.74802939361076,30.914992098017915,4333600,29.705666160583498,28.579642601013184,1,0,1,0.005927668795634666
2020-01-21,30.91737365722656,31.10103043492636,30.85655142967531,30.87324915466365,5878400,29.810552406311036,28.657729110717774,1,0,1,-0.0014637134164818821
2020-01-22,31.04498291015625,31.26083778758787,31.0151686603515,31.134425659570507,6104000,29.91376953125,28.73399101257324,1,0,1,0.004127428621346185
2020-01-23,31.198827743530277,31.198827743530277,30.93646447908556,31.06287663110907,3712800,30.019789123535155,28.81040409088135,1,0,1,0.004955545758206892
2020-01-24,31.037830352783203,31.48265666748485,30.91737960897376,31.423028162935235,6326400,30.11763973236084,28.88290744781494,1,0,1,-0.005160366667316896
2020-01-27,30.29724502563477,30.52383262625475,29.98598414368639,30.298436940686454,8578400,30.16725101470947,28.938862609863282,1,0,1,-0.023860731202238306
2020-01-28,30.873254776000977,30.94361597390365,30.49163089508862,30.546491739095494,4979200,30.24619903564453,29.005101051330566,1,0,1,0.01901195141270562
2020-01-29,30.904260635375977,31.17020141534985,30.81362415102534,31.104611521318088,5184000,30.335403537750246,29.0726256942749,1,0,1,0.0010042951285818003
2020-01-30,31.1511173248291,31.16900514543414,30.694364654685987,30.873250139605425,4530400,30.4329553604126,29.1404967880249,1,0,1,0.007987788233009718
2020-01-31,30.31274032592773,31.00681686931277,30.20421784987023,31.003239305251384,7536800,30.46181526184082,29.190292015075684,1,0,1,-0.026913224015664428
2020-02-03,30.693174362182617,30.75519033314741,30.31751552961131,30.34494413085404,7798400,30.52531976699829,29.24586429595947,1,0,1,0.01255030169375626
2020-02-04,31.495769500732425,31.547049129245952,31.13799855670161,31.21313103725756,6640800,30.624064445495605,29.320414237976074,1,0,1,0.026148977915386062
2020-02-05,31.64484214782715,32.034811184128614,31.418254600990508,32.00261310791692,6062400,30.73044137954712,29.400966453552247,1,0,1,0.004733100649954247
2020-02-06,31.89886474609375,31.89886474609375,31.61980379341365,31.773642708209323,4151200,30.83395662307739,29.4867419052124,1,0,1,0.008027298637798497
2020-02-07,31.600725173950195,31.85235572890261,31.53155406710285,31.73548254389846,4628800,30.90580940246582,29.558443336486818,1,0,1,-0.009346400711017888
2020-02-10,31.99427032470703,32.001425454113644,31.418260570864373,31.43257082967759,4400800,31.00061902999878,29.637706527709963,1,0,1,0.01245367467330305
2020-02-11,31.935836791992188,32.30076296360755,31.841622731908345,32.27691010503802,4290400,31.072352600097656,29.71232822418213,1,0,1,-0.0018263749140645658
2020-02-12,32.27570724487305,32.28524620086712,31.972793530129614,32.143330119206375,4111200,31.169188976287842,29.79612594604492,1,0,1,0.01064229051189547
2020-02-13,32.21011734008789,32.37349882062504,31.997840060944835,32.05150715779953,4100000,31.261493682861328,29.886604080200197,1,0,1,-0.0020321756015300174
2020-02-14,32.34010696411133,32.409278050597,32.1826868770414,32.2864435067699,3859200,31.339487075805664,29.98408260345459,1,0,1,0.004035676823246348
2020-02-18,32.222049713134766,32.274523085253584,32.04674177433663,32.11233166976772,5774400,31.40245485305786,30.077344551086426,1,0,1,-0.0036504904299659025
2020-02-19,32.58221435546875,32.64423034451066,32.404522533345386,32.404522533345386,5274400,31.485696887969972,30.176287384033202,1,0,1,0.011177583224544874
2020-02-20,32.28048324584961,32.6179825872346,31.82253681167087,32.54404383101166,6850400,31.547471904754637,30.26313014984131,1,0,1,-0.009260607837370483
2020-02-21,31.5649471282959,32.139766837216364,31.357441078456024,32.106375017248624,9121600,31.56577787399292,30.338540344238282,1,0,1,-0.022166214554601216
2020-02-24,30.27339172363281,30.678864816449124,29.69499451621315,30.074230922112434,15647200,31.5275559425354,30.388357276916505,1,0,1,-0.04091739483717671
2020-02-25,29.310985565185547,30.63473900439756,29.18934291462399,30.529792261190146,14342400,31.47824296951294,30.415263023376465,1,0,1,-0.03179049665901701
2020-02-26,29.378963470458984,30.039646467606925,29.160722936205303,29.37538590593986,14311200,31.40352840423584,30.438081283569336,1,0,1,0.0023191954812389337
2020-02-27,27.858434677124023,29.068892444891016,27.858434677124023,28.40940141007764,20147200,31.25123710632324,30.4268257522583,1,0,1,-0.051755699102995156
2020-02-28,28.10291290283203,28.303265620354427,26.688524730487515,26.757694012744206,28288000,31.09882688522339,30.41535312652588,1,0,1,0.00877573447831792
2020-03-02,29.57812118530273,29.57812118530273,28.02300891066792,28.54774079426289,17408000,31.06209592819214,30.434481887817384,1,0,1,0.05249307385221402
2020-03-03,28.49884414672852,29.957356681247,28.20189357505972,29.76654658170675,16729600,30.952379417419433,30.43183437347412,1,0,1,-0.03648903295150807
2020-03-04,29.661602020263672,29.68306740740336,28.70635407848098,29.149988456824968,7608800,30.860671043395996,30.448673439025878,1,0,1,0.04080017658079749
2020-03-05,28.73377799987793,29.43858721165177,28.553698789520706,28.89239000687436,7584800,30.715117835998534,30.4437361907959,1,0,1,-0.03128030710384044
2020-03-06,28.124378204345703,28.290145359647205,27.368289269788765,27.785688764979916,13494400,30.526393508911134,30.424655036926268,1,0,1,-0.02120848137459741
2020-03-09,25.956287384033203,27.0844594943288,25.69392232713488,25.940785210209576,20152800,30.244171619415283,30.362164421081545,0,-1,0,-0.0770893779254288
2020-03-10,27.597761154174805,27.597761154174805,26.049785863153662,27.01831693435462,24196800,30.024346160888673,30.328019256591798,0,0,0,0.06323992895653263
2020-03-11,26.27007102966309,27.00155786092039,25.877390886631535,26.85190836047312,12639200,29.741057872772217,30.26753479003906,0,0,0,-0.048108617111894625
2020-03-12,23.685325622558597,25.62957261678512,23.675747835184925,24.33899545329611,27701600,29.311538791656496,30.158837890625,0,0,0,-0.09839126069304893
2020-03-13,26.29401206970215,26.32513850301643,23.85532297086217,25.215337479443477,16578400,29.015733528137208,30.100716514587404,0,0,0,0.11013935331583369
2020-03-16,22.747920989990234,24.731675678227575,22.74672445160588,23.13820806287558,15118400,28.536124229431152,29.96096408843994,0,0,0,-0.13486306579276186
2020-03-17,24.11870765686035,24.489837262892262,22.45699928354625,23.23876800343518,12671200,28.13095712661743,29.854876556396484,0,0,0,0.060259865834477955
2020-03-18,23.30820846557617,23.704480036528924,21.9098826326897,22.66052501201041,30476000,27.667256832122803,29.730623207092286,0,0,0,-0.03360458623302909
2020-03-19,23.34531784057617,24.13067798436476,22.40073043794389,22.934680562591755,10612800,27.22049856185913,29.60718349456787,0,0,0,0.0015921161446108556
2020-03-20,22.4055233001709,24.17378237397717,22.36242416938616,23.94392095205063,12592000,26.76252737045288,29.458722763061523,0,0,0,-0.040256232398422354
2020-03-23,22.206789016723636,22.78623143590677,21.48368161770406,22.38517004961957,13808000,26.359197235107423,29.299585151672364,0,0,0,-0.0088698791268913
2020-03-24,24.51498413085937,24.53653278299779,23.46623921749439,23.60870584033013,12481600,26.119397163391113,29.187923278808594,0,0,0,0.10394096653944263
2020-03-25,24.52695655822754,25.634362979718546,24.03012089443129,24.76759414976405,14562400,25.876796817779542,29.068439102172853,0,0,0,0.000488371817997546
2020-03-26,26.042604446411133,26.091689920845987,24.813083642698853,24.813083642698853,13282400,25.786005306243897,28.982511596679686,0,0,0,0.06179518786138072
2020-03-27,24.890905380249023,25.684645178704308,24.8178763426524,25.253655664455252,11522400,25.625404930114748,28.873049240112305,0,0,0,-0.04422365161410813
2020-03-30,25.87618827819824,25.919287397287853,25.108785381496716,25.11716662840822,12260800,25.44030828475952,28.774968223571776,0,0,0,0.039584052202899844
2020-03-31,25.36858367919922,26.24852351048939,25.2309068635605,25.85225190849892,11804000,25.283795261383055,28.663086013793944,0,0,0,-0.01961666817159069
2020-04-01,24.16899299621582,24.99745239404549,23.97025802537756,24.52575688627741,9640000,25.009164810180664,28.52811840057373,0,0,0,-0.047286466526982096
2020-04-02,24.64188575744629,24.700549019729017,23.945116800952693,24.04448428925553,6090400,24.804570198059082,28.400056457519533,0,0,0,0.019566092857261852
2020-04-03,24.24441337585449,24.79272931416001,23.943917864296917,24.5485021557256,4012800,24.610571956634523,28.260968170166016,0,0,0,-0.01612994985465721
2020-04-06,26.3095760345459,26.490353781791345,25.161465622598733,25.330270680318648,9448800,24.628236389160158,28.16640308380127,0,0,0,0.08518097042299022
2020-04-07,26.10964584350586,27.31761610976435,26.08211084835523,27.31761610976435,13883200,24.55383062362671,28.082651100158692,0,0,0,-0.007599141498043194
2020-04-08,26.859086990356445,26.97162185472407,26.22337452188347,26.423307816781108,8487200,24.583281421661376,28.002367744445802,0,0,0,0.028703612118775368
2020-04-09,26.922542572021484,27.361913257708547,26.723807609852926,27.25296799000188,13693600,24.745142269134522,27.92273338317871,0,0,0,0.002362536808783622
2020-04-13,26.98359489440918,26.98958123850506,26.41253201104596,26.85070609329386,8109600,24.779621410369874,27.839382934570313,0,0,0,0.0022677026965181035
2020-04-14,28.07903289794922,28.13410471521578,27.476843483591157,27.598957981511933,12955200,25.046177005767824,27.79470878601074,0,0,0,0.040596444166414836
2020-04-15,27.470861434936523,27.6648066109472,27.24698453082572,27.52114344994758,7295200,25.21378469467163,27.730262527465822,0,0,0,-0.021659273851170058
2020-04-16,27.75579071044922,27.83959406233095,27.324801260724865,27.797693299778118,10008800,25.436163806915282,27.655462951660155,0,0,0,0.010372054629139926
2020-04-17,28.202348709106445,28.29333495282334,27.78093518080079,28.258615243784785,8070400,25.679015350341796,27.58661308288574,0,0,0,0.016088822808752123
2020-04-20,27.73423957824707,28.17001879581295,27.7282532336249,27.833607053292223,10504000,25.945451164245604,27.503320579528808,0,0,0,-0.01659823214327616
2020-04-21,26.594512939453125,27.41578950152173,26.44007545302957,27.35353479552312,8400000,26.16483736038208,27.403196334838867,0,0,0,-0.04109456960514157
2020-04-22,27.60254669189453,27.74381674938794,27.134442685164466,27.24458630879872,5391200,26.319215488433837,27.315361862182616,0,0,0,0.03790382454968677
2020-04-23,27.461280822753903,27.986849762873355,27.42656111779459,27.67079011047221,4806400,26.465931701660157,27.225870742797852,0,0,0,-0.005117856360047801
2020-04-24,28.00121688842773,28.02516044283095,27.381070243536865,27.564241083546783,6852800,26.563862323760986,27.140380935668944,0,0,0,0.019661721867919812
2020-04-27,28.31967544555664,28.37474544575737,28.134109675955703,28.27298486852717,7088000,26.735300827026368,27.06257209777832,0,0,0,0.011373025622344324
2020-04-28,27.96051406860352,28.69200092706033,27.926992725398964,28.67284535186453,6744800,26.83951711654663,26.974980239868163,0,0,0,-0.012682397354573993
2020-04-29,29.154111862182617,29.235520297577565,28.46332939235157,28.548331095685253,7587200,27.0287935256958,26.91362148284912,1,1,1,0.042688692727555155
2020-04-30,28.972137451171875,29.22235092709672,28.77220597805663,29.22235092709672,6699200,27.268950748443604,26.841419944763185,1,0,1,-0.006241809452847358
2020-05-01,28.14009475708008,28.65129800438967,28.021571685282748,28.32206907617336,7437600,27.443861198425292,26.758612174987793,1,0,1,-0.0287187196834916
2020-05-04,28.486082077026367,28.51002563180625,27.843188405966988,27.934174644841,4998400,27.655944633483887,26.6970348739624,1,0,1,0.012295172526355369
2020-05-05,28.926652908325195,29.267854543161008,28.786581177423777,28.81052473516501,7199200,27.78679847717285,26.67010009765625,1,0,1,0.015466178539664588
2020-05-06,29.134960174560547,29.416301948328563,28.991297028567185,29.170876417752893,5696000,27.938064193725587,26.66657958984375,1,0,1,0.007201222585119682
2020-05-07,29.65933609008789,29.8233513670778,29.532431772200383,29.57313782692245,6497600,28.07807664871216,26.672187042236327,1,0,1,0.017998168261963432
2020-05-08,30.098705291748047,30.1346215373626,29.755108795059414,29.971802807115957,6192800,28.236884784698486,26.716992454528807,1,0,1,0.01481385828481141
2020-05-11,30.30582046508789,30.48779477455473,29.85208396998491,29.904759061220933,11072000,28.402996063232422,26.761050605773924,1,0,1,0.006881198753643014
2020-05-12,29.654541015625,30.517720032393346,29.654541015625,30.453070433114103,28762400,28.48177146911621,26.76257900238037,1,0,1,-0.021490243110664498
2020-05-13,29.12777709960937,29.90116464095218,28.75185765379197,29.70602294819548,9308000,28.564617252349855,26.775157661437987,1,0,1,-0.017763347466348445
2020-05-14,29.47855758666992,29.51088239125301,28.56270334661737,28.889537354098216,6398400,28.650755596160888,26.771496772766113,1,0,1,0.012042816925609268
2020-05-15,29.65214729309082,29.65214729309082,28.984113585778505,29.0643254921866,5322400,28.723245525360106,26.789864158630373,1,0,1,0.005888677080299054
2020-05-18,30.36687469482422,30.539271204781443,30.163351747648743,30.239972215765725,7204000,28.854877281188966,26.83471408843994,1,0,1,0.024103731668024375
2020-05-19,30.27469062805176,30.764343314735644,30.27469062805176,30.41356396467212,5676800,29.038886165618898,26.921082153320313,1,0,1,-0.0030356784390515035
2020-05-20,30.96786880493164,31.02772860157866,30.67335597487084,30.71166712157742,5672000,29.20715227127075,26.98848430633545,1,0,1,0.02289629266228066
2020-05-21,30.584762573242188,31.0504698597632,30.520112974248025,30.94631440522092,5638400,29.363326358795167,27.07477813720703,1,0,1,-0.012371088049444423
2020-05-22,30.73441505432129,30.75596370490517,30.40997414302515,30.536878450198063,4168800,29.499986267089845,27.215759925842285,1,0,1,0.004893040471402266
2020-05-26,30.75596046447754,31.354558385754064,30.70208884369371,31.354558385754064,6104800,29.62180051803589,27.304998893737793,1,0,1,0.0007010190406477879
2020-05-27,30.927154541015625,30.93074598193066,30.038837388218106,30.737999230238263,6693600,29.770132541656494,27.4685835647583,1,0,1,0.005566208109020421
2020-05-28,30.864904403686523,31.43237403963476,30.76793183687389,30.83856595013546,5620000,29.85567216873169,27.603507499694825,1,0,1,-0.0020127987282678728
2020-05-29,31.25040435791016,31.33061809058397,30.7128645692136,30.94033105896714,5908000,29.969585514068605,27.762351417541502,1,0,1,0.012489912464384467
2020-06-01,31.350969314575195,31.424000166339155,31.01814899132552,31.12470118307319,8140800,30.130129241943358,27.922464447021483,1,0,1,0.003218036973642535
2020-06-02,31.6311092376709,31.6311092376709,31.08638660959446,31.410825648696072,4565600,30.287380599975585,28.106976165771485,1,0,1,0.008935606433242427
2020-06-03,31.925621032714844,32.007029467780214,31.64188256778297,31.75801070298416,5732800,30.437329006195068,28.30135280609131,1,0,1,0.009310827288130596
2020-06-04,31.611955642700195,31.978297288452826,31.415617418893472,31.81069059653199,5651200,30.561178779602052,28.443292236328126,1,0,1,-0.009824879825931276
2020-06-05,32.375762939453125,32.46435790703956,31.74005230519587,31.851390630167167,5710400,30.697000122070314,28.600268363952637,1,0,1,0.02416197546858534
2020-06-08,32.57450485229492,32.58408446608618,32.072879446378785,32.3482367128188,11107200,30.820790100097657,28.73090637207031,1,0,1,0.006138601682174061
2020-06-09,32.64753341674805,32.82471607038492,32.36260021005404,32.39851462537181,5110400,30.937875747680664,28.886038932800293,1,0,1,0.002241893308409848
2020-06-10,33.13359069824219,33.37542292411409,32.815136190776336,32.90013606590905,5129600,31.111828231811522,29.031186981201174,1,0,1,0.014888024626227736
2020-06-11,31.2456169128418,32.584084803747075,31.214492301578098,32.43922145868244,10707200,31.217720222473144,29.148727645874022,1,0,1,-0.05698065756273585
2020-06-12,31.62991714477539,32.25006374422791,31.086389183088837,32.15309116859565,8929600,31.325288200378417,29.297946128845215,1,0,1,0.012299332511359173
2020-06-15,32.0237922668457,32.1387257049045,30.96068171288966,31.027728045199947,5960000,31.44387044906616,29.445584259033204,1,0,1,0.012452613146834324
2020-06-16,32.69782638549805,32.965997200884075,32.2045820699616,32.83191179319106,8829600,31.560418033599852,29.614652519226073,1,0,1,0.021047916906149045
2020-06-17,32.67267227172852,32.98992844020929,32.636754204217326,32.945632778475414,4323200,31.68031711578369,29.741914443969726,1,0,1,-0.0007692900889791909
2020-06-18,32.8510627746582,32.8869808525465,32.56493478464478,32.6379619986445,5334400,31.77447681427002,29.876742782592775,1,0,1,0.005459929982037037
2020-06-19,32.63317108154297,33.284446080073934,32.49190281255533,33.24853165695935,5104800,31.876897239685057,29.992224464416505,1,0,1,-0.006632713669261214
2020-06-22,33.23745346069336,33.26625632115317,32.64096980785718,32.69017713622412,4426400,32.002049160003665,30.11852268218994,1,0,1,0.018517427486296922
2020-06-23,33.455902099609375,33.84955726607051,33.4162944835159,33.50390811256825,5562400,32.13704624176025,30.247968826293945,1,0,1,0.006572363889861599
2020-06-24,32.69977569580078,33.512291760804644,32.51015076687252,33.32986388411102,7292800,32.22567729949951,30.340383682250977,1,0,1,-0.02260068796104653
2020-06-25,33.134239196777344,33.160643041405365,32.38293645894794,32.72978313427448,5039200,32.33914403915405,30.453651237487794,1,0,1,0.013286436733336737
2020-06-26,32.522159576416016,33.1270417190888,32.3937406985087,33.06463429051477,7037600,32.402731800079344,30.54897861480713,1,0,1,-0.01847272293552038
2020-06-29,32.8533935546875,32.8533935546875,32.099688291373404,32.558153289114124,6948800,32.477853012084964,30.64199951171875,1,0,1,0.010184870334123852
2020-06-30,33.44987869262695,33.545894322708826,32.82819259616167,32.83779232785897,5987200,32.568791484832765,30.75631229400635,1,0,1,0.01815596726549873
2020-07-01,33.529090881347656,33.711518750823494,33.30826042169646,33.44267864386485,7564800,32.648964977264406,30.895003852844237,1,0,1,0.00236808597868432
2020-07-02,33.71272277832031,34.00076240331103,33.63351124048892,33.839940309879736,6564800,32.75400333404541,31.017207374572752,1,0,1,0.005476793200939856
2020-07-06,34.24559783935547,34.46762968148926,34.09917717732445,34.13998245525145,6245600,32.84749507904053,31.152893714904785,1,0,1,0.015806348972140283
2020-07-07,33.931148529052734,34.57923849144119,33.88794057816181,34.198787301236564,6304000,32.91532726287842,31.271492347717285,1,0,1,-0.009182181948693136
2020-07-08,34.52042388916016,34.52042388916016,34.03795413320409,34.165175278086984,4528000,33.008971786499025,31.395507316589356,1,0,1,0.017366796753221392
2020-07-09,34.65965270996094,34.812072727471644,34.13397853975293,34.804872012478825,4821600,33.085274887084964,31.529490089416505,1,0,1,0.004033230334824944
2020-07-10,34.59244155883789,34.63684718622057,34.23839055450154,34.58524084426891,4669600,33.25261611938477,31.63825668334961,1,0,1,-0.0019391755504731822
2020-07-13,33.802734375,35.09771680231021,33.72472417970666,34.88648604110276,11260000,33.361256980895995,31.734868621826173,1,0,1,-0.022828894066199035
2020-07-14,34.20718765258789,34.24679524839165,33.141441525402506,33.52909345252199,8337600,33.47042675018311,31.85621047973633,1,0,1,0.011965105340324689
2020-07-15,34.42082214355469,34.66925783733242,33.97676211186805,34.53843994444344,6807200,33.556576538085935,31.974905281066896,1,0,1,0.006245309995562831
2020-07-16,33.986358642578125,34.14478170738515,33.72232386385538,34.061969817264306,4161600,33.622260856628415,32.07609939575195,1,0,1,-0.012622112835207644
2020-07-17,34.18798065185547,34.28759663748878,33.868739217199575,34.1747805631643,3877600,33.68910675048828,32.177159805297855,1,0,1,0.005932439288295788
2020-07-20,35.08570861816406,35.16972183781488,34.12917463711825,34.28279598474291,5258400,33.811733627319335,32.28568725585937,1,0,1,0.026258584133715734
2020-07-21,34.747257232666016,35.39774979941275,34.63924286192944,35.39774979941275,6194400,33.88722381591797,32.378658294677734,1,0,1,-0.009646417268677543
2020-07-22,35.00889205932617,35.157711676923725,34.75565477884988,34.80126173588682,4807200,33.96487331390381,32.4727197265625,1,0,1,0.007529654064729829
2020-07-23,34.14837646484375,35.09650835534564,33.98515539159638,34.87687924536273,8460000,34.037303352355956,32.56259643554687,1,0,1,-0.024579915097689753
2020-07-24,33.70792388916016,33.951561561312616,33.171452194699626,33.62391430879093,10396800,34.0659875869751,32.65419937133789,1,0,1,-0.012898199600705484
2020-07-27,34.27919387817383,34.31999914595503,33.873536554919674,33.925146556562694,5584800,34.15383930206299,32.75021209716797,1,0,1,0.016947646817173867
2020-07-28,33.86993789672852,34.28879899203372,33.85193611042527,34.213187826938274,3546400,34.20466651916504,32.834567909240725,1,0,1,-0.011938903315514837
2020-07-29,34.44962310791016,34.520432580005746,34.01996091520682,34.01996091520682,3221600,34.254653739929196,32.91622287750244,1,0,1,0.017115036140578077
2020-07-30,34.62244415283203,34.651247009773364,33.93354530247109,34.12797191206846,3513600,34.30932140350342,33.00317794799805,1,0,1,0.005016630933247779
2020-07-31,35.43736267089844,35.4445633865904,34.58044453995352,35.17932725827678,6256800,34.39555339813232,33.09256782531738,1,0,1,0.02353729027532414
2020-08-03,36.26667404174805,36.393891550763655,35.85621865609297,35.942630894539604,7621600,34.49660720825195,33.2062060546875,1,0,1,0.023402175228199207
2020-08-04,36.3854866027832,36.39388499328278,36.056638154896376,36.23786465377081,7245600,34.619324111938475,33.31922748565674,1,0,1,0.0032760809799758928
2020-08-05,36.54511642456055,36.62912965150495,36.37949265080408,36.51751124139375,4141600,34.7205587387085,33.4350106048584,1,0,1,0.004387183920885995
2020-08-06,36.98556900024414,37.02157256558999,36.413086672897485,36.55470558008595,4428000,34.83685455322266,33.55617889404297,1,0,1,0.012052296415385966
2020-08-07,36.38789367675781,36.861961499093496,36.08905301850717,36.861961499093496,8192000,34.92662715911865,33.666638679504395,1,0,1,-0.01615968983693028
2020-08-10,36.27267456054688,36.5283072381897,35.791406076525575,36.47670089922577,5455200,35.050124168395996,33.76708408355713,1,0,1,-0.0031664134570263958
2020-08-11,35.630584716796875,36.342283392791614,35.58617909112009,36.15985919301564,5032800,35.121294021606445,33.85267639160156,1,0,1,-0.01770175074016722
2020-08-12,36.41189956665039,36.48630939838136,35.885024044197024,35.930631015289464,8547200,35.22084789276123,33.94829219818115,1,0,1,0.021928207355103924
2020-08-13,36.50070190429688,36.78514107142355,36.35188227722127,36.45509494435532,6112800,35.346565055847165,34.039793815612796,1,0,1,0.002438827380701225
2020-08-14,36.41069793701172,36.56192027940563,36.23787344931071,36.51391062856037,3305600,35.45770092010498,34.13576866149902,1,0,1,-0.002465814699156965
2020-08-17,36.72273254394531,36.78513994570109,36.61351684390683,36.620717557085534,3268800,35.53955211639404,34.22270805358887,1,0,1,0.008569860634734194
2020-08-18,36.83196258544922,36.93997698780903,36.536718579677135,36.8115581150838,3289600,35.6437873840332,34.30785720825195,1,0,1,0.0029744529869391023
2020-08-19,36.77434921264648,37.09239300950686,36.72514188367983,36.9063684290665,3474400,35.732060241699216,34.39039352416992,1,0,1,-0.0015642221798276568
2020-08-20,37.248416900634766,37.31682736413207,36.583526383421,36.66993863662219,3662400,35.88706226348877,34.47269004821777,1,0,1,0.012891259754102213
2020-08-21,37.63606262207031,37.690071639584616,37.27241191530625,37.2976144142562,5163200,36.083469200134275,34.60049896240234,1,0,1,0.01040703884059413
2020-08-24,37.94211196899414,38.21575011970232,37.63606693901163,38.1905439552396,4545600,36.266615104675296,34.726742858886716,1,0,1,0.00813181097069271
2020-08-25,38.12333679199219,38.15094197526351,37.788488885635054,37.889306223398926,4108800,36.479285049438474,34.84873374938965,1,0,1,0.0047763504347397845
2020-08-26,38.91184997558594,39.02226705146262,38.45938792402439,38.51099427288506,5106400,36.702396392822266,34.973014221191406,1,0,1,0.020683215320212334
2020-08-27,38.88784408569336,39.19988851320891,38.560200550030935,39.085874745304736,5460000,36.91566638946533,35.097317657470704,1,0,1,-0.0006169300587774984
2020-08-28,39.26350021362305,39.37871533025075,39.03306998036764,39.06187284386893,5982400,37.106973266601564,35.22556640625,1,0,1,0.009659988532711994
2020-08-31,39.38351058959961,39.64394864658677,39.18668495014874,39.40031469897642,5144000,37.26281509399414,35.36057319641113,1,0,1,0.003056537886933608
2020-09-01,40.32084274291992,40.36045033763509,39.636749186593306,39.81917340242266,6870400,37.45958290100098,35.50224098205567,1,0,1,0.023800116832851437
2020-09-02,40.60888671875,40.89452731710794,39.879186113910094,40.89452731710794,9088800,37.66277141571045,35.645300674438474,1,0,1,0.007143798498126852
2020-09-03,38.20735549926758,39.93679832040242,37.91571550478301,39.93679832040242,17240800,37.72386074066162,35.75545227050781,1,0,1,-0.059138070839395485
2020-09-04,37.60007095336914,38.50619648871953,35.98224288444285,37.9841225837794,18643200,37.78446960449219,35.84476890563965,1,0,1,-0.015894440689832035
2020-09-08,35.96184539794922,37.08520119051548,35.91023537645304,36.27628891263876,16860000,37.768928146362306,35.913562622070316,1,0,1,-0.04356974638296873
2020-09-09,37.09719467163086,37.46564713717929,36.41069840952685,36.79595132299145,9693600,37.84225864410401,35.99843864440918,1,0,1,0.03157094028735208
2020-09-10,36.31468200683594,37.70687762987963,36.117856357912224,37.62526708429228,9372000,37.837397766113284,36.05573471069336,1,0,1,-0.021093580571830417
2020-09-11,36.02320098876953,36.7437841022692,35.58291031531768,36.693257378246905,9997600,37.81352272033691,36.105616912841796,1,0,1,-0.008026533676146141
2020-09-14,36.78950119018555,36.963930926018136,36.468304212143146,36.61627193682339,5763200,37.83246288299561,36.1671524810791,1,0,1,0.021272407237072466
2020-09-15,37.19130325317383,37.41385512664085,36.92544589316886,37.37415475944677,6196800,37.855891418457034,36.22606658935547,1,0,1,0.010921650198820076
2020-09-16,36.63431930541992,37.38136823577551,36.61507120089411,37.33324981006124,5390400,37.846009254455566,36.280130004882814,1,0,1,-0.014976187953466669
2020-09-17,36.3058967590332,36.52243513408415,35.74049895622187,35.79463079658479,7145600,37.822586631774904,36.31583946228027,1,0,1,-0.008964887368280605
2020-09-18,35.772972106933594,36.40814462654841,35.326668098396446,36.40092704903454,8876000,37.74881439208984,36.338105850219726,1,0,1,-0.01467873540314113
2020-09-21,36.10258865356445,36.11582332706023,35.028329655232874,35.17148440094552,10963200,37.67214069366455,36.368308792114256,1,0,1,0.009214122484582976
2020-09-22,36.7016830444336,36.771457876933255,35.88967228195826,36.522440362019424,6552800,37.61011924743652,36.42628776550293,1,0,1,0.016594222553345972
2020-09-23,35.60456466674805,36.72333351294543,35.4842667834494,36.68604146281885,5964800,37.48418064117432,36.454235305786135,1,0,1,-0.029892862852019753
2020-09-24,35.71403121948242,36.15071306258201,35.19795234389205,35.21720044308977,5826400,37.32428970336914,36.480099487304685,1,0,1,0.003074508950157373
2020-09-25,36.61387252807617,36.70650427442335,35.54683058374756,35.75735194006226,5176800,37.21059112548828,36.53264976501465,1,0,1,0.025195736181774953
2020-09-28,37.29235076904297,37.29235076904297,36.91341310030736,37.19009681495222,5347200,37.112033653259275,36.594737167358396,1,0,1,0.018530633175896094
2020-09-29,37.190086364746094,37.43068210855321,37.14076379672167,37.27670097936465,4341600,37.002362442016604,36.63682472229004,1,0,1,-0.0027422353964815516
2020-09-30,37.46678161621094,37.84331095128967,37.134758244580624,37.19972013711709,5853600,36.859659385681155,36.69121520996094,1,0,1,0.0074400271284966735
2020-10-01,37.93352890014648,38.03578283242711,37.70496366229564,37.9648075237429,5610400,36.725891494750975,36.74970794677734,0,-1,0,0.012457629500089995
2020-10-02,37.0601692199707,37.668876206421245,36.9134056577514,37.046934543987,8308000,36.66853218078613,36.80794380187988,0,0,0,-0.023023422958479367
2020-10-05,37.90224456787109,37.90224456787109,37.34165614503626,37.34165614503626,5771200,36.68364086151123,36.8918302154541,0,0,0,0.02272184303590863
2020-10-06,37.380157470703125,38.22344302051725,37.22376804115048,37.82285273941919,5020000,36.75455646514892,36.95384948730469,0,0,0,-0.01377456937235122
2020-10-07,38.087501525878906,38.15727633658151,37.7651041605058,37.7651041605058,4263200,36.80407180786133,37.038200759887694,0,0,0,0.018922982219381046
2020-10-08,38.25472640991211,38.458030123836885,38.15247247614876,38.41231634136386,9509600,36.90107402801514,37.11430282592774,0,0,0,0.0043905448594359076
2020-10-09,38.90073394775391,38.90073394775391,38.45082094632687,38.46886489829839,3540000,37.04495067596436,37.19986862182617,0,0,0,0.016886999293096894
2020-10-12,39.88115310668945,40.11453129490448,39.24357579117424,39.49740256375858,5248000,37.19953327178955,37.28874443054199,0,0,0,0.025203101829705865
2020-10-13,39.68747329711914,40.10370292628284,39.55153610784201,40.02190125048417,7586400,37.324341773986816,37.35716041564942,0,0,0,-0.004856424513408175
2020-10-14,39.46492004394531,39.97378136993076,39.16297120700362,39.80536508145323,8697600,37.465871810913086,37.41874908447266,1,1,1,-0.005607644797835598
2020-10-15,39.315765380859375,39.37591433823617,38.63126995221532,38.76359839268448,4654400,37.61636524200439,37.474162063598634,1,0,1,-0.0037794239268659213
2020-10-16,39.19064331054688,39.66582140637264,39.19064331054688,39.52627542463343,3188000,37.78724880218506,37.518263549804686,1,0,1,-0.0031824910211059043
2020-10-19,38.591556549072266,39.5743917959569,38.45562303512498,39.43244118558378,4293600,37.911697196960446,37.56233680725098,1,0,1,-0.015286474292535823
2020-10-20,38.64088821411133,39.04990034815974,38.45924087784668,38.72750285071457,6565600,38.008657455444336,37.60970108032227,1,0,1,0.0012783020290030311
2020-10-21,38.502540588378906,38.91516145079372,38.42314354412881,38.60118573467752,2576000,38.15355625152588,37.66714019775391,1,0,1,-0.0035803427955856115
2020-10-22,38.34976196289063,38.66012887609926,37.86135286671895,38.51577362368591,3617600,38.28534278869629,37.70589744567871,1,0,1,-0.003968014140198983
2020-10-23,38.32690048217773,38.47245987073593,38.01292114584039,38.40870214920222,2091200,38.37099418640137,37.74242141723633,1,0,1,-0.0005961309677756654
2020-10-26,37.49925231933594,38.21021317416003,37.0324959946501,37.93713465870123,4809600,38.38133926391602,37.764192504882814,1,0,1,-0.021594445479009017
2020-10-27,37.66767120361328,37.8084213370668,37.49324148216052,37.688123458327006,3296800,38.405218505859374,37.78309127807617,1,0,1,0.004491259794811908
2020-10-28,36.1639518737793,36.96874506869692,36.09177240400366,36.95791869891063,6426400,38.340077018737794,37.76973106384278,1,0,1,-0.039920687469782834
2020-10-29,36.676414489746094,37.08542650566363,36.26740247382856,36.32875188993646,5878400,38.277221298217775,37.767772369384765,1,0,1,0.014170536941189749
2020-10-30,35.847557067871094,36.39972378841912,35.462606129960086,36.21566821490311,6740000,38.21659069061279,37.739755172729495,1,0,1,-0.02259919442525471
2020-11-02,35.92214584350586,36.3840929032558,35.535990701808345,36.13507542679678,4953600,38.11758575439453,37.7054768371582,1,0,1,0.0020807213025295646
2020-11-03,36.57295989990234,36.81957275489565,36.04485411942385,36.18920937169318,7177600,38.077225875854495,37.67809379577637,1,0,1,0.01811734909244378
2020-11-04,38.01894378662109,38.27517886355872,37.29234354889374,37.69534218922663,7357600,38.0737979888916,37.67600593566895,1,0,1,0.039536966400212314
2020-11-05,39.22913360595703,39.30010890412611,38.8682400192807,38.97530320763765,7440000,38.122518348693845,37.68235160827637,1,0,1,0.03183123198077409
2020-11-06,39.411991119384766,39.50341868357462,38.64449005250667,39.14011673399912,3914400,38.14808120727539,37.692834548950195,1,0,1,0.004661268211132885
2020-11-09,39.00056457519531,40.4501522042972,38.93319807265508,40.4501522042972,7241600,38.104051780700686,37.687575836181644,1,0,1,-0.010439121001097895
2020-11-10,38.194580078125,38.87907536597702,37.84330862396815,38.597578743898026,10052800,38.02940711975098,37.66379722595215,1,0,1,-0.02066596998913517
2020-11-11,39.12809371948242,39.243578668435305,38.55066163231731,38.62163694840295,5468000,38.012565803527835,37.6399422454834,1,0,1,0.024440997634951556
2020-11-12,38.82374572753906,39.35064748833069,38.658934507405576,39.16539135061711,2980000,37.98796482086182,37.60423942565918,1,0,1,-0.00777824736684829
2020-11-13,39.12928771972656,39.20267133107535,38.75516309791797,39.10282204089253,2504800,37.9848970413208,37.62267807006836,1,0,1,0.007869977161187869
2020-11-16,39.51424026489258,39.577997987142425,39.02462706827986,39.24717885503105,4412000,38.03103122711182,37.66096145629883,1,0,1,0.009837964542654953
2020-11-17,39.39995956420898,39.599654481641394,39.16417675196344,39.35063699383111,2993600,38.068984794616696,37.72972373962402,1,0,1,-0.002892139641746727
2020-11-18,38.98973846435547,39.521456632092175,38.98973846435547,39.38431897782487,2917600,38.09334468841553,37.767574615478516,1,0,1,-0.010411713727395688
2020-11-19,39.416805267333984,39.451692681767504,38.80809826559095,39.004184404675776,2460000,38.14669685363769,37.82961708068848,1,0,1,0.010953312840734863
2020-11-20,39.100433349609375,39.51786728482375,39.08599818639525,39.440874852746745,2560800,38.18537349700928,37.89116172790527,1,0,1,-0.00802632064113007
2020-11-23,39.12567901611328,39.43965837347757,38.796064019076205,39.22311999948847,3307200,38.26669483184814,37.93788528442383,1,0,1,0.0006456620641048794
2020-11-24,39.590030670166016,39.65860133874553,38.97169784183803,39.28808183467358,3805600,38.36281280517578,37.98585983276367,1,0,1,0.011868206909878776
2020-11-25,39.77529525756836,39.86311036581429,39.57800496002921,39.73799953496508,2536800,38.54337997436524,38.04867935180664,1,0,1,0.0046795767587508585
2020-11-27,40.07001876831055,40.19152079692061,39.97137362966079,40.003856405499015,1743200,38.713060188293454,38.12396179199219,1,0,1,0.00740971270819446
2020-11-30,40.33948516845703,40.35993742271748,39.55394018454393,40.08806304800703,3122400,38.93765659332276,38.215292053222655,1,0,1,0.006724888293778264
2020-12-01,40.67391586303711,40.892858893360255,40.39963683392023,40.60654934158385,5749600,39.175245094299314,38.30671859741211,1,0,1,0.008290405620783314
2020-12-02,40.62459182739258,40.66549266230622,40.19633170747372,40.51992959756105,2906400,39.37782669067383,38.38517677307129,1,0,1,-0.0012126699531617158
2020-12-03,40.64986038208008,40.93135700366263,40.56925918058752,40.69797880375911,2307200,39.509372520446775,38.48608268737793,1,0,1,0.0006220014417588349
2020-12-04,41.10578536987305,41.10578536987305,40.66429055314592,40.7400788018135,2954400,39.60320510864258,38.593917770385744,1,0,1,0.011215905380918878
2020-12-07,41.20803451538086,41.329536540679136,41.08051906497264,41.121419900839456,3588800,39.69300727844238,38.68580101013183,1,0,1,0.0024874636158334074
2020-12-08,41.39450073242188,41.53404671204721,41.05646398748116,41.19600996710649,3334400,39.81270408630371,38.76784400939941,1,0,1,0.004524996623447963
2020-12-09,40.54519271850586,41.49193631164085,40.390007447510335,41.40532170355026,7505600,39.93023471832275,38.834946136474606,1,0,1,-0.02051741170659438
2020-12-10,40.72444915771485,40.88564790799023,40.1927308084895,40.28656669764751,6369600,40.01005249023437,38.900099487304686,1,0,1,0.004421151490227704
2020-12-11,40.65225982666016,40.66068155895854,40.18911227584626,40.47903059377808,3390400,40.10147819519043,38.95447410583496,1,0,1,-0.0017726287905115434
2020-12-14,40.82670211791992,41.16113013494386,40.80144058671468,40.82429381033808,2468800,40.1863489151001,39.02980476379395,1,0,1,0.004291084726988803
2020-12-15,41.50516891479492,41.50516891479492,41.0468343334089,41.23931165560976,3760800,40.285895347595215,39.10186325073242,1,0,1,0.016618212142518463
2020-12-16,41.807125091552734,41.90577024132404,41.4378096923457,41.57374689389879,2983200,40.4062536239624,39.190402603149415,1,0,1,0.007275146316780168
2020-12-17,42.18802261352539,42.24708466806316,41.986723858513535,42.09882625712082,3898400,40.5661678314209,39.27241302490234,1,0,1,0.009110827906452235
2020-12-18,42.07471466064453,42.28565476025812,41.88065153468167,42.280832242286,3024000,40.699063301086426,39.34881278991699,1,0,1,-0.002685784871190755
2020-12-21,42.18681335449219,42.20730629698687,41.29122284337922,41.67814622451424,4828800,40.85338230133057,39.414534378051755,1,0,1,0.0026642769832616597
2020-12-22,42.64244079589844,42.799141351521136,42.283242320454285,42.44837768379648,4200000,41.02922039031982,39.46976013183594,1,0,1,0.010800233655423375
2020-12-23,42.254302978515625,42.77381788086684,42.24827759148701,42.72681029793724,3109600,41.1624340057373,39.52109672546387,1,0,1,-0.009102148238666175
2020-12-24,42.53516387939453,42.63038928876714,42.34109709211633,42.34109709211633,1459200,41.30042743682861,39.582501602172854,1,0,1,0.006646918327388063
2020-12-28,42.83409118652344,42.96909592016932,42.607484374535,42.94137104407633,4860800,41.43863105773926,39.652868118286136,1,0,1,0.007027769023683517
2020-12-29,42.55083847045898,43.11495168787827,42.46887037817737,43.06070847606726,4262400,41.54919872283936,39.72007202148438,1,0,1,-0.006612786876486365
2020-12-30,42.60748672485352,42.80034328369457,42.53034115851464,42.73645872091528,2836000,41.645877265930174,39.800390625,1,0,1,0.0013313075941823183
2020-12-31,42.64485549926758,42.71717855239262,42.32061014853467,42.63400759307432,3288000,41.746890449523924,39.880469970703125,1,0,1,0.0008770471409256242
2021-01-04,41.93608856201172,42.85458123745322,41.36233043782407,42.83650139709071,6480800,41.811201858520505,39.94914093017578,1,0,1,-0.01662022133638208
2021-01-05,42.28083038330078,42.2989139052753,41.8276130334402,41.83243187269704,3568000,41.869954109191895,40.02776229858399,1,0,1,0.008220647969571226
2021-01-06,41.57930755615234,42.35677026931892,41.451538421675295,41.714308628165575,6245600,41.88851776123047,40.092810440063474,1,0,1,-0.016591983194008342
2021-01-07,42.76298904418945,42.85700793047205,42.01204450327339,42.018069892988585,4467200,41.95694217681885,40.198085174560546,1,0,1,0.02846804234145961
2021-01-08,43.07518005371094,43.23308719936129,42.60990814068556,43.03178841930621,4316800,42.0834415435791,40.3062353515625,1,0,1,0.0073004955102384805
2021-01-11,42.7075309753418,43.02575091875408,42.479717601833386,42.74851317802312,5318400,42.18259563446045,40.43710693359375,1,0,1,-0.008535056102161764
2021-01-12,42.64485549926758,42.77985656989923,42.21694624740468,42.71114948550528,14567200,42.28222541809082,40.55647575378418,1,0,1,-0.0014675509129854492
2021-01-13,42.85820007324219,43.01971945545915,42.61230319235087,42.68101026882832,3872800,42.38380031585693,40.6966886138916,1,0,1,0.005002820890746662
2021-01-14,42.590614318847656,43.11133591195157,42.53034571812276,42.97512828575275,3349600,42.43807258605957,40.83005798339844,1,0,1,-0.0062435135852005885
2021-01-15,42.14221954345703,42.74852157372106,42.043378146605896,42.54119742158385,4156000,42.454827308654785,40.94144317626953,1,0,1,-0.010528018498014435
2021-01-19,42.667762756347656,42.74852062677571,42.30373802930202,42.44115221385656,4024800,42.4788143157959,41.034419555664066,1,0,1,0.012470705591305808
2021-01-20,43.475364685058594,43.59710845734343,43.00647680066678,43.00647680066678,3961600,42.5488468170166,41.11934417724609,1,0,1,0.018927683959496733
2021-01-21,43.97919845581055,44.0937102605189,43.46932848385375,43.73450810125241,3644800,42.63846607208252,41.21068832397461,1,0,1,0.011588948693168843
2021-01-22,43.850223541259766,44.01656544504486,43.68388163747467,43.761023523018174,3693600,42.69885520935058,41.307681503295896,1,0,1,-0.0029326344972014917
2021-01-25,44.14554214477539,44.54090400641589,43.08120030675192,44.37938460278567,6279200,42.79341716766358,41.4267007446289,1,0,1,0.006734711471601873
2021-01-26,44.00450897216797,44.351656637445934,43.92133802409084,44.30705479111974,6351200,42.86688442230225,41.52422904968262,1,0,1,-0.003194731919814342
2021-01-27,43.12097930908203,43.87554340296853,42.73887842237536,43.77308604118944,10807200,42.881228828430174,41.61017372131348,1,0,1,-0.020078162072999284
2021-01-28,43.34999847412109,43.99607607212888,43.22222566349685,43.36325579985853,3753600,42.92118682861328,41.69458793640137,1,0,1,0.005311084504771912
2021-01-29,42.34471893310547,43.28370479642297,42.097619132576256,43.14870371446533,7924000,42.908048439025876,41.751197509765625,1,0,1,-0.02318984028605553
2021-02-01,43.4078483581543,43.58986067575486,42.54841768242825,42.842528693774966,5582400,42.946198081970216,41.831355285644534,1,0,1,0.02510654107135113
2021-02-02,44.0997428894043,44.20822932367834,43.803222376031314,43.88759989635472,3616000,43.05438079833984,41.933555374145506,1,0,1,0.015939387862333954
2021-02-03,43.93701553344727,44.28054360739452,43.80201445928501,44.25161585678929,3337600,43.13719005584717,42.02395957946777,1,0,1,-0.003689984233357535
2021-02-04,44.67469787597656,44.67469787597656,44.0575480716612,44.17567215980568,3020800,43.291959571838376,42.13544486999512,1,0,1,0.016789541428177568
2021-02-05,44.68313980102539,44.86635501375107,44.53005520864296,44.86635501375107,2907200,43.387967109680176,42.24659408569336,1,0,1,0.00018896434559589892
2021-02-08,45.1954231262207,45.20144851462133,44.83983692650436,44.91456939948801,3248800,43.49397926330566,42.358701934814455,1,0,1,0.011464801432408578
2021-02-09,45.20988845825195,45.36417592701425,45.06524234694205,45.06524234694205,4436000,43.61909713745117,42.46739379882813,1,0,1,0.0003200618786298737
2021-02-10,45.12913513183594,45.46905098034586,44.74703419847533,45.41722085778343,3140000,43.74331111907959,42.568576126098634,1,0,1,-0.0017861872517245247
2021-02-11,45.62091827392578,45.64261408589303,45.2195273600156,45.40515566779845,4443200,43.88144702911377,42.67420478820801,1,0,1,0.01089724278236659
2021-02-12,45.877662658691406,45.899362150700405,45.3593541618187,45.53172147772949,2377600,44.04579944610596,42.77827972412109,1,0,1,0.0056277776616426856
2021-02-16,45.700477600097656,46.1332057239712,45.51846524370246,46.06088266538013,3397600,44.22371234893799,42.87979743957519,1,0,1,-0.0038621204378245233
2021-02-17,45.21108627319336,45.32198210326394,44.71929617103969,45.29184780665273,3560000,44.35087852478027,42.97102195739746,1,0,1,-0.010708669856510422
2021-02-18,45.00376510620117,45.08693606456328,44.41674955841589,44.72532448159872,2912800,44.4272985458374,43.048981552124026,1,0,1,-0.0045856267584332144
2021-02-19,45.058013916015625,45.361766359202846,44.84586725051767,45.27618597057735,2415200,44.481239318847656,43.125981140136716,1,0,1,0.001205428249979379
2021-02-22,43.961124420166016,44.60720577257771,43.928580698030096,44.48425546527909,3908800,44.48678436279297,43.1773136138916,1,0,1,-0.0243439379705932
2021-02-23,43.71040344238281,43.97438019269228,42.22538432288459,43.15231564313041,9191200,44.46502742767334,43.24061782836914,1,0,1,-0.0057032430605481466
2021-02-24,44.31187438964844,44.36008852253855,43.00766131143157,43.47293670615237,5368800,44.48039569854736,43.312366333007816,1,0,1,0.013760361376175867
2021-02-25,42.66655349731445,44.27210990922363,42.5086500571293,43.99005329824015,5407200,44.45767440795898,43.3526522064209,1,0,1,-0.0371304738288919
2021-02-26,42.97150802612305,43.59348036492012,42.489359268466686,43.09686773309456,5277600,44.43874988555908,43.39554832458496,1,0,1,0.007147390726738312
2021-03-01,44.38902282714844,44.43603041425506,43.503073823572734,43.69472749724376,5344000,44.54096508026123,43.45322540283203,1,0,1,0.03298731801927124
2021-03-02,43.60432434082031,44.54692595992971,43.574190046182565,44.49991469461349,3537600,44.55078887939453,43.489169387817384,1,0,1,-0.017677759868329423
2021-03-03,42.40740203857422,43.57179192676968,42.354365371977046,43.48982382843531,4440000,44.46617183685303,43.49355697631836,1,0,1,-0.027449623869658102
2021-03-04,41.32617568969727,42.552036833125214,40.79701566807866,42.26998025429664,9154400,44.335629844665526,43.478586196899414,1,0,1,-0.025496170406606122
2021-03-05,41.99515151977539,42.107250210980645,40.45227713334039,41.84448004928359,8107200,44.20165252685547,43.47475296020508,1,0,1,0.016187702319740538
2021-03-08,40.911529541015625,42.20489495955409,40.876572724702896,41.94212108043174,6212800,44.01307201385498,43.44013473510742,1,0,1,-0.025803502060219752
2021-03-09,42.47731399536133,42.74370021156539,41.90717532043831,41.99516513348775,8612800,43.87716655731201,43.44459495544434,1,0,1,0.03827244964713272
2021-03-10,42.29651641845703,43.0330008613789,42.26638210871483,43.0330008613789,5149600,43.73149795532227,43.43982200622558,1,0,1,-0.004256332613781555
2021-03-11,43.341556549072266,43.57178301413893,42.93293372571494,42.93293372571494,4308000,43.64211902618408,43.44997131347656,1,0,1,0.024707475203778362
2021-03-12,43.0257453918457,43.03056423024586,42.51104930867759,42.820830726258485,3212000,43.512360382080075,43.4594694519043,1,0,1,-0.00728656703570385
2021-03-15,43.55612564086914,43.56576700002879,42.92089213054452,43.07036078629952,3540000,43.39628353118896,43.47844223022461,0,-1,0,0.012327043824415851
2021-03-16,43.78995513916016,44.24558555309438,43.54044228239778,43.86830357401468,5140000,43.30075740814209,43.501344223022464,0,0,0,0.0053684641333575644
2021-03-17,43.80322647094727,44.03586243045308,43.03058242359772,43.39460719436233,4605600,43.230364418029794,43.538686981201174,0,0,0,0.0003030679466313746
2021-03-18,42.398963928222656,43.27526812708335,42.34351784119736,43.1800463790082,3854400,43.10012435913087,43.54104965209961,0,0,0,-0.03205842710367468
2021-03-19,42.37364196777344,42.67377837367324,42.06747649567512,42.4423453658148,3244000,42.96590576171876,43.55693634033203,0,0,0,-0.0005972306420526374
2021-03-22,43.14748001098633,43.36444910230299,42.532739770008966,42.55202615669281,7044800,42.92522354125977,43.56462615966797,0,0,0,0.018262250004411174
2021-03-23,42.82204818725586,43.421118237116175,42.70151098348923,43.26562421427623,2420000,42.88080577850342,43.55956352233887,0,0,0,-0.007542313563795755
2021-03-24,42.16511917114258,43.08361207998495,42.16511917114258,43.07879324033216,2912800,42.77346801757813,43.54871528625488,0,0,0,-0.015340906003388888
2021-03-25,42.17475891113281,42.30734687650147,41.561221380785504,41.925246046551855,3504000,42.74887828826905,43.53931335449219,0,0,0,0.00022861882474733974
2021-03-26,43.18052673339844,43.226413953872026,42.154115253791296,42.17947262321619,2932800,42.75932922363282,43.54575988769531,0,0,0,0.023847624698576153
2021-03-29,42.85569763183594,43.19743434296884,42.609357843526354,43.08030253194636,3452000,42.682662963867195,43.55106155395508,0,0,0,-0.0075225831210451455
2021-03-30,42.5840072631836,42.65766930955178,42.20604567812651,42.58038478123953,2256800,42.63164710998536,43.55989730834961,0,0,0,-0.006339655720608461
2021-03-31,43.28919982910156,43.58263552458057,42.87018233811936,42.87018233811936,3500000,42.67573699951173,43.57232604980469,0,0,0,0.01656003300862774
2021-04-01,44.19244384765625,44.208142493622994,43.83380348987938,43.86278333773912,3245600,42.81905040740968,43.58666763305664,0,0,0,0.02086534336787338
2021-04-05,44.97494125366211,45.05946705398426,44.41222576413027,44.514867657855376,4255200,42.96803989410401,43.606582489013675,0,0,0,0.01770658822814486
2021-04-06,44.89402770996094,45.16451612779476,44.7068600431792,44.92059379993592,2087200,43.16716480255128,43.627458572387695,0,0,0,-0.0017990805867830195
2021-04-07,45.055850982666016,45.13917175771028,44.69117426539024,44.866265817123015,2060800,43.29609165191651,43.64566474914551,0,0,0,0.0036045612514550296
2021-04-08,45.7417221069336,45.7417221069336,45.402402857756094,45.45070752030544,3368800,43.46835193634034,43.68040901184082,0,0,0,0.015222687160685311
2021-04-09,46.12209701538086,46.141414456554095,45.45794849992775,45.56662661088538,2572800,43.60737895965577,43.7404313659668,0,0,0,0.00831571027339173
2021-04-12,45.96994400024414,46.11122443449826,45.70790560913068,45.99409632864159,2897600,43.75458889007569,43.792830276489255,0,0,0,-0.0032989179803767366
2021-04-13,46.46503829956055,46.49039566536035,46.08828555287992,46.13779156249402,3532800,43.90003452301026,43.875236663818356,1,1,1,0.010769956546255122
2021-04-14,45.96149063110352,46.54835831199807,45.8697162047191,46.49039493452455,3935200,44.00861129760742,43.926309509277345,1,0,1,-0.010837130171090115
2021-04-15,46.74277114868164,46.770545958150585,46.41431937832776,46.41431937832776,3339200,44.15558853149414,43.97917007446289,1,0,1,0.016998589620359272
2021-04-16,46.67032241821289,46.85749377099098,46.49039971285097,46.85749377099098,2580800,44.369156455993654,44.03383621215821,1,0,1,-0.0015499451292330102
2021-04-19,46.22956466674805,46.68963814444108,45.9542450762772,46.467450728019685,2954400,44.56195259094238,44.06493354797363,1,0,1,-0.00944406913488216
2021-04-20,45.76104736328125,46.33221651478747,45.509880046955935,46.13538642103968,3850400,44.69263095855713,44.08649169921875,1,0,1,-0.010134581773463935
2021-04-21,46.24285507202149,46.267003718026594,45.57025281785392,45.66081853191183,5244800,44.86367130279541,44.107440338134765,1,0,1,0.010528773629574939
2021-04-22,45.81296920776367,46.48919024463128,45.59923176831778,46.18851325912664,4720000,45.04606380462646,44.119501953125,1,0,1,-0.009296265630404754
2021-04-23,46.48073959350586,46.64979485035133,45.89145811096318,45.89145811096318,1837600,45.261362838745114,44.1465340423584,1,0,1,0.014576011930460542
2021-04-26,46.85749816894531,46.88285553933275,46.49402655783449,46.49402655783449,3492800,45.44521141052246,44.17126564025879,1,0,1,0.008105692352023075
2021-04-27,46.69327163696289,46.94082016196602,46.55923613340629,46.93840271749409,3612800,45.63709011077881,44.18757781982422,1,0,1,-0.0035048079474986338
2021-04-28,46.32374572753906,46.54955558996261,46.24887868065289,46.53144318912359,3096800,45.82407703399658,44.200043182373044,1,0,1,-0.007913900578585875
2021-04-29,46.18126678466797,46.707753672578185,45.7091171112651,46.707753672578185,3200000,45.9686803817749,44.21944679260254,1,0,1,-0.003075721546981658
2021-04-30,45.51712417602539,45.96149909645172,45.41569101061038,45.70791434034987,2964800,46.03491439819336,44.229713973999026,1,0,1,-0.014381212445715552
2021-05-03,45.33477783203125,45.82262614835293,45.22126851558321,45.72964668067874,4212000,46.05290622711182,44.235249252319335,1,0,1,-0.004006104236483954
2021-05-04,44.41584777832031,44.95924213159774,43.90626448184167,44.95924213159774,5891200,46.02899723052978,44.24434371948242,1,0,1,-0.020269870012722735
2021-05-05,44.28301239013672,44.804671795751545,44.20331411829598,44.74549968908179,1647200,45.99035530090332,44.2557958984375,1,0,1,-0.002990720538456837
2021-05-06,44.553489685058594,44.57281080841739,43.81085174063109,44.24556780338517,3889600,45.93094367980957,44.2606282043457,1,0,1,0.006107924468619075
2021-05-07,44.98097610473633,45.282861850405695,44.80467586110146,45.01116467930326,2437600,45.873887634277345,44.30691665649414,1,0,1,0.009594903175925484
2021-05-10,43.81809616088867,44.80345132927078,43.80481496162749,44.80345132927078,3597600,45.76629524230957,44.32384841918945,1,0,1,-0.025852705844798485
2021-05-11,43.77946090698242,43.88089774084824,42.78203310183007,42.92935346466716,6448000,45.63201637268067,44.311657180786135,1,0,1,-0.0008817191364132171
2021-05-12,42.49101638793945,43.34354130495179,42.38354331050541,43.089956581406696,6810400,45.45849266052246,44.28939102172851,1,0,1,-0.02943034227352659
2021-05-13,42.97403335571289,43.37735220494055,42.6226379619708,42.92693741809007,3992000,45.27005577087402,44.30072364807129,1,0,1,0.011367507977769531
2021-05-14,43.969051361083984,44.10912677930406,43.350789987649485,43.47516675859331,2633600,45.13499221801758,44.35358116149902,1,0,1,0.023153935706591522
2021-05-17,43.63819122314453,43.74686936035133,43.221587397868056,43.72875695167168,2685600,45.0054235458374,44.386441955566404,1,0,1,-0.0075248413986090945
2021-05-18,43.351993560791016,43.94610253167888,43.33267243452494,43.81206705493848,3141600,44.88497085571289,44.435251235961914,1,0,1,-0.006558421747822729
2021-05-19,43.5041389465332,43.522255034894094,42.590031935511455,42.63350170327081,2688000,44.74803504943848,44.45578773498535,1,0,1,0.0035095360846286727
2021-05-20,44.36511993408203,44.5112315751151,43.66232916857932,43.686481497650185,2498400,44.675642585754396,44.497159805297855,1,0,1,0.019790783323099026
2021-05-21,44.15259552001953,44.69115856249218,44.11636702591745,44.6114602976213,2177600,44.559235382080075,44.5133805847168,1,0,1,-0.004790349138653727
2021-05-24,44.92058944702149,45.07998597142549,44.50157197332291,44.50640317606703,5909600,44.46238994598389,44.55127746582031,0,-1,0,0.017394083359238532
2021-05-25,44.93507766723633,45.20677477053077,44.84209820742158,45.12466275263246,2137600,44.37448024749756,44.578856506347655,0,0,0,0.0003225296104345521
2021-05-26,45.02323532104492,45.1621020099858,44.87349750368073,45.04617892971053,2072800,44.30945472717285,44.60352210998535,0,0,0,0.00196188942770803
2021-05-27,44.83365631103516,45.1439957461507,44.81554390307932,44.97735422269943,1900000,44.242074203491214,44.624130706787106,0,0,0,-0.004210692738048194
2021-05-28,44.95441055297852,45.229730208938776,44.93267566345952,45.02082394377393,1802400,44.213938522338864,44.675239639282225,0,0,0,0.002693383762984336
2021-06-01,44.75275039672852,45.21886392185438,44.64165850181256,45.15969549271716,3530400,44.18483715057373,44.72282180786133,0,0,0,-0.004485881446768092
2021-06-02,45.00753784179688,45.17780182809119,44.75274438084465,44.84935002118631,3008800,44.21442165374756,44.76002296447754,0,0,0,0.0056932242780542985
2021-06-03,44.52573013305664,44.79138735672615,44.28663531513849,44.63078577444951,3086400,44.22655754089355,44.794096603393555,0,0,0,-0.01070504479569212
2021-06-04,45.36738967895508,45.42776682588735,44.82640911579569,44.82640911579569,2740000,44.26725254058838,44.8581420135498,0,0,0,0.01890276798119417
2021-06-07,45.43018341064453,45.45433574497103,45.22127714261969,45.33840896235843,4038400,44.28971290588379,44.92325050354004,0,0,0,0.0013841160387189078
2021-06-08,45.50987243652344,45.88421143168267,45.320287337489546,45.66806024434385,1862400,44.374301719665525,44.96983741760254,0,0,0,0.001754098704788376
2021-06-09,45.48572540283203,45.78157488953023,45.47485795886859,45.7284427067344,1462400,44.45961494445801,45.02243797302246,0,0,0,-0.0005305889117813711
2021-06-10,45.89507675170898,45.92405659756382,45.45311567678324,45.56420754264538,2942400,44.629817962646484,45.08865936279297,0,0,0,0.008999556349857718
2021-06-11,46.17644119262695,46.19093111825627,45.88300914324753,45.9385550865361,2219200,44.789938354492186,45.14640419006348,0,0,0,0.0061306018168385545
2021-06-14,46.6860237121582,46.6860237121582,46.113649548193,46.25372496891462,2420000,44.9257869720459,45.196275787353514,0,0,0,0.011035552034109886
2021-06-15,46.36481094360352,46.670319115549006,46.26216907161821,46.670319115549006,2441600,45.062117958068846,45.22407318115234,0,0,0,-0.00688027685834014
2021-06-16,46.17040252685547,46.55198651727504,45.67530921146363,46.40587117622088,4434400,45.20303840637207,45.249600677490236,0,0,0,-0.004193016487968104
2021-06-17,46.76571273803711,46.94563541801773,45.98443247709964,46.0073760828173,11313600,45.36611709594727,45.283797912597656,1,1,1,0.01289376264015396
2021-06-18,46.39137268066406,46.731900592669206,46.295979464529125,46.52782558984449,7348000,45.46742973327637,45.29679092407227,1,0,1,-0.008004583603161364
2021-06-21,46.80436325073242,46.829720619639176,46.05327142418576,46.405871885126885,4687200,45.60001811981201,45.3104362487793,1,0,1,0.008902314077041673
2021-06-22,47.25357055664063,47.27168296346351,46.73070240720592,46.795910756896845,2716800,45.71666717529297,45.33610877990723,1,0,1,0.009597551909889201
2021-06-23,47.2209587097168,47.40450756987203,47.14488661045193,47.25597848200348,2051200,45.83096122741699,45.35122718811035,1,0,1,-0.0006901456660242111
2021-06-24,47.54458618164063,47.713895150417805,47.44904609935757,47.545793027042045,2784800,45.957028770446776,45.382889099121094,1,0,1,0.006853471017250756
2021-06-25,47.53369522094727,47.64858541839713,47.41275972496149,47.6449575011439,2283200,46.092030715942386,45.39870758056641,1,0,1,-0.00022906836651703788
2021-06-28,48.04041290283203,48.09604588554795,47.70905084099269,47.70905084099269,3522400,46.24633083343506,45.42610939025879,1,0,1,0.010660178627590833
2021-06-29,48.38387680053711,48.39476424412322,47.96423043682207,48.0488867693571,6235200,46.42788715362549,45.46919563293457,1,0,1,0.00714947846930003
2021-06-30,48.22546005249024,48.352444573604544,48.10573505859514,48.31495485449276,4003200,46.588783264160156,45.51848388671875,1,0,1,-0.003274164009220315
2021-07-01,48.24116897583008,48.29317035373964,47.93520231629592,48.177073310098685,3461600,46.77455520629883,45.55845016479492,1,0,1,0.00032573921166823006
2021-07-02,48.8228759765625,48.8688320630026,48.47337425557058,48.51811980584362,3036800,46.9473295211792,45.6186483001709,1,0,1,0.01205831063140006
2021-07-06,49.06474685668945,49.249778047388034,48.5846327135402,48.92204383445845,3208800,47.12905769348144,45.67032844543457,1,0,1,0.004954048185179971
2021-07-07,49.25340270996094,49.44448287818831,48.87003921874042,49.39852679492707,8687200,47.31623420715332,45.71824653625488,1,0,1,0.003845038757104291
2021-07-08,48.77329254150391,48.92083401990556,48.16619757465595,48.402023309126,4490400,47.48061256408691,45.759846954345704,1,0,1,-0.009747756338465696
2021-07-09,49.23406219482422,49.2812288233742,48.6620394959026,48.75395168036337,2294400,47.64756183624267,45.818053283691405,1,0,1,0.009447171378233588
2021-07-12,49.22920989990234,49.480754090613225,49.081668457173805,49.46261450557656,9924800,47.80020027160644,45.87901214599609,1,0,1,-9.855564837779607e-05
2021-07-13,49.335636138916016,49.71537167005121,49.070787112418806,49.14092807488612,10911200,47.93268089294433,45.955382385253905,1,0,1,0.0021618514542498524
2021-07-14,49.549686431884766,49.91853818018219,49.38884386276918,49.72262328747821,3155200,48.0919246673584,46.039680557250975,1,0,1,0.00433865476804729
2021-07-15,49.09859848022461,49.49526674041337,48.80351558891437,49.49526674041337,3946400,48.23833446502685,46.13333557128906,1,0,1,-0.009103749874991851
2021-07-16,48.649940490722656,49.44448773720958,48.5918901128997,49.266712376452126,3323200,48.332545852661134,46.22067413330078,1,0,1,-0.009137898094640273
2021-07-19,48.06098937988281,48.24723112931132,47.70181070845759,48.04284978852992,5864800,48.41602668762207,46.29082412719727,1,0,1,-0.012105895811982625
2021-07-20,48.84222412109375,49.1227953917057,48.022281506086976,48.30527015827597,7271200,48.51791973114014,46.36804908752441,1,0,1,0.016255069887053608
2021-07-21,49.340476989746094,49.35136074264479,48.75998802452912,48.8676187080777,11828800,48.62226505279541,46.47849670410156,1,0,1,0.01020127313238306
2021-07-22,49.668216705322266,49.72989130735379,49.4287630607524,49.4287630607524,2611200,48.744627952575684,46.59627182006836,1,0,1,0.006642410766403373
2021-07-23,50.15559005737305,50.206380909529614,49.75529377728251,49.94878765875793,3440800,48.8751781463623,46.74956329345703,1,0,1,0.009812580043739638
2021-07-26,50.16767501831055,50.23660914343432,49.885896909354855,50.06246171715259,2535200,49.00687713623047,46.893436126708984,1,0,1,0.00024094943203101238
2021-07-27,49.62104797363281,50.09148887109276,48.94743630856712,50.09148887109276,13480800,49.08590888977051,47.00647605895996,1,0,1,-0.0108960011497089
2021-07-28,49.67304992675781,49.86775801594353,49.17721729097635,49.63314283256434,2940800,49.15036754608154,47.127173233032224,1,0,1,0.0010479817587212281
2021-07-29,49.918548583984375,50.09511708391307,49.60049129634267,49.66942173138234,4775200,49.23502197265625,47.25850433349609,1,0,1,0.004942290791254855
2021-07-30,49.85082244873047,49.91612865346042,49.52429880639799,49.556950063433646,2056800,49.31550464630127,47.38543800354004,1,0,1,-0.0013567328613323104
2021-08-02,49.72747802734375,50.1882420749964,49.68273247431249,50.07577292429741,3688000,49.36073474884033,47.49268516540528,1,0,1,-0.0024742705401414877
2021-08-03,50.00442123413086,50.024978206212246,49.43481226517274,49.84115754042095,2352000,49.4077184677124,47.6097216796875,1,0,1,0.0055692188257532305
2021-08-04,50.12897872924805,50.24870370146092,49.83268525763295,50.00320476722454,3040800,49.45149726867676,47.71388946533203,1,0,1,0.002490929642680717
2021-08-05,50.445831298828125,50.46880934162856,50.1011643474805,50.24749528532095,1587200,49.53512420654297,47.82410453796387,1,0,1,0.006320746554431711
2021-08-06,50.367218017578125,50.43010314850273,50.18823215018857,50.27530585720801,1864000,49.59178199768066,47.93098419189453,1,0,1,-0.0015583702206097838
2021-08-09,50.24386215209961,50.47001094819428,50.14590469165923,50.42043064062303,1789600,49.642514610290526,48.03918830871582,1,0,1,-0.0024491300161836316
2021-08-10,49.86533737182617,50.418013540029,49.74198447987396,50.34787256789748,3052000,49.668999671936035,48.13740684509278,1,0,1,-0.007533751667567978
2021-08-11,49.8218002319336,50.115672623853165,49.543650046197655,50.06729915989805,9620000,49.68260536193848,48.23878784179688,1,0,1,-0.000873094261208629
2021-08-12,50.09148788452149,50.12534967845552,49.56904561468885,49.7649605432114,1752000,49.73224983215332,48.34046684265137,1,0,1,0.005413045119454285
2021-08-13,50.3188362121582,50.35269800116448,50.062453568159526,50.127759765049554,1634400,49.815694618225095,48.4563289642334,1,0,1,0.004538661901216212
2021-08-16,50.41196823120117,50.41801353045556,49.68635516904832,50.168886674369126,2447200,49.93324356079101,48.55722053527832,1,0,1,0.0018508380966979487
2021-08-17,49.98143005371094,50.173717041310105,49.648857453827326,50.11082822403808,2999200,49.990203857421875,48.64824546813965,1,0,1,-0.008540396112202697
2021-08-18,49.34288787841797,50.07091816155135,49.295721268265815,49.87621380433796,2657600,49.99032440185547,48.724905776977536,1,0,1,-0.012775588345647182
2021-08-19,49.71415710449219,49.916120986522245,48.9933826537343,49.050222478801366,3270400,49.992621421813965,48.80947441101074,1,0,1,0.007524270305966585
2021-08-20,50.34302520751953,50.39019181974008,49.82300408114247,49.92821736605509,3579200,50.00199317932129,48.89843338012695,1,0,1,0.01264967847499765
2021-08-23,51.05050659179688,51.11097434580783,50.52201901224651,50.52201901224651,3030400,50.04613475799561,48.99591468811035,1,0,1,0.01405321554199479
2021-08-24,51.12306594848633,51.27786324299422,51.0710608778688,51.160555658750525,2639200,50.121235656738286,49.08465553283691,1,0,1,0.0014213249100472058
2021-08-25,51.126686096191406,51.36371861005323,51.0238901972643,51.21738770865802,3656800,50.193917465209964,49.179893035888675,1,0,1,7.081241388617876e-05
2021-08-26,50.8267822265625,51.21135630975334,50.76752500040837,51.08921393932666,1985600,50.23932914733887,49.273020629882815,1,0,1,-0.005865896902933598
2021-08-27,51.40848159790039,51.45322715139991,50.84734268411557,50.90781044628451,1859200,50.31721210479737,49.365876007080075,1,0,1,0.011444741253635593
2021-08-30,51.917606353759766,51.985329935480806,51.54149873708253,51.54149873708253,2983200,50.42671852111817,49.47640068054199,1,0,1,0.009903516696750048
2021-08-31,51.60074996948242,51.92727724332026,51.52577056202612,51.91155504033917,14336800,50.50653495788575,49.572328414916996,1,0,1,-0.006103062265974346
2021-09-01,51.63461685180664,51.991378030996046,51.59833768031479,51.77732353787741,4304800,50.581816864013675,49.65994934082031,1,0,1,0.0006563253895388588
2021-09-02,51.67453002929688,51.920028942874175,51.44112171300576,51.852305359174125,2580800,50.643251800537115,49.74902076721192,1,0,1,0.0007729926147179711
2021-09-03,51.92365646362305,52.03128713699417,51.55601151873176,51.61526873135209,2078400,50.721073722839364,49.83660217285156,1,0,1,0.004821068216487312
2021-09-07,51.869232177734375,52.03612374847729,51.65517768389276,51.9756560020144,3236000,50.8023422241211,49.9233129119873,1,0,1,-0.0010481597328724224
2021-09-08,51.5681037902832,51.86923198554194,51.22706481573817,51.868025140264834,2915200,50.88748054504395,49.993866729736325,1,0,1,-0.005805530076468668
2021-09-09,51.4000129699707,51.79063602507853,51.38429445265034,51.59955952889938,1964000,50.96639118194581,50.054189453125,1,0,1,-0.003259588931097568
2021-09-10,50.88603210449219,51.817236987450805,50.841286557273285,51.69509094400336,3044000,51.00611839294434,50.10740089416504,1,0,1,-0.009999625209799023
2021-09-13,50.88966369628906,51.35284878969996,50.55830156320112,51.2367517276338,9537600,51.03465976715088,50.16037078857422,1,0,1,7.136716396782816e-05
2021-09-14,50.82555389404297,51.22101528378001,50.68164037463683,51.11338093285524,13045600,51.05533905029297,50.200424346923825,1,0,1,-0.001259780426703161
2021-09-15,51.25971984863281,51.29116426000557,50.66109133113599,50.93319620926872,2414400,51.11925354003906,50.244323806762694,1,0,1,0.008542276892741008
2021-09-16,51.3455924987793,51.40001126614392,50.83645132326088,51.06864913599368,1963200,51.219388771057126,50.28616760253906,1,0,1,0.001675246185505186
2021-09-17,50.65625762939453,51.25851781145907,50.54620586992532,51.25851781145907,2631200,51.266493797302246,50.32382690429687,1,0,1,-0.01342539516709551
2021-09-20,49.68514251708984,50.119300537910256,49.01999723844163,49.80123956870581,18233600,51.23359966278076,50.33284851074219,1,0,1,-0.019170684092169932
2021-09-21,49.710540771484375,50.09632535032866,49.50858053305027,49.99595049917753,2737600,51.16660137176514,50.34247512817383,1,0,1,0.0005111840906122378
2021-09-22,50.445831298828125,50.60788444391719,49.78310335670922,49.97418353466457,2617600,51.13273963928223,50.36467903137207,1,0,1,0.014791440928470845
2021-09-23,51.0976676940918,51.222231115275,50.52927304110363,50.70099938958676,2852000,51.13128871917725,50.395638656616214,1,0,1,0.012921511619113923
2021-09-24,51.10250473022461,51.18716105672903,50.70099798332355,50.759048352125895,13228800,51.14507484436035,50.43571678161621,1,0,1,9.466256193468858e-05
2021-09-27,50.601829528808594,50.76388264310323,50.28255806256248,50.67801578762533,3009600,51.104742240905765,50.47475456237793,1,0,1,-0.009797468911927787
2021-09-28,49.01999282836914,50.033432861350086,48.99459740794444,49.933058024946845,11592000,50.95986156463623,50.493934631347656,1,0,1,-0.03126046459523535
2021-09-29,48.90812683105469,49.46322450616807,48.84025472314787,49.26930631143573,5506400,50.82523040771484,50.49525268554687,1,0,1,-0.002282048422694083
2021-09-30,48.63663482666016,49.43049801194313,48.63663482666016,49.19658152513483,3704000,50.67533130645752,50.481175842285154,1,0,1,-0.005551061183192485
2021-10-01,49.31172180175781,49.45352826769204,48.32030082724248,48.86085868661346,5496800,50.557190895080566,50.47404594421387,1,0,1,0.013880215551582475
2021-10-04,48.11547088623047,49.08871248422044,47.760353677342685,49.08871248422044,6989600,50.366781616210936,50.43324356079101,0,-1,0,-0.02425895652835841
2021-10-05,48.80996322631836,49.08630077160095,48.23062382442095,48.271831633070185,3806400,50.21381816864014,50.406089324951175,0,0,0,0.014433867679067847
2021-10-06,49.14689254760742,49.19173622274319,48.14335072195903,48.306972435665806,15153600,50.092757606506346,50.39660621643066,0,0,0,0.00690288004780526
2021-10-07,49.67532730102539,50.06802016460741,49.56382470548862,49.622002384955145,13247200,50.006523323059085,50.39665176391602,0,0,0,0.010752149851714243
2021-10-08,49.44141387939453,49.88864487784319,49.386875769067146,49.88864487784319,1992000,49.9342924118042,50.38710906982422,0,0,0,-0.004708845101580872
2021-10-11,49.16507339477539,49.828041508991625,49.14689402576175,49.20870757916071,2056800,49.848062896728514,50.373394088745115,0,0,0,-0.00558925125590537
2021-10-12,49.04871368408203,49.44988772240036,48.95781315518056,49.42201022865319,1818400,49.759220886230466,50.35981880187988,0,0,0,-0.002366714878243692
2021-10-13,49.4608039855957,49.495953231897374,49.075386563399896,49.30081813907013,4864800,49.66927509307861,50.34894645690918,0,0,0,0.00840165359213918
2021-10-14,50.53220748901367,50.56735672802986,49.9407474750601,50.00013833382922,4765600,49.62860584259033,50.357011032104495,0,0,0,0.02166166776686418
2021-10-15,50.887332916259766,50.90430279259181,50.59524243370921,50.75280189142339,3180000,49.640159606933594,50.36584106445312,0,0,0,0.007027704604499974
2021-10-18,51.362449645996094,51.38547808258455,50.53101434181271,50.62918664568852,2668800,49.72402496337891,50.385745697021484,0,0,0,0.009336640427160647
2021-10-19,51.83512878417969,51.89209327684029,51.39032416380573,51.51879664533767,2967200,49.83025436401367,50.41757102966309,0,0,0,0.009202815314328427
2021-10-20,51.73452758789063,51.9878366464712,51.49697521456308,51.9054210453426,5694400,49.8946891784668,50.454954833984374,0,0,0,-0.0019407918654532619
2021-10-21,51.95753860473633,51.99632372407012,51.45334314965469,51.59757230694078,3289600,49.937682723999025,50.49766960144043,0,0,0,0.004310680453529336
2021-10-22,51.73695373535156,52.15994308892072,51.53818646645114,51.907847204247645,2197600,49.96940517425537,50.53057891845703,0,0,0,-0.004245483433363728
2021-10-25,51.97934341430664,52.14781416204992,51.73936839644452,51.93934881091356,2136000,50.03828086853027,50.5637890625,0,0,0,0.004685039637141397
2021-10-26,52.04844284057617,52.50658146129893,51.98905566527504,52.329629427568136,3009600,50.189703369140624,50.5965185546875,0,0,0,0.0013293631995072719
2021-10-27,51.85209655761719,52.272663233487,51.839975745015934,52.1211623228531,2315200,50.33690185546875,50.63393188476562,0,0,0,-0.0037723757377409184
2021-10-28,52.381744384765625,52.46052412040265,52.03995743461418,52.090863369238924,2087200,50.52415733337402,50.69470901489258,0,0,0,0.010214588460466523
2021-10-29,52.62050628662109,52.653229150246034,51.84966776579414,51.88481701107817,2259200,50.689596557617186,50.752835998535154,0,0,0,0.004558112843697115
2021-11-01,52.68354034423828,52.70656878229845,52.352664668827,52.64718159927659,2984000,50.918000030517575,50.79964630126953,1,1,1,0.001197899109405265
2021-11-02,53.043495178222656,53.15378827895712,52.736857499890405,52.736857499890405,2547200,51.12967662811279,50.83950607299805,1,0,1,0.006832396449297118
2021-11-03,53.36347198486328,53.45315934404648,52.8410971194128,53.09440620856083,2428000,51.340505599975586,50.88431419372559,1,0,1,0.006032347709469921
2021-11-04,54.12582015991211,54.24217552334967,53.48588045601646,53.56587338134751,2464000,51.56303024291992,50.944296875,1,0,1,0.014285955292884012
2021-11-05,54.3088264465332,54.70272875944745,53.98764530036895,54.49911245154923,2806400,51.80640087127686,51.01393775939941,1,0,1,0.0033811272712434004
2021-11-08,54.69788360595703,54.806967213257046,54.45063679958321,54.54032414902749,2640000,52.08304138183594,51.07972579956055,1,0,1,0.007163792423444448
2021-11-09,54.55244445800781,54.89059550026577,54.245806786346286,54.82029701182025,2844000,52.35822792053223,51.132422561645505,1,0,1,-0.002658953845398493
2021-11-10,53.53315734863281,54.40822687537968,53.34893354780571,54.12219119386176,12805600,52.56184558868408,51.171070709228516,1,0,1,-0.01868453594521513
2021-11-11,53.82281112670898,53.97310252632988,53.75978808735328,53.94886090417263,2166400,52.72637577056885,51.21483459472656,1,0,1,0.005410735933055522
2021-11-12,54.46760559082031,54.55123438776212,53.91977964018572,53.9925008156246,2932000,52.905389404296876,51.27069610595703,1,0,1,0.011979947732446927
2021-11-15,54.39488220214844,54.7245483118055,54.1015785281076,54.65425352095143,3277600,53.05701103210449,51.320120620727536,1,0,1,-0.0013351677181883126
2021-11-16,54.96211242675781,55.038465785338445,54.273689418517606,54.342774727415005,2513600,53.2133602142334,51.38197822570801,1,0,1,0.010428007225043112
2021-11-17,54.73062515258789,55.06150084248234,54.63123964700454,54.88697146152008,10189600,53.363165092468265,51.4452286529541,1,0,1,-0.004211760864875735
2021-11-18,55.124507904052734,55.20813668999575,54.55728946798445,55.07360197831485,3549600,53.52151355743408,51.51971855163574,1,0,1,0.007196752282048857
2021-11-19,55.4456901550293,55.68203302415968,55.17056586890884,55.363274558141086,9458400,53.70695037841797,51.610911712646484,1,0,1,0.005826487404397396
2021-11-22,54.61789321899414,56.1983479152579,54.5815307844199,55.62385769675802,7038400,53.83887786865235,51.685476303100586,1,0,1,-0.014929869818927077
2021-11-23,54.36822128295898,54.617898187072,53.661622661697145,54.37670622167334,10875200,53.95486679077148,51.756329650878904,1,0,1,-0.004571248016361329
2021-11-24,54.8203010559082,54.84211629927546,53.76464374932851,54.070068252728255,3496800,54.10327701568603,51.827541275024416,1,0,1,0.008315147383549215
2021-11-26,53.58526611328125,54.51124146514783,53.35740814926161,54.11976177600747,4521600,54.163453102111816,51.872334747314454,1,0,1,-0.022528788037253
2021-11-29,54.800907135009766,54.95967978905081,54.11006522092917,54.28943992694357,4714400,54.27247314453125,51.95522773742676,1,0,1,0.02268610590005471
2021-11-30,54.260353088378906,55.05664274251744,53.79494274636597,54.62031939102012,5407200,54.351313781738284,52.04673194885254,1,0,1,-0.009863961654852371
2021-12-01,53.2701416015625,55.13905841837616,53.231360180409816,54.728186183056685,4491200,54.36264610290527,52.1179239654541,1,0,1,-0.018249263605114363
2021-12-02,53.84342575073242,54.09067628223352,52.708988662820666,52.80352508681331,6696800,54.38664379119873,52.18587585449219,1,0,1,0.010761828895778702
2021-12-03,52.843505859375,54.10641879658428,52.20598898581955,54.01188239735474,8196000,54.32252807617188,52.220792617797855,1,0,1,-0.01857088172633259
2021-12-06,53.29317092895508,53.43497740778236,52.266600617624086,52.94047636757956,4181600,54.27174530029297,52.26460594177246,1,0,1,0.00850937238677374
2021-12-07,55.22026062011719,55.32570835796883,54.354889365741975,54.354889365741975,4040000,54.29786415100098,52.356974563598634,1,0,1,0.03616016194140714
2021-12-08,55.58871078491211,55.62991858682303,54.877263133717264,55.269952292076354,2590400,54.34967746734619,52.48834892272949,1,0,1,0.006672372796818982
2021-12-09,54.8675651550293,55.82505006369208,54.82271778353144,55.47235553922376,2635200,54.41639785766601,52.60753768920898,1,0,1,-0.012972879199755538
2021-12-10,55.75718307495117,55.827477868643385,55.159660684180565,55.42630376112197,3232800,54.513116455078126,52.7499486541748,1,0,1,0.016213912853764167
2021-12-13,54.9390754699707,55.99473270677899,54.87968460194821,55.8614111748695,3591200,54.53668994903565,52.86249572753906,1,0,1,-0.014672685380836659
2021-12-14,54.03976440429688,54.60092432938259,53.40830968910164,54.2555015378258,4748000,54.518934059143064,52.98098159790039,1,0,1,-0.016369242801790085
2021-12-15,55.46994018554688,55.55477847799723,53.55739279827128,54.09552064107158,3964800,54.54432544708252,53.11418113708496,1,0,1,0.026465248267001806
2021-12-16,53.86126327514648,55.76996280802327,53.51521970669485,55.73232335832007,5015200,54.50085735321045,53.20846855163574,1,0,1,-0.02900087696181719
2021-12-17,53.674278259277344,54.16116777918702,53.02468834416437,53.27359856866918,3288000,54.42834587097168,53.288447570800784,1,0,1,-0.0034716047210763268
2021-12-20,53.04411315917969,53.19588632325608,52.654360711343365,52.92633703564042,4557600,54.3082670211792,53.360501556396486,1,0,1,-0.01174054166231353
2021-12-21,54.474422454833984,54.52541986753959,53.135176224244816,53.65848978934053,3925600,54.30109348297119,53.466688537597655,1,0,1,0.02696452462805987
2021-12-22,55.1252326965332,55.160441405351,54.248590686886814,54.39186367522076,2871200,54.338944053649904,53.58821891784668,1,0,1,0.011947079241433345
2021-12-23,55.42635345458984,55.64369369954601,55.16894671796697,55.226013585456016,2410400,54.36924667358399,53.707529907226565,1,0,1,0.005462485024132491
2021-12-27,56.59317779541016,56.59317779541016,55.60482917875308,55.60482917875308,4098400,54.51964225769043,53.82874931335449,1,0,1,0.02105179698996973
2021-12-28,56.19735336303711,56.70973972045807,56.04436482574568,56.68181212392722,4147200,54.589464569091795,53.93494972229004,1,0,1,-0.006994207566926147
2021-12-29,56.20221710205078,56.40619936980507,55.85860054223377,56.180362653091386,2932800,54.68655776977539,54.03174507141113,1,0,1,8.654747461589452e-05
2021-12-30,55.90838241577149,56.46690846607508,55.8549579593268,56.19250136755464,2676000,54.81846981048584,54.11321014404297,1,0,1,-0.005228168948313017
2021-12-31,55.63032531738281,56.0188623607876,55.59875531624022,55.89380143255244,3200800,54.90781478881836,54.191126098632814,1,0,1,-0.004973442020211993
2022-01-03,56.09536743164063,56.1560767037528,55.38264116990779,55.69833012597103,4452800,55.07040786743164,54.273882675170896,1,0,1,0.008359507365895302
2022-01-04,55.38627243041992,56.21677466111112,54.85567409181715,56.14392280815944,6572800,55.17506294250488,54.34686904907227,1,0,1,-0.01264088343988179
2022-01-05,53.54800033569336,55.120371827426005,53.52371885222156,55.01594996175856,7571200,55.091449928283694,54.3782421875,1,0,1,-0.03319003092392481
2022-01-06,53.3452377319336,53.84062375814735,52.90327245579594,53.09996990304846,5833600,54.97927627563477,54.404178085327146,1,0,1,-0.0037865579011099326
2022-01-07,52.80006408691406,53.6220699673371,52.4673784758074,53.32823547260366,14682400,54.875901222229004,54.423137435913084,1,0,1,-0.010219724725177959
2022-01-10,52.855918884277344,52.92391296916759,51.23862306781714,51.96227651723458,21678400,54.730838012695315,54.43262092590332,1,0,1,0.001057854726678631
2022-01-11,53.55406951904297,53.63663322645112,52.38116612710016,52.73813688575229,4537600,54.661587715148926,54.451292190551754,1,0,1,0.013208561112978856
2022-01-12,53.72891616821289,54.32993568270405,53.47272113703902,53.9389678586308,9529600,54.64604530334473,54.47219970703125,1,0,1,0.0032648620495170366
2022-01-13,52.2099723815918,54.119887356378605,52.1031234731562,53.93411713774847,4798400,54.48304691314697,54.45552925109863,1,0,1,-0.02827050860035274
2022-01-14,52.63129806518555,52.67379529799725,51.86272028795684,51.928283635883446,3944000,54.42154865264892,54.44088577270508,0,-1,0,0.008069831573829678
2022-01-18,51.28839874267578,52.19903766513313,51.17790744210304,51.84570931857176,5841600,54.30225467681885,54.384137344360354,0,0,0,-0.025515223296346257
2022-01-19,50.57324981689453,52.116482154731415,50.546537589419,51.482677216811744,20037600,54.17871150970459,54.309425811767575,0,0,0,-0.013943678167245843
2022-01-20,49.94430160522461,51.69272783336273,49.87752289064355,51.0467840191721,5036000,53.95220546722412,54.21435417175293,0,0,0,-0.012436381168841049
2022-01-21,48.86245727539063,50.34012238976168,48.845460608298616,49.68567474603153,14998400,53.63906669616699,54.100554428100594,0,0,0,-0.02166101627339223
2022-01-24,49.17813491821289,49.23398639071427,46.2155242586041,47.82431938397798,49852800,53.32665576934814,54.0134539794922,0,0,0,0.006460535560933511
2022-01-25,47.970027923583984,48.88066683634772,47.45035679891611,48.22379589469213,6684800,52.895498275756836,53.8963983154297,0,0,0,-0.02456593761918957
2022-01-26,48.13637924194336,49.82652315863654,47.59120750511581,49.36877661982372,31088800,52.492449569702146,53.769773788452156,0,0,0,0.0034678178345939337
2022-01-27,47.72841262817383,49.17450785950501,47.54871185810136,48.90617392820334,5246400,52.0687593460083,53.636444396972664,0,0,0,-0.008475224356177868
2022-01-28,49.762168884277344,49.78159629333243,47.52321093992088,48.30757359034789,7489600,51.76144866943359,53.532445526123055,0,0,0,0.04261101813603996
2022-01-31,51.27018737792969,51.335750713319285,49.660176556175294,49.842304343056135,5448800,51.54344177246094,53.46323677062989,0,0,0,0.03030451701490877
2022-02-01,51.482669830322266,51.55673335177824,50.63274015764435,51.36003593467953,12721600,51.31280689239502,53.390400009155286,0,0,0,0.004144366604832195
2022-02-02,51.74979019165039,51.86392390530722,51.07106105939723,51.63080240472266,4036800,51.13098278045654,53.31648200988771,0,0,0,0.005188549121646346
2022-02-03,50.13735961914063,51.28233562567336,49.9503777250375,50.89258312812595,5508000,50.96045074462891,53.226871337890636,0,0,0,-0.031158205019542584
2022-02-04,50.51982498168945,50.9630056212978,49.73181983519209,50.05722063624495,3656800,50.8191801071167,53.149903411865246,0,0,0,0.007628350704028897
2022-02-07,50.27213287353516,50.976358916853314,50.07057765435381,50.612103300226735,2816000,50.69278354644776,53.058940048217785,0,0,0,-0.004902869482308447
2022-02-08,50.92050552368164,51.06742091271916,49.95401502786026,50.09121485912692,2191200,50.596012878417966,53.00564483642579,0,0,0,0.012897257647244142
2022-02-09,52.17111206054688,52.17111206054688,51.37824922337262,51.57858905287373,9533600,50.526865005493164,52.95304893493653,0,0,0,0.024559978814107097
2022-02-10,50.89743423461914,52.14561658332476,50.59753031525565,51.18762259649259,6132000,50.385290908813474,52.885790557861334,0,0,0,-0.02441346897972163
2022-02-11,49.29106521606445,51.2046224274016,49.096794827714575,50.93507314359853,11590400,50.23934555053711,52.80620903015138,0,0,0,-0.03156090366264619
2022-02-14,49.28257369995117,49.74032026850181,48.73861729885187,49.15872441588401,18080800,50.07190933227539,52.714991989135754,0,0,0,-0.0001722729276808499
2022-02-15,50.70195388793945,50.72866611579056,49.91030631633378,50.04629449252126,2955200,50.04258708953857,52.67216094970704,0,0,0,0.02880085355586215
2022-02-16,50.612098693847656,50.76508722463473,49.75731122044913,50.29155570719784,2640000,50.04452953338623,52.61853950500489,0,0,0,-0.0017722234983368335
2022-02-17,48.94745635986328,50.14464137923388,48.87096208721064,50.11064433643267,3648800,49.99468727111817,52.49308341979982,0,0,0,-0.03289020564141765
2022-02-18,48.33550643920898,49.17936677952361,47.99432063615684,49.12229991715903,5171200,49.96833972930908,52.34801933288575,0,0,0,-0.012502180218625258
2022-02-22,47.86075592041016,48.68640415893731,47.376297164814936,47.91053796303866,17468000,49.90247077941895,52.20788314819337,0,0,0,-0.009821982922551986
2022-02-23,46.65021133422852,48.517628876878646,46.57857484777281,48.33792812253931,5747200,49.83647994995117,52.025743713378915,0,0,0,-0.02529305195669518
2022-02-24,48.33550643920898,48.39864274645073,44.80465690481673,45.03170898313971,18480000,49.84643630981445,51.89367233276368,0,0,0,0.036126205150627255
2022-02-25,49.03123474121094,49.04701974396234,47.83283436800485,48.42899612684824,5364800,49.91157741546631,51.79350173950196,0,0,0,0.014393731508264507
2022-02-28,49.04215240478516,49.298343690579,48.23836243545417,48.58561760669305,4740000,49.8755765914917,51.664945983886724,0,0,0,0.00022266752268929046
2022-03-01,48.09873580932617,49.17207511535149,47.71747986590262,48.8818830648018,2845600,49.717004013061526,51.549695434570324,0,0,0,-0.01923685134518971
2022-03-02,49.10043716430664,49.29470383231536,48.021024741092255,48.391349745557946,2870400,49.597892379760744,51.458218612670905,0,0,0,0.02082593935423649
2022-03-03,48.336708068847656,49.43311703183428,48.10844068428277,49.43311703183428,2960800,49.4272382736206,51.364070510864266,0,0,0,-0.015554425572694819
2022-03-04,47.37265396118164,48.18251347872325,47.03389522603003,48.011316612710594,3461600,49.28900299072266,51.22203514099122,0,0,0,-0.019944554484200294
2022-03-07,45.59629821777344,47.60334627340218,45.55258932767883,47.37265181863782,7074400,49.042826652526855,51.03145645141603,0,0,0,-0.037497492643409736
2022-03-08,45.37167739868164,46.80927241252665,44.75123046165699,45.47366852372407,14316000,48.79780387878418,50.83036293029786,0,0,0,-0.004926295069371256
2022-03-09,47.30586624145508,47.47585512817894,46.3175214479957,46.57128570179472,5316000,48.61707191467285,50.64461669921876,0,0,0,0.04262987294425313
2022-03-10,46.48871994018555,46.61135382164238,45.77599387569255,46.46322309046641,7906400,48.33295230865478,50.45044403076173,0,0,0,-0.017273678006417104
2022-03-11,45.52223587036133,46.9149065262393,45.47123845853677,46.9149065262393,6370400,48.064192390441896,50.236844406127936,0,0,0,-0.02078964684482043
2022-03-14,44.53753662109375,45.7772189398914,44.429476041817935,45.33647272986087,8732000,47.82651596069336,50.00942749023439,0,0,0,-0.021631170579402448
2022-03-15,46.03462600708008,46.13904417055844,44.71116098628904,44.864149529003534,4068800,47.6641185760498,49.81751350402833,0,0,0,0.03361410395736342
2022-03-16,47.719913482666016,47.73934089380592,45.99213002174603,46.60043439035267,5332800,47.51501655578613,49.650004425048834,0,0,0,0.036609127123716334
2022-03-17,48.23836517333984,48.23836517333984,47.23908941306306,47.40907460112858,3284000,47.39632987976074,49.507046279907236,0,0,0,0.010864472561588956
2022-03-18,49.3432846069336,49.40277850864842,47.83404926651484,48.06353209667198,4051200,47.416121292114255,49.42295196533204,0,0,0,0.022905407959480817
2022-03-21,49.218223571777344,49.51448514178076,48.5601370800978,49.16480281665891,3904800,47.46025714874268,49.34041168212891,0,0,0,-0.0025345097342523992
2022-03-22,50.006229400634766,50.27942113180873,49.20122383991148,49.23279384790847,3306400,47.56753082275391,49.28453498840332,0,0,0,0.0160104484004433
2022-03-23,49.24492645263672,50.06207450485727,49.142935330664685,49.49626370253184,3107200,47.697266578674316,49.21231513977051,0,0,0,-0.01522416221184597
2022-03-24,50.53253555297852,50.53253555297852,49.316320078702624,49.43915902931492,2732000,47.807118034362794,49.15188446044922,0,0,0,0.026147040783586428
2022-03-25,50.41456604003906,50.62497266802283,49.82105596469818,50.55078530045346,2457600,47.8762845993042,49.08559745788574,0,0,0,-0.0023345258979886596
2022-03-28,51.03726577758789,51.045776464734296,50.020507754224376,50.20050897295052,4117600,47.976040267944335,49.062143325805664,0,0,0,0.012351583807233002
2022-03-29,52.16591262817383,52.24374848383145,51.27807315822516,51.63320968852359,15691200,48.17939910888672,49.052835617065426,0,0,0,0.022114171544854955
2022-03-30,51.37538146972656,52.01997425887775,51.11997544911356,51.88983829772603,3304800,48.29314632415772,49.054575271606446,0,0,0,-0.015154170963747604
2022-03-31,50.65293502807617,51.49941981887112,50.594555358795866,51.37658088858304,4216000,48.40895767211914,49.056168975830076,0,0,0,-0.014062113428317757
2022-04-01,50.50457000732422,50.834163394463744,49.96092148766242,50.6553795534583,2493600,48.56555347442627,49.06737434387207,0,0,0,-0.002929050817484069
2022-04-04,51.49821472167969,51.51402611786265,50.60429554006345,50.60429554006345,2381600,48.860649299621585,49.12008949279785,0,0,0,0.019674352523175065
2022-04-05,50.2807846069336,51.36078089127286,50.10808036674241,51.28902461963425,5225600,49.10610466003418,49.14214248657227,0,0,0,-0.023640239206847213
2022-04-06,48.9307861328125,49.50484003535859,48.55254115719055,49.47321724255031,4793600,49.18735065460205,49.161357650756834,1,1,1,-0.02684919268214714
2022-04-07,49.082801818847656,49.37955864937405,48.34577564298469,48.84320725596187,2644800,49.317054748535156,49.18028610229492,1,0,1,0.003106749309576662
2022-04-08,48.3628044128418,48.92226423654826,48.2424002765144,48.82983067886955,3554400,49.45908317565918,49.192973937988285,1,0,1,-0.014669036390041246
2022-04-11,47.21713638305664,47.78267585650661,47.17578550084345,47.74132497429342,3998400,49.59306316375732,49.14207328796387,1,0,1,-0.02368903217450613
2022-04-12,47.08821868896485,48.26551444074404,46.8899749621162,47.91646117466611,21755200,49.64574279785156,49.05843391418457,1,0,1,-0.002730315812588091
2022-04-13,47.90916442871094,48.07213686650928,46.95686557754897,47.0991644295554,4736000,49.65520534515381,48.986963806152346,1,0,1,0.017434206742215963
2022-04-14,46.72455596923828,48.05753053805617,46.70266498580882,47.95171669495845,3141600,49.57951488494873,48.8864591217041,1,0,1,-0.024726134834502478
2022-04-18,46.77928924560547,47.09671965440765,46.363341983746416,46.51172039743947,5383200,49.45131511688233,48.8192977142334,1,0,1,0.0011714028144691468
2022-04-19,47.72185897827149,47.79848113994911,46.494698123141006,46.68929332342179,2947200,49.37649688720703,48.76333839416504,1,0,1,0.020149295721815008
2022-04-20,47.52482986450195,48.31415240008063,47.39834243508284,48.17793688144213,3241600,49.25242691040039,48.70839233398438,1,0,1,-0.004128697372398071
2022-04-21,46.6102409362793,48.46861804398542,46.44970331349574,47.96145826657367,3677600,49.12069263458252,48.62218704223633,1,0,1,-0.01924444402705372
2022-04-22,45.322265625,46.807263572322526,45.26632075648063,46.61145467670735,6024800,48.8601791381836,48.48521011352539,1,0,1,-0.02763288250408491
2022-04-25,46.06173706054688,46.08484545503118,44.9087632778616,45.11187292633005,5153600,48.642537689208986,48.38849617004394,1,0,1,0.016315853264382785
2022-04-26,44.30794525146485,45.69199904270883,44.30794525146485,45.67861874258163,5703200,48.30607166290283,48.28883377075195,1,0,1,-0.038074808311651775
2022-04-27,44.78470230102539,45.62875610987778,44.537810716174015,44.59862148792652,13649600,47.93701114654541,48.19887634277344,0,-1,0,0.010760080316402743
2022-04-28,46.59686279296875,46.87172867039281,45.20672943444748,45.510783294750205,4564000,47.69808521270752,48.116774520874024,0,0,0,0.040463828022406334
2022-04-29,44.65943145751953,46.72942875462,44.5937547859599,46.07510426846062,4924000,47.39841003417969,47.99772117614746,0,0,0,-0.041578578885391626
2022-05-02,45.39767837524414,45.43781556854663,44.13646339161553,44.55970775668517,5693600,47.143065452575684,47.92672561645508,0,0,0,0.016530593731960863
2022-05-03,45.42686462402344,45.668890311733406,45.018214301324456,45.33443106178063,3247200,46.83949794769287,47.86855278015137,0,0,0,0.0006429017919826752
2022-05-04,47.00186538696289,47.06997316124232,44.714164220667925,45.58984090653959,26319200,46.67555198669434,47.85137496948242,0,0,0,0.03467113074994255
2022-05-05,44.60227584838867,46.33173457281761,44.06713801735096,46.29281478299751,6905600,46.459126472473145,47.810416259765624,0,0,0,-0.051053070315796534
2022-05-06,44.11822128295898,44.88078713477676,43.4261943034675,44.24592243745823,14176800,46.21089744567871,47.72607055664062,0,0,0,-0.010852687586505372
2022-05-09,42.21849060058594,43.5770012792014,42.02267796877079,43.33497557464272,17486400,45.90368175506592,47.58981567382813,0,0,0,-0.043060001675698234
2022-05-10,42.83146667480469,43.431060078412536,42.10903430715066,43.23768224224592,13925600,45.68439826965332,47.465601959228515,0,0,0,0.01451913759821255
2022-05-11,41.364707946777344,43.28024756108273,41.250387092400985,42.41916852946844,18795200,45.39822273254394,47.33092140197754,0,0,0,-0.03424488680631976
2022-05-12,41.060646057128906,41.685782550020775,40.09010854998456,40.72740422751742,10019200,45.05579681396485,47.170125579833986,0,0,0,-0.0073507563510338825
2022-05-13,42.613765716552734,42.82416865439783,41.49484580298353,41.61160518096001,5003200,44.850257301330565,47.05566673278808,0,0,0,0.037825017591367915
2022-05-16,42.105377197265625,42.68064468643405,41.819565845689965,42.31213158126046,16830400,44.61656169891357,46.950321197509766,0,0,0,-0.011930147705524918
2022-05-17,43.29726791381836,43.34470209562654,42.46051113106692,43.00294215613394,3926400,44.395332145690915,46.90434059143067,0,0,0,0.028307327849568242
2022-05-18,41.301456451416016,42.85091361308387,41.15064693636109,42.68307901322985,4623200,44.08416347503662,46.82293617248535,0,0,0,-0.04609555194971959
2022-05-19,41.013221740722656,41.71741159741548,40.72133074524024,41.02781573375747,5187200,43.804312515258786,46.6970832824707,0,0,0,-0.0069788025764276895
2022-05-20,41.080108642578125,41.71740807349615,39.77754291191493,41.49970446486217,5229600,43.5922046661377,46.588911056518555,0,0,0,0.0016308619273637248
2022-05-23,41.949703216552734,42.01294508118861,41.02051286923989,41.21389067247916,4188000,43.38660297393799,46.517460403442385,0,0,0,0.02116826373417391
2022-05-24,41.13848876953125,41.526461806073954,40.49997564007068,41.37200377569297,5150400,43.228130149841306,46.44947944641113,0,0,0,-0.01933778751267523
2022-05-25,41.72835159301758,42.03848503892256,40.86726900148759,40.86726900148759,3336800,43.07531261444092,46.363353958129885,0,0,0,0.014338466023652296
2022-05-26,42.78646469116211,42.96768334524023,41.35133172192187,41.54349215976287,4561600,42.884792709350585,46.264684982299805,0,0,0,0.025357174624688117
2022-05-27,44.27754211425781,44.28848760859337,43.218219431037234,43.218219431037234,9527200,42.8656982421875,46.18546852111817,0,0,0,0.03484927847763264
2022-05-31,43.91754913330078,44.356601214076136,43.490656240100414,44.1048473880616,3847200,42.79169178009033,46.07695381164551,0,0,0,-0.008130374085085212
2022-06-01,43.74847412109375,44.68739236535086,43.39942096690128,44.35536800482343,8729600,42.70777225494385,45.96755882263184,0,0,0,-0.003849828042403858
2022-06-02,44.95132064819336,44.95618654890156,43.29726700890501,43.45537352177154,5162400,42.60524501800537,45.86646064758301,0,0,0,0.02749459384046604
2022-06-03,43.80929946899414,44.41132765337906,43.618356447664674,44.10970485955382,7980800,42.565596199035646,45.75774810791015,0,0,0,-0.025405731416372035
2022-06-06,43.83483123779297,44.63509923123512,43.63172165996076,44.40280167540331,2684800,42.55142669677734,45.62379402160644,0,0,0,0.0005827933591335821
2022-06-07,44.41740798950195,44.481867266533705,43.283897894052735,43.365382259110326,4401600,42.66137256622314,45.503850860595705,0,0,0,0.013290270208835775
2022-06-08,43.93943405151367,44.5560562094408,43.80564960231914,44.27024482061504,2250400,42.71677093505859,45.36189422607422,0,0,0,-0.010760959714291585
2022-06-09,42.70375061035156,44.026993437921,42.692805118147845,43.62564387740648,2709600,42.78372306823731,45.17265098571777,0,0,0,-0.02812242505703233
2022-06-10,41.02781295776367,42.04092254099484,41.02294705654951,41.95943446993687,10926400,42.78208141326904,44.96569961547851,0,0,0,-0.039245678157872055
2022-06-13,39.09768295288086,40.07308652569155,38.96511589817335,39.72525064644724,11103200,42.606277275085446,44.73459457397461,0,0,0,-0.047044428297208896
2022-06-14,39.31538772583008,39.58903624315597,38.943226039194506,39.37498110411492,6220000,42.46677780151367,44.510810928344725,0,0,0,0.005568226976815804
2022-06-15,40.184967041015625,40.78091174925384,39.27767153716902,39.75199472488538,6900800,42.31116275787353,44.284545974731444,0,0,0,0.022118039919881927
2022-06-16,38.42876052856445,39.17186640254338,38.14781505064624,39.17065271095251,15525600,42.167527961730954,44.04750549316406,0,0,0,-0.043703072112978525
2022-06-17,38.89578628540039,39.249705429252046,38.25727316962158,38.471328278050215,6344000,42.06165618896485,43.84680549621582,0,0,0,0.012153026806284606
2022-06-21,39.87849044799805,40.20808379798573,39.52092280629228,39.52092280629228,5421600,42.00157527923584,43.66271926879883,0,0,0,0.02526505455853245
2022-06-22,39.74106216430664,40.28835918473351,39.29349200234501,39.43822195578553,4293600,41.891143226623534,43.49028442382812,0,0,0,-0.003446175673841423
2022-06-23,40.427764892578125,40.51305702630012,39.72107245285365,40.06832797104021,5216000,41.85560703277588,43.354496994018554,0,0,0,0.017279425633677237
2022-06-24,41.91791915893555,41.92522948890616,40.873716980396615,40.873716980396615,4959200,41.865085411071775,43.25109100341797,0,0,0,0.036859674788278785
2022-06-27,41.61452865600586,42.19084739710367,41.44272846764167,42.08240835865888,3886400,41.806488609313966,43.12519828796387,0,0,0,-0.007237728136727295
2022-06-28,40.32785034179688,42.050719230964425,40.314445594202894,41.72174329923556,4976800,41.60900402069092,42.99726417541504,0,0,0,-0.030918968825645488
2022-06-29,40.35952758789063,40.58859446136672,39.91601821619624,40.28642430348474,3051200,41.43110294342041,42.86886894226074,0,0,0,0.0007854930482351641
2022-06-30,39.7880859375,40.28155549074541,39.13134987926331,39.87459770084899,4476000,41.23308353424072,42.710193481445316,0,0,0,-0.014158779464061078
2022-07-01,39.90749740600586,40.01715607612228,39.2178610908425,39.57730176784478,3976800,40.98089237213135,42.55784683227539,0,0,0,0.0030011865535184423
2022-07-05,40.5179328918457,40.5179328918457,39.15206139869319,39.40427892348162,4280000,40.81632404327392,42.43600067138672,0,0,0,0.01529626074091972
2022-07-06,40.79939270019531,41.11496766138853,40.35709915975049,40.57276132348808,3240000,40.66455211639404,42.345543212890625,0,0,0,0.0069465490527591545
2022-07-07,41.70712661743164,41.79241875530357,40.98337422839731,40.99677897846394,3207200,40.52903804779053,42.25845100402832,0,0,0,0.022248711492021345
2022-07-08,41.73637008666992,41.90207584520709,41.121056757144494,41.19538339764803,5435200,40.41888484954834,42.20701950073242,0,0,0,0.0007011624058046451
2022-07-11,41.06866836547852,41.45613073286789,40.79939462544246,41.37815263929461,3113600,40.33713073730469,42.13269882202148,0,0,0,-0.01599807840990597
2022-07-12,40.50574493408203,41.51339161659731,40.29008279054515,41.21122143379448,5042400,40.31102733612061,42.01087646484375,0,0,0,-0.0137068829791831
2022-07-13,40.41192626953125,40.64098944184307,39.5590198491914,39.75275100417765,4746400,40.37673950195313,41.92592636108398,0,0,0,-0.0023161816849303074
2022-07-14,40.68363571166992,40.83959559486909,39.5285591049182,40.03055486276622,4225600,40.445151901245126,41.8316455078125,0,0,0,0.006723496433366671
2022-07-15,41.43053436279297,41.439064318567766,40.88345705972648,41.10277434460406,3084000,40.50743026733399,41.75171890258789,0,0,0,0.0183586997095444
2022-07-18,41.056488037109375,42.01174303479505,40.91271323770994,41.82288662188714,3815200,40.638816642761235,41.63281135559082,0,0,0,-0.00902827664273409
2022-07-19,42.29197692871094,42.352898818922746,41.27945541086089,41.53898325810352,3294400,40.808626174926765,41.586605377197266,0,0,0,0.030092415368914383
2022-07-20,43.08274841308594,43.25576824363517,42.22009595283515,42.31391433938579,4147200,40.96883907318116,41.56589591979981,0,0,0,0.018697907778299383
2022-07-21,43.70902633666992,43.71024224613482,42.72087121622033,43.13026830488904,3533600,41.16723728179932,41.595706634521484,0,0,0,0.014536628851509414
2022-07-22,43.02669525146485,43.87716246845975,42.77813289550796,43.65906477632255,3590400,41.29718379974366,41.59961120605469,0,0,0,-0.015610759204503832
2022-07-25,42.750118255615234,42.99868067418368,42.41992256498892,42.99868067418368,4684800,41.338793754577644,41.627319412231444,0,0,0,-0.0064280325094268065
2022-07-26,41.94471740722656,42.656284570776485,41.82287363843288,42.62582362857806,2520800,41.35530319213868,41.6450008392334,0,0,0,-0.018839733812499593
2022-07-27,43.75897216796875,43.95148368331525,42.602672293211896,42.65506422049508,5748000,41.52685928344727,41.667904968261716,0,0,0,0.04325347440365901
2022-07-28,44.38281631469727,44.48150947863133,43.36785554907629,43.777252581790606,3670400,41.7280237197876,41.71345375061035,1,1,1,0.014256371112509214
2022-07-29,45.106571197509766,45.22110465415756,44.33651757530937,44.54852457369357,4623200,41.993947982788086,41.74963981628418,1,0,1,0.01630709682055076
2022-08-01,45.02614974975586,45.48427981622728,44.55095976992749,44.74103576185883,4644000,42.24988059997558,41.824133682250974,1,0,1,-0.0017829208831183774
2022-08-02,44.79343795776367,45.31736482408376,44.41572142423215,44.60823299716929,4469600,42.46365585327148,41.8997380065918,1,0,1,-0.005168369787013627
2022-08-03,46.09228515625,46.187323157108565,45.02493244016373,45.02493244016373,3915200,42.72830047607422,41.999981536865235,1,0,1,0.02899637218538631
2022-08-04,46.23849487304688,46.24336966539148,45.68410716150888,46.02526825808963,2700800,42.95486888885498,42.085757369995115,1,0,1,0.003172108223778558
2022-08-05,46.16661071777344,46.31526028847466,45.45504343915723,45.49037917896696,2719200,43.17638092041015,42.18631980895996,1,0,1,-0.0015546387370698467
2022-08-08,45.84615707397461,46.568693504498135,45.60977984685174,46.1337103240154,4252800,43.41525535583496,42.2686759185791,1,0,1,-0.006941242573725637
2022-08-09,45.28324890136719,45.5184065500972,45.04078092188541,45.47941935888037,3160000,43.65413055419922,42.3186116027832,1,0,1,-0.012278197531346957
2022-08-10,46.664947509765625,46.70028324665494,46.10568501299226,46.39689342825308,5209600,43.96678161621094,42.36635971069336,1,0,1,0.030512355935590207
2022-08-11,46.39446258544922,47.2619935685901,46.3384154783557,46.99150018270021,4467200,44.2523229598999,42.41589797973633,1,0,1,-0.0057963190521065355
2022-08-12,47.35823440551758,47.35823440551758,46.579654668923816,46.77460543955368,2770400,44.54870796203613,42.4880931854248,1,0,1,0.020773423515646705
2022-08-15,47.64457321166992,47.71402505877809,47.15354292631445,47.20106378540227,2602400,44.87811222076416,42.541958236694335,1,0,1,0.006046230602697156
2022-08-16,47.47886276245117,47.70671001390991,47.00123355530438,47.38747993635531,2853600,45.13745651245117,42.615349502563475,1,0,1,-0.0034780550658424225
2022-08-17,47.0792236328125,47.41307442632546,46.72587366838734,47.07800400503614,4396800,45.3372802734375,42.68023735046387,1,0,1,-0.00841720096873777
2022-08-18,47.32534790039063,47.51054912641098,46.9464117720852,47.09993614054603,2100000,45.518096351623534,42.73839614868164,1,0,1,0.005227874390999698
2022-08-19,46.41394805908203,46.95858987902486,46.32500448359008,46.88061179701644,2844800,45.687458992004395,42.787886428833005,1,0,1,-0.019258175200885908
2022-08-22,45.14068984985352,45.7937707966784,45.02371713113288,45.7937707966784,3716800,45.806987571716306,42.836625213623044,1,0,1,-0.027432663293536885
2022-08-23,45.03467178344727,45.53423195903703,44.98593502156995,45.071227143637685,2160800,45.96148529052734,42.91676239013672,1,0,1,-0.0023486142271836874
2022-08-24,45.10778427124024,45.31248464542215,44.89577728618355,45.01518552792491,2732800,46.02892589569092,43.036964416503906,1,0,1,0.0016234710923292983
2022-08-25,45.926570892333984,45.94241117722204,45.23327955022639,45.328317541178,1689600,46.10611362457276,43.16918807983399,1,0,1,0.018151780991286337
2022-08-26,43.9819564819336,46.00943537333336,43.9783013166814,45.92658248203185,4351200,46.049882888793945,43.24512786865235,1,0,1,-0.04234181591652375
2022-08-29,43.414161682128906,43.86133003951142,43.24967181754056,43.52382035239531,4378400,45.969283485412596,43.34483589172363,1,0,1,-0.01290972128622625
2022-08-30,42.97673797607422,43.7406971335387,42.5844008580603,43.70414548710578,3971200,45.878448486328125,43.42645492553711,1,0,1,-0.010075599507308963
2022-08-31,42.55759811401367,43.39831950734281,42.5466326193015,43.27160464508393,3450400,45.70171413421631,43.48003707885742,1,0,1,-0.009752714649815641
2022-09-01,42.18476104736328,42.24080815483218,41.30261311556988,42.0787575351412,4958400,45.49902744293213,43.52891105651855,1,0,1,-0.008760763839433361
2022-09-02,41.68885803222656,42.88292957789263,41.459791078967534,42.64533266568976,4327200,45.275139808654785,43.55413291931152,1,0,1,-0.011755501342770147
2022-09-06,41.38668441772461,41.874059608723385,41.12228174052162,41.76805238124396,4844000,45.05216617584229,43.543508224487304,1,0,1,-0.0072483063524638736
2022-09-07,42.04585266113281,42.22009210366681,41.305044067338535,41.44760293516139,4394400,44.890296363830565,43.55213470458985,1,0,1,0.015927060905751134
2022-09-08,42.299293518066406,42.46743855487562,41.56213630638318,41.741246838848085,3164000,44.672013664245604,43.591563568115234,1,0,1,0.0060277254685781045
2022-09-09,43.21311569213867,43.2996237352558,42.63679327104036,42.644103600409295,2464000,44.51294631958008,43.64863533020019,1,0,1,0.021603721908073137
2022-09-12,43.89787292480469,43.90518325347092,43.45557944861386,43.45557944861386,2427200,44.339928245544435,43.73083106994629,1,0,1,0.015846050943060908
2022-09-13,41.59869766235352,42.79398519971649,41.492694137385264,42.6502103892625,5641600,44.037634468078615,43.76465507507324,1,0,1,-0.052375550550924466
2022-09-14,41.77902221679688,42.01052469229003,41.365969951458816,41.79242324992747,3512000,43.752642440795896,43.78987686157227,0,-1,0,0.00433486057441046
2022-09-15,40.84934997558594,41.73393335708224,40.61906342907244,41.414703224173934,4664800,43.44114875793457,43.79087600708008,0,0,0,-0.02225213018118888
2022-09-16,40.54351806640625,40.60443995681408,39.98791072335708,40.43142015196993,5660800,43.10205726623535,43.76760383605957,0,0,0,-0.007486824376947809
2022-09-19,40.86153030395508,40.89321087820806,40.1463078747986,40.15727336933757,21616800,42.82443637847901,43.750107040405275,0,0,0,0.007843725772094023
2022-09-20,40.608097076416016,40.88102596870144,40.26937149817703,40.47285225802084,3777600,42.597806739807126,43.74089561462402,0,0,0,-0.006202245135066176
2022-09-21,39.99278259277344,41.42688244954344,39.99278259277344,40.800603677103,4010400,42.34571228027344,43.73063636779785,0,0,0,-0.015152507207729649
2022-09-22,39.4664192199707,39.947699919870864,39.267813263660734,39.79905407793559,5844000,42.06364402770996,43.71172622680664,0,0,0,-0.013161459110320739
2022-09-23,38.90716552734375,39.17400376340381,38.42100620662146,39.103332272718525,20828800,41.71267375946045,43.676196823120115,0,0,0,-0.014170368218861862
2022-09-26,38.653717041015625,39.50784307265192,38.54893318191212,38.82308166892359,9041600,41.44626178741455,43.62066047668457,0,0,0,-0.006514185315041887
2022-09-27,38.792625427246094,39.56633421692049,38.40516307772332,39.17886814902042,18527200,41.21518497467041,43.575383224487304,0,0,0,0.0035936617966927376
2022-09-28,39.24257278442383,39.43310599345739,38.28502022106198,38.51463812100531,11395200,41.02847671508789,43.51439514160156,0,0,0,0.011598785908976117
2022-09-29,38.23494720458984,38.732045180095,37.781820442265214,38.67586326127919,21222400,40.8123441696167,43.41743911743164,0,0,0,-0.025676848084586812
2022-09-30,37.54121017456055,38.7015104716743,37.514339913324,38.08960354329562,7930400,40.58016662597656,43.29408279418945,0,0,0,-0.01814405617764292
2022-10-03,38.68074798583984,38.89082355006136,37.65113134520657,37.872198780383,6112000,40.42976112365723,43.20716384887695,0,0,0,0.030354317454888147
2022-10-04,40.035255432128906,40.05479778337708,39.42212580960008,39.450218638392265,7688800,40.36218967437744,43.15286659240723,0,0,0,0.035017612554569144
2022-10-05,40.16227340698242,40.42731210825774,39.22792690885723,39.4489943898737,4501600,40.26801071166992,43.11721771240234,0,0,0,0.0031726530399898145
2022-10-06,39.85813522338867,40.52133735846871,39.80561727766126,40.03523512922913,12241600,40.14595279693604,43.039200973510745,0,0,0,-0.0075727332591902785
2022-10-07,38.19953155517578,39.07403205807218,38.01266227897602,39.07403205807218,6406400,39.89527359008789,42.91553527832031,0,0,0,-0.041612676030052365
2022-10-10,37.50945281982422,38.26181639559442,37.121058462984735,38.19464260719342,7816000,39.57585258483887,42.763592910766604,0,0,0,-0.01806510989159138
2022-10-11,36.898773193359375,37.53510905917907,36.61785984380064,37.25785593982051,8125600,39.34085636138916,42.60104537963867,0,0,0,-0.016280686081938556
2022-10-12,36.76686477661133,37.16136824019591,36.65938372601728,36.96717104859511,6149600,39.09024848937988,42.440513916015625,0,0,0,-0.0035748726944608844
2022-10-13,37.81967544555664,38.01509515406178,35.61754815488166,35.76655526329323,10500800,38.93876476287842,42.275061721801755,0,0,0,0.02863476870660575
2022-10-14,36.74365234375,38.23372351972881,36.683806475371895,38.19830278684409,4932800,38.7487714767456,42.085164871215824,0,0,0,-0.028451410254845544
2022-10-17,37.90517425537109,38.0602867216798,37.612046544499634,37.64258075870127,3719200,38.60095367431641,41.919936141967774,0,0,0,0.031611498518291814
2022-10-18,38.29479217529297,39.0593663852578,37.81723660482528,38.87127830429701,10937600,38.48528842926025,41.76890884399414,0,0,0,0.010278752903152055
2022-10-19,38.106712341308594,38.49266538794156,37.73175116826464,37.9467133024203,3305600,38.39098491668701,41.625378112792966,0,0,0,-0.004911368447266806
2022-10-20,38.1274642944336,38.96165738782564,37.94181388628511,38.14212012090404,3848800,38.32403717041016,41.454628448486325,0,0,0,0.0005445747441852333
2022-10-21,39.13143539428711,39.20593709934905,37.88686033272952,38.0285358284972,3866400,38.33525066375732,41.309367904663084,0,0,0,0.02633196616749789
2022-10-24,39.593109130859375,39.73112065723324,38.73570595385792,39.28898580270904,3692800,38.38222026824951,41.15406539916992,0,0,0,0.011798027133951505
2022-10-25,40.46027755737305,40.48714781652062,39.7128005467678,39.7128005467678,5120000,38.46560287475586,41.010379486083984,0,0,0,0.021902003796862468
2022-10-26,39.64684295654297,40.50058211282776,39.464860234215216,39.50883144049288,4164800,38.485816383361815,40.85373908996583,0,0,0,-0.020104523496573212
2022-10-27,39.23646545410156,40.04501085401393,39.15585468090954,39.74944174629763,4268000,38.5358922958374,40.6968839263916,0,0,0,-0.010350824223033905
2022-10-28,40.815696716308594,40.90485796973663,39.401353457371854,39.401353457371854,4392800,38.69961662292481,40.56669090270996,0,0,0,0.04024907044836645
2022-10-31,40.32959365844727,40.58852321166744,40.102417155032505,40.44440260786697,4328800,38.78205890655518,40.445003814697266,0,0,0,-0.011909708689772036
2022-11-01,40.01814651489258,40.935395642704265,39.849597030319394,40.838906467402495,3250400,38.78120346069336,40.342552947998044,0,0,0,-0.007722546033871569
2022-11-02,38.53783798217773,40.39676088459968,38.53661542100324,39.9961521880342,4452800,38.699981689453125,40.21261627197266,0,0,0,-0.03699093190545344
2022-11-03,37.44105529785156,38.114030631537744,37.41296620376975,38.01143610996107,16798400,38.57912769317627,40.05928169250488,0,0,0,-0.02845989141459837
2022-11-04,37.92715835571289,38.267921233093546,37.07830570190679,38.094485254757686,5880800,38.56550903320313,39.899293441772464,0,0,0,0.012983155896495902
2022-11-07,38.48899841308594,38.552508253507135,37.69022211566331,38.08838956640303,5656000,38.61448631286621,39.78943428039551,0,0,0,0.01481366075738233
2022-11-08,38.84685134887695,39.373260943789525,38.30212196950643,38.81143061404403,4400800,38.71189022064209,39.69808807373047,0,0,0,0.009297538271854533
2022-11-09,37.81235122680664,38.56837871211915,37.75250535627124,38.459678841514766,5304800,38.76416454315186,39.59480033874512,0,0,0,-0.026630218052414167
2022-11-10,41.0160026550293,41.05508734615407,39.58944497486687,39.732343018767445,10920800,38.92398090362549,39.56396842956543,0,0,0,0.08472499922066379
2022-11-11,41.85264587402344,41.97600158696076,40.8059319287603,40.958603027171314,10211200,39.17943058013916,39.55732612609863,0,0,0,0.020397970666006682
2022-11-14,41.4532470703125,41.95645030717922,41.20408684709816,41.48622640603438,7431200,39.35683422088623,39.55261390686035,0,0,0,-0.009542976205450193
2022-11-15,42.051719665527344,42.59400762544602,41.63401368905992,42.40103302548128,7284000,39.54468059539795,39.5659146118164,0,0,0,0.01443729110531966
2022-11-16,41.33477783203125,41.78424059528771,41.1918797889937,41.68775515676536,4236000,39.70608386993408,39.55169311523437,1,1,1,-0.01704904910425864
2022-11-17,41.31157302856445,41.51065671972281,40.59218881444336,40.68867798378764,5818400,39.865289306640626,39.53193870544433,1,0,1,-0.000561386916390183
2022-11-18,41.35798263549805,41.85141658995286,41.03187930897386,41.8318742452167,3657600,39.97661666870117,39.494836044311526,1,0,1,0.00112340449736692
2022-11-21,40.86577987670898,41.24806892286704,40.76684929811292,41.10150317003927,8136800,40.04025020599365,39.43419418334961,1,0,1,-0.011901034030770252
2022-11-22,41.59737396240234,41.62302538903146,40.69844837928741,40.97081494395893,4137600,40.09710502624512,39.43416770935059,1,0,1,0.017902364469748466
2022-11-23,42.04195022583008,42.13721682782623,41.520427173883625,41.543633475539714,3524800,40.216860389709474,39.43942626953125,1,0,1,0.010687604073987167
2022-11-25,41.77814102172852,41.90882837834593,41.65111762243113,41.74394284430096,1474400,40.34394416809082,39.4580020904541,1,0,1,-0.006274904058553243
2022-11-28,40.89509201049805,41.59127375351883,40.73265159169825,41.406845862414585,5042400,40.347913932800296,39.46503356933594,1,0,1,-0.02113662766304536
2022-11-29,40.5164680480957,40.984250652745935,40.35768786964696,40.91585429896922,4314400,40.35725765228271,39.45813232421875,1,0,1,-0.009258420602285211
2022-11-30,42.49629974365234,42.50362765713167,40.44317940702085,40.561652311364895,4823200,40.4811653137207,39.495896377563476,1,0,1,0.04886486386736477
2022-12-01,42.64653396606445,42.85905093423833,42.09203151404532,42.5573727061429,11018400,40.68660011291504,39.5489714050293,1,0,1,0.0035352306746321283
2022-12-02,42.40714263916016,42.53416603075559,41.774474531450814,41.86485462474599,4314400,40.93490447998047,39.607785873413086,1,0,1,-0.00561338295615732
2022-12-05,41.59981536865234,42.29599323605345,41.34332721652723,42.09080420528183,3923200,41.11853733062744,39.66163887023926,1,0,1,-0.0190375304787056
2022-12-06,40.69600296020508,41.64866897065825,40.42607781780906,41.64866897065825,6495200,41.2288875579834,39.702484588623044,1,0,1,-0.02172635624552144
2022-12-07,40.51034927368164,40.79737161494707,40.2172215808807,40.56653490802013,6806400,41.312062454223636,39.736839065551756,1,0,1,-0.004561963657831014
2022-12-08,41.21630859375,41.34210942529639,40.50669365163082,40.7924934904647,3288000,41.4822603225708,39.77631378173828,1,0,1,0.017426641160237955
2022-12-09,40.96593475341797,41.53631194285255,40.83891134407092,41.046545548158086,11598400,41.479756927490236,39.830933532714845,1,0,1,-0.0060746303799268375
2022-12-12,41.8648567199707,41.86974323878628,41.03799139004871,41.06119769527049,4852000,41.480367469787595,39.917406463623045,1,0,1,0.02194315769830535
2022-12-13,42.3643913269043,43.66026540649684,41.960118600774656,43.43675658292394,7354400,41.52592468261719,39.991079330444336,1,0,1,0.011932074920856017
2022-12-14,42.04806137084961,42.83095920096236,41.55340850912956,42.31432259590402,5572000,41.525741767883304,40.03133544921875,1,0,1,-0.007466883062563823
2022-12-15,40.45527267456055,41.47892796666334,40.33527324988618,41.3870927017925,5430400,41.48176651000976,40.037195434570314,1,0,1,-0.037880193387305194
2022-12-16,39.926300048828125,40.53118861658104,39.72915840675503,40.34017156747869,5028800,41.41250286102295,40.0385587310791,1,0,1,-0.013075492779092146
2022-12-19,39.35079574584961,40.00466234313196,39.09610760444584,39.99854148723132,12659200,41.31214351654053,40.06158401489258,1,0,1,-0.014414165657090638
2022-12-20,39.43773651123047,39.63855142763672,38.94794840696548,39.102232855580695,6608800,41.2407413482666,40.100149688720705,1,0,1,0.0022093775674163485
2022-12-21,40.06221771240234,40.2532347770831,39.50018630246242,39.61161354632399,4402400,41.163983535766604,40.16341857910156,1,0,1,0.01583461061448177
2022-12-22,39.06916427612305,39.58833834824957,38.41774535447907,39.58589075354955,5084800,41.01534423828125,40.2094645690918,1,0,1,-0.02478777993290826
2022-12-23,39.0838623046875,39.12426817471532,38.481421357677945,38.8279484964146,7944800,40.880630302429196,40.23474830627441,1,0,1,0.000376205348560088
2022-12-27,38.70183181762695,39.000602855478185,38.4985693091356,38.99815152345189,5281600,40.77096729278564,40.27391189575195,1,0,1,-0.009774634965253326
2022-12-28,38.09326553344727,38.924681777103714,38.05040833261805,38.63937815139001,4907200,40.649807167053225,40.27767372131348,1,0,1,-0.015724482682044627
2022-12-29,39.13160705566406,39.2724240822814,38.42876253537956,38.514476922295714,4965600,40.48157253265381,40.2944100189209,1,0,1,0.027257876364132905
2022-12-30,39.11079406738281,39.11079406738281,38.50100670347287,38.72263545950742,4978400,40.304785537719724,40.31449165344238,0,-1,0,-0.0005318715444434519
2023-01-03,38.73611068725586,39.816094165623646,38.4814188248596,39.47201464454637,5940000,40.12123394012451,40.32666458129883,0,0,0,-0.00958005044544541
2023-01-04,38.90386199951172,39.159775787741566,38.496115123111394,38.93937267673371,4561600,39.98643627166748,40.32211311340332,0,0,0,0.004330618363062699
2023-01-05,38.09816360473633,38.6932542659284,38.04306095679509,38.68468207859779,4448800,39.85654430389404,40.29221420288086,0,0,0,-0.020709984905496137
2023-01-06,39.18794631958008,39.363044665785885,37.95857716134466,38.426325686419695,6175200,39.79042415618896,40.266767578125,0,0,0,0.028604599585169144
2023-01-09,39.678955078125,40.380577843403216,39.55895939084908,39.5969176678592,5166400,39.71355648040772,40.267409820556644,0,0,0,0.01252958638201429
2023-01-10,39.93609619140625,39.977727731215616,39.339779781498834,39.573654046111415,18122400,39.66206455230713,40.28140243530274,0,0,0,0.006480541455160749
2023-01-11,40.60955810546875,40.62057789012157,39.91283418260727,40.07323949830988,4167200,39.599299621582034,40.277279663085935,0,0,0,0.016863488880703992
2023-01-12,40.92668533325195,41.08096975373198,40.13690440122051,40.665872617406585,4303200,39.527414321899414,40.28922149658203,0,0,0,0.007809177015903002
2023-01-13,41.09933471679688,41.12627320621204,40.44914144709783,40.54954888371672,3956800,39.479977989196776,40.31084526062012,0,0,0,0.004218503945264684
2023-01-17,41.30504608154297,41.50586096111077,40.952401850063765,41.00627883059239,4362400,39.5224666595459,40.36618942260742,0,0,0,0.0050052237138040745
2023-01-18,40.78465270996094,41.81443262012139,40.754040954261,41.58423161937197,5846400,39.56538429260254,40.43306137084961,0,0,0,-0.012598784433134114
2023-01-19,40.28384399414063,40.653636386819386,40.11854350624109,40.46261933418244,6995200,39.61203670501709,40.48019508361816,0,0,0,-0.01227934241298545
2023-01-20,41.41158676147461,41.41158676147461,40.3536426357507,40.52629339530093,4633600,39.7107292175293,40.538646850585934,0,0,0,0.027994914474845256
2023-01-23,42.39482498168945,42.57971740555694,41.50585859052591,41.56218316266671,10939200,39.82735958099365,40.60960632324219,0,0,0,0.02374307040872803
2023-01-24,42.32380676269531,42.48666337283744,42.08013841718231,42.170748005607024,4677600,39.990091705322264,40.69983543395996,0,0,0,-0.001675162452606238
2023-01-25,42.23442077636719,42.32747795511522,41.1715779791232,41.58912269647158,5066400,40.14761962890625,40.72420379638672,0,0,0,-0.0021119552602936187
2023-01-26,42.90666198730469,42.93114914995227,42.19157181790818,42.68013424629151,3876800,40.35786113739014,40.74528411865234,0,0,0,0.015916903761911128
2023-01-27,43.10380172729492,43.40991929925488,42.611566016826536,42.63483125123844,4538400,40.60838794708252,40.77829521179199,0,0,0,0.004594618431248865
2023-01-30,42.26136779785156,42.80380721915043,42.23442930301033,42.5980971149737,4832000,40.764875984191896,40.78248817443848,0,0,0,-0.01954430689833786
2023-01-31,42.90298843383789,42.91278255147289,42.240549592271776,42.29687417644284,4666400,40.954485702514646,40.81385238647461,1,1,1,0.015182202314307114
2023-02-01,43.95602798461914,44.28908399363458,42.735231173510336,42.87971774516031,4440000,41.21548156738281,40.8667414855957,1,0,1,0.02454466668225641
2023-02-02,45.266212463378906,45.47682148262844,44.57316189697391,44.745812639799375,11626400,41.533599090576175,40.944906082153324,1,0,1,0.029806707722049408
2023-02-03,44.78621673583984,45.53559179167571,44.26091804992119,44.26091804992119,6144800,41.868001747131345,41.02331481933594,1,0,1,-0.01060384117463753
2023-02-06,44.1984748840332,44.59765336131221,44.02460220984209,44.31969997372661,2552800,42.118528175354,41.07533683776855,1,0,1,-0.013123275298587478
2023-02-07,45.25763702392578,45.40580059471612,44.20459574011746,44.25234813030989,4283200,42.39746227264404,41.13965057373047,1,0,1,0.02396377120865778
2023-02-08,44.68458557128906,45.57599963683939,44.61601554599951,45.24172169774935,10204000,42.634886741638184,41.19777946472168,1,0,1,-0.012661983486538908
2023-02-09,44.49602890014648,45.47192816111726,44.2890931164352,45.3911164081009,3124000,42.82921028137207,41.26979820251465,1,0,1,-0.004219725185584777
2023-02-10,44.21316909790039,44.32826959762309,43.79807563608958,44.12378516330631,2697600,42.99353446960449,41.34373222351074,1,0,1,-0.006356967334789632
2023-02-13,44.96499252319336,45.0727464931419,44.33561307907864,44.42132748338851,7828000,43.18681735992432,41.393106079101564,1,0,1,0.01700451337537512
2023-02-14,45.20377349853516,45.45356275913578,44.46419236176086,44.74704471331373,4117600,43.38175373077392,41.444250869750974,1,0,1,0.00531037507053167
2023-02-15,45.52212905883789,45.52335472485746,44.8988741510999,44.972343113327845,3173600,43.61862754821777,41.50655059814453,1,0,1,0.007042676654263058
2023-02-16,44.69192886352539,45.36661302219098,44.68703367406279,44.84498761191335,3686400,43.83903179168701,41.56839286804199,1,0,1,-0.018237288379887917
2023-02-17,44.14459991455078,44.431125503382354,43.75766686882986,44.428677908136265,3313600,43.97568244934082,41.637364807128904,1,0,1,-0.012246706796790408
2023-02-21,43.07686233520508,43.817669086006525,43.048701910714215,43.54583653829054,8300800,44.0097843170166,41.68869506835937,1,0,1,-0.024187275032789723
2023-02-22,43.06705474853516,43.3792930730738,42.84175273913559,43.142971283173694,3920800,44.0469467163086,41.725709991455076,1,0,1,-0.00022767644016397082
2023-02-23,43.72950744628906,43.86419992364177,43.07931403043621,43.837261428171225,3250400,44.121701049804685,41.7809814453125,1,0,1,0.015381889976500585
2023-02-24,42.96911239624024,43.11971984803717,42.69850177584944,43.01074393704188,3160000,44.124823570251465,41.80306655883789,1,0,1,-0.017388603129883884
2023-02-27,43.16135025024414,43.60093461754423,43.10012673830619,43.40746996400642,4657600,44.12770099639893,41.819005737304686,1,0,1,0.004473861415408731
2023-02-28,43.11604309082031,43.51154830154826,42.978903029466814,43.05727091411819,1655200,44.17043476104736,41.8403653717041,1,0,1,-0.0010497159880574758
2023-03-01,42.78299331665039,43.22380339036848,42.666670875377385,43.11972266317593,3965600,44.16443500518799,41.886919784545896,1,0,1,-0.007724497664787555
2023-03-02,43.291141510009766,43.41114093231307,42.51482786805516,42.65196792966669,2244000,44.13119068145752,41.95421661376953,1,0,1,0.011877340830231509
2023-03-03,44.1996955871582,44.21438862988668,43.49439964190312,43.54582902823883,3400800,44.07786483764649,42.0511946105957,1,0,1,0.02098706676372486
2023-03-06,44.360107421875,44.97846339441028,44.33072133207444,44.49479989477191,4308800,44.05655937194824,42.14964202880859,1,0,1,0.003629252025061591
2023-03-07,43.8139877319336,44.50213929438904,43.69888724958845,44.358874655968464,2481600,44.03733501434326,42.22467742919922,1,0,1,-0.012311054271074484
2023-03-08,44.16050338745117,44.22050494974916,43.744184395286965,43.936427054188506,3632800,43.982478332519534,42.32650421142578,1,0,1,0.007908790627268347
2023-03-09,43.46501922607422,44.700509220466046,43.39032460007983,44.2131687312815,4271200,43.921500015258786,42.414127349853516,1,0,1,-0.015749008911311146
2023-03-10,42.60544967651367,43.44420892316764,42.415654519707104,43.38665866406705,5624800,43.82697105407715,42.49219970703125,1,0,1,-0.019776122612293667
2023-03-13,42.80380630493164,43.411142486723605,42.04708460708102,42.33850538004713,13410400,43.75650291442871,42.58641052246094,1,0,1,0.0046556632995078395
2023-03-14,43.7699089050293,43.926640934648375,43.17971713309913,43.392773743278696,4953600,43.69674873352051,42.679176559448244,1,0,1,0.02257048341017165
2023-03-15,43.75399017333984,43.798073041815925,43.04012572093116,43.36460956293511,11355200,43.624259567260744,42.77204048156738,1,0,1,-0.00036369122275303756
2023-03-16,44.94907760620117,44.996833739234106,43.447875895706666,43.653589736050655,11621600,43.59560699462891,42.896299819946286,1,0,1,0.027313793053542534
2023-03-17,44.82662963867188,45.350702741058505,44.56826821704424,45.05070978054812,4109600,43.60234203338623,43.014755172729494,1,0,1,-0.0027241486155078487
2023-03-20,44.96376419067383,45.03478554701262,44.44948900567299,44.75070759522963,3489600,43.643300247192386,43.15206718444824,1,0,1,0.0030592206710013947
2023-03-21,45.470703125,45.53682556428242,44.884180833543134,45.246622978404375,11869600,43.76299228668213,43.27772232055664,1,0,1,0.011274388242417555
2023-03-22,44.91846466064453,46.29966690575977,44.91846466064453,45.43519123787804,4698400,43.8555627822876,43.38251251220703,1,0,1,-0.01214492907306386
2023-03-23,45.55273818969727,46.22619678719786,45.16335757015294,45.42661791090952,4759200,43.946724319458006,43.49484535217285,1,0,1,0.014120552290569854
2023-03-24,45.63518905639648,45.63518905639648,45.07198531429952,45.42046121716927,2968800,44.08002815246582,43.595357971191405,1,0,1,0.001810009013198055
2023-03-27,45.34929275512695,45.92353545663076,45.2400902569596,45.68917490549405,4939200,44.18942527770996,43.68381011962891,1,0,1,-0.0062648212307439
2023-03-28,45.15420150756836,45.31494034924,44.77137300695936,45.3124876645898,4691200,44.29133319854736,43.76490745544434,1,0,1,-0.004301968910783938
2023-03-29,46.0769157409668,46.17630376384074,45.63151195991086,45.694087246258775,3072000,44.45602931976318,43.86034484863281,1,0,1,0.020434737025385674
2023-03-30,46.541954040527344,46.63398026117818,46.260966264997634,46.456061403430624,2971200,44.618569946289064,43.97549087524414,1,0,1,0.010092652515521605
2023-03-31,47.29779815673828,47.33338267843389,46.49042306715024,46.54072744097522,4052800,44.773475074768065,44.115769958496095,1,0,1,0.016240059786762906
2023-04-03,47.2352180480957,47.28061705169351,46.80330966208594,47.02417109644804,6167200,44.9172306060791,44.232242584228516,1,0,1,-0.00132310828582749
2023-04-04,46.935829162597656,47.39964120389092,46.7775467458512,47.28921047873668,3695200,45.0733226776123,44.32306266784668,1,0,1,-0.006338255603969167
2023-04-05,46.37139892578125,46.70882838840558,46.032741248671165,46.7039192750189,9765600,45.18386745452881,44.4040145111084,1,0,1,-0.012025572934081463
2023-04-06,46.61190414428711,46.640123127720415,45.824157891122496,46.03766131182538,2229600,45.34121170043945,44.491564178466795,1,0,1,0.005186499093779551
2023-04-10,46.58489990234375,46.58489990234375,45.94684994759764,46.16035332371276,2392800,45.54018421173096,44.56512893676758,1,0,1,-0.000579342175332842
2023-04-11,46.238887786865234,46.5468701163009,46.108824341789145,46.51128559051757,13228800,45.711938285827635,44.62783065795898,1,0,1,-0.007427559492536484
2023-04-12,45.96158218383789,46.72601480762702,45.899006888943866,46.51373960612817,3059200,45.82152194976807,44.70183494567871,1,0,1,-0.005997237742948358
2023-04-13,46.85116958618164,46.92233864045918,46.14318241048405,46.20208055079403,8539200,45.97638092041016,44.78079856872559,1,0,1,0.019355021304217956
2023-04-14,46.672019958496094,47.03031037763472,46.25851605075239,46.64502544921472,4209600,46.0625280380249,44.83511840820312,1,0,1,-0.0038238026770283096
2023-04-17,46.84134292602539,46.88551371135842,46.465876272469686,46.64870048602513,2506400,46.16326370239258,44.866621017456055,1,0,1,0.003627933131667982
2023-04-18,46.97386932373047,47.3260261919276,46.79472596968274,47.17387360512922,3436000,46.26376895904541,44.910374069213866,1,0,1,0.0028292612770384196
2023-04-19,46.87570571899414,46.95546103325768,46.534595321659175,46.606988837348034,2138400,46.334019088745116,44.963918685913086,1,0,1,-0.0020897491765009546
2023-04-20,46.53950500488281,46.97018520499719,46.346862535856296,46.47937865637839,2300800,46.41507110595703,44.989556045532225,1,0,1,-0.007172173921535241
2023-04-21,46.4020881652832,46.47202526525096,46.13582391688102,46.3984072652849,2632800,46.45753860473633,45.02390609741211,1,0,1,-0.0029526923327868326
2023-04-24,46.20084381103516,46.49410249915172,45.867095233309776,46.25606104142188,2344000,46.48582134246826,45.058002395629885,1,0,1,-0.00433696762807767
2023-04-25,45.20328140258789,46.033973864700414,45.20205693254141,46.01311293922968,3125600,46.47852077484131,45.07780464172363,1,0,1,-0.02159186556261561
2023-04-26,45.80452728271485,46.27202029859051,45.6916438546788,45.93827538470487,5786400,46.511037063598636,45.09459533691406,1,0,1,0.013300934389522956
2023-04-27,46.672019958496094,46.71619449393685,45.954214650176525,46.00084187025861,3312800,46.540792274475095,45.12396026611328,1,0,1,0.018939016015314447
2023-04-28,47.16160202026367,47.16896756388516,46.58613475575257,46.66220917579023,2912000,46.57177467346192,45.1567497253418,1,0,1,0.010489840855462118
2023-05-01,47.21067810058594,47.431539526207054,47.08429557750876,47.12601368036801,2161600,46.5674186706543,45.20712471008301,1,0,1,0.0010405940048681117
2023-05-02,46.68183517456055,47.23889786129601,46.462198215238736,47.209450669273046,2672800,46.53974952697754,45.2578694152832,1,0,1,-0.011201765094300264
2023-05-03,46.35177612304688,47.11988589946395,46.34073342398408,46.7186528552871,2816800,46.510546875,45.32336769104004,1,0,1,-0.007070395803409402
2023-05-04,46.16403579711914,46.437658036653865,45.994706947877845,46.194711204748174,3992000,46.50017871856689,45.38530731201172,1,0,1,-0.004050337260633974
2023-05-05,47.38491821289063,47.52602434931335,46.648708376364894,46.66956930267148,3084000,46.53882942199707,45.45841552734375,1,0,1,0.0264466135746233
2023-05-08,47.43523025512695,47.467133882271575,47.13338524567853,47.29289589228727,1961600,46.58134593963623,45.54773788452148,1,0,1,0.0010617733264892681
2023-05-09,47.090431213378906,47.252398262990646,47.05116579325063,47.18981923369599,1658400,46.62392311096191,45.62631950378418,1,0,1,-0.007268838791201659
2023-05-10,47.60332107543945,47.69902819253176,47.13828461580906,47.48798124912868,3171200,46.706010055541995,45.71606506347656,1,0,1,0.010891594084932343
2023-05-11,47.40209579467773,47.546882823032334,47.09779439656992,47.5419737092328,2362400,46.7335563659668,45.80844711303711,1,0,1,-0.004227126936014236
2023-05-12,47.3076171875,47.55179600453872,46.957920498920025,47.494126082270114,1940000,46.765336227416995,45.88877662658692,1,0,1,-0.0019931314342505058
2023-05-15,47.70639801025391,47.70639801025391,47.19227781887133,47.34565487490296,2128000,46.80858898162842,45.95891067504883,1,0,1,0.008429526711805746
2023-05-16,47.674503326416016,47.92726844274826,47.608243382510665,47.608243382510665,2423200,46.843620681762694,46.02519859313965,1,0,1,-0.0006685619784382313
2023-05-17,48.37266159057617,48.43033150246174,47.66835173688839,47.878174205727824,8323200,46.9184684753418,46.1163720703125,1,0,1,0.014644269272823474
2023-05-18,49.32238006591797,49.38250267331414,48.43770225976464,48.43770225976464,11084800,47.05761222839355,46.219609603881835,1,0,1,0.019633372324644238
2023-05-19,49.23280334472656,49.39477040331636,49.0732927153788,49.348143182398985,2890400,47.19914798736572,46.334965286254885,1,0,1,-0.0018161475798955662
2023-05-22,49.35918045043945,49.50519568112036,49.02911278557823,49.06837820356356,2228800,47.35706481933594,46.4700399017334,1,0,1,0.002566928899579546
2023-05-23,48.60702896118164,49.26347973270509,48.57880623623485,49.13464450986851,3291200,47.527252197265625,46.5861043548584,1,0,1,-0.015238330182832605
2023-05-24,48.30640411376953,48.48432297177552,48.02419186785297,48.22419237559717,3039200,47.65234603881836,46.6768342590332,1,0,1,-0.006184801948133756
2023-05-25,50.02667617797852,50.21931861905639,49.364088182383,49.68188492716079,5887200,47.82007884979248,46.80228797912598,1,0,1,0.03561167708027835
2023-05-26,51.35432434082031,51.42794608391228,50.18620591453049,50.18620591453049,4089600,48.02971496582031,46.93039291381836,1,0,1,0.026538804179563114
2023-05-30,51.62303161621094,52.29052880486411,51.47578815755988,52.10647635382864,6355200,48.25033264160156,47.06632095336914,1,0,1,0.005232417694901681
2023-05-31,51.15185928344727,51.72610204873993,51.07823755197356,51.308917229798,3402400,48.4738338470459,47.19008285522461,1,0,1,-0.009127172853128251
2023-06-01,51.67947769165039,51.90279558316051,50.76535268757007,50.99234773407304,4220000,48.74021892547608,47.314258346557615,1,0,1,0.010314745457822516
2023-06-02,52.03776550292969,52.23286065829612,51.645118762916766,51.99113828129051,3809600,49.03390541076661,47.45664436340332,1,0,1,0.00693288375352874
2023-06-05,51.75922775268555,52.33224602143965,51.64511613367706,51.98132115148493,3124000,49.25262088775635,47.58077415466309,1,0,1,-0.005352607813808974
2023-06-06,51.84511947631836,51.977635588863485,51.38621657924213,51.62057714144682,2842400,49.473115348815924,47.70497276306153,1,0,1,0.001659447549009485
2023-06-07,51.07332992553711,52.21322922055365,50.96780831151163,51.84267161223756,4487200,49.672260284423835,47.81945350646973,1,0,1,-0.01488644560137986
2023-06-08,51.58744430541992,51.6745651569484,51.1015469094263,51.1015469094263,1981600,49.871466445922856,47.948118362426754,1,0,1,0.010066200512721002
2023-06-09,51.80216979980469,52.334694389141625,51.62179826595215,51.86474882518914,5760000,50.091470146179205,48.06262344360351,1,0,1,0.004162359606603161
2023-06-12,52.88317489624024,52.89053669455656,52.03653438885318,52.11997059947596,3579200,50.370248031616214,48.18944786071777,1,0,1,0.02086795013825138
2023-06-13,53.2635498046875,53.45742047590113,52.83164141766324,53.318767035686,5442400,50.6481056213379,48.30876289367676,1,0,1,0.0071927396415509826
2023-06-14,53.70404815673828,53.77644166860221,52.95802389898531,53.26477797191206,15332000,50.94958286285401,48.43813949584961,1,0,1,0.008270165125419782
2023-06-15,54.40468597412109,54.61941385997618,53.45742909359525,53.50037167512054,5164000,51.25118408203125,48.58751663208008,1,0,1,0.013046275679962749
2023-06-16,53.93472671508789,54.96051426113453,53.91509400547552,54.89670701875521,4972800,51.481801414489745,48.73878318786621,1,0,1,-0.008638212878514628
2023-06-20,53.62061309814453,53.997308006474974,53.32367350157506,53.62184131272069,6056000,51.701191902160645,48.87895736694336,1,0,1,-0.005823958626928305
2023-06-21,52.79851531982422,53.52613890640015,52.61201017108847,53.44392715824239,4289600,51.873158645629886,49.00322967529297,1,0,1,-0.015331748945421109
2023-06-22,53.23288345336914,53.25006348177812,52.54943436331886,52.54943436331886,13495200,52.10445137023926,49.14310958862305,1,0,1,0.008226900527671388
2023-06-23,52.61446380615234,52.94821242987775,52.419368640216256,52.59360662348284,4286400,52.3198543548584,49.276167221069336,1,0,1,-0.011617248721056517
2023-06-26,52.18746566772461,53.14208433648615,52.16906116949187,52.62673591862679,3320800,52.427893829345706,49.3828931427002,1,0,1,-0.008115603724499043
2023-06-27,53.2426986694336,53.39361929406584,52.41936794741122,52.47213249985497,2600800,52.522312545776366,49.514306716918945,1,0,1,0.020220046867721386
2023-06-28,53.38011932373047,53.66601248023859,52.92244088584385,53.00097172813764,3463200,52.61016693115234,49.645082244873045,1,0,1,0.0025810234591989722
2023-06-29,53.4951400756836,53.58608313769781,53.200198625480105,53.45827380080216,2787200,52.72733097076416,49.77550765991211,1,0,1,0.002154748872994716
2023-06-30,54.338191986083984,54.47706122291889,53.99409045889268,54.07274352238252,3354400,52.86026668548584,49.924757385253905,1,0,1,0.01575941121394675
2023-07-03,54.24602127075195,54.37505699644659,53.98180293932973,54.36522723893204,6659200,52.970679473876956,50.07888771057129,1,0,1,-0.0016962418505870325
2023-07-05,53.909297943115234,54.2656857294086,53.813441866106885,53.95845423253768,3724000,53.078182983398435,50.22903190612793,1,0,1,-0.006207336865427737
2023-07-06,53.700382232666016,53.7372485143388,53.11295572557664,53.382090832942026,3533600,53.17094612121582,50.379022674560545,1,0,1,-0.0038753187004896272
2023-07-07,53.51726913452149,54.16491176625069,53.49760586908658,53.58362843618181,2547200,53.293143081665036,50.54530242919922,1,0,1,-0.003409903068308795
2023-07-10,53.73233413696289,53.73233413696289,53.089604473407945,53.29729327242033,2747200,53.400387573242185,50.70385856628418,1,0,1,0.004018609430552322
2023-07-11,53.93510437011719,53.9768874036698,53.3894609313263,53.83064491104342,7304800,53.50703430175781,50.8491202545166,1,0,1,0.003773709748722931
2023-07-12,54.49917984008789,54.73636165089342,54.15385194445918,54.483203202504775,3728800,53.5878345489502,50.99587181091309,1,0,1,0.010458410650322714
2023-07-13,55.31149673461914,55.4134996872592,54.79411996700555,54.89857942137292,4013600,53.69023189544678,51.15788818359375,1,0,1,0.014905121451639358
2023-07-14,55.11363983154297,55.78709257297785,54.94281733174135,55.44422119773935,6104800,53.76071147918701,51.3265242767334,1,0,1,-0.0035771388365329893
2023-07-17,55.84730911254883,56.0095282320595,55.19474975719168,55.19474975719168,6067200,53.832842636108396,51.51643493652344,1,0,1,0.013311936632172117
2023-07-18,56.47897720336914,56.732139399617466,55.451596908563474,55.74776851278738,4876800,53.96005516052246,51.72273376464844,1,0,1,0.011310627152103514
2023-07-19,56.33027648925781,56.89558315946659,56.12873458967147,56.65840135828607,11340000,54.09553833007813,51.90164093017578,1,0,1,-0.002632850690193811
2023-07-20,55.13822555541992,56.20738894580628,54.98460980245769,55.94685722884388,8937600,54.21252384185791,52.05570083618164,1,0,1,-0.02116181577885945
2023-07-21,55.0435905456543,55.73547643036629,54.98214425039226,55.54007766147912,2669600,54.30305919647217,52.21476402282715,1,0,1,-0.0017163230918721961
2023-07-24,55.10626220703125,55.38768726513031,54.90594670171819,55.29920445758049,4907200,54.427649116516115,52.36482284545898,1,0,1,0.001138582362736118
2023-07-25,55.73302459716797,55.923506628282304,55.24636719765117,55.24759732378241,4749600,54.60492706298828,52.53144142150879,1,0,1,0.011373705365499198
2023-07-26,55.09151840209961,55.32255706373225,54.67737098753613,55.17877108801097,2720000,54.69736804962158,52.68711944580078,1,0,1,-0.011510342381471195
2023-07-27,54.8383674621582,55.97881066539012,54.5913521305667,55.79692826322516,2869600,54.77028045654297,52.82975883483887,1,0,1,-0.004595098252578866
2023-07-28,55.61750030517578,55.75882603346879,55.27954568298699,55.379088380764586,3348000,54.87639846801758,52.988618774414064,1,0,1,0.014207805211474023
2023-07-31,55.89278411865234,55.9431705356114,55.56466297092268,55.69738533115819,3742400,54.95412807464599,53.139021224975586,1,0,1,0.004949589822736744
2023-08-01,55.922271728515625,56.02427467870288,55.49952091775722,55.65559690771945,2151200,55.03794059753418,53.27101905822754,1,0,1,0.0005275745398671816
2023-08-02,54.43405532836914,55.39261622768469,54.19195672618002,55.39261622768469,5732000,55.064178466796875,53.37504409790039,1,0,1,-0.026612230765074907
2023-08-03,54.2189826965332,54.515154291835486,53.943704491936735,54.05676357580275,4239200,55.090108489990236,53.472240142822265,1,0,1,-0.003951067590656776
2023-08-04,53.51112365722656,54.40086862715362,53.4312442176926,54.13787666425022,9602400,55.08980121612549,53.570322036743164,1,0,1,-0.013055557373117255
2023-08-07,53.60083770751953,53.87611593571805,53.16334034468207,53.71881355526396,3883200,55.08322639465332,53.676210708618164,1,0,1,0.0016765495501018801
2023-08-08,53.10189437866211,53.28500315656864,52.56116767683953,53.15596742388283,3756800,55.041565895080566,53.737715072631836,1,0,1,-0.009308498713769708
2023-08-09,52.3583869934082,53.19528523965409,52.15930159567701,53.19528523965409,6036800,54.93452625274658,53.75779632568359,1,0,1,-0.014001522807304378
2023-08-10,52.40755081176758,53.24444911840135,52.147015349237705,52.81801164604736,6748000,54.789328956604,53.77348670959473,1,0,1,0.0009389864963862404
2023-08-11,52.06344985961914,52.368224861385215,51.8877143396197,52.00815043919164,5035200,54.636819458007814,53.79171852111816,1,0,1,-0.006565865926159153
2023-08-14,52.8315315246582,52.8401349073261,51.84716428305981,51.98725990623307,4504000,54.48603057861328,53.81475959777832,1,0,1,0.014752800037455716
2023-08-15,52.30923080444336,52.84381432736683,52.20723160370147,52.69880196953744,4636800,54.277543258666995,53.82018890380859,1,0,1,-0.009886155202051383
2023-08-16,51.81398391723633,52.46285677668759,51.79555077499894,52.206011660486574,4025600,54.05172863006592,53.82128402709961,1,0,1,-0.009467676729151275
2023-08-17,51.247440338134766,52.07450507152791,51.1515842676095,51.98356575472769,3893600,53.85718936920166,53.809330444335934,1,0,1,-0.010934182941935489
2023-08-18,51.34698867797852,51.538700840092936,50.67230573209063,50.6981158791948,5096000,53.67235927581787,53.81480361938477,0,-1,0,0.0019425036487077385
2023-08-21,52.23058319091797,52.344872404591136,51.54238390633967,51.6382399807727,4789600,53.528575325012206,53.827666397094724,0,0,0,0.017208302486459104
2023-08-22,52.250247955322266,52.794661268678325,52.123668728395934,52.74919160712,3359200,53.35443649291992,53.83662796020508,0,0,0,0.00037649903950742747
2023-08-23,53.19898223876953,53.369801011639154,52.330130610545815,52.348563751447614,5698400,53.25980968475342,53.842944107055665,0,0,0,0.018157507774097192
2023-08-24,51.96390914916992,53.834334765319234,51.95039276267424,53.834334765319234,7540000,53.116086769104,53.816951293945316,0,0,0,-0.02321610372274252
2023-08-25,52.4862060546875,52.719701271172575,51.65913741246328,52.070828419373385,4685600,52.95952205657959,53.7925944519043,0,0,0,0.010051147307225339
2023-08-28,52.88928985595703,53.01464271340316,52.50955215625043,52.87085671526927,2807200,52.80934734344483,53.762286529541015,0,0,0,0.0076798044966241985
2023-08-29,53.95476913452149,54.01006855529562,52.63858666432823,52.74058962439707,3804000,52.710972213745116,53.76268737792969,0,0,0,0.020145463882503822
2023-08-30,54.399635314941406,54.46845486654474,53.788858981673584,53.94493122363395,3728800,52.70925121307373,53.778267822265626,0,0,0,0.008245168824849713
2023-08-31,54.67245101928711,54.902259541424826,54.51637504407197,54.55938819669937,2633600,52.73192462921143,53.815746536254885,0,0,0,0.005015028184771175
2023-09-01,54.89243698120117,55.18123157873532,54.63804840981863,55.03007608734505,3005600,52.80099029541016,53.848937606811525,0,0,0,0.004023707695790968
2023-09-05,54.985836029052734,55.12839189746111,54.48197561062659,54.72038755860797,2142400,52.870240211486816,53.896365051269534,0,0,0,0.0017014920996047955
2023-09-06,54.35662078857422,54.93298733152408,54.05430606947475,54.80640811475763,5174400,52.93297653198242,53.93974815368652,0,0,0,-0.011443224035841859
2023-09-07,53.5430793762207,53.64999534251663,53.09083548988144,53.33907720186029,4717600,52.992211151123044,53.94575576782226,0,0,0,-0.014966740031869707
2023-09-08,53.61189270019531,53.97196709090326,53.47179334659375,53.561506287955325,2540000,53.052428245544434,53.95039123535156,0,0,0,0.0012851954870038984
2023-09-11,53.86628341674805,54.099778598368665,53.41526594061586,54.07274207731464,2494400,53.14256992340088,53.957814102172854,0,0,0,0.0047450426340163165
2023-09-12,52.922481536865234,53.67827042634927,52.88192487062426,53.473038093567226,2743200,53.14711742401123,53.92949989318848,0,0,0,-0.01752119916239414
2023-09-13,52.99374771118164,53.25796605404223,52.71109622819303,52.88314512002891,2910400,53.18134326934815,53.90445442199707,0,0,0,0.0013466143734541802
2023-09-14,53.3648796081543,53.47179556645499,52.95933554210661,53.248133892357245,2732000,53.25888805389404,53.89356605529785,0,0,0,0.007003314787158432
2023-09-15,52.39403533935547,53.198984191877,52.2182998056653,53.198984191877,4768000,53.31621780395508,53.867439117431644,0,0,0,-0.018192569268918213
2023-09-18,52.60664367675781,52.78975247672157,52.18143251990276,52.226905938704185,2419200,53.379200553894044,53.84922660827637,0,0,0,0.0040578729243754275
2023-09-19,52.51324081420898,52.648423435118985,52.05485002933662,52.40755496992424,3309600,53.393333435058594,53.82484474182129,0,0,0,-0.0017754955652131699
2023-09-20,51.740234375,52.77376145667501,51.727948116904976,52.718462044095325,3230400,53.36783275604248,53.780947341918946,0,0,0,-0.014720219647914368
2023-09-21,50.882450103759766,51.47233304824312,50.86892996837033,51.25727101113585,4798400,53.252006149291994,53.70861274719238,0,0,0,-0.016578669996413886
2023-09-22,51.02378082275391,51.49568797454607,50.94512775559621,51.0790839949982,3599200,53.20499973297119,53.62285842895508,0,0,0,0.0027775926415876118
2023-09-25,51.22654342651367,51.32116936450746,50.774299624883966,50.88121557115351,8459200,53.1420166015625,53.54511650085449,0,0,0,0.003973884343539957
2023-09-26,50.312232971191406,50.930382639490574,50.148787452700994,50.884912974586655,4268000,53.01316375732422,53.43441497802734,0,0,0,-0.017848373014546226
2023-09-27,50.46707534790039,50.74358369670517,49.95829818591504,50.555558169533306,4679200,52.838779067993165,53.31417694091797,0,0,0,0.0030776287905498467
2023-09-28,50.89700698852539,51.20859352752901,50.00289121833293,50.28122301749475,3564000,52.66364765167236,53.20551155090332,0,0,0,0.008519052028698182
2023-09-29,51.09776306152344,51.707390814300986,50.94997713491978,51.39580421494637,4677600,52.48491325378418,53.124702301025394,0,0,0,0.003944359106289097
2023-10-02,51.56821823120117,51.77265898125536,51.07312922150565,51.135936637153335,8020800,52.31870231628418,53.05519485473633,0,0,0,0.009206962134747254
2023-10-03,50.587890625,51.57437408121552,50.3551224585727,51.23815840763933,5905600,52.098805046081544,52.964827423095706,0,0,0,-0.01901030595639286
2023-10-04,51.17166519165039,51.3059056914402,50.60883755093243,50.68396517504135,3691200,51.939557266235354,52.87360023498535,0,0,0,0.011539808429211318
2023-10-05,51.21599197387695,51.30713057395288,50.64700808224047,51.20244652809884,3958400,51.82320289611816,52.7960897064209,0,0,0,0.0008662368531597853
2023-10-06,52.24311828613281,52.42538795248147,50.7406037588274,50.85637145642867,5261600,51.75476417541504,52.74418472290039,0,0,0,0.02005479680603961
2023-10-09,52.48327255249024,52.57071283309682,51.64703678057694,51.84655396501712,3654400,51.68561363220215,52.68150016784668,0,0,0,0.004596859342164805
2023-10-10,52.656925201416016,53.08058492703147,52.43401167676021,52.5288410670922,8475200,51.67233581542969,52.61678298950196,0,0,0,0.003308723722441176
2023-10-11,53.07443618774414,53.09167618915996,52.589197987877206,52.83427887131348,2668800,51.676370239257814,52.55982627868652,0,0,0,0.007928890354518714
2023-10-12,52.94880676269531,53.54365626356164,52.55593623558621,53.11630197976809,2935200,51.65556659698486,52.530121307373044,0,0,0,-0.0023670421029896582
2023-10-13,52.10025787353516,53.13723610738775,51.94384631967257,53.05472314954704,7941600,51.64087772369385,52.48774681091309,0,0,0,-0.016025835916627096
2023-10-16,52.69880294799805,52.91432738472264,52.17045913360492,52.17045913360492,2080000,51.64548568725586,52.471500396728516,0,0,0,0.011488332282649116
2023-10-17,52.473419189453125,52.76653297766149,51.669205427952846,51.97340287725556,3183200,51.643494606018066,52.44895202636719,0,0,0,-0.004276828807047606
2023-10-18,51.75419235229492,52.395838338708536,51.594086229584576,52.04730242980407,2546400,51.64419250488281,52.421997985839845,0,0,0,-0.013706498418970314
2023-10-19,51.38594818115234,52.28745696710708,51.31328611146701,52.00296502572388,3483200,51.66936740875244,52.402549209594724,0,0,0,-0.007115252975757325
2023-10-20,50.47951126098633,51.39702719273912,50.421627412956354,51.32313611733692,4617600,51.642153930664065,52.363988418579105,0,0,0,-0.01763978192969251
2023-10-23,50.48813247680664,51.02139977568145,49.83417015894626,50.12481840757428,3157600,51.605233383178714,52.33248207092285,0,0,0,0.0001707864360203093
2023-10-24,50.93642044067383,50.99676606994664,50.36743662625229,50.74060157976559,3522400,51.63644275665283,52.29457984924316,0,0,0,0.008879075970439576
2023-10-25,50.09526443481445,51.08051889901174,49.97333663912573,51.02386406123819,3272800,51.617852210998535,52.25030052185058,0,0,0,-0.016513842130682854
2023-10-26,49.20854568481445,50.40563029550619,48.986864880720894,50.156854836828,4044800,51.53342914581299,52.198191757202146,0,0,0,-0.017700650151349695
2023-10-27,49.41297149658203,49.91791512878492,49.20976352806486,49.55090651137073,8012800,51.44918956756592,52.1615023803711,0,0,0,0.004154274606629205
2023-10-30,49.84772109985352,50.04970008143471,49.441305111868765,49.67899686388137,2618400,51.36316471099853,52.131517028808595,0,0,0,0.008798288993843828
2023-10-31,50.22335052490234,50.29355081549316,49.49549701407477,49.8859020352136,2146400,51.34493770599365,52.091372375488284,0,0,0,0.007535538571489919
2023-11-01,51.047271728515625,51.08298826050678,50.30094166184078,50.30094166184078,3116800,51.338718032836915,52.06731285095215,0,0,0,0.016405142130148542
2023-11-02,51.957401275634766,51.9906522649232,51.50664685081833,51.643349120785416,3441600,51.3757884979248,52.04248123168945,0,0,0,0.0178291516138116
2023-11-03,52.69633102416992,52.89584443442202,51.86748442539282,51.95369568687204,2812000,51.39844913482666,52.05712966918945,0,0,0,0.014221838090306305
2023-11-06,52.93526077270508,52.99314462352044,52.46356808748798,52.7788492192,3851200,51.4210485458374,52.0661107635498,0,0,0,0.004534086982745933
2023-11-07,53.57691192626953,53.72470161550238,53.02640078362664,53.10891750777869,3084800,51.46704788208008,52.079863204956055,0,0,0,0.012121431805533156
2023-11-08,53.79981994628906,53.94268229561993,53.450055060043496,53.70252501489741,2946400,51.50331707000733,52.076764221191404,0,0,0,0.004160523852630549
2023-11-09,53.47715759277344,54.3047716208995,53.42543007169452,53.97840678090184,2245600,51.52973461151123,52.058314666748046,0,0,0,-0.005997461587004427
2023-11-10,54.88976287841797,54.90823564955068,53.74563497925946,53.81829705134668,3232000,51.66920986175537,52.06266090393066,0,0,0,0.026415115335812533
2023-11-13,54.615116119384766,54.74196747918736,54.34786795517857,54.681621846969335,4614400,51.765025520324706,52.05711448669434,0,0,0,-0.005003606221465229
2023-11-14,55.93659210205078,56.033887034781344,55.45012119684557,55.52524880569755,4656800,51.93818416595459,52.0761296081543,0,0,0,0.02419615807054898
2023-11-15,56.009254455566406,56.35655756522972,55.79249726511878,56.15950591559076,3882400,52.15093727111817,52.10918228149414,1,1,1,0.0012990128784224897
2023-11-16,56.13364410400391,56.23216804971613,55.7247625882477,55.86515939881001,3135200,52.388322067260745,52.160993576049805,1,0,1,0.0022208767041558275
2023-11-17,56.15827178955078,56.31591235376821,55.88855807881547,56.062209629456525,7441600,52.67226009368896,52.21192115783691,1,0,1,0.0004387330617845464
2023-11-20,56.95018005371094,57.09057687829812,56.19522812328188,56.19522812328188,3585600,52.99536247253418,52.27359909057617,1,0,1,0.014101364570615393
2023-11-21,56.47724914550781,56.79006850008875,56.28759036127041,56.72479554012183,9712800,53.27240390777588,52.344694442749024,1,0,1,-0.008304291711757394
2023-11-22,56.68416213989258,57.20018954335125,56.55607798802971,56.7826860976652,3091200,53.60184879302979,52.418502731323244,1,0,1,0.003663652134537898
2023-11-24,56.62257385253906,56.658286619896224,56.40212211928984,56.58931910979268,1320000,53.97255020141601,52.483656616210936,1,0,1,-0.0010865166746492072
2023-11-27,56.593021392822266,56.91569542299078,56.404591605831726,56.53637030716737,3514400,54.33155269622803,52.56763633728028,1,0,1,-0.0005219201054645906
2023-11-28,56.697696685791016,56.8664209042222,56.41813209656429,56.42675397478494,2889600,54.674051475524905,52.649457397460935,1,0,1,0.0018496148534319357
2023-11-29,56.91815948486328,57.47359797604396,56.8467264206386,57.16816769275349,2759200,55.00879192352295,52.737555770874025,1,0,1,0.0038883907452895716
2023-11-30,56.90214538574219,57.216193773316014,56.427990877123605,57.15461536332524,2573600,55.30153560638428,52.840793991088866,1,0,1,-0.00028135307371190965
2023-12-01,57.22481536865234,57.26792100712147,56.5560747414999,56.786377392370426,3532000,55.56490631103516,52.96764129638672,1,0,1,0.005670611902640177
2023-12-04,56.64228820800781,56.70632840351461,56.0080275569752,56.70632840351461,3263200,55.76220417022705,53.080011444091795,1,0,1,-0.010179624991217162
2023-12-05,56.94894409179688,57.00313339184976,56.37996019968943,56.37996019968943,7185600,55.96288833618164,53.194459457397464,1,0,1,0.005413903524923658
2023-12-06,56.45385360717773,57.29131843653113,56.41197698310715,57.250674583300174,2566400,56.106735420227054,53.31729187011719,1,0,1,-0.008693584973605617
2023-12-07,57.06348037719727,57.138607991591904,56.5252856765692,56.66198794235347,3070400,56.26991844177246,53.449219970703126,1,0,1,0.010798674157153298
2023-12-08,57.57334899902344,57.623843743985255,56.89844830248097,56.93169928935684,2584000,56.47472801208496,53.582746810913086,1,0,1,0.008935112587873384
2023-12-11,57.96991729736328,57.978535418435065,57.28023834629764,57.39231150471,5588800,56.62873573303223,53.720189895629886,1,0,1,0.006888053330831534
2023-12-12,58.31597900390625,58.32459712369813,57.69034033979977,57.79009704957566,2745600,56.8137788772583,53.855145111083985,1,0,1,0.00596967742368526
2023-12-13,58.98965072631836,59.117731103764015,58.28396084576276,58.46007418358624,4744800,56.96643180847168,54.02318031311035,1,0,1,0.011552094878952257
2023-12-14,59.10418319702149,59.48473727640967,58.60786141935952,59.12758329082879,4762400,57.121178245544435,54.181830673217775,1,0,1,0.0019415688903550166
2023-12-15,59.38867950439453,59.66824412151989,59.072165587685134,59.072165587685134,4424000,57.28393001556397,54.345284423828126,1,0,1,0.004813471601911479
2023-12-18,59.52538299560547,59.66578357172138,59.1300506634834,59.343113310968,9959200,57.452285575866696,54.490929718017576,1,0,1,0.002301844263111086
2023-12-19,59.8294677734375,59.8294677734375,59.52353429429464,59.54450710438883,3066400,57.596249961853026,54.63785362243652,1,0,1,0.005108489228107693
2023-12-20,58.869728088378906,59.993533375591866,58.86356160798773,59.733246162987164,3177600,57.715873908996585,54.76210968017578,1,0,1,-0.01604125393013589
2023-12-21,59.60001373291016,59.69623415876657,59.057227982294805,59.45938185262172,3266400,57.86166648864746,54.892621231079104,1,0,1,0.012405113260161693
2023-12-22,59.657989501953125,59.84179803583419,59.37302886368189,59.77271689714053,3160800,58.013437271118164,55.02680488586426,1,0,1,0.0009727475785956674
2023-12-26,59.952823638916016,60.086050479449845,59.74311061004328,59.778885982774725,2553600,58.18142738342285,55.18385620117188,1,0,1,0.00494207296330762
2023-12-27,60.01080703735352,60.09345971156428,59.72831220610317,59.97996710535012,5111200,58.347082901000974,55.33009628295898,1,0,1,0.0009671504179140644
2023-12-28,60.05028533935547,60.17981155284347,59.99600675579243,60.13293425207173,2564000,58.503689193725585,55.48163360595703,1,0,1,0.0006578532092955669
2023-12-29,59.70610427856445,60.15020002199415,59.44828291639107,60.07371759819457,4263200,58.6438871383667,55.64067184448242,1,0,1,-0.00573154746636062
2024-01-02,58.13820266723633,58.942506674943466,57.75825262683394,58.92523827200145,4973600,58.6895565032959,55.7757169342041,1,0,1,-0.02626032346731133
2024-01-03,57.359806060791016,57.83350695117623,57.3055274808327,57.58308686099405,11001600,58.72543239593506,55.913322830200194,1,0,1,-0.01338872842183636
2024-01-04,57.0143928527832,57.44615186041451,56.95888323915733,56.95888323915733,4190400,58.728704833984374,56.04384803771973,1,0,1,-0.00602186847775843
2024-01-05,57.02797317504883,57.48563673962768,56.80469235497816,57.020571892090494,3491200,58.75741081237793,56.165679092407224,1,0,1,0.00023819112308509638
2024-01-08,58.47990798950195,58.50334663724368,57.264814006469926,57.30429001999703,5165600,58.82823219299316,56.33337196350098,1,0,1,0.0254600458970613
2024-01-09,58.58353042602539,58.73402943539878,57.918623491124855,58.06542185947431,2758400,58.87874126434326,56.5208716583252,1,0,1,0.001771932277014443
2024-01-10,59.08066940307617,59.1929271992862,58.44783344134347,58.58352988536878,2900000,58.934278869628905,56.71422561645508,1,0,1,0.008485985283500863
2024-01-11,59.28791046142578,59.588908465380975,58.45893679568132,59.35082512038092,5998400,58.982875442504884,56.903029403686524,1,0,1,0.003507764222096199
2024-01-12,59.419918060302734,59.63703240519761,59.17443338486396,59.41128197507613,3599200,59.0043888092041,57.08696075439453,1,0,1,0.0022265517177038063
2024-01-16,59.50750350952149,59.73448496686847,58.95485054947648,59.22870930778517,3924800,59.0245548248291,57.25616539001465,1,0,1,0.001474008246357128
2024-01-17,59.18183135986328,59.2065048120914,58.45894513819066,59.012829129557446,3037600,59.014212417602536,57.400653991699215,1,0,1,-0.0054727913364085445
2024-01-18,60.3327751159668,60.35374792651683,59.655531402682165,59.94789336055607,3996800,59.054582023620604,57.553382873535156,1,0,1,0.019447586018503715
2024-01-19,61.642852783203125,61.65765534706704,60.57085652925998,60.72012073440755,6459200,59.14525127410889,57.727534713745115,1,0,1,0.021714195389126445
2024-01-22,62.04500198364258,62.41878177421405,61.85873137160187,62.08571279830351,4952800,59.30401496887207,57.896896514892575,1,0,1,0.006523857710703407
2024-01-23,62.30282974243164,62.35217664583632,61.82666299462596,62.1572661654523,3875200,59.43915576934815,58.06695671081543,1,0,1,0.004155496019760507
2024-01-24,62.60136032104492,63.27613817303634,62.53351397758227,62.75185933739197,5020800,59.586324310302736,58.24944076538086,1,0,1,0.004791605451107905
2024-01-25,62.75061798095703,63.37852223376673,62.46319150576207,63.12809840202082,3732000,59.72621402740479,58.40665786743164,1,0,1,0.0023842558555702276
2024-01-26,62.09928894042969,62.68031222970687,62.016640027383616,62.43729716935569,3080800,59.8306381225586,58.556341323852536,1,0,1,-0.01037964344391007
2024-01-29,62.82463836669922,62.82587316859019,62.14986054432296,62.23991449564584,3292800,59.969355773925784,58.69410224914551,1,0,1,0.011680478772717384
2024-01-30,62.22017288208008,62.90358674880012,62.0918777259727,62.79996127660283,5047200,60.09505920410156,58.81832061767578,1,0,1,-0.009621471771806389
2024-01-31,60.9286003112793,61.92658000340203,60.9286003112793,61.69466312534969,6492000,60.23457908630371,58.91421974182129,1,0,1,-0.020758100001563418
2024-02-01,61.71440505981445,61.81062549782746,61.12227986660216,61.237003511033016,3940000,60.45230903625488,59.02534240722656,1,0,1,0.012897140989954536
2024-02-02,62.3163948059082,62.4915634950472,61.2234257606841,61.29867714532195,4120800,60.71740913391113,59.132666702270505,1,0,1,0.009754444614839874
2024-02-05,62.34600067138672,62.59395490904114,61.751405927617526,62.538441530132296,3382400,60.983310508728025,59.250041732788084,1,0,1,0.0004750895100835706
2024-02-06,62.23992156982422,62.54708610439518,61.76005039504371,62.50267840695181,2948800,61.17131118774414,59.361156921386716,1,0,1,-0.001701457999232714
2024-02-07,63.04422378540039,63.05779531341507,62.38918391535943,62.68031107331532,3151200,61.39434585571289,59.48958992004395,1,0,1,0.012922609722023193
2024-02-08,63.36371994018555,63.53025254193323,63.04421496888784,63.12563283166922,3168800,61.60849838256836,59.62500389099121,1,0,1,0.005067810111719417
2024-02-09,64.32470703125,64.4048938788297,63.63019105055073,63.736278626362754,4076000,61.86033821105957,59.77754409790039,1,0,1,0.01516620381460565
2024-02-12,63.92378234863281,64.59485961836421,63.82509606499483,64.3370344554272,4206400,62.08553142547608,59.91765655517578,1,0,1,-0.006232825629853389
2024-02-13,62.67414093017578,63.1379746960342,62.19427356253185,62.4175543612873,7037600,62.24386329650879,60.03309646606445,1,0,1,-0.019548927997433463
2024-02-14,63.51176452636719,63.55617975879645,62.81725229342533,63.22187212443609,4721600,62.46035995483398,60.15883544921875,1,0,1,0.01336473996707177
2024-02-15,63.4624137878418,63.67212683199968,63.059025066562114,63.66472554946613,2744800,62.616841888427736,60.29523796081543,1,0,1,-0.0007770330251949398
2024-02-16,62.79010772705078,63.68076143674699,62.71115568633903,63.56357570704665,3134400,62.674204635620114,60.41206123352051,1,0,1,-0.01059376756513819
2024-02-20,62.0487060546875,62.5631177575944,61.40106750697939,62.407683301459656,4425600,62.67438983917236,60.5239582824707,1,0,1,-0.011807619053405105
2024-02-21,61.51948928833008,61.51948928833008,60.88171792698512,61.39859541646302,5080000,62.635222816467284,60.61307846069336,1,0,1,-0.008529054028797778
2024-02-22,63.5203857421875,63.67582019609835,62.95169923260184,63.0997324043874,5961600,62.68117408752441,60.73201919555664,1,0,1,0.032524594677299845
2024-02-23,63.30574798583984,64.07921593466219,63.09973933632142,63.92131185960279,2765600,62.708930587768556,60.838735809326174,1,0,1,-0.003379037356901815
2024-02-26,63.47104263305664,63.77944191891378,63.35137979491876,63.60180362908889,2452000,62.7775182723999,60.94183708190918,1,0,1,0.002611052747592213
2024-02-27,63.56357192993164,63.67706077591034,63.12317678031708,63.67706077591034,2236800,62.81446495056152,61.03331550598145,1,0,1,0.001457819078377831
2024-02-28,63.26873397827149,63.43156971265432,63.03311646063569,63.340284724276025,2093600,62.8668930053711,61.11660652160644,1,0,1,-0.004638473621104255
2024-02-29,63.87443923950195,64.02741164690795,63.1873245607864,63.5870164565952,8284800,63.01418495178223,61.206321716308594,1,0,1,0.009573532187928446
2024-03-01,65.05868530273438,65.1450386136056,64.05330056120197,64.05330056120197,3828000,63.181398963928224,61.31698776245117,1,0,1,0.018540218549582876
2024-03-04,65.17958068847656,65.60146886173723,64.98590500663222,65.11790082276616,3336000,63.32455825805664,61.42399002075195,1,0,1,0.001858251287735646
2024-03-05,63.61413192749024,64.5380949155302,63.17744128125559,64.5380949155302,4400000,63.38796482086182,61.51887809753418,1,0,1,-0.024017472104773563
2024-03-06,64.31975555419922,64.78111966311046,63.83864967536884,64.46655390969636,3140000,63.491956520080564,61.61327293395996,1,0,1,0.011092246413316964
2024-03-07,65.400390625,65.53609084449154,64.51590347611643,64.87611177665987,2660800,63.609764862060544,61.728120956420895,1,0,1,0.016800982240832374
2024-03-08,64.33087158203125,66.19853990997167,64.26055562455974,65.61381592911326,4772800,63.65812244415283,61.8156819152832,1,0,1,-0.01635340450948186
2024-03-11,64.05577850341797,64.30742965739448,63.66349544165422,63.95585741720721,2981600,63.64467601776123,61.89658134460449,1,0,1,-0.0042762218488288095
2024-03-12,65.38064575195312,65.38064575195312,64.0088863905941,64.69106166595066,3055200,63.717519187927245,62.00318855285644,1,0,1,0.020683024693306296
2024-03-13,64.68861389160156,65.23509661961148,64.46779514500018,65.14381161948208,3281600,63.81824283599853,62.10283874511719,1,0,1,-0.010584659303871868
2024-03-14,64.44558715820312,65.08089277073827,64.0212293916278,64.88721709376985,3201600,63.86493396759033,62.22898643493652,1,0,1,-0.003756870317327854
2024-03-15,63.59933090209961,63.96324354739535,63.37234572597293,63.625239151379866,3792000,63.87177982330322,62.353776931762695,1,0,1,-0.013131329753053533
2024-03-18,63.89787673950195,64.61583134131762,63.79425877263932,64.23094954869413,2567200,63.92716827392578,62.49144660949707,1,0,1,0.004694166324829885
2024-03-19,64.16802215576172,64.27041282950414,63.06518974457437,63.49941459498514,2880800,64.03313407897949,62.634247589111325,1,0,1,0.0042277682772009495
2024-03-20,65.03771209716797,65.05005258752001,63.99409361839029,64.30249293798752,2555200,64.20904521942138,62.76540367126465,1,0,1,0.013553323169212872
2024-03-21,65.22027587890625,65.86914911537114,65.13885425928301,65.86914911537114,2770400,64.29403972625732,62.89813858032227,1,0,1,0.00280704495670947
2024-03-22,65.32402801513672,65.5552607073623,64.98026580267211,65.1880039009001,2290400,64.39495372772217,63.02300575256348,1,0,1,0.001590795727744343
2024-03-25,65.06065368652344,65.37967605583226,64.67113997750927,64.73296707117802,3000800,64.47443428039551,63.13846061706543,1,0,1,-0.00403181396824237
2024-03-26,64.77501678466797,65.42666925973391,64.65754379004882,65.36855541080571,2565600,64.53500652313232,63.24556259155273,1,0,1,-0.004390317122107801
2024-03-27,64.9283447265625,65.19667220781432,64.3632441679956,65.19667220781432,2699200,64.61798706054688,63.353979415893555,1,0,1,0.0023670845567549392
2024-03-28,64.83684539794922,65.05447044639355,64.65136410124148,64.8257131993553,2021600,64.66610736846924,63.467079696655276,1,0,1,-0.0014092355041332993
2024-04-01,64.97037506103516,65.36359443516805,64.6377450256009,64.91968016965014,2817600,64.66169185638428,63.55983169555664,1,0,1,0.002059471929369394
2024-04-02,64.23711395263672,64.3644813910123,63.628737451095,64.1443733101409,3368000,64.61456851959228,63.61171691894531,1,0,1,-0.011286083968417793
2024-04-03,64.36942291259766,64.7379099726174,63.84760586914024,63.88964406601698,2297600,64.65233306884765,63.658205337524414,1,0,1,0.0020596965184098703
2024-04-04,63.329498291015625,65.26468189311112,63.298580968979415,65.08167610164666,3272000,64.60282020568847,63.67873870849609,1,0,1,-0.016155568506401985
2024-04-05,64.099853515625,64.42382685881238,63.40244213905667,63.67200734193192,5892000,64.53779335021973,63.70870857238769,1,0,1,0.012164240131342652
2024-04-08,64.00711059570312,64.31624603024093,63.79937248936394,64.20866750280193,1700000,64.52160530090332,63.73383842468262,1,0,1,-0.001446850731090521
2024-04-09,64.15177917480469,64.42753309437944,63.397491788589626,64.30882237918685,2108000,64.52640533447266,63.77488822937012,1,0,1,0.0022601954338379304
2024-04-10,63.568153381347656,63.7585781327322,63.24665170595412,63.31836948170743,3272000,64.43578071594239,63.78975852966309,1,0,1,-0.009097577666033696
2024-04-11,64.79479217529297,64.93822770740904,63.507555445426014,63.830291053126494,3924800,64.44108963012695,63.84125091552735,1,0,1,0.019296435851874794
2024-04-12,63.64232635498047,64.37065121669238,63.49517759299837,64.12581837888659,3587200,64.40092658996582,63.895525436401364,1,0,1,-0.017786395813951694
2024-04-15,62.431758880615234,64.18269869615294,62.29573853196621,64.15426065072586,4416800,64.3425479888916,63.90987251281738,1,0,1,-0.0190214208640489
2024-04-16,62.46885299682617,62.86578184213047,62.22525412102707,62.465143522519625,4464800,64.2710968017578,63.91292167663574,1,0,1,0.0005941545917658164
2024-04-17,61.54145431518555,62.90412213473569,61.48951789482773,62.8027285665751,3184000,64.139768409729,63.89683074951172,1,0,1,-0.014845777329827725
2024-04-18,60.95779800415039,61.786282475274845,60.862585649149885,61.561230974045394,4317600,63.93577270507812,63.87118827819824,1,0,1,-0.009483953824782065
2024-04-19,59.341644287109375,60.90092556587254,59.137615630876056,60.6771117866505,9088000,63.641841125488284,63.79713668823242,0,-1,0,-0.026512665646665545
2024-04-22,60.15281295776367,60.42114419594813,59.2699240511954,59.87211932014889,8456000,63.38328037261963,63.73291854858398,0,0,0,0.013669467376563826
2024-04-23,61.14081954956055,61.28425509807142,60.32470109018414,60.42115121342511,4154400,63.18728866577148,63.6692407989502,0,0,0,0.01642494412506701
2024-04-24,61.23849105834961,61.88025651422577,60.94666902317612,61.67499013545292,4116000,63.01046237945557,63.615534973144534,0,0,0,0.0015974844548802825
2024-04-25,61.26323318481445,61.46849959636442,60.219591502470834,60.42609566350124,3838400,62.82720680236817,63.587316818237305,0,0,0,0.00040402900262948016
2024-04-26,62.31428146362305,62.67164004536555,61.62800234353883,61.82708374184723,2915200,62.70107860565186,63.56336715698242,0,0,0,0.017156265253547298
2024-04-29,62.56159210205078,62.69266522251943,62.17455393979631,62.57642999891503,3152000,62.58063945770264,63.5453507232666,0,0,0,0.003968763381667184
2024-04-30,61.17543411254883,62.56901536908208,61.16801516360464,62.33407318072181,2376800,62.42755546569824,63.513057250976566,0,0,0,-0.022156692995294103
2024-05-01,60.51264953613281,61.901287429512166,60.28512628245258,60.84898907931802,3247200,62.234716796875,63.48233612060547,0,0,0,-0.010834162209566678
2024-05-02,61.33988952636719,61.50558566743173,60.38527914788083,61.23972994687016,2541600,62.13523635864258,63.47874412536621,0,0,0,0.013670529989608493
2024-05-03,62.99686050415039,63.20336465503879,62.66052096749246,62.66423044212512,3508000,62.08008670806885,63.468273620605466,0,0,0,0.027012943625712715
2024-05-06,63.90818786621094,63.94280710982075,63.23550886823857,63.24169006739193,2282400,62.07514057159424,63.48032241821289,0,0,0,0.014466234583237814
2024-05-07,63.64109420776367,64.0516269878111,63.62996955811224,64.00463779599981,1946400,62.04960632324219,63.48372344970703,0,0,0,-0.0041793339377173
2024-05-08,63.73384475708008,63.79814735529951,63.26890753766568,63.39009001047206,1691200,62.05789089202881,63.48712890625,0,0,0,0.0014574002925469287
2024-05-09,63.67076873779297,63.74744127073932,63.30970065543388,63.69921433053584,3096000,62.001689720153806,63.49516960144043,0,0,0,-0.0009896785534831976
2024-05-10,63.83771896362305,64.32120356834619,63.672019013627,63.99476221388575,1828800,62.01145935058594,63.494435195922854,0,0,0,0.0026220859138297303
2024-05-13,64.14932250976562,64.39786108499507,63.95889023227058,64.30265249350015,2197600,62.097337532043454,63.47624794006347,0,0,0,0.004881182335480183
2024-05-14,64.80961608886719,64.86278647064623,64.12209927862428,64.12209927862428,1821600,62.21437568664551,63.46884864807129,0,0,0,0.010293071746799054
2024-05-15,66.29347229003906,66.31696688397162,65.21767951337951,65.26343095199793,2849600,62.45197658538818,63.52243545532227,0,0,0,0.022895617822163983
2024-05-16,66.01278686523438,66.55810607416116,66.01278686523438,66.39858733748393,2904800,62.70472602844238,63.55629608154297,0,0,0,-0.004233982850930906
2024-05-17,65.8520278930664,66.23040935809344,65.48848432492265,66.20320906289133,2498400,63.03024520874023,63.5653288269043,0,0,0,-0.0024352701923667786
2024-05-20,66.68670654296875,66.81159848876946,65.96209476412376,66.0041405116495,2975200,63.35693988800049,63.61244552612305,0,0,0,0.012675063724047142
2024-05-21,66.74977111816406,66.81901716590664,66.24649763569884,66.3948841800767,2180000,63.63738746643067,63.666325378417966,0,0,0,0.0009456843569666251
2024-05-22,66.76583099365234,67.04405286840966,66.34911705612927,66.87712276245583,3800800,63.9137544631958,63.694029083251955,1,1,1,0.00024059821058930453
2024-05-23,66.77078247070312,67.9182968970074,66.4876171122509,67.89727779939581,4152800,64.18913192749024,63.73567245483398,1,0,1,7.41618426234325e-05
2024-05-24,67.41997528076172,67.50405922888368,66.73369599823073,66.9191772933609,2293600,64.44441661834716,63.79516021728516,1,0,1,0.00972270783771978
2024-05-28,67.9999008178711,68.23484676586894,67.57082445951667,67.97022502386122,2983200,64.71633205413818,63.88317161560059,1,0,1,0.008601687180903816
2024-05-29,67.76248931884766,67.98630307839392,67.29260495345935,67.407602432947,2500000,65.04568481445312,63.9604638671875,1,0,1,-0.0034913506662209715
2024-05-30,66.16488647460938,67.25056634441052,65.89160799614466,67.1837957984419,4374400,65.32829666137695,64.00040115356445,1,0,1,-0.02357650759730756
2024-05-31,66.10675811767578,66.40971236243996,64.62785898287522,66.40971236243996,4368000,65.56664009094239,64.0217820739746,1,0,1,-0.0008785378473504801
2024-06-03,66.45423126220703,66.77326117884782,65.56268940152374,66.7695479305455,3090400,65.73950862884521,64.04646118164062,1,0,1,0.005256242393746113
2024-06-04,66.49504089355469,66.61375163336034,66.00536758251582,66.40230025074638,2493600,65.8688512802124,64.06988143920898,1,0,1,0.0006141013231593107
2024-06-05,68.1891098022461,68.24475570145424,66.99955700721107,67.1429925577944,3935200,66.09625205993652,64.13245056152344,1,0,1,0.025476620300200592
2024-06-06,67.99620056152344,68.5019419439807,67.75631114440056,68.38323875843693,3062400,66.30936985015869,64.19687423706054,1,0,1,-0.002829032983156843
2024-06-07,67.99124145507812,68.21876844565531,67.60420330432419,67.88613843087082,2336800,66.52539348602295,64.25813217163086,1,0,1,-7.293211097614272e-05
2024-06-10,68.22618865966797,68.4265078123512,67.63883134905008,67.70437168217875,2583200,66.7448169708252,64.32591903686523,1,0,1,0.0034555510321880867
2024-06-11,69.18328094482422,69.18328094482422,67.98754705131034,68.08894439188559,3842400,66.99651489257812,64.41017715454102,1,0,1,0.01402822440999163
2024-06-12,70.67083740234375,71.39173581766356,69.93509354236497,70.01175852805163,3524800,67.28957595825196,64.53885162353515,1,0,1,0.02150167550894122
2024-06-13,71.36947631835938,71.73797088293875,70.89217302592458,71.5945278170013,3267200,67.54337615966797,64.67885269165039,1,0,1,0.009885816295597705
2024-06-14,71.6464614868164,71.68850722667933,71.11228209783438,71.2792122134848,3114400,67.82505989074707,64.8451919555664,1,0,1,0.0038810032347929013
2024-06-17,72.51947021484375,72.79151094615148,71.52405548068072,71.83072300836075,3341600,68.15843200683594,65.01358428955078,1,0,1,0.012184952472328092
2024-06-18,72.81005096435547,72.9782188280937,72.42301279954873,72.58623721338351,3729600,68.46459922790527,65.18964309692383,1,0,1,0.004006934257115402
2024-06-20,71.81216430664062,73.33929039525077,71.49808540963699,73.30219565107745,4934400,68.7177188873291,65.34285079956055,1,0,1,-0.013705342112771857
2024-06-21,71.43997192382812,71.98529113888227,70.944117404645,71.60319636349895,3844800,68.9514259338379,65.50028717041016,1,0,1,-0.005182859845627608
2024-06-24,70.12923431396484,71.2235708014437,70.10450196821202,71.04427072880108,4210400,69.11934852600098,65.6069760131836,1,0,1,-0.018347398166125184
2024-06-25,71.13330078125,71.15184437885252,70.28874066626673,70.52244886462219,2475200,69.3050148010254,65.75679550170898,1,0,1,0.014317373875636585
2024-06-26,71.27550506591797,71.46593734001988,70.83282852005664,71.11970713336068,4517600,69.46879501342774,65.93367042541504,1,0,1,0.001999123942037828
2024-06-27,71.4177017211914,71.68602915535014,71.17781233085205,71.25571506129354,3978400,69.65155563354492,66.11264739990234,1,0,1,0.001995028378149355
2024-06-28,71.39196014404297,72.5706980095462,71.31890446880129,71.85131839002308,3043200,69.9129093170166,66.30965751647949,1,0,1,-0.00036043692989351506
2024-07-01,72.09276580810547,72.19677587141818,70.68991090272128,71.57025939399219,4725600,70.21220970153809,66.5323568725586,1,0,1,0.009816310725304866
2024-07-02,72.57193756103516,72.57193756103516,71.62968787432456,71.68168912626354,2933600,70.51809501647949,66.79696273803711,1,0,1,0.006646599663066466
2024-07-03,73.41018676757812,73.4250442685417,72.48898392172022,72.50755201931305,3024000,70.86385231018066,67.0621102142334,1,0,1,0.011550597031228182
2024-07-05,73.78411102294922,73.97355549710909,73.29626958603991,73.47952469430156,4101600,71.14360237121582,67.31497604370117,1,0,1,0.005093628988507515
2024-07-08,74.27938079833984,74.35491524499392,73.85716629107456,74.04041384109637,3916800,71.45776138305663,67.57579383850097,1,0,1,0.006712417734985987
2024-07-09,74.12090301513672,74.66817448823367,73.76182908535878,74.57407193796229,3110400,71.76424446105958,67.83294723510743,1,0,1,-0.0021335366759905883
2024-07-10,75.13866424560547,75.17333678109748,74.28184906328711,74.56043850277646,3171200,72.10986824035645,68.08943489074707,1,0,1,0.013731095940114235
2024-07-11,73.69124603271484,75.34792537310929,73.36684467258122,75.34792537310929,5791200,72.33526649475098,68.31202796936036,1,0,1,-0.019263294435997058
2024-07-12,74.37720489501953,75.0359151776157,73.67144333815051,73.86335903204046,5523200,72.52058486938476,68.57606338500976,1,0,1,0.009308552904644385
2024-07-15,74.75855255126953,75.42345208866534,74.38833178523235,74.97151507728411,4791200,72.69003868103027,68.8609814453125,1,0,1,0.005127211445875801
2024-07-16,74.84894561767578,75.08048382311584,74.20138227320982,75.00371754950594,3372800,72.85016288757325,69.13116256713867,1,0,1,0.001209133447898969
2024-07-17,72.1521987915039,73.30741865380278,72.05686441652173,73.17617235254907,6105600,72.83179931640625,69.31426933288574,1,0,1,-0.03602918924131149
2024-07-18,71.77703857421875,72.79110465802248,71.05889826236856,72.72176712909675,9515200,72.78014869689942,69.4716463470459,1,0,1,-0.005199567353023404
2024-07-19,70.9251708984375,71.9082825615956,70.77163834342731,71.58016302657728,3268800,72.73579902648926,69.61732788085938,1,0,1,-0.011868247739148519
2024-07-22,72.33792877197266,72.37384070005855,71.38453963064194,71.78074976651884,3532800,72.78069686889648,69.78940956115723,1,0,1,0.01991899146155296
2024-07-23,72.20420837402344,72.78862359120559,71.97390198412499,72.12124517309464,3251200,72.88444557189942,69.96007835388184,1,0,1,-0.0018485516549795467
2024-07-24,69.3700180053711,71.56654001394442,69.15704790117911,71.37957431444087,5790400,72.79628143310546,70.0707243347168,1,0,1,-0.03925242631248049
2024-07-25,68.71748352050781,70.35682625956898,67.76037651890071,69.27714112355733,5316000,72.66838035583496,70.16208755493165,1,0,1,-0.009406577994728993
2024-07-26,69.5309829711914,70.07082567464626,69.132294088258,69.71299869917402,3784000,72.57404441833496,70.25651489257812,1,0,1,0.01183831841631422
2024-07-29,69.27467346191406,70.32960130909365,69.08027901944601,70.0757768664091,3352800,72.46818008422852,70.31613891601563,1,0,1,-0.0036862632789693706
2024-07-30,67.9522933959961,69.68202809407748,67.38273582229925,69.54706367101335,3631200,72.26115646362305,70.35492904663086,1,0,1,-0.01908893972116643
2024-07-31,70.32958221435547,70.68121969646259,69.3390421744942,69.78602155374861,3399200,72.14903869628907,70.44448013305664,1,0,1,0.034984673799095756
2024-08-01,67.78762817382812,70.87563809650129,67.22920982802714,70.25655036186131,5325600,71.86791076660157,70.46649856567383,1,0,1,-0.036143454297507316
2024-08-02,66.12476348876953,66.74014066457227,65.28280562936614,66.23744169544305,6441600,71.48494338989258,70.45399841308594,1,0,1,-0.024530504014604326
2024-08-05,63.81061172485352,65.01040410489182,61.1807281320076,61.29835631774148,11225600,70.96150493621826,70.39489402770997,1,0,1,-0.034996749202876765
2024-08-06,64.4445571899414,65.63321022611856,63.55554807147153,64.35789094912761,5969600,70.4776876449585,70.34836952209473,1,0,1,0.009934796861396755
2024-08-07,63.69545364379883,66.26961747668184,63.591451146409824,65.69015231956101,5260000,69.90552711486816,70.27387908935548,0,-1,0,-0.011624000207413943
2024-08-08,65.90188598632812,66.04798977737376,63.89480093254163,64.88163066090917,3280000,69.51605911254883,70.23191879272461,0,0,0,0.03464034269805549
2024-08-09,66.32164001464844,66.56803575123938,65.48463209531748,65.76817158866663,3380800,69.11328086853027,70.20310180664063,0,0,0,0.00636937808437521
2024-08-12,66.66584014892578,67.2044510014732,66.18047749083402,66.49745010225236,3022400,68.70864524841309,70.21312088012695,0,0,0,0.005189861622862724
2024-08-13,68.59243774414062,68.60977401331066,67.33816547118914,67.33816547118914,4967200,68.39581985473633,70.26283447265625,0,0,0,0.02889932221526026
2024-08-14,68.8945541381836,69.23134177990431,68.08974012062072,68.97503856282907,3368800,68.23293762207031,70.31164093017578,0,0,0,0.004404514608008281
2024-08-15,70.74811553955078,70.81002431790341,69.70928442505993,69.77738256980304,3487200,68.18149147033691,70.3967024230957,0,0,0,0.026904323927395613
2024-08-16,70.91154479980469,71.06631672206727,70.23921647636274,70.4843727829154,3006400,68.18081016540528,70.45115112304687,0,0,0,0.002310015736921578
2024-08-19,71.89959716796875,71.89959716796875,70.43359438199512,70.82362259926792,4008800,68.15889358520508,70.52921905517579,0,0,0,0.013933589670814595
2024-08-20,71.6594009399414,72.11009859716756,71.2829983407016,71.7671215946599,3181600,68.13165321350098,70.60258224487305,0,0,0,-0.0033407172986825717
2024-08-21,72.06675720214844,72.30201354758105,71.51453581848469,71.67673649121261,2658400,68.26649017333985,70.67939361572266,0,0,0,0.005684617187191376
2024-08-22,70.55867004394531,72.57813406271546,70.49057190017349,72.43821962105622,4973600,68.35854949951172,70.70690139770508,0,0,0,-0.02092625250187008
2024-08-23,71.81542205810547,72.07667528823526,71.00812917249989,71.27557932622547,3362400,68.47277145385742,70.72979309082031,0,0,0,0.017811447032340944
2024-08-26,71.13565826416016,72.01228104023407,70.75429811011425,71.85750910921807,2830400,68.56582069396973,70.72511672973633,0,0,0,-0.00946542921373239
2024-08-27,71.46748352050781,71.58263292249146,70.34816815484523,70.63790451519509,2420000,68.74158020019532,70.72153717041016,0,0,0,0.004664682445411961
2024-08-28,70.52523040771484,71.48357688306714,69.99033776996005,71.36346994892232,2856800,68.75136260986328,70.68165237426757,0,0,0,-0.013184361144080059
2024-08-29,70.33702087402344,71.69034548732338,70.18348835536497,70.72457032380899,3172000,68.87883224487305,70.63219177246094,0,0,0,-0.0026686837122451568
2024-08-30,71.06754302978516,71.26813437810311,70.26396848096456,70.95487240430678,2256000,69.12597122192383,70.61729934692383,0,0,0,0.010386026400949211
2024-09-03,67.93744659423828,70.47075619328226,67.55608645350391,70.47075619328226,4990400,69.33231296539307,70.54724884033203,0,0,0,-0.04404396581200254
2024-09-04,67.79134368896484,68.33985449363861,66.97291154936137,67.25769038476625,3815200,69.49965229034424,70.50049102783203,0,0,0,-0.002150550434225851
2024-09-05,67.64028930664062,68.420345947839,67.25150792796934,67.36293919298068,2816000,69.69689407348633,70.43063079833985,0,0,0,-0.0022282252291276894
2024-09-06,66.01579284667969,67.80867588768591,65.73101402837156,67.68980833379773,5536800,69.70258941650391,70.32543655395507,0,0,0,-0.024016698873011055
2024-09-09,66.90727996826172,67.01500061782158,66.10494476954754,66.6695524199802,2603200,69.73187141418457,70.23522811889649,0,0,0,0.013504149282164812
2024-09-10,67.58580017089844,67.6452377281172,66.5395480193926,67.12396317194705,4584800,69.7778694152832,70.15910491943359,0,0,0,0.010141201420212909
2024-09-11,69.53345489501953,69.62878926007869,66.78470404831778,67.81238809915408,3863200,69.82492027282714,70.10791870117187,0,0,0,0.02881751372620034
2024-09-12,70.06835174560547,70.35313058769016,68.9849482267439,69.5334590442836,3340000,69.88361015319825,70.05784698486327,0,0,0,0.007692654584667391
2024-09-13,70.48188018798828,70.69608206807017,70.01137514804974,70.22310581677166,2504800,69.87029838562012,69.99928085327149,0,0,0,0.00590178635690175
2024-09-16,70.06835174560547,70.25159929391292,69.45297461713602,69.84795288801564,2271200,69.82813873291016,69.9249656677246,0,0,0,-0.005867159634218799
2024-09-17,70.03244018554688,70.69981857037382,69.64118006644772,70.58590854439153,2005600,69.73478088378906,69.84002685546875,0,0,0,-0.000512521832809476
2024-09-18,69.70927429199219,70.9462102945186,69.62136111891006,70.23425944695384,3574400,69.6372745513916,69.75179428100586,0,0,0,-0.004614517110905769
2024-09-19,71.77084350585938,72.1905792429826,71.31023830534222,71.56159155099351,4102400,69.62247886657715,69.68443786621094,0,0,0,0.02957381546151039
2024-09-20,71.51949310302734,71.90580325702383,71.02794105371893,71.60864566937768,2511200,69.67052001953125,69.64100280761718,1,1,1,-0.003502124129438622
2024-09-23,71.49472045898438,71.65321053461037,71.30652294070696,71.61606678476764,3056000,69.6544849395752,69.58335311889648,1,0,1,-0.0003463761132546095
2024-09-24,72.13981628417969,72.15591316948175,71.01060088718198,71.8030286346555,2599200,69.70469284057617,69.53097839355469,1,0,1,0.009022985488353674
2024-09-25,72.18809509277344,72.55335074194576,71.90207691528802,71.90207691528802,2404000,69.74072341918945,69.47776138305665,1,0,1,0.0006692394170171312
2024-09-26,73.08330535888672,73.57857553497405,72.32182444026319,73.50675924341891,3957600,69.86862716674804,69.4963835144043,1,0,1,0.012401078944703992
2024-09-27,72.541015625,73.24910908442736,72.15782074332532,73.24910908442736,2637600,69.97882690429688,69.51166305541992,1,0,1,-0.007420158834137602
2024-09-30,72.7344741821289,72.77539210366905,71.86392004526958,72.20867207825341,4309600,70.06217346191406,69.54784912109375,1,0,1,0.002666885147141862
2024-10-01,70.90655517578125,72.54596637248929,70.46879554045647,72.54596637248929,4868000,70.21062889099122,69.51922164916992,1,0,1,-0.02513139782616014
2024-10-02,71.35299682617188,71.69650753760504,70.44152478994314,70.8681126556309,2304000,70.38871154785156,69.50219741821289,1,0,1,0.006296197146848703
2024-10-03,71.63326263427734,72.17518667001181,71.12729883617206,71.1607840164018,2632800,70.5883602142334,69.54746231079102,1,0,1,0.003927877182064776
2024-10-04,72.55091857910156,72.66128946437118,71.71013342971155,72.66128946437118,2838400,70.9151165008545,69.62413101196289,1,0,1,0.012810472552524876
2024-10-07,72.03008270263672,72.69973319294394,71.90854756849565,72.20369242872464,2870400,71.17125663757324,69.6741130065918,1,0,1,-0.007178901200223686
2024-10-08,73.34335327148438,73.45248285537433,72.39715481940479,72.50504309023066,2664000,71.45913429260254,69.75548660278321,1,0,1,0.018232251297964686
2024-10-09,74.16429901123047,74.23126936375367,73.23670513211383,73.3669143290461,3749600,71.69067649841308,69.87972671508788,1,0,1,0.011193185246211934
2024-10-10,74.23126983642578,74.35651378197933,73.44131788951174,73.65957705516001,4060800,71.8988224029541,69.9577604675293,1,0,1,0.0009030062454331578
2024-10-11,74.46068572998047,74.61197454277745,74.0030877834492,74.04525458233313,2566400,72.0977626800537,70.09122161865234,1,0,1,0.003090555961931196
2024-10-14,75.38333129882812,75.57554562133907,74.92200935581889,74.94681291300999,3144000,72.36351165771484,70.27639297485352,1,0,1,0.012391043136420699
2024-10-15,74.02416229248047,75.65365804519328,73.75257966702833,75.50360298681731,3642400,72.56309776306152,70.48066398620605,1,0,1,-0.018030100062303656
2024-10-16,74.29823303222656,74.41356161196774,73.46860447694333,74.29203403591443,2238400,72.79254570007325,70.67773750305176,1,0,1,0.003702449730713653
2024-10-17,74.59088897705078,75.39199754007765,74.55988642913307,75.30146495325059,3032000,72.93354797363281,70.8956462097168,1,0,1,0.0039389354615912975
2024-10-18,74.84759521484375,75.1018146083492,74.72606764220781,75.1018146083492,2437600,73.09995307922364,71.0745603942871,1,0,1,0.00344152270221576
2024-10-21,75.2655029296875,75.27418455117544,74.51028511903091,74.63305399482367,2782400,73.28849220275879,71.25343765258789,1,0,1,0.005583448788757828
2024-10-22,75.21342468261719,75.44532314206354,74.66530173928777,74.90835687766956,3076800,73.44217262268066,71.42438934326172,1,0,1,-0.0006919271783643044
2024-10-23,74.04525756835938,75.01129435266853,73.36940042878264,74.90216476537259,3583200,73.53503074645997,71.5334457397461,1,0,1,-0.015531364502908929
2024-10-24,74.29698181152344,74.46687516032354,73.82574461991045,74.35527053464156,2189600,73.5957145690918,71.64149429321289,1,0,1,0.003399599804642106
2024-10-25,74.649169921875,75.47011669964517,74.52515974313049,74.64296335775326,3286400,73.70112228393555,71.71951538085938,1,0,1,0.004740274796693589
2024-10-28,74.80171203613281,75.19482224658927,74.76202786428186,75.19482224658927,2640800,73.80448417663574,71.79731872558594,1,0,1,0.002043453589871902
2024-10-29,75.68589782714844,75.90043302741957,74.59460970127029,74.90215254128638,3360000,74.0434513092041,71.87304473876954,1,0,1,0.01182039510791566
2024-10-30,74.6938247680664,75.4031594808144,74.61197379722198,75.18118394706605,3105600,74.21049270629882,71.93373321533203,1,0,1,-0.01310776627566379
2024-10-31,72.21115112304688,73.88033144446668,72.17394957005484,73.88033144446668,5942400,74.2393871307373,71.93662109375,1,0,1,-0.03323800398130017
2024-11-01,72.72826385498047,73.29003373652942,72.29795206158487,72.34259392040157,3328800,74.24825439453124,71.9800129699707,1,0,1,0.00716112018561299
2024-11-04,72.65757751464844,73.2143820886376,72.34011171280477,72.78158771175896,2911200,74.27962913513184,71.99685607910156,1,0,1,-0.0009719239341802188
2024-11-05,73.7104263305664,73.74390393844715,72.8373896578564,72.8373896578564,2513600,74.29798278808593,72.04835144042968,1,0,1,0.014490557653201508
2024-11-06,76.01949310302734,76.16210029011866,75.07205336856693,75.26923291481796,5134400,74.39074249267578,72.13939163208008,1,0,1,0.031326189352175904
2024-11-07,77.57706451416016,77.59690281652206,76.57630125586635,76.6197017998355,4264000,74.5580322265625,72.28042831420899,1,0,1,0.020489105459067902
2024-11-08,77.4406509399414,77.68619629863647,77.14798866568033,77.54730547122504,3446400,74.70703048706055,72.42250091552734,1,0,1,-0.0017584266055059583
2024-11-11,77.12442016601562,77.61674458759616,76.66186454987864,77.61674458759616,3454400,74.79408493041993,72.54363845825195,1,0,1,-0.00408352422258218
2024-11-12,77.25959777832031,77.39600597402085,76.66062637854436,77.13310494919217,3238400,74.95585670471192,72.7300814819336,1,0,1,0.0017527212783410295
2024-11-13,76.94833374023438,77.58450671011623,76.78836329742113,77.13434905145171,5676800,75.0883617401123,72.91322128295899,1,0,1,-0.004028807384928945
2024-11-14,76.63581085205078,77.2137025463541,76.47459912713963,77.04628425707715,2884800,75.1906078338623,73.0931317138672,1,0,1,-0.004061464010885807
2024-11-15,74.77195739746094,75.85208147900532,74.44456862753773,75.85208147900532,4911200,75.18682594299317,73.26825500488282,1,0,1,-0.024320920387834177
2024-11-18,74.99143981933594,75.30643055177818,74.39371735343425,74.77194692597539,3436800,75.17312278747559,73.42993820190429,1,0,1,0.0029353574456838505
2024-11-19,75.91532135009766,75.94880652587874,74.53012954753902,74.60701526534737,3312800,75.20821762084961,73.59652862548828,1,0,1,0.01231982654270225
2024-11-20,75.99593353271484,76.01577183484845,74.93440649748715,76.01329677769557,3030400,75.30575141906738,73.72577819824218,1,0,1,0.0010618697409634503
2024-11-21,76.79705047607422,77.29060871546943,75.58422692608447,76.83176940080901,3704000,75.43075485229492,73.86035217285156,1,0,1,0.010541576451778223
2024-11-22,77.08226776123047,77.13930761317113,76.51678151145086,76.7511550538265,4295200,75.55240974426269,73.9923599243164,1,0,1,0.003713909367458079
2024-11-25,77.04629516601562,77.82508286253463,76.76231453014795,77.687433355781,5583200,75.66463890075684,74.1319187927246,1,0,1,-0.00046667795667709733
2024-11-26,77.27943420410156,77.65643005619837,77.03141380413554,77.34019799105613,2852800,75.74431571960449,74.2768586730957,1,0,1,0.0030259603993103568
2024-11-27,76.48453521728516,76.98677503354466,75.70823012324794,76.98677503354466,3337600,75.83385124206544,74.41236389160156,1,0,1,-0.01028603528225902
2024-11-29,77.16535186767578,77.3637651727277,76.62094523842559,76.70031358803932,1688800,76.08156127929688,74.52025405883789,1,0,1,0.008901363503831083
2024-12-02,77.92430114746094,78.20952313897465,77.27324749403519,77.32532966699397,3457600,76.3413631439209,74.64835021972657,1,0,1,0.009835363429517185
2024-12-03,78.32855987548828,78.3508808022541,77.50637167919683,77.71719052396057,2440800,76.62491226196289,74.78502700805664,1,0,1,0.005187838993414129
2024-12-04,79.9158935546875,79.9357394256345,79.18423790438563,79.33428540463478,3933600,76.93518562316895,74.9405485534668,1,0,1,0.020265069110455558
2024-12-05,79.5166015625,79.96055273209663,79.44094957047697,79.93699048585675,3452000,77.11004104614258,75.08711868286133,1,0,1,-0.004996402773301378
2024-12-06,79.92953491210938,80.17135632597726,79.6579522600391,79.73732060790033,2700800,77.22766456604003,75.22404327392579,1,0,1,0.005193045747620584
2024-12-09,79.33303833007812,79.8749622678621,79.13958273179577,79.69886991315185,5318400,77.32228393554688,75.35988372802734,1,0,1,-0.007462780594021501
2024-12-10,78.19463348388672,79.36033244198191,77.92801608372501,79.19539674952135,4460800,77.37579460144043,75.4690869140625,1,0,1,-0.014349694278125158
2024-12-11,79.3913345336914,79.63191463348068,78.56666364514523,78.91761464363285,3643200,77.48238143920898,75.6387825012207,1,0,1,0.015304132732475662
2024-12-12,79.04656982421875,79.35907791178435,78.73530304953731,78.96596774554006,2456000,77.5872932434082,75.79265396118164,1,0,1,-0.004342598742011927
2024-12-13,79.41985321044922,80.13539450213462,78.80848381938861,79.90597108574006,2840000,77.72649536132812,75.94838577270508,1,0,1,0.00472232238616499
2024-12-16,80.35489654541016,80.44046389776001,79.39381736522658,79.57611631979061,3426400,78.00564231872559,76.10446533203125,1,0,1,0.011773420588970795
2024-12-17,79.86009216308594,80.08455033916005,79.31072784416384,79.79932837156603,3439200,78.24907493591309,76.26106552124024,1,0,1,-0.0061577377807287
2024-12-18,77.13565063476562,80.39733659053063,76.8711892016968,80.15770109747939,8525600,78.31009140014649,76.33691146850586,1,0,1,-0.0341151813693954
2024-12-19,77.20144653320312,78.18852008541216,77.10087723260071,77.9960735939045,6925600,78.3703670501709,76.39765441894531,1,0,1,0.0008529894788733561
2024-12-20,78.42071533203125,79.01544673030156,76.47140133042991,76.65267770374827,5290400,78.45155029296875,76.48144332885742,1,0,1,0.015793341363153468
2024-12-23,79.14580535888672,79.15821832949418,78.16121732092942,78.72862951521114,3564000,78.55472717285156,76.57514572143555,1,0,1,0.009246154205371004
2024-12-24,80.01492309570312,80.01492309570312,79.32831457599642,79.43633318267933,3484000,78.70315856933594,76.66777755737304,1,0,1,0.01098122298301707
2024-12-26,80.15398406982422,80.36132917888892,79.4425495886651,79.78646768685901,3670400,78.84688606262208,76.79037399291992,1,0,1,0.0017379379838280418
2024-12-27,78.9036865234375,79.6970708077813,78.13017208448646,79.6970708077813,4839200,78.96784362792968,76.88248306274414,1,0,1,-0.015598694948183112
2024-12-30,77.91909790039062,78.57342357402068,77.23001136480211,77.74527085622165,3900000,79.00553092956542,76.94904724121093,1,0,1,-0.012478360219004614
2024-12-31,77.20269012451172,78.17610790478375,76.95934136303774,78.15872368521407,5552000,78.96945037841797,76.9961491394043,1,0,1,-0.009194251411826393
2025-01-02,77.14558410644531,78.12147996830235,76.3956527945025,77.84832643011542,7610400,78.91030158996583,77.03375076293945,1,0,1,-0.0007396894845802526
2025-01-03,78.58087158203125,78.63053103803213,77.54413097511645,77.6074537912836,3756800,78.843550491333,77.10109970092773,1,0,1,0.018604920712059547
2025-01-06,79.65858459472656,80.42961343835172,79.37798174815327,79.58656966410688,5167200,78.85064964294433,77.21336624145508,1,0,1,0.013714699150037868
2025-01-07,77.90667724609375,80.18626077177319,77.61241863087645,80.17508303658273,5126400,78.74950675964355,77.28556015014648,1,0,1,-0.021992699939948346
2025-01-08,77.823486328125,78.07056351512892,76.96678687672004,78.07056351512892,3906400,78.6740291595459,77.34904647827149,1,0,1,-0.001067827828235668
2025-01-10,76.16471862792969,77.12447310279045,75.63331013513756,77.12447310279045,6786400,78.57253341674804,77.37630661010742,1,0,1,-0.021314487161388507
2025-01-13,75.54143524169922,75.59234509229879,74.5767170650281,74.87593937091138,6135200,78.38003845214844,77.37341735839844,1,0,1,-0.008183360976822596
2025-01-14,75.72146606445312,76.44159261987603,75.15778233696491,76.2193489260744,3345600,78.21378326416016,77.39397018432618,1,0,1,0.002383206278486538
2025-01-15,77.40010833740234,77.60248975442155,76.63155759338085,76.9307798749282,5856800,78.11279602050782,77.49774932861328,1,0,1,0.02216864464193513
2025-01-16,76.7507553100586,78.07926905147563,76.72840741563539,78.07554819146824,3017600,77.93258895874024,77.57819915771485,1,0,1,-0.008389562253751537
2025-01-17,77.90667724609375,78.26302344396558,77.53668284410122,78.23074062911043,3728800,77.83491821289063,77.68318115234375,1,0,1,0.015060723915555574
2025-01-21,78.54360961914062,78.71743664297752,77.50314825726265,78.21334736760015,4209600,77.90531616210937,77.77984481811524,1,0,1,0.008175581292408474
2025-01-22,80.11672973632812,80.25703114977793,79.38418266748621,79.46240407775028,6322400,78.05108032226562,77.86178955078125,1,0,1,0.020028620085269733
2025-01-23,80.24958038330078,80.24958038330078,79.37176824495045,79.54683051635399,3655200,78.1425235748291,77.91523986816406,1,0,1,0.0016582135517748675
2025-01-24,79.47855377197266,80.55005534493293,79.26003092547364,80.55005534493293,3360800,78.1591609954834,77.95599792480469,1,0,1,-0.009607858479077747
2025-01-27,75.33782196044922,76.59555601433432,74.64872777425855,75.81832064044752,12632000,77.9253059387207,77.92026596069336,1,0,1,-0.05209873123010478
2025-01-28,77.68815612792969,77.80238120576034,75.09072347837304,75.89155699193435,4972800,77.80201454162598,77.92883712768554,0,-1,0,0.031197267273194385
2025-01-29,76.9593505859375,77.39142503309029,76.15851693658003,77.39142503309029,4616000,77.70479774475098,77.92905746459961,0,0,0,-0.00938116668378719
2025-01-30,76.96680450439453,77.33307052504492,76.15479307005022,76.80911884359644,4323200,77.65718307495118,77.93567733764648,0,0,0,9.685526710234704e-05
2025-01-31,76.55830383300781,78.25433385513196,76.32861084010064,77.78624818090266,5211200,77.62496376037598,77.97140426635742,0,0,0,-0.005307491638988249
2025-02-03,75.47065734863281,75.90273932683337,74.26506852866737,74.68348714669997,7942400,77.54121742248535,77.98098861694336,0,0,0,-0.014206773529719552
2025-02-04,76.48255920410156,76.5595377970505,75.52156202660196,75.61343921314585,3393600,77.43630180358886,77.99233337402343,0,0,0,0.013407884481439147
2025-02-05,77.56150817871094,77.60124028679277,76.42047751272335,76.58064117938547,5761600,77.33144798278809,78.02364486694336,0,0,0,0.014107124367139567
2025-02-06,77.85205078125,78.01593531743377,77.29953724899148,77.65587585346913,2661600,77.3287166595459,78.04474487304688,0,0,0,0.0037459638080994395
2025-02-07,77.10957336425781,78.46912700118513,76.82773529223661,78.1040962654913,3814400,77.29302101135254,78.04529098510743,0,0,0,-0.009537030939344326
2025-02-10,78.07926177978516,78.33255304924457,77.65587948163329,77.65587948163329,3560800,77.38874816894531,78.06595031738281,0,0,0,0.012575460778996073
2025-02-11,77.97744750976562,78.40704385903449,77.6186308514804,77.64469960276345,2773600,77.51054878234864,78.07991058349609,0,0,0,-0.0013039860738781606
2025-02-12,77.87564086914062,77.91785860856092,76.80166128766815,76.97300271439455,3887200,77.61825752258301,78.1077326965332,0,0,0,-0.0013055908326859988
2025-02-13,79.08372497558594,79.10979372936355,78.02215833738015,78.11030710015372,3339200,77.70243835449219,78.14610015869141,0,0,0,0.015512990878307376
2025-02-14,79.4462661743164,79.49096195983117,78.84160752287137,78.96576753471841,2726400,77.83721389770508,78.17653945922852,0,0,0,0.0045842706428205204
2025-02-18,79.9714584350586,80.05340828441014,79.43632910160576,79.82743615958921,3441600,77.94045295715333,78.20939743041993,0,0,0,0.00661066008552047
2025-02-19,79.91683197021484,80.24089536894203,79.30845244321212,79.94042267620455,2620800,78.00911407470703,78.20941619873047,0,0,0,-0.0006830745107406777
2025-02-20,79.64988708496094,79.95904428904429,78.72985719186006,79.95904428904429,3352000,77.98577194213867,78.21208190917969,0,0,0,-0.003340283625774765
2025-02-21,77.49323272705078,79.80757719990218,77.46094991100632,79.80757719990218,4851200,77.84795455932617,78.16335586547852,0,0,0,-0.027076678157869738
2025-02-24,76.36336517333984,78.00724997128708,76.14981360664098,77.74775223180981,4652800,77.69219512939453,78.10396240234375,0,0,0,-0.014580209315703696
2025-02-25,75.23474884033203,76.2218222946176,74.63256833087817,76.21313018578275,6432000,77.68704147338867,78.04476470947266,0,0,0,-0.014779552085557368
2025-02-26,75.79595947265625,76.6042423695096,75.28318559101756,75.80341634843445,4005600,77.592431640625,77.97285720825195,0,0,0,0.007459460435167431
2025-02-27,73.12651824951172,76.48753066623253,73.09920668451423,76.48753066623253,7045600,77.40079002380371,77.85445617675781,0,0,0,-0.0352187800209528
2025-02-28,74.30728912353516,74.30728912353516,72.17297799679139,72.78508600890778,7008800,77.26781425476074,77.75220489501953,0,0,0,0.016146958754341023
2025-03-03,71.80918884277344,74.74309078267699,71.26909577578478,74.61148146186329,7939200,77.03035850524903,77.5812907409668,0,0,0,-0.033618509169519695
2025-03-04,71.78932189941406,73.08803080108149,70.24477101591143,71.02946321692531,9321600,76.84629173278809,77.41987533569336,0,0,0,-0.00027666296861916795
2025-03-05,72.87198638916016,73.02718639195236,71.04683284069894,71.96313426343406,5182400,76.66576309204102,77.33460205078126,0,0,0,0.015081135482280184
2025-03-06,70.6296615600586,72.38528592245103,70.3093341900999,71.3038495058446,6288800,76.3191707611084,77.20316635131836,0,0,0,-0.030770738389465868
2025-03-07,71.5000228881836,71.64280992800967,69.54450277073117,70.62345353866009,6768000,76.00156936645507,77.06475250244141,0,0,0,0.012322886856606319
2025-03-10,68.29669952392578,70.0361825252707,67.53435522241277,70.01506986672864,11074400,75.56092567443848,76.8477703857422,0,0,0,-0.04480171103255981
2025-03-11,68.08563232421875,69.27011623496234,67.34687865961321,68.03596528295266,7833600,75.06124420166016,76.6091845703125,0,0,0,-0.003090445090001559
2025-03-12,69.09008026123047,69.81020678660026,68.2880038874455,69.34087832238271,6600000,74.6168758392334,76.38790649414062,0,0,0,0.014752715113647064
2025-03-13,67.84600067138672,69.07642311779132,67.54304992375073,68.99199521476177,6982400,74.1153938293457,76.1667527770996,0,0,0,-0.018006631127650552
2025-03-14,69.90332794189453,70.00761810579718,68.73746363759527,68.73746363759527,5034400,73.65637397766113,76.00643737792969,0,0,0,0.0303234862799433
2025-03-17,70.3180160522461,70.86928677954472,69.64755656972096,69.873528689005,3984000,73.19996147155761,75.86874389648438,0,0,0,0.0059323085546980625
2025-03-18,69.31977081298828,69.96167590515257,69.01309924378097,69.82013926143199,4282400,72.6673770904541,75.71222763061523,0,0,0,-0.01419615192948731
2025-03-19,70.2596664428711,71.07291298554433,69.40544497538554,69.65376499318656,4726400,72.18451881408691,75.54580352783204,0,0,0,0.013558839258405397
2025-03-20,69.86608123779297,70.64704496454829,69.4551119120381,69.61899645480469,4427200,71.69532852172851,75.34995346069336,0,0,0,-0.005601865551100427
2025-03-21,70.10198211669922,70.16158407521073,68.73995043110594,69.00565467386889,3026400,71.32576599121094,75.19385955810547,0,0,0,0.0033764721697120414
2025-03-24,71.4404296875,71.67012267383295,71.1039533336178,71.22935615571735,4049600,71.07961921691894,75.06619842529297,0,0,0,0.019092863431060536
2025-03-25,71.74115753173828,71.85552752711061,71.40798748418283,71.53851936439182,2626400,70.90493965148926,74.97772720336914,0,0,0,0.004209490978060337
2025-03-26,70.015625,71.59942890522038,69.71974871136115,71.5049463810851,4086400,70.61592292785645,74.86721099853516,0,0,0,-0.024052198084131948
2025-03-27,69.27468872070312,69.86644128799911,68.90919493429907,69.60164438214827,3712800,70.42333145141602,74.73827545166016,0,0,0,-0.010582441837759471
2025-03-28,67.53424835205078,69.17150796591504,67.2731845951415,68.94152358900635,6380000,70.0846794128418,74.54095825195313,0,0,0,-0.025123755888234012
2025-03-31,67.42733764648438,67.52430136723919,65.50290484949565,66.23512928149817,7151200,69.86558685302734,74.35448989868163,0,0,0,-0.0015830590874290618
2025-04-01,67.99422454833984,68.07005641432185,66.60311119897578,67.13146065785708,3972000,69.67583198547364,74.15624084472657,0,0,0,0.008407374837007708
2025-04-02,68.55364990234375,69.14912806002661,66.99471101567683,67.0133540900461,3593600,69.45991516113281,73.95644165039063,0,0,0,0.008227542232005058
2025-04-03,63.588409423828125,65.37858468903737,63.47403563982384,65.08270839398557,14137600,69.10785255432128,73.62587524414063,0,0,0,-0.0724285356883072
2025-04-04,59.49836349487305,61.91012252941366,59.21367532296639,61.445176236905695,22274400,68.50776958465576,73.21085090637207,0,0,0,-0.06432062015727091
2025-04-07,59.66743469238281,62.57397886124897,56.067200444525575,56.87153493525171,21929600,68.07630634307861,72.81462852478028,0,0,0,0.0028416108877402646
2025-04-08,58.47523498535156,62.84251034705319,57.37502410477458,62.1077933019746,12530400,67.59578647613526,72.47737678527832,0,0,0,-0.01998074348558254
2025-04-09,66.35820770263672,66.8691508751886,58.492635993378414,58.51749722039535,16810400,67.45919284820556,72.25077781677246,0,0,0,0.13480873944773197
2025-04-10,63.37334060668945,64.59911332287352,61.19654341811903,64.15529886733087,9768800,67.23555984497071,71.9790576171875,0,0,0,-0.04498112892564854
2025-04-11,64.66252136230469,64.9061788630183,62.561552086875245,63.01406971354309,5773600,66.97351951599121,71.7329719543457,0,0,0,0.020342635298590483
2025-04-14,65.1187515258789,66.81692529345653,64.47975773368131,66.69509656750213,6408800,66.71355628967285,71.50418090820312,0,0,0,0.00705555790220358
2025-04-15,65.36490631103516,65.87461269725249,65.05909006704404,65.20329505208402,5141600,66.5158130645752,71.30206588745118,0,0,0,0.003780090671093861
2025-04-16,63.12221908569336,64.27588928244175,62.0021170465205,63.62197413688603,6376000,66.15894069671631,71.03485908508301,0,0,0,-0.0343102645121236
2025-04-17,62.84623336791992,63.53122409137087,62.45214517505323,63.53122409137087,4116000,65.80794830322266,70.74055358886719,0,0,0,-0.004372243589832681
2025-04-21,61.13313674926758,61.91882433850569,60.27658726740203,61.83801871418444,6149600,65.35950603485108,70.40617530822755,0,0,0,-0.027258540836065492
2025-04-22,62.63738632202149,63.03892950348988,61.667707341535,61.94742177542863,5444000,64.91935386657715,70.11673156738281,0,0,0,0.024606124480794467
2025-04-23,64.50586700439453,65.85222769565023,64.30074008794772,65.14112762800777,5252000,64.55758934020996,69.845263671875,0,0,0,0.029830118912802295
2025-04-24,66.9312973022461,67.00464037444866,65.02053802972448,65.08394116559502,4780800,64.40337295532227,69.62434066772461,0,0,0,0.037600150350453054
2025-04-25,67.94573974609375,68.10983978473153,66.68640264835886,66.77715959856677,4045600,64.3369255065918,69.42574264526367,0,0,0,0.015156473648892055
2025-04-28,67.81644439697266,68.21549873793325,66.83060747787272,67.9096825271393,3423200,64.3510353088379,69.2003970336914,0,0,0,-0.0019029206187798353
2025-04-29,68.1446533203125,68.46414267745918,67.4658769126207,67.56408502428054,2860000,64.3869010925293,68.97436477661132,0,0,0,0.004839665751548816
2025-04-30,68.30625915527344,68.5176004452921,66.28609956547811,66.8219077439389,3406400,64.40250282287597,68.74106079101563,0,0,0,0.002371511587289321
2025-05-01,69.51215362548828,70.64344017346035,69.47237110324716,69.95969372215541,4720800,64.4504280090332,68.5329672241211,0,0,0,0.01765423088788398
2025-05-02,70.55516815185547,70.88461264101831,69.9969836569277,70.26053621316201,4380000,64.79876594543457,68.35107284545899,0,0,0,0.015004779336670326
2025-05-05,70.07777404785156,70.61233776337178,69.89751216101371,69.9447534165364,4140000,65.32773647308349,68.202763671875,0,0,0,-0.006766252799177197
2025-05-06,69.48477935791016,70.07777626093034,68.85573311147908,69.0645856009308,3520800,65.81860370635987,68.0651919555664,0,0,0,-0.00846195099656688
2025-05-07,70.17848205566406,70.50668211842111,68.99622126641216,69.62775637121939,3141600,66.4037660598755,67.96406661987305,0,0,0,0.00998352019196469
2025-05-08,71.00768280029297,71.69888793365472,70.39106514660568,71.03005904419531,5876000,66.6362398147583,67.86830108642579,0,0,0,0.011815598176820208
2025-05-09,71.01016235351562,71.55218486937157,70.61234480887566,71.44775482365489,4076000,67.01808090209961,67.82597396850586,0,0,0,3.491950624034956e-05
2025-05-12,74.36549377441406,74.40403190012596,73.34733303437648,74.11561435800449,6219200,67.50322952270508,67.82713806152344,0,0,0,0.04725142584795572
2025-05-13,76.01891326904297,76.23646891238201,74.59050628767223,74.67131570457934,7194400,68.04823760986328,67.91133255004883,1,1,1,0.02223369214281723
2025-05-14,76.55845642089844,76.82325333152599,76.08480699823515,76.3520850994689,5814400,68.60791511535645,68.00671524047851,1,0,1,0.00709748572629465
2025-05-15,76.52363586425781,76.91399463662495,75.85978466116329,76.1469577836175,8249600,69.27798595428467,68.07974822998047,1,0,1,-0.00045482312821443216
2025-05-16,76.66785430908203,76.70017048797541,75.98534480561158,76.70017048797541,3166400,69.96906700134278,68.20051208496093,1,0,1,0.0018846261445293333
2025-05-19,76.46522521972656,76.62559209500895,75.46073749554824,75.48311373946628,4616000,70.73567142486573,68.2998161315918,1,0,1,-0.0026429471801647786
2025-05-20,76.19669342041016,76.2252916101182,75.63353899166482,75.97043461995801,2764800,71.41363677978515,68.45781600952148,1,0,1,-0.00351181597314032
2025-05-21,74.7372055053711,76.51867768539542,74.39408793731592,75.48808059199588,4540800,71.92520370483399,68.59084747314454,1,0,1,-0.019154215878980918
2025-05-22,74.8627700805664,75.48684647911885,74.65018438294162,74.74840008305424,2884800,72.32177734375,68.70630126953125,1,0,1,0.0016800812171962054
2025-05-23,73.98011016845703,74.44505644058674,73.35727823096936,73.43559886908089,4304000,72.62349586486816,68.82898345947265,1,0,1,-0.011790372052215892
2025-05-27,75.7976303100586,75.90578593467959,74.94232525052948,75.20587775969082,4448800,73.02255516052246,68.94686950683594,1,0,1,0.024567686334380445
2025-05-28,75.45451354980469,76.13950423793091,75.37370413391848,75.88962483098584,3218400,73.38804817199707,69.0495994567871,1,0,1,-0.004526747852806823
2025-05-29,75.72552490234375,76.84438248390748,75.37494861625848,76.84438248390748,3815200,73.75901145935059,69.17771453857422,1,0,1,0.00359171823909743
2025-05-30,75.38240814208984,75.6360131316118,74.24489988731935,75.54650816627652,3508800,74.05252418518066,69.28016937255859,1,0,1,-0.004531058195983317
2025-06-02,76.06739807128906,76.08977431239731,75.0964786287766,75.21209300170513,3538400,74.32813568115235,69.40419570922852,1,0,1,0.009086867162801049
2025-06-03,77.27949523925781,77.32175894401142,76.11339637499502,76.15069011087724,3753600,74.68822174072265,69.54774597167969,1,0,1,0.01593451595166684
2025-06-04,77.48834991455078,77.72952619698421,77.14026239035277,77.41624363133653,3828000,75.0884002685547,69.6687043762207,1,0,1,0.0027025885022455842
2025-06-05,77.14151763916016,78.38095979517313,76.86552877158503,77.73078152874538,4516800,75.43655204772949,69.77671157836915,1,0,1,-0.004475928004314067
2025-06-06,77.8749771118164,78.28895656925452,77.75190398364973,77.89735335441588,3383200,75.77991676330566,69.93389862060548,1,0,1,0.009507973074720955
2025-06-09,78.21312713623047,78.7414766015156,78.12859213231357,78.26658275983648,4663200,76.1400650024414,70.11266738891601,1,0,1,0.0043422166780033855
2025-06-10,78.54007720947266,78.6134202926292,77.88118832379276,78.26160719583255,4252800,76.34879417419434,70.33278396606445,1,0,1,0.00418024550626539
2025-06-11,78.22928619384766,78.9963231476331,77.90730048685792,78.69423249245736,3296000,76.45931282043458,70.54882293701172,1,0,1,-0.003957100968924432
2025-06-12,78.79119110107422,78.9751861735977,78.11988110679114,78.11988110679114,2780000,76.57094955444336,70.7647622680664,1,0,1,0.007182794763513467
2025-06-13,77.48587036132812,78.37723251252116,77.24345724858561,77.85136420218497,4943200,76.61906127929687,70.94340667724609,1,0,1,-0.016566835981342343
2025-06-16,78.79865264892578,79.01372710626644,78.06393948505779,78.06393948505779,4099200,76.72560119628906,71.24761154174804,1,0,1,0.016942215160983043
2025-06-17,78.2193374633789,78.89935062741893,78.09750872691578,78.4058137356334,3063200,76.81330680847168,71.62203102111816,1,0,1,-0.0073518412570823255
2025-06-18,78.46797180175781,78.8894099943975,78.03037172531268,78.4493211396011,3744000,76.92687072753907,71.99804176330566,1,0,1,0.0031786812116034735
2025-06-20,78.13107299804688,79.00751758935938,77.74444732964523,78.85833504693986,3080800,77.09656410217285,72.39115852355957,1,0,1,-0.00429345624686317
2025-06-23,78.96027374267578,79.01869933339196,77.56542726010893,78.02664797850933,5113600,77.30143928527832,72.64319984436035,1,0,1,0.010612944540639324
2025-06-24,80.3812255859375,80.48316686461607,79.70741915279912,79.71239670983769,3944800,77.62149505615234,72.98335754394532,1,0,1,0.017995781624218665
2025-06-25,81.05751037597656,81.20668532713044,80.74422780307518,80.78276593007979,7573600,77.88448905944824,73.31125732421874,1,0,1,0.008413467014334541
2025-06-26,81.75605010986328,81.82076742118866,81.05912366454588,81.46981273396251,3713600,78.19956588745117,73.64400329589844,1,0,1,0.008617828633603608
2025-06-27,81.70751190185547,82.26256918794532,81.23584271926067,81.98877394377703,4291200,78.49866523742676,73.97085540771485,1,0,1,-0.0005936956095919932
2025-06-30,82.54633331298828,82.73051941188177,81.97882622702117,82.38081041291454,4687200,78.85686149597169,74.35933769226074,1,0,1,0.01026614801513448
2025-07-01,81.695068359375,82.44924530314093,81.11138962463714,82.24514270683939,3960800,79.13824501037598,74.73631439208984,1,0,1,-0.010312571369894385
2025-07-02,82.73176574707031,82.7603872096935,81.51960730614474,81.57435876649186,3567200,79.41085853576661,75.1682869720459,1,0,1,0.01268984050707811
2025-07-03,83.88292694091797,84.10444698977163,83.03291980767136,83.12750430337913,2817600,79.73058738708497,75.59319778442382,1,0,1,0.013914379603198856
2025-07-07,83.14368438720703,83.71865056800543,82.74170027678835,83.5108183795516,4606400,80.0306957244873,75.96595413208007,1,0,1,-0.008812789213132888
2025-07-08,83.53571319580078,83.70497328280491,83.22582967430814,83.44735734910006,2596800,80.31373252868653,76.29804244995117,1,0,1,0.004715076213943625
2025-07-09,84.23512268066406,84.43797954145501,83.5033461415014,83.89164239952477,3379200,80.61483230590821,76.62383010864258,1,0,1,0.008372580518034578
2025-07-10,83.95263671875,84.50146541803382,83.45855947981299,84.44670636175745,3224000,80.88546028137208,76.94655395507813,1,0,1,-0.003353541289243034
2025-07-11,83.4237060546875,84.0223183981925,83.38263486886224,83.51330762820236,2880000,81.14518127441406,77.25213500976562,1,0,1,-0.006300346061011375
2025-07-14,83.42744445800781,83.65270174377721,82.63593342473371,83.27312555671996,3088000,81.37699394226074,77.5545587158203,1,0,1,4.4812242192326934e-05
2025-07-15,84.13556671142578,84.64706135379424,84.1305913781704,84.46287527627263,3740800,81.70947875976563,77.84702697753906,1,0,1,0.00848788139224843
2025-07-16,84.50891876220703,84.56367780976527,83.23080506831174,84.26001538165657,3272000,81.99499206542968,78.12610198974609,1,0,1,0.004437505627813643
2025-07-17,85.36390686035156,85.5717466657987,84.54874975481982,84.6595135894456,3196800,82.35222053527832,78.43182464599609,1,0,1,0.010117134506836045
2025-07-18,85.31537628173828,85.7633993567221,85.06895675416123,85.7633993567221,3083200,82.69459075927735,78.74843658447266,1,0,1,-0.0005685140289171109
2025-07-21,85.43485260009766,86.07578194059994,85.35396354670686,85.44730232857052,3498400,83.05977973937988,79.05356399536133,1,0,1,0.0014004077994667075
2025-07-22,84.60102081298828,85.41991514912293,83.89662751317682,85.41493981551595,3466400,83.34181709289551,79.32543075561523,1,0,1,-0.00975985516136324
2025-07-23,85.27306365966797,85.27306365966797,84.42181065918348,84.97437653067325,2812800,83.58640899658204,79.61068878173828,1,0,1,0.007943673022164255
2025-07-24,85.51449584960938,85.7111316592984,85.02041865869414,85.47964572812549,3299200,83.80925827026367,79.83366882324219,1,0,1,0.002831283169383747
2025-07-25,85.7086410522461,85.9314068593482,85.37386567745797,85.58045215598479,2243200,84.00688781738282,80.02746337890625,1,0,1,0.002270319209717986
2025-07-28,86.38690185546875,86.39187718876123,85.84553242174658,86.08946047979431,3268800,84.24085731506348,80.22403228759765,1,0,1,0.007913563847187888
2025-07-29,86.23631286621094,87.35886959571906,86.04714385744361,86.93573079061174,3548800,84.42535629272462,80.41828582763672,1,0,1,-0.0017431923824489104
2025-07-30,86.42547607421875,86.81625619676316,85.8567309497093,86.49267725106729,3504800,84.6618766784668,80.61343826293945,1,0,1,0.0021935447112781947
2025-07-31,85.93016052246094,87.77080600264001,85.61032634208614,87.77080600264001,3914400,84.82179641723633,80.80273696899414,1,0,1,-0.005731128994099555
2025-08-01,83.93022918701172,85.03162368929179,83.52077823423372,85.02041969412728,6752000,84.82416152954102,80.95740768432617,1,0,1,-0.023273915971871895
2025-08-04,85.83805847167969,85.83805847167969,84.75035195750101,84.75035195750101,4146400,84.95888023376465,81.17942474365235,1,0,1,0.022731133980546936
2025-08-05,85.06895446777344,86.15043999950419,84.82129681045133,86.06705949084191,5394400,85.03554229736328,81.38354843139649,1,0,1,-0.00895994175077941
2025-08-06,86.10189819335938,86.18528629424861,85.20086917828552,85.2655864874107,3959200,85.12888107299804,81.62598419189453,1,0,1,0.012142428833743946
2025-08-07,86.2699203491211,87.20081663863142,85.43609243616645,87.11494466140613,4223200,85.2447452545166,81.83542999267578,1,0,1,0.0019514338160628864
2025-08-08,87.03529357910156,87.17841607283898,86.308499902964,86.59224582980625,3644000,85.42532463073731,82.06704559326172,1,0,1,0.00887184347549086
2025-08-11,86.52628326416016,87.40491189232631,86.27239695499169,86.96435564395802,3946400,85.58026657104492,82.28306076049805,1,0,1,-0.005848320767468884
2025-08-12,87.87161254882812,87.88405468043082,86.39561721290285,86.93573333606588,6048000,85.76706886291504,82.5328448486328,1,0,1,0.015548215338924809
2025-08-13,88.02342987060547,88.4702147635956,87.61398655999415,88.36691773780848,3821600,85.94279441833496,82.77196548461914,1,0,1,0.001727717488887448
2025-08-14,87.6724853515625,87.95748460562743,87.18712827968118,87.4148770172779,3270400,86.0582233428955,82.97982528686524,1,0,1,-0.003986944380136692
2025-08-15,87.12240600585938,87.62021277694741,86.77891811846007,87.62021277694741,3079200,86.14857482910156,83.1725064086914,1,0,1,-0.006274252902690458
2025-08-18,87.37506103515625,87.42857436038489,86.99796869766149,87.0813492187452,2436800,86.24558525085449,83.37717727661133,1,0,1,0.002900000595482677
2025-08-19,85.72357177734375,87.36508993915447,85.5431153003065,87.36508993915447,4686400,86.30171279907226,83.53414916992188,1,0,1,-0.01890115140689863
2025-08-20,85.11127471923828,85.60534432093395,83.74106029037969,85.49707194988405,4896000,86.29362335205079,83.67211212158203,1,0,1,-0.007142691857215611
2025-08-21,84.8860092163086,85.2879857366128,84.45789510707077,84.81133364618178,5332000,86.26219902038574,83.79903076171875,1,0,1,-0.002646717531523124
2025-08-22,86.39064025878906,86.8648009637672,84.5587147579162,84.80886390704939,4590400,86.29629898071289,83.96225784301758,1,0,1,0.017725312526429837
2025-08-25,86.18030548095703,86.74407529330324,85.93763075763668,86.23631026169576,4037600,86.28596916198731,84.11004013061523,1,0,1,-0.002434694050211461
2025-08-26,86.62212371826172,86.73537142739505,86.09817930663851,86.24503140675756,3585600,86.30525970458984,84.29276519775391,1,0,1,0.00512667290791069
2025-08-27,87.23067474365234,87.34393003308544,86.4316970361393,86.72913839251896,2866400,86.34551963806152,84.46140563964843,1,0,1,0.007025353330864181
2025-08-28,88.09562683105469,88.29350838201313,87.08010427175614,87.46963871174887,3871200,86.45379295349122,84.65893142700196,1,0,1,0.009915687227505687
2025-08-29,86.74532318115234,87.73097848211879,86.43170247796493,87.73097848211879,4680800,86.59454765319825,84.82447845458984,1,0,1,-0.015327703524851355
2025-09-02,85.84803009033203,85.87292195045065,84.63960130351154,85.07642800223033,4948000,86.59504623413086,84.97881759643555,1,0,1,-0.010343993865196355
2025-09-03,86.23259735107422,86.4802550514164,85.6115769055192,86.26121881515499,3952800,86.65322837829589,85.12426406860351,1,0,1,0.004479628249332457
2025-09-04,86.8100357055664,86.83368183230063,85.66010321792089,86.15791001575386,2380800,86.68863525390626,85.25284027099609,1,0,1,0.00669628855247506
2025-09-05,86.9655990600586,87.61399513930287,86.01852346403308,87.6090198059316,2835200,86.72341918945312,85.37100204467774,1,0,1,0.0017919973563864655
2025-09-08,87.7284927368164,87.91766175690373,87.437280004239,87.437280004239,2408000,86.75807914733886,85.4904508972168,1,0,1,0.008772361542993101
2025-09-09,87.83177947998047,87.9363222409111,87.17840811296679,87.86289240221922,2799200,86.82335395812989,85.61293624877929,1,0,1,0.0011773454660155558
2025-09-10,88.97425842285156,89.52433284370633,88.55361104339515,89.24929943124366,3751200,86.87848625183105,85.74149475097656,1,0,1,0.01300758050941564
2025-09-11,89.4521484375,89.71473969442528,89.18581998362919,89.54673294230861,3550400,86.94992218017578,85.89663635253906,1,0,1,0.005371104217326117
2025-09-12,89.55170440673828,89.78567419402125,89.35631433991536,89.63010957991972,3712000,87.04388313293457,86.03303512573243,1,0,1,0.001112952242928511
2025-09-15,90.43033599853516,90.43033599853516,89.6002453174227,89.7110015533768,3263200,87.20927963256835,86.16398330688476,1,0,1,0.009811444657783275
2025-09-16,90.12418365478516,90.58590218706026,89.9673733005812,90.58590218706026,3315200,87.3467357635498,86.30359329223633,1,0,1,-0.0033855048791918696
2025-09-17,89.79190826416016,90.14908406219354,88.83861151308645,90.0420574152136,3433600,87.55015258789062,86.42871719360352,1,0,1,-0.0036868615853182796
2025-09-18,91.38612365722656,91.61884771870724,90.54856618235527,90.91320873641824,4124800,87.86389503479003,86.57173721313477,1,0,1,0.0177545552142222
2025-09-19,92.23985290527344,92.31825807420924,91.39607443395995,91.78062588547564,2748800,88.23158721923828,86.73748153686523,1,0,1,0.009342000884609902
2025-09-22,93.73080444335938,93.78556349727047,91.96980978329135,92.08804042195506,5513600,88.5985954284668,86.94362350463867,1,0,1,0.01616385424657052
2025-09-23,92.7675323486328,93.77434987865595,92.45516498243713,93.63122739455072,5915200,88.92795677185059,87.13042526245117,1,0,1,-0.010277006587611992
2025-09-24,92.08338165283205,93.05771759489726,91.52270292741515,93.05771759489726,3328000,89.20101966857911,87.2893815612793,1,0,1,-0.007374893763796853
2025-09-25,91.8055419921875,92.041021291053,90.4885689743212,91.10780386364851,3679200,89.42976303100586,87.43531402587891,1,0,1,-0.003017261699749918
2025-09-26,92.0385284423828,92.11203539383207,91.1688482774037,91.90770492843892,3420000,89.62690811157226,87.56880645751953,1,0,1,0.00253782555104487
2025-09-29,92.59422302246094,93.13247553348468,92.41854702736129,92.71010332259203,4014400,89.91935310363769,87.71438339233399,1,0,1,0.006037629995638394
2025-09-30,93.02657318115234,93.08264257728702,92.300180579852,92.58426146443178,3552800,90.27828025817871,87.86621780395508,1,0,1,0.004669299493841317
2025-10-01,93.76043701171876,93.80404231527118,92.5319218437762,92.6004553274899,3445600,90.65467224121093,88.04940612792969,1,0,1,0.007888754852200641
2025-10-02,94.44197845458984,94.75471383534688,93.94484448632682,94.6949105323055,3611200,91.03626937866211,88.23278442382812,1,0,1,0.0072689661502527425
2025-10-03,94.15291595458984,95.04502244498651,93.74922845193689,94.54788847950864,3508000,91.39563522338867,88.40555282592773,1,0,1,-0.0030607416821428757
2025-10-06,94.96402740478516,95.46365568279778,94.77713448910116,95.14718641659542,4390400,91.75741195678711,88.59066055297852,1,0,1,0.008614830905359527
2025-10-07,94.09310913085938,95.54962824777472,93.53616427882376,95.45120071497166,4089600,92.07047843933105,88.74478469848633,1,0,1,-0.009171033471584766
2025-10-08,95.69166564941406,95.70038823123718,94.33606844747456,94.33606844747456,3750400,92.40634880065917,88.9338917541504,1,0,1,0.01698909232908341
2025-10-09,95.64432525634766,95.88852714501787,95.12974612708884,95.72655479739744,3928000,92.71595764160156,89.11826873779297,1,0,1,-0.0004947180378263027
2025-10-10,91.74324798583984,96.13523176545296,91.69091249095936,95.9533199123527,9368000,92.82553482055664,89.23453048706055,1,0,1,-0.04078733641595644
2025-10-13,94.13048553466795,94.36721960518548,93.28573350269566,93.91867204073527,4733600,93.01054229736329,89.43853561401367,1,0,1,0.026020852773781966
2025-10-14,92.92814636230467,93.78286815228552,91.76442310879116,92.81725473871712,5322400,93.15074043273925,89.58033737182618,1,0,1,-0.012773111341494836
2025-10-15,93.79158782958984,94.5304368996228,92.54563507647684,94.26380118533052,3564000,93.35072441101075,89.7547900390625,1,0,1,0.009291495645666004
2025-10-16,93.49006652832033,94.61765991081526,92.85588080345732,94.32112253216324,3780800,93.45592155456544,89.90255340576172,1,0,1,-0.0032148011164642165
2025-10-17,93.715576171875,93.9236557508946,92.3711959285513,92.85587336036316,3243200,93.5297077178955,90.0514665222168,1,0,1,0.0024121241103873814
2025-10-20,94.96402740478516,95.28049667098752,94.23763480984624,94.30367395697353,3604800,93.5913688659668,90.21004119873047,1,0,1,0.013321704714491567
2025-10-21,94.86808776855467,95.25059618656408,94.40459698224012,94.87930468969752,2718400,93.69639663696289,90.37687728881836,1,0,1,-0.0010102734567221106
2025-10-22,93.7467269897461,94.973995004413,92.55061539834614,94.74972503161204,4140000,93.7795639038086,90.49437957763672,1,0,1,-0.011820210622820904
2025-10-23,94.97400665283205,95.15092983472316,93.704380347813,93.74300458339545,2950400,93.93798713684082,90.63339111328125,1,0,1,0.013091440122706244
2025-10-24,96.45419311523438,96.73577966837864,95.99817012598706,96.10158633902068,5258400,94.1587703704834,90.80902526855469,1,0,1,0.015585174455290618
2025-10-27,98.1823272705078,98.22468540684751,97.63535216918466,97.82722616164196,4772000,94.43817558288575,91.03022369384766,1,0,1,0.017916630676789946
2025-10-28,99.1952896118164,99.56782828815253,98.3754505271474,98.76169285937388,4772000,94.74661140441894,91.26662826538086,1,0,1,0.010317155535718214
2025-10-29,99.86561584472656,100.5471484073688,99.17410592521992,100.09486691182558,5081600,95.05187034606934,91.54946914672851,1,0,1,0.006757641774456813
2025-10-30,98.54863739013672,99.62887632914064,98.5037849148483,99.1865646098798,3943200,95.25720329284668,91.81821640014648,1,0,1,-0.01318750646506317
2025-10-31,98.83023071289062,99.74102196011896,98.25210675389698,99.73852762086784,3930400,95.49106903076172,92.09710083007812,1,0,1,0.002857404528477936
2025-11-03,99.1716079711914,99.95655666149317,98.67945512733262,99.8518932872634,4188800,95.70144805908203,92.35272018432617,1,0,1,0.00345417850224905
2025-11-04,96.4928207397461,98.02159972739648,96.35202745822554,97.3849196412204,5288000,95.82143363952636,92.55897048950196,1,0,1,-0.02701163454184874
2025-11-05,96.89276885986328,97.7300531543286,96.27103958603011,96.46914944111876,4642400,95.88148880004883,92.76438339233398,1,0,1,0.004144848466974604
2025-11-06,94.99143981933594,97.0210940925398,94.51921886447028,96.94384563113286,5976800,95.84884452819824,92.91959869384766,1,0,1,-0.019623023089341718
2025-11-07,94.86311340332033,94.86311340332033,92.52445742423691,94.08314568708404,5781600,96.00483779907226,93.05494842529296,1,0,1,-0.0013509261072331968
2025-11-10,97.2304229736328,97.42105741194804,96.00814351906573,96.64482360701152,4790400,96.1598346710205,93.26465042114258,1,0,1,0.024955006064871776
2025-11-11,96.34953308105467,96.7108624521,95.70039650841446,96.57380307477229,3946400,96.33090400695801,93.47468048095703,1,0,1,-0.009059817551313243
2025-11-12,96.45792388916016,97.09087002841216,95.91843181276056,97.09087002841216,2886400,96.46422080993652,93.67918701171875,1,0,1,0.0011249749182935531
2025-11-13,93.7405014038086,95.93836392987366,93.26081262603611,95.93836392987366,5619200,96.47674255371093,93.81779632568359,1,0,1,-0.028172102153827705
2025-11-14,94.22642517089844,95.066196119079,91.64605425283423,91.98495735988742,6139200,96.50228500366211,93.96301284790039,1,0,1,0.005183712054159129
2025-11-17,92.66150665283205,94.27501696959943,91.90770676722484,93.2857301913668,4692800,96.38715896606445,94.0616731262207,1,0,1,-0.016608064194604588
2025-11-18,91.27726745605467,92.26779393440786,90.39886457194066,91.87781006573093,5809600,96.20761795043946,94.13058288574219,1,0,1,-0.014938664897427123
2025-11-19,91.89774322509766,92.98172370141538,91.0791513082999,91.39811492661458,4180000,96.11516876220703,94.18905258178711,1,0,1,0.0067977031558454915
2025-11-20,89.17284393310547,94.443222786674,88.93735702741621,94.13422892398698,9250400,95.8251106262207,94.18346649169922,1,0,1,-0.02965142773221019
2025-11-21,89.57030487060547,90.76641654619092,87.58550292387928,89.27252031894432,8729600,95.48091621398926,94.18383850097656,1,0,1,0.004457197056518369
2025-11-24,91.82049560546876,92.01236960417968,90.11851977591384,90.21820208636936,5136000,95.1628246307373,94.21164169311524,1,0,1,0.02512206180512555
2025-11-25,92.10208892822266,92.3089137677562,89.68369004160212,90.9545635463389,4705600,94.80816459655762,94.25119979858398,1,0,1,0.0030667806887454407
2025-11-26,93.06394958496094,93.50875563759892,92.3799227291595,92.98172004798646,2913600,94.46808128356933,94.316640625,1,0,1,0.010443418471082433
2025-11-28,93.7205810546875,93.73179037244596,93.0240900197184,93.2957068462985,1737600,94.22667846679687,94.36332977294921,0,-1,0,0.007055701726124353
2025-12-01,93.68195343017578,94.00963964777768,92.49330950917218,92.81227314400336,3324800,93.96926460266113,94.39217178344727,0,0,0,-0.0004121573306207216
2025-12-02,94.65628051757812,95.30168313912654,94.08065094688112,94.33855647784286,5296000,93.74349822998047,94.41068130493164,0,0,0,0.010400371167842204
2025-12-03,94.83196258544922,94.92540904907568,93.73427843023816,94.23016523038088,3023200,93.66045532226562,94.45196990966797,0,0,0,0.0018560001186447295
2025-12-04,95.27178192138672,95.43998250402736,94.54663649423692,94.97399738322584,3091200,93.5794059753418,94.51573791503907,0,0,0,0.00463788077296412
2025-12-05,95.68543243408205,96.20873412501956,95.25309046769222,95.61565938226984,2863200,93.61410560607911,94.59333572387695,0,0,0,0.004341794646358643
2025-12-08,96.52147674560548,96.90398519213176,96.0106391069455,96.20749418650531,3098400,93.69702377319337,94.68299468994141,0,0,0,0.008737425230318063
2025-12-09,96.73078918457033,96.94883092328298,96.09286196311206,96.31215087136816,2293600,93.67204208374024,94.7657260131836,0,0,0,0.0021685581905932505
2025-12-10,97.07965850830078,97.38865998499878,95.93836904854136,96.53144381941044,3363200,93.70854835510254,94.84678771972656,0,0,0,0.0036066006146686647
2025-12-11,96.72830200195312,96.78436379360843,94.89674988431533,96.14394984072328,4366400,93.7220672607422,94.90614501953125,0,0,0,-0.0036192598093823802
2025-12-12,93.93611907958984,96.19378495783496,93.7031265130215,96.12401190482026,5752000,93.73184814453126,94.89602783203125,0,0,0,-0.028866245603142104
2025-12-15,92.88702392578124,94.71732880481792,92.7262911553369,94.55659603437354,3850400,93.6648780822754,94.87070999145507,0,0,0,-0.011168176459576018
2025-12-16,93.03280639648438,93.27576872292546,92.26903669183685,92.57429666071448,3084800,93.68344306945801,94.83208557128906,0,0,0,0.0015694600229589906
2025-12-17,91.0992431640625,93.22076099232316,91.06931116708834,93.2057949938361,4332000,93.6745418548584,94.77220825195313,0,0,0,-0.020783670914768182
2025-12-18,92.37140655517578,93.03243019805532,91.91991450405372,92.81167791360936,3403200,93.6982250213623,94.70580307006836,0,0,0,0.013964587925524352
2025-12-19,94.23224639892578,94.30084943544364,93.03741779198272,93.07358435062636,4750400,93.95119514465333,94.67756149291992,0,0,0,0.020145193335758815
2025-12-22,94.88579559326172,95.37719187145842,94.60641254074442,95.37595104865903,3509600,94.21696968078614,94.74041244506836,0,0,0,0.006935515381530699
2025-12-23,95.4158706665039,95.4221052306467,94.3519906343434,94.54905310316434,2704800,94.3967384338379,94.76612014770508,0,0,0,0.00558645337722008
2025-12-24,95.57675170898438,95.68650743424718,95.21006953876773,95.26744427183095,1401600,94.57047157287597,94.81909225463868,0,0,0,0.001686103594262356
2025-12-26,95.6827621459961,95.94842002509982,95.47323056474988,95.75510287684378,2632800,94.70141220092773,94.8569157409668,0,0,0,0.0011091655147947854
2025-12-29,95.1751480102539,95.55679619511534,94.73613270220278,94.95938185583658,8392000,94.77414054870606,94.89061737060547,0,0,0,-0.005305178533283272
2025-12-30,94.8995132446289,95.46699555943,94.8995132446289,95.17514337936696,2807200,94.83501853942872,94.91429611206054,0,0,0,-0.0028960791907074457
