Date,Close,High,Low,Open,Volume,Ma_20,Ma_50,Signal,Trade,Holding,Return_1d
2015-03-16,11.968731880187988,11.970972855307323,11.852226814430091,11.86118815086268,2652000,12.128706312179565,11.789741230010986,1,1,1,0.012029973206874045
2015-03-17,11.98105812072754,12.0034636049487,11.916084353190753,11.951932273262775,2145600,12.122320890426636,11.79581298828125,1,0,1,0.0010298702204163401
2015-03-18,12.125570297241213,12.171500898914823,11.918324482473388,11.95753301153511,1919200,12.12204089164734,11.808785495758057,1,0,1,0.012061720680885513
2015-03-19,12.115487098693848,12.155816111072015,12.09868320108932,12.122208315862965,2185600,12.118848133087159,11.824513816833496,1,0,1,-0.0008315648913980178
2015-03-20,12.184940338134766,12.242073240535069,12.16589632222854,12.167016809835266,2705600,12.115263223648071,11.839614734649658,1,0,1,0.005732599843088826
2015-03-23,12.18830394744873,12.244316372106708,12.18830394744873,12.193904677105465,2020800,12.111846494674683,11.849629745483398,1,0,1,0.00027604643277889807
2015-03-24,12.154699325561523,12.230876277180894,12.147978106345166,12.205110179048196,2642400,12.105237197875976,11.859577579498291,1,0,1,-0.0027571204354680523
2015-03-25,11.82086181640625,12.158056854800956,11.818621695462353,12.153575758231383,2816000,12.08507261276245,11.865806217193603,1,0,1,-0.02746571512906193
2015-03-26,11.828702926635742,11.876873643982968,11.6886718709382,11.750285877317811,3288000,12.061547374725341,11.872236442565917,1,0,1,0.000663328135568797
2015-03-27,11.857829093933104,11.885835303817068,11.772689976574986,11.825341787905906,2111200,12.042727088928222,11.88063829421997,1,0,1,0.0024623297649799536
2015-03-30,11.992262840270996,12.002344668462298,11.92952833102466,11.939611013897904,3564800,12.02485933303833,11.895223941802978,1,0,1,0.011337129694901193
2015-03-31,11.93288516998291,12.307048567137835,11.87575311892035,11.955290650020684,8274400,12.008783626556397,11.9064040184021,1,0,1,-0.004951331627646716
2015-04-01,11.837668418884276,11.893680856775864,11.76709305482639,11.885839149658322,3760000,11.990019512176513,11.913976955413819,1,0,1,-0.007979357024079259
2015-04-02,11.83654499053955,11.89255741047279,11.815259997466775,11.846626815880317,4303200,11.971423292160035,11.921101741790771,1,0,1,-9.490283939128652e-05
2015-04-06,11.9474458694458,11.96873000164935,11.731237957170183,11.77156695617258,2370400,11.965261745452882,11.926098003387452,1,0,1,0.009369362343055965
2015-04-07,11.934008598327637,12.026989440362147,11.934008598327637,11.936249574224451,3284800,11.955907678604126,11.930175800323486,1,0,1,-0.0011246982212765877
2015-04-08,11.976573944091797,12.01130136487386,11.885833258498891,11.885833258498891,1878400,11.960668563842773,11.935799407958985,1,0,1,0.003566726587588054
2015-04-09,12.025869369506836,12.032591442748538,11.921686208420518,11.97545852094458,1864800,11.971143007278442,11.949175186157227,1,0,1,0.004115987230167484
2015-04-10,12.078516006469728,12.078516006469728,11.994497391829652,12.011301285693976,1397600,11.98072099685669,11.963917541503907,1,0,1,0.004377782208110803
2015-04-13,12.02810764312744,12.134530901596282,12.022506059131516,12.0785184803639,2140800,11.990803384780884,11.975433673858642,1,0,1,-0.004173390449231373
2015-04-14,11.984417915344238,12.067316058713022,11.919443302174406,12.067316058713022,2583200,11.991587686538697,11.989257526397704,1,0,1,-0.0036323026929481195
2015-04-15,12.093077659606934,12.126685443818042,12.011300028538136,12.020262218285293,2560000,11.997188663482666,12.003282928466797,0,-1,0,0.009066751929901695
2015-04-16,12.068435668945312,12.09644187727374,12.039308972972886,12.061713597762967,2086400,11.99433193206787,12.013992500305175,0,0,0,-0.0020376939068149635
2015-04-17,11.88359546661377,11.986658116322086,11.844386942777096,11.986658116322086,2243200,11.982737350463868,12.020646781921387,0,0,0,-0.015316003449160953
2015-04-20,12.077399253845217,12.09532364075861,11.94184928286946,11.94184928286946,2413600,11.97736029624939,12.028824615478516,0,0,0,0.01630851435291003
2015-04-21,12.087480545043944,12.162536983577906,12.078518352617936,12.137891381747243,1724000,11.97231912612915,12.038145027160645,0,0,0,0.0008347236840346994
2015-04-22,12.203989028930664,12.219672441607706,12.062837460155398,12.119970380439987,2055200,11.974783611297607,12.050333461761475,0,0,0,0.00963877322925577
2015-04-23,12.233111381530762,12.27904197315703,12.146852636464123,12.159175436428164,1908000,11.995396089553832,12.05960906982422,0,0,0,0.002386297835163642
2015-04-24,12.302570343017578,12.345139483004091,12.25439961804358,12.341778873884351,2027200,12.019089460372925,12.069288082122803,0,0,0,0.005677947279355555
2015-04-27,12.330574035644531,12.401149376764373,12.301447338096567,12.33505513178127,4808000,12.042726707458495,12.075785541534424,0,0,0,0.002276247308176993
2015-04-28,12.344019889831545,12.402272442353906,12.231995027173104,12.35634269309852,1901600,12.060314559936524,12.08060266494751,0,0,0,0.0010904483561060552
2015-04-29,12.286885261535645,12.34849926930041,12.201746138446628,12.277923068645904,1815200,12.07801456451416,12.0841650390625,0,0,0,-0.004628526914718045
2015-04-30,12.086360931396484,12.247676988004024,12.043791796316947,12.221910896586296,1813600,12.09044919013977,12.083268852233887,1,1,1,-0.01632019229209425
2015-05-01,12.240957260131836,12.240957260131836,12.116610439811843,12.126692267939708,2328800,12.110669803619384,12.084501152038575,1,0,1,0.01279097402542062
2015-05-04,12.249917984008787,12.31377211853042,12.244317253948688,12.265601395668009,1974400,12.125793409347533,12.08436674118042,1,0,1,0.0007320280339624397
2015-05-05,12.058354377746582,12.217429454242174,12.044911088515867,12.211828724740688,1913600,12.132010698318481,12.08040105819702,1,0,1,-0.015637950108096654
2015-05-06,11.990019798278809,12.130050863576248,11.904880671267064,12.08300063075994,2106400,12.132682991027831,12.074463748931885,1,0,1,-0.005666990480382883
2015-05-07,12.076279640197754,12.113247192573224,11.977697221378332,11.977697221378332,1782400,12.135203504562378,12.071506271362304,1,0,1,0.007194303543295977
2015-05-08,12.246557235717772,12.25663991720219,12.191665295534964,12.196146392341168,1459200,12.14360556602478,12.070453262329101,1,0,1,0.01410016996900465
2015-05-11,12.198383331298828,12.259997327959056,12.197262843719114,12.239832824932218,3669600,12.152119350433349,12.069736232757569,1,0,1,-0.00393366915221216
2015-05-12,12.13453197479248,12.184942816487348,12.03146931573349,12.137892583614564,1985600,12.159625053405762,12.065434513092042,1,0,1,-0.0052344113783108215
2015-05-13,12.19278049468994,12.255514972480912,12.16701526577635,12.16701526577635,1553600,12.164610195159913,12.064202136993408,1,0,1,0.00480022797899915
2015-05-14,12.386587142944336,12.39330836018171,12.27008120096662,12.277922905970804,1894400,12.180517768859863,12.067674865722656,1,0,1,0.015895197025715513
2015-05-15,12.351858139038086,12.425794083265163,12.32273144358784,12.422433475075064,1465600,12.20393090248108,12.070542640686035,1,0,1,-0.0028037588970608596
2015-05-18,12.415714263916016,12.438118891922928,12.310410631983626,12.328335018134574,2245600,12.22084665298462,12.077443389892577,1,0,1,0.005169758603048802
2015-05-19,12.400030136108398,12.450440973548876,12.385466359532735,12.425795371357808,1998400,12.236474132537841,12.083022193908691,1,0,1,-0.0012632481284786667
2015-05-20,12.396668434143066,12.460522554787,12.351858329991858,12.411231354752507,1648000,12.246108102798463,12.093328437805177,1,0,1,-0.0002711043383308853
2015-05-21,12.439237594604492,12.45604149053908,12.361940186114383,12.37874408204897,1892800,12.256414413452148,12.105785579681397,1,0,1,0.0034339194185577515
2015-05-22,12.443717002868652,12.473963327703547,12.42579262172091,12.42579262172091,1516800,12.263471746444703,12.116920795440674,1,0,1,0.00036010311967205055
2015-05-26,12.271202087402344,12.422435462928783,12.221910880242229,12.401150468076596,2333600,12.260503149032592,12.12581563949585,1,0,1,-0.01386361610654907
2015-05-27,12.480687141418455,12.4963705497728,12.292485386484689,12.304807331893112,2331200,12.267336511611939,12.13605474472046,1,0,1,0.017071274071117193
2015-05-28,12.473966598510742,12.48516891232468,12.43475807282108,12.46612489337281,1590400,12.276690578460693,12.145912914276122,1,0,1,-0.0005384753925454788
2015-05-29,12.387707710266112,12.473966465866114,12.351859793633654,12.4627641521713,1908000,12.291757917404174,12.15115566253662,1,0,1,-0.00691511297255909
2015-06-01,12.424674987792969,12.463883509509603,12.337294897662314,12.432516692136296,6289600,12.30094380378723,12.157339420318603,1,0,1,0.0029841903273373216
2015-06-02,12.395547866821287,12.45492089120028,12.31264973021751,12.4078706667507,1840800,12.308225297927857,12.161551570892334,1,0,1,-0.0023442964101917374
2015-06-03,12.441476821899414,12.495249114092852,12.411230495134198,12.459401204191089,1481600,12.327381420135499,12.166615028381347,1,0,1,0.003705278344417806
2015-06-04,12.324974060058594,12.432518672010197,12.29248760452112,12.40451245851238,1685600,12.344129133224488,12.170020523071289,1,0,1,-0.009364062121287153
2015-06-05,12.320490837097168,12.341774973022217,12.240952457887555,12.308168037765064,1622400,12.356339693069458,12.180013103485107,1,0,1,-0.00036375110727049353
2015-06-08,12.165898323059082,12.333935595075594,12.140133086638338,12.333935595075594,1660000,12.352306747436524,12.186757011413574,1,0,1,-0.012547593767336385
2015-06-09,12.144614219665527,12.18046213694965,12.042671197421502,12.156936166676594,2004000,12.349618291854858,12.192492713928223,1,0,1,-0.0017494888440102718
2015-06-10,12.328336715698242,12.358583053140553,12.183824537514107,12.191666243864477,2019200,12.359308528900147,12.199214191436768,1,0,1,0.01512789889490418
2015-06-11,12.330574035644531,12.39890925603685,12.31713074723431,12.355219637055754,1453600,12.366198205947876,12.20716796875,1,0,1,0.0001814778422981611
2015-06-12,12.242074966430664,12.28912519636685,12.224151435604291,12.258878864174084,1480800,12.358972597122193,12.215256099700929,1,0,1,-0.007177205940132159
2015-06-15,12.174859046936035,12.186061359449049,12.063954700098378,12.152454421910008,2032800,12.35012264251709,12.222022380828857,1,0,1,-0.005490565911329903
2015-06-16,12.251035690307615,12.273440314824745,12.160295849927122,12.192782299072464,2648800,12.34188871383667,12.228094177246094,1,0,1,0.006256880927976827
2015-06-17,12.268960952758787,12.309289966333976,12.206227311500392,12.265600344074484,3784800,12.33533525466919,12.234793224334716,1,0,1,0.001463163025910763
2015-06-18,12.372024536132812,12.392189043040784,12.26560041729783,12.26560041729783,2449600,12.334103059768676,12.242702236175537,1,0,1,0.00840035140472506
2015-06-19,12.282404899597168,12.385467559947212,12.280164778581648,12.375385733354664,1612800,12.326261425018311,12.247832946777343,1,0,1,-0.007243732525255564
2015-06-22,12.364179611206056,12.401147152009248,12.338413526712635,12.373140947190183,1528000,12.32228455543518,12.25354621887207,1,0,1,0.006657874600076941
2015-06-23,12.370903968811035,12.400030668531256,12.329454467466173,12.400030668531256,1610400,12.327269649505615,12.260402145385742,1,0,1,0.0005438579684562406
2015-06-24,12.302570343017578,12.400032280899447,12.299209733897836,12.342899361818224,1746400,12.318363809585572,12.266765193939209,1,0,1,-0.005523737470255696
2015-06-25,12.272319793701172,12.36081865241611,12.253274924090128,12.349616340968284,2116800,12.308281469345093,12.270350036621094,1,0,1,-0.0024588804187228863
2015-06-26,12.153572082519531,12.26111580361852,12.109882472531863,12.233109599540196,1914400,12.296574687957763,12.272052764892578,1,0,1,-0.009676060694131183
2015-06-29,11.876873016357422,12.07851806777878,11.8667911911272,12.038189057494508,2638400,12.269184589385986,12.27191831588745,0,-1,0,-0.02276689225878581
2015-06-30,11.900403022766112,11.970978387371147,11.857833022642014,11.970978387371147,2086400,12.244427347183228,12.26837839126587,0,0,0,0.001981161739818438
2015-07-01,11.964252471923828,12.072915841689277,11.914961272047211,12.019144400625375,2590400,12.220566129684448,12.265913829803466,0,0,0,0.005365318219523241
2015-07-02,11.97433376312256,12.01130216138296,11.922802444948188,11.98889668303653,1870400,12.203034114837646,12.261320724487305,0,0,0,0.0008426177249594158
2015-07-06,11.925045013427734,11.978817317815988,11.846627959821722,11.885836486624727,4091200,12.183261823654174,12.255159397125244,0,0,0,-0.004116199754396477
2015-07-07,11.927286148071287,11.939608950185342,11.698755347067683,11.929526269054849,2589600,12.171331214904786,12.247653713226319,0,0,0,0.00018793510976511385
2015-07-08,11.72563934326172,11.851107466884748,11.716677151285433,11.823101257970098,2355200,12.150382471084594,12.235555019378662,0,0,0,-0.01690634418477288
2015-07-09,11.699874877929688,11.899278961746374,11.693152806165246,11.842146052498109,2257600,12.118959379196166,12.222672119140626,0,0,0,-0.002197275950401756
2015-07-10,11.873513221740724,11.911602113922733,11.80853946043547,11.816381165490332,2271200,12.096106338500977,12.214404678344726,0,0,0,0.014841042799405013
2015-07-13,12.048270225524902,12.063953632591671,11.967612215077756,11.968731847952824,2215200,12.086416101455688,12.213642864227294,0,0,0,0.014718222022458649
2015-07-14,12.106524467468262,12.139011773745068,12.056113631162496,12.056113631162496,1871200,12.0829993724823,12.210954208374023,0,0,0,0.004835070997988078
2015-07-15,12.109883308410645,12.153572921413966,12.076276374005865,12.121085619878905,1643200,12.07594175338745,12.20815351486206,0,0,0,0.00027744056119560767
2015-07-16,12.24879550933838,12.249915997041386,12.17485955989206,12.182701264449728,1649600,12.07493348121643,12.211962337493896,0,0,0,0.01147097766262184
2015-07-17,12.417951583862305,12.423553166941431,12.324970774710916,12.347376252345844,1808800,12.077229833602905,12.220520973205566,0,0,0,0.013810017025344345
2015-07-20,12.472846031188965,12.516536507743709,12.422435192006825,12.468365789437366,3020000,12.086751890182494,12.22845230102539,0,0,0,0.004420571859693689
2015-07-21,12.413474082946776,12.486290410653192,12.402271768226212,12.462765293335458,2304000,12.089216613769532,12.23179063796997,0,0,0,-0.00476009629989238
2015-07-22,12.238712310791016,12.290243628485186,12.130048092197866,12.290243628485186,2449600,12.08260703086853,12.232597217559814,0,0,0,-0.01407839344473616
2015-07-23,12.217430114746094,12.335056551499212,12.187183780693982,12.27232290772784,1948800,12.078350019454955,12.234255180358886,0,0,0,-0.001738924447644452
2015-07-24,12.13341236114502,12.286886727638182,12.117728949057469,12.286886727638182,1952800,12.071404647827148,12.233067817687989,0,0,0,-0.006876876136141519
2015-07-27,12.010181427001951,12.09307955847627,11.991137411810024,12.071795422836534,2407200,12.06423511505127,12.22553970336914,0,0,0,-0.010156329520102036
2015-07-28,12.131170272827148,12.154695387143684,11.978816418954771,12.076278339421895,1585600,12.076949977874756,12.221125946044921,0,0,0,0.01007385663243876
2015-07-29,12.195022583007812,12.21070599021705,12.067314350200254,12.130047979037204,1739200,12.09168095588684,12.216712112426757,0,0,0,0.005263491381675589
2015-07-30,12.224153518676758,12.243197540513044,12.088603535229607,12.16477962257475,1436000,12.104676008224487,12.213194580078126,0,0,0,0.002388756188900887
2015-07-31,12.170377731323242,12.253275868041252,12.151333714926691,12.253275868041252,3980000,12.114478206634521,12.208668766021729,0,0,0,-0.004399142015956703
2015-08-03,12.09756088256836,12.179339382704308,12.015783237114016,12.161415000056907,2959200,12.123104000091553,12.201835231781006,0,0,0,-0.0059831215071880495
2015-08-04,12.02250862121582,12.08860373678988,11.979939479692831,12.080761175651586,2422400,12.12786512374878,12.193411064147949,0,0,0,-0.006203916812742238
2015-08-05,12.140130996704102,12.235351930184738,12.068435174694097,12.091960286164728,2360800,12.148589706420898,12.190789642333984,0,0,0,0.009783513507382047
2015-08-06,12.013545989990234,12.198387183663897,11.9776980682527,12.159178652807514,2198400,12.164273262023926,12.18144681930542,0,0,0,-0.010426988534821713
2015-08-07,12.023626327514648,12.037068761368882,11.940727330232246,12.007942918230238,1399200,12.171778917312622,12.172440013885499,0,0,0,0.0008390809451941372
2015-08-10,12.207348823547363,12.230873940993138,12.1244506685458,12.1244506685458,2100800,12.179732847213746,12.168832836151124,1,1,1,0.015280123569067383
2015-08-11,12.007940292358398,12.177097149032477,11.968730923039892,12.171496421045203,1635200,12.174803638458252,12.160498142242432,1,0,1,-0.01633512190659414
2015-08-12,12.066192626953123,12.088598102587234,11.807415579820074,11.93960489467605,2879200,12.172619104385376,12.153911037445068,1,0,1,0.004851151252958541
2015-08-13,12.035948753356934,12.116606772696269,12.0157842485221,12.091961171822396,1441600,12.161976766586303,12.14580047607422,1,0,1,-0.002506496832201388
2015-08-14,12.09980297088623,12.113245404426838,11.995619837538095,11.995619837538095,1348000,12.1460693359375,12.14129705429077,1,0,1,0.005305291575912419
2015-08-17,12.178221702575684,12.178221702575684,12.009063934741574,12.062836240398347,1436800,12.131338119506836,12.138451671600341,0,-1,0,0.006480992449062084
2015-08-18,12.102046966552734,12.152458672516458,12.083002943151351,12.13565477052855,1953600,12.115766763687134,12.137174644470214,0,0,0,-0.006254996655779221
2015-08-19,12.00234317779541,12.108766450668442,11.945210261094664,12.050513900762343,2479200,12.103948307037353,12.134329223632813,0,0,0,-0.00823858881335382
2015-08-20,11.69315242767334,11.92728478642953,11.69315242767334,11.892557359717276,3376800,12.077734422683715,12.121625537872314,0,0,0,-0.025760865652806886
2015-08-21,11.254015922546388,11.655065076205616,11.2528954347759,11.494869512296022,5968000,12.033764600753784,12.100094375610352,0,0,0,-0.03755501417117246
2015-08-24,10.844006538391112,11.260738289993997,8.638236822646574,11.14199221464601,10098400,11.975455856323242,12.07213300704956,0,0,0,-0.03643227333043497
2015-08-25,10.727498054504396,11.336912553883256,10.72637756688368,10.964990149197895,16720800,11.905272245407104,12.043185787200928,0,0,0,-0.010744044046288592
2015-08-26,11.262980461120604,11.285385093106118,10.833925006610828,10.833925006610828,5229600,11.858670139312744,12.023424682617188,0,0,0,0.04991680295773748
2015-08-27,11.534080505371094,11.534080505371094,11.283145036040136,11.377245516533522,4766400,11.82416648864746,12.008727073669434,0,0,0,0.024070009282739724
2015-08-28,11.558722496032717,11.573285416880363,11.467982653286471,11.485906182431142,2215200,11.793583726882934,11.992461032867432,0,0,0,0.0021364503785237243
2015-08-31,11.464619636535645,11.592328717286016,11.433252823772287,11.51503131820379,2461600,11.761936664581299,11.9761053276062,0,0,0,-0.008141285468992843
2015-09-01,11.099419593811035,11.350354956343756,11.035565479314892,11.350354956343756,4325600,11.71578221321106,11.9508101272583,0,0,0,-0.03185452760777019
2015-09-02,11.359319686889648,11.359319686889648,11.143111697418457,11.210326434860525,3312000,11.676741647720338,11.930578441619874,0,0,0,0.02341564717704081
2015-09-03,11.370525360107422,11.50943597248644,11.333556944453342,11.405252799531675,2159200,11.644590616226196,11.91193754196167,0,0,0,0.000986473972618862
2015-09-04,11.205843925476074,11.283141333863089,11.15319211713603,11.25849573381612,2839200,11.603701496124268,11.890608024597167,0,0,0,-0.014483186081191923
2015-09-08,11.51839542388916,11.530718226171391,11.39068715903858,11.445579098043735,2206400,11.569253826141358,11.87790449142456,0,0,0,0.027891830413817598
2015-09-09,11.379484176635742,11.652824222450471,11.352597597953569,11.604653503997104,2152800,11.537831020355224,11.867956714630127,0,0,0,-0.012059947774089808
2015-09-10,11.49150848388672,11.5665649228143,11.3469963353159,11.366040353309756,2319200,11.509096813201904,11.859778823852539,0,0,0,0.009844409949704591
2015-09-11,11.54752254486084,11.54752254486084,11.408611105845424,11.428775614432706,1701600,11.4846755027771,11.85144422531128,0,0,0,0.004874387122688173
2015-09-14,11.513916015625,11.604655886935335,11.485909798091496,11.5945740588706,2047200,11.455381155014038,11.842235870361328,0,0,0,-0.0029102804610496857
2015-09-15,11.660666465759276,11.695394751156195,11.522876376050906,11.553122710112175,3069600,11.429503393173217,11.83694829940796,0,0,0,0.01274548554419952
2015-09-16,11.724519729614258,11.739082650588497,11.640501102731733,11.670747432349506,1882400,11.410627031326294,11.832892971038818,0,0,0,0.005475953200658301
2015-09-17,11.660666465759276,11.84102654633836,11.64274293382566,11.704356944463902,2686400,11.393543195724487,11.83159351348877,0,0,0,-0.005446130445215469
2015-09-18,11.515031814575195,11.63377785506419,11.488146096002168,11.527354613646498,1728000,11.38463716506958,11.82789665222168,0,0,0,-0.012489393433190665
2015-09-21,11.61025619506836,11.670749720847656,11.520635966947513,11.5777688837416,1271200,11.40244917869568,11.822631511688233,0,0,0,0.008269571637017359
2015-09-22,11.428772926330566,11.471342909269849,11.348115765634232,11.43885560559363,2234400,11.431687498092652,11.810241565704345,0,0,0,-0.015631288895664563
2015-09-23,11.445175170898438,11.4881593092332,11.382960491585228,11.458749518116049,1669600,11.467571353912353,11.797014579772949,0,0,0,0.0014351710961097996
2015-09-24,11.433866500854492,11.463276299313796,11.240436535537288,11.330929617204273,2728000,11.476115655899047,11.783494243621826,0,0,0,-0.000988073129077116
2015-09-25,11.40671730041504,11.562819305007435,11.347896843056548,11.53793342815855,2652800,11.469747495651244,11.766652679443359,0,0,0,-0.002374454908794177
2015-09-28,11.137494087219238,11.377302316698184,11.129575935741876,11.345629710788732,2740800,11.44868607521057,11.741043529510499,0,0,0,-0.023602164067483833
2015-09-29,11.079809188842772,11.23477978091273,11.000627638450345,11.179352695638029,3439200,11.429445552825928,11.713182792663574,0,0,0,-0.005179342671226439
2015-09-30,11.311699867248535,11.323011394512942,11.180483734541632,11.216682002610469,3087200,11.440059566497803,11.69114730834961,0,0,0,0.020929122014057278
2015-10-01,11.317353248596191,11.347894450918163,11.160120728574713,11.347894450918163,2484000,11.43796124458313,11.672720127105713,0,0,0,0.0004997817670202576
2015-10-02,11.489294052124023,11.491556012475856,11.145418256690702,11.179353703067942,3675200,11.44389967918396,11.658157405853272,0,0,0,0.015192669147193083
2015-10-05,11.71778678894043,11.751722225959492,11.550374152615216,11.550374152615216,3116000,11.469496822357177,11.64984489440918,0,0,0,0.019887447895387877
2015-10-06,11.7449369430542,11.764166623681058,11.677066923597325,11.700821387256523,1928800,11.48082389831543,11.644540004730224,0,0,0,0.0023170035948592016
2015-10-07,11.80828094482422,11.842216382511484,11.655573201259593,11.817330509942693,2663200,11.502263736724853,11.638082218170165,0,0,0,0.005393302839951097
2015-10-08,11.865974426269531,11.891990855072503,11.713266636599272,11.787923413832033,1941600,11.520987033843994,11.6315012550354,0,0,0,0.004885849321750735
2015-10-09,11.928186416625977,11.933842611410508,11.85918498272266,11.882940310406362,1888800,11.540020227432251,11.625581912994384,0,0,0,0.00524288930024297
2015-10-12,11.938365936279297,11.957595615375007,11.880676035978114,11.957595615375007,1952000,11.561242723464966,11.620941677093505,0,0,0,0.0008534004498061964
2015-10-13,11.882936477661133,11.979085716886887,11.867100172989309,11.876148873506152,2026400,11.572356224060059,11.61664918899536,0,0,0,-0.004642968636915379
2015-10-14,11.875021934509276,11.93949858398782,11.817332028234537,11.860316173548853,1707200,11.57988133430481,11.61369945526123,0,0,0,-0.0006660427047419093
2015-10-15,12.015286445617676,12.024336011662198,11.904431419107576,11.90556283061667,5068000,11.597612333297729,11.611202564239502,0,0,0,0.011811726486229635
2015-10-16,12.04809284210205,12.04809284210205,11.974566613820874,12.03225652992017,1980800,11.624265384674072,11.611893501281738,1,1,1,0.0027303882127871493
2015-10-19,12.087679862976074,12.089941822720975,11.990399196678878,12.023203222571096,1884000,11.648136568069457,11.613174571990967,1,0,1,0.003285749984901054
2015-10-20,12.044694900512695,12.07862947245109,12.001709901171187,12.046956860103004,1800800,11.678932666778564,11.609921493530273,1,0,1,-0.003556097030253058
2015-10-21,11.930450439453123,12.083158220835776,11.923663695440547,12.063928537457317,1155200,11.7031964302063,11.608371696472169,1,0,1,-0.009485043996814713
2015-10-22,12.203058242797852,12.227944113933168,12.026596048222306,12.026596048222306,2230400,11.741656017303466,11.611109008789063,1,0,1,0.022849749448121015
2015-10-23,12.534494400024414,12.57974137228862,12.44060794661789,12.51639612892726,2675200,11.798044872283935,11.621079921722412,1,0,1,0.027160089760464246
2015-10-26,12.477932929992676,12.520917931767205,12.431555420147646,12.520917931767205,2831200,11.865066814422608,11.628642520904542,1,0,1,-0.004512465220107176
2015-10-27,12.39988613128662,12.480199099542348,12.382918408299808,12.44852647690789,2236000,11.9310706615448,11.63307580947876,1,0,1,-0.006254785880316693
2015-10-28,12.617071151733398,12.617071151733398,12.433821288438986,12.447395640058147,2062400,11.996339225769043,11.643376293182373,1,0,1,0.01751508184408168
2015-10-29,12.55824851989746,12.574085693315189,12.497166101491937,12.528838722299003,1963200,12.058383989334107,11.654494400024413,1,0,1,-0.004662146319739047
2015-10-30,12.494903564453123,12.59670903581763,12.494903564453123,12.580872725051398,2960800,12.10866446495056,11.67052942276001,1,0,1,-0.005044091566110631
2015-11-02,12.614808082580566,12.628382433935329,12.486986176960045,12.55259424732,3410400,12.153515529632568,11.697745265960693,1,0,1,0.009596273993547344
2015-11-03,12.697381019592283,12.749414726890397,12.558246754306197,12.583132628017047,2744800,12.201137733459472,11.734812755584716,1,0,1,0.006545714882950859
2015-11-04,12.721136093139648,12.750546751030642,12.69059488676316,12.73584099057809,2237600,12.246780490875244,11.774685516357422,1,0,1,0.0018708640396558618
2015-11-05,12.682676315307615,12.792399062766831,12.65665902975674,12.782218948647412,2259200,12.28761558532715,11.803079433441162,1,0,1,-0.00302329741231
2015-11-06,12.757335662841797,12.758467074533751,12.64648148142943,12.663448341737464,2009600,12.329073047637939,11.827544536590576,1,0,1,0.005886718676567426
2015-11-09,12.636297225952148,12.759595177979406,12.567295801875636,12.759595177979406,2307200,12.363969612121583,11.849096031188965,1,0,1,-0.009487751995285065
2015-11-10,12.54354476928711,12.5899231561529,12.484724305691802,12.5899231561529,2147200,12.39700002670288,11.870674533843994,1,0,1,-0.007340161046112903
2015-11-11,12.53675651550293,12.6295124150514,12.515264010712643,12.57295391866784,1604000,12.430086755752564,11.899421272277833,1,0,1,-0.0005411750752307709
2015-11-12,12.41119384765625,12.529966146062344,12.405537654059492,12.483588638022052,1709600,12.449882125854492,11.920458755493165,1,0,1,-0.010015562453606686
2015-11-13,12.167994499206545,12.374998796659217,12.163469716074808,12.353506292537006,2661600,12.455877208709717,11.936408138275146,1,0,1,-0.019595161548107698
2015-11-16,12.330883026123049,12.336538357679071,12.12953492682917,12.152157979081512,1980800,12.468037366867065,11.958908920288087,1,0,1,0.013386637126366674
2015-11-17,12.338804244995115,12.436084947264808,12.312786951730942,12.343329029172118,2424000,12.482742834091187,11.975317096710205,1,0,1,0.0006423886152586711
2015-11-18,12.535624504089355,12.543542658683595,12.3806539207288,12.411195990602389,1697600,12.513001537322998,11.998439903259277,1,0,1,0.01595132357935536
2015-11-19,12.586524963378906,12.65100160222556,12.536754083067768,12.536754083067768,1988800,12.532174873352051,12.02034023284912,1,0,1,0.004060464580200707
2015-11-20,12.682676315307615,12.696249800800176,12.63177315566827,12.63516652704141,10272000,12.539583969116212,12.043043308258056,1,0,1,0.007639229430558947
2015-11-23,12.615936279296877,12.7324466272713,12.575214098624294,12.7324466272713,3280800,12.546484136581421,12.065083713531495,1,0,1,-0.005262299088259925
2015-11-24,12.6317720413208,12.660051284287675,12.49037582648642,12.534491376473628,2014400,12.55807843208313,12.084505825042724,1,0,1,0.0012552189289281035
2015-11-25,12.60349464416504,12.645348240570614,12.595576489495242,12.636298674372522,1795200,12.557399606704712,12.10208532333374,1,0,1,-0.0022385930543441512
2015-11-27,12.624987602233888,12.654398261928476,12.594445530970306,12.6114132524485,1084000,12.560736560821534,12.121371746063232,1,0,1,0.0017053173485337414
2015-11-30,12.64308738708496,12.679284794502117,12.606889979667804,12.672498050303355,1780000,12.568145751953125,12.143932857513427,1,0,1,0.0014336477326812869
2015-12-01,12.756202697753906,12.759596932416436,12.669102994393675,12.680414520892985,5337600,12.575215482711792,12.166851787567138,1,0,1,0.008946810791207183
2015-12-02,12.68833065032959,12.818415341841824,12.67362575452922,12.762988266733034,2954400,12.574762964248658,12.192042942047118,1,0,1,-0.00532070938605167
2015-12-03,12.511870384216309,12.757334046398856,12.44852514572124,12.755072086315808,2461600,12.56429967880249,12.213376846313476,1,0,1,-0.013907287804538537
2015-12-04,12.7844820022583,12.810499290034931,12.522050616444377,12.548067904221009,2862400,12.569389963150025,12.240389156341553,1,0,1,0.02178823866221391
2015-12-07,12.701904296875,12.781085828375437,12.649870595744147,12.781085828375437,2180800,12.566618394851684,12.266292896270752,1,0,1,-0.006459214019677417
2015-12-08,12.680415153503418,12.7098258142802,12.548068474529195,12.584265878941313,3384000,12.568824291229248,12.297151317596436,1,0,1,-0.0016918048561324062
2015-12-09,12.490376472473145,12.699642708648216,12.430424612364972,12.63177269462036,3429600,12.566165876388549,12.325362663269043,1,0,1,-0.014986787004191093
2015-12-10,12.519786834716797,12.608017937185268,12.477933243257688,12.54127933614364,2669600,12.565317392349243,12.349524402618409,1,0,1,0.00235464177628808
2015-12-11,12.258485794067385,12.41119352404433,12.244911447597495,12.405537330595056,2622400,12.557681989669799,12.368347053527833,1,0,1,-0.020871045497742546
2015-12-14,12.32070255279541,12.32070255279541,12.103518135432545,12.258488725047943,2764000,12.565317392349243,12.38497522354126,1,0,1,0.005075403257238875
2015-12-15,12.379524230957031,12.466623937535523,12.367081292443793,12.413458811708807,2649600,12.567749452590942,12.398209972381592,1,0,1,0.004774214612321304
2015-12-16,12.544678688049316,12.568433160576346,12.358035417606152,12.470021034666274,2467200,12.578043174743652,12.414204807281495,1,0,1,0.013340937342267933
2015-12-17,12.353507995605469,12.598971688996585,12.347852663171752,12.59670972862595,4037600,12.568937349319459,12.42510934829712,1,0,1,-0.015239186048341513
2015-12-18,12.109176635742188,12.335410662655526,12.106913812185033,12.329754466776963,2428800,12.545069932937622,12.429973392486572,1,0,1,-0.019778297787980348
2015-12-21,12.227944374084473,12.243780680959508,12.12953316179162,12.226812962732255,2839200,12.522333335876464,12.435968551635742,1,0,1,0.009808077123239167
2015-12-22,12.30825901031494,12.325226730872656,12.209847784505596,12.273193020706012,2940000,12.506949472427369,12.443366413116456,1,0,1,0.006568122472055293
2015-12-23,12.416460990905762,12.421002594823774,12.348338664580332,12.385805381014777,3539200,12.496183919906617,12.454036903381347,1,0,1,0.00879100614474737
2015-12-24,12.41078281402588,12.450521628693654,12.402835224336789,12.423272007283355,1131200,12.486548328399659,12.46475212097168,1,0,1,-0.00045731041107766046
2015-12-28,12.408514022827148,12.408514022827148,12.29043491370491,12.380129646583027,1842400,12.47572464942932,12.47261667251587,1,0,1,-0.00018280806559345386
2015-12-29,12.562923431396484,12.598119776076356,12.466416738220436,12.48231191750956,1975200,12.471716451644898,12.482913284301757,0,-1,0,0.012443827543352715
2015-12-30,12.466416358947754,12.565193417778968,12.46187475554299,12.565193417778968,1965600,12.45722713470459,12.490488014221192,0,0,0,-0.007681896094944407
2015-12-31,12.294971466064451,12.47436085811276,12.291565480910204,12.47436085811276,2280000,12.437559175491334,12.495493545532227,0,0,0,-0.013752540260718038
2016-01-04,12.10423469543457,12.10423469543457,11.914627250897166,12.070173094017878,4084800,12.417177391052245,12.498969230651856,0,0,0,-0.0155133967700809
2016-01-05,12.046330451965332,12.165545192012022,12.00659249402394,12.14397278646276,3218400,12.380269813537598,12.495834674835205,0,0,0,-0.004783800457130782
2016-01-06,11.88283348083496,11.963444990457791,11.804492339752349,11.871479039467085,5246400,12.339316272735596,12.482801456451416,0,0,0,-0.013572346515174583
2016-01-07,11.500213623046877,11.767026578145623,11.494536401486783,11.639864264712196,5977600,12.280306196212768,12.4632470703125,0,0,0,-0.03219937891119862
2016-01-08,11.40143585205078,11.637594066364034,11.383270301992596,11.603532468949128,3668800,12.22585916519165,12.443278064727783,0,0,0,-0.008589211838477717
2016-01-11,11.457066535949709,11.510428419327722,11.3071962436826,11.47069047799424,3653600,12.172723150253296,12.420077972412109,0,0,0,0.004879269999043423
2016-01-12,11.58763599395752,11.629645177248902,11.435496172596087,11.579688404277777,3552800,12.139180660247803,12.400665721893311,0,0,0,0.011396412650490628
2016-01-13,11.262921333312988,11.677333443364722,11.234536954079616,11.646678694930584,4821600,12.086291599273682,12.376026077270508,0,0,0,-0.028022511305486053
2016-01-14,11.479776382446287,11.560387901309769,11.153923454458122,11.293574956802296,4549600,12.041304206848144,12.353325443267822,0,0,0,0.01925389006242062
2016-01-15,11.138031005859377,11.234537728662144,10.977943546381386,11.1175942167534,5220800,11.970971822738647,12.322138442993165,0,0,0,-0.029769340900182795
2016-01-19,11.10850715637207,11.273137029944662,11.00291812651753,11.254970616492956,5468000,11.908721780776977,12.289885864257812,0,0,0,-0.0026507243041229422
2016-01-20,11.049468040466309,11.155057936498851,10.707719966994183,10.92457697981612,6693600,11.855736351013183,12.257221698760986,0,0,0,-0.005314765978423619
2016-01-21,11.077855110168455,11.247025762017651,10.956370005891923,11.09942751483239,4530400,11.798231887817384,12.22363208770752,0,0,0,0.002569089262775881
2016-01-22,11.387809753417969,11.390080121912671,11.2810842434999,11.29016744992319,3721600,11.752209424972534,12.198662338256836,0,0,0,0.02797966214280989
2016-01-25,11.219775199890137,11.396893414561776,11.210691992414066,11.369644658355911,14952800,11.692375135421752,12.172186946868896,0,0,0,-0.014755651628040045
2016-01-26,11.335578918457031,11.36964050092614,11.192522351019631,11.269727853890524,2981600,11.638614940643311,12.148163394927979,0,0,0,0.010321393833989445
2016-01-27,11.06309413909912,11.292439505098532,11.024490939145336,11.250430318782843,3368800,11.57134394645691,12.121201400756837,0,0,0,-0.024038011760849853
2016-01-28,11.185715675354004,11.234536841796364,11.06196019892018,11.198204871389668,3105600,11.502483558654784,12.101555824279785,0,0,0,0.011083837370733152
2016-01-29,11.572876930236816,11.572876930236816,11.27427362944666,11.27427362944666,5857600,11.457806587219238,12.086395702362061,0,0,0,0.034612112994778066
2016-02-01,11.601261138916016,11.651217913326557,11.48999401397136,11.51837838739147,2975200,11.423121070861816,12.071644840240479,0,0,0,0.0024526493153174123
2016-02-02,11.366238594055176,11.55811723611337,11.331042248105032,11.55811723611337,3023200,11.386221265792846,12.048257122039795,0,0,0,-0.020258361745902342
2016-02-03,11.340124130249023,11.472963651185545,11.156193951790044,11.43549607178749,3451200,11.350910949707032,12.023329105377197,0,0,0,-0.0022975466853045745
2016-02-04,11.367377281188965,11.445717584175704,11.24021494172528,11.311743270423408,3097600,11.325138139724732,11.997023124694824,0,0,0,0.0024032497904715733
2016-02-05,10.941606521606444,11.310603306723609,10.9086805506801,11.295842880936734,3602400,11.29720778465271,11.963536529541015,0,0,0,-0.03745549646593482
2016-02-08,10.744053840637209,10.776979821200388,10.55331079662382,10.757678653146172,12212000,11.26433868408203,11.925782165527345,0,0,0,-0.01805518052391364
2016-02-09,10.694097518920898,10.882569320542494,10.600996802553569,10.620297969870874,5438400,11.226190233230591,11.887594223022461,0,0,0,-0.004649671572508396
2016-02-10,10.74291706085205,10.95863758773392,10.729292250915636,10.81330974663454,3738400,11.183954286575318,11.849952812194823,0,0,0,0.0045650922712063835
2016-02-11,10.705452919006348,10.783794085394623,10.565801387560622,10.604404594991996,4978400,11.156080865859986,11.811200122833252,0,0,0,-0.003487334178742252
2016-02-12,10.862133979797363,10.875758793597567,10.736107267368626,10.81444843083041,15480000,11.12519874572754,11.773318748474122,0,0,0,0.014635631203687494
2016-02-16,11.088072776794434,11.103967957655778,10.955233242135508,10.990430456519102,3775200,11.122700834274292,11.741313591003419,0,0,0,0.02080059014345581
2016-02-17,11.36056137084961,11.373050564485638,11.15165279770574,11.170953963789662,3444000,11.13530354499817,11.718287410736083,0,0,0,0.02457492835233288
2016-02-18,11.28903579711914,11.410520910472282,11.275410982699356,11.402573318616378,3432800,11.147281932830811,11.688378486633301,0,0,0,-0.006295954169483031
2016-02-19,11.334449768066406,11.360562910136393,11.231130218755062,11.254972991775576,2452000,11.160111665725708,11.66102939605713,0,0,0,0.004022838775908033
2016-02-22,11.489995002746582,11.507025801508703,11.43663310375146,11.482047412153912,2424000,11.165220928192138,11.637220993041993,0,0,0,0.013723227669895977
2016-02-23,11.294707298278809,11.457065906424996,11.286759710448804,11.43662912825897,2686400,11.168967533111573,11.613307609558106,0,0,0,-0.0169963263187749
2016-02-24,11.403706550598145,11.421872099801554,11.107373612188525,11.170954333734006,2224800,11.172373914718628,11.590986003875733,0,0,0,0.009650471627179469
2016-02-25,11.537681579589844,11.539951948553878,11.332178106336722,11.43436203416667,1993600,11.196103286743163,11.576569919586182,0,0,0,0.011748375705500136
2016-02-26,11.526324272155762,11.630779409218189,11.502481505956723,11.602395039997116,2134400,11.213133716583252,11.56068235397339,0,0,0,-0.000984366517288282
2016-02-29,11.46047592163086,11.634188164014,11.46047592163086,11.526327015568272,1915200,11.207513666152954,11.542301387786866,0,0,0,-0.005712866389155247
2016-03-01,11.807900428771973,11.807900428771973,11.54222308491136,11.555847031023754,2999200,11.217845630645751,11.527565822601318,0,0,0,0.030315015669233558
2016-03-02,11.838556289672852,11.8396919073634,11.746591179855738,11.792006359030268,3316800,11.241461515426636,11.517266788482665,0,0,0,0.002596216074636004
2016-03-03,11.843095779418944,11.853314604364147,11.74886031727063,11.843095779418944,2165600,11.266610097885131,11.511945171356201,0,0,0,0.0003834496061021486
2016-03-04,11.879429817199709,11.953229374787853,11.806765877297607,11.870347474378812,2956000,11.292212724685669,11.504974880218505,0,0,0,0.0030679510203663884
2016-03-07,11.814708709716797,11.87034269303142,11.719337651843974,11.831739503257555,2402400,11.335867834091186,11.495103874206542,0,0,0,-0.005448166156022505
2016-03-08,11.69663429260254,11.805631068145566,11.68187472764603,11.738643484556048,2134400,11.383496856689455,11.480707340240478,0,0,0,-0.009993849193856819
2016-03-09,11.806764602661133,11.813577441819415,11.721611476072974,11.74091350976198,7812000,11.439130210876465,11.468626976013184,0,0,0,0.00941555556099094
2016-03-10,11.78065013885498,11.913488793516429,11.630780687544611,11.869209241962611,2203200,11.491016864776611,11.45606969833374,1,1,1,-0.0022118221786403547
2016-03-11,11.986151695251465,11.989557681046332,11.878291436043613,11.89759259969601,1869600,11.555051803588867,11.44453426361084,1,0,1,0.017443991118851532
2016-03-14,11.99069595336914,12.021350698532755,11.941874791647518,11.94528077819654,2032800,11.611479902267456,11.435019855499268,1,0,1,0.0003791256971557022
2016-03-15,12.016806602478027,12.02929579471618,11.928247505678211,11.961173479194954,2327200,11.657916593551636,11.429456558227539,1,0,1,0.0021775757812914076
2016-03-16,12.150784492492676,12.175762884425955,11.986155441983318,12.003186242503508,2306400,11.697427749633789,11.430387554168702,1,0,1,0.011149209140723038
2016-03-17,12.217768669128418,12.248423408536617,12.123532349927023,12.123532349927023,2169600,11.743864393234253,11.433816318511964,1,0,1,0.0055127450147047785
2016-03-18,12.25864601135254,12.28362440401878,12.197335647414276,12.27908279933196,2760000,11.79007420539856,11.441332569122315,1,0,1,0.003345728940457926
2016-03-21,12.292492866516112,12.305029318494672,12.22753164694543,12.23892818433501,5217600,11.830199098587036,11.457178153991698,1,0,1,0.002761059837458779
2016-03-22,12.3073091506958,12.349477298476822,12.220694764794434,12.243487841189502,3734400,11.880829191207885,11.4752956199646,1,0,1,0.0012053115946926152
2016-03-23,12.211576461791992,12.297051797451529,12.188782517249404,12.297051797451529,4644000,11.921222686767578,11.490385818481446,1,0,1,-0.0077785231305737
2016-03-24,12.228667259216309,12.23208613228034,12.131794551736686,12.160286319936631,3494400,11.955771970748902,11.50320644378662,1,0,1,0.001399557008695096
2016-03-28,12.200180053710938,12.264001360107155,12.180804983269155,12.251464907850744,2606400,11.98946475982666,11.52195161819458,1,0,1,-0.0023295429421306135
2016-03-29,12.407598495483398,12.42127399100944,12.16826688977804,12.179664295383033,2570400,12.036820888519287,11.540508060455322,1,0,1,0.01700126070757202
2016-03-30,12.49193286895752,12.562592778142308,12.457742393981032,12.48281529303047,2327200,12.071022510528564,11.567586097717285,1,0,1,0.006796994076236462
2016-03-31,12.482817649841309,12.5363823316511,12.46230353488224,12.48509747900346,1592800,12.103235578536987,11.595072307586669,1,0,1,-0.0007296884486837074
2016-04-01,12.577406883239746,12.579685842235344,12.384802241868972,12.411015052567286,2105600,12.13995113372803,11.625631084442139,1,0,1,0.007577554687714372
2016-04-04,12.511308670043944,12.58310850280172,12.491934470839473,12.571711096681431,3713600,12.17154507637024,11.654300155639648,1,0,1,-0.00525531326205908
2016-04-05,12.381387710571287,12.464584089833002,12.364292468859968,12.423555857525873,2935200,12.199879026412962,11.674171714782714,1,0,1,-0.010384282164161429
2016-04-06,12.517006874084473,12.519285833517667,12.34377639416244,12.39734107059228,1871200,12.240897655487059,11.7001163482666,1,0,1,0.01095347037694272
2016-04-07,12.336938858032228,12.44634717220226,12.292491757572526,12.440649338771523,1734400,12.267406368255616,11.720143547058106,1,0,1,-0.014385868591720752
2016-04-08,12.340359687805176,12.454326808482357,12.300471369468188,12.407600741144778,1710400,12.295391845703126,11.745688858032226,1,0,1,0.00027728351516631555
2016-04-11,12.315288543701172,12.482820374180212,12.308450793722518,12.391647186297234,2105600,12.311848688125611,11.76828031539917,1,0,1,-0.0020316380347308316
2016-04-12,12.372269630432127,12.38594599714634,12.221833074576104,12.32896244008724,1967200,12.330927371978758,11.784268169403076,1,0,1,0.004626857627310743
2016-04-13,12.566014289855955,12.578550742012585,12.44178968289484,12.46002483857724,2852800,12.358387756347655,11.803563232421874,1,0,1,0.015659589162789755
2016-04-14,12.547779083251951,12.581969565267658,12.501053018630572,12.558036575656695,1885600,12.378237485885618,11.82719404220581,1,0,1,-0.0014511527826865933
2016-04-15,12.48509693145752,12.559174855477558,12.473699525146722,12.54549935910464,2588000,12.391603899002074,11.850093498229981,1,0,1,-0.0049954777955961704
2016-04-18,12.548917770385742,12.551196729863838,12.43495066748114,12.43495066748114,2108800,12.406117486953734,11.873724308013916,1,0,1,0.005111761588924457
2016-04-19,12.471421241760254,12.580829566175623,12.39506348453808,12.580829566175623,4379200,12.415063905715941,11.904320602416993,1,0,1,-0.006175554740534883
2016-04-20,12.502191543579102,12.563733886946862,12.440650069711385,12.473699766251436,3333600,12.424808025360106,11.93948335647583,1,0,1,0.0024672650552299835
2016-04-21,12.49307346343994,12.545498223624609,12.46914047745346,12.51586653499851,2495200,12.438882875442504,11.975462875366212,1,0,1,-0.0007293185444631201
2016-04-22,12.30616855621338,12.371129772211033,12.230949848479243,12.31528526392356,2008000,12.442757940292356,12.006727905273438,1,0,1,-0.01496068263534367
2016-04-25,12.282234191894531,12.30844700791731,12.229809429348956,12.26285999324725,1908000,12.446860647201536,12.038263530731202,1,0,1,-0.0019449078898536865
2016-04-26,12.260580062866213,12.33579789204028,12.212714092528174,12.299328457092264,2344000,12.439509725570677,12.066232452392578,1,0,1,-0.0017630447921770376
2016-04-27,12.171686172485352,12.186501581911152,12.04404271224021,12.081652062513324,2787200,12.42349739074707,12.087904720306396,1,0,1,-0.007250382112841125
2016-04-28,12.008713722229004,12.244625586064007,11.977942118098364,12.186502121206114,2390400,12.399792194366453,12.100867767333984,1,0,1,-0.013389471922530705
2016-04-29,11.89930248260498,11.966542638164304,11.796731943235049,11.955146104789812,3236000,12.365886974334716,12.113073101043701,1,0,1,-0.009110987417536243
2016-05-02,11.968825340270996,11.988200409516889,11.858277975515188,11.909562826489532,2281600,12.33876280784607,12.125760612487793,1,0,1,0.005842599410145866
2016-05-03,11.860560417175291,11.916404073219953,11.82067209142911,11.89475090752933,2705600,12.312721443176269,12.133171920776368,1,0,1,-0.009045576321632054
2016-05-04,11.80812931060791,11.857135190129249,11.775078752837723,11.806989396340022,1857600,12.277277565002441,12.143440361022948,1,0,1,-0.0044206264057687905
2016-05-05,11.80927276611328,11.877652861194695,11.78989769574848,11.838903589965176,2041600,12.250894260406493,12.151551685333253,1,0,1,9.683629602030841e-05
2016-05-06,11.884488105773926,11.88676793451299,11.75798456525275,11.785337293122122,1984800,12.228100681304932,12.158487815856933,1,0,1,0.0063691762524511475
2016-05-09,11.895888328552246,11.952871891694478,11.886771619269618,11.910704611449336,2210400,12.207130670547485,12.165879096984863,1,0,1,0.0009592523192296643
2016-05-10,12.05202293395996,12.058860682916494,11.91640178298789,11.93007815040108,1912000,12.191118335723877,12.177710037231446,1,0,1,0.013125090039132425
2016-05-11,11.974523544311523,12.098748139415353,11.973383629815158,12.026948307644334,1935200,12.161543798446655,12.181042499542237,0,-1,0,-0.00643040509241477
2016-05-12,11.91297721862793,12.018966624332108,11.83661949341624,12.018966624332108,2038400,12.129803705215455,12.182530918121337,0,0,0,-0.005139772405627907
2016-05-13,11.884488105773926,11.99503632312125,11.86169503538268,11.91297987851293,2046400,12.099773263931274,12.183358764648437,0,0,0,-0.002391435182924395
2016-05-16,12.038344383239746,12.086211225754589,11.898165338053325,11.898165338053325,3205600,12.074244594573974,12.186537055969238,0,0,0,0.012945974289887197
2016-05-17,11.9141206741333,12.062277381634884,11.882210025425266,12.03036673292685,1943200,12.046379566192627,12.188525295257568,0,0,0,-0.010319002775779906
2016-05-18,11.981361389160156,12.061138884050743,11.900444849263993,11.901584763769574,5429600,12.02033805847168,12.19421983718872,0,0,0,0.005643783277505365
2016-05-19,11.916401863098145,11.979084127288171,11.835485311734736,11.94033485410703,2304800,11.99150447845459,12.19641258239746,0,0,0,-0.005421714941407418
2016-05-20,12.067975997924805,12.105585349132609,11.96426639036688,11.96654534975828,2188800,11.979594850540161,12.202159099578857,0,0,0,0.012719790467627945
2016-05-23,12.06569766998291,12.136356718313683,12.06341784097224,12.071395503509583,1892800,11.96876802444458,12.203750019073487,0,0,0,-0.0001887912225120303
2016-05-24,12.322121620178224,12.342635730386338,12.139773587439477,12.139773587439477,2791200,11.97184510231018,12.210378532409669,0,0,0,0.021252310244209704
2016-05-25,12.407598495483398,12.445206977679982,12.35859260768182,12.404178752101918,2154400,11.983640718460084,12.218194370269776,0,0,0,0.00693686346718092
2016-05-26,12.441789627075195,12.462303742375816,12.379108236073352,12.417856637474484,2715200,12.005294513702392,12.224014472961425,0,0,0,0.00275566070293487
2016-05-27,12.514725685119627,12.51700551380504,12.431530197599598,12.433809156785127,2178400,12.036065673828125,12.22995361328125,0,0,0,0.005862183836135015
2016-05-31,12.535242080688477,12.545499572642782,12.461163285907512,12.523845543683722,2568800,12.064386510849,12.23548553466797,0,0,0,0.0016393803655836425
2016-06-01,12.528401374816896,12.553474272008442,12.472557748026524,12.493071857592351,2609600,12.097778558731079,12.240203704833984,0,0,0,-0.0005457178910105442
2016-06-02,12.528401374816896,12.528401374816896,12.418993080299098,12.501049518562404,2580800,12.133792161941528,12.244625549316407,0,0,0,0.0
2016-06-03,12.48509693145752,12.51928654188984,12.41557692656177,12.497633382799377,2052800,12.16758337020874,12.250095958709716,0,0,0,-0.0034565019162319244
2016-06-06,12.531821250915527,12.568290685339624,12.495351816491434,12.507888266090331,1832800,12.199950027465821,12.256159038543702,0,0,0,0.003742407424990102
2016-06-07,12.55689811706543,12.602485141872291,12.550060367669465,12.558038031798151,1531200,12.23300051689148,12.263293399810792,0,0,0,0.0020010552056086706
2016-06-08,12.597922325134276,12.610458774686013,12.543217738953985,12.576268299635842,1583200,12.260295486450195,12.267099876403808,0,0,0,0.0032670654556870016
2016-06-09,12.587665557861328,12.596783134331744,12.532961838038725,12.539799585641562,1993600,12.290952587127686,12.269014530181884,1,1,1,-0.000814163399982526
2016-06-10,12.436091423034668,12.49307497834082,12.40076102748482,12.471420949084466,1578400,12.317108297348023,12.268080005645752,1,0,1,-0.012041480934643856
2016-06-13,12.323260307312012,12.433808516363753,12.316422560607723,12.368847314173532,1771200,12.339046907424926,12.262997074127197,1,0,1,-0.00907287602547413
2016-06-14,12.335797309875488,12.371127698267092,12.253740867739976,12.293630043972426,2241600,12.353919553756715,12.259486846923828,1,0,1,0.0010173446191052982
2016-06-15,12.314144134521484,12.393920747857168,12.306166473187917,12.371127678189794,2036000,12.373920726776124,12.258141975402832,1,0,1,-0.0017553121869690047
2016-06-16,12.336938858032228,12.349475308879834,12.171686907041028,12.256022319515848,2222400,12.391699600219727,12.254540615081787,1,0,1,0.0018511009179145166
2016-06-17,12.224113464355469,12.336940669046532,12.188783066098582,12.336940669046532,1708000,12.407085180282593,12.252284107208252,1,0,1,-0.009145331348003105
2016-06-20,12.314144134521484,12.420133560524532,12.302746730187923,12.343774951189095,1579200,12.419393587112427,12.251759796142577,1,0,1,0.007365006094596449
2016-06-21,12.377032279968262,12.401043046224906,12.332440732302242,12.340444321054456,1912800,12.434960317611694,12.25299467086792,1,0,1,0.005106984680362636
2016-06-22,12.322148323059082,12.423909470306151,12.309572004342687,12.382747912773253,9171200,12.434961652755737,12.251992244720459,1,0,1,-0.004434338997241438
2016-06-23,12.513092041015623,12.513092041015623,12.36330937356474,12.4067581671374,2180800,12.440236330032349,12.250933799743652,1,0,1,0.015495976265698541
2016-06-24,11.969989776611328,12.214671887784103,11.945979013065472,12.040878448320328,5963200,12.416646337509155,12.239378013610839,1,0,1,-0.0434027227342455
2016-06-27,11.655562400817873,11.87166015730181,11.600680029370436,11.87166015730181,5035200,12.373688173294067,12.222787322998046,1,0,1,-0.02626797362916955
2016-06-28,11.894527435302734,11.894527435302734,11.766470021046157,11.784763563514648,3574400,12.341652441024781,12.209699516296388,1,0,1,0.020502231146571903
2016-06-29,12.092329025268556,12.117483403984208,11.9768479558583,11.988281526458453,2067200,12.319848823547364,12.202117671966553,1,0,1,0.01662962997409645
2016-06-30,12.244400024414062,12.244400024414062,12.091188223560003,12.117486227160333,3306400,12.305648756027221,12.196961841583253,1,0,1,0.012575823799346963
2016-07-01,12.25240421295166,12.309572950326778,12.216959002597608,12.23067981360489,3220000,12.294014120101929,12.192148456573486,1,0,1,0.0006537019798142918
2016-07-05,12.15293025970459,12.196378185943088,12.096905141494949,12.18494461296724,2516000,12.275069570541381,12.18908369064331,1,0,1,-0.008118729313706385
2016-07-06,12.219243049621582,12.226103017170937,12.053453231133217,12.099188383555024,2083200,12.25818681716919,12.187823867797851,1,0,1,0.00545652682109643
2016-07-07,12.258121490478516,12.30728664323292,12.212386322653945,12.235254342729116,2324800,12.241196775436402,12.187774696350097,1,0,1,0.003181738893240027
2016-07-08,12.479936599731444,12.483366584692147,12.331297521045329,12.345018333213917,2088800,12.235810327529908,12.193939704895019,1,0,1,0.018095359017711088
2016-07-11,12.556540489196776,12.5896984590369,12.521096153858483,12.521096153858483,1963200,12.241832780838013,12.204896240234374,1,0,1,0.006138163351485426
2016-07-12,12.681169509887695,12.714326609308438,12.622857154587026,12.64000794994907,2288800,12.259728240966798,12.22053358078003,1,0,1,0.00992542657734008
2016-07-13,12.672024726867676,12.726906235734182,12.667451122407824,12.71089905628763,10911200,12.276539611816407,12.234597568511964,1,0,1,-0.0007211308872488997
2016-07-14,12.763490676879885,12.78750143942371,12.724616358187667,12.748627120731497,2484000,12.299006938934326,12.252656173706054,1,0,1,0.007217942829473856
2016-07-15,12.741769790649414,12.798938533970956,12.7143281657805,12.797794914853302,1996800,12.319248485565186,12.271328983306885,1,0,1,-0.0017017982603940718
2016-07-18,12.83094882965088,12.85152960562583,12.74748210699538,12.765776517784456,2357600,12.349590253829955,12.291762504577637,1,0,1,0.006998952301501493
2016-07-19,12.811513900756836,12.842384633925894,12.788645883293023,12.811513900756836,2008000,12.374458742141723,12.310303020477296,1,0,1,-0.00151469148167227
2016-07-20,12.985302925109863,13.015030903530226,12.90069346441776,12.902979829376818,2119200,12.404872274398803,12.332091312408448,1,0,1,0.013565065432490364
2016-07-21,12.90870189666748,13.012748551713567,12.881261145229336,13.000171358903218,1824000,12.434199953079224,12.349224891662598,1,0,1,-0.005899055946878118
2016-07-22,12.981876373291016,12.98416273885448,12.859535315992614,12.917847669606068,2045600,12.457639169692992,12.369371948242188,1,0,1,0.005668616194663745
2016-07-25,12.97844696044922,13.002457725388684,12.94528898820166,12.980733326113391,11788000,12.508062028884888,12.390681343078613,1,0,1,-0.00026416927285266567
2016-07-26,13.037903785705566,13.06420179210907,12.962441496258924,12.994455853740885,2994400,12.577179098129273,12.413749656677247,1,0,1,0.004581197229339917
2016-07-27,13.13737678527832,13.183111952296343,13.079064425522194,13.169391140493213,2643200,12.639321565628052,12.435730304718017,1,0,1,0.0076295239792929515
2016-07-28,13.169390678405762,13.195688682024253,13.108791954971611,13.165960693656768,5076800,12.693174648284913,12.460835704803467,1,0,1,0.002436855823707118
2016-07-29,13.171677589416504,13.2128391527599,13.1385204872531,13.20597918297792,3302400,12.739538526535034,12.484642028808594,1,0,1,0.00017365351720433075
2016-08-01,13.229989051818848,13.253999816752282,13.168246710993284,13.19225747592672,3925600,12.788417768478393,12.510913772583008,1,0,1,0.004427033838817707
2016-08-02,13.106505393981934,13.226560100352875,13.043620301575157,13.213982907406368,2784800,12.83609652519226,12.531684360504151,1,0,1,-0.0093336175376455
2016-08-03,13.15681266784668,13.159099033428571,13.084780375620552,13.089353979110005,1892000,12.882975006103516,12.553506660461426,1,0,1,0.0038383438111462276
2016-08-04,13.232276916503906,13.245996855786688,13.160243745966326,13.165960968884647,1828000,12.931682777404784,12.57170976638794,1,0,1,0.005735754590596942
2016-08-05,13.387773513793944,13.398064339372924,13.267719697543452,13.286013238546824,1724800,12.97707462310791,12.59131326675415,1,0,1,0.011751310698168371
2016-08-08,13.39006233215332,13.420933067882885,13.360334343147477,13.40492589049337,1545600,13.018750715255738,12.610278720855712,1,0,1,0.00017096333135735442
2016-08-09,13.41292953491211,13.452948350877897,13.392348753564985,13.403783199455637,2788800,13.055338716506958,12.628242797851563,1,0,1,0.0017077741829385484
2016-08-10,13.37633991241455,13.422075073311564,13.350042783718576,13.422075073311564,5466400,13.090554475784302,12.645064754486084,1,0,1,-0.002727936682461518
2016-08-11,13.426650047302246,13.450660812951066,13.39692205883554,13.406069266413873,2104800,13.12371244430542,12.663029727935792,1,0,1,0.0037611286209169315
2016-08-12,13.416354179382324,13.430074985594104,13.382053472340974,13.40606422896754,2082400,13.157441663742066,12.680788784027099,1,0,1,-0.0007668232867952263
2016-08-15,13.492968559265137,13.524982919550666,13.414075405471587,13.440373414178069,1663200,13.190542650222778,12.700946216583253,1,0,1,0.005710521566324678
2016-08-16,13.423216819763184,13.46895197428041,13.420929582258289,13.46209113409124,2668000,13.221127796173096,12.718774127960206,1,0,1,-0.005169488033384351
2016-08-17,13.406068801879885,13.42436321640262,13.33174926945123,13.42436321640262,2596800,13.242166090011597,12.735757541656493,1,0,1,-0.0012774894508186252
2016-08-18,13.427789688110352,13.436936020653189,13.380910917404377,13.393488106016932,1434400,13.26812047958374,12.752354888916015,1,0,1,0.001620227864817636
2016-08-19,13.457524299621582,13.471245114575035,13.38206199819247,13.40721638944416,1441600,13.291902875900268,12.76975206375122,1,0,1,0.0022144084917832263
2016-08-22,13.45180606842041,13.474673217822344,13.403784531280852,13.444945225739165,1495200,13.315570831298828,12.790066356658935,1,0,1,-0.0004249095950978887
2016-08-23,13.514688491821287,13.545560096964971,13.49982493488308,13.49982493488308,2255200,13.339410066604614,12.81389492034912,1,0,1,0.004674645403080824
2016-08-24,13.4403715133667,13.514690179665026,13.409499904367475,13.513547432906366,1556000,13.354559803009034,12.835986404418945,1,0,1,-0.0054989782783053665
2016-08-25,13.467812538146973,13.4883933204551,13.403783825333146,13.416360146213758,1676800,13.369480895996094,12.859059772491456,1,0,1,0.002041686478158944
2016-08-26,13.480385780334473,13.569568853422082,13.409496245978035,13.468952209586798,2000000,13.384916305541992,12.8819287109375,1,0,1,0.0009335771604992438
2016-08-29,13.516976356506348,13.556994298061568,13.476958414951127,13.486104749931105,1525600,13.399265670776368,12.907785968780518,1,0,1,0.0027143567527017076
2016-08-30,13.491823196411133,13.543274715602728,13.44723164715821,13.497540419577213,1680000,13.418531560897828,12.931339550018311,1,0,1,-0.0018608570017293324
2016-08-31,13.479244232177734,13.483817835644484,13.423219116279949,13.47352700976288,1501600,13.43465313911438,12.9533837890625,1,0,1,-0.0009323398365274072
2016-09-01,13.529556274414062,13.53184264053829,13.412931538583278,13.457523092775672,2492800,13.449517107009887,12.977531948089599,1,0,1,0.0037325566159134294
2016-09-02,13.586719512939451,13.624451081131054,13.53298077139242,13.570712339584022,2242400,13.459464406967163,12.999004497528077,1,0,1,0.004225063805935125
2016-09-06,13.645031929016112,13.645031929016112,13.575286881613328,13.61301758009009,3162400,13.472212886810302,13.032505340576172,1,0,1,0.004291868689945799
2016-09-07,13.677045822143556,13.685049408597862,13.610729893050426,13.646174222730153,10180800,13.485418701171875,13.072935009002686,1,0,1,0.0023461940795732605
2016-09-08,13.561570167541504,13.640463317164244,13.530698555808325,13.632459727515984,5200800,13.494680213928223,13.106275863647461,1,0,1,-0.008443026082072036
2016-09-09,13.242562294006348,13.49181794862826,13.242562294006348,13.466663572202815,4719200,13.485475826263428,13.129280529022218,1,0,1,-0.023522930574711443
2016-09-12,13.452948570251465,13.470098494715607,13.148810448976173,13.159100403654657,3336800,13.487305545806885,13.153451499938965,1,0,1,0.015887127549351954
2016-09-13,13.358046531677246,13.452946839019866,13.299734179025972,13.404924439722883,7467200,13.48055944442749,13.175564346313477,1,0,1,-0.007054367158146668
2016-09-14,13.42550277709961,13.496392308064088,13.36833405377114,13.36833405377114,4340800,13.48067374229431,13.201015796661377,1,0,1,0.005049858544989849
2016-09-15,13.647320747375488,13.6656142893125,13.432366613742929,13.446086552114265,2824000,13.492736339569092,13.229577350616456,1,0,1,0.016522135070743182
2016-09-16,13.597009658813477,13.651892019904812,13.53755456726294,13.651892019904812,1879200,13.501197338104248,13.256355113983155,1,0,1,-0.0036865176317987247
2016-09-19,13.582148551940918,13.722783155534936,13.554707802612326,13.64160365420715,1714400,13.507428550720215,13.278399353027345,1,0,1,-0.0010929687663291388
2016-09-20,13.579051971435549,13.665096994467474,13.565284452644152,13.634120296010646,2360000,13.513790845870972,13.29884958267212,1,0,1,-0.0002279890028832332
2016-09-21,13.732783317565918,13.745403322455402,13.58363915796446,13.638707474486656,2707200,13.524695587158202,13.319881858825683,1,0,1,0.011321213473057812
2016-09-22,13.826858520507812,13.840626036648526,13.794735191474553,13.808502707615265,7397600,13.544019937515259,13.342978534698487,1,0,1,0.006850410493374648
2016-09-23,13.702953338623049,13.802764978374968,13.67771333192417,13.802764978374968,11072800,13.555776977539063,13.36176778793335,1,0,1,-0.008961195466127725
2016-09-26,13.61575984954834,13.662797324323856,13.582489013587638,13.631821511695584,3640000,13.562545680999756,13.379247589111328,1,0,1,-0.0063631165428365
2016-09-27,13.770645141601562,13.771792653640958,13.611175104639496,13.62723677201012,2636800,13.575229120254516,13.398041515350341,1,0,1,0.011375442411196701
2016-09-28,13.81424045562744,13.821123776580496,13.728195442533726,13.78211624882454,1854400,13.591349983215332,13.418096046447754,1,0,1,0.0031658149329674146
2016-09-29,13.732783317565918,13.83030169631104,13.68689334556246,13.803914174643454,2257600,13.604026937484742,13.433045654296874,1,0,1,-0.005896606355099254
2016-09-30,13.809653282165527,13.850954964452514,13.73737490051567,13.764909938903836,3331200,13.618031787872315,13.451064682006836,1,0,1,0.005597551699609404
2016-10-03,13.76949691772461,13.81538776868051,13.73622694795914,13.787853608225042,3120000,13.627170658111572,13.466817092895507,1,0,1,-0.0029078474035824087
2016-10-04,13.740814208984377,13.844068397024133,13.692629212997526,13.805061745595289,2856000,13.631959772109985,13.48206443786621,1,0,1,-0.002083061488129645
2016-10-05,13.811945915222168,13.857836765537437,13.762613404309906,13.771791749431994,8971200,13.638704776763916,13.497545280456542,1,0,1,0.005176673314692071
2016-10-06,13.832594871520996,13.846362387330403,13.74769737893392,13.815385695582997,2516800,13.65225601196289,13.511449642181397,1,0,1,0.0014950070341697153
2016-10-07,13.787850379943848,13.861275374163522,13.723603728825376,13.844066199672511,2225600,13.679520416259766,13.523818836212158,1,0,1,-0.0032347142378376104
2016-10-10,13.876190185546877,13.922081027941688,13.787851036055253,13.787851036055253,2013600,13.700682497024536,13.537909088134766,1,0,1,0.006407076024811609
2016-10-11,13.692626953125,13.901429443235068,13.631821962230113,13.883073632443674,2281600,13.717411518096924,13.547161846160888,1,0,1,-0.013228647774882196
2016-10-12,13.697216033935549,13.738517702061374,13.61805435747855,13.702952717123283,1602400,13.73099718093872,13.558976058959962,1,0,1,0.00033514977266668744
2016-10-13,13.608880043029783,13.647886696800548,13.480385837388418,13.605437507142511,1905600,13.729075145721435,13.568017406463623,1,0,1,-0.006449193083244653
2016-10-14,13.659357070922852,13.75458041723878,13.642148770632648,13.663946242765247,3529600,13.732192516326904,13.576559009552001,1,0,1,0.0037091243168774213
2016-10-17,13.623794555664062,13.682305413154198,13.614616210313612,13.654770377102846,2007200,13.73427481651306,13.581279430389404,1,0,1,-0.002603527755672519
2016-10-18,13.7098388671875,13.766054697794582,13.68804051692765,13.724753021141789,3046400,13.740814161300658,13.587674961090087,1,0,1,0.0063157375995268605
2016-10-19,13.723603248596191,13.744254082203778,13.690332412489806,13.697215731927352,1781600,13.740355157852173,13.59388843536377,1,0,1,0.0010039783502950872
2016-10-20,13.689187049865724,13.717868719084793,13.619203706947587,13.715574570677104,5438400,13.733471584320068,13.600145378112792,1,0,1,-0.002507810675304034
2016-10-21,13.759169578552246,13.76490626217461,13.660504572253776,13.714426247241898,3087200,13.736282396316529,13.606795768737793,1,0,1,0.005112248699034927
2016-10-24,13.91749095916748,13.927816813805928,13.836035134931786,13.836035134931786,1892800,13.751368951797485,13.616818504333496,1,0,1,0.01150660871728948
2016-10-25,13.86586570739746,13.930112363898523,13.833742379146932,13.930112363898523,2868000,13.75612998008728,13.624276447296143,1,0,1,-0.0037093792208297005
2016-10-26,13.795886993408203,13.868164506209132,13.748848621771243,13.769499464756558,3596800,13.755212306976318,13.631729850769043,1,0,1,-0.005046833386819993
2016-10-27,13.727044105529783,13.855537395755825,13.714424103769028,13.852095736238326,2659200,13.754925346374511,13.63814935684204,1,0,1,-0.004990102333493507
2016-10-28,13.733931541442873,13.873898239076793,13.698366548707916,13.766054873628658,3728800,13.751139259338379,13.64427219390869,1,0,1,0.0005017420983091103
2016-10-31,13.73508071899414,13.783265723116042,13.731639058027612,13.767204055075409,4361600,13.749418449401855,13.649823322296143,1,0,1,8.367433227696175e-05
2016-11-01,13.623794555664062,13.77179209208312,13.517098698026844,13.748846228706991,2857600,13.74356746673584,13.653263092041016,1,0,1,-0.008102330492763765
2016-11-02,13.518243789672852,13.654767932312565,13.48497295020577,13.614613772712648,2848800,13.728882360458375,13.653334197998047,1,0,1,-0.007747530657479573
2016-11-03,13.414990425109863,13.520538758260544,13.392045439744962,13.48267874464288,2418400,13.708002138137818,13.65282657623291,1,0,1,-0.007638075342439654
2016-11-04,13.377131462097168,13.494153172415963,13.347302278544024,13.405813133703422,8287200,13.687466192245484,13.651012954711915,1,0,1,-0.00282213865332559
2016-11-07,13.684599876403809,13.691483197927274,13.57216820680955,13.577904016314037,2650400,13.67788667678833,13.655097236633301,1,0,1,0.02298462978986371
2016-11-08,13.75228786468506,13.811945354968406,13.634118645445604,13.681157005816912,2680000,13.680869722366333,13.659803466796875,1,0,1,0.004946289178536123
2016-11-09,13.732783317565918,13.763760011492874,13.46547081699485,13.471206625847728,4896000,13.682648086547852,13.664622669219971,1,0,1,-0.00141827653049853
2016-11-10,13.54348373413086,13.841772900862903,13.359920362023422,13.806207037987196,5016000,13.679378271102905,13.665907459259033,1,0,1,-0.013784502315195013
2016-11-11,13.62608814239502,13.638708147907623,13.481533147915425,13.526276485534607,15759200,13.677714824676514,13.667838096618652,1,0,1,0.006099199429463686
2016-11-14,13.43678855895996,13.637560241223827,13.365657704994536,13.636412729385414,3823200,13.668364524841309,13.664839477539063,1,0,1,-0.013892437907112143
2016-11-15,13.61690902709961,13.666241531242864,13.519390655324653,13.522833190744452,5705600,13.663718032836915,13.664277019500732,0,-1,0,0.013405023629663448
2016-11-16,13.73508071899414,13.73966989204793,13.566432329272224,13.56987399023875,4983200,13.664291906356812,13.665437717437744,0,0,0,0.008678305161571753
2016-11-17,13.844073295593262,13.844073295593262,13.705254067390513,13.743114095617289,3223200,13.67203621864319,13.671087779998778,1,1,1,0.007935342997176242
2016-11-18,13.811945915222168,13.888812586205525,13.79359010027316,13.857836765537437,2699200,13.674675035476685,13.682475452423096,0,-1,0,-0.002320659511483525
2016-11-21,13.947321891784668,13.956500235886445,13.834889364775586,13.856687713193535,2871200,13.676166582107545,13.69236291885376,0,0,0,0.009801368858047832
2016-11-22,13.965680122375488,13.993214282426656,13.932409277803378,13.993214282426656,3548800,13.681157302856445,13.704515590667725,0,0,0,0.0013162548862970525
2016-11-23,13.91634464263916,13.96797129113316,13.860127947271495,13.945026308534713,2254400,13.687180185317994,13.714332427978515,0,0,0,-0.003532622779844674
2016-11-25,13.953058242797852,13.96108907487155,13.90487237506062,13.915198230752544,1176800,13.698480892181397,13.720447177886962,0,0,0,0.0026381640510828586
2016-11-28,13.943881034851074,14.016158529402423,13.927819369395218,13.94732269526374,2569600,13.708978366851806,13.727384605407714,0,0,0,-0.0006577201776903907
2016-11-29,13.961089134216309,14.026483302892974,13.904872434166418,13.942732446372656,1882400,13.720278787612916,13.734963417053223,0,0,0,0.0012340968287254395
2016-11-30,13.80735683441162,13.984036040357593,13.806209322439942,13.982888528385915,4689600,13.729456901550293,13.739529514312744,0,0,0,-0.011011483296666125
2016-12-01,13.472355842590332,13.82456676158743,13.437937483937173,13.80850509429468,5433600,13.727162504196167,13.734320964813232,0,0,0,-0.024262499755664746
2016-12-02,13.522835731506348,13.554959065766331,13.410403186301185,13.460883211735569,3889600,13.73255476951599,13.728240509033203,1,1,1,0.003746923663969115
2016-12-05,13.674274444580078,13.715576122953513,13.552663558127112,13.599701921111649,3611200,13.747411918640136,13.727666931152344,1,0,1,0.011198739382813017
2016-12-06,13.717867851257324,13.744255370399362,13.645590364503956,13.712131167658397,3047200,13.749075317382813,13.729709091186523,1,0,1,0.003187986818161681
2016-12-07,13.959942817687988,13.978298631808258,13.704101929555437,13.722458618970837,3448800,13.759458065032959,13.733495044708253,1,0,1,0.017646690364383044
2016-12-08,14.039103507995604,14.083846841136394,13.95650016210644,13.974855974917883,3229600,13.774774074554443,13.737992305755615,1,0,1,0.005670559782473772
2016-12-09,14.11367416381836,14.120558359026578,14.054016682215492,14.079256688957283,3878400,13.803283596038819,13.745610122680665,1,0,1,0.005311639434831816
2016-12-12,14.04483699798584,14.08499115247121,13.985179522078278,14.062046171420976,3736000,13.82422103881836,13.75031379699707,1,0,1,-0.004877338461517722
2016-12-13,14.205459594726562,14.283473783737904,14.084996212697426,14.084996212697426,4452000,13.86265459060669,13.75903305053711,1,0,1,0.011436415870384131
2016-12-14,14.163203239440918,14.271425040664305,14.139026196727183,14.213860402288743,4297600,13.889969301223754,13.76748083114624,1,0,1,-0.0029746559767296343
2016-12-15,14.22537326812744,14.302510551726645,14.16550643021912,14.185078196615429,3705600,13.91448392868042,13.775749378204345,1,0,1,0.0043895457570921614
2016-12-16,14.12521266937256,14.25991372594008,14.09988408539574,14.256459987828103,3347200,13.928540897369384,13.781601734161377,1,0,1,-0.007040982114634109
2016-12-19,14.208106994628906,14.26336856542111,14.122910682243443,14.165508838436176,3508800,13.948348951339721,13.790006866455078,1,0,1,0.005868536438823568
2016-12-20,14.25645923614502,14.27948474125531,14.213861085487595,14.248400221519748,3043200,13.96380581855774,13.797612247467042,1,0,1,0.003403144524065871
2016-12-21,14.215011596679688,14.26106348193799,14.193136753549496,14.26106348193799,2960000,13.97627239227295,13.808059940338135,1,0,1,-0.0029072884633407625
2016-12-22,14.160903930664062,14.238040351023049,14.118305773359754,14.238040351023049,2916800,13.988500356674194,13.817333698272705,1,0,1,-0.0038063750878869484
2016-12-23,14.180476188659668,14.18162772764449,14.130970552714963,14.141332646844589,1778400,13.999871253967285,13.828765621185303,1,0,1,0.0013821333787331636
2016-12-27,14.25185489654541,14.316327017786804,14.190836513460985,14.20004618909063,2497600,14.015269947052001,13.840615577697754,1,0,1,0.005033590334774907
2016-12-28,14.109095573425291,14.285243255732626,14.103338757279676,14.280637978489496,2376800,14.022670269012451,13.850321598052979,1,0,1,-0.010016894232814821
2016-12-29,14.11715316772461,14.156296702800098,14.065344462730495,14.098732060606686,2029600,14.0381600856781,13.858467884063721,1,0,1,0.0005710921906643129
2016-12-30,13.988207817077637,14.144783711472288,13.953668680997424,14.1367246968358,3452000,14.063952684402466,13.86375997543335,1,0,1,-0.009133948545785753
2017-01-03,14.098732948303224,14.173567163539785,14.014689057294566,14.079161179533184,3480000,14.09274754524231,13.871950893402099,1,0,1,0.007901307492061527
2017-01-04,14.183930397033691,14.20465370761243,14.116004526916496,14.116004526916496,3580800,14.11823034286499,13.880446109771729,1,0,1,0.00604291527776768
2017-01-05,14.194290161132812,14.247249528724462,14.145936070510016,14.16550783885256,4635200,14.142051458358765,13.885982093811036,1,0,1,0.0007303874038528946
2017-01-06,14.324385643005373,14.355471042305393,14.172415019668463,14.202348880158585,3136000,14.160273599624634,13.895152492523193,1,0,1,0.009165339048006205
2017-01-09,14.349711418151855,14.388855824726477,14.32898811546331,14.339350205990872,2568000,14.175803995132446,13.906228981018067,1,0,1,0.001768018243689884
2017-01-10,14.34856128692627,14.406125924666531,14.31056929357636,14.350864364321213,2578400,14.187548351287841,13.918659324645995,1,0,1,-8.015012930018273e-05
2017-01-11,14.436063766479492,14.436063766479492,14.324388197903094,14.350868325053264,3677600,14.207109689712524,13.932701969146729,1,0,1,0.00609834517924468
2017-01-12,14.392312049865724,14.446422953926067,14.240341430003363,14.392312049865724,2613600,14.216452312469482,13.94584659576416,1,0,1,-0.003030723424439219
2017-01-13,14.448722839355469,14.47174834113928,14.391158206529353,14.398065681391175,2994400,14.23072829246521,13.962345161437987,1,0,1,0.003919508505255909
2017-01-17,14.36813259124756,14.416486671631551,14.328988184484384,14.41188139563785,2832800,14.237866258621215,13.979342937469482,1,0,1,-0.005577672781458376
2017-01-18,14.423398971557615,14.433761065601566,14.358926842810831,14.396919723693848,4045600,14.252775573730469,13.999511108398437,1,0,1,0.0038464553385122446
2017-01-19,14.381951332092283,14.472903580619032,14.364681762155111,14.410733655865302,2520000,14.261467790603637,14.01960750579834,1,0,1,-0.0028736388383254763
2017-01-20,14.45909023284912,14.493629378656768,14.418795148318177,14.452182755034377,2749600,14.271599340438843,14.035097312927245,1,0,1,0.005363590723930889
2017-01-23,14.465994834899902,14.480961325736818,14.373891055559724,14.445271528466698,20626400,14.284148502349854,14.049371452331544,1,0,1,0.0004775267281407203
2017-01-24,14.620269775390623,14.646749901260238,14.485568703223947,14.49247618024782,3411200,14.307116794586182,14.067121181488037,1,0,1,0.010664661660083397
2017-01-25,14.776847839355469,14.78260289954556,14.71467702735078,14.726190661198723,3676800,14.336935377120971,14.091788463592529,1,0,1,0.010709656276548518
2017-01-26,14.740004539489746,14.804476668166432,14.6951041815375,14.797569191055896,5856800,14.361342859268188,14.114066791534423,1,0,1,-0.002493312529590841
2017-01-27,14.781450271606444,14.80562819677576,14.750364869741226,14.7849040099544,2686400,14.394960594177245,14.140960025787354,1,0,1,0.002811785573448189
2017-01-30,14.661713600158691,14.735396268927694,14.571912902494386,14.735396268927694,3616000,14.42218861579895,14.161856117248535,1,0,1,-0.00810046844170309
2017-01-31,14.591486930847168,14.616815516856066,14.51319897335004,14.600697485462554,4251200,14.452352571487427,14.178984241485596,1,0,1,-0.0047897995573152885
2017-02-01,14.696255683898926,14.746911979861464,14.62142146137599,14.733097025674804,5345600,14.482228708267211,14.19602788925171,1,0,1,0.007180128628993421
2017-02-02,14.703163146972656,14.738853828110198,14.604151876350604,14.667473344201987,3100800,14.50819034576416,14.213852233886719,1,0,1,0.00047001516728495396
2017-02-03,14.820592880249023,14.837863327638171,14.769935712014512,14.781449343607278,2831200,14.53950548171997,14.231317653656006,1,0,1,0.007986698651340607
2017-02-06,14.841315269470217,14.841315269470217,14.769933924354984,14.806776135605856,3104000,14.565351963043213,14.2488303565979,1,0,1,0.0013982159410645956
2017-02-07,14.894278526306152,14.928817671241385,14.856285642550786,14.868949937135907,3644800,14.592580318450928,14.268389034271241,1,0,1,0.003568636328673991
2017-02-08,14.919604301452637,14.94838662401431,14.845921625964095,14.89427571705968,2770400,14.621132469177246,14.287719955444336,1,0,1,0.00170036938021223
2017-02-09,14.992133140563965,15.024369194465542,14.919601140918823,14.919601140918823,3020000,14.64893593788147,14.308684997558593,1,0,1,0.004861311174604532
2017-02-10,15.027826309204102,15.054305554417,14.977169139764769,15.02897696969733,3051200,14.680711650848389,14.330019741058349,1,0,1,0.002380793200372766
2017-02-13,15.1107177734375,15.136046355196408,15.0784817160595,15.0784817160595,3945600,14.71381139755249,14.356086959838867,1,0,1,0.005515865204180015
2017-02-14,15.164833068847656,15.167136146965804,15.06121739107144,15.100360935410553,4742400,14.753646421432496,14.389936504364014,1,0,1,0.0035812524740077567
2017-02-15,15.231606483459473,15.243118359224344,15.15101632617069,15.176344912280548,3335200,14.794056797027588,14.424111919403076,1,0,1,0.004403175050372576
2017-02-16,15.25232982635498,15.29492886376116,15.210883206307802,15.260389720932883,3728800,14.837575721740723,14.455673027038575,1,0,1,0.0013605487325327736
2017-02-17,15.29723072052002,15.29723072052002,15.210883738793472,15.233911005974292,2294400,14.879482746124268,14.487260284423828,1,0,1,0.0029438711774678605
2017-02-21,15.388182640075684,15.392787039107008,15.328314912266269,15.338676127637022,4192000,14.925592136383056,14.515825080871583,1,0,1,0.0059456460595614935
2017-02-22,15.407753944396973,15.410057022209854,15.338675663879757,15.372064143598749,3135200,14.964966344833375,14.54319808959961,1,0,1,0.0012718398773301498
2017-02-23,15.372062683105469,15.431928646683325,15.300681331557286,15.431928646683325,2711200,14.994727087020873,14.568365859985352,1,0,1,-0.002316448031316254
2017-02-24,15.403145790100098,15.403145790100098,15.24656989708044,15.271898479534608,3644000,15.027884149551392,14.595532035827636,1,0,1,0.002022051798473923
2017-02-27,15.406598091125488,15.410051828313916,15.351334782644532,15.390478308602084,4453600,15.059141540527344,14.619554805755616,1,0,1,0.00022412960783690927
2017-02-28,15.312200546264648,15.39164006325882,15.29493184984597,15.39164006325882,4611200,15.091665887832642,14.64253475189209,1,0,1,-0.006127085570903246
2017-03-01,15.52748680114746,15.550514064565448,15.387028926618797,15.393938159684325,3111200,15.138465881347656,14.66857702255249,1,0,1,0.014059785478405917
2017-03-02,15.412353515625,15.520575301394256,15.404295380904468,15.520575301394256,2685600,15.17427077293396,14.694319839477538,1,0,1,-0.007414804919618434
2017-03-03,15.438837051391602,15.439987711760178,15.36169888836236,15.410054731576729,2445600,15.211054468154908,14.718934440612793,1,0,1,0.001718331709673837
2017-03-06,15.410057067871094,15.434233236410202,15.344432525511923,15.377821005329848,3236000,15.240527677536011,14.742006397247314,1,0,1,-0.0018641289771184066
2017-03-07,15.422719955444336,15.479132181384347,15.382424002572762,15.39163455627865,4864000,15.269597911834717,14.766160564422607,1,0,1,0.0008217287916243432
2017-03-08,15.44113826751709,15.488341693309698,15.419263423528642,15.433080131524878,2524800,15.296940898895263,14.791765251159667,1,0,1,0.0011942324133462634
2017-03-09,15.431929588317873,15.451503113961556,15.35133943494289,15.442292559756758,2770400,15.322557163238525,14.816794319152832,1,0,1,-0.0005963730807714285
2017-03-10,15.511367797851562,15.536696380635782,15.445745020080407,15.511367797851562,2215200,15.348518896102906,14.841984577178955,1,0,1,0.005147652409833725
2017-03-13,15.53209114074707,15.542452354033756,15.502156404496626,15.50791321967812,2224000,15.373732137680054,14.87044448852539,1,0,1,0.0013360100260388919
2017-03-14,15.489490509033203,15.507911613012173,15.42271708139248,15.507911613012173,2187200,15.39267077445984,14.897891235351562,1,0,1,-0.0027427492748937077
2017-03-15,15.588504791259766,15.62074085115171,15.467620445031722,15.519428272948527,2779200,15.413854360580444,14.929897174835205,1,0,1,0.006392352425589332
2017-03-16,15.631098747253418,15.67139293066949,15.596559620944683,15.658728642914054,3316000,15.433828973770142,14.96054449081421,1,0,1,0.002732395220966577
2017-03-17,15.633405685424805,15.6921227482701,15.633405685424805,15.67945845596362,2272800,15.452882766723633,14.989533996582031,1,0,1,0.00014758643705659047
2017-03-20,15.65412712097168,15.693270651502106,15.610377435829871,15.650673383379775,3428800,15.470727586746216,15.018730735778808,1,0,1,0.001325458826044068
2017-03-21,15.401994705200195,15.734718249104768,15.38817975396357,15.71399582224983,4324000,15.471418190002442,15.040282917022704,1,0,1,-0.016106450000249795
2017-03-22,15.518275260925291,15.525184493551732,15.390481686704506,15.392784764246654,3051200,15.476944255828858,15.063654193878174,1,0,1,0.007549707550920992
2017-03-23,15.480281829833984,15.535543385452028,15.445742698797764,15.48143249006636,2786400,15.482355213165283,15.086288604736328,1,0,1,-0.002448302433903482
2017-03-24,15.491019248962402,15.590298522877704,15.433298781836967,15.54296731707752,3411200,15.486748886108398,15.107387714385986,1,0,1,0.0006936190985700197
2017-03-27,15.502562522888184,15.53257829360592,15.320167394088957,15.36749683912504,3182400,15.491547107696533,15.129592723846436,1,0,1,0.000745159097685244
2017-03-28,15.609925270080566,15.651484082194456,15.462160996228752,15.504873583696968,4418400,15.506433343887329,15.152816772460938,1,0,1,0.006925483902024077
2017-03-29,15.646867752075195,15.657258777744106,15.570678053269058,15.605308933867596,3664000,15.512402391433715,15.17839147567749,1,0,1,0.002366602104459492
2017-03-30,15.66302490234375,15.69073136032618,15.630701582108667,15.659561815282052,2733600,15.524935960769653,15.203183994293212,1,0,1,0.0010326124387682878
2017-03-31,15.65725326538086,15.701119619191672,15.626083722326516,15.652634641934208,5124800,15.535856771469117,15.228690032958985,1,0,1,-0.0003684880154934955
2017-04-03,15.611080169677734,15.695353336817924,15.521036363861253,15.663028248188905,5156000,15.545907926559448,15.251729831695556,1,0,1,-0.0029489907917129576
2017-04-04,15.601837158203123,15.612228178085982,15.55335219087381,15.556815277005306,2788000,15.554863786697387,15.27444667816162,1,0,1,-0.0005920802003543946
2017-04-05,15.545275688171388,15.729980114901052,15.521032318390825,15.6376287822806,3105600,15.560070657730103,15.292946796417237,1,0,1,-0.0036253083183858115
2017-04-06,15.552202224731444,15.597224116955138,15.50602655734415,15.560282173854262,3000800,15.566084289550782,15.308453884124756,1,0,1,0.0004455718058011815
2017-04-07,15.541815757751465,15.58799143343978,15.493330769831996,15.545278845353632,2336800,15.567606687545776,15.32449010848999,1,0,1,-0.000667845416995827
2017-04-10,15.533732414245604,15.607614544480858,15.497946005122284,15.561438873642174,2972800,15.567688751220704,15.339535751342773,1,0,1,-0.0005201029037954497
2017-04-11,15.479474067687988,15.525651497138355,15.338635990469806,15.50833430053616,3040800,15.567187929153443,15.35589096069336,1,0,1,-0.0034929368622222956
2017-04-12,15.399819374084473,15.47601081072431,15.380194627341872,15.467930861589736,2018400,15.557753658294677,15.372057609558105,1,0,1,-0.00514582687081
2017-04-13,15.342100143432615,15.487556854446304,15.33979259291639,15.385968264086134,2114400,15.543303728103638,15.384974498748779,1,0,1,-0.0037480459510447206
2017-04-17,15.487554550170898,15.491017636918937,15.382502888177283,15.382502888177283,2530400,15.536011171340942,15.400662326812744,1,0,1,0.00948073636454172
2017-04-18,15.484094619750977,15.51179931938269,15.419447971958256,15.442535808814364,2237600,15.527509546279907,15.413932361602782,1,0,1,-0.00022340069303472543
2017-04-19,15.486408233642578,15.574144514131014,15.461011074710637,15.525659509303592,2258400,15.531730222702027,15.42683422088623,1,0,1,0.00014941873893303814
2017-04-20,15.64340114593506,15.67110760567227,15.519880256104017,15.55104980312226,2336800,15.537986516952515,15.441816673278808,1,0,1,0.010137464409044394
2017-04-21,15.631858825683594,15.664182149448168,15.601843052552894,15.65032979968879,2978400,15.545565366744995,15.456061763763428,1,0,1,-0.0007378395621124856
2017-04-24,15.83965301513672,15.84888674072934,15.77846769303452,15.802711066810035,3378400,15.56299705505371,15.473012161254882,1,0,1,0.013292992968418682
2017-04-25,15.937773704528809,15.967789472157229,15.854656098231006,15.889288727769877,7231200,15.584757614135743,15.491211109161377,1,0,1,0.00619462366368273
2017-04-26,15.900840759277344,15.964331887248704,15.885832868634909,15.941244044214615,5814400,15.599303388595581,15.507013568878174,1,0,1,-0.0023173214738875236
2017-04-27,15.998955726623535,16.001265038102737,15.936618408593382,15.95855246392446,3024800,15.616907787322997,15.523696022033691,1,0,1,0.006170426383834249
2017-04-28,16.023204803466797,16.069380480574786,15.98510907718258,16.060144992855353,3768800,15.63491678237915,15.539527988433838,1,0,1,0.0015156662258217768
2017-05-01,16.166349411010742,16.18597592207249,16.053217776390312,16.079768700931126,3083200,15.660371589660645,15.557808380126954,1,0,1,0.008933581596171969
2017-05-02,16.19867706298828,16.22407245473169,16.14326413148629,16.203293926535448,4432000,15.689751434326173,15.575837306976318,1,0,1,0.0019996878179262545
2017-05-03,16.16982078552246,16.18598245413334,16.09709239602861,16.16635593515106,5076800,15.718150615692139,15.591470069885254,1,0,1,-0.00178139716926351
2017-05-04,16.19290542602539,16.217147043397475,16.138648028968646,16.179051311751923,5067200,15.750532102584838,15.607173099517823,1,0,1,0.0014276373751525018
2017-05-05,16.26793670654297,16.26793670654297,16.173276053735655,16.225224123330186,2594400,15.786318826675416,15.625090579986573,1,0,1,0.004633589744616584
2017-05-08,16.322193145751953,16.333737943434834,16.251774107459536,16.27255439099096,2988000,15.82533769607544,15.64347152709961,1,0,1,0.003335176438642229
2017-05-09,16.356828689575195,16.399541277926783,16.324505364094676,16.348746977460504,4132800,15.866492509841919,15.662476139068604,1,0,1,0.0021219908080953864
2017-05-10,16.42032241821289,16.434174769427294,16.338358563386162,16.375300515276862,3572800,15.913534927368165,15.684638576507568,1,0,1,0.0038817872243268603
2017-05-11,16.39838409423828,16.404156492907713,16.299104826185847,16.38222243485713,4152000,15.963463163375854,15.702056522369384,1,0,1,-0.001336047089445458
2017-05-12,16.44340705871582,16.44571637063207,16.385686591231696,16.40531133879763,3113600,16.018528509140015,15.722677593231202,1,0,1,0.00274557323567981
2017-05-15,16.554227828979492,16.554227828979492,16.457257875389484,16.466493360705964,3164800,16.071862173080444,15.74498540878296,1,0,1,0.006739526052475409
2017-05-16,16.64657974243164,16.64657974243164,16.532294362892642,16.585396197843053,3664000,16.129986429214476,15.76971586227417,1,0,1,0.00557875090316684
2017-05-17,16.167505264282227,16.517291198931204,16.1594235523352,16.49882022432864,20567200,16.16404128074646,15.784611568450927,1,0,1,-0.02877915376984419
2017-05-18,16.246004104614258,16.30257080322085,16.080924394633392,16.13287246889014,6358400,16.19417142868042,15.80070888519287,1,0,1,0.004855346514434311
2017-05-19,16.33835220336914,16.39722643460165,16.31988123461397,16.3233443210695,3265600,16.2294960975647,15.818837337493896,1,0,1,0.005684357714070387
2017-05-22,16.505741119384766,16.513822828746523,16.385683345851763,16.387992657310626,3655200,16.2628005027771,15.83872480392456,1,0,1,0.01024515287295058
2017-05-23,16.519601821899414,16.56924058840723,16.473424381728996,16.561160637308173,3413600,16.29189190864563,15.858475017547608,1,0,1,0.0008397503883281754
2017-05-24,16.600406646728516,16.61194968322493,16.53691378078723,16.568083326156383,2850400,16.32687020301819,15.880693340301514,1,0,1,0.004891451119722667
2017-05-25,16.734315872192383,16.770102274129822,16.63503661448437,16.673130566458138,3344000,16.36363821029663,15.903609561920167,1,0,1,0.008066623204694645
2017-05-26,16.734315872192383,16.740086508771782,16.676595414489782,16.735469647210547,2774400,16.39919376373291,15.925673904418945,1,0,1,0.0
2017-05-30,16.775876998901367,16.78857381032787,16.715847221348128,16.725082707240073,2624000,16.429670143127442,15.948523330688477,1,0,1,0.0024835868419363916
2017-05-31,16.729703903198242,16.835909376234454,16.666211022174075,16.827829424916438,4096000,16.456221485137938,15.970034866333007,1,0,1,-0.002752350634553924
2017-06-01,16.81166648864746,16.81166648864746,16.690453136135257,16.781650713622277,2329600,16.48831377029419,15.998228302001953,1,0,1,0.004899225110227334
2017-06-02,16.96520233154297,16.975591594006634,16.808202573298818,16.867076822081977,2533600,16.526928615570068,16.027166843414307,1,0,1,0.00913269621421442
2017-06-05,16.983665466308594,17.035615283013563,16.945569756086215,16.966350035065886,2682400,16.56271505355835,16.057234516143797,1,0,1,0.0010882944043228981
2017-06-06,16.955968856811523,17.03908648936368,16.929416167600927,16.964048808079202,2756000,16.59440383911133,16.086533508300782,1,0,1,-0.0016307792656428122
2017-06-07,16.99290657043457,17.028692981164582,16.909788950002085,17.002142057314735,3537600,16.626207733154295,16.116340389251707,1,0,1,0.002178449013145567
2017-06-08,17.06101417541504,17.071405197789137,16.946728782699083,17.035618791524996,3068800,16.658242321014406,16.1453621673584,1,0,1,0.004008002085938989
2017-06-09,16.58771324157715,17.11527755788052,16.342978949142363,17.087572852466415,14231200,16.667708778381346,16.164179077148436,1,0,1,-0.027741664649685305
2017-06-12,16.46187973022461,16.501129229407727,16.1628863390639,16.42378400637427,10732000,16.668632411956786,16.180156173706056,1,0,1,-0.007585946870430349
2017-06-13,16.605022430419922,16.66274289361923,16.46880298278415,16.581934597437947,4241600,16.67117214202881,16.199111557006837,1,0,1,0.008695404324482903
2017-06-14,16.50920867919922,16.683525631061908,16.376452298903306,16.68121631897731,3848800,16.664303588867188,16.217074127197264,1,0,1,-0.00577016692522947
2017-06-15,16.43186378479004,16.451488534176306,16.22753457921531,16.32104146337477,4173600,16.67752151489258,16.233674659729004,1,0,1,-0.0046849546766363215
2017-06-16,16.405315399169922,16.444564904016186,16.329123940475895,16.415704663131113,5252800,16.685487079620362,16.250875453948975,1,0,1,-0.0016156649037397663
2017-06-19,16.669673919677734,16.67775563239271,16.525372719675367,16.54384369603309,3422400,16.702053165435792,16.2732248878479,1,0,1,0.01611419921382251
2017-06-20,16.531139373779297,16.683522233528635,16.528830062164978,16.661588176914233,4712000,16.703323078155517,16.293011360168457,1,0,1,-0.00831057323412332
2017-06-21,16.643123626708984,16.647742251719155,16.55307981539321,16.57963074398906,2194400,16.709499168395997,16.315199184417725,1,0,1,0.006774140027353992
2017-06-22,16.668514251708984,16.715845451335078,16.591169047228817,16.7043006548204,2057600,16.71290454864502,16.338979988098146,1,0,1,0.001525592525146724
2017-06-23,16.778181076049805,16.831284668563452,16.621181371364468,16.650041598244208,3786400,16.71509780883789,16.366547222137452,1,0,1,0.006579280113677477
2017-06-26,16.688142776489258,16.92133397929267,16.67313488991859,16.884392031269183,3438400,16.712789154052736,16.393468074798584,1,0,1,-0.005366392170428558
2017-06-27,16.407617568969727,16.644270032014532,16.407617568969727,16.63388077257607,4551200,16.69437618255615,16.41186933517456,1,0,1,-0.016809851837721768
2017-06-28,16.621335983276367,16.64680412006012,16.358533853505346,16.46620063582457,4972800,16.68895778656006,16.43461416244507,1,0,1,0.013025560439123618
2017-06-29,16.3272762298584,16.550716440780203,16.179088653992594,16.550716440780203,5286400,16.664738273620607,16.451431522369386,1,0,1,-0.01769170382656593
2017-06-30,16.305280685424805,16.42105234908139,16.2890727231743,16.38400633530969,3128800,16.631742191314697,16.46466911315918,1,0,1,-0.0013471655727468335
2017-07-03,16.173297882080078,16.40600001089535,16.152459834652767,16.390949132285595,3362400,16.591223812103273,16.47549789428711,1,0,1,-0.008094482142997128
2017-07-05,16.34001350402832,16.372429430446115,16.183721042236062,16.226557761566042,3208800,16.560426044464112,16.48550510406494,1,0,1,0.01030807836248182
2017-07-06,16.192977905273438,16.278649550507623,16.142038103595542,16.22192081381452,3064800,16.520429611206055,16.490609188079834,1,0,1,-0.008998499219026623
2017-07-07,16.404844284057617,16.460414187634733,16.24508059045649,16.24508059045649,2451200,16.487621116638184,16.500689258575438,0,-1,0,0.013083842886933317
2017-07-10,16.524089813232422,16.566926531984492,16.378218146320297,16.407161063555396,3103200,16.48443994522095,16.51119194030762,0,0,0,0.007268921734946865
2017-07-11,16.587764739990234,16.605129783879924,16.461574043630506,16.50904085230965,2880000,16.49073419570923,16.522483139038087,0,0,0,0.0038534604615150236
2017-07-12,16.814678192138672,16.827413146655644,16.69774767342769,16.717428645583826,4400000,16.501216983795167,16.535449714660643,0,0,0,0.013679567784162572
2017-07-13,16.855194091796875,16.90960690859472,16.8088861384322,16.84130205909451,2991200,16.518516254425048,16.548580055236815,0,0,0,0.002409555460725077
2017-07-14,16.992965698242188,17.013805517584085,16.88992898189439,16.920028980348796,2996800,16.546571350097658,16.56504295349121,0,0,0,0.008173836841924187
2017-07-17,17.00338363647461,17.045061505955633,16.96054868631245,17.017277437325212,6020000,16.576474761962892,16.581252517700197,0,0,0,0.0006130735751146421
2017-07-18,17.084426879882812,17.084426879882812,16.914242376786163,16.981388393546982,2869600,16.597212409973146,16.597582321166993,0,0,0,0.004766300939911483
2017-07-19,17.187458038330078,17.207139004672563,17.10525939863148,17.117994349386613,2722400,16.630028343200685,16.614887619018553,1,1,1,0.006030706161327837
2017-07-20,17.203670501708984,17.23377049931426,17.112209895099703,17.23377049931426,2308800,16.658055686950682,16.63182445526123,1,0,1,0.0009432728995033557
2017-07-21,17.166622161865234,17.182830124131026,17.10526332139221,17.13652216523888,5376800,16.682961082458498,16.646750450134277,1,0,1,-0.002153513684191366
2017-07-24,17.23492431640625,17.251132276129997,17.137676558063763,17.171251324549818,2801600,16.70579824447632,16.663481254577636,1,0,1,0.003978776598971612
2017-07-25,17.214088439941406,17.246504363478643,17.12262783911215,17.179356588569984,2596000,16.732095527648926,16.678894882202147,1,0,1,-0.0012089334471292457
2017-07-26,17.24534797668457,17.275447973598673,17.187462144248318,17.266186028424624,2644000,16.773982048034668,16.69271728515625,1,0,1,0.001815927509157822
2017-07-27,17.08905792236328,17.34028225843261,16.87719553390983,17.34028225843261,4290400,16.797368144989015,16.701566848754883,1,0,1,-0.009062737065821502
2017-07-28,17.06473731994629,17.10294216930337,16.989486468098466,17.00222141788416,3172800,16.83424119949341,16.719511489868164,1,0,1,-0.0014231681188912049
2017-07-31,16.97907066345215,17.13073124275745,16.95244191196764,17.101788330171395,7762400,16.867930698394776,16.734172821044922,1,0,1,-0.005020098164300935
2017-08-01,17.069372177124023,17.072845185264278,17.002224408853873,17.045059353607094,3818400,16.91273441314697,16.74879322052002,1,0,1,0.0053184014285452275
2017-08-02,17.092519760131836,17.22681524643905,16.972118067723837,17.22681524643905,3678400,16.950359725952147,16.76052879333496,1,0,1,0.001356088716539583
2017-08-03,17.04506492614746,17.111055635456914,17.005702976665898,17.108739707094543,2108000,16.99296407699585,16.771038055419922,1,0,1,-0.0027763509798632846
2017-08-04,17.069372177124023,17.12609915443825,17.04158634546684,17.08094828207981,1963200,17.02619047164917,16.780417366027834,1,0,1,0.0014260579869822543
2017-08-07,17.173564910888672,17.179353846282396,17.087895026587773,17.095998122910938,1896800,17.05866422653198,16.78920234680176,1,0,1,0.006104075339354642
2017-08-08,17.151567459106445,17.289335990940078,17.108732518347583,17.144621443473657,2433600,17.08685436248779,16.797547378540038,1,0,1,-0.0012808902459313654
2017-08-09,17.135356903076172,17.145777691480774,17.024217136728115,17.03579323884972,2981600,17.102888298034667,16.804736976623534,1,0,1,-0.0009451355433794939
2017-08-10,16.770681381225586,17.065899443644447,16.760262356637146,17.041586619736226,4036800,17.098662662506104,16.80555652618408,1,0,1,-0.021282049969155836
2017-08-11,16.902664184570312,16.943184976558495,16.777630566289226,16.781103575141294,3209600,17.09414758682251,16.80737648010254,1,0,1,0.0078698533675845
2017-08-14,17.175884246826172,17.192092209223958,17.038115683177296,17.050850636956657,2333600,17.102772617340086,16.811590118408205,1,0,1,0.016164319380211678
2017-08-15,17.209455490112305,17.237241322749913,17.156201519059255,17.21640327317313,2092000,17.109024047851562,16.816105918884276,1,0,1,0.0019545569126862006
2017-08-16,17.26849937438965,17.33564714196011,17.20829762302731,17.249975486811213,2132000,17.11307611465454,16.82235652923584,1,0,1,0.0034308978753725405
2017-08-17,16.92581558227539,17.230295599759437,16.92581558227539,17.18977481395618,3412800,17.099183368682862,16.821014709472657,1,0,1,-0.019844445350154838
2017-08-18,16.92118263244629,17.028849405294157,16.85171894468092,16.922339712846227,2527200,17.086911392211913,16.81821807861328,1,0,1,-0.00027372092095534484
2017-08-21,16.901500701904297,16.939705551341486,16.784570226390066,16.92465467432642,5631200,17.070240211486816,16.824493827819825,1,0,1,-0.0011631533663759575
2017-08-22,17.15041160583496,17.167776646159442,16.986016080134384,16.991805015754256,2568800,17.067056369781493,16.83826446533203,1,0,1,0.014727148098903298
2017-08-23,17.11915397644043,17.161990689826425,17.04158717995127,17.070530093560745,2136800,17.060746669769287,16.848547096252442,1,0,1,-0.0018225585550317724
2017-08-24,17.116844177246094,17.187464975111347,17.02654240509521,17.17241409090763,2223200,17.06213598251343,16.86069980621338,1,0,1,-0.00013492484485588818
2017-08-25,17.105268478393555,17.222197258096642,17.07632555372622,17.177046366277043,1762400,17.06416254043579,16.87416790008545,1,0,1,-0.0006762752954149187
2017-08-28,17.149253845214844,17.17356490070498,17.09136802438205,17.152726853142006,1808800,17.072671699523926,16.889046669006348,1,0,1,0.0025714514143317935
2017-08-29,17.218717575073242,17.24650340793798,16.983701259181665,17.002225147758153,6322400,17.080138969421387,16.90002754211426,1,0,1,0.004050539486170068
2017-08-30,17.378480911254883,17.385426926993368,17.22566149886811,17.244185385194086,2482400,17.094437026977538,16.91697437286377,1,0,1,0.009278468938530127
2017-08-31,17.506994247436523,17.53130531188823,17.40048450982668,17.41900840328988,2331200,17.117533493041993,16.93425178527832,1,0,1,0.007394969493473402
2017-09-01,17.49425506591797,17.564875846969866,17.466469232434584,17.545194877369866,2365600,17.138777637481688,16.9507666015625,1,0,1,-0.000727662403865792
2017-09-05,17.346065521240234,17.48151813186718,17.217558926563118,17.424789390718423,7812000,17.147402667999266,16.96212429046631,1,0,1,-0.008470754777460288
2017-09-06,17.372699737548828,17.4236395644361,17.27660902165435,17.40627451733172,2108800,17.158459281921388,16.9758154296875,1,0,1,0.0015354615302232144
2017-09-07,17.4537296295166,17.476885367851203,17.370373917809513,17.409737613057448,2196000,17.174377918243408,16.996737670898437,1,0,1,0.00466420839546533
2017-09-08,17.314807891845703,17.439841487277715,17.303231786632775,17.439841487277715,1678400,17.201584243774413,17.010607109069824,1,0,1,-0.007959429910955107
2017-09-11,17.57413673400879,17.584555758487404,17.454892076437513,17.456049156978967,1802400,17.235157871246336,17.035544319152834,1,0,1,0.014977286712214433
2017-09-12,17.60539436340332,17.638967362148712,17.527825809080245,17.632021346307255,1872000,17.256633377075197,17.061546592712403,1,0,1,0.0017786153520726877
2017-09-13,17.572975158691406,17.581080020828818,17.52087827785131,17.581080020828818,3473600,17.27480936050415,17.08954013824463,1,0,1,-0.001841435871456798
2017-09-14,17.525516510009766,17.593821373446332,17.469944834791548,17.516254564140063,1851200,17.287660217285158,17.11325019836426,1,0,1,-0.0027006610009442378
2017-09-15,17.575294494628906,17.599607319221636,17.47110071274062,17.509305570509056,1801600,17.320134162902832,17.140896530151366,1,0,1,0.002840314839834157
2017-09-18,17.593820571899414,17.670230296941693,17.539407746478588,17.603082517347158,3210400,17.35376605987549,17.164676055908203,1,0,1,0.0010540976867368101
2017-09-19,17.654016494750977,17.681800555368806,17.581079802559408,17.634335529635052,4009600,17.391391849517824,17.187274589538575,1,0,1,0.0034214241645562637
2017-09-20,17.566028594970703,17.648227228000444,17.437522017425657,17.648227228000444,4621600,17.412172698974608,17.206839866638184,1,0,1,-0.004984015949369591
2017-09-21,17.467628479003906,17.548668287014436,17.403953713233015,17.548668287014436,2000000,17.429596424102783,17.219898872375488,1,0,1,-0.005601728098915237
2017-09-22,17.48151969909668,17.502357748814315,17.39816396715565,17.405109983728195,2081600,17.447830200195312,17.232425384521484,1,0,1,0.0007952550690821791
2017-09-25,17.24302864074707,17.431736982483205,17.160829997658215,17.431736982483205,5807200,17.45471820831299,17.23742664337158,1,0,1,-0.01364246715701345
2017-09-26,17.299760818481445,17.383116567110868,17.246506836406624,17.333335594017637,3912000,17.46224355697632,17.243354187011718,1,0,1,0.00329015156886725
2017-09-27,17.509782791137695,17.567831398553214,17.386718255354356,17.407616675205457,3042400,17.47679681777954,17.251861305236815,1,0,1,0.012140166263563623
2017-09-28,17.535322189331055,17.53880673548727,17.43547851576198,17.485401238297957,2148000,17.48463888168335,17.258818588256837,1,0,1,0.0014585788126557642
2017-09-29,17.645612716674805,17.665349026585574,17.5469293956184,17.57131058521556,6312800,17.491569805145264,17.267657432556152,1,0,1,0.0062896208095255535
2017-10-02,17.69552993774414,17.7431302012568,17.600331182220994,17.694369603817798,4091200,17.50163354873657,17.27823558807373,1,0,1,0.0028288743423550144
2017-10-03,17.740808486938477,17.74777403378555,17.69553066093025,17.725715287768317,3272000,17.521370697021485,17.288353271484375,1,0,1,0.002558756327368128
2017-10-04,17.73036003112793,17.75706188433834,17.65373547339138,17.714106498108258,2831200,17.53925371170044,17.298678703308106,1,0,1,-0.0005889503749639813
2017-10-05,17.897544860839844,17.90799318372805,17.770999337408828,17.80466674610506,2219200,17.5614444732666,17.31172264099121,1,0,1,0.009429296947067067
2017-10-06,17.95210838317871,17.95907393087702,17.836011197533637,17.86039061447772,2334400,17.593309497833253,17.32898365020752,1,0,1,0.0030486596213681327
2017-10-09,17.991580963134766,18.035698460467497,17.96836188035529,17.986936083677392,2471200,17.61418170928955,17.34752052307129,1,0,1,0.002198771259260157
2017-10-10,18.003185272216797,18.1041892223095,17.91727274647585,18.050783755713372,1958400,17.634071254730223,17.368002815246584,1,0,1,0.0006449855132690807
2017-10-11,18.07633209228516,18.080976971917217,17.98345398617175,17.991581639776594,2212800,17.659239101409913,17.388142013549803,1,0,1,0.004062993240493196
2017-10-12,18.09026527404785,18.154117312326804,18.056596096389164,18.06588408431216,5272000,17.687476539611815,17.408096923828126,1,0,1,0.000770796956570452
2017-10-13,18.172691345214844,18.211003626987544,18.121608302851246,18.16804823750105,2424800,17.717346382141113,17.430649452209472,1,0,1,0.004556377140872536
2017-10-16,18.221454620361328,18.237708156996938,18.16340602216234,18.215649406240903,2201600,17.74872808456421,17.45369110107422,1,0,1,0.002683327098895738
2017-10-17,18.2121696472168,18.21913519671345,18.16921424431883,18.21449208754999,2772800,17.7766357421875,17.47446319580078,1,0,1,-0.0005095626742198656
2017-10-18,18.274852752685547,18.308520146625263,18.216804177856996,18.27369064742775,2056000,17.81207695007324,17.496928901672362,1,0,1,0.003441825256570885
2017-10-19,18.21449089050293,18.21449089050293,18.06472627165861,18.17617859928629,2286400,17.849420070648193,17.5185115814209,1,0,1,-0.003303001288136098
2017-10-20,18.336387634277344,18.371217140187596,18.30271846234661,18.320134101052865,2576000,17.892163467407226,17.549825706481933,1,0,1,0.006692294860570103
2017-10-23,18.27020835876465,18.39211072343505,18.24698928251837,18.39211072343505,2684800,17.943522453308105,17.57717658996582,1,0,1,-0.00360917738175337
2017-10-24,18.329425811767575,18.35728800495531,18.24583568919914,18.29807907292876,12344800,17.995005702972414,17.600247421264648,1,0,1,0.0032412029375963325
2017-10-25,18.2620849609375,18.36541137005139,18.12508938091445,18.28530404033908,4807200,18.0326208114624,17.621300010681153,1,0,1,-0.003673920368353345
2017-10-26,18.33870887756348,18.397917793697307,18.308522481042505,18.352639970417997,5240800,18.072790145874023,17.642704200744628,1,0,1,0.004195792363789641
2017-10-27,18.80658721923828,18.854185727815683,18.62315341940709,18.633601742887294,6008800,18.130838871002197,17.680319633483887,1,0,1,0.02551315606777682
2017-10-30,18.86811637878418,18.91803732165509,18.633599551953814,18.633599551953814,4676800,18.1894681930542,17.719258308410645,1,0,1,0.0032716812906361525
2017-10-31,18.95054626464844,18.994663769402592,18.855347477787543,18.933132392510093,5731200,18.249955081939696,17.76023921966553,1,0,1,0.004368739529132304
2017-11-01,18.94357681274414,19.05270844633348,18.84025039250576,19.039937685562336,6000000,18.310615921020506,17.79610252380371,1,0,1,-0.0003677705015449062
2017-11-02,18.95751190185547,18.97028266531736,18.811230060703338,18.93081004061797,2616000,18.36361427307129,17.832869682312012,1,0,1,0.0007356102413538235
2017-11-03,19.108434677124023,19.125850317249736,18.93893378418247,19.06547928685159,7180000,18.421430587768555,17.87270149230957,1,0,1,0.007961106713259225
2017-11-06,19.194345474243164,19.20015068708764,19.1153984768633,19.12120368970777,3505600,18.481568813323975,17.914483032226563,1,0,1,0.004495962048738145
2017-11-07,19.186222076416016,19.22105158970388,19.10959927298588,19.22105158970388,3400000,18.540720653533935,17.955222396850587,1,0,1,-0.0004232182773853399
2017-11-08,19.29767417907715,19.29999661879142,19.137459497339236,19.19086498175269,2352800,18.601787757873534,17.996801528930664,1,0,1,0.005808965528348198
2017-11-09,19.1258487701416,19.165321383496394,18.926161492402667,19.152550623704872,4783200,18.653566932678224,18.0317488861084,1,0,1,-0.008903943933401215
2017-11-10,19.13282012939453,19.14559089306569,19.055035213034863,19.099150947214756,2346400,18.701573371887207,18.06426540374756,1,0,1,0.0003644993399620766
2017-11-13,19.12932777404785,19.14093642606934,19.04225491212808,19.072439533186248,1976000,18.746967029571532,18.096966857910157,1,0,1,-0.000182532178897854
2017-11-14,19.09566307067871,19.11888215164904,18.993498760108807,19.078249202826544,4284000,18.791141700744628,18.131958808898926,1,0,1,-0.00175984769390658
2017-11-15,18.95054626464844,19.024848404943317,18.890176993567,19.003951758377298,3724000,18.824926376342773,18.163515739440918,1,0,1,-0.007599464103087206
2017-11-16,19.211759567260746,19.25471672561333,19.068960541418697,19.08057096724421,4862400,18.874789810180665,18.1986763381958,1,0,1,0.013783945801055353
2017-11-17,19.11423683166504,19.19898726457328,19.094500526549535,19.196666596796483,2453600,18.91368227005005,18.234664916992188,1,0,1,-0.005076200087466121
2017-11-20,19.18157768249512,19.201313992018264,19.13049463596344,19.14442573174389,2966400,18.959250736236573,18.266813735961914,1,0,1,0.003523072954632722
2017-11-21,19.417255401611328,19.42073817565823,19.26632869740293,19.27909945940908,2856800,19.01364221572876,18.303050956726075,1,0,1,0.012286670211245632
2017-11-22,19.36617851257324,19.431192677461784,19.34528186164612,19.431192677461784,2832000,19.068846893310546,18.33891502380371,1,0,1,-0.0026304896331461602
2017-11-24,19.47762489318848,19.486912880411275,19.39403477968572,19.407965874768703,1537600,19.125792694091796,18.377957191467285,1,0,1,0.005754691383376809
2017-11-27,19.456727981567383,19.496200601685647,19.403324265290333,19.46253319546773,2608800,19.158299732208253,18.415585861206054,1,0,1,-0.0010728675460017767
2017-11-28,19.505491256713867,19.53103278416577,19.39868203805262,19.495042933166125,3306400,19.190168476104738,18.453819274902344,1,0,1,0.002506242323615737
2017-11-29,18.999303817749023,19.497361738712144,18.85998754857491,19.48575131148827,7084000,19.192606353759764,18.480725021362304,1,0,1,-0.025951022319963934
2017-11-30,19.15719413757324,19.21059961733511,19.00278468281875,19.095662776772876,3742400,19.203287220001222,18.512548332214354,1,0,1,0.00831032133275933
2017-12-01,19.051544189453125,19.146742937097777,18.75317364537353,19.05734763010673,9050400,19.207988834381105,18.54422664642334,1,0,1,-0.005514896772534139
2017-12-04,18.681196212768555,19.19782826947336,18.66726334762554,19.169964310689576,6482400,19.18662691116333,18.568220176696776,1,0,1,-0.01943926292807241
2017-12-05,18.724151611328125,18.938932086441543,18.57438704008579,18.657977144989214,11914400,19.16311721801758,18.5978426361084,1,0,1,0.0022993922910681253
2017-12-06,18.843727111816406,18.88319971551671,18.60108450662698,18.63243123144867,10682400,19.145992469787597,18.6287219619751,1,0,1,0.006386163868484118
2017-12-07,18.979568481445312,19.01323765921873,18.857666075356573,18.857666075356573,6937600,19.130087184906007,18.65811767578125,1,0,1,0.007208837658433387
2017-12-08,19.051544189453125,19.172284453380936,19.01787502185168,19.049221750290464,3776000,19.126371955871583,18.68844211578369,1,0,1,0.0037922731530053433
2017-12-11,19.20363426208496,19.21059980918818,19.05038513980484,19.05038513980484,3516800,19.129912662506104,18.719602546691895,1,0,1,0.007983083739534047
2017-12-12,19.154874801635746,19.24426835678737,19.117722852869544,19.19783019233204,2660800,19.131190013885497,18.748789443969727,1,0,1,-0.002539074624300919
2017-12-13,19.174610137939453,19.26632612811451,19.154873830471463,19.22337073959608,3497600,19.135137367248536,18.777465476989747,1,0,1,0.0010303035915444347
2017-12-14,19.15680313110352,19.274371734554048,19.14399848904833,19.21267712543421,2433600,19.14545021057129,18.805994338989258,1,0,1,-0.0009286763437604817
2017-12-15,19.37681007385254,19.40823819850076,19.159131145401474,19.216170331952185,3888800,19.153702735900882,18.835579643249513,1,0,1,0.011484533261805652
2017-12-18,19.55956268310547,19.5770227500083,19.49786807844596,19.513001320563163,3600000,19.175969028472903,18.867728729248046,1,0,1,0.009431511613954502
2017-12-19,19.455963134765625,19.53395439791605,19.39776054051585,19.531625796809443,5018400,19.189688301086427,18.897016372680664,1,0,1,-0.005296618846664103
2017-12-20,19.435009002685547,19.53628093760951,19.33839249328136,19.530460323558263,4673600,19.190575981140135,18.92565284729004,1,0,1,-0.0010770030727821345
2017-12-21,19.386117935180664,19.506016904930945,19.36865786862592,19.473421820358592,3453600,19.191572952270512,18.951848564147948,1,0,1,-0.0025156184645002133
2017-12-22,19.36283493041992,19.42452952644482,19.322094187947904,19.382623595540935,2173600,19.18583345413208,18.97729995727539,1,0,1,-0.001201014294795577
2017-12-26,19.227807998657227,19.24759844356956,19.143997897850497,19.24759844356956,2616000,19.174387454986572,18.998402290344238,1,0,1,-0.006973510451744769
2017-12-27,19.258075714111328,19.288340425329963,19.212677759182217,19.22664581417508,2235200,19.162016677856446,19.019134712219238,1,0,1,0.0015741635997308379
2017-12-28,19.27552604675293,19.31743196676708,19.246424762748703,19.31743196676708,3792000,19.17582778930664,19.04040184020996,1,0,1,0.0009061306488069576
2017-12-29,19.17541885375977,19.319761871601592,19.169598241325534,19.3092858349409,3431200,19.17673902511597,19.058413162231446,1,0,1,-0.0051934869507763715
2018-01-02,19.43733787536621,19.43966647647247,19.2184973288378,19.262730092643405,9135200,19.196028709411625,19.082870101928712,1,0,1,0.013659103021631536
2018-01-03,19.63987922668457,19.661996491827978,19.474584108509944,19.47574752070629,5599200,19.243962860107423,19.108939933776856,1,0,1,0.010420220743039499
2018-01-04,19.752796173095703,19.807506752269987,19.699249006341365,19.73184231612151,4270400,19.295395088195804,19.13859169006348,1,0,1,0.00574937071189896
2018-01-05,19.96349334716797,19.97862659272556,19.815658234374094,19.855237355355293,5935200,19.35138339996338,19.171273040771485,1,0,1,0.010666701171110349
2018-01-08,20.05893898010254,20.07989105732459,19.940205213905315,19.9751271188106,5086400,19.405351924896244,19.207210121154784,1,0,1,0.004781008577745327
2018-01-09,20.007722854614254,20.10666619163501,19.959996304650204,20.09502673938661,4617600,19.4531608581543,19.2405904006958,1,0,1,-0.002553281882909597
2018-01-10,19.94254302978516,19.95185388427393,19.841269281142143,19.905292507019293,3386400,19.49010629653931,19.263309516906737,1,0,1,-0.0032577332914256463
2018-01-11,20.07291030883789,20.07291030883789,19.9541765232553,19.9914270348899,3699200,19.536008071899413,19.28740539550781,1,0,1,0.006537144177551468
2018-01-12,20.18815040588379,20.20910426283373,20.021691843713672,20.047301126540177,3981600,19.58668508529663,19.31215747833252,1,0,1,0.0057410756722784395
2018-01-16,20.097360610961918,20.38371823495128,20.040323189680635,20.319695008428997,5488000,19.63371295928955,19.335233154296876,1,0,1,-0.004497182411292711
2018-01-17,20.4046630859375,20.417467726701037,20.150900647790117,20.21608726396735,3756800,19.6851056098938,19.364176177978514,1,0,1,0.015290688211464287
2018-01-18,20.44540786743164,20.495463023655013,20.362759399519582,20.4081591295884,4218400,19.72939786911011,19.39091564178467,1,0,1,0.001996836768269006
2018-01-19,20.48847770690918,20.518744194340837,20.393026370753688,20.47683825314512,3587200,19.781023597717287,19.416798286437988,1,0,1,0.002106577660705211
2018-01-22,20.646785736083984,20.646785736083984,20.42678002196295,20.479161996524716,3824000,19.84161243438721,19.44600955963135,1,0,1,0.007726685771360042
2018-01-23,20.772510528564453,20.79113578949253,20.68404320346005,20.68753521785873,4268000,19.910932064056396,19.475506286621094,1,0,1,0.006089315503513992
2018-01-24,20.58742332458496,20.840022390306306,20.500119426359515,20.806265664521504,5635200,19.972161483764648,19.504737777709963,1,0,1,-0.008910199069341096
2018-01-25,20.533876419067383,20.735258692457577,20.481494434691665,20.708484217788037,5583200,20.037464904785157,19.532758903503417,1,0,1,-0.002600952274276813
2018-01-26,20.858646392822266,20.858646392822266,20.633983451285072,20.66657676256473,3272000,20.117493438720704,19.567345275878907,1,0,1,0.015816301176007297
2018-01-29,20.686368942260746,20.82488963871097,20.64446299907341,20.82372622613997,4627200,20.188035583496095,19.599159393310547,1,0,1,-0.008259282377057975
2018-01-30,20.47916603088379,20.599065021267855,20.420963430748905,20.497791289215527,6538400,20.253222942352295,19.629731788635254,1,0,1,-0.010016398332413745
2018-01-31,20.62350845336914,20.66075896883097,20.4931352016574,20.597899168039717,6596800,20.31253147125244,19.657966766357422,1,0,1,0.007048256861030167
2018-02-01,20.608375549316406,20.753882047359543,20.51990823793903,20.53154946826343,3925600,20.360956287384035,19.68784954071045,1,0,1,-0.0007337696244531511
2018-02-02,20.028676986694336,20.39768123099927,20.01936435822012,20.387205190041623,6180800,20.374750328063964,19.704791526794434,1,0,1,-0.028129270122957295
2018-02-05,19.245267868041992,20.18814872335551,19.22431401283839,19.81681770572313,13896800,20.338839054107666,19.701351776123047,1,0,1,-0.03911437181661004
2018-02-06,19.731843948364254,19.7725864770608,18.81224361912129,18.950766085246755,13516000,20.322484302520753,19.708665084838866,1,0,1,0.025282894665771494
2018-02-07,19.51067352294922,19.89597440888868,19.504852908341228,19.70157795915677,10808000,20.2976318359375,19.709326057434083,1,0,1,-0.01120880673868141
2018-02-08,18.70747375488281,19.602627929385022,18.694669116433406,19.585167866136626,7523200,20.23587837219238,19.69434097290039,1,0,1,-0.041167198411764416
2018-02-09,19.15913200378418,19.275537207199164,18.387366712960475,18.985689387465413,10192800,20.1901894569397,19.6874137878418,1,0,1,0.02414319831845191
2018-02-12,19.50136375427246,19.6142769446554,19.21849996011069,19.34770980806424,6020800,20.15585012435913,19.697454986572264,1,0,1,0.017862591604916433
2018-02-13,19.56189346313477,19.601470803324545,19.3407225259168,19.381465054831303,4084800,20.129076766967774,19.705548973083495,1,0,1,0.0031038705613113393
2018-02-14,19.961162567138672,19.98910045368764,19.38612061313928,19.45247242761721,4979200,20.106901741027833,19.723741340637208,1,0,1,0.020410555080281112
2018-02-15,20.346458435058597,20.346458435058597,19.91808827146157,20.149735194097005,5687200,20.10195426940918,19.757046585083007,1,0,1,0.019302275938287483
2018-02-16,20.295246124267575,20.501282037156464,20.207942229456336,20.28826032067276,7195200,20.092292690277098,19.788468475341798,1,0,1,-0.0025170135114414016
2018-02-20,20.345293045043945,20.500112115831453,20.17068531085977,20.183489949081345,12955200,20.077218055725098,19.818499794006346,1,0,1,0.002465943032665674
2018-02-21,20.24402618408203,20.604881192474696,20.239368982000894,20.429110002258412,4133600,20.050793838500976,19.843788948059082,1,0,1,-0.004977409798802679
2018-02-22,20.25100517272949,20.42910491967669,20.195131195071987,20.31386317556897,3287200,20.033972930908202,19.86777816772461,1,0,1,0.0003447431150302993
2018-02-23,20.6630859375,20.6630859375,20.368580930367187,20.409323459911427,3156000,20.040433406829834,19.89696720123291,1,0,1,0.020348657326177078
2018-02-26,20.971553802490234,20.97620922730609,20.753874948061707,20.7573687369258,7978400,20.046078777313234,19.93330078125,1,0,1,0.014928450954676542
2018-02-27,20.779489517211918,21.07865170362225,20.779489517211918,20.99134781242577,10240800,20.05073480606079,19.965398368835448,1,0,1,-0.009158324036796506
2018-02-28,20.643291473388672,20.989014954506143,20.643291473388672,20.884251016798604,3654400,20.058941078186034,19.995128135681153,1,0,1,-0.006554446090238697
2018-03-01,20.31852531433105,20.7690128100637,20.143917537541387,20.701497589894103,10119200,20.04369192123413,20.013962440490722,1,0,1,-0.015732285690790992
2018-03-02,20.54551124572754,20.57810454923368,20.01586739945001,20.08687461984592,5247200,20.040548706054686,20.033681411743164,1,0,1,0.011171378231686457
2018-03-05,20.75620460510254,20.821391213053168,20.396513072959483,20.436090402614955,3785600,20.0769250869751,20.0596862411499,1,0,1,0.010254958217153831
2018-03-06,20.826047897338867,20.90753115525448,20.71662676119427,20.86213321325851,52516000,20.15596408843994,20.08750701904297,1,0,1,0.003364935621185783
2018-03-07,20.957582473754883,20.97969973649916,20.61535282395947,20.671226798754407,5213600,20.217251014709472,20.118936309814455,1,0,1,0.0063158683329842535
2018-03-08,21.03907585144043,21.077489779423495,20.9180134524267,21.025106020045097,4468000,20.293671131134033,20.15246112823486,1,0,1,0.0038884913270698096
2018-03-09,21.454639434814453,21.454639434814453,21.176431112783344,21.19621978115518,5372000,20.431029415130617,20.19699775695801,1,0,1,0.019751988457495484
2018-03-12,21.53030204772949,21.60945671451356,21.452309017065996,21.52331624518794,6228800,20.54958791732788,20.24244228363037,1,0,1,0.0035266317639557343
2018-03-13,21.26955986022949,21.69327474854,21.197389199273,21.629251528561245,6681600,20.63799772262573,20.2823229598999,1,0,1,-0.012110475130445164
2018-03-14,21.27421188354492,21.3964376882772,21.165955909429236,21.37082840438273,3964000,20.72361364364624,20.324298820495606,1,0,1,0.00021871742273926742
2018-03-15,21.27887535095215,21.39877258984927,21.17876678703581,21.287022793025287,3104800,20.78949928283691,20.361129570007325,1,0,1,0.0002192075284743744
2018-03-16,21.25414276123047,21.380119315433618,21.223813556059064,21.31479761180741,2503200,20.834883499145505,20.39341484069824,1,0,1,-0.0011623071855897393
2018-03-19,20.8365478515625,21.071006484369125,20.648747068706097,21.071006484369125,5984800,20.86194858551025,20.41508987426758,1,0,1,-0.019647694774578284
2018-03-20,20.85753631591797,20.92519142144728,20.73622487902967,20.779383464672637,3238400,20.887560749053954,20.432970733642577,1,0,1,0.0010072908672293934
2018-03-21,20.766550064086918,21.025505109911624,20.701228391245024,20.819040566914715,3920800,20.913686943054195,20.447122955322264,1,0,1,-0.004362272247926624
2018-03-22,20.208986282348636,20.63007980508378,20.198488534828325,20.49710299684545,5284000,20.911585998535156,20.451148223876952,1,0,1,-0.026849129008795547
2018-03-23,19.670080184936523,20.252144498463743,19.666580935828215,20.176325061273715,6452800,20.861935710906984,20.44569896697998,1,0,1,-0.026666656599337535
2018-03-26,20.41661262512207,20.43527647023817,19.78905462718052,20.059675041717263,4456800,20.834188652038574,20.452573013305663,1,0,1,0.03795268921970374
2018-03-27,19.723737716674805,20.55892629873423,19.57559808244909,20.55542704941442,7929600,20.781401062011717,20.443284759521486,1,0,1,-0.03393682003814391
2018-03-28,19.52894592285156,19.829893938564005,19.415798738576147,19.668921288794166,6789600,20.72568378448486,20.431916465759276,1,0,1,-0.009876008118814394
2018-03-29,19.946531295776367,20.1471632149432,19.535935533309065,19.671245763422984,4537600,20.707084083557127,20.422753829956054,1,0,1,0.021382893606980424
2018-04-02,19.46595001220703,19.95469866806137,19.23965573222728,19.861381200662763,7639200,20.6531060218811,20.403164672851563,1,0,1,-0.0240934765269738
2018-04-03,19.642087936401367,19.693412639042016,19.33880657346092,19.62225826126891,5156000,20.59740018844604,20.386236877441405,1,0,1,0.009048514153374487
2018-04-04,19.902204513549805,19.9616953056601,19.202326243132077,19.25715018337206,4648800,20.55120801925659,20.37134525299072,1,0,1,0.013242817056448475
2018-04-05,19.98619079589844,20.130832951285587,19.852048167670933,20.079508258087483,3403200,20.50263843536377,20.3556188583374,1,0,1,0.004219948714297317
2018-04-06,19.503273010253903,19.962859999957026,19.406456308067717,19.780891944718352,3950400,20.42584829330444,20.333935852050782,1,0,1,-0.024162572577043684
2018-04-09,19.636249542236328,20.02468216878484,19.619919121595355,19.647914891215176,3306400,20.334928798675534,20.31598331451416,1,0,1,0.0068181649260876664
2018-04-10,20.11916732788086,20.20081943873166,19.85904639621241,19.951196254197768,4978400,20.264372062683105,20.30119373321533,0,-1,0,0.024593178274996186
2018-04-11,20.036352157592773,20.21948607576908,19.936036184744477,19.99785863290744,3116000,20.20271167755127,20.288193397521972,0,0,0,-0.0041162324930476
2018-04-12,20.28597640991211,20.376960462027476,20.133169906484586,20.164663153836383,2426400,20.15329990386963,20.28432960510254,0,0,0,0.012458567824919164
2018-04-13,20.20548439025879,20.432944456192853,20.11333276105835,20.40961553812722,3796000,20.09963035583496,20.275969123840333,0,0,0,-0.003967865190555475
2018-04-16,20.345457077026367,20.430608418024963,20.20898105491668,20.3372927576944,2748000,20.054196071624755,20.270710754394532,0,0,0,0.006927460092719162
2018-04-17,20.76772117614746,20.82954539642095,20.49126981893201,20.528597515709777,3832800,20.050754737854003,20.285491638183593,0,0,0,0.020754711851517227
2018-04-18,20.73273086547852,20.802717634472653,20.58692287188731,20.75489218540288,3199200,20.044514465332032,20.315240898132323,0,0,0,-0.0016848411230178106
2018-04-19,20.488937377929688,20.61141644153147,20.41428376066769,20.607917192275647,3040800,20.03063383102417,20.330382766723634,0,0,0,-0.011758870026850388
2018-04-20,20.201988220214844,20.445778743935424,20.126167000093847,20.436446819310564,6593600,20.03028392791748,20.344209060668945,0,0,0,-0.014005077590014015
2018-04-23,20.118003845214844,20.340798886362432,20.02585219662668,20.28714076162825,2988000,20.052680110931398,20.372419662475586,0,0,0,-0.0041572331438131105
2018-04-24,19.737735748291016,20.26964298340254,19.588426736794045,20.20782054124421,5121600,20.018736267089842,20.383991737365722,0,0,0,-0.01890188011939742
2018-04-25,19.706241607666016,19.79022715169317,19.45661840177494,19.78206104996816,4559200,20.017861461639406,20.388089294433595,0,0,0,-0.0015956308781632789
2018-04-26,20.106340408325195,20.183327463363923,19.90804187434175,19.97103193023995,2740000,20.046731185913085,20.398978233337402,0,0,0,0.020303151084047233
2018-04-27,20.021190643310547,20.31280668145005,19.917375404928205,20.29880968118193,3090400,20.050464153289795,20.40017879486084,0,0,0,-0.004234970824396833
2018-04-30,19.941864013671875,20.215981912703928,19.882373226398094,20.070173951554217,4079200,20.07425985336304,20.392086906433107,0,0,0,-0.0039621334740737035
2018-05-01,20.18215751647949,20.19848793876781,19.850880438815352,19.89637423649267,2947200,20.101263332366944,20.389825134277345,0,0,0,0.01204970120360227
2018-05-02,20.1879940032959,20.407288032589747,20.162331652014245,20.30113937773226,3120800,20.115552806854247,20.386679153442383,0,0,0,0.00028919043029196345
2018-05-03,20.250974655151367,20.32096318318842,19.91853181679865,20.114498627373088,3070400,20.128791999816894,20.38681812286377,0,0,0,0.003119708270429733
2018-05-04,20.63241195678711,20.67207129822486,20.155326916979245,20.16582644373364,4048800,20.185248947143556,20.39444625854492,0,0,0,0.01883550338347373
2018-05-07,20.810884475708008,20.89603584862288,20.69190465034398,20.721066250098108,5992000,20.24398069381714,20.397402229309083,0,0,0,0.008650104471289888
2018-05-08,20.890193939208984,20.897192435275382,20.69539475253878,20.77821444238255,5102400,20.282532024383546,20.395775032043456,0,0,0,0.0038109607303598025
2018-05-09,21.164316177368164,21.16781542583284,20.884363841018363,20.946188050286203,4032000,20.338930225372316,20.403471565246583,0,0,0,0.013122053292414781
2018-05-10,21.416278839111328,21.42560898441677,21.209814221544438,21.23664239403373,4616800,20.395445346832275,20.418931312561035,0,0,0,0.011905069818064717
2018-05-11,21.35445213317871,21.43493663459467,21.278630923602684,21.381280300317364,3166400,20.45289373397827,20.43964984893799,1,1,1,-0.0028869023604467525
2018-05-14,21.32762718200684,21.50959527980226,21.296133935768797,21.426777333184425,6256800,20.502002239227295,20.455292167663575,1,0,1,-0.0012561760425683355
2018-05-15,21.14215850830078,21.191149779258232,21.02901136589333,21.1899839560983,5376000,20.52072410583496,20.46301124572754,1,0,1,-0.008696170095402356
2018-05-16,21.252973556518555,21.293800508149904,21.12349598234372,21.16898800678986,2639200,20.546736240386963,20.471549758911134,1,0,1,0.005241425475750905
2018-05-17,21.147994995117188,21.31829776105863,21.04767900892098,21.17248974506897,2608800,20.57968912124634,20.47535800933838,1,0,1,-0.004939476404193233
2018-05-18,21.066335678100582,21.182982051113584,21.054670328846324,21.10599501775323,2235200,20.622906494140626,20.47590320587158,1,0,1,-0.0038613266664503376
2018-05-21,21.23080825805664,21.36495267104218,21.125827221705016,21.25530478247608,2880000,20.678546714782716,20.471426582336427,1,0,1,0.007807365384718379
2018-05-22,21.18065071105957,21.359119536953656,21.14215719058873,21.32645869168432,2114400,20.750692462921144,20.464433555603026,1,0,1,-0.0023624888128334076
2018-05-23,21.34395408630371,21.34395408630371,20.99751419576319,21.018511469674817,2529600,20.832578086853026,20.46592144012451,1,0,1,0.007710026357163446
2018-05-24,21.32878875732422,21.36844809463388,21.10249452226676,21.34161992879291,2330400,20.893700504302977,20.4670129776001,1,0,1,-0.0007105210645680371
2018-05-25,21.333457946777344,21.398779639633307,21.278634001726957,21.30313052648926,2542400,20.95931386947632,20.468104629516603,1,0,1,0.0002189148903977145
2018-05-29,21.213308334350582,21.33112052404378,21.067500375871845,21.235471428820524,2954400,21.022886085510255,20.467287940979006,1,0,1,-0.005631980184670926
2018-05-30,21.369611740112305,21.41043867604785,21.28679382533852,21.324119733155435,2940000,21.082258796691896,20.47794921875,1,0,1,0.007368176773663304
2018-05-31,21.34745407104492,21.52125782376694,21.32995782541765,21.371950594805668,2940800,21.140231800079345,20.487747573852538,1,0,1,-0.0010368774752137488
2018-06-01,21.733556747436523,21.733556747436523,21.481600111972057,21.481600111972057,16909600,21.214360904693603,20.50708770751953,1,0,1,0.018086591267822527
2018-06-04,21.9155216217041,21.9353512919742,21.76504680041563,21.793042571322943,3601600,21.278516387939455,20.54121841430664,1,0,1,0.008372530846293191
2018-06-05,22.03567123413086,22.046168982665023,21.9318560122332,21.971515359950786,5015200,21.339755725860595,20.588530235290527,1,0,1,0.005482398023680446
2018-06-06,22.16282081604004,22.16282081604004,21.961022998556025,22.05900556867602,4140000,21.40338706970215,20.623454399108887,1,0,1,0.00577017058197149
2018-06-07,21.91202735900879,22.177981013558732,21.770884429238365,22.177981013558732,4134400,21.44077262878418,20.667220191955565,1,0,1,-0.011315953827039094
2018-06-08,21.9155216217041,21.948182464488085,21.73238595763165,21.7743787240514,2836800,21.46573476791382,20.714951705932616,1,0,1,0.0001594677953828949
2018-06-11,21.91319274902344,21.977348624923376,21.8537037258523,21.920191248233827,3641600,21.493671798706053,20.754284934997557,1,0,1,-0.00010626590235274236
2018-06-12,22.060163497924805,22.07416227427762,21.926020868731413,21.95168321551525,2361600,21.53029861450195,20.806169204711914,1,0,1,0.006706952774278463
2018-06-13,22.01700210571289,22.21646817946122,21.990173939262387,22.07299186435639,3336800,21.574040794372557,20.853667488098143,1,0,1,-0.0019565309303339884
2018-06-14,22.13481903076172,22.216472930268985,22.078829260145277,22.09865893349104,4594400,21.618133068084717,20.89831977844238,1,0,1,0.005351179260606909
2018-06-15,22.050827026367188,22.075323545021057,21.9003540056946,22.07299011946302,2816000,21.663274669647215,20.93961250305176,1,0,1,-0.003794564765937536
2018-06-18,22.08349609375,22.096325488360367,21.81404142939525,21.90036040142897,3100800,21.714132690429686,20.99121696472168,1,0,1,0.0014815347897723097
2018-06-19,21.930683135986328,21.931850738797888,21.63440214267091,21.80237319836061,4202400,21.749126434326172,21.037105636596678,1,0,1,-0.006919781048930984
2018-06-20,21.99133682250977,22.08348843825541,21.95867598601012,21.98550414887438,3215200,21.789660739898682,21.074549026489258,1,0,1,0.0027656998255523035
2018-06-21,21.79654693603516,22.08233026741199,21.749889086787743,22.055502093088872,5245600,21.812290382385253,21.109752922058107,1,0,1,-0.008857573691255838
2018-06-22,21.68106460571289,21.844370624658744,21.608744411253888,21.844370624658744,2446400,21.82990417480469,21.13765468597412,1,0,1,-0.005298193822221853
2018-06-25,21.17948532104492,21.520092557163075,21.00801498993343,21.520092557163075,7468800,21.822205543518066,21.157134704589843,1,0,1,-0.02313443983446306
2018-06-26,21.29146385192871,21.43260675655364,21.21097756399142,21.25530375848037,4446400,21.826113319396974,21.17605484008789,1,0,1,0.00528712238217266
2018-06-27,20.964862823486328,21.441948085319,20.957864322314776,21.35562908447548,4678400,21.805875873565675,21.179997673034666,1,0,1,-0.01533952905792324
2018-06-28,21.204395294189453,21.272234604424444,20.933039837977866,20.933039837977866,6327200,21.7987229347229,21.18943096160889,1,0,1,0.011425425137281842
2018-06-29,21.217262268066406,21.40674510257906,21.21141549767332,21.289781139062203,2836000,21.772908210754395,21.20399745941162,1,0,1,0.000606806923679537
2018-07-02,21.439498901367188,21.439498901367188,21.014919062843997,21.05234839487777,4277600,21.749107074737548,21.22874767303467,1,0,1,0.010474331254096914
2018-07-03,21.200889587402344,21.543594964173693,21.188023478689523,21.521371523239853,2643200,21.707367992401124,21.250405387878416,1,0,1,-0.011129425881760135
2018-07-05,21.47926521301269,21.49096232490265,21.264051918175618,21.33072045870801,4777600,21.673190212249757,21.285235977172853,1,0,1,0.013130374763885344
2018-07-06,21.735410690307617,21.77050023168442,21.452358150063663,21.51200912109448,2593600,21.664359378814698,21.325819358825683,1,0,1,0.011925243938966101
2018-07-09,21.923725128173828,21.923725128173828,21.74359962884526,21.85588581664877,2747200,21.664769554138182,21.362167053222656,1,0,1,0.008663946614553053
2018-07-10,21.968168258666992,22.04068533098515,21.923721389967167,21.95881092921818,6876800,21.66751832962036,21.401106605529787,1,0,1,0.002027170575864101
2018-07-11,21.852378845214844,21.95413692854163,21.768164643589724,21.80910274719836,2871200,21.657129096984864,21.439316902160645,1,0,1,-0.005270781436520822
2018-07-12,22.2231559753418,22.22900453122841,21.920219698539128,21.95413846711561,2724000,21.667436790466308,21.48013687133789,1,0,1,0.016967357776160208
2018-07-13,22.1950798034668,22.25824133959692,22.121393724286115,22.229000350392173,2560800,21.670449829101564,21.52027858734131,1,0,1,-0.0012633746487741293
2018-07-16,22.11788558959961,22.23367876798132,22.083965041690814,22.2009290019008,2884000,21.673802757263182,21.557616806030275,1,0,1,-0.0034779876689217115
2018-07-17,22.29800796508789,22.33075772920332,21.92372367181992,21.981034866657776,3102400,21.684528350830078,21.59092872619629,1,0,1,0.008143742979346058
2018-07-18,22.28514289855957,22.30502655736245,22.19040237761066,22.300348784296983,2403200,21.70225133895874,21.62041389465332,1,0,1,-0.0005769603521742495
2018-07-19,22.26175117492676,22.334268260492436,22.21028674592076,22.2465452887036,2442400,21.715772056579592,21.647845039367677,1,0,1,-0.0010496555368428861
2018-07-20,22.246545791625977,22.36701853282787,22.21613580322061,22.33543954727446,2615200,21.73827199935913,21.669489631652834,1,0,1,-0.0006830272776523483
2018-07-23,22.334264755249023,22.35181041769015,22.08630176502214,22.198586151841496,2787200,21.770932006835938,21.687849349975586,1,0,1,0.0039430374694873205
2018-07-24,22.300350189208984,22.557670557501527,22.231341877593565,22.46994758298849,3508800,21.826975250244143,21.70676731109619,1,0,1,-0.0015184993287978843
2018-07-25,22.621997833251957,22.632524160340598,22.30034697309208,22.32490840296557,2319200,21.893501949310306,21.732654724121094,1,0,1,0.014423434668690449
2018-07-26,22.543630599975582,22.62433421998348,22.46760296759282,22.514389614765623,3770400,21.972440338134767,21.76068416595459,1,0,1,-0.0034642047910190543
2018-07-27,22.10501480102539,22.574039539631716,21.966996429149383,22.5716997611991,3990400,22.017471313476566,21.777724990844728,1,0,1,-0.019456307048903998
2018-07-30,21.70850944519043,22.124900814178236,21.576339612943958,22.12373003247312,4684800,22.042033672332767,21.788935279846193,1,0,1,-0.017937348579226797
2018-07-31,21.77401161193848,21.91670778847264,21.63482421148889,21.772840830091333,4324800,22.05875930786133,21.80308879852295,1,0,1,0.003017349805311653
2018-08-01,22.024314880371094,22.0769483074697,21.88746725602333,21.93074335179109,3085600,22.09993057250977,21.818958930969238,1,0,1,0.011495505416896812
2018-08-02,22.342456817626957,22.374035802781798,21.814948199776502,21.85003774578811,2952800,22.14309015274048,21.842195053100586,1,0,1,0.014445032183017181
2018-08-03,22.39976119995117,22.402100978234063,22.21378898283915,22.365842446124816,2857600,22.17630767822266,21.863311195373534,1,0,1,0.0025648200997752113
2018-08-06,22.53193664550781,22.534276424375943,22.356490709693105,22.389240474933583,2488000,22.20671825408936,21.887374153137205,1,0,1,0.0059007524400271905
2018-08-07,22.621997833251957,22.678140029119596,22.562345076959875,22.605622951760218,2771200,22.239409732818608,21.9131449508667,1,0,1,0.003997046022322426
2018-08-08,22.66527938842773,22.694520382765653,22.527262751822523,22.60913717902296,3417600,22.28005475997925,21.942184371948244,1,0,1,0.0019132507877865912
2018-08-09,22.68633270263672,22.78107323401693,22.665278259703022,22.68399292348218,4003200,22.303213596343998,21.96851879119873,1,0,1,0.0009288795363244784
2018-08-10,22.537784576416016,22.64889997574373,22.45123060797457,22.52725824889333,2946400,22.320348834991456,21.992325401306154,1,0,1,-0.0065479127088460265
2018-08-13,22.495677947998047,22.733114636705643,22.48515162025712,22.57872135759203,3118400,22.339238452911378,22.007567825317384,1,0,1,-0.0018682682974097142
2018-08-14,22.643051147460938,22.66410558698017,22.45006133963076,22.57755161958472,3759200,22.35649061203003,22.02211841583252,1,0,1,0.006551178399849311
2018-08-15,22.443038940429688,22.591581843089937,22.26759304948756,22.505029679117676,3533600,22.364385414123536,22.030265769958497,1,0,1,-0.008833270999066722
2018-08-16,22.5810604095459,22.68164948019841,22.540124096961723,22.60913240067972,2669600,22.380350875854493,22.03863056182861,1,0,1,0.006149856509297225
2018-08-17,22.66060256958008,22.700369895220646,22.443049491148685,22.50854903566932,3205600,22.401053714752198,22.05360206604004,1,0,1,0.0035225165953924886
2018-08-20,22.63954162597656,22.72024703614022,22.53310400431933,22.7155692634724,3512000,22.416317558288576,22.06808246612549,1,0,1,-0.0009294079245621978
2018-08-21,22.688671112060547,22.82200997065096,22.67229622713641,22.692179888492248,2760800,22.435733604431153,22.083592033386232,1,0,1,0.0021700742398254036
2018-08-22,22.80446434020996,22.841891880854952,22.61498328851013,22.648902052992412,2339200,22.444856929779053,22.098478050231932,1,0,1,0.005103570305087679
2018-08-23,22.87697982788086,22.98107767779666,22.783408305717277,22.79159663934345,2604800,22.461524391174315,22.115677604675295,1,0,1,0.003179881210497726
2018-08-24,23.13897705078125,23.14365482321944,22.94715625570904,22.94715625570904,2939200,22.51322250366211,22.135760765075684,1,0,1,0.01145243930237183
2018-08-27,23.31676483154297,23.346005819902203,23.18810376887103,23.24541674855731,3593600,22.593635272979736,22.1610795211792,1,0,1,0.007683476256169053
2018-08-28,23.427886962890625,23.446601629153403,23.320280308972865,23.39396640719824,2707200,22.676329040527342,22.18796733856201,1,0,1,0.004765761122972334
2018-08-29,23.652448654174805,23.667654537850765,23.430217876761272,23.430217876761272,31328000,22.75773572921753,22.22240264892578,1,0,1,0.009585230270227951
2018-08-30,23.59514617919922,23.75187928867781,23.53081562509184,23.605674295128736,3841600,22.820370197296143,22.25447883605957,1,0,1,-0.0024226867929579843
2018-08-31,23.720291137695312,23.75888945816276,23.574086189589117,23.574086189589117,2654400,22.88639669418335,22.292953720092772,1,0,1,0.0053038433220820025
2018-09-04,23.754209518432617,23.7647358461922,23.534318493631805,23.67818366053116,4084800,22.94751033782959,22.334416618347166,1,0,1,0.001429931046815991
2018-09-05,23.384605407714844,23.73549731384776,23.261794668351143,23.73549731384776,4346400,22.985640716552734,22.378519020080567,1,0,1,-0.015559520531759685
2018-09-06,23.259456634521484,23.42788504765984,23.10038555374956,23.384607162374035,4081600,23.01534957885742,22.417878875732423,1,0,1,-0.005351759031694936
2018-09-07,23.188112258911133,23.408005142996668,23.094540704955865,23.134308035349942,3655200,23.04043855667114,22.462343864440918,1,0,1,-0.0030673276994984677
2018-09-10,23.27349281311035,23.30273380882956,23.133136390603887,23.284020927963116,2818400,23.07722396850586,22.503725814819337,1,0,1,0.0036820830107207048
2018-09-11,23.420862197875977,23.48168216741016,23.133130093047903,23.1845945170601,4108000,23.123483180999756,22.547797813415528,1,0,1,0.006332069962554643
2018-09-12,23.375244140625,23.40682311944473,23.10388694294965,23.40331434402032,3530400,23.16009283065796,22.586512718200684,1,0,1,-0.0019477531128258008
2018-09-13,23.645435333251957,23.744853631573864,23.51092570414097,23.52145381726907,3360800,23.22021265029907,22.635403633117676,1,0,1,0.011558860776019753
2018-09-14,23.667659759521484,23.783452946206392,23.55303378529176,23.67467731208075,2982400,23.274542617797852,22.679171524047852,1,0,1,0.0009399034509749438
2018-09-17,23.309741973876957,23.669991110209025,23.284011549957828,23.640750126267083,2941600,23.306999588012694,22.710658149719237,1,0,1,-0.015122652145636684
2018-09-18,23.46297836303711,23.568245245776797,23.29571892033061,23.317942365176062,6394400,23.348171424865722,22.741443214416503,1,0,1,0.006573920437724423
2018-09-19,23.347177505493164,23.54718667418294,23.25594575408477,23.48051635637685,4063200,23.381096744537352,22.769023399353028,1,0,1,-0.004935471352024656
2018-09-20,23.59982109069824,23.64192819193697,23.408000248328168,23.49338344802138,6365600,23.420864582061768,22.803972244262695,1,0,1,0.010821161793353129
2018-09-21,23.56239318847656,23.740178936098545,23.517948090117574,23.69222327642277,5593600,23.45513525009155,22.83075698852539,1,0,1,-0.0015859400830979808
2018-09-24,23.64910316467285,23.66318542058655,23.340494957803227,23.448449370492963,3504800,23.480641555786132,22.859837455749513,1,0,1,0.003680015671697623
2018-09-25,23.657320022583008,23.70660344632964,23.569313525071863,23.651452564649578,2476800,23.497669315338136,22.89062614440918,1,0,1,0.0003474490281065723
2018-09-26,23.545848846435547,23.774665414542643,23.50947310874891,23.683138787299804,4165600,23.50356740951538,22.915582962036133,1,0,1,-0.004711910564723754
2018-09-27,23.663185119628903,23.74649692628254,23.64088985600434,23.645582747584807,3102400,23.504104232788087,22.94314380645752,1,0,1,0.004983310389810702
2018-09-28,23.76878929138184,23.795777443295755,23.61741893704265,23.629152059811307,2500800,23.512786388397217,22.97328456878662,1,0,1,0.00446280461480808
2018-10-01,23.812206268310547,23.961231078781967,23.75940273734717,23.88847962681005,4048800,23.51738214492798,23.004597778320313,1,0,1,0.0018266381344231863
2018-10-02,23.78170394897461,23.938941806024676,23.724205721920377,23.81221222570917,5172000,23.518756866455078,23.033546562194825,1,0,1,-0.0012809530957461623
2018-10-03,23.88613510131836,23.98939662505968,23.846239254598917,23.8790948684263,3349600,23.543833351135255,23.065262260437013,1,0,1,0.004391239272333758
2018-10-04,23.46605491638184,23.820428291815997,23.304124158339963,23.79578568162647,5644000,23.554163265228272,23.08214340209961,1,0,1,-0.017586779240536643
2018-10-05,23.157442092895508,23.528241414916952,22.91806343423329,23.45783729627844,6021600,23.55262975692749,23.094419631958008,1,0,1,-0.013151457481286544
2018-10-08,22.853519439697266,23.0928980403004,22.596542051823736,23.05769509427097,6216000,23.531631088256837,23.109389724731447,1,0,1,-0.013124189276996323
2018-10-09,22.913373947143555,23.050663878909575,22.79955205841074,22.84531536899941,5196000,23.506256675720216,23.13348701477051,1,0,1,0.0026190498843832177
2018-10-10,21.84907913208008,22.808937583168827,21.80683594221926,22.808937583168827,11228800,23.42994842529297,23.13498836517334,1,0,1,-0.046448629412612186
2018-10-11,21.543991088867188,22.11779337521218,21.38675145412791,21.75872536498376,15281600,23.32487621307373,23.125381889343263,1,0,1,-0.013963427994772792
2018-10-12,22.208147048950195,22.277380192139237,21.79275714230041,22.128355345609457,9203200,23.251900577545165,23.122695693969728,1,0,1,0.030827898013112698
2018-10-15,21.890155792236328,22.19407121657442,21.85612560126572,22.15534813227886,5240800,23.180921268463134,23.11250358581543,1,0,1,-0.014318675755026544
2018-10-16,22.57073402404785,22.639965373125765,22.118966615698263,22.16355714788252,5463200,23.13630905151367,23.11327953338623,1,0,1,0.03109060704140365
2018-10-17,22.490943908691406,22.62706107646736,22.294982957555696,22.62706107646736,4528800,23.093497371673585,23.11065845489502,0,-1,0,-0.003535113890023811
2018-10-18,22.036827087402344,22.39002584886825,21.9042300596824,22.39002584886825,8724000,23.01534767150879,23.09808940887451,0,0,0,-0.02019109660904772
2018-10-19,21.97346305847168,22.364212147256108,21.90305893026084,22.154170747589635,4030400,22.935901165008545,23.08383201599121,0,0,0,-0.0028753698833026142
2018-10-22,22.15182113647461,22.28441816057285,21.93473773478238,22.064987417698376,6020800,22.861037063598634,23.076112747192383,0,0,0,0.008116976260333475
2018-10-23,22.068510055541992,22.187024826968177,21.475932617417527,21.724697076073063,7120000,22.78159656524658,23.067569389343262,0,0,0,-0.003760913399370125
2018-10-24,21.07814216613769,22.06850884490369,21.053499560501606,22.02626565702516,7926400,22.65821123123169,23.036271209716798,0,0,0,-0.04487697116442135
2018-10-25,21.755203247070312,21.864332223898984,21.32221282754666,21.35976133159224,8926400,22.56281213760376,23.02251449584961,0,0,0,0.03212147805039134
2018-10-26,21.31868934631348,21.70005076842209,20.999520818759315,21.23068286428841,6912800,22.440307140350342,22.99726707458496,0,0,0,-0.020064804534318248
2018-10-29,20.966665267944336,21.76459113346588,20.548928082890985,21.628475790035992,7790400,22.29803009033203,22.963388328552245,0,0,0,-0.01651246343762769
2018-10-30,21.23538017272949,21.26002098806645,20.817642972857723,20.9056494657688,7232800,22.170713901519775,22.935305099487305,0,0,0,0.012816292021220255
2018-10-31,21.75403213500977,21.92535223358769,21.49940022360374,21.541643412945096,5440000,22.064108753204344,22.91661231994629,0,0,0,0.024423954648400192
2018-11-01,22.052080154418945,22.06733518665424,21.62260981557045,21.803315699179223,5495200,21.9934100151062,22.901564636230468,0,0,0,0.013700817281110611
2018-11-02,21.65076446533203,22.032125836570497,21.47944620585356,21.90891821056736,5134400,21.91807613372803,22.877040328979493,0,0,0,-0.018198541193244155
2018-11-05,21.59914207458496,21.631997690242603,21.29874506064876,21.631997690242603,4059200,21.855357265472414,22.846243629455568,0,0,0,-0.0023843218482991757
2018-11-06,21.730566024780277,21.82561276161749,21.53812520968481,21.578021061357763,4181600,21.796216869354247,22.814519653320314,0,0,0,0.006084683814824299
2018-11-07,22.353647232055664,22.36303480533291,21.942950301282988,21.962898223060936,4941600,21.821445274353028,22.793034858703614,0,0,0,0.028673031644222302
2018-11-08,22.31258201599121,22.370080244260738,22.178812199024726,22.276206280135835,3847200,21.85987482070923,22.766237525939943,0,0,0,-0.001837070060118129
2018-11-09,21.927696228027344,22.14829973343049,21.730562552090014,22.106056547087263,3705600,21.845852279663085,22.732888526916504,0,0,0,-0.0172497198077759
2018-11-12,21.173185348510746,21.772802886695548,21.11686170426241,21.737599937604205,4714400,21.810003757476807,22.681946411132813,0,0,0,-0.03440903557174435
2018-11-13,21.18257713317871,21.541643346219672,21.126251687233548,21.20487239838658,6419200,21.74059591293335,22.630513763427736,0,0,0,0.0004435697564337815
2018-11-14,20.952587127685547,21.47123855020613,20.843459927675244,21.405527317017544,20489600,21.663678073883055,22.58187339782715,0,0,0,-0.010857508227029022
2018-11-15,21.47710418701172,21.52169471596418,20.86223151768005,20.980748072949137,16684000,21.635691928863526,22.546226348876953,0,0,0,0.025033522406075814
2018-11-16,21.44659996032715,21.55455439613375,21.202528361352527,21.236556756896032,4176800,21.6093487739563,22.511396102905273,0,0,0,-0.0014203137638554297
2018-11-19,20.601730346679688,21.35623834754196,20.546579478036985,21.323382739477758,6094400,21.531844234466554,22.45796085357666,0,0,0,-0.039394105136027924
2018-11-20,20.18281936645508,20.45622637854628,19.910585129515777,20.037314675281,13024000,21.43755970001221,22.39319999694824,0,0,0,-0.02033377649232848
2018-11-21,20.35296440124512,20.539537704402075,20.261437807602217,20.484388625588448,4322400,21.401300811767577,22.332754402160646,0,0,0,0.008430191624903882
2018-11-23,20.216854095458984,20.4057748029955,20.11359434429715,20.152317422419205,1666400,21.324383354187013,22.264182777404784,0,0,0,-0.00668749294219817
2018-11-26,20.65571594238281,20.66041062593053,20.371748464649123,20.46444787399928,4443200,21.291234683990478,22.20394390106201,0,0,0,0.021707721926053747
2018-11-27,20.67213630676269,20.717899607132576,20.401076620687515,20.519591375364254,3509600,21.276508235931395,22.151191787719725,0,0,0,0.0007949549861010485
2018-11-28,21.3937931060791,21.397313222643003,20.78478787357031,20.84228430444515,4894400,21.284428882598878,22.109808082580567,0,0,0,0.034909638201269244
2018-11-29,21.22482109069824,21.38323171309935,21.099264293875983,21.33981574696299,3882400,21.2579683303833,22.067360954284666,0,0,0,-0.007898179371139569
2018-11-30,21.43486213684082,21.447769827985997,21.156762180027357,21.26588937657556,3400000,21.227107429504393,22.02406177520752,0,0,0,0.00989601020640074
2018-12-03,21.886627197265625,22.00396918040913,21.653116006231286,21.960551429108367,10689600,21.238900566101073,21.9905464553833,0,0,0,0.021076182227845575
2018-12-04,21.0452880859375,21.761073200406678,21.012432469692847,21.744645392284347,5528000,21.2112078666687,21.938470153808595,0,0,0,-0.03844078412562524
2018-12-06,21.1086540222168,21.1086540222168,20.48204812106116,20.58648243792043,7357600,21.180112266540526,21.88749683380127,0,0,0,0.00301093223435811
2018-12-07,20.3787841796875,21.120386451998275,20.283737449643787,21.027685272711047,5882400,21.08136911392212,21.824155540466307,0,0,0,-0.03457680635445137
2018-12-10,20.648670196533203,20.72376899877881,20.171087436106536,20.28842942652134,6880800,20.99817352294922,21.763865242004396,0,0,0,0.013243479810474135
2018-12-11,20.65805435180664,21.000692692253097,20.50316209065469,20.97252997463555,6878400,20.934691429138184,21.701650543212892,0,0,0,0.000454467778511658
2018-12-12,20.84346008300781,21.16497601786186,20.839939966239108,20.987790242015265,4840800,20.918205165863036,21.642275619506837,0,0,0,0.008974985158026527
2018-12-13,20.84475517272949,21.063801824389977,20.73640976826043,20.96487799382885,3814400,20.901314067840577,21.583536643981933,0,0,0,6.213410424771304e-05
2018-12-14,20.358379364013672,20.71639202656629,20.328937615967384,20.598625034381136,5430400,20.87160367965698,21.51298152923584,0,0,0,-0.023333246405893293
2018-12-17,19.88730239868164,20.39605643732325,19.73891670256828,20.28771106916384,30304800,20.79211359024048,21.441406478881834,0,0,0,-0.02313921736642388
2018-12-18,20.053361892700195,20.226479502946823,19.892021699646744,20.049829026938557,7756000,20.72245168685913,21.37932487487793,0,0,0,0.008350026096529017
2018-12-19,19.64588737487793,20.37368640829964,19.465702252263718,20.046294365843856,9553600,20.674659538269044,21.315172233581542,0,0,0,-0.020319511511463495
2018-12-20,19.31024742126465,19.763650908968465,19.025251610729512,19.57522306543364,12953600,20.63103094100952,21.243109703063965,0,0,0,-0.017084489349281307
2018-12-21,18.713171005249023,19.508098060864384,18.623668754048587,19.246655241036823,11964800,20.549041271209717,21.180391540527342,0,0,0,-0.03092018465584845
2018-12-24,18.231502532958984,18.754388115501573,18.220903937983948,18.537697343433116,8798400,20.449773693084715,21.11414176940918,0,0,0,-0.02573954313541682
2018-12-26,19.332630157470703,19.332630157470703,18.26566147983593,18.36458532347506,12259200,20.383619403839113,21.05663143157959,0,0,0,0.06039697619661877
2018-12-27,19.49161148071289,19.49161148071289,18.72848198213355,19.07589420068722,8209600,20.324593162536623,21.00866054534912,0,0,0,0.008223470989060067
2018-12-28,19.451570510864254,19.77660670602365,19.289051514793872,19.611733664344545,9860800,20.227482032775878,20.94627727508545,0,0,0,-0.0020542667746202836
2018-12-31,19.64706802368164,19.705951521278127,19.479839106145427,19.621159140980648,7727200,20.14859437942505,20.889399757385252,0,0,0,0.010050474469822213
2019-01-02,19.65884017944336,19.757765803672424,19.236057172506715,19.260789027809334,6889600,20.059793281555176,20.841840019226073,0,0,0,0.0005991813001069435
2019-01-03,18.68726348876953,19.19837354671603,18.666066294960444,19.165398936136448,5640800,19.89982509613037,20.776116027832032,0,0,0,-0.04942187238949003
2019-01-04,19.499853134155277,19.590534195029885,18.968724800137743,19.024073617211616,5855200,19.82255334854126,20.723076667785644,0,0,0,0.04348360828079967
2019-01-07,19.71772766113281,19.84727207804445,19.49043821698449,19.5340114313176,8864000,19.753007030487062,20.67606101989746,0,0,0,0.011173136816908125
2019-01-08,19.90732765197754,19.98387726002745,19.66001809523045,19.910862314270883,34048000,19.729434204101562,20.65264472961426,0,0,0,0.00961571201830047
2019-01-09,20.15581512451172,20.259450627632823,19.98858625164528,20.0097852395479,6369600,19.704791450500487,20.620656967163086,0,0,0,0.012482211418743283
2019-01-10,20.25002861022949,20.261806025136917,19.91910373691689,20.02038339538456,3222400,19.684390163421632,20.599283752441405,0,0,0,0.004674258279100618
2019-01-11,20.238252639770508,20.25591696484272,20.107531243292566,20.147571578110377,3130400,19.654129791259766,20.58471549987793,0,0,0,-0.0005815285837685868
2019-01-14,20.038047790527344,20.1039987984648,19.968565714482835,20.05100222817812,4406400,19.61379442214966,20.56076885223389,0,0,0,-0.009892397965708732
2019-01-15,20.333642959594727,20.368973405626512,20.0733771973744,20.07573303963816,3492000,19.61255760192871,20.532361068725585,0,0,0,0.014751694983336616
2019-01-16,20.35484504699707,20.48556647088329,20.29125166642233,20.3666224641687,29172800,19.63593473434448,20.49841636657715,0,0,0,0.0010427097320668821
2019-01-17,20.51029396057129,20.615106481945794,20.244139483814035,20.28064875047897,4660800,19.658781337738038,20.475606956481933,0,0,0,0.007636949002328697
2019-01-18,20.815317153930664,20.868311944289715,20.570361579423395,20.688128578879866,5026400,19.717252826690675,20.459930458068847,0,0,0,0.01487171241649432
2019-01-22,20.47261047363281,20.692835938517245,20.3148031586326,20.66221537499264,8316000,19.77537097930908,20.4347713470459,0,0,0,-0.016464158473470047
2019-01-23,20.520893096923828,20.70932095462638,20.306556363862644,20.552690679769643,4012000,19.865757083892824,20.398116264343262,0,0,0,0.0023584009158579278
2019-01-24,20.7317008972168,20.782341639223937,20.590380863376,20.590380863376,4652800,19.990767002105713,20.366498641967773,0,0,0,0.01027283750747543
2019-01-25,21.053199768066406,21.10383869789621,20.81884287269329,20.885970901888548,5064000,20.076795482635497,20.349008712768555,0,0,0,0.015507597396061445
2019-01-28,20.790584564208984,20.79647327337164,20.62100160040397,20.76232163539902,4514400,20.141744136810303,20.34135669708252,0,0,0,-0.012473885525741246
2019-01-29,20.582128524780277,20.82943801960435,20.54208639963466,20.816483584376837,4280800,20.198272037506104,20.32934772491455,0,0,0,-0.010026463603508562
2019-01-30,21.173324584960938,21.22867520942777,20.782339145026224,20.891861574089425,6815200,20.27458486557007,20.33376247406006,0,0,0,0.028723757091929425
2019-01-31,21.21689224243164,21.33348036241852,21.04848458458932,21.102658167407508,5124800,20.35248746871948,20.328558235168458,1,1,1,0.0020576672924406125
2019-02-01,21.360578536987305,21.450080807987003,21.21690265657873,21.24163271969231,4124800,20.486153221130373,20.32683780670166,1,0,1,0.006772259241073275
2019-02-04,21.69621086120605,21.69621086120605,21.38530609672906,21.391194805298788,3494400,20.59597110748291,20.348727416992187,1,0,1,0.015712698213560916
2019-02-05,21.875213623046875,21.92231968998368,21.739782332867627,21.75155795111119,4258400,20.703845405578612,20.382575302124025,1,0,1,0.008250415843850778
2019-02-06,21.95176124572754,22.005934839530617,21.806908383987658,21.899945291327043,3295200,20.806067085266115,20.414551239013672,1,0,1,0.003499285721261014
2019-02-07,21.654991149902344,21.839884359492828,21.5136693474606,21.753914974026475,4116800,20.881025886535646,20.443313980102538,1,0,1,-0.013519192947807568
2019-02-08,21.79513359069824,21.79513359069824,21.45478532869476,21.46891858677637,3611200,20.958281135559083,20.466102333068847,1,0,1,0.006471600003241207
2019-02-11,21.80690574645996,21.98237914751001,21.75744384348192,21.88345534155393,3044800,21.036713790893554,20.48879772186279,1,0,1,0.0005401277176271257
2019-02-12,22.10250663757324,22.121349786240227,21.93292369051506,21.954120885029248,4640000,21.139936733245847,20.502971992492675,1,0,1,0.013555379866823314
2019-02-13,22.13665771484375,22.27915474365156,22.10957181462912,22.20731861633913,3289600,21.230087471008297,20.521208724975587,1,0,1,0.001545122362386575
2019-02-14,22.18848419189453,22.263855011192977,22.036563733054457,22.068361330925043,3239200,21.32176942825317,20.53628116607666,1,0,1,0.002341206053704692
2019-02-15,22.358060836791992,22.375725164181677,22.22969346882844,22.367480613412205,3117600,21.414157772064208,20.545709838867186,1,0,1,0.007642552029732963
2019-02-19,22.37572860717773,22.440500812542226,22.28033763063263,22.307423535791703,5238400,21.49217834472656,20.572318649291994,1,0,1,0.0007902192643050032
2019-02-20,22.407516479492188,22.4911300017118,22.29563824437783,22.394562044038047,8564000,21.58892364501953,20.5982958984375,1,0,1,0.0014206407698500456
2019-02-21,22.40281105041504,22.482893527485484,22.26737974856625,22.360414867726316,2730400,21.68301954269409,20.63877643585205,1,0,1,-0.0002099933333288284
2019-02-22,22.70193672180176,22.70193672180176,22.494665728164705,22.499377412737083,3096800,21.781531333923336,20.679841766357423,1,0,1,0.013352149009942194
2019-02-25,22.807924270629883,22.963377502271857,22.793792812110063,22.886827909000523,7432000,21.86926755905151,20.722839164733887,1,0,1,0.004668656693344486
2019-02-26,22.844438552856445,22.9056778863501,22.730204437119724,22.74198185405442,5792800,21.971960258483882,20.76285873413086,1,0,1,0.0016009471880604753
2019-02-27,22.844438552856445,22.858571812574382,22.60772756711394,22.763179048159035,3204800,22.085075759887694,20.8028524017334,1,0,1,0.0
2019-02-28,22.771419525146484,22.85621188035695,22.70664733755777,22.76435379504248,2187200,22.16498050689697,20.851113204956054,1,0,1,-0.0031963590412175114
2019-03-01,22.91744804382324,22.964554102677376,22.72784319191677,22.94806680238033,3285600,22.25000829696655,20.911716117858887,1,0,1,0.006412798223470295
2019-03-04,22.785551071166992,23.042283980127003,22.522931251752283,23.01401926262333,4511200,22.321256923675534,20.966359901428223,1,0,1,-0.005755308025746642
2019-03-05,22.709009170532227,22.784379973159687,22.637171233888733,22.78084710717572,2874400,22.371896839141844,21.02762233734131,1,0,1,-0.0033592297327240672
2019-03-06,22.56180000305176,22.71136458246727,22.53118123277793,22.709008739528777,2557600,22.406226158142086,21.09265338897705,1,0,1,-0.006482412613205812
2019-03-07,22.366304397583008,22.527644583501505,22.288577760301106,22.500558681532898,4147200,22.42695331573486,21.16571605682373,1,0,1,-0.008664893999694612
2019-03-08,22.3686580657959,22.37690081908005,22.037733175062076,22.084839243209167,3620800,22.462636661529537,21.24845916748047,1,0,1,0.0001052327720776347
2019-03-11,22.85974502563477,22.873876486016005,22.45462638954779,22.45462638954779,4517600,22.515867233276367,21.31900146484375,1,0,1,0.02195424322703543
2019-03-12,22.972803115844727,23.05641665610739,22.838547048359143,22.91274081260511,10649600,22.574162101745607,21.388625297546387,1,0,1,0.004945728400871152
2019-03-13,23.11648178100586,23.255447764265,23.03286822403733,23.081153121431363,5201600,22.624860858917238,21.46192352294922,1,0,1,0.006254294020481721
2019-03-14,23.162410736083984,23.22953878295093,23.095284486198693,23.16712242199482,2948800,22.67614850997925,21.532230377197266,1,0,1,0.0019868488428833597
2019-03-15,23.42267227172852,23.521596093902797,23.22246878485733,23.23071153821452,3789600,22.73785791397095,21.60750701904297,1,0,1,0.011236375116994157
2019-03-18,23.51217460632324,23.58519134893958,23.36143302999085,23.454469941669,4539200,22.79556360244751,21.704005241394043,1,0,1,0.003821183746943735
2019-03-19,23.568700790405277,23.667624599278277,23.479196756393527,23.613451010430055,4298400,22.85521221160889,21.785382194519045,1,0,1,0.002404124034823818
2019-03-20,23.49686622619629,23.684115276173955,23.340235941334164,23.553393868325497,5781600,22.909679698944096,21.860964965820312,1,0,1,-0.0030478796794022323
2019-03-21,24.082386016845703,24.124909429917867,23.490601701393597,23.490601701393597,3813600,22.993658447265627,21.944466133117675,1,0,1,0.02491905878055456
2019-03-22,23.47052001953125,24.04458515980351,23.46225252985784,23.9441839144891,7876000,23.032087612152104,22.010760231018068,1,0,1,-0.025407199971234196
2019-03-25,23.37484741210937,23.513048072859768,23.210660117470084,23.400834045998277,4335200,23.060433769226073,22.073256607055665,1,0,1,-0.004076288354167845
2019-03-26,23.510683059692383,23.719756667348246,23.381932259346787,23.560295212593143,3634400,23.093745994567872,22.138705215454102,1,0,1,0.005811188633156217
2019-03-27,23.363039016723636,23.624085959622334,23.136248007796222,23.55085186990742,4343200,23.119676017761233,22.205205039978026,1,0,1,-0.006279870414393596
2019-03-28,23.46107292175293,23.55911306857739,23.308698401067453,23.425638244180195,3490400,23.154158687591554,22.26775363922119,1,0,1,0.00419611100076156
2019-03-29,23.69849967956543,23.70794952914661,23.56147956420008,23.641800582078343,3306400,23.193211269378665,22.334626731872557,1,0,1,0.010120029830023691
2019-04-01,24.030414581298828,24.05049483311161,23.801260715804005,23.948911216522397,6349600,23.255454444885256,22.40502914428711,1,0,1,0.014005734802680303
2019-04-02,24.09892845153809,24.13318258009211,23.95954541952187,24.028055479004475,3756800,23.32495040893555,22.470701370239258,1,0,1,0.0028511314279437983
2019-04-03,24.30208969116211,24.42375354869074,24.208773573718368,24.24657296366371,4337600,23.411964893341068,22.547290954589844,1,0,1,0.008430301788420635
2019-04-04,24.17215919494629,24.344615776350448,24.007971906890816,24.298548891280905,3371200,23.502257633209233,22.620316276550295,1,0,1,-0.005346474227813869
2019-04-05,24.286731719970703,24.31389890305956,24.21349766017728,24.25365815733019,3260800,23.59816131591797,22.69141689300537,1,0,1,0.004739854809841182
2019-04-08,24.38359260559082,24.387137875673183,24.11546060301174,24.23476155472592,4247200,23.674353694915773,22.758024749755858,1,0,1,0.003988222323898283
2019-04-09,24.27138328552246,24.376510386744915,24.226498751743204,24.27610911163053,5589600,23.73928270339966,22.827640724182128,1,0,1,-0.0046018370583599255
2019-04-10,24.465097427368164,24.467460340105987,24.291460289811724,24.30445360630827,4413600,23.806713485717772,22.905300102233888,1,0,1,0.007981174355284892
2019-04-11,24.45328521728516,24.51588888382697,24.39540557360296,24.502895567995225,2858400,23.87125720977783,22.97089931488037,1,0,1,-0.0004828188450126669
2019-04-12,24.6115665435791,24.616290566520505,24.453285640615288,24.58794282412356,3100800,23.93070192337036,23.03879280090332,1,0,1,0.006472804160565726
2019-04-15,24.6115665435791,24.68480061460356,24.480452827870447,24.631646795235024,3164800,23.985671520233154,23.103812561035156,1,0,1,0.0
2019-04-16,24.717878341674805,24.765127590910936,24.611570685049,24.70016099969536,3224000,24.04313039779663,23.16424591064453,1,0,1,0.0043195868051495445
2019-04-17,24.80646705627441,24.874977111466897,24.706065787575948,24.858440325894534,4664800,24.108610439300538,23.222870979309082,1,0,1,0.0035839934712456056
2019-04-18,24.85135269165039,24.85725907255489,24.66826569785736,24.839539929841397,3068000,24.147058773040772,23.28086280822754,1,0,1,0.001809432809362077
2019-04-22,24.92812728881836,24.932853113932943,24.7285053358948,24.752129054345158,3951200,24.219939136505126,23.34632553100586,1,0,1,0.0030893528461235498
2019-04-23,25.215164184570312,25.242331374332267,24.95293672895653,24.98128627634363,15756000,24.311954975128174,23.4147261428833,1,0,1,0.011514579191061136
2019-04-24,25.2317008972168,25.354545330791247,25.198627326547737,25.2317008972168,3894400,24.398005867004393,23.483222045898437,1,0,1,0.0006558241114529295
2019-04-25,25.199804306030277,25.400608614420257,25.059240749445035,25.353361177989967,5010400,24.489844131469727,23.545167999267576,1,0,1,-0.0012641474832179034
2019-04-26,25.146648406982425,25.149011319320508,24.877334076409337,25.085225302810343,13605600,24.5741229057312,23.60536781311035,1,0,1,-0.002109377453980099
2019-04-29,25.16319274902344,25.25060250805515,25.139569025666766,25.149018875484348,12077600,24.647357559204103,23.66486198425293,1,0,1,0.0006579143977063495
2019-04-30,25.20808219909668,25.238792863016684,25.00255199551725,25.16201530202928,11303200,24.706240940093995,23.721862411499025,1,0,1,0.001783933005678806
2019-05-01,25.111215591430664,25.48683940347747,25.111215591430664,25.44431598706414,3688000,24.756855297088624,23.776572151184084,1,0,1,-0.0038426805697058253
2019-05-02,24.99546241760254,25.2860394469781,24.848992446369586,25.110039370426986,6543200,24.791523933410645,23.828331069946287,1,0,1,-0.004609620486378474
2019-05-03,25.24114799499512,25.26359115886873,25.05569810603881,25.11239719446928,2587200,24.844973373413087,23.88509780883789,1,0,1,0.009829207129193218
2019-05-06,25.071054458618164,25.107671493593628,24.55723000671445,24.656452510772063,8004000,24.884189510345458,23.93248016357422,1,0,1,-0.006738740108440555
2019-05-07,24.53833770751953,24.88797315575037,24.31272726348312,24.78402840749575,8403200,24.891926765441895,23.96708843231201,1,0,1,-0.021248278646513463
2019-05-08,24.493453979492188,24.6942583626639,24.40486365141277,24.4733737214125,5636000,24.90303030014038,24.000068740844725,1,0,1,-0.0018291266736291112
2019-05-09,24.32926177978516,24.400134749030123,23.896940632614715,24.212321921243305,7343200,24.89623851776123,24.0297652053833,1,0,1,-0.006703513511998049
2019-05-10,24.39776992797852,24.502897015966223,23.820161221641666,24.17452243540352,4191200,24.8934627532959,24.062292213439942,1,0,1,0.002815874514132677
2019-05-13,23.451622009277344,23.846145491299676,23.38193141004816,23.72920565349414,12480000,24.835465526580812,24.072975692749022,1,0,1,-0.038780098406295926
2019-05-14,23.8449649810791,23.97962216729857,23.57447005347461,23.57683296618001,5300000,24.797135448455812,24.094163970947264,1,0,1,0.016772527360630063
2019-05-15,24.089473724365234,24.16743361789292,23.668965405154108,23.680776363268663,12253600,24.765715217590333,24.121773262023925,1,0,1,0.010254103685207738
2019-05-16,24.338712692260746,24.49699362113027,24.09420255982274,24.11782628314476,6360000,24.74232749938965,24.157311515808104,1,0,1,0.010346384929257324
2019-05-17,24.096559524536133,24.43084044402905,24.07175344962803,24.08238565451671,3237600,24.704587841033934,24.191916618347168,1,0,1,-0.009949300556130636
2019-05-20,23.67486953735352,23.86858871242685,23.575648839662904,23.724481688572983,5127200,24.641924953460695,24.21804084777832,1,0,1,-0.017500008113325527
2019-05-21,23.998516082763672,24.06230209382305,23.896932489395,23.928825494924684,2459200,24.58109254837036,24.2408162689209,1,0,1,0.013670467957574761
2019-05-22,23.85323715209961,24.007974609047373,23.834337452924817,23.834337452924817,2517600,24.512169361114502,24.258424949645995,1,0,1,-0.006053663074960136
2019-05-23,23.41973304748535,23.566201195186828,23.26499560634946,23.55202732344135,6333600,24.423165798187256,24.264489974975586,1,0,1,-0.018173806005869486
2019-05-24,23.438629150390625,23.670145917987703,23.419731256966244,23.56501883837264,2337600,24.337764835357667,24.270014343261717,1,0,1,0.0008068453584402224
2019-05-28,23.36540031433105,23.666607749963514,23.36540031433105,23.511870286007618,3350400,24.247875213623047,24.26886890411377,0,-1,0,-0.003124279819852527
2019-05-29,23.208297729492188,23.352404774362476,23.0795469147329,23.21184119761405,6292800,24.14788599014282,24.262791366577147,0,0,0,-0.006723727508426425
2019-05-30,23.345314025878903,23.411461156517795,23.204750472084207,23.2838909178396,3237600,24.059590911865236,24.258323631286622,0,0,0,0.005903763299821785
2019-05-31,22.96969413757324,23.189398157116653,22.961424844303803,23.06064554929133,3840000,23.95830249786377,24.24778018951416,0,0,0,-0.016089733806505246
2019-06-03,22.551549911499023,23.116165363426845,22.40626230251852,23.0086753508429,6700800,23.823822593688966,24.217163467407225,0,0,0,-0.01820417039816935
2019-06-04,23.30043029785156,23.31342361441646,22.739358377559284,22.84212435489052,3470400,23.735291385650633,24.213761672973632,0,0,0,0.03320749080623853
2019-06-05,23.60163688659668,23.655973063758715,23.316966289412004,23.59454995096125,6544800,23.688456344604493,24.21829746246338,0,0,0,0.012927082671640333
2019-06-06,23.86268615722656,23.91938345037,23.54848542846912,23.647706142063747,4420000,23.65691795349121,24.225337524414062,0,0,0,0.011060642610688065
2019-06-07,24.279651641845703,24.419032866280343,23.95482050088842,23.9831682469432,3231200,23.654437446594237,24.243669776916505,0,0,0,0.017473535119719497
2019-06-10,24.5454216003418,24.7993797613252,24.472185720402276,24.47927445900888,6394400,23.661820030212404,24.26535675048828,0,0,0,0.01094620147012515
2019-06-11,24.51588630676269,24.841897921033816,24.388316074472076,24.81355018210748,9744000,23.71503324508667,24.281704483032225,0,0,0,-0.001203291353475744
2019-06-12,24.40958404541016,24.481637573626504,24.33989343025611,24.434390126627896,3164000,23.743264198303223,24.289287872314453,0,0,0,-0.004336056221765472
2019-06-13,24.480449676513672,24.553683738110745,24.40248979020929,24.496986458241206,8293600,23.762812995910643,24.296918296813963,0,0,0,0.0029031888036961107
2019-06-14,24.260746002197266,24.339886444512,24.17687973511428,24.297363033467988,1984000,23.75891466140747,24.296091423034667,0,0,0,-0.008974658440493721
2019-06-17,24.309186935424805,24.415494610575216,24.260757122409117,24.28320029441028,2195200,23.769546031951904,24.298831977844237,0,0,0,0.001996679460027906
2019-06-18,24.716691970825195,24.8643424604956,24.491081590039027,24.552504698406675,3219200,23.82163715362549,24.30743118286133,0,0,0,0.01676341691241645
2019-06-19,24.835994720458984,24.893874365465933,24.62810346476701,24.78638436861343,3016000,23.863511085510254,24.31647922515869,0,0,0,0.0048268089344079
2019-06-20,25.178544998168945,25.282489724973875,24.978921232983552,25.2068927407638,3736800,23.92977647781372,24.33462245941162,0,0,0,0.013792492773715193
2019-06-21,25.045616149902344,25.25531742176449,25.02902972097334,25.138026512190372,3852800,24.01107063293457,24.346232833862306,0,0,0,-0.005279449161032512
2019-06-24,25.0242919921875,25.13802699049753,25.0242919921875,25.093007715568024,2290400,24.090353775024415,24.357652969360352,0,0,0,-0.0008514127816706685
2019-06-25,24.585939407348636,25.036144895276408,24.55868884809429,25.02311256930689,3762400,24.151380729675292,24.35714042663574,0,0,0,-0.01751708240040184
2019-06-26,24.82169914245605,25.013629891415317,24.813406831654632,24.813406831654632,2231200,24.232050800323485,24.36134307861328,0,0,0,0.009589209962705292
2019-06-27,24.93661880493164,24.99467220878657,24.871457189948583,24.92358648193503,3140800,24.311616039276124,24.365717887878418,0,0,0,0.004629806437345119
2019-06-28,24.98519897460937,25.04325239004296,24.861985738981847,25.021925944619923,5058400,24.41239128112793,24.36929252624512,1,1,1,0.0019481458195176327
2019-07-01,25.351282119750977,25.550321076490384,25.23873122186959,25.515962311249474,7149600,24.552377891540527,24.379291114807128,1,0,1,0.014652000390856568
2019-07-02,25.42591857910156,25.42591857910156,25.270716625935822,25.32403001177204,2842400,24.658652305603027,24.389246940612793,1,0,1,0.0029440901252262286
2019-07-03,25.60837173461914,25.60837173461914,25.42710512069311,25.475680306852404,1916000,24.75898904800415,24.39711109161377,1,0,1,0.0071758727201913786
2019-07-05,25.569286346435547,25.6024592160562,25.311009795490985,25.42830074665488,2205600,24.8443190574646,24.403862800598144,1,0,1,-0.001526273852497817
2019-07-08,25.379714965820312,25.41170372240496,25.273088187584893,25.39511729450645,2008800,24.89932222366333,24.407461013793945,1,0,1,-0.007414027049748362
2019-07-09,25.47568130493164,25.49937594542041,25.222144855352862,25.229253066720972,6789600,24.945835208892824,24.41404167175293,1,0,1,0.003781222099640269
2019-07-10,25.67116355895996,25.82873553465136,25.60718785082987,25.608371950093066,4880800,25.003599071502684,24.42420108795166,1,0,1,0.0076732885644348325
2019-07-11,25.75646209716797,25.84531833964824,25.667605854687697,25.737507472688687,3052800,25.070942974090578,24.435168685913087,1,0,1,0.0033227375148812133
2019-07-12,25.962615966796875,25.96498597339104,25.79082754831969,25.81926039630825,2436000,25.145051288604737,24.45219669342041,1,0,1,0.008003966882220714
2019-07-15,26.026582717895508,26.064495579201925,25.960237018394004,26.015920403572352,2244800,25.23334312438965,24.47281909942627,1,0,1,0.002463802229345502
2019-07-16,25.806224822998047,26.006446050232185,25.75290962789544,26.006446050232185,13224000,25.30819501876831,24.48412063598633,1,0,1,-0.008466647246238246
2019-07-17,25.74343490600586,25.904560996790032,25.74343490600586,25.81807474305437,1744000,25.359532165527344,24.497568244934083,1,0,1,-0.0024331306660643204
2019-07-18,25.92588996887207,25.962616937420584,25.652212950038518,25.70908045592701,2784000,25.414026927947997,24.525319290161132,1,0,1,0.007087440488512398
2019-07-19,25.78490447998047,26.17113241234474,25.7718721548628,26.143883662657046,2955200,25.444344902038573,24.551148300170897,1,0,1,-0.00543801925646048
2019-07-22,26.06450080871582,26.132032428547973,25.887972402435977,25.887972402435977,2832800,25.49528913497925,24.585853080749512,1,0,1,0.010843411460082386
2019-07-23,26.21259880065918,26.217337006146725,26.005267510710464,26.217337006146725,2532000,25.554704475402833,24.622149658203124,1,0,1,0.005681980753448279
2019-07-24,26.457839965820312,26.46376227006192,26.166390647283222,26.181792976995823,2662400,25.648299503326417,24.682274017333985,1,0,1,0.009355850864926962
2019-07-25,26.270647048950195,26.406892575307957,26.21496365454328,26.406892575307957,3080000,25.72074689865112,24.730787658691405,1,0,1,-0.00707513981156227
2019-07-26,26.453102111816406,26.48982907848036,26.36424584751898,26.36898586064129,2030400,25.796571063995362,24.77806022644043,1,0,1,0.006945206280082994
2019-07-29,26.411630630493164,26.49930278046004,26.178236545880235,26.45309760321189,4230400,25.86789264678955,24.819518585205078,1,0,1,-0.0015677360314092503
2019-07-30,26.251697540283203,26.352400231786856,26.16876538028446,26.21141646368174,1840800,25.912913417816164,24.86262134552002,1,0,1,-0.00605540386534531
2019-07-31,25.869016647338867,26.41518646277221,25.596523789213435,26.363057174183087,5316800,25.935068321228027,24.906504287719727,1,0,1,-0.014577377038460515
2019-08-01,25.738698959350582,26.44362499046617,25.611929815956493,25.91522739588144,7044800,25.9415846824646,24.941307945251467,1,0,1,-0.0050375972834549865
2019-08-02,25.258869171142575,25.590599526562425,25.05035382580282,25.532546126833825,5492800,25.926063823699952,24.969420585632324,1,0,1,-0.018642348199720882
2019-08-05,24.22102928161621,24.59659481456371,24.005403913947315,24.59304070918763,8776000,25.868129539489747,24.98544651031494,1,0,1,-0.04108813749714735
2019-08-06,24.575267791748047,24.67478816327332,24.30751494898445,24.520770305417177,5561600,25.823108863830566,25.00817928314209,1,0,1,0.014625245938689524
2019-08-07,24.743505477905277,24.79089475671565,24.185487409819704,24.319364743747443,3699200,25.77672595977783,25.035741386413573,1,0,1,0.006845812936114637
2019-08-08,25.356019973754883,25.365498190676966,24.89396638967473,24.941357474285148,8771200,25.756703853607178,25.078695831298827,1,0,1,0.024754556156020513
2019-08-09,25.066944122314453,25.273091301122456,24.89160160467373,25.22214610415326,2869600,25.711920261383057,25.11312843322754,1,0,1,-0.01140067927614985
2019-08-12,24.734025955200195,24.959127729347,24.62147506812679,24.904630242369777,3288800,25.64729242324829,25.14841506958008,1,0,1,-0.013281162852950112
2019-08-13,25.32877349853516,25.41762976272184,24.66176037133449,24.717443774847634,3389600,25.623419857025148,25.2039595413208,1,0,1,0.024045723264470187
2019-08-14,24.55038833618164,24.94017026998235,24.47101030734639,24.853684030771543,18065600,25.563767528533937,25.228958702087404,1,0,1,-0.030731261519573172
2019-08-15,24.501813888549805,24.61555068131906,24.294482643391728,24.56697549858505,5145600,25.492563724517822,25.246962242126465,1,0,1,-0.0019785612743342673
2019-08-16,24.94254493713379,25.010076563891293,24.67716025088182,24.739953672431824,2837600,25.45044574737549,25.26855941772461,1,0,1,0.017987690649709176
2019-08-19,25.31099510192871,25.40814545498124,25.187781915977816,25.334689736790256,5266400,25.412770462036132,25.28918628692627,1,0,1,0.014771955537158599
2019-08-20,25.19845199584961,25.393935053429903,25.16290912871174,25.277830041379165,2715200,25.362063121795654,25.302246894836426,1,0,1,-0.004446411752121349
2019-08-21,25.489898681640625,25.56098441355256,25.371423666977577,25.44250939888951,2976000,25.31366605758667,25.321727142333984,0,-1,0,0.011566055162397282
2019-08-22,25.42947769165039,25.60837431732729,25.217408205686198,25.55624682815103,2076000,25.27160758972168,25.342125015258787,0,0,0,-0.0023703895705852185
2019-08-23,24.617921829223636,25.53254906207154,24.53025147774936,25.290860834183665,5007200,25.17984857559204,25.344874458312987,0,0,0,-0.03191398078511154
2019-08-26,24.92951393127441,24.96031678621512,24.744693186059443,24.923589818612832,3017600,25.105742740631104,25.35824981689453,0,0,0,0.012657124521407992
2019-08-27,24.867908477783203,25.138031405947626,24.731662914184536,25.09656622944545,2899200,25.036553287506102,25.369424247741698,0,0,0,-0.002471185505703799
2019-08-28,24.87974548339844,24.924766553716644,24.543276978348427,24.734021766032537,2405600,24.987089729309083,25.372685317993163,0,0,0,0.0004759952219468566
2019-08-29,25.318113327026367,25.39512318052114,25.151063102325363,25.216224729810023,3327200,24.966060447692872,25.382327690124512,0,0,0,0.01761946656248692
2019-08-30,25.3015193939209,25.49818831755355,25.11196048845763,25.470939575151537,2540000,24.968192958831786,25.384787178039552,0,0,0,-0.0006554174432797932
2019-09-03,24.98993682861328,25.19252992224568,24.897526451247057,25.11196777081275,3684000,25.00663833618164,25.38367359161377,0,0,0,-0.012314776850218756
2019-09-04,25.42236328125,25.42236328125,25.242280792323665,25.26123722437588,2007200,25.04899311065674,25.391635017395018,0,0,0,0.017304023439610905
2019-09-05,25.93655014038086,26.037254626530405,25.73277296938045,25.741067088190885,3510400,25.108645343780516,25.418647232055665,0,0,0,0.02022576947085364
2019-09-06,25.899822235107425,26.00763492901953,25.85124704671381,25.99460260549405,2199200,25.135835456848145,25.44020969390869,0,0,0,-0.0014160674829398756
2019-09-09,25.70078468322754,26.02540688203948,25.54676860667768,26.00408224662253,5603200,25.1675274848938,25.45549301147461,0,0,0,-0.007684900308315257
2019-09-10,25.572834014892575,25.572834014892575,25.270722349680028,25.55743168366589,3516800,25.209467887878418,25.467245712280274,0,0,0,-0.004978473222199575
2019-09-11,25.835840225219727,25.851240743605608,25.583487934748785,25.6368013151594,2323200,25.234821224212645,25.476936874389647,0,0,0,0.010284593806614728
2019-09-12,25.956689834594727,26.182977540418836,25.86901948307088,26.005265023176168,13385600,25.305136299133302,25.487552299499512,0,0,0,0.004677595476729746
2019-09-13,25.77305030822754,25.94602460099289,25.75290977547147,25.931808179702728,2279200,25.368698120117188,25.49084587097168,0,0,0,-0.007074843808567377
2019-09-16,25.74817657470703,25.80030587328145,25.526628863551103,25.575202248326946,2328000,25.40897970199585,25.49442367553711,0,0,0,-0.0009651063115555525
2019-09-17,25.840585708618164,25.857172138480347,25.710262468425803,25.76002175801236,1571200,25.435459232330324,25.503641090393067,0,0,0,0.0035889583731496533
2019-09-18,25.85479736328125,25.86190557365609,25.501742388312728,25.819254503622084,2222400,25.468276500701904,25.51122341156006,0,0,0,0.0005499741694456883
2019-09-19,25.912851333618164,26.13084489292713,25.87138436180196,25.927067754682017,3739200,25.48942413330078,25.516057167053223,0,0,0,0.0022453848514536467
2019-09-20,25.63798713684082,25.998152119136872,25.537284479917652,25.99222800807436,2912000,25.499849605560303,25.51368766784668,0,0,0,-0.010607254031544833
2019-09-23,25.69485855102539,25.771866577829066,25.555057111126608,25.620218722613963,2369600,25.55369644165039,25.50833251953125,1,1,1,0.0022182480192778353
2019-09-24,25.404598236083984,25.946029957267136,25.309819664203552,25.844141365488827,4344800,25.577450656890868,25.49589282989502,1,0,1,-0.01129643560267135
2019-09-25,25.707895278930664,25.782533312347912,25.143953025907265,25.37853486746245,2808000,25.61944999694824,25.49392623901367,1,0,1,0.011938667166792039
2019-09-26,25.732152938842773,25.81302590741892,25.546619126452708,25.709555546222944,2096800,25.66207036972046,25.49370059967041,1,0,1,0.0009435879386046064
2019-09-27,25.35870361328125,25.77020768096481,25.167222851338813,25.760694709538512,4148800,25.664099884033202,25.482356872558594,1,0,1,-0.014512945203189798
2019-09-30,25.63581657409668,25.689335660437266,25.415791445545427,25.457418409788087,2855200,25.680814743041992,25.479375114440916,1,0,1,0.010927725842826419
2019-10-01,25.405088424682617,25.916496867378054,25.378923214956803,25.74999082232652,4178400,25.701572322845458,25.466186866760253,1,0,1,-0.009000226255605148
2019-10-02,24.929363250732425,25.24929096320752,24.739071121340764,25.235017873908987,4812800,25.67692232131958,25.44052215576172,1,0,1,-0.018725586228938162
2019-10-03,25.251665115356445,25.254042450802075,24.60943066685909,24.918654862220027,4036000,25.64267807006836,25.416398658752442,1,0,1,0.012928603967233387
2019-10-04,25.67863273620605,25.703607463459228,25.407467666040123,25.40865633384646,3183200,25.631618595123292,25.404558372497558,1,0,1,0.016908493713151174
2019-10-07,25.59775924682617,25.79637566609804,25.568026217328704,25.590623610108395,2777600,25.626467323303224,25.387451515197753,1,0,1,-0.0031494468654420515
2019-10-08,25.10061836242676,25.45384682060654,25.08753575972529,25.418166830078945,3850400,25.60285654067993,25.361231269836427,1,0,1,-0.019421265728993276
2019-10-09,25.458608627319336,25.551375533226032,25.31470178228257,25.3515704481224,2898400,25.583994960784914,25.34536949157715,1,0,1,0.014262208991171699
2019-10-10,25.612037658691406,25.72145501221416,25.44434290192656,25.446722052913707,2614400,25.566762351989745,25.3402299118042,1,0,1,0.0060266070946009
2019-10-11,25.98666763305664,26.21620574838736,25.91293030104534,25.91293030104534,6261600,25.577443218231203,25.34518928527832,1,0,1,0.01462710540088974
2019-10-14,25.98547744750977,26.077053865865555,25.95693308770797,25.95931223804812,2265600,25.589308261871338,25.359721450805665,1,0,1,-4.57998525889014e-05
2019-10-15,26.25545883178711,26.320871872383726,26.039003278529755,26.06041019285567,3079200,25.610051918029786,25.40041004180908,1,0,1,0.010389702664601819
2019-10-16,26.02591896057129,26.098467634510275,25.92482592131259,26.098467634510275,2817600,25.618607997894287,25.429423065185546,1,0,1,-0.008742557983329569
2019-10-17,26.00093650817871,26.184092968213864,25.86535397953707,26.13770951933014,2613600,25.623012256622314,25.454571685791016,1,0,1,-0.000959906638855923
2019-10-18,25.72620964050293,25.980724334923057,25.54781143932732,25.949802633366343,2541600,25.62742338180542,25.461975479125975,1,0,1,-0.010566037403666795
2019-10-21,25.98428726196289,26.0033168353816,25.795185639859504,25.872490786577995,1923200,25.641894817352295,25.480322341918946,1,0,1,0.010031700163620094
2019-10-22,25.63224983215332,26.125817381558715,25.62392371305123,26.04375393216976,2826400,25.65327739715576,25.49828681945801,1,0,1,-0.013548088745343412
2019-10-23,25.65842056274414,25.692910084884268,25.51094405568192,25.57041012574178,1973600,25.650803661346437,25.504879760742188,1,0,1,0.0010210079396928418
2019-10-24,26.050893783569336,26.06754420970741,25.851088669912397,25.927205162937945,2045600,25.666740703582764,25.53488986968994,1,0,1,0.015296078722595308
2019-10-25,26.3648738861084,26.380335643836546,26.04613664663182,26.04613664663182,2195200,25.717049217224123,25.572151069641112,1,0,1,0.012052565456970754
2019-10-28,26.66695976257324,26.697881460078094,26.537324188915072,26.548027644040587,6900000,25.76860637664795,25.606639366149903,1,0,1,0.011457891957678212
2019-10-29,26.45050430297852,26.699073827476717,26.45050430297852,26.6610146757747,2366400,25.820877170562746,25.629429550170897,1,0,1,-0.008116990520175893
2019-10-30,26.62889862060547,26.65268649433976,26.367248342368,26.52661693373192,2786400,25.905853939056396,25.658038482666015,1,0,1,0.006744458086073601
2019-10-31,26.597980499267575,26.689558744121644,26.437421403787347,26.685990925534103,2745600,25.97316970825195,25.680200119018554,1,0,1,-0.0011610739812561999
2019-11-01,26.94407081604004,26.94407081604004,26.656255317649368,26.70977440604977,4552000,26.036441612243653,25.710491981506348,1,0,1,0.013011902042036505
2019-11-04,27.066574096679688,27.17004446803765,27.024947125685426,27.158152344010908,2964800,26.109882354736328,25.75946502685547,1,0,1,0.004546576553930315
2019-11-05,27.040407180786133,27.14387754562996,26.950019421880278,27.14387754562996,3814400,26.206871795654298,25.801682891845704,1,0,1,-0.0009667612827574112
2019-11-06,27.01304817199707,27.041590714253104,26.88222213745756,27.041590714253104,2830400,26.284593772888183,25.84458568572998,1,0,1,-0.0010117824264311848
2019-11-07,27.23188591003418,27.38173971828198,27.16052591671998,27.206909367946203,3541600,26.36558618545532,25.891628494262694,1,0,1,0.008101186383844272
2019-11-08,27.378173828125,27.378173828125,27.052300978782824,27.14863570620909,2726400,26.43516149520874,25.932829704284668,1,0,1,0.005371934891843733
2019-11-11,27.41266822814941,27.441210778872343,27.18907523543126,27.22237608778158,2585600,26.506521034240723,25.975052680969238,1,0,1,0.0012599233331251902
2019-11-12,27.49948501586914,27.59225192457267,27.375794594424345,27.436451137256743,3093600,26.568722343444826,26.025243644714354,1,0,1,0.003167031643806828
2019-11-13,27.561328887939453,27.579167979223637,27.38055156563286,27.381740233465123,2385600,26.645492839813233,26.068022956848143,1,0,1,0.002248910189940778
2019-11-14,27.52802848815918,27.53992061095511,27.390066797453837,27.462615461121292,3605600,26.721847438812254,26.099852523803712,1,0,1,-0.001208229106646752
2019-11-15,27.757568359375,27.75875702730183,27.633879748857773,27.708805752972168,2561600,26.82341537475586,26.13700744628906,1,0,1,0.008338405756683764
2019-11-18,27.822978973388672,27.872930243378736,27.639822501998395,27.74448334279284,2736000,26.91534996032715,26.179451332092285,1,0,1,0.0023564965477813615
2019-11-19,27.91455841064453,27.98948441147474,27.789679322914026,27.926450533672128,4792800,27.02946538925171,26.226285820007323,1,0,1,0.0032915036647747087
2019-11-20,27.76827049255371,27.943100851761457,27.55062449813672,27.83844182161894,6476800,27.13495788574219,26.264934425354003,1,0,1,-0.005240559995211558
2019-11-21,27.61722946166992,27.74448589136182,27.56133121790725,27.743297223429067,2904000,27.213274669647216,26.29814521789551,1,0,1,-0.005439338792248338
2019-11-22,27.61009407043457,27.75043493166187,27.495920238522523,27.70999844180804,2763200,27.275535678863527,26.334886093139648,1,0,1,-0.00025836738059659137
2019-11-25,28.015647888183597,28.020406188908108,27.68620543127099,27.72664372838936,16280000,27.342970085144042,26.38023551940918,1,0,1,0.014688606881035682
2019-11-26,28.03111267089844,28.106040489942117,27.99186485210224,28.02754485234971,3693600,27.42200050354004,26.424046058654785,1,0,1,0.0005520051785548041
2019-11-27,28.20475196838379,28.20475196838379,28.050141661800293,28.1262581471873,2572000,27.500793170928954,26.471045150756837,1,0,1,0.00619452033616974
2019-11-29,28.08582305908203,28.17145434178219,28.077498753276377,28.12507088154964,1516000,27.575185298919678,26.514504585266113,1,0,1,-0.0042166266675583985
2019-12-02,27.686208724975582,28.126259041583964,27.560140962178245,28.117932921705545,4124800,27.612292194366454,26.55546901702881,1,0,1,-0.014228329120560601
2019-12-03,27.466182708740234,27.474507013048413,27.11771067090268,27.234265449297517,4631200,27.63227262496948,26.590895500183105,1,0,1,-0.00794713420031623
2019-12-04,27.55895233154297,27.65171924447264,27.52208366291197,27.630312332916663,4181600,27.658199882507326,26.633982582092287,1,0,1,0.0033775943234082284
2019-12-05,27.63506507873535,27.68263719670491,27.52088945494444,27.654094651827165,2832000,27.689300727844238,26.67252597808838,1,0,1,0.002761815698823389
2019-12-06,27.93834114074707,27.957370713034724,27.828923822232923,27.853898547945555,3120800,27.724623489379884,26.716649742126464,1,0,1,0.010974320528924109
2019-12-09,27.794437408447266,27.96688862773112,27.780166134088944,27.895530441179293,2440000,27.745436668395996,26.765364418029787,1,0,1,-0.005150761513536217
2019-12-10,27.78254127502441,27.921691624215853,27.736157825293937,27.824166424148714,5842400,27.763930320739746,26.80829891204834,1,0,1,-0.000428004109168989
2019-12-11,27.9656982421875,27.978780847799197,27.787300064624485,27.85390176055306,2736800,27.787240982055664,26.859511108398436,1,0,1,0.006592520293589699
2019-12-12,28.23805427551269,28.27730209551775,27.81584667298732,27.906234436939407,4911200,27.821077251434325,26.925684928894043,1,0,1,0.009738931993277689
2019-12-13,28.421205520629883,28.48423939163936,28.16907003659199,28.263025601852927,4323200,27.865736103057863,26.98907573699951,1,0,1,0.006485972557819464
2019-12-16,28.67654037475586,28.782679036978934,28.62168135148981,28.622873266447822,4234400,27.911684703826904,27.04903388977051,1,0,1,0.008983955798097298
2019-12-17,28.621681213378903,28.73974630348239,28.57040157466933,28.733783089286103,3982400,27.951619815826415,27.109512329101562,1,0,1,-0.0019130327668552827
2019-12-18,28.631223678588867,28.732591047026517,28.60856455513881,28.665807411416395,3248000,27.987453079223634,27.180124435424805,1,0,1,0.00033339988447300684
2019-12-19,28.81964874267578,28.82441822227913,28.64553271181437,28.65984479005946,4196800,28.040021991729738,27.247345237731935,1,0,1,0.006581104119130821
2019-12-20,28.98064613342285,29.020001166159616,28.916248146946625,28.992572562634336,4156000,28.10819282531738,27.314717407226563,1,0,1,0.005586375884889527
2019-12-23,29.07843589782715,29.136872485677507,29.021193044652144,29.08916859160043,3445600,28.181609916687012,27.376552772521972,1,0,1,0.0033743127725340827
2019-12-24,29.080820083618164,29.1273302406787,29.011650805476297,29.11063433352152,1876800,28.23486852645874,27.43845962524414,1,0,1,8.199154175247969e-05
2019-12-26,29.305021286010746,29.305021286010746,29.13687030366936,29.13687030366936,2412000,28.298563957214355,27.499450874328613,1,0,1,0.007709590092298546
2019-12-27,29.294294357299805,29.42666972245701,29.20962107231623,29.421900242326736,2796000,28.353041076660155,27.564818382263184,1,0,1,-0.000366044051162695
2019-12-30,29.12017250061035,29.293096601123395,28.8721195495082,29.277592609285502,4056000,28.404758548736574,27.627203102111817,1,0,1,-0.005943882947501811
2019-12-31,29.20007705688477,29.22392809284245,28.97945087991205,29.01642025860407,2994400,28.48045196533203,27.69668045043945,1,0,1,0.0027439588921647218
2020-01-02,29.735536575317383,29.73792222456805,29.413543075730967,29.46243887692504,11320800,28.593919658660887,27.771705436706544,1,0,1,0.01833760634910253
2020-01-03,29.42308616638184,29.62224513111702,29.32529455630492,29.3288721206036,13059200,28.68712635040283,27.847522163391112,1,0,1,-0.010507643208123585
2020-01-06,29.52087783813477,29.53161235143228,29.07962728924155,29.14998848455629,4199200,28.781416988372804,27.924771308898926,1,0,1,0.003323637472967267
2020-01-07,29.51729965209961,29.642519867049344,29.458864886249174,29.560232245233305,3097600,28.86036491394043,27.994099426269532,1,0,1,-0.00012120865967402139
2020-01-08,29.828561782836918,29.95259008822028,29.50179875074853,29.538768131484005,4972000,28.96207113265991,28.063373184204103,1,0,1,0.01054507473264632
2020-01-09,30.163671493530277,30.174406006286677,29.94304714006381,30.08973273741601,4615200,29.081127643585205,28.133307418823243,1,0,1,0.011234524585297834
2020-01-10,30.09808921813965,30.323484927590886,30.042038269571336,30.28651554017728,4835200,29.187747192382812,28.206259117126464,1,0,1,-0.0021742139515309455
2020-01-13,30.501169204711918,30.51428754730269,30.218530701285825,30.23641852312897,4740800,29.300902938842775,28.283704528808595,1,0,1,0.01339221183281425
2020-01-14,30.338977813720703,30.55244884687196,30.305586001783738,30.519057034934992,7724800,29.396791553497316,28.358524475097656,1,0,1,-0.005317546678379692
2020-01-15,30.3640251159668,30.52860035975701,30.26981288579485,30.37356589441872,5982400,29.48116579055786,28.426923561096192,1,0,1,0.0008255816131936822
2020-01-16,30.780229568481445,30.785000867079955,30.53217299344178,30.57271993294289,4518400,29.58909320831299,28.501196670532227,1,0,1,0.013707156772696294
2020-01-17,30.96269416809082,30.979388254870734,30.74802939361076,30.914992098017915,4333600,29.705666732788085,28.57964241027832,1,0,1,0.005927980465623817
2020-01-21,30.917383193969727,31.10104002832011,30.856560947657307,30.87325867779621,5878400,29.810553455352782,28.657729110717774,1,0,1,-0.0014634054089449622
2020-01-22,31.04498672485352,31.260841628808613,31.01517247138529,31.134429485258178,6104000,29.913770484924317,28.73399112701416,1,0,1,0.004127242272841558
2020-01-23,31.198820114135746,31.198820114135746,30.93645691384962,31.062869034960165,3712800,30.019789695739746,28.810404052734373,1,0,1,0.004955176519984672
2020-01-24,31.037830352783203,31.48265666748485,30.91737960897376,31.423028162935235,6326400,30.117640209197997,28.88290729522705,1,0,1,-0.00516012338811489
2020-01-27,30.2972412109375,30.52382878302805,29.985980368179685,30.298433125839114,8578400,30.167251205444337,28.93886241912842,1,0,1,-0.023860854107004115
2020-01-28,30.87325668334961,30.943617885599195,30.49163277886054,30.54649362625672,4979200,30.246199321746825,29.005100975036623,1,0,1,0.019012142670078003
2020-01-29,30.90426254272461,31.17020333911181,30.813626052780076,31.10461344103197,5184000,30.335403823852538,29.07262565612793,1,0,1,0.0010042950665363204
2020-01-30,31.15111541748047,31.16900323699026,30.69436277530382,30.873248249270297,4530400,30.432955741882324,29.14049659729004,1,0,1,0.007987664304061282
2020-01-31,30.312742233276367,31.006818820334328,30.204219750390376,31.00324125604783,7536800,30.461816024780273,29.190291862487793,1,0,1,-0.02691310320572493
2020-02-03,30.693174362182617,30.75519033314741,30.31751552961131,30.34494413085404,7798400,30.52532043457031,29.245864181518556,1,0,1,0.012550237981723278
2020-02-04,31.49577522277832,31.54705486060816,31.13800421374888,31.21313670795465,6640800,30.62406530380249,29.320414276123046,1,0,1,0.026149164342694986
2020-02-05,31.644847869873047,32.03481697668902,31.41826028206466,32.00261889465525,6062400,30.73044271469116,29.40096664428711,1,0,1,0.004733099790060535
2020-02-06,31.898860931396484,31.898860931396484,31.61980001208852,31.77363890848702,4151200,30.83395767211914,29.48674198150635,1,0,1,0.008026995818338767
2020-02-07,31.60071563720703,31.85234611622018,31.531544551234745,31.73547296648704,4628800,30.90580987930298,29.558443336486818,1,0,1,-0.00934658120961318
2020-02-10,31.994258880615234,32.00141400746251,31.418249332806607,31.43255958650116,4400800,31.000618362426756,29.637706260681153,1,0,1,0.012453618073916095
2020-02-11,31.935834884643555,32.300761034463925,31.84162083018659,32.27690817731899,4290400,31.07235164642334,29.71232791900635,1,0,1,-0.0018260774906424526
2020-02-12,32.275718688964844,32.28525764834117,31.97280486681641,32.14334151636083,4111200,31.169188690185546,29.796125831604005,1,0,1,0.010642709218312119
2020-02-13,32.21012496948242,32.37350648871865,31.99784764005867,32.05151474962513,4100000,31.261493682861328,29.88660415649414,1,0,1,-0.002032293071907554
2020-02-14,32.340110778808594,32.40928187345338,32.18269067317008,32.28644731513726,3859200,31.339487743377685,29.984082717895507,1,0,1,0.004035557435723369
2020-02-18,32.222049713134766,32.274523085253584,32.04674177433663,32.11233166976772,5774400,31.402455520629882,30.077344665527345,1,0,1,-0.003650607954973073
2020-02-19,32.58220291137695,32.64421887863653,32.4045111516656,32.4045111516656,5274400,31.485696506500243,30.176287422180177,1,0,1,0.011177228061173716
2020-02-20,32.28048324584961,32.6179825872346,31.82253681167087,32.54404383101166,6850400,31.54747133255005,30.263130264282225,1,0,1,-0.009260259852534092
2020-02-21,31.56494903564453,32.139768779299146,31.35744297326586,32.106376957313664,9121600,31.56577777862549,30.338540496826173,1,0,1,-0.022166155467857718
2020-02-24,30.273387908935547,30.678860950658905,29.694990774398704,30.074227132511076,15647200,31.527555656433105,30.388357429504396,1,0,1,-0.040917573643172944
2020-02-25,29.31098937988281,30.63474299137557,29.189346713489996,30.5297962345098,14342400,31.47824306488037,30.4152632522583,1,0,1,-0.0317902486483409
2020-02-26,29.37895965576172,30.0396425671236,29.160719149845374,29.375382091707124,14311200,31.403528213500977,30.438081359863283,1,0,1,0.002318934888140056
2020-02-27,27.858436584472656,29.068894435114547,27.858436584472656,28.409403355148623,20147200,31.25123691558838,30.426825981140137,1,0,1,-0.051755511056391756
2020-02-28,28.10290908813477,28.303261778461223,26.688521107779696,26.75769038064733,28288000,31.098826599121093,30.415353355407714,1,0,1,0.008775528480243988
2020-03-02,29.578123092651367,29.578123092651367,28.023010717734955,28.54774263516732,17408000,31.062095642089844,30.434482192993165,1,0,1,0.05249328458808722
2020-03-03,28.49884605407715,29.957358686209822,28.201895462534274,29.766548573899197,16729600,30.95237922668457,30.43183464050293,1,0,1,-0.03648903059850894
2020-03-04,29.661598205566406,29.683063589945487,28.706350386635528,29.149984707924915,7608800,30.860670375823975,30.44867362976074,1,0,1,0.04079997306848537
2020-03-05,28.73378562927246,29.438595028187294,28.553706371100592,28.892397678383563,7584800,30.715117263793946,30.443736419677734,1,0,1,-0.03127992530489565
2020-03-06,28.124378204345703,28.290145359647205,27.368289269788765,27.785688764979916,13494400,30.526393127441406,30.424655265808106,1,0,1,-0.021208741263313624
2020-03-09,25.95628929138184,27.084461484579023,25.69392421520412,25.94078711641906,20152800,30.244171810150146,30.36216464996338,0,-1,0,-0.07708931010708908
2020-03-10,27.59775924682617,27.59775924682617,26.049784062789385,27.01831506705279,24196800,30.024346828460693,30.32801940917969,0,0,0,0.0632397773432638
2020-03-11,26.27007293701172,27.001559821378905,25.87739276546948,26.851910310066277,12639200,29.7410587310791,30.267534980773927,0,0,0,-0.04810848221190778
2020-03-12,23.68533134460449,25.629578808534102,23.67575355491697,24.33900133325957,27701600,29.311539363861083,30.158838157653808,0,0,0,-0.0983911083385538
2020-03-13,26.29401588439941,26.325142322229475,23.85532643175795,25.215341137648192,16578400,29.015733909606933,30.1007169342041,0,0,0,0.1101392461790145
2020-03-16,22.7479190826416,24.731673604546742,22.746722544357574,23.138206122802487,15118400,28.536124324798585,29.960964584350585,0,0,0,-0.13486326384482616
2020-03-17,24.11870574951172,24.489835326194065,22.456997507608357,23.23876616567368,12671200,28.13095712661743,29.854876976013184,0,0,0,0.06025987088709717
2020-03-18,23.30820846557617,23.704480036528924,21.9098826326897,22.66052501201041,30476000,27.667257404327394,29.73062358856201,0,0,0,-0.03360450980882168
2020-03-19,23.345319747924805,24.13067995587853,22.40073226811827,22.934682436390684,10612800,27.22049922943115,29.607183990478514,0,0,0,0.0015921979762385519
2020-03-20,22.4055233001709,24.17378237397717,22.36242416938616,23.94392095205063,12592000,26.76252794265747,29.458723220825195,0,0,0,-0.0402563108109687
2020-03-23,22.206789016723636,22.78623143590677,21.48368161770406,22.38517004961957,13808000,26.359197998046874,29.29958557128906,0,0,0,-0.0088698791268913
2020-03-24,24.51498413085937,24.53653278299779,23.46623921749439,23.60870584033013,12481600,26.119397735595705,29.187923469543456,0,0,0,0.10394096653944263
2020-03-25,24.526948928833008,25.63435500585239,24.03011341958326,24.767586445516404,14562400,25.876797199249268,29.068439064025878,0,0,0,0.00048806060447637023
2020-03-26,26.042604446411133,26.091689920845987,24.813083642698853,24.813083642698853,13282400,25.786005592346193,28.982511596679686,0,0,0,0.061795518145201234
2020-03-27,24.89089775085449,25.68463730601794,24.81786873564224,25.25364792387292,11522400,25.625405025482177,28.873049049377443,0,0,0,-0.044223944572308604
2020-03-30,25.87619400024414,25.919293128864336,25.108790933845498,25.11717218261036,12260800,25.440308570861816,28.774968338012695,0,0,0,0.03958460073445225
2020-03-31,25.36858367919922,26.24852351048939,25.2309068635605,25.85225190849892,11804000,25.28379545211792,28.663086128234863,0,0,0,-0.019616884965390713
2020-04-01,24.168994903564453,24.9974543667738,23.97025991704259,24.52575882178084,9640000,25.009165287017822,28.528118362426756,0,0,0,-0.04728639134152213
2020-04-02,24.641881942749023,24.70054519595036,23.94511309411903,24.044480567039248,6090400,24.80457010269165,28.400056266784667,0,0,0,0.019565854561657048
2020-04-03,24.24441337585449,24.79272931416001,23.943917864296917,24.5485021557256,4012800,24.61057186126709,28.260968132019045,0,0,0,-0.016129797546225677
2020-04-06,26.3095760345459,26.490353781791345,25.161465622598733,25.330270680318648,9448800,24.62823619842529,28.166403045654295,0,0,0,0.08518097042299022
2020-04-07,26.10964775085449,27.317618105357017,26.082112753692392,27.317618105357017,13883200,24.55383062362671,28.082651176452636,0,0,0,-0.00759906900167806
2020-04-08,26.85909080505371,26.97162568540425,26.223378246292835,26.423311569586264,8487200,24.58328151702881,28.002367858886718,0,0,0,0.028703683073422415
2020-04-09,26.922542572021484,27.361913257708547,26.723807609852926,27.25296799000188,13693600,24.74514207839966,27.922733459472656,0,0,0,0.0023623944469421954
2020-04-13,26.98360252380371,26.989588869592183,26.41253947897705,26.85071368511515,8109600,24.779621410369874,27.83938320159912,0,0,0,0.0022679860796535056
2020-04-14,28.079029083251957,28.13410089303669,27.47683975070476,27.59895423203559,12955200,25.04617691040039,27.79470893859863,0,0,0,0.040596008575278564
2020-04-15,27.470855712890625,27.664800848503468,27.24697885541228,27.521137717428186,7295200,25.213784408569335,27.730262565612794,0,0,0,-0.021659344721576712
2020-04-16,27.75578498840332,27.839588323008417,27.324795627530385,27.79768756909371,10008800,25.436163234710694,27.655462760925293,0,0,0,0.010372056789588635
2020-04-17,28.202342987060547,28.29332921231701,27.780929544256548,28.258609510322827,8070400,25.67901439666748,27.586612663269044,0,0,0,0.016088826125573608
2020-04-20,27.734241485595703,28.17002073313114,27.72825514056184,27.83360896747459,10504000,25.94545030593872,27.503320274353026,0,0,0,-0.01659796498750521
2020-04-21,26.59450912475586,27.415785569021157,26.440071660484705,27.35353087195232,8400000,26.16483631134033,27.403196144104005,0,0,0,-0.04109477309598619
2020-04-22,27.602548599243164,27.7438186664984,27.13444456016689,27.24458819141212,5391200,26.31921453475952,27.315361938476563,0,0,0,0.037904045145505494
2020-04-23,27.46128273010254,27.986851706725865,27.42656302273173,27.670792032372503,4806400,26.465931224823,27.225870895385743,0,0,0,-0.005117856006401467
2020-04-24,28.0012149810791,28.02515853385136,27.38106837843053,27.56423920596347,6852800,26.563861751556395,27.140380821228028,0,0,0,0.01966158159045861
2020-04-27,28.319669723510746,28.374739712584468,28.13410399140373,28.2729791559152,7088000,26.73530035018921,27.062571716308593,0,0,0,0.011372890163759974
2020-04-28,27.960508346557617,28.69199505531757,27.92698701021312,28.67283948404191,6744800,26.83951606750488,26.974979667663575,0,0,0,-0.01268239991707798
2020-04-29,29.154115676879883,29.23552412292679,28.46333311666275,28.54833483111856,7587200,27.028792667388917,26.913620986938476,1,1,1,0.042689042542719546
2020-04-30,28.972139358520508,29.222352850917883,28.772207872243,29.222352850917883,6699200,27.268949890136717,26.841419715881347,1,0,1,-0.006241874059095154
2020-05-01,28.14008903503418,28.651292178394996,28.021565987337496,28.322063317124552,7437600,27.443860244750976,26.75861183166504,1,0,1,-0.028718981128386334
2020-05-04,28.4860782623291,28.5100218139026,27.84318467736245,27.934170904052102,4998400,27.65594348907471,26.69703441619873,1,0,1,0.01229524280694938
2020-05-05,28.926647186279297,29.267848753621248,28.78657548308578,28.81051903609069,7199200,27.786797046661377,26.670099601745605,1,0,1,0.015466113653588298
2020-05-06,29.13495635986328,29.416298096794677,28.99129323268001,29.170872598353043,5696000,27.938062477111817,26.666578941345215,1,0,1,0.007201289947035061
2020-05-07,29.659334182739254,29.823349449181585,29.53242987301278,29.573135925117104,6497600,28.078074645996093,26.672186431884764,1,0,1,0.017998236084484587
2020-05-08,30.09869956970215,30.13461580848868,29.755103138334427,29.971797109195403,6192800,28.236882495880128,26.716991691589357,1,0,1,0.014813730620378829
2020-05-11,30.305816650390625,30.487790936951736,29.85208021240101,29.90475529700664,11072000,28.402993202209473,26.761049842834474,1,0,1,0.0068812634316255394
2020-05-12,29.6545467376709,30.517725920995524,29.6545467376709,30.4530763092417,28762400,28.48176908493042,26.762578315734864,1,0,1,-0.021489931132125828
2020-05-13,29.127775192260746,29.901162682960496,28.751855771059343,29.706021002982084,9308000,28.564615058898926,26.775156898498537,1,0,1,-0.01776360131449861
2020-05-14,29.47855567932129,29.510880481812865,28.562701498527176,28.88953548486091,6398400,28.650753593444826,26.77149604797363,1,0,1,0.01204281771419824
2020-05-15,29.652149200439453,29.652149200439453,28.98411545015645,29.064327361724107,5322400,28.72324390411377,26.78986331939697,1,0,1,0.005888806867153873
2020-05-18,30.36686897277832,30.53926545025078,30.16334606395278,30.239966517632126,7204000,28.8548752784729,26.834713134765625,1,0,1,0.024103472821062066
2020-05-19,30.27469062805176,30.764343314735644,30.27469062805176,30.41356396467212,5676800,29.038884353637695,26.921081161499025,1,0,1,-0.0030354905805135557
2020-05-20,30.967866897583008,31.027726690543187,30.673354085661607,30.71166523000856,5672000,29.207150268554688,26.98848331451416,1,0,1,0.02289622966085636
2020-05-21,30.584760665893555,31.0504679233718,30.52011107093111,30.94631247532493,5638400,29.36332416534424,27.074777069091798,1,0,1,-0.012371088811394815
2020-05-22,30.73441696166992,30.75596561359109,30.409976030239285,30.536880345287763,4168800,29.49998426437378,27.215758781433106,1,0,1,0.004893165501970165
2020-05-26,30.75596809387207,31.35456616363818,30.702096459724725,31.35456616363818,6104800,29.621799182891845,27.304997825622557,1,0,1,0.0007012051742849579
2020-05-27,30.927160263061523,30.93075170464104,30.038842945910325,30.738004917287235,6693600,29.77013177871704,27.468582649230957,1,0,1,0.005566144712692678
2020-05-28,30.864910125732425,31.43237986688388,30.76793754094204,30.838571667298478,5620000,29.85567150115967,27.60350673675537,1,0,1,-0.0020127983558660967
2020-05-29,31.25041007995605,31.33062382731725,30.71287019283429,30.940336724237657,5908000,29.969585037231447,27.762350769042968,1,0,1,0.012489910148879124
2020-06-01,31.350975036621094,31.42400590171433,31.018154652626468,31.124706863821583,8140800,30.13012933731079,27.922463874816895,1,0,1,0.0032180363844103166
2020-06-02,31.63111114501953,31.63111114501953,31.08638848409644,31.410827542761652,4565600,30.287380981445313,28.106975631713865,1,0,1,0.008935483125204646
2020-06-03,31.92562866210937,32.00703711662925,31.641890129371376,31.758018292324174,5732800,30.437330055236817,28.301352424621584,1,0,1,0.009311007625990797
2020-06-04,31.611949920654297,31.978291500095818,31.41561173238654,31.810684838513293,5651200,30.56117973327637,28.44329174041748,1,0,1,-0.009825295682504787
2020-06-05,32.37576675415039,32.46436173217559,31.74005604499008,31.85139438307989,5710400,30.697001361846922,28.600268096923827,1,0,1,0.024162281523704365
2020-06-08,32.574493408203125,32.584073018628864,32.07286817851828,32.34822534821964,11107200,30.820791053771973,28.730905876159667,1,0,1,0.006138129656103386
2020-06-09,32.64752960205078,32.824712234984766,32.36259642864976,32.39851083977111,5110400,30.93787670135498,28.886038513183593,1,0,1,0.0022421283097917577
2020-06-10,33.13359069824219,33.37542292411409,32.815136190776336,32.90013606590905,5129600,31.111828899383546,29.031186447143554,1,0,1,0.014888143210715521
2020-06-11,31.24561882019043,32.58408679280077,31.21449420702677,32.43922343889313,10707200,31.21772108078003,29.148727149963378,1,0,1,-0.05698059999732896
2020-06-12,31.62992286682129,32.250069578462124,31.086394806807192,32.153096985286936,8929600,31.32528944015503,29.297945709228514,1,0,1,0.012299453847991249
2020-06-15,32.02379608154297,32.138729533292725,30.96068540094843,31.02773174124533,5960000,31.443871784210206,29.445583992004394,1,0,1,0.012452550592048306
2020-06-16,32.69781875610352,32.96598950891716,32.204574555655924,32.83190413251034,8829600,31.560419273376464,29.614652099609376,1,0,1,0.021047557036782072
2020-06-17,32.67267227172852,32.98992844020929,32.636754204217326,32.945632778475414,4323200,31.680318355560303,29.741914024353026,1,0,1,-0.0007690569380963685
2020-06-18,32.851051330566406,32.88696939594218,32.56492344022936,32.637950628789106,5334400,31.774477577209474,29.876742095947264,1,0,1,0.005459579717090879
2020-06-19,32.633174896240234,33.284449970902834,32.49190661073886,33.24853554358999,5104800,31.876898288726807,29.992223777770995,1,0,1,-0.006632251495812813
2020-06-22,33.23745346069336,33.26625632115317,32.64096980785718,32.69017713622412,4426400,32.00205011367798,30.118521995544434,1,0,1,0.01851730842538224
2020-06-23,33.45587921142578,33.84953410857564,33.416271622429065,33.5038851915423,5562400,32.13704566955566,30.247967529296876,1,0,1,0.006571675263591814
2020-06-24,32.69977569580078,33.512291760804644,32.51015076687252,33.32986388411102,7292800,32.225676441192626,30.34038246154785,1,0,1,-0.022600019292476903
2020-06-25,33.13424301147461,33.16064685914247,32.382940187148805,32.7297869024073,5039200,32.33914308547973,30.45365020751953,1,0,1,0.01328655339154583
2020-06-26,32.52215576171875,33.12703783344168,32.39373689887437,33.06463041218775,7037600,32.40273036956787,30.54897762298584,1,0,1,-0.01847295106587732
2020-06-29,32.853389739990234,32.853389739990234,32.09968456419092,32.558149508698015,6948800,32.47785110473633,30.641998558044435,1,0,1,0.010184871528761796
2020-06-30,33.449886322021484,33.54590197400302,32.82820008375932,32.837799817646165,5987200,32.568789863586424,30.75631145477295,1,0,1,0.01815631771187287
2020-07-01,33.52909469604492,33.71152258627608,33.30826421126923,33.44268244873076,7564800,32.648963165283206,30.89500316619873,1,0,1,0.002367971396401769
2020-07-02,33.71272277832031,34.00076240331103,33.63351124048892,33.839940309879736,6564800,32.75400180816651,31.017206649780274,1,0,1,0.005476678805081292
2020-07-06,34.24558639526367,34.46761816319952,34.09916578216308,34.13997104645389,6245600,32.84749279022217,31.152892723083497,1,0,1,0.015806009513002817
2020-07-07,33.93114471435547,34.57923460388264,33.887936768322184,34.1987834564501,6304000,32.91532535552979,31.271491317749025,1,0,1,-0.009181962232414631
2020-07-08,34.52042770385742,34.52042770385742,34.03795789458579,34.16517905352732,4528000,33.00897026062012,31.39550647735596,1,0,1,0.01736702355498898
2020-07-09,34.65966033935547,34.81208039041736,34.13398605343437,34.804879673839494,4821600,33.08527374267578,31.529489517211914,1,0,1,0.004033340394635099
2020-07-10,34.59244537353516,34.636851005814684,34.23839433015567,34.585244658172115,4669600,33.25261507034302,31.63825611114502,1,0,1,-0.0019392851852036985
2020-07-13,33.802730560302734,35.097712841471925,33.72472037381298,34.886482104102235,11260000,33.36125545501709,31.734867935180663,1,0,1,-0.022829112099620352
2020-07-14,34.20718765258789,34.24679524839165,33.141441525402506,33.52909345252199,8337600,33.470425033569335,31.85620990753174,1,0,1,0.011965219542356742
2020-07-15,34.42081451416016,34.66925015287197,33.976754580899666,34.53843228897885,6807200,33.55657482147217,31.97490463256836,1,0,1,0.0062450869607255655
2020-07-16,33.986351013183594,34.14477404242717,33.72231629373244,34.06196217089628,4161600,33.62225875854492,32.07609870910645,1,0,1,-0.012622115632906938
2020-07-17,34.187984466552734,34.28760046330121,33.868742996275856,34.17478437638869,3877600,33.68910541534424,32.177159271240235,1,0,1,0.005932777346144835
2020-07-20,35.08570861816406,35.16972183781488,34.12917463711825,34.28279598474291,5258400,33.81173210144043,32.28568675994873,1,0,1,0.026258469623724245
2020-07-21,34.74726104736328,35.397753685523774,34.63924666476844,35.397753685523774,6194400,33.88722248077393,32.37865798950195,1,0,1,-0.009646308543575066
2020-07-22,35.00890350341797,35.15772316966332,34.75566614016069,34.80127311210613,4807200,33.964873695373534,32.4727197265625,1,0,1,0.007529872806321336
2020-07-23,34.14838409423828,35.09651619657081,33.98516298452423,34.87688703751859,8460000,34.03730411529541,32.562596473693844,1,0,1,-0.024580016026370943
2020-07-24,33.707916259765625,33.951553876773545,33.17144468672919,33.623906698410984,10396800,34.065987777709964,32.654199295043945,1,0,1,-0.01289864355681103
2020-07-27,34.27920150756836,34.32000678443144,33.87354409402854,33.92515410715821,5584800,34.15384006500244,32.75021221160889,1,0,1,0.016948103329799347
2020-07-28,33.86994171142578,34.2888028539064,33.85193992309504,34.213191680295026,3546400,34.20466766357422,32.83456806182861,1,0,1,-0.011939011941460187
2020-07-29,34.44961929321289,34.52042875746756,34.01995714808718,34.01995714808718,3221600,34.25465431213379,32.91622306823731,1,0,1,0.017114808957334526
2020-07-30,34.622440338134766,34.6512431919026,33.93354156367663,34.127968151852095,3513600,34.309321594238284,33.00317806243896,1,0,1,0.005016631488752754
2020-07-31,35.437355041503906,35.44455575564561,34.58043709504694,35.17931968443531,6256800,34.39555320739746,33.09256782531738,1,0,1,0.023537182688753377
2020-08-03,36.26667404174805,36.393891550763655,35.85621865609297,35.942630894539604,7621600,34.49660758972168,33.20620609283447,1,0,1,0.02340239555894752
2020-08-04,36.385498046875,36.39389644001607,36.0566494955576,36.237876051432025,7245600,34.61932525634766,33.31922771453858,1,0,1,0.0032763965339135392
2020-08-05,36.54510498046875,36.62911818110444,36.379481258577314,36.51749980594651,4141600,34.72055912017822,33.43501045227051,1,0,1,0.0043865534941456286
2020-08-06,36.98557662963867,37.02158020241135,36.41309418420019,36.554713120601846,4428000,34.83685493469238,33.55617877960205,1,0,1,0.012052822105869776
2020-08-07,36.38788986206055,36.861957634697696,36.089049235138646,36.861957634697696,8192000,34.92662715911865,33.66663837432861,1,0,1,-0.016159995923901938
2020-08-10,36.272682189941406,36.5283149213526,35.79141360469275,36.47670857153408,5455200,35.05012474060059,33.76708381652832,1,0,1,-0.0031660992862150295
2020-08-11,35.63058853149414,36.342287283685074,35.586182901063175,36.15986306437832,5032800,35.121294784545896,33.85267608642578,1,0,1,-0.017701852184102362
2020-08-12,36.411895751953125,36.48630557588854,35.88502028469794,35.93062725101235,8547200,35.220848846435544,33.94829177856445,1,0,1,0.021927990882563808
2020-08-13,36.500709533691406,36.7851487602717,36.35188987550946,36.45510256421706,6112800,35.34656677246094,34.03979339599609,1,0,1,0.00243914193161765
2020-08-14,36.41069412231445,36.56191644886502,36.237869652720015,36.51390680304965,3305600,35.457702255249025,34.135768280029296,1,0,1,-0.0024661277144178984
2020-08-17,36.72274398803711,36.78515140924123,36.61352825396319,36.62072896938588,3268800,35.539554023742674,34.22270782470703,1,0,1,0.008570280606966296
2020-08-18,36.83195877075195,36.93997316192469,36.53671479555838,36.81155430249984,3289600,35.64378890991211,34.30785713195801,1,0,1,0.002974036546681269
2020-08-19,36.77433776855469,37.09238146644057,36.72513045490124,36.90635694389063,3474400,35.73206062316895,34.390393295288085,1,0,1,-0.0015644294824478377
2020-08-20,37.248416900634766,37.31682736413207,36.583526383421,36.66993863662219,3662400,35.88706226348877,34.47268981933594,1,0,1,0.012891574963600272
2020-08-21,37.63607406616211,37.69008310009907,37.272423248821866,37.2976257554352,5163200,36.08347015380859,34.60049892425537,1,0,1,0.010407346077592194
2020-08-24,37.94210433959961,38.21574243528466,37.63605937115658,38.1905362758904,4545600,36.266615295410155,34.726742553710935,1,0,1,0.008131301710680994
2020-08-25,38.12333297729492,38.150938157804006,37.78848510444334,37.88930243211923,4108800,36.479284858703615,34.848733291625976,1,0,1,0.004776451935117443
2020-08-26,38.911842346191406,39.02225940041876,38.45938038334349,38.51098672208577,5106400,36.70239601135254,34.97301376342774,1,0,1,0.020683117327808143
2020-08-27,38.887840270996094,39.19988466790169,38.56019676747381,39.085870911181686,5460000,36.915666007995604,35.097317123413085,1,0,1,-0.0006168321453857706
2020-08-28,39.263484954833984,39.37870002668618,39.03305481112959,39.061857663437365,5982400,37.10697250366211,35.22556579589844,1,0,1,0.009659695195725737
2020-08-31,39.38351440429688,39.64395248651014,39.186688745781424,39.40031851530134,5144000,37.26281452178955,35.36057258605957,1,0,1,0.003057024856580437
2020-09-01,40.32084655761719,40.36045415607958,39.636752936569465,39.81917716965771,6870400,37.45958194732666,35.50224044799805,1,0,1,0.02380011452756592
2020-09-02,40.60888671875,40.89452731710794,39.879186113910094,40.89452731710794,9088800,37.66277103424072,35.64530059814453,1,0,1,0.007143703213701391
2020-09-03,38.20734405517578,39.93678635829775,37.91570414804495,39.93678635829775,17240800,37.72385940551758,35.75545196533203,1,0,1,-0.059138352651893156
2020-09-04,37.600059509277344,38.506184768836135,35.98223193275898,37.98411102279627,18643200,37.78446788787842,35.844768295288084,1,0,1,-0.01589444545062979
2020-09-08,35.96183395385742,37.0851893889396,35.91022394878503,36.276277368482,16860000,37.768925476074216,35.91356185913086,1,0,1,-0.043569759644016215
2020-09-09,37.09718322753906,37.46563557942381,36.41068717721189,36.79593997183004,9693600,37.842255210876466,35.99843772888184,1,0,1,0.03157095033413504
2020-09-10,36.31468200683594,37.70687762987963,36.117856357912224,37.62526708429228,9372000,37.8373945236206,36.055733642578126,1,0,1,-0.021093278589470854
2020-09-11,36.02320098876953,36.7437841022692,35.58291031531768,36.693257378246905,9997600,37.81351909637451,36.105615768432614,1,0,1,-0.008026533676146141
2020-09-14,36.78950119018555,36.963930926018136,36.468304212143146,36.61627193682339,5763200,37.832459449768066,36.167151336669924,1,0,1,0.021272407237072466
2020-09-15,37.19129943847656,37.41385128911652,36.92544210574049,37.37415092599449,6196800,37.855887222290036,36.22606559753418,1,0,1,0.010921546508986246
2020-09-16,36.634315490722656,37.38136434328874,36.615067388201126,37.333245922585,5390400,37.846005058288576,36.280129013061526,1,0,1,-0.01497618948956847
2020-09-17,36.30589294433594,36.52243129663498,35.74049520093153,35.79462703560676,7145600,37.82258281707764,36.31583831787109,1,0,1,-0.00896488830178599
2020-09-18,35.772979736328125,36.40815239140784,35.326675632606566,36.400934812354656,8876000,37.74881095886231,36.338104705810544,1,0,1,-0.01467842173238576
2020-09-21,36.10260009765625,36.11583477534725,35.02834075879733,35.17149554988832,10963200,37.67213726043701,36.36830780029297,1,0,1,0.009214227155737609
2020-09-22,36.70167541503906,36.77145023303422,35.88966482136118,36.52243276988512,6552800,37.61011581420898,36.426286697387695,1,0,1,0.016593688979805732
2020-09-23,35.60456848144531,36.72333744750835,35.48427058525787,36.68604539338627,5964800,37.484177589416504,36.45423431396485,1,0,1,-0.029892557252146457
2020-09-24,35.71403503417969,36.15071692392225,35.19795610346575,35.21720420471941,5826400,37.324287223815915,36.480098724365234,1,0,1,0.0030745086207524253
2020-09-25,36.613861083984375,36.70649280137842,35.54681947317213,35.75734076368593,5176800,37.21058826446533,36.53264892578125,1,0,1,0.025195306241468263
2020-09-28,37.2923469543457,37.2923469543457,36.91340932437226,37.19009301071468,5347200,37.11203136444092,36.59473617553711,1,0,1,0.01853084734235022
2020-09-29,37.19009399414063,37.430689787304985,37.14077141599788,37.27670862652781,4341600,37.002360343933105,36.63682388305664,1,0,1,-0.0027419288019134846
2020-09-30,37.466773986816406,37.84330324522213,37.13475068279631,37.19971256210453,5853600,36.859656715393065,36.691214141845705,1,0,1,0.007439615310447012
2020-10-01,37.93352127075195,38.03577518246672,37.70495607887138,37.96479988805744,5610400,36.72588844299317,36.749706497192385,0,-1,0,0.01245763203684902
2020-10-02,37.06016540527344,37.66887232906823,36.91340185816088,37.046930730652015,8308000,36.66852951049805,36.807942123413085,0,0,0,-0.023023327026376106
2020-10-05,37.90225601196289,37.90225601196289,37.34166741986565,37.34166741986565,5771200,36.68363933563232,36.89182891845703,0,0,0,0.02272225710491904
2020-10-06,37.380165100097656,38.22345082202872,37.22377563862549,37.82286045916906,5020000,36.75455589294434,36.95384819030762,0,0,0,-0.013774665858951707
2020-10-07,38.0875129699707,38.15728780163844,37.765115507727366,37.765115507727366,4263200,36.80407238006592,37.03819961547852,0,0,0,0.018923080408523862
2020-10-08,38.25473403930664,38.45803779377764,38.15248008515011,38.4123240021876,9509600,36.901074981689455,37.11430191040039,0,0,0,0.004390443384102882
2020-10-09,38.90072250366211,38.90072250366211,38.45080963459365,38.46885358125687,3540000,37.04495105743408,37.19986755371094,0,0,0,0.01688649733368197
2020-10-12,39.88115310668945,40.11453129490448,39.24357579117424,39.49740256375858,5248000,37.19953365325928,37.28874351501465,0,0,0,0.025203403431261373
2020-10-13,39.687477111816406,40.10370678098744,39.551539909473206,40.021905097326126,7586400,37.32434253692627,37.35715957641602,0,0,0,-0.004856328861779113
2020-10-14,39.46492004394531,39.97378136993076,39.16297120700362,39.80536508145323,8697600,37.4658727645874,37.41874801635742,1,1,1,-0.005607740377249426
2020-10-15,39.31576156616211,39.37591051770283,38.631266203932704,38.763594631562405,4654400,37.61636619567871,37.47416114807129,1,0,1,-0.0037795205873244475
2020-10-16,39.19064712524414,39.66582526732229,39.19064712524414,39.526279272000096,3188000,37.78724956512451,37.5182625579834,1,0,1,-0.0031822972755448653
2020-10-19,38.59156036376953,39.57439570780544,38.45562683638549,39.43244508340079,4293600,37.91169757843018,37.56233596801758,1,0,1,-0.015286472804597162
2020-10-20,38.6408805847168,39.0498926380084,38.45923328431724,38.72749520421854,6565600,38.00865783691406,37.609699935913085,1,0,1,0.0012780053587460039
2020-10-21,38.50252914428711,38.91514988405882,38.42313212363616,38.60117426126547,2576000,38.15355587005615,37.667138748168945,1,0,1,-0.0035804422243008727
2020-10-22,38.34976959228516,38.66013656723893,37.861360398948186,38.515781286107206,3617600,38.285342597961424,37.70589622497559,1,0,1,-0.00396751993692368
2020-10-23,38.326908111572266,38.47246752910567,38.012928712733846,38.40870979488028,2091200,38.37099494934082,37.7424201965332,1,0,1,-0.0005961308491797546
2020-10-26,37.4992561340332,38.21021706118142,37.03249976186551,37.93713851794308,4809600,38.381340408325194,37.764191436767575,1,0,1,-0.021594540710920707
2020-10-27,37.66767120361328,37.8084213370668,37.49324148216052,37.688123458327006,3296800,38.40521926879883,37.7830899810791,1,0,1,0.004491157610650109
2020-10-28,36.163944244384766,36.96873726951772,36.0917647898366,36.95791090201543,6426400,38.340077781677245,37.769729690551756,1,0,1,-0.03992089001467847
2020-10-29,36.67642211914063,37.08543422014047,36.26741001814078,36.32875944701053,5878400,38.27722282409668,37.76777137756348,1,0,1,0.014170961864466314
2020-10-30,35.847564697265625,36.399731535330666,35.46261367742596,36.21567592264232,6740000,38.21659278869629,37.739754333496094,1,0,1,-0.022599189724191837
2020-11-02,35.922149658203125,36.38409676700883,35.53599447549846,36.13507926410578,4953600,38.1175874710083,37.70547584533691,1,0,1,0.0020806144452871767
2020-11-03,36.57296371459961,36.81957659531557,36.0448578790377,36.18921314636382,7177600,38.077227401733396,37.67809303283691,1,0,1,0.01811734716850011
2020-11-04,38.01893615722656,38.2751711827446,37.29233606530863,37.69533462477036,7357600,38.07379856109619,37.676005096435546,1,0,1,0.03953664936510837
2020-11-05,39.22914123535156,39.30011654732412,38.86824757848761,38.97531078766652,7440000,38.122518920898436,37.68235107421875,1,0,1,0.03183163971554115
2020-11-06,39.4119873046875,39.50341486002806,38.64448631209604,39.14011294561664,3914400,38.148082160949706,37.692834014892576,1,0,1,0.004660975580346394
2020-11-09,39.00057601928711,40.450164073747295,38.93320949697926,40.450164073747295,7241600,38.10405330657959,37.687575836181644,1,0,1,-0.01043873485038549
2020-11-10,38.194580078125,38.87907536597702,37.84330862396815,38.597578743898026,10052800,38.02940845489502,37.6637971496582,1,0,1,-0.020666257358955886
2020-11-11,39.12808227539063,39.24356719056675,38.55065035711148,38.62162565243843,5468000,38.01256656646729,37.63994186401367,1,0,1,0.024440698008885153
2020-11-12,38.823726654052734,39.350628155985945,38.65891551488836,39.16537210928573,2980000,37.98796482086182,37.60423866271972,1,0,1,-0.0077784446269507646
2020-11-13,39.12929153442383,39.20267515292674,38.75516687614199,39.10282585300967,2504800,37.98489704132081,37.622677612304685,1,0,1,0.007870570568711655
2020-11-16,39.51424407958984,39.57800180799485,39.02463083570997,39.24718264394626,4412000,38.03103122711182,37.660961303710934,1,0,1,0.009837963583555931
2020-11-17,39.39995956420898,39.599654481641394,39.16417675196344,39.35063699383111,2993600,38.06898517608643,37.72972381591797,1,0,1,-0.0028922359023411115
2020-11-18,38.989742279052734,39.52146049881194,38.989742279052734,39.3843228311273,2917600,38.09334583282471,37.76757499694824,1,0,1,-0.010411616907568755
2020-11-19,39.41679763793945,39.45168504562027,38.80809075401586,39.00417685514686,2460000,38.146697235107425,37.82961730957031,1,0,1,0.010953018253628155
2020-11-20,39.10042190551758,39.5178557185555,39.08598674652839,39.44086330901299,2560800,38.18537292480469,37.89116172790527,1,0,1,-0.008026418973147598
2020-11-23,39.12567901611328,39.43965837347757,38.796064019076205,39.22311999948847,3307200,38.26669406890869,37.93788528442383,1,0,1,0.0006459549376918172
2020-11-24,39.59003448486328,39.65860516004992,38.97170159695584,39.28808562027657,3805600,38.362812232971194,37.98585998535156,1,0,1,0.011868304408436225
2020-11-25,39.77529144287109,39.86310654269501,39.57800116425331,39.73799572384471,2536800,38.543379592895505,38.04867950439453,1,0,1,0.004679383597875786
2020-11-27,40.07001876831055,40.19152079692061,39.97137362966079,40.003856405499015,1743200,38.713059425354004,38.123962020874025,1,0,1,0.007409809325037209
2020-11-30,40.3394889831543,40.359941239348814,39.553943924956265,40.08806683892861,3122400,38.93765563964844,38.21529220581055,1,0,1,0.006724983494563741
2020-12-01,40.67391204833984,40.89285505812891,40.39963304494686,40.60654553320471,5749600,39.17524375915527,38.30671844482422,1,0,1,0.00829021570712496
2020-12-02,40.62459945678711,40.665500299382025,40.196339256439984,40.51993720729977,2906400,39.377825546264646,38.38517692565918,1,0,1,-0.001212388704930123
2020-12-03,40.64985656738281,40.93135316254893,40.5692553734541,40.69797498454627,2307200,39.50937156677246,38.48608268737793,1,0,1,0.000621719621446859
2020-12-04,41.10578536987305,41.10578536987305,40.66429055314592,40.7400788018135,2954400,39.603203773498535,38.5939176940918,1,0,1,0.011216000276273341
2020-12-07,41.20803451538086,41.329536540679136,41.08051906497264,41.121419900839456,3588800,39.693006134033205,38.68580116271973,1,0,1,0.0024874636158334074
2020-12-08,41.39449691772461,41.53404288449013,41.056460203935565,41.19600617070108,3334400,39.81270217895508,38.767844161987306,1,0,1,0.004524904051760981
2020-12-09,40.54519271850586,41.49193631164085,40.390007447510335,41.40532170355026,7505600,39.93023281097412,38.834946136474606,1,0,1,-0.020517321442674374
2020-12-10,40.72444152832031,40.88564024839643,40.19272327870808,40.28655915028669,6369600,40.0100507736206,38.900099487304686,1,0,1,0.0044209633200889
2020-12-11,40.65225982666016,40.66068155895854,40.18911227584626,40.47903059377808,3390400,40.101477432250974,38.95447425842285,1,0,1,-0.0017724417806921355
2020-12-14,40.82669448852539,41.16112244305388,40.80143296204084,40.8242861813936,2468800,40.18634757995605,39.02980484008789,1,0,1,0.004290897052439568
2020-12-15,41.50517272949219,41.50517272949219,41.04683810598111,41.23931544587236,3760800,40.28589401245117,39.10186317443848,1,0,1,0.01661849555705497
2020-12-16,41.807125091552734,41.90577024132404,41.4378096923457,41.57374689389879,2983200,40.40625228881836,39.19040237426758,1,0,1,0.007275053739169035
2020-12-17,42.188018798828125,42.24708084802543,41.98672006201797,42.0988224504888,3898400,40.56616611480713,39.27241249084473,1,0,1,0.009110736661305463
2020-12-18,42.0747184753418,42.28565859408023,41.88065533178423,42.28083607567088,3024000,40.69906215667724,39.34881217956543,1,0,1,-0.002685604271359554
2020-12-21,42.18681335449219,42.20730629698687,41.29122284337922,41.67814622451424,4828800,40.85338172912598,39.41453399658203,1,0,1,0.002664186076873909
2020-12-22,42.64244079589844,42.799141351521136,42.283242320454285,42.44837768379648,4200000,41.02921981811524,39.46975975036621,1,0,1,0.010800233655423375
2020-12-23,42.25431060791016,42.773825604064456,42.2482852197936,42.72681801264722,3109600,41.16243362426758,39.52109642028809,1,0,1,-0.009101969323144554
2020-12-24,42.53516387939453,42.63038928876714,42.34109709211633,42.34109709211633,1459200,41.30042724609375,39.58250129699707,1,0,1,0.006646736568263645
2020-12-28,42.83409881591797,42.96910357361023,42.607491963567455,42.941378692579015,4860800,41.438631248474124,39.652868041992186,1,0,1,0.007027948390443406
2020-12-29,42.55083084106445,43.11494395733785,42.46886276347978,43.06070075525269,4262400,41.54919834136963,39.720071716308595,1,0,1,-0.006613141928604072
2020-12-30,42.60747909545898,42.8003356197667,42.53033354293397,42.73645106842673,2836000,41.64587669372558,39.800390090942386,1,0,1,0.0013313078328862638
2020-12-31,42.64485549926758,42.71717855239262,42.32061014853467,42.63400759307432,3288000,41.74688949584961,39.8804695892334,1,0,1,0.0008772263603031849
2021-01-04,41.93609619140625,42.85458903394829,41.362337962835305,42.83650919029653,6480800,41.81120147705078,39.94914093017578,1,0,1,-0.016620042430991466
2021-01-05,42.28083038330078,42.2989139052753,41.8276130334402,41.83243187269704,3568000,41.86995372772217,40.02776214599609,1,0,1,0.0082204645449373
2021-01-06,41.57931137084961,42.356774155344574,41.45154222465037,41.71431245524853,6245600,41.88851757049561,40.09281021118164,1,0,1,-0.016591892971152378
2021-01-07,42.76298141479492,42.857000284303496,42.01203700785574,42.01806239649595,4467200,41.956941795349124,40.19808471679688,1,0,1,0.02846776449441535
2021-01-08,43.07516860961914,43.23307571331718,42.60989682020589,43.03177698674258,4316800,42.08344058990478,40.30623466491699,1,0,1,0.007300407607132131
2021-01-11,42.70753860473633,43.02575860499632,42.47972519053069,42.74852081473883,5318400,42.18259544372559,40.43710655212402,1,0,1,-0.008534615574336213
2021-01-12,42.64485549926758,42.77985656989923,42.21694624740468,42.71114948550528,14567200,42.28222522735596,40.556475219726565,1,0,1,-0.0014677292936240427
2021-01-13,42.85820770263672,43.01972711360652,42.612310777972105,42.68101786668044,3872800,42.38380088806152,40.69668807983398,1,0,1,0.005002999796137386
2021-01-14,42.59060287475586,43.11132432794196,42.53033429022513,42.97511673834211,3349600,42.43807239532471,40.83005714416504,1,0,1,-0.0062439575107196
2021-01-15,42.1422233581543,42.74852544330055,42.04338195235608,42.54120127239644,4156000,42.454827308654785,40.941442337036136,1,0,1,-0.010527663060325598
2021-01-19,42.667762756347656,42.74852062677571,42.30373802930202,42.44115221385656,4024800,42.47881450653076,41.03441886901855,1,0,1,0.012470613942860975
2021-01-20,43.47536087036133,43.59710463196389,43.00647302711156,43.00647302711156,3961600,42.54884662628174,41.11934326171875,1,0,1,0.0189275945548264
2021-01-21,43.979190826416016,44.09370261125916,43.4693209429101,43.73450051430611,3644800,42.63846549987793,41.21068733215332,1,0,1,0.011588861966138841
2021-01-22,43.8502311706543,44.01657310338082,43.68388923792778,43.76103113689301,3693600,42.698855018615724,41.307680435180664,1,0,1,-0.002932288051199383
2021-01-25,44.145545959472656,44.54090785527711,43.081204029477455,44.37938843768969,6279200,42.793416786193845,41.426699752807615,1,0,1,0.0067346233060681104
2021-01-26,44.00452423095703,44.35167201661022,43.92135325403995,44.30707015481811,6351200,42.866884803771974,41.52422859191895,1,0,1,-0.0031944724082716425
2021-01-27,43.12096786499024,43.8755317586192,42.73886707969122,43.77307442403179,10807200,42.88122825622558,41.6101734161377,1,0,1,-0.020078761932056266
2021-01-28,43.35000228881836,43.99607994367944,43.22222946695041,43.363259615722406,3753600,42.92118682861328,41.69458763122559,1,0,1,0.00531143977438564
2021-01-29,42.34470748901367,43.28369309856067,42.09760775526569,43.148692053088446,7924000,42.90804824829102,41.75119689941406,1,0,1,-0.023190190235906627
2021-02-01,43.40785217285156,43.58986450644744,42.54842142159844,42.84253245879174,5582400,42.946198081970216,41.831354751586915,1,0,1,0.02510690820366923
2021-02-02,44.09973907470703,44.20822549959682,43.80321858698354,43.88759610000816,3616000,43.05438022613525,41.9335546875,1,0,1,0.015939210700874007
2021-02-03,43.93701553344727,44.28054360739452,43.80201445928501,44.25161585678929,3337600,43.13718948364258,42.02395904541016,1,0,1,-0.003689898050963425
2021-02-04,44.67470169067383,44.67470169067383,44.05755183366109,44.17567593189198,3020800,43.29195899963379,42.13544464111328,1,0,1,0.0167896282501252
2021-02-05,44.683143615722656,44.86635884408982,44.53005901027106,44.86635884408982,2907200,43.387967109680176,42.246593933105466,1,0,1,0.0001889643294605836
2021-02-08,45.1954231262207,45.20144851462133,44.83983692650436,44.91456939948801,3248800,43.49397983551025,42.35870170593262,1,0,1,0.01146471508145619
2021-02-09,45.20987319946289,45.36416061615162,45.065227136972496,45.065227136972496,4436000,43.61909656524658,42.46739334106445,1,0,1,0.0003197242606143291
2021-02-10,45.12911987304688,45.46903560662652,44.74701906887992,45.41720550158857,3140000,43.74330978393555,42.56857536315918,1,0,1,-0.0017861878545806231
2021-02-11,45.62091445922852,45.64261026938162,45.21952357888156,45.40515187114267,4443200,43.88144512176514,42.674203872680664,1,0,1,0.010897500052407638
2021-02-12,45.877662658691406,45.899362150700405,45.3593541618187,45.53172147772949,2377600,44.04579811096192,42.7782788848877,1,0,1,0.005627861749512686
2021-02-16,45.700469970703125,46.13319802233554,45.51845764469369,46.06087497581834,3397600,44.22371044158936,42.87979629516602,1,0,1,-0.003862286736499909
2021-02-17,45.21109771728516,45.32199357542634,44.719307490646734,45.29185927118736,3560000,44.350877189636236,42.97102111816406,1,0,1,-0.0107082542856054
2021-02-18,45.00376510620117,45.08693606456328,44.41674955841589,44.72532448159872,2912800,44.42729740142823,43.048980712890625,1,0,1,-0.0045858787234163145
2021-02-19,45.05801010131836,45.36176251878933,44.84586345378114,45.27618213740922,2415200,44.48123836517335,43.12598022460938,1,0,1,0.0012053434860213041
2021-02-22,43.96112060546875,44.60720190181716,43.92857688615679,44.484251605187474,3908800,44.48678283691407,43.17731269836426,1,0,1,-0.024343940031597566
2021-02-23,43.71039962768555,43.974376354957215,42.22538063778801,43.15231187713862,9191200,44.465025520324716,43.24061683654785,1,0,1,-0.0057032435554432714
2021-02-24,44.3118782043457,44.36009234138644,43.00766501385242,43.47294044862761,5368800,44.480393218994145,43.31236557006836,1,0,1,0.013760537121220606
2021-02-25,42.66655349731445,44.27210990922363,42.5086500571293,43.99005329824015,5407200,44.45767250061036,43.35265144348145,1,0,1,-0.03713055671988852
2021-02-26,42.97151184082031,43.59348423483156,42.4893630403623,43.09687155892035,5277600,44.43874797821046,43.395547790527345,1,0,1,0.007147480133942619
2021-03-01,44.3890266418457,44.43603423299206,43.50307756213344,43.69473125227477,5344000,44.540963935852055,43.45322486877441,1,0,1,0.03298731509089792
2021-03-02,43.60433578491211,44.54693765141026,43.57420148236552,44.4999263737558,3537600,44.55078811645508,43.4891690826416,1,0,1,-0.017677586473452078
2021-03-03,42.40739440917969,43.571784087893086,42.354357752124194,43.489816004305375,4440000,44.46617088317872,43.493556594848634,1,0,1,-0.02745005408720358
2021-03-04,41.3261833190918,42.552044688831,40.7970231997828,42.26998805793079,9154400,44.335629272460935,43.47858589172363,1,0,1,-0.025495815179200187
2021-03-05,41.99516296386719,42.10726168562044,40.45228815698373,41.84449145231592,8107200,44.2016523361206,43.47475288391113,1,0,1,0.016187791638293758
2021-03-08,40.91153717041016,42.204902830142125,40.8765803475785,41.94212890201634,6212800,44.01307201385498,43.440134811401364,1,0,1,-0.02580358586510023
2021-03-09,42.4773063659668,42.74369253432496,41.90716779344698,41.99515759069248,8612800,43.877166175842284,43.4445947265625,1,0,1,0.03827206953956974
2021-03-10,42.29649353027344,43.03297757465678,42.26635923683801,43.03297757465678,5149600,43.73149719238281,43.439821319580076,1,0,1,-0.00425669260040995
2021-03-11,43.34156799316406,43.57179451902071,42.9329450619122,42.9329450619122,4308000,43.642119598388675,43.449970703125,1,0,1,0.024708300278901918
2021-03-12,43.02575302124024,43.03057186049488,42.511056846805374,42.82083831931722,3212000,43.51236152648926,43.459469146728516,1,0,1,-0.00728665312647736
2021-03-15,43.556114196777344,43.56575555340378,42.92088085335624,43.07034946983932,3540000,43.396284103393555,43.47844184875488,0,-1,0,0.012326598334613248
2021-03-16,43.78995513916016,44.24558555309438,43.54044228239778,43.86830357401468,5140000,43.300758361816406,43.50134384155273,0,0,0,0.005368728287522995
2021-03-17,43.80321502685547,44.03585092558249,43.03057118136798,43.39459585702697,4605600,43.23036422729492,43.53868621826172,0,0,0,0.00030280660606218923
2021-03-18,42.39896011352539,43.2752642335437,42.34351403148866,43.18004249403579,3854400,43.100123977661134,43.54104881286621,0,0,0,-0.032058261305001
2021-03-19,42.37364196777344,42.67377837367324,42.06747649567512,42.4423453658148,3244000,42.965905570983885,43.556935424804685,0,0,0,-0.0005971407243046123
2021-03-22,43.14748764038086,43.36445677006229,42.53274729070432,42.5520336807984,7044800,42.925223922729494,43.5646255493164,0,0,0,0.018262430054890144
2021-03-23,42.822052001953125,43.42112210518013,42.70151478744873,43.265628068488375,2420000,42.88080654144287,43.55956321716309,0,0,0,-0.007542400640800362
2021-03-24,42.16512298583984,43.083615977778685,42.16512298583984,43.07879713768993,2912800,42.773468780517575,43.54871490478516,0,0,0,-0.015340904636782171
2021-03-25,42.17475891113281,42.30734687650147,41.561221380785504,41.925246046551855,3504000,42.7488790512085,43.53931297302246,0,0,0,0.0002285283336234123
2021-03-26,43.18051910400391,43.22640631636987,42.154107805749305,42.1794651706939,2932800,42.75932941436768,43.545759201049805,0,0,0,0.02384744379903525
2021-03-29,42.85569381713867,43.1974304978527,42.60935405075643,43.08029869725642,3452000,42.68266277313232,43.55106101989746,0,0,0,-0.007522496107165155
2021-03-30,42.58398818969727,42.65765020307202,42.20602677393014,42.58036570937572,2256800,42.631645393371585,43.559896316528324,0,0,0,-0.0063400123353676285
2021-03-31,43.28920364379883,43.58263936513575,42.87018611589229,42.87018611589229,3500000,42.67573585510254,43.57232513427734,0,0,0,0.01656057790923815
2021-04-01,44.19244766235352,44.20814630967536,43.83380727361877,43.86278712398005,3245600,42.81904907226563,43.586666870117185,0,0,0,0.02086534152919417
2021-04-05,44.97493362426758,45.05945941025106,44.412218230192856,44.51486010650615,4255200,42.968037605285645,43.60658172607422,0,0,0,0.017706327739357874
2021-04-06,44.89402389526367,45.16451229011378,44.70685624438578,44.920589982981305,2087200,43.16716194152832,43.62745758056641,0,0,0,-0.0017989960736761734
2021-04-07,45.05583953857422,45.13916029245518,44.69116291392557,44.86625442118546,2060800,43.29608860015869,43.64566345214844,0,0,0,0.003604391615419811
2021-04-08,45.74171447753906,45.74171447753906,45.402395284957606,45.45069993945008,3368800,43.468349647521975,43.68040725708008,0,0,0,0.015222775693207069
2021-04-09,46.12210464477539,46.14142208914407,45.45795601946061,45.56663414839548,2572800,43.60737648010254,43.74042999267578,0,0,0,0.008316045246251402
2021-04-12,45.969947814941406,46.11122826091932,45.70790940208336,45.99410014534308,2897600,43.7545862197876,43.79282890319824,0,0,0,-0.0032990001433340632
2021-04-13,46.46504211425781,46.490399482139416,46.08828933664646,46.13779535032492,3532800,43.90003261566162,43.875235595703124,1,1,1,0.010769955652538021
2021-04-14,45.96149826049805,46.54836603880992,45.86972381887949,46.490402651714746,3935200,44.008609771728516,43.92630851745606,1,0,1,-0.010837047183160808
2021-04-15,46.74277114868164,46.770545958150585,46.41431937832776,46.41431937832776,3339200,44.15558757781982,43.97916915893555,1,0,1,0.016998420803332692
2021-04-16,46.67032241821289,46.85749377099098,46.49039971285097,46.85749377099098,2580800,44.369155693054196,44.03383529663086,1,0,1,-0.0015499451292330102
2021-04-19,46.22956848144531,46.68964199710196,45.95424886825608,46.46745456234645,2954400,44.56195201873779,44.064932632446286,1,0,1,-0.009443987397772413
2021-04-20,45.76103973388672,46.33220879016621,45.50987245943664,46.135378729234425,3850400,44.69262962341308,44.08649055480957,1,0,1,-0.010134828486375369
2021-04-21,46.24284744262695,46.266996084647886,45.57024529942892,45.66081099854481,5244800,44.86366939544678,44.107439041137695,1,0,1,0.010528775384958111
2021-04-22,45.812965393066406,46.48918637362728,45.59922797141774,46.18850941315904,4720000,45.046061515808105,44.119500885009764,1,0,1,-0.009296184671454322
2021-04-23,46.480735778808594,46.64979102177961,45.891454344628535,45.891454344628535,1837600,45.2613603591919,44.146533203125,1,0,1,0.014576013144157907
2021-04-26,46.85749435424805,46.882851722571125,46.49402277272767,46.49402277272767,3492800,45.4452091217041,44.17126480102539,1,0,1,0.008105693017261162
2021-04-27,46.69326019287109,46.94080865720236,46.559224722165375,46.93839121332292,3612800,45.637087440490724,44.18757675170898,1,0,1,-0.003504971054050232
2021-04-28,46.32376480102539,46.549574756424605,46.24889772331323,46.53146234812793,3096800,45.82407627105713,44.20004264831543,1,0,1,-0.007913248942555295
2021-04-29,46.1812629699707,46.70774981439168,45.709113335568674,46.70774981439168,3200000,45.96867923736572,44.21944595336914,1,0,1,-0.0030762143721861923
2021-04-30,45.51711654663086,45.96149139257288,45.41568339821766,45.707906678975874,2964800,46.03491268157959,44.22971298217774,1,0,1,-0.014381296236348096
2021-05-03,45.334774017333984,45.82262229260565,45.2212647104372,45.72964283275522,4212000,46.05290470123291,44.23524826049805,1,0,1,-0.004006021099998036
2021-05-04,44.41584396362305,44.95923827023053,43.906260710910445,44.95923827023053,5891200,46.02899570465088,44.244342727661135,1,0,1,-0.020269871718332166
2021-05-05,44.28301239013672,44.804671795751545,44.20331411829598,44.74549968908179,1647200,45.990354347229,44.25579498291015,1,0,1,-0.00299063490936069
2021-05-06,44.553489685058594,44.57281080841739,43.81085174063109,44.24556780338517,3889600,45.93094310760498,44.26062721252441,1,0,1,0.006107924468619075
2021-05-07,44.98097610473633,45.282861850405695,44.80467586110146,45.01116467930326,2437600,45.87388668060303,44.30691566467285,1,0,1,0.009594903175925484
2021-05-10,43.81809997558594,44.80345522975068,43.80481877516853,44.80345522975068,3597600,45.76629428863525,44.323847427368165,1,0,1,-0.025852621037895762
2021-05-11,43.77946090698242,43.88089774084824,42.78203310183007,42.92935346466716,6448000,45.632015228271484,44.311656112670896,1,0,1,-0.0008818061172219949
2021-05-12,42.49102783203125,43.34355297865385,42.38355472565152,43.08996818681086,6810400,45.45849170684814,44.28938995361328,1,0,1,-0.029430080870312403
2021-05-13,42.97403717041016,43.37735605543942,42.622641745475576,42.92694122860675,3992000,45.27005500793457,44.30072280883789,1,0,1,0.011367325363092373
2021-05-14,43.96904373168945,44.10911912560401,43.350782465534046,43.47515921489634,2633600,45.1349910736084,44.35358001708985,1,0,1,0.023153667348815077
2021-05-17,43.63817596435547,43.74685406356122,43.221572284751154,43.72874166121487,2685600,45.0054214477539,44.38644027709961,1,0,1,-0.007525016221708758
2021-05-18,43.35200119018555,43.94611026562896,43.3326800605192,43.81207476530004,3141600,44.884969520568845,44.43524955749512,1,0,1,-0.006557899541989931
2021-05-19,43.50414276123047,43.52225885117988,42.59003567005447,42.63350544162551,2688000,44.74803428649902,44.45578628540039,1,0,1,0.0035094474734274073
2021-05-20,44.36511993408203,44.5112315751151,43.66232916857932,43.686481497650185,2498400,44.675642013549805,44.49715881347656,1,0,1,0.019790693901888368
2021-05-21,44.1525993347168,44.69116242372024,44.116370837484645,44.61146415196357,2177600,44.559235191345216,44.51337944030762,1,0,1,-0.004790263154500596
2021-05-24,44.92058944702149,45.07998597142549,44.50157197332291,44.50640317606703,5909600,44.46238994598389,44.55127616882324,0,-1,0,0.0173939954584017
2021-05-25,44.9350814819336,45.20677860829336,44.84210201422549,45.12466658342427,2137600,44.37448101043701,44.57885551452637,0,0,0,0.0003226145313430795
2021-05-26,45.02323913574219,45.16210583644887,44.87350130569112,45.04618274635174,2072800,44.30945472717285,44.60352119445801,0,0,0,0.0019618892611561467
2021-05-27,44.83366012573242,45.14399958725337,44.81554771623548,44.97735804962332,1900000,44.24207458496094,44.62413009643555,0,0,0,-0.004210692381287795
2021-05-28,44.95439910888672,45.22971869475856,44.9326642249008,45.0208124827752,1802400,44.21393871307373,44.675238876342775,0,0,0,0.0026930431915594966
2021-06-01,44.75275039672852,45.21886392185438,44.64165850181256,45.15969549271716,3530400,44.18483753204346,44.72282104492187,0,0,0,-0.004485628017622312
2021-06-02,45.00753402709961,45.17779799896289,44.75274058774288,44.84934621989655,3008800,44.21442203521728,44.76002197265625,0,0,0,0.005693139038661421
2021-06-03,44.52573013305664,44.79138735672615,44.28663531513849,44.63078577444951,3086400,44.226557922363284,44.79409553527832,0,0,0,-0.010704960946157804
2021-06-04,45.36737823486328,45.42775536656519,44.826397808168245,44.826397808168245,2740000,44.267252349853514,44.85814064025879,0,0,0,0.01890251095920359
2021-06-07,45.43017959594727,45.45433192824573,45.22127334546394,45.33840515536732,4038400,44.289712524414064,44.923249053955075,0,0,0,0.0013842845570417595
2021-06-08,45.50987243652344,45.88421143168267,45.320287337489546,45.66806024434385,1862400,44.37430114746094,44.96983612060547,0,0,0,0.0017541828204279408
2021-06-09,45.4857177734375,45.78156721051238,45.47485033129687,45.7284350366285,1462400,44.459613990783694,45.02243659973144,0,0,0,-0.0005307565544075965
2021-06-10,45.89508819580078,45.92406804888184,45.45312701067056,45.56421890423383,2942400,44.62981700897217,45.08865859985352,0,0,0,0.008999977188495434
2021-06-11,46.17644500732422,46.19093493415057,45.88301293370398,45.93855888158128,2219200,44.78993740081787,45.14640342712402,0,0,0,0.006130434052617817
2021-06-14,46.68601989746094,46.68601989746094,46.11364578026421,46.25372118954032,2420000,44.92578620910645,45.19627487182617,0,0,0,0.011035385899800021
2021-06-15,46.36481094360352,46.670319115549006,46.26216907161821,46.670319115549006,2441600,45.062117958068846,45.22407241821289,0,0,0,-0.0068801957108981515
2021-06-16,46.17041015625,46.55199420972414,45.67531675904682,46.40587884452525,4434400,45.20303840637207,45.249600143432616,0,0,0,-0.004192851936568598
2021-06-17,46.76571273803711,46.94563541801773,45.98443247709964,46.0073760828173,11313600,45.3661169052124,45.283797607421874,1,1,1,0.01289359526528977
2021-06-18,46.39137268066406,46.731900592669206,46.295979464529125,46.52782558984449,7348000,45.4674295425415,45.296790771484375,1,0,1,-0.008004583603161364
2021-06-21,46.80436325073242,46.829720619639176,46.05327142418576,46.405871885126885,4687200,45.60001773834229,45.310435943603515,1,0,1,0.008902314077041673
2021-06-22,47.25357437133789,47.27168677962296,46.73070617969296,46.79591453464805,2716800,45.7166669845581,45.33610847473145,1,0,1,0.00959763341291553
2021-06-23,47.22096252441406,47.40451139939711,47.14489041900379,47.25598229952978,2051200,45.830961036682126,45.35122688293457,1,0,1,-0.0006901456103098891
2021-06-24,47.544578552246094,47.71388749385456,47.44903848529419,47.54578539745385,2784800,45.957028007507326,45.38288848876953,1,0,1,0.006853228111661558
2021-06-25,47.53370666503906,47.648596890149605,47.41277113993716,47.64496897202292,2283200,46.09203033447265,45.39870719909668,1,0,1,-0.00022866723269165945
2021-06-28,48.04041290283203,48.09604588554795,47.70905084099269,47.70905084099269,3522400,46.24633102416992,45.42610900878906,1,0,1,0.010659935303670487
2021-06-29,48.38386917114258,48.39475661301191,47.964222873599326,48.04887919278535,6235200,46.427886962890625,45.46919502258301,1,0,1,0.007149319657290043
2021-06-30,48.22544860839844,48.35243309937883,48.10572364291456,48.314943389163496,4003200,46.588782691955565,45.51848320007324,1,0,1,-0.003274243367841878
2021-07-01,48.24117660522461,48.29317799135825,47.93520989730148,48.177080929356414,3461600,46.77455501556396,45.558449783325194,1,0,1,0.0003261347956322602
2021-07-02,48.8228759765625,48.8688320630026,48.47337425557058,48.51811980584362,3036800,46.947329902648924,45.618647994995115,1,0,1,0.01205815057327797
2021-07-06,49.06473922729492,49.24977038922181,48.584625158801714,48.92203622725373,3208800,47.12905788421631,45.670328063964845,1,0,1,0.004953891918381137
2021-07-07,49.25339889526367,49.44447904869181,48.87003543373483,49.39852296898989,8687200,47.31623420715332,45.718246154785156,1,0,1,0.0038451171032372056
2021-07-08,48.77330017089844,48.92084167237937,48.16620510908525,48.40203088044449,4490400,47.48061332702637,45.759846954345704,1,0,1,-0.009747524742122926
2021-07-09,49.23405456542969,49.28122118667064,48.662031955149686,48.75394412536759,2294400,47.647561645507814,45.818052749633786,1,0,1,0.00944685704918058
2021-07-12,49.22921371459961,49.48075792480227,49.08167226043831,49.46261833836,9924800,47.80020008087158,45.87901176452637,1,0,1,-9.83232210470808e-05
2021-07-13,49.335636138916016,49.71537167005121,49.070787112418806,49.14092807488612,10911200,47.93268089294433,45.95538215637207,1,0,1,0.0021617737982446705
2021-07-14,49.54970169067383,49.91855355255887,49.38885907202689,49.72263859952305,3155200,48.09192543029785,46.03968070983887,1,0,1,0.0043389640533886276
2021-07-15,49.09859848022461,49.49526674041337,48.80351558891437,49.49526674041337,3946400,48.238334846496585,46.1333358001709,1,0,1,-0.009104055020660695
2021-07-16,48.64992904663086,49.44447610621372,48.59187868246329,49.26670078727497,3323200,48.33254566192627,46.22067413330078,1,0,1,-0.00913813117851947
2021-07-19,48.06097412109375,48.24721581139272,47.70179556370345,48.04283453549996,5864800,48.416025733947755,46.29082382202149,1,0,1,-0.01210597707085237
2021-07-20,48.84222412109375,49.1227953917057,48.022281506086976,48.30527015827597,7271200,48.51791877746582,46.36804878234863,1,0,1,0.01625539253598096
2021-07-21,49.34047317504883,49.35135692710607,48.75998425471163,48.86761492993888,11828800,48.622263717651364,46.47849624633789,1,0,1,0.010201195029935217
2021-07-22,49.668212890625,49.72988748791969,49.42875926444602,49.42875926444602,2611200,48.74462623596192,46.59627128601074,1,0,1,0.006642411279953242
2021-07-23,50.15558624267578,50.20637709096934,49.755289993030686,49.948783859789486,3440800,48.8751766204834,46.749562454223636,1,0,1,0.00981258079738101
2021-07-26,50.16767120361328,50.23660532349537,49.8858931160837,50.06245791045563,2535200,49.00687484741211,46.893435134887696,1,0,1,0.0002409494503567977
2021-07-27,49.62104797363281,50.09148887109276,48.94743630856712,50.09148887109276,13480800,49.08590660095215,47.00647521972656,1,0,1,-0.01089592593927502
2021-07-28,49.67305755615234,49.86776567524371,49.17722484421484,49.63315045582945,2940800,49.15036602020264,47.1271728515625,1,0,1,0.0010481355119134061
2021-07-29,49.918548583984375,50.09511708391307,49.60049129634267,49.66942173138234,4775200,49.23502101898193,47.25850379943848,1,0,1,0.004942136439950895
2021-07-30,49.85082244873047,49.91612865346042,49.52429880639799,49.556950063433646,2056800,49.31550331115723,47.385437393188475,1,0,1,-0.0013567328613323104
2021-08-02,49.72747802734375,50.1882420749964,49.68273247431249,50.07577292429741,3688000,49.36073341369629,47.492684555053714,1,0,1,-0.0024742705401414877
2021-08-03,50.00441360473633,50.02497057368125,49.43480472268595,49.84114993593627,2352000,49.40771713256836,47.6097208404541,1,0,1,0.005569065401633599
2021-08-04,50.12897491455078,50.24869987765287,49.83268146548291,50.00320096209838,3040800,49.45149593353271,47.713888549804686,1,0,1,0.0024910063099441437
2021-08-05,50.44582748413086,50.46880552519371,50.10116055884684,50.247491485621794,1587200,49.535122299194335,47.82410346984863,1,0,1,0.006320747035425844
2021-08-06,50.36722183227539,50.43010696796277,50.18823595132986,50.27530966494406,1864000,49.59178066253662,47.9309831237793,1,0,1,-0.0015582190990959255
2021-08-09,50.24386215209961,50.47001094819428,50.14590469165923,50.42043064062303,1789600,49.64251308441162,48.03918716430664,1,0,1,-0.002449205568386792
2021-08-10,49.86533737182617,50.418013540029,49.74198447987396,50.34787256789748,3052000,49.66899814605713,48.13740592956543,1,0,1,-0.007533751667567978
2021-08-11,49.8218002319336,50.115672623853165,49.543650046197655,50.06729915989805,9620000,49.68260307312012,48.23878692626953,1,0,1,-0.000873094261208629
2021-08-12,50.09149169921875,50.12535349573152,49.569049389599726,49.76496433304211,1752000,49.73224773406982,48.340466079711916,1,0,1,0.005413121686283162
2021-08-13,50.31884765625,50.35270945295751,50.06246495394181,50.127771165684536,1634400,49.81569366455078,48.45632843017578,1,0,1,0.0045388138647664
2021-08-16,50.41196823120117,50.41801353045556,49.68635516904832,50.168886674369126,2447200,49.933243370056154,48.55722023010254,1,0,1,0.001850610244243267
2021-08-17,49.981441497802734,50.17372852942925,49.64886882177101,50.11083969775777,2999200,49.9902042388916,48.64824546813965,1,0,1,-0.008540169100796469
2021-08-18,49.34290313720703,50.07093364547641,49.29573651246908,49.87622922805267,2657600,49.99032573699951,48.72490608215332,1,0,1,-0.012775509098187476
2021-08-19,49.71417236328125,49.91613630730017,48.993397691295726,49.05023753380866,3270400,49.99262371063232,48.8094751739502,1,0,1,0.007524267979162724
2021-08-20,50.343040466308594,50.390207092825165,49.82301918231501,49.92823249911739,3579200,50.00199642181396,48.898434219360354,1,0,1,0.012649674592427163
2021-08-23,51.05050277709961,51.110970526592176,50.522015237039945,50.522015237039945,3030400,50.046138000488284,48.99591537475586,1,0,1,0.014052832412147831
2021-08-24,51.12306594848633,51.27786324299422,51.0710608778688,51.160555658750525,2639200,50.12123889923096,49.08465629577637,1,0,1,0.0014213997402443557
2021-08-25,51.12670516967773,51.36373777196767,51.02390923240126,51.21740681598178,3656800,50.19392127990723,49.17989418029785,1,0,1,7.118550352713804e-05
2021-08-26,50.82677459716797,51.211348622632016,50.767517379908696,51.08920627053961,1985600,50.239332580566405,49.27302146911621,1,0,1,-0.005866417002902025
2021-08-27,51.408470153808594,51.45321569734726,50.84733136493946,50.9077991136476,1859200,50.31721496582031,49.36587661743164,1,0,1,0.011444667918649287
2021-08-30,51.917606353759766,51.985329935480806,51.54149873708253,51.54149873708253,2983200,50.42672138214111,49.476401290893556,1,0,1,0.009903741512398367
2021-08-31,51.60075759887695,51.92728492099326,51.52577818033461,51.911562715687566,14336800,50.50653858184815,49.572329177856446,1,0,1,-0.00610291531400442
2021-09-01,51.63462448120117,51.99138571310466,51.5983453043488,51.7773311883579,4304800,50.581821060180665,49.65995018005371,1,0,1,0.000656325292498261
2021-09-02,51.674537658691406,51.92003660851496,51.44112930793913,51.85231301481598,2580800,50.64325656890869,49.749021682739254,1,0,1,0.0007729925005026672
2021-09-03,51.92366409301758,52.0312947822034,51.55601909410643,51.61527631543372,2078400,50.7210786819458,49.83660339355469,1,0,1,0.00482106750468958
2021-09-07,51.869232177734375,52.03612374847729,51.65517768389276,51.9756560020144,3236000,50.80234718322754,49.92331390380859,1,0,1,-0.0010483065136869252
2021-09-08,51.56811141967773,51.86923965948777,51.22707239467669,51.86803281403211,2915200,50.887485885620116,49.99386787414551,1,0,1,-0.005805382987448704
2021-09-09,51.400001525878906,51.79062449401543,51.38428301205823,51.599548040379005,1964000,50.966395950317384,50.05419052124024,1,0,1,-0.0032599583186339043
2021-09-10,50.88603591918945,51.81724087195632,50.84129036861618,51.69509481935213,3044000,51.00612316131592,50.10740226745605,1,0,1,-0.00999933057260094
2021-09-13,50.8896598815918,51.35284494028226,50.55829777334281,51.23674788691877,9537600,51.03466377258301,50.160371932983395,1,0,1,7.121722761227467e-05
2021-09-14,50.82555389404297,51.22101528378001,50.68164037463683,51.11338093285524,13045600,51.055343055725096,50.20042549133301,1,0,1,-0.001259705560972213
2021-09-15,51.25971603393555,51.29116044296824,50.66108756098807,50.933192418871016,2414400,51.119256782531735,50.24432502746582,1,0,1,0.008542201838029895
2021-09-16,51.34559631347656,51.4000150848842,50.83645510013174,51.06865293011557,1963200,51.219391441345216,50.28616897583008,1,0,1,0.0016753951481931484
2021-09-17,50.65625381469727,51.25851395140828,50.546202063515565,51.25851395140828,2631200,51.26649551391601,50.323828048706055,1,0,1,-0.01342554275873431
2021-09-20,49.68514251708984,50.119300537910256,49.01999723844163,49.80123956870581,18233600,51.23360061645508,50.33284980773926,1,0,1,-0.019170610230274887
2021-09-21,49.710540771484375,50.09632535032866,49.50858053305027,49.99595049917753,2737600,51.166602516174315,50.34247634887695,1,0,1,0.0005111840906122378
2021-09-22,50.44582748413086,50.60788061696552,49.78309959212723,49.97417975563316,2617600,51.132740592956544,50.36468017578125,1,0,1,0.014791364190273937
2021-09-23,51.09766387939453,51.22222729127845,50.52926926883988,50.70099560450278,2852000,51.13128852844238,50.395639419555664,1,0,1,0.01292151259623453
2021-09-24,51.10250473022461,51.18716105672903,50.70099798332355,50.759048352125895,13228800,51.14507503509522,50.435717544555665,1,0,1,9.473722402453255e-05
2021-09-27,50.60183334350586,50.76388647001713,50.28256185319097,50.67801960806602,3009600,51.10474319458008,50.47475563049316,1,0,1,-0.009797394263976855
2021-09-28,49.01999282836914,50.033432861350086,48.99459740794444,49.933058024946845,11592000,50.959862518310544,50.49393600463867,1,0,1,-0.03126053762515957
2021-09-29,48.90812683105469,49.46322450616807,48.84025472314787,49.26930631143573,5506400,50.82523097991943,50.495254058837894,1,0,1,-0.002282048422694083
2021-09-30,48.63664245605469,49.43050576586715,48.63664245605469,49.1965892423655,3704000,50.67533187866211,50.481177444458005,1,0,1,-0.0055509051887797645
2021-10-01,49.31172561645508,49.45353209335929,48.32030456524457,48.860862466432486,5496800,50.55719127655029,50.47404769897461,1,0,1,0.013880134941682165
2021-10-04,48.11547088623047,49.08871248422044,47.760353677342685,49.08871248422044,6989600,50.366781616210936,50.4332453918457,0,-1,0,-0.024259032010541248
2021-10-05,48.80995559692383,49.086293099012615,48.23061628558188,48.27182408779,3806400,50.21381778717041,50.40609107971191,0,0,0,0.014433709114797466
2021-10-06,49.14690399169922,49.19174767727705,48.14336193237125,48.306983684178135,15153600,50.09275741577149,50.396608200073246,0,0,0,0.006903271897191088
2021-10-07,49.67532730102539,50.06802016460741,49.56382470548862,49.622002384955145,13247200,50.00652370452881,50.3966535949707,0,0,0,0.010751914493238868
2021-10-08,49.44140625,49.88863717943563,49.38686814808849,49.88863717943563,1992000,49.934292221069335,50.387110748291015,0,0,0,-0.004708998686769883
2021-10-11,49.16506576538086,49.82803377671826,49.14688639918828,49.20869994299506,2056800,49.84806251525879,50.37339561462402,0,0,0,-0.005589252118393007
2021-10-12,49.04872131347656,49.44989541419643,48.95782077043576,49.422017916113,1818400,49.759220886230466,50.35982048034668,0,0,0,-0.002366404887151008
2021-10-13,49.46079635620117,49.49594559708103,49.07537899345651,49.30081053435363,4864800,49.66927490234375,50.34894813537598,0,0,0,0.008401341190751754
2021-10-14,50.53221893310547,50.56736818008195,49.94075878520321,50.000149657422654,4765600,49.6286060333252,50.35701301574707,0,0,0,0.021662056736576618
2021-10-15,50.8873405456543,50.90431042453059,50.59525001931144,50.75280950064806,3180000,49.640160369873044,50.365843276977536,0,0,0,0.0070276275225305
2021-10-18,51.3624382019043,51.38546663336177,50.531003082973406,50.6291753649754,2668800,49.72402515411377,50.38574760437012,0,0,0,0.009336264209440559
2021-10-19,51.83512115478516,51.8920856390614,51.39031659988012,51.51878906250274,2967200,49.83025417327881,50.417572784423825,0,0,0,0.009202891634987553
2021-10-20,51.73452377319336,51.987832813095935,51.49697141738198,51.905417218044335,5694400,49.89468898773193,50.45495651245117,0,0,0,-0.0019407185582032138
2021-10-21,51.95753479003906,51.99631990652527,51.45333937197521,51.59756851867206,3289600,49.93768253326416,50.49767120361328,0,0,0,0.0043106807713819695
2021-10-22,51.73695373535156,52.15994308892072,51.53818646645114,51.907847204247645,2197600,49.969404983520505,50.53058044433594,0,0,0,-0.00424541032554504
2021-10-25,51.97935485839844,52.14782564323328,51.73937978770194,51.9393602461999,2136000,50.03828105926514,50.56379058837891,0,0,0,0.0046852608347762725
2021-10-26,52.04844284057617,52.50658146129893,51.98905566527504,52.329629427568136,3009600,50.18970355987549,50.59652008056641,0,0,0,0.0013291427407273737
2021-10-27,51.85209274291992,52.272659387849146,51.83997193121039,52.12115848836099,2315200,50.33690185546875,50.63393310546875,0,0,0,-0.0037724490290260704
2021-10-28,52.381744384765625,52.46052412040265,52.03995743461418,52.090863369238924,2087200,50.524156951904295,50.69470993041992,0,0,0,0.010214662780761552
2021-10-29,52.62050247192383,52.65322533317654,51.84966400697843,51.884813249714334,2259200,50.689595794677736,50.752836532592774,0,0,0,0.0045580400187597014
2021-11-01,52.68354034423828,52.70656878229845,52.352664668827,52.64718159927659,2984000,50.917999267578125,50.799646530151364,1,1,1,0.0011979716907508653
2021-11-02,53.043495178222656,53.15378827895712,52.736857499890405,52.736857499890405,2547200,51.129676246643065,50.83950637817383,1,0,1,0.006832396449297118
2021-11-03,53.36347579956055,53.45316316515507,52.841100896768005,53.09441000402388,2428000,51.340504837036136,50.88431457519531,1,0,1,0.006032419625870755
2021-11-04,54.12581634521485,54.24217170045187,53.48587668642108,53.565869606114354,2464000,51.563029289245605,50.944296798706056,1,0,1,0.014285811301305573
2021-11-05,54.308841705322266,54.70274412890862,53.98766046891788,54.49912776380168,2806400,51.806401062011716,51.01393814086914,1,0,1,0.0033814799012004126
2021-11-08,54.6978874206543,54.806971035561936,54.45064059703717,54.54032795273636,2640000,52.08304214477539,51.079726486206056,1,0,1,0.007163579688238997
2021-11-09,54.55244827270508,54.89059933860898,54.245810579601255,54.82030084524769,2844000,52.358228492736814,51.13242332458496,1,0,1,-0.0026589536599598285
2021-11-10,53.53314971923828,54.4082191212727,53.34892594466623,54.12218348051979,12805600,52.56184616088867,51.171071166992185,1,0,1,-0.01868474442011059
2021-11-11,53.82281494140625,53.97310635167906,53.75979189758378,53.94886472780369,2166400,52.72637596130371,51.214834976196286,1,0,1,0.0054109504799766395
2021-11-12,54.46760177612305,54.551230567207824,53.91977586385603,53.9924970342018,2932000,52.90538902282715,51.27069625854492,1,0,1,0.011979805133171428
2021-11-15,54.39488983154297,54.72455598743881,54.10158611636353,54.65426118672524,3277600,53.05701160430908,51.32012077331543,1,0,1,-0.0013349577034609261
2021-11-16,54.96210861206055,55.0384619653418,54.273685651600985,54.34277095570346,2513600,53.213360977172854,51.381978302001954,1,0,1,0.010427795373319393
2021-11-17,54.730613708496094,55.06148932920493,54.63122822369411,54.88695998473651,10189600,53.36316547393799,51.44522834777832,1,0,1,-0.004211899969093547
2021-11-18,55.12451171875,55.20814051048024,54.55729324342936,55.07360578948935,3549600,53.521514320373534,51.51971855163574,1,0,1,0.007197032584941754
2021-11-19,55.4456901550293,55.68203302415968,55.17056586890884,55.363274558141086,9458400,53.70695114135742,51.61091163635254,1,0,1,0.00582641779972537
2021-11-22,54.61789321899414,56.1983479152579,54.5815307844199,55.62385769675802,7038400,53.838878059387206,51.685476303100586,1,0,1,-0.014929869818927077
2021-11-23,54.36822509765625,54.61790201928762,53.66162642681656,54.376710036965946,10875200,53.95486717224121,51.756329727172854,1,0,1,-0.004571178172999679
2021-11-24,54.820308685302734,54.84212393170605,53.76465123180619,54.07007577771216,3496800,54.10327796936035,51.8275415802002,1,0,1,0.008315216964218664
2021-11-26,53.585262298583984,54.51123758453104,53.357404350785394,54.11975792325984,4521600,54.16345386505127,51.87233489990234,1,0,1,-0.022528993658327612
2021-11-29,54.800907135009766,54.95967978905081,54.11006522092917,54.28943992694357,4714400,54.272474098205564,51.95522796630859,1,0,1,0.02268617870436196
2021-11-30,54.260353088378906,55.05664274251744,53.79494274636597,54.62031939102012,5407200,54.3513147354126,52.04673217773438,1,0,1,-0.009863961654852371
2021-12-01,53.2701416015625,55.13905841837616,53.231360180409816,54.728186183056685,4491200,54.36264705657959,52.117924194335934,1,0,1,-0.018249263605114363
2021-12-02,53.84342575073242,54.09067628223352,52.708988662820666,52.80352508681331,6696800,54.386644554138186,52.18587615966797,1,0,1,0.010761828895778702
2021-12-03,52.84352111816406,54.10643442004488,52.20600406052288,54.01189799351754,8196000,54.322529792785645,52.22079330444336,1,0,1,-0.018570598334463506
2021-12-06,53.29316711425781,53.43497358293466,52.26659687640818,52.94047257812799,4181600,54.27174606323242,52.26460655212402,1,0,1,0.008509008986897104
2021-12-07,55.22026062011719,55.32570835796883,54.354889365741975,54.354889365741975,4040000,54.297864723205564,52.35697509765625,1,0,1,0.03616023610921415
2021-12-08,55.58871841430664,55.62992622187322,54.877270665467606,55.26995987772218,2590400,54.34967823028565,52.488349609375,1,0,1,0.006672510959776723
2021-12-09,54.86758041381836,55.82506558875977,54.82273302984834,55.47237096620634,2635200,54.416399765014646,52.60753868103027,1,0,1,-0.012972740172090158
2021-12-10,55.75718307495117,55.827477868643385,55.159660684180565,55.42630376112197,3232800,54.51311817169189,52.7499494934082,1,0,1,0.016213630242545962
2021-12-13,54.93906784057617,55.99472493078524,54.87967698080129,55.86140341739012,3591200,54.53669147491455,52.862496337890626,1,0,1,-0.014672822213332659
2021-12-14,54.03976440429688,54.60092432938259,53.40830968910164,54.2555015378258,4748000,54.518935203552246,52.98098220825195,1,0,1,-0.016369106204876194
2021-12-15,55.46993637084961,55.5547746574656,53.55738911510092,54.095516920893886,3964800,54.544326591491696,53.11418182373047,1,0,1,0.026465177676441076
2021-12-16,53.861270904541016,55.76997070778319,53.51522728707265,55.7323312527484,5015200,54.50085945129395,53.2084691619873,1,0,1,-0.029000672644614256
2021-12-17,53.67427444458008,54.16116392988592,53.02468457563426,53.27359478244871,3288000,54.42834758758545,53.2884481048584,1,0,1,-0.0034718167028096047
2021-12-20,53.04410552978516,53.195878672031846,52.65435313800737,52.92632942318576,4557600,54.30826835632324,53.360502090454105,1,0,1,-0.011740613567968738
2021-12-21,54.47441864013672,54.52541604927111,53.13517250333136,53.65848603178083,3925600,54.30109462738037,53.46668914794922,1,0,1,0.026964600421971685
2021-12-22,55.12523651123047,55.16044522248473,54.24859444091996,54.39186743916848,2871200,54.33894519805908,53.588219451904294,1,0,1,0.0119472201326849
2021-12-23,55.42634201049805,55.643682210579136,55.16893532702293,55.226002182729154,2410400,54.369246864318846,53.707530364990234,1,0,1,0.005462207843883515
2021-12-27,56.59318161010742,56.59318161010742,55.604832926830106,55.604832926830106,4098400,54.51964282989502,53.828749618530274,1,0,1,0.021052076635119876
2021-12-28,56.19734954833984,56.70973587097983,56.04436102143333,56.68180827634472,4147200,54.58946495056152,53.934949798583986,1,0,1,-0.006994341906674029
2021-12-29,56.20220565795898,56.40618788417769,55.85858916811038,56.18035121344967,2932800,54.686557579040525,54.03174514770508,1,0,1,8.641171973722273e-05
2021-12-30,55.90838241577149,56.46690846607508,55.8549579593268,56.19250136755464,2676000,54.81846961975098,54.113210372924804,1,0,1,-0.005227966389356076
2021-12-31,55.630332946777344,56.01887004346786,55.5987629413051,55.89380909808127,3200800,54.90781497955322,54.19112655639648,1,0,1,-0.004973305557767538
2022-01-03,56.09536361694336,56.15607288492706,55.38263740367861,55.69832633827381,4452800,55.07040710449219,54.27388313293457,1,0,1,0.00835930050267586
2022-01-04,55.38628005981445,56.21678240490636,54.85568164812237,56.14393054191942,6572800,55.17506275177002,54.34686965942383,1,0,1,-0.012640680288142914
2022-01-05,53.54800033569336,55.120371827426005,53.52371885222156,55.01594996175856,7571200,55.09144973754883,54.378242568969725,1,0,1,-0.03319016410085385
2022-01-06,53.34523391723633,53.84061990802522,52.90326867270344,53.0999661058902,5833600,54.97927551269531,54.40417839050293,1,0,1,-0.0037866291399470953
2022-01-07,52.80005645751953,53.62206221916606,52.46737089448459,53.328227766890514,14682400,54.87589931488037,54.42313766479492,1,0,1,-0.010219796965603822
2022-01-10,52.85591506958008,52.92390914956308,51.23861936984273,51.96227276703293,21678400,54.730835914611816,54.43262107849121,1,0,1,0.0010579271275115154
2022-01-11,53.55406951904297,53.63663322645112,52.38116612710016,52.73813688575229,4537600,54.66158599853516,54.45129241943359,1,0,1,0.013208634237886763
2022-01-12,53.72891616821289,54.32993568270405,53.47272113703902,53.9389678586308,9529600,54.646043586730954,54.47219993591309,1,0,1,0.0032648620495170366
2022-01-13,52.20996856689453,54.11988340213429,52.1031196662658,53.93411319707737,4798400,54.483045196533205,54.455529403686526,1,0,1,-0.02827057959931456
2022-01-14,52.63129425048828,52.6737914802198,51.862716528965805,51.92827987214041,3944000,54.421546363830565,54.44088577270508,0,-1,0,0.008069832163448254
2022-01-18,51.28839874267578,52.19903766513313,51.17790744210304,51.84570931857176,5841600,54.30225257873535,54.3841374206543,0,0,0,-0.02551515266604032
2022-01-19,50.573238372802734,52.11647036142551,50.54652615137184,51.482665566927935,20037600,54.17870922088623,54.309425354003906,0,0,0,-0.013943901299417694
2022-01-20,49.944297790527344,51.69272388512237,49.87751908104677,51.046780120268295,5036000,53.95220317840576,54.21435356140137,0,0,0,-0.012436233124703766
2022-01-21,48.86246109008789,50.34012631982042,48.84546442166895,49.68567862499747,14998400,53.639064407348634,54.100553817749024,0,0,0,-0.02166086516976995
2022-01-24,49.17815017700195,49.2340016668327,46.21553859816653,47.82433422271074,49852800,53.32665481567383,54.013453826904296,0,0,0,0.006460769266861677
2022-01-25,47.97003173828125,48.880670723461286,47.45036057228783,48.22379972956966,6684800,52.89549732208252,53.8963981628418,0,0,0,-0.0245661627038114
2022-01-26,48.13638687133789,49.826531055911104,47.59121504810313,49.368784444547565,31088800,52.49244918823242,53.76977386474609,0,0,0,0.0034678970813331045
2022-01-27,47.72840881347656,49.17450392922847,47.548708057766696,48.906170019373405,5246400,52.0687593460083,53.63644424438476,0,0,0,-0.008475460755951625
2022-01-28,49.76217651367188,49.78160392570551,47.52321822604473,48.30758099672801,7489600,51.76144905090332,53.53244560241699,0,0,0,0.04261126131699289
2022-01-31,51.27019500732422,51.335758352470144,49.66018394598795,49.84231175997079,5448800,51.54344215393066,53.46323722839355,0,0,0,0.030304512368706682
2022-02-01,51.4826774597168,51.556740992148505,50.63274766108488,51.36004354590053,12721600,51.31280784606933,53.39040054321289,0,0,0,0.004144365988118848
2022-02-02,51.749794006347656,51.86392772841776,51.07106482406248,51.63080621064883,4036800,51.130983543396,53.316482620239256,0,0,0,0.005188474256022646
2022-02-03,50.13735961914063,51.28233562567336,49.9503777250375,50.89258312812595,5508000,50.96045150756836,53.226871948242184,0,0,0,-0.031158276436989096
2022-02-04,50.51982498168945,50.9630056212978,49.73181983519209,50.05722063624495,3656800,50.81918106079102,53.14990394592285,0,0,0,0.007628350704028897
2022-02-07,50.27212905883789,50.97635504871871,50.07057385495075,50.61209945973219,2816000,50.69278469085693,53.05894035339355,0,0,0,-0.004902944991225455
2022-02-08,50.920501708984375,51.06741708701576,49.95401128556739,50.09121110655576,2191200,50.59601402282715,53.00564514160156,0,0,0,0.012897258625900632
2022-02-09,52.17111206054688,52.17111206054688,51.37824922337262,51.57858905287373,9533600,50.52686614990235,52.95304924011231,0,0,0,0.024560055568773942
2022-02-10,50.897438049316406,52.14562049157168,50.59753410747551,51.1876264329391,6132000,50.38529224395752,52.88579093933105,0,0,0,-0.024413395860765297
2022-02-11,49.29106521606445,51.2046224274016,49.096794827714575,50.93507314359853,11590400,50.239347076416024,52.8062094116211,0,0,0,-0.03156097624590615
2022-02-14,49.28256988525391,49.74031641837286,48.73861352625933,49.15872061077325,18080800,50.071910858154304,52.71499229431152,0,0,0,-0.00017235031893303443
2022-02-15,50.70195770263672,50.72866993249759,49.91031007146932,50.04629825788824,2955200,50.04258880615235,52.67216102600098,0,0,0,0.028801010594366572
2022-02-16,50.61210250854492,50.765091050862935,49.75731497071999,50.29155949773538,2640000,50.044532012939456,52.61853973388672,0,0,0,-0.0017722233649988262
2022-02-17,48.94745635986328,50.14464137923388,48.87096208721064,50.11064433643267,3648800,49.99468994140626,52.49308364868164,0,0,0,-0.03289027853368853
2022-02-18,48.33549880981445,49.179359016932096,47.99431306061591,49.12229216357509,5171200,49.968341827392585,52.3480192565918,0,0,0,-0.012502336087695687
2022-02-22,47.86076736450195,48.68641580045169,47.37630849306672,47.91054941903396,17468000,49.90247268676758,52.207882995605466,0,0,0,-0.009821589866702785
2022-02-23,46.65021514892578,48.51763284427903,46.578578656612194,48.33793207524514,5747200,49.83648185729981,52.02574363708496,0,0,0,-0.025293205316930023
2022-02-24,48.33549880981445,48.398635107090605,44.80464983274012,45.03170187522465,18480000,49.84643745422364,51.89367225646973,0,0,0,0.0361259568794825
2022-02-25,49.031227111816406,49.04701211211162,47.83282692508471,48.42898859116369,5364800,49.91157836914063,51.79350151062012,0,0,0,0.014393733780206475
2022-02-28,49.04215621948242,49.298347525203866,48.2383661876294,48.58562138587919,4740000,49.87557735443116,51.664945907592774,0,0,0,0.0002229009614851396
2022-03-01,48.0987434387207,49.1720829149985,47.717487434822544,48.881890818418704,2845600,49.717004776000984,51.54969535827637,0,0,0,-0.01923677206482488
2022-03-02,49.10044860839844,49.29471532168589,48.02103593359984,48.39136102437909,2870400,49.59789333343507,51.458218841552736,0,0,0,0.020826015360545513
2022-03-03,48.33672332763672,49.43313263673448,48.10845587101306,49.43313263673448,2960800,49.42723979949952,51.364071197509766,0,0,0,-0.015554344255646724
2022-03-04,47.372657775878906,48.1825173586347,47.03389901344865,48.01132047883637,3461600,49.289004707336424,51.22203598022461,0,0,0,-0.019944784945871707
2022-03-07,45.59630584716797,47.60335423862576,45.552596949759774,47.37265974526048,7074400,49.042828750610354,51.03145736694336,0,0,0,-0.03749740909861754
2022-03-08,45.371673583984375,46.80926847696126,44.75122669912481,45.47366470045173,14316000,48.79780597686768,50.830363998413084,0,0,0,-0.004926545232338042
2022-03-09,47.30587768554688,47.47586661339393,46.31753265299012,46.57129696817901,5316000,48.6170747756958,50.64461791992188,0,0,0,0.04263021283493629
2022-03-10,46.488731384277344,46.61136529592287,45.77600514433313,46.46323452828167,7906400,48.33295574188232,50.450445556640624,0,0,0,-0.01727367382762246
2022-03-11,45.52224349975586,46.914914389041385,45.47124607938429,46.914914389041385,6370400,48.064196014404295,50.23684631347656,0,0,0,-0.02078972378343613
2022-03-14,44.53753280639648,45.77721501901375,44.4294722363762,45.336468846733695,8732000,47.8265193939209,50.00942932128906,0,0,0,-0.021631418349683518
2022-03-15,46.03461837768555,46.13903652385851,44.71115357623455,44.864142093594,4068800,47.66412181854248,49.81751502990723,0,0,0,0.033614021185162324
2022-03-16,47.71990966796875,47.73933707755564,45.99212634516659,46.600430665145794,5332800,47.51501941680908,49.650005950927735,0,0,0,0.036609216056847194
2022-03-17,48.23836898803711,48.23836898803711,47.23909314873745,47.40907835024542,3284000,47.39633274078369,49.507047729492186,0,0,0,0.01086463330873344
2022-03-18,49.3432731628418,49.40276705075833,47.834038172457056,48.063520949390686,4051200,47.41612358093262,49.42295318603516,0,0,0,0.022905089827533365
2022-03-21,49.21821594238281,49.51447746646225,48.56012955271429,49.16479519554522,3904800,47.460259437561035,49.340412826538085,0,0,0,-0.0025344330127081705
2022-03-22,50.00621795654297,50.2794096251961,49.20121258004788,49.232782580819965,3306400,47.567531967163085,49.284536056518554,0,0,0,0.016010373376447173
2022-03-23,49.244930267333984,50.0620783828539,49.14293913746133,49.49626753669863,3107200,47.6972677230835,49.212316360473636,0,0,0,-0.015223860558112312
2022-03-24,50.53253555297852,50.53253555297852,49.316320078702624,49.43915902931492,2732000,47.8071195602417,49.15188568115234,0,0,0,0.02614696129438232
2022-03-25,50.4145622253418,50.62496883740481,49.82105219490979,50.55078147544896,2457600,47.876286315917966,49.08559860229492,0,0,0,-0.002334601387912638
2022-03-28,51.03726196289063,51.04577264940091,50.02050401552303,50.20050522079528,4117600,47.976041603088376,49.06214447021485,0,0,0,0.012351584741835175
2022-03-29,52.16592025756836,52.24375612460967,51.27808065777095,51.633217240009,15691200,48.17940044403076,49.05283699035645,0,0,0,0.022114397427871024
2022-03-30,51.3753776550293,52.01997039631852,51.11997165338057,51.88983444482959,3304800,48.2931468963623,49.054576568603515,0,0,0,-0.01515438812611325
2022-03-31,50.6529426574707,51.49942757576402,50.5945629793972,51.37658862697382,4216000,48.408957862854,49.05617065429688,0,0,0,-0.014061891718043062
2022-04-01,50.50456237792969,50.83415571527969,49.9609139403933,50.65537190128196,2493600,48.56555309295654,49.06737594604492,0,0,0,-0.002929351618215059
2022-04-04,51.49820327758789,51.5140146702572,50.60428429462112,50.60428429462112,2381600,48.860647964477536,49.12009078979492,0,0,0,0.01967427996351523
2022-04-05,50.28078079223633,51.36077699463855,50.108076565147854,51.28902072844394,5225600,49.106103324890135,49.142143402099606,0,0,0,-0.023640096311503545
2022-04-06,48.9307861328125,49.50484003535859,48.55254115719055,49.47321724255031,4793600,49.18734874725342,49.161358489990235,1,1,1,-0.02684911885123864
2022-04-07,49.082801818847656,49.37955864937405,48.34577564298469,48.84320725596187,2644800,49.31705226898193,49.18028678894043,1,0,1,0.003106749309576662
2022-04-08,48.36280059814453,48.922260377722665,48.24239647131421,48.829826827334806,3554400,49.459080123901366,49.19297462463379,1,0,1,-0.014669114109672643
2022-04-11,47.21713638305664,47.78267585650661,47.17578550084345,47.74132497429342,3998400,49.59306030273437,49.14207382202149,1,0,1,-0.023688955166335957
2022-04-12,47.08821868896485,48.26551444074404,46.8899749621162,47.91646117466611,21755200,49.64574031829834,49.05843429565431,1,0,1,-0.002730315812588091
2022-04-13,47.90916442871094,48.07213686650928,46.95686557754897,47.0991644295554,4736000,49.65520305633545,48.98696403503419,1,0,1,0.017434206742215963
2022-04-14,46.72456741333008,48.057542308629046,46.702676424538936,47.95172843961468,3141600,49.579512977600096,48.88645950317384,1,0,1,-0.02472589596388275
2022-04-18,46.77928924560547,47.09671965440765,46.363341983746416,46.51172039743947,5383200,49.45131378173828,48.81929809570313,1,0,1,0.0011711576009107993
2022-04-19,47.721866607666016,47.79848878159339,46.49470555634674,46.68930078773787,2947200,49.37649631500244,48.763338928222666,1,0,1,0.02014945881524044
2022-04-20,47.52483749389648,48.31416015618898,47.39835004417173,48.177944615683145,3241600,49.25242729187012,48.70839309692383,1,0,1,-0.004128696712334512
2022-04-21,46.61024475097656,48.468622010776855,46.44970711505421,47.96146219185789,3677600,49.12069301605224,48.62218795776367,1,0,1,-0.019244521205093568
2022-04-22,45.322265625,46.807263572322526,45.26632075648063,46.61145467670735,6024800,48.86017951965332,48.485211029052735,1,0,1,-0.02763296208500554
2022-04-25,46.06171798706055,46.084826371976,44.90874468180472,45.111854246168456,5153600,48.64253730773926,48.38849662780762,1,0,1,0.01631543242296929
2022-04-26,44.30794143676758,45.69199510885131,44.30794143676758,45.67861480987608,5703200,48.306071281433105,48.28883415222168,1,0,1,-0.03807449280953068
2022-04-27,44.784698486328125,45.62875222328521,44.53780692250662,44.59861768907935,13649600,47.93701019287109,48.19887672424316,0,-1,0,0.010760081242793262
2022-04-28,46.596866607666016,46.87173250759224,45.20673313534012,45.51078702053452,4564000,47.69808464050293,48.11677490234375,0,0,0,0.04046400182622878
2022-04-29,44.659427642822266,46.72942476310873,44.59375097687258,46.07510033284012,4924000,47.39840888977051,47.997721405029296,0,0,0,-0.04157873921344335
2022-05-02,45.39767456054688,45.4378117504767,44.13645968289622,44.55970401240128,5693600,47.14306449890137,47.926725769042974,0,0,0,0.016530595143963156
2022-05-03,45.4268684387207,45.66889414675465,45.01821808170553,45.33443486871583,3247200,46.83949775695801,47.8685531616211,0,0,0,0.0006430699029502662
2022-05-04,47.00185775756836,47.06996552079246,44.71415696261557,45.58983350634642,26319200,46.67555160522461,47.85137496948243,0,0,0,0.03467087591503826
2022-05-05,44.60226440429688,46.33172268497975,44.0671267105653,46.29280290514572,6905600,46.45912551879883,47.81041595458985,0,0,0,-0.051053159763351896
2022-05-06,44.11822128295898,44.88078713477676,43.4261943034675,44.24592243745823,14176800,46.210896492004395,47.72607040405274,0,0,0,-0.010852433790139004
2022-05-09,42.21848678588867,43.57699734175443,42.02267417176639,43.33497165906425,17486400,45.9036808013916,47.58981559753419,0,0,0,-0.04306008814104423
2022-05-10,42.83146667480469,43.431060078412536,42.10903430715066,43.23768224224592,13925600,45.684397315979005,47.465601806640635,0,0,0,0.01451922926619198
2022-05-11,41.36470031738281,43.28023957838201,41.25037948409204,42.41916070558697,18795200,45.3982213973999,47.33092094421388,0,0,0,-0.034245064932242664
2022-05-12,41.0606575012207,41.685794168345566,40.09011972357597,40.72741557873074,10019200,45.05579605102539,47.170125122070324,0,0,0,-0.007350296601431938
2022-05-13,42.6137580871582,42.82416098733362,41.49483837391585,41.611597730988215,5003200,44.8502555847168,47.05566581726075,0,0,0,0.03782454252933798
2022-05-16,42.10538101196289,42.68064855324987,41.81956963449306,42.31213541468942,16830400,44.61656017303467,46.95032028198243,0,0,0,-0.011929881287529809
2022-05-17,43.29726791381836,43.34470209562654,42.46051113106692,43.00294215613394,3926400,44.39533023834228,46.904339523315436,0,0,0,0.028307234686151705
2022-05-18,41.301456451416016,42.85091361308387,41.15064693636109,42.68307901322985,4623200,44.08416118621826,46.822935180664075,0,0,0,-0.04609555194971959
2022-05-19,41.013221740722656,41.71741159741548,40.72133074524024,41.02781573375747,5187200,43.80431003570557,46.69708206176759,0,0,0,-0.0069788025764276895
2022-05-20,41.08011245727539,41.71741194737301,39.77754660565599,41.49970831852309,5229600,43.59220237731934,46.58890968322755,0,0,0,0.0016309549387658606
2022-05-23,41.949703216552734,42.01294508118861,41.02051286923989,41.21389067247916,4188000,43.38660163879395,46.517458877563485,0,0,0,0.02116816890853812
2022-05-24,41.13849258422852,41.52646565674725,40.49997939555978,41.37200761204365,5150400,43.22812919616699,46.449478073120126,0,0,0,-0.019337696577651164
2022-05-25,41.72835159301758,42.03848503892256,40.86726900148759,40.86726900148759,3336800,43.07531185150147,46.363352737426766,0,0,0,0.014338371965899155
2022-05-26,42.78646087646485,42.96767951438612,41.35132803517624,41.543488455884855,4561600,42.88479156494141,46.264683761596686,0,0,0,0.025357083207291797
2022-05-27,44.27753448486328,44.28847997731284,43.21821198417295,43.21821198417295,9527200,42.86569690704346,46.18546707153321,0,0,0,0.03484919242803297
2022-05-31,43.91754531860352,44.35659736124262,43.49065246248325,44.10484355709553,3847200,42.79169044494629,46.07695251464845,0,0,0,-0.00813028933177895
2022-06-01,43.74848175048828,44.68740015848545,43.399428535423645,44.35537574005555,8729600,42.707771110534665,45.967557830810556,0,0,0,-0.003849567795484843
2022-06-02,44.95132446289063,44.95619036401176,43.297270683234565,43.45537720951846,5162400,42.60524444580078,45.86645996093751,0,0,0,0.02749450184951674
2022-06-03,43.80929946899414,44.41132765337906,43.618356447664674,44.10970485955382,7980800,42.565596199035646,45.75774734497071,0,0,0,-0.025405814123214188
2022-06-06,43.83483505249024,44.635103115575184,43.63172545698255,44.40280553952783,2684800,42.55142688751221,45.62379333496094,0,0,0,0.0005828804341911908
2022-06-07,44.41741180419922,44.48187108676692,43.28390161140083,43.36538598345653,4401600,42.661373138427734,45.50385032653809,0,0,0,0.013290269052258719
2022-06-08,43.93942642211914,44.55604847297949,43.80564199615419,44.270237133780405,2250400,42.71677112579346,45.36189361572266,0,0,0,-0.010761216438885057
2022-06-09,42.703758239746094,44.02700130372431,42.69281274558686,43.62565167150522,2709600,42.783724021911624,45.17265037536621,0,0,0,-0.028122082671316107
2022-06-10,41.02781677246094,42.04092644988934,41.02295087079435,41.95943837125475,10926400,42.78208198547363,44.965699157714845,0,0,0,-0.039245760475603575
2022-06-13,39.097686767578125,40.07309043555736,38.96511969993627,39.72525452237526,11103200,42.60627841949463,44.73459403991699,0,0,0,-0.04704442392309727
2022-06-14,39.31538391113281,39.58903240190711,38.94322226060738,39.37497728363542,6220000,42.46677856445312,44.510810470581056,0,0,0,0.0055680312968084955
2022-06-15,40.18497467041016,40.7809194917926,39.27767899430721,39.75200227207712,6900800,42.311163902282715,44.2845458984375,0,0,0,0.022118333150273894
2022-06-16,38.42875671386719,39.17186251408042,38.14781126383752,39.17064882261003,15525600,42.16752891540527,44.047505416870116,0,0,0,-0.04370334860099212
2022-06-17,38.895790100097656,39.24970927865987,38.25727692169679,38.47133205111884,6344000,42.06165733337402,43.84680549621582,0,0,0,0.01215322654614881
2022-06-21,39.87849426269531,40.20808764421125,39.520926586785336,39.520926586785336,5421600,42.00157642364502,43.662719345092775,0,0,0,0.025265052080666983
2022-06-22,39.74105453491211,40.2883514502702,39.293484458873934,39.43821438452954,4293600,41.89114398956299,43.49028442382812,0,0,0,-0.0034464623182067777
2022-06-23,40.4277572631836,40.51304938080954,39.72106495682379,40.06832040947744,5216000,41.855607223510745,43.35449684143067,0,0,0,0.017279428950941256
2022-06-24,41.917911529541016,41.92522185818109,40.87370954105519,40.87370954105519,4959200,41.865085220336915,43.25109069824219,0,0,0,0.036859681744316086
2022-06-27,41.61452102661133,42.19083966204981,41.44272086974411,42.08240064348568,3886400,41.80648822784424,43.12519783020019,0,0,0,-0.007237729454051545
2022-06-28,40.32785415649414,42.05072320863153,40.314449407632175,41.72174724578413,4976800,41.609004211425784,42.99726356506348,0,0,0,-0.030918699491804813
2022-06-29,40.35952758789063,40.58859446136672,39.91601821619624,40.28642430348474,3051200,41.43110332489014,42.86886833190918,0,0,0,0.0007853983818126853
2022-06-30,39.7880859375,40.28155549074541,39.13134987926331,39.87459770084899,4476000,41.23308353424072,42.71019271850586,0,0,0,-0.014158779464061078
2022-07-01,39.90749740600586,40.01715607612228,39.2178610908425,39.57730176784478,3976800,40.980892181396484,42.55784591674805,0,0,0,0.0030011865535184423
2022-07-05,40.51793670654297,40.51793670654297,39.15206508479588,39.40428263333018,4280000,40.81632404327392,42.43599975585938,0,0,0,0.015296356329405958
2022-07-06,40.79939270019531,41.11496766138853,40.35709915975049,40.57276132348808,3240000,40.66455192565918,42.34554229736328,0,0,0,0.006946454250393641
2022-07-07,41.707130432128906,41.79242257780199,40.983377976897344,40.99678272819003,3207200,40.52903785705566,42.25845054626465,0,0,0,0.0222488049908951
2022-07-08,41.73638153076172,41.90208733473531,41.12106803251768,41.19539469340154,5435200,40.41888561248779,42.207019348144534,0,0,0,0.0007013452694957234
2022-07-11,41.06866836547852,41.45613073286789,40.79939462544246,41.37815263929461,3113600,40.337131118774415,42.13269874572754,0,0,0,-0.015998348222666547
2022-07-12,40.50575637817383,41.513403345379615,40.290094173705896,41.21123307720461,5042400,40.31102809906006,42.0108765411377,0,0,0,-0.013706604321699123
2022-07-13,40.41193389892578,40.64099711448259,39.55902731756516,39.752758509126046,4746400,40.37674045562744,41.92592666625976,0,0,0,-0.0023162752072098947
2022-07-14,40.68363952636719,40.83959942418991,39.52856281130982,40.030558616227424,4225600,40.44515323638916,41.83164596557617,0,0,0,0.006723400768717802
2022-07-15,41.43054962158203,41.4390795804984,40.88347211702799,41.10278948267971,3084000,40.507431983947754,41.751719589233396,0,0,0,0.018358979282833587
2022-07-18,41.05648422241211,42.01173913134181,40.91270943637128,41.82288273598119,3815200,40.638818359375,41.632812118530275,0,0,0,-0.00902873369015278
2022-07-19,42.29197311401367,42.35289499873039,41.27945168749213,41.53897951132559,3294400,40.8086275100708,41.58660629272461,0,0,0,0.030092418164902934
2022-07-20,43.082740783691406,43.255760583601074,42.22008847620516,42.313906846141776,4147200,40.96883983612061,41.56589668273926,0,0,0,0.01869781926574876
2022-07-21,43.70902633666992,43.71024224613482,42.72087121622033,43.13026830488904,3533600,41.1672384262085,41.595707473754885,0,0,0,0.014536808512785937
2022-07-22,43.02669143676758,43.87715857836104,42.77812910284795,43.65906090556013,3590400,41.2971851348877,41.59961196899414,0,0,0,-0.015610846479320761
2022-07-25,42.75011444091797,42.99867683730659,42.41991877975583,42.99867683730659,4684800,41.338795280456544,41.627320251464845,0,0,0,-0.00642803307932871
2022-07-26,41.94472503662109,42.656292329599154,41.822881245665045,42.62583138186014,2520800,41.35530548095703,41.645001602172854,0,0,0,-0.01883946779627821
2022-07-27,43.758975982666016,43.95148751479475,42.60267600710849,42.65506793895895,5748000,41.526861572265624,41.667905960083004,0,0,0,0.04325337559039766
2022-07-28,44.38282012939453,44.481513301811255,43.36785927653781,43.77725634443975,3670400,41.72802619934082,41.713454742431644,1,1,1,0.01425636986970713
2022-07-29,45.106571197509766,45.22110465415756,44.33651757530937,44.54852457369357,4623200,41.99395046234131,41.74964080810547,1,0,1,0.016307009469096245
2022-08-01,45.02614974975586,45.48427981622728,44.55095976992749,44.74103576185883,4644000,42.24988307952881,41.82413467407227,1,0,1,-0.0017829208831183774
2022-08-02,44.79342651367188,45.31735324613602,44.41571007664159,44.60822160039474,4469600,42.46365756988526,41.89973876953125,1,0,1,-0.005168623952467533
2022-08-03,46.09228515625,46.187323157108565,45.02493244016373,45.02493244016373,3915200,42.72830219268799,41.99998222351074,1,0,1,0.02899663507951722
2022-08-04,46.23850631713867,46.2433811106898,45.68411846838895,46.02527964940755,2700800,42.954870986938474,42.08575828552246,1,0,1,0.003172356510270369
2022-08-05,46.16661071777344,46.31526028847466,45.45504343915723,45.49037917896696,2719200,43.17638244628906,42.18632064819336,1,0,1,-0.0015548858536242882
2022-08-08,45.84615707397461,46.568693504498135,45.60977984685174,46.1337103240154,4252800,43.415256881713866,42.2686767578125,1,0,1,-0.006941242573725637
2022-08-09,45.28324508666992,45.51840271559006,45.04077712761385,45.47941552765755,3160000,43.65413131713867,42.3186124420166,1,0,1,-0.012278280737825109
2022-08-10,46.66495132446289,46.700287064240776,46.10568878197176,46.39689722103785,5209600,43.96678218841553,42.36636077880859,1,0,1,0.030512526987596544
2022-08-11,46.39445877075195,47.26198968256173,46.3384116682668,46.99149631891266,4467200,44.252323150634766,42.41589904785156,1,0,1,-0.005796482071312892
2022-08-12,47.35823822021485,47.35823822021485,46.57965842090662,46.77460920723973,2770400,44.54870758056641,42.4880941772461,1,0,1,0.020773589669947468
2022-08-15,47.64457321166992,47.71402505877809,47.15354292631445,47.20106378540227,2602400,44.8781120300293,42.54195915222168,1,0,1,0.006046149565860581
2022-08-16,47.4788703918457,47.7067176799173,47.00124110794852,47.387487551065504,2853600,45.1374568939209,42.615350570678714,1,0,1,-0.003477894934393766
2022-08-17,47.079227447509766,47.41307826807371,46.725877454453645,47.07800781963459,4396800,45.337281227111816,42.6802384185791,1,0,1,-0.008417279961331459
2022-08-18,47.32534408569336,47.51054529678542,46.94640798793238,47.09993234401826,2100000,45.51809711456299,42.73839706420898,1,0,1,0.005227711913029953
2022-08-19,46.4139518737793,46.95859373848548,46.3250082909772,46.88061565006814,2844800,45.68746013641358,42.78788757324219,1,0,1,-0.019258015541604445
2022-08-22,45.14068603515625,45.793766926791314,45.02371332632061,45.793766926791314,3716800,45.80698871612549,42.83662612915039,1,0,1,-0.0274328254160654
2022-08-23,45.03468322753906,45.53424353007574,44.985946453276895,45.071238597018834,2160800,45.961486625671384,42.91676345825195,1,0,1,-0.002348276398250415
2022-08-24,45.10778427124024,45.31248464542215,44.89577728618355,45.01518552792491,2732800,46.0289270401001,43.036965408325194,1,0,1,0.0016232165624843198
2022-08-25,45.92658233642578,45.94242262526096,45.23329082156221,45.32832883619562,1689600,46.10611515045166,43.169189376831056,1,0,1,0.01815203469676052
2022-08-26,43.9819564819336,46.00943537333336,43.9783013166814,45.92658248203185,4351200,46.04988441467286,43.24512901306152,1,0,1,-0.04234205454800055
2022-08-29,43.41415786743164,43.86132618552256,43.24966801729662,43.5238165280626,4378400,45.969284820556645,43.344837036132816,1,0,1,-0.012909808019458957
2022-08-30,42.97674179077149,43.74070101604644,42.58440463793297,43.70414936636912,3971200,45.878450584411624,43.42645606994629,1,0,1,-0.01007542465745459
2022-08-31,42.55760192871094,43.39832339739906,42.54663643301586,43.27160852378196,3450400,45.701716423034675,43.480038223266604,1,0,1,-0.009752713784146327
2022-09-01,42.18474960327149,42.24079669553565,41.30260191079156,42.07874611980657,4958400,45.499028587341314,43.52891212463379,1,0,1,-0.00876112159853415
2022-09-02,41.6888542175293,42.88292565393304,41.45978728523081,42.64532876347124,4327200,45.27514076232911,43.5541340637207,1,0,1,-0.011755323675163853
2022-09-06,41.386680603027344,41.874055749103725,41.122277950194906,41.7680485313952,4844000,45.052166938781745,43.54350944519043,1,0,1,-0.007248307015712996
2022-09-07,42.04584503173828,42.22008444265581,41.3050365723668,41.44759541432175,4394400,44.89029693603516,43.552135925292966,1,0,1,0.015926970201681767
2022-09-08,42.29928588867188,42.46743089515328,41.562128809947446,41.74123931010673,3164000,44.67201366424561,43.59156455993652,1,0,1,0.006027726562334301
2022-09-09,43.2131233215332,43.29963137992356,42.63680079868358,42.64411112934317,2464000,44.51294689178467,43.648636474609376,1,0,1,0.02160408653863488
2022-09-12,43.89787292480469,43.90518325347092,43.45557944861386,43.45557944861386,2427200,44.33992862701417,43.730832214355466,1,0,1,0.01584587159267592
2022-09-13,41.59868621826172,42.79397342679275,41.492682722455775,42.65019865589222,5641600,44.037634277343756,43.76465599060059,1,0,1,-0.05237581124901847
2022-09-14,41.77901077270508,42.01051318478518,41.36595862051012,41.792411802164864,3512000,43.75264129638673,43.78987747192383,0,-1,0,0.004334861766961184
2022-09-15,40.84934616088867,41.733929459778565,40.619059635880376,41.41469935668143,4664800,43.44114723205567,43.79087654113769,0,0,0,-0.022251953663387614
2022-09-16,40.54352188110352,40.60444377724342,39.98791448577782,40.43142395612002,5660800,43.10205612182618,43.76760437011719,0,0,0,-0.007486638307027782
2022-09-19,40.86152267456055,40.893203242898345,40.14630037894567,40.15726587143724,21616800,42.82443466186524,43.75010719299316,0,0,0,0.007843442767246023
2022-09-20,40.60809326171875,40.88102212836543,40.26936771529942,40.47284845602838,3777600,42.59780502319337,43.74089569091797,0,0,0,-0.006202152936399918
2022-09-21,39.992794036865234,41.42689430400855,39.992794036865234,40.80061535235597,4010400,42.34571056365967,43.7306364440918,0,0,0,-0.015152132873807123
2022-09-22,39.46641540527344,39.94769605865456,39.26780946816009,39.79905023108691,5844000,42.06364212036133,43.71172607421875,0,0,0,-0.013161836882578992
2022-09-23,38.90715789794922,39.173996081684365,38.42099867255902,39.10332460485721,20828800,41.7126708984375,43.67619644165039,0,0,0,-0.014170466245320368
2022-09-26,38.65372467041016,39.50785087063217,38.54894079062462,38.82308933174697,9041600,41.446259307861325,43.62065994262695,0,0,0,-0.006513794407800089
2022-09-27,38.79263305664063,39.5663419984813,38.40517063091514,39.1788758543778,18527200,41.215183067321775,43.57538291931152,0,0,0,0.0035936610873830155
2022-09-28,39.24256896972656,39.43310216023875,38.285016499446606,38.51463437706922,11395200,41.02847442626953,43.51439483642578,0,0,0,0.011598488620996328
2022-09-29,38.23494338989258,38.73204131580231,37.781816672776365,38.67585940259177,21222400,40.81234149932861,43.4174388885498,0,0,0,-0.02567685058058533
2022-09-30,37.54120635986328,38.70150653907475,37.51433610135712,38.08959967287413,7930400,40.5801643371582,43.294082489013675,0,0,0,-0.018144057987874218
2022-10-03,38.680755615234375,38.89083122089122,37.65113877151942,37.87220625029921,6112000,40.429759407043456,43.20716377258301,0,0,0,0.030354625380111022
2022-10-04,40.03524017333984,40.05478251713976,39.42211078449544,39.4502036025805,7688800,40.36218738555908,43.15286628723145,0,0,0,0.03501701392751477
2022-10-05,40.16226196289063,40.42730058864413,39.22791573100402,39.44898314902813,4501600,40.2680082321167,43.11721702575684,0,0,0,0.0031727495326825395
2022-10-06,39.85813522338867,40.52133735846871,39.80561727766126,40.03523512922913,12241600,40.14595069885254,43.03920021057129,0,0,0,-0.007572450470617609
2022-10-07,38.19953155517578,39.07403205807218,38.01266227897602,39.07403205807218,6406400,39.895271110534665,42.91553443908691,0,0,0,-0.041612676030052365
2022-10-10,37.50945281982422,38.26181639559442,37.121058462984735,38.19464260719342,7816000,39.575850105285646,42.7635920715332,0,0,0,-0.01806510989159138
2022-10-11,36.89876174926758,37.53509741772879,36.61784848683364,37.25784438435981,8125600,39.34085388183594,42.60104431152344,0,0,0,-0.016280991180811943
2022-10-12,36.76686096191406,37.16136438456746,36.659379922471565,36.96716721311533,6149600,39.09024639129639,42.44051300048828,0,0,0,-0.003574667037604118
2022-10-13,37.81968307495117,38.0151028228785,35.617555340039225,35.76656247851012,10500800,38.93876323699951,42.275060958862305,0,0,0,0.028635082938619716
2022-10-14,36.74365234375,38.23372351972881,36.683806475371895,38.19830278684409,4932800,38.748769760131836,42.08516387939453,0,0,0,-0.028451606246109762
2022-10-17,37.905181884765625,38.06029438229472,37.61205411489465,37.64258833524208,3719200,38.60095272064209,41.91993530273437,0,0,0,0.031611706156728925
2022-10-18,38.29479217529297,39.0593663852578,37.81723660482528,38.87127830429701,10937600,38.4852876663208,41.76890800476074,0,0,0,0.01027854955852181
2022-10-19,38.10670471191406,38.49265768127486,37.731743613941575,37.94670570505938,3305600,38.390983200073244,41.62537719726563,0,0,0,-0.004911567675258355
2022-10-20,38.1274642944336,38.96165738782564,37.94181388628511,38.14212012090404,3848800,38.32403564453125,41.45462745666504,0,0,0,0.0005447750645584115
2022-10-21,39.13143157958984,39.20593327738904,37.88685663935868,38.02853212131524,3866400,38.33524932861328,41.309366912841796,0,0,0,0.026331866116331426
2022-10-24,39.59311294555664,39.73112448522757,38.73570968594653,39.28898958810477,3692800,38.382218742370604,41.154064407348635,0,0,0,0.011798223252522444
2022-10-25,40.46028900146485,40.4871592682126,39.71281177943752,39.71281177943752,5120000,38.46560153961182,41.010378723144534,0,0,0,0.021902194381650197
2022-10-26,39.6468505859375,40.500589906510605,39.46486782859012,39.50883904332933,4164800,38.485815620422365,40.85373832702637,0,0,0,-0.020104612092560648
2022-10-27,39.23646545410156,40.04501085401393,39.15585468090954,39.74944174629763,4268000,38.535891723632815,40.696883087158206,0,0,0,-0.010351014664995883
2022-10-28,40.815696716308594,40.90485796973663,39.401353457371854,39.401353457371854,4392800,38.699616241455075,40.566690139770515,0,0,0,0.04024907044836645
2022-10-31,40.32959365844727,40.58852321166744,40.102417155032505,40.44440260786697,4328800,38.78205814361572,40.44500297546387,0,0,0,-0.011909708689772036
2022-11-01,40.01814651489258,40.935395642704265,39.849597030319394,40.838906467402495,3250400,38.78120346069336,40.3425521850586,0,0,0,-0.007722546033871569
2022-11-02,38.537845611572266,40.39676888200801,38.53662305015574,39.99616010613341,4452800,38.69998264312744,40.21261543273926,0,0,0,-0.03699074125708013
2022-11-03,37.44105911254883,38.114034514801375,37.41297001560515,38.01143998277181,16798400,38.57912883758545,40.05928092956543,0,0,0,-0.028459984766094237
2022-11-04,37.92715835571289,38.267921233093546,37.07830570190679,38.094485254757686,5880800,38.5655101776123,39.899292449951176,0,0,0,0.012983052688302354
2022-11-07,38.48899459838867,38.55250443251532,37.69021838013386,38.08838579141066,5656000,38.61448726654053,39.78943321228028,0,0,0,0.014813560177812546
2022-11-08,38.84684753417969,39.3732570773997,38.30211820830071,38.81142680282502,4400800,38.71189155578613,39.698087005615236,0,0,0,0.009297539193346305
2022-11-09,37.81235504150391,38.56838260308821,37.75250916493096,38.45968272151765,5304800,38.764166259765624,39.594799270629885,0,0,0,-0.02663002427070993
2022-11-10,41.01600646972656,41.055091164486406,39.589448656887,39.73234671407782,10920800,38.92398242950439,39.5639673614502,0,0,0,0.08472499067318684
2022-11-11,41.85264205932617,41.975997761020125,40.80592820946673,40.9585992939624,10211200,39.1794319152832,39.55732521057129,0,0,0,0.020397782758716954
2022-11-14,41.4532585144043,41.95646189019147,41.20409822240373,41.48623785923086,7431200,39.356835746765135,39.552613296508795,0,0,0,-0.009542612491602043
2022-11-15,42.05172348022461,42.594011489336616,41.63401746586523,42.4010368718663,7284000,39.544682312011716,39.56591415405274,0,0,0,0.014437103071459623
2022-11-16,41.33477783203125,41.78424059528771,41.1918797889937,41.68775515676536,4236000,39.706085968017575,39.5516928100586,1,1,1,-0.01704913827207377
2022-11-17,41.31157684326172,41.510660552803394,40.59219256271292,40.68868174096697,5818400,39.865291595458984,39.53193862915039,1,0,1,-0.0005612946285524778
2022-11-18,41.35798645019531,41.85142045016253,41.03188309359264,41.83187810362386,3657600,39.97661933898926,39.49483589172363,1,0,1,0.0011234043936321214
2022-11-21,40.86577987670898,41.24806892286704,40.76684929811292,41.10150317003927,8136800,40.040252685546875,39.43419403076172,1,0,1,-0.011901125169115012
2022-11-22,41.59737396240234,41.62302538903146,40.69844837928741,40.97081494395893,4137600,40.09710693359375,39.43416778564453,1,0,1,0.017902364469748466
2022-11-23,42.041954040527344,42.13722065116756,41.52043094126023,41.54363724502196,3524800,40.21686210632324,39.43942665100098,1,0,1,0.010687695779229678
2022-11-25,41.77812957763672,41.90881689845556,41.65110621313426,41.74393140957692,1474400,40.3439453125,39.45800231933594,1,0,1,-0.006275266431153614
2022-11-28,40.89508438110352,41.59126599424453,40.73264399260863,41.40683813754718,5042400,40.347914695739746,39.46503356933594,1,0,1,-0.021136542144430503
2022-11-29,40.51646423339844,40.98424679400611,40.357684069899136,40.91585044666903,4314400,40.3572582244873,39.458132400512696,1,0,1,-0.009258329049445235
2022-11-30,42.49629211425781,42.50362002642156,40.44317214622465,40.56164502929916,4823200,40.48116550445557,39.495896377563476,1,0,1,0.04886477431629799
2022-12-01,42.646522521972656,42.85903943311813,42.09202021875288,42.55736128597731,11018400,40.68659934997559,39.54897094726562,1,0,1,0.003535141543900444
2022-12-02,42.40713882446289,42.53416220463205,41.77447077366465,41.86485085882977,4314400,40.93490333557129,39.60778541564942,1,0,1,-0.005613205564097945
2022-12-05,41.59981918334961,42.29599711459013,41.34333100770456,42.0908080650027,3923200,41.118536376953124,39.66163864135742,1,0,1,-0.019037352282950337
2022-12-06,40.69600296020508,41.64866897065825,40.42607781780906,41.64866897065825,6495200,41.22888679504395,39.70248420715332,1,0,1,-0.02172644595307005
2022-12-07,40.51035690307617,40.79737929839708,40.21722915506991,40.56654254799621,6806400,41.31206226348877,39.73683868408203,1,0,1,-0.004561776185008637
2022-12-08,41.21630859375,41.34210942529639,40.50669365163082,40.7924934904647,3288000,41.48225994110108,39.7763134765625,1,0,1,0.01742644954629413
2022-12-09,40.965919494628906,41.53629647161221,40.83889613259491,41.04653025934352,11598400,41.479755592346194,39.830932998657225,1,0,1,-0.006075000592339896
2022-12-12,41.86485290527344,41.86973942364376,41.03798765069485,41.06119395380209,4852000,41.48036613464355,39.91740592956543,1,0,1,0.021943445227987413
2022-12-13,42.3643798828125,43.66025361234449,41.96010726589095,43.43674484914908,7354400,41.52592220306396,39.99107841491699,1,0,1,0.011931893769442592
2022-12-14,42.04806137084961,42.83095920096236,41.55340850912956,42.31432259590402,5572000,41.52573909759521,40.03133483886719,1,0,1,-0.00746661494486367
2022-12-15,40.45526885986328,41.478924055441325,40.33526944650416,41.387088799230014,5430400,41.481763648986814,40.03719497680664,1,0,1,-0.037880284109615414
2022-12-16,39.926300048828125,40.53118861658104,39.72915840675503,40.34017156747869,5028800,41.412499809265135,40.03855827331543,1,0,1,-0.013075399717834002
2022-12-19,39.35079956054688,40.004666221215565,39.09611139445344,39.99854536472157,12659200,41.312140464782715,40.06158363342285,1,0,1,-0.01441407011362017
2022-12-20,39.43773651123047,39.63855142763672,38.94794840696548,39.102232855580695,6608800,41.24073829650879,40.10014930725097,1,0,1,0.0022092804124556054
2022-12-21,40.06221389770508,40.25323094419732,39.50018254128141,39.611609774532944,4402400,41.16398029327392,40.16341835021973,1,0,1,0.01583451388739765
2022-12-22,39.06916809082031,39.58834221363878,38.41774910557205,39.58589461869977,5084800,41.01534099578858,40.20946449279785,1,0,1,-0.024787591854519286
2022-12-23,39.08386993408203,39.12427581199731,38.48142886947254,38.82795607585328,7944800,40.88062801361084,40.23474822998047,1,0,1,0.00037630295141033443
2022-12-27,38.70182800292969,39.00059901133216,38.49856551447317,38.998147679547486,5281600,40.77096519470215,40.273911743164064,1,0,1,-0.009774925865751904
2022-12-28,38.09326934814453,38.92468567505984,38.05041214302356,38.63938202077554,4907200,40.64980545043945,40.27767349243164,1,0,1,-0.01572428709928353
2022-12-29,39.131614685058594,39.27243173913068,38.4287700277422,38.51448443136988,4965600,40.48157157897949,40.294409942626956,1,0,1,0.027257973775481226
2022-12-30,39.110801696777344,39.110801696777344,38.50101421391537,38.72264301318334,4978400,40.304785537719724,40.31449188232422,0,-1,0,-0.0005318714407457348
2023-01-03,38.736114501953125,39.81609808667671,38.48142261447504,39.4720185317148,5940000,40.12123432159424,40.32666488647461,0,0,0,-0.009580146112297516
2023-01-04,38.90386962890625,39.159783467323074,38.49612267254312,38.9393803130922,4561600,39.98643684387207,40.32211364746094,0,0,0,0.004330716415676283
2023-01-05,38.0981674194336,38.69325814021097,38.04306476597503,38.68468595202204,4448800,39.8565450668335,40.292214736938476,0,0,0,-0.02071007889852683
2023-01-06,39.18794250488281,39.36304083404391,37.95857346631867,38.42632194586135,6175200,39.79042434692383,40.266767807006836,0,0,0,0.028604396464836812
2023-01-09,39.67894744873047,40.38057007910199,39.55895178452709,39.59691005423866,5166400,39.71355628967285,40.26740974426269,0,0,0,0.012529490258042397
2023-01-10,39.93609237670898,39.977723912541705,39.33977602376173,39.57365026603463,18122400,39.662064933776854,40.28140228271484,0,0,0,0.006480638840301145
2023-01-11,40.60955810546875,40.62057789012157,39.91283418260727,40.07323949830988,4167200,39.59930019378662,40.27727951049805,0,0,0,0.01686358601154847
2023-01-12,40.92669296264648,41.08097741188761,40.13691188338713,40.66588019818141,4303200,39.52741584777832,40.28922149658203,0,0,0,0.007809364887795267
2023-01-13,41.09933853149414,41.12627702340965,40.44914520144642,40.54955264738478,3956800,39.47997970581055,40.31084533691406,0,0,0,0.004218409950817126
2023-01-17,41.3050537109375,41.50586862759752,40.95240941432189,41.00628640480205,4362400,39.522468948364256,40.36618949890137,0,0,0,0.005005316065749277
2023-01-18,40.784645080566406,41.814424798090734,40.75403333059286,41.58422384040394,5846400,39.56538619995117,40.43306121826172,0,0,0,-0.01259915152303237
2023-01-19,40.28384017944336,40.653632537104464,40.11853970719704,40.46261550255596,6995200,39.612038230896,40.480194854736325,0,0,0,-0.012279251177342632
2023-01-20,41.41158676147461,41.41158676147461,40.3536426357507,40.52629339530093,4633600,39.710730743408206,40.53864669799805,0,0,0,0.027995011821309257
2023-01-23,42.39482879638672,42.57972123689088,41.50586232523376,41.56218690244266,10939200,39.827361488342284,40.60960632324219,0,0,0,0.023743162525393213
2023-01-24,42.32380294799805,42.48665954346171,42.08013462444717,42.17074420470514,4677600,39.99009323120117,40.69983528137207,0,0,0,-0.0016753422623734249
2023-01-25,42.23442840576172,42.32748560131997,41.17158541652156,41.58913020929688,5066400,40.147621154785156,40.724203720092774,0,0,0,-0.0021116850568967394
2023-01-26,42.90665817260742,42.93114533307793,42.19156806678734,42.68013045173412,3876800,40.357862663269046,40.7452840423584,0,0,0,0.015916629920673886
2023-01-27,43.10379409790039,43.40991161567739,42.61155847455797,42.63482370485192,4538400,40.608388900756836,40.77829475402832,0,0,0,0.004594529932858471
2023-01-30,42.2613639831543,42.80380335549019,42.23442549074465,42.59809326988176,4832000,40.76487636566162,40.782487564086914,0,0,0,-0.019544221857424104
2023-01-31,42.90298843383789,42.91278255147289,42.240549592271776,42.29687417644284,4666400,40.954485702514646,40.813851776123045,1,1,1,0.015182293949133951
2023-02-01,43.95602798461914,44.28908399363458,42.735231173510336,42.87971774516031,4440000,41.21548137664795,40.8667407989502,1,0,1,0.02454466668225641
2023-02-02,45.26620864868164,45.47681765018262,44.57315814068175,44.7458088689575,11626400,41.53359832763672,40.94490524291992,1,0,1,0.02980662093765507
2023-02-03,44.78622055053711,45.53559567020152,44.260921819875776,44.260921819875776,6144800,41.868000984191895,41.02331405639649,1,0,1,-0.010603673523219004
2023-02-06,44.19847106933594,44.597649512162505,44.02459841015149,44.31969614856661,2552800,42.11852741241455,41.07533599853516,1,0,1,-0.013123444532184836
2023-02-07,45.25764083862305,45.40580442190187,44.20459946605549,44.25235186027289,4283200,42.39746208190918,41.13964973449707,1,0,1,0.023963945893638483
2023-02-08,44.6845932006836,45.57600741843293,44.61602316368647,45.241729422268655,10204000,42.63488712310791,41.19777900695801,1,0,1,-0.012661898130810312
2023-02-09,44.49602127075195,45.47192036439273,44.28908552252236,45.39110862523254,3124000,42.82921028137207,41.269797744750974,1,0,1,-0.004220065942745599
2023-02-10,44.21316909790039,44.32826959762309,43.79807563608958,44.12378516330631,2697600,42.993534088134766,41.34373184204102,1,0,1,-0.006356796962372124
2023-02-13,44.96499252319336,45.0727464931419,44.33561307907864,44.42132748338851,7828000,43.18681678771973,41.393105850219726,1,0,1,0.01700451337537512
2023-02-14,45.20376205444336,45.45355125180565,44.46418110490641,44.74703338485048,4117600,43.38175220489502,41.44425064086914,1,0,1,0.0053101205593850676
2023-02-15,45.52212524414063,45.52335091005748,44.89887038863061,44.97233934470195,3173600,43.61862621307373,41.5065503692627,1,0,1,0.007042847215102066
2023-02-16,44.691932678222656,45.36661689447618,44.68703748834222,44.844991439675006,3686400,43.8390308380127,41.56839263916016,1,0,1,-0.01823712231064678
2023-02-17,44.14459609985352,44.43112166392536,43.7576630875689,44.42867406889077,3313600,43.97568130493164,41.63736450195312,1,0,1,-0.012246876462244316
2023-02-21,43.07686233520508,43.817669086006525,43.048701910714215,43.54583653829054,8300800,44.00978298187256,41.688694610595704,1,0,1,-0.024187190709215378
2023-02-22,43.06705856323242,43.379296915427815,42.84175653387656,43.14297510459533,3920800,44.04694576263428,41.72570960998535,1,0,1,-0.00022758788456711532
2023-02-23,43.72950744628906,43.86419992364177,43.07931403043621,43.837261428171225,3250400,44.12169971466064,41.780981369018555,1,0,1,0.015381800038282378
2023-02-24,42.96910858154297,43.11971601996933,42.698497985176346,43.01074011864867,3160000,44.12482223510742,41.80306648254395,1,0,1,-0.017388690363824844
2023-02-27,43.161354064941406,43.60093847109295,43.10013054759239,43.407473800456295,4657600,44.12770023345947,41.81900596618652,1,0,1,0.004474039367924343
2023-02-28,43.11603927612305,43.51154445185862,42.97889922690303,43.057267104620806,1655200,44.17043399810791,41.84036552429199,1,0,1,-0.0010498926597664049
2023-03-01,42.782989501953125,43.22379953636688,42.66666707105188,43.119718818454565,3965600,44.16443405151367,41.88691993713379,1,0,1,-0.007724498348213538
2023-03-02,43.29114532470703,43.41114475758435,42.51483161434579,42.651971688041726,2244000,44.13118991851807,41.95421684265137,1,0,1,0.011877520217017823
2023-03-03,44.1996955871582,44.21438862988668,43.49439964190312,43.54582902823883,3400800,44.077864265441896,42.051194763183595,1,0,1,0.020986976797138457
2023-03-06,44.360107421875,44.97846339441028,44.33072133207444,44.49479989477191,4308800,44.05655860900879,42.14964218139649,1,0,1,0.003629252025061591
2023-03-07,43.8139877319336,44.50213929438904,43.69888724958845,44.358874655968464,2481600,44.03733444213867,42.224677658081056,1,0,1,-0.012311054271074484
2023-03-08,44.1605110168457,44.220512589509866,43.7441919527561,43.93643464487047,3632800,43.9824779510498,42.32650451660156,1,0,1,0.007908964758748471
2023-03-09,43.46501541137695,44.70050529733629,43.39032079193812,44.21316485092306,4271200,43.92149906158447,42.41412742614746,1,0,1,-0.015749265338062868
2023-03-10,42.60544204711914,43.44420114357576,42.41564692429936,43.38665089478075,5624800,43.82697010040283,42.49219970703125,1,0,1,-0.019776212112714853
2023-03-13,42.80379104614258,43.41112701143009,42.04706961804967,42.3384902871295,13410400,43.75650119781494,42.58641014099121,1,0,1,0.0046554850623090616
2023-03-14,43.76990509033203,43.92663710629138,43.1797133698391,43.39276996145005,4953600,43.696746826171875,42.67917594909668,1,0,1,0.022570758817787473
2023-03-15,43.75399017333984,43.798073041815925,43.04012572093116,43.36460956293511,11355200,43.6242582321167,42.77203971862793,1,0,1,-0.00036360410102209695
2023-03-16,44.94907760620117,44.996833739234106,43.447875895706666,43.653589736050655,11621600,43.59560585021973,42.89629898071289,1,0,1,0.027313793053542534
2023-03-17,44.82662963867188,45.350702741058505,44.56826821704424,45.05070978054812,4109600,43.60234069824219,43.014754180908206,1,0,1,-0.0027241486155078487
2023-03-20,44.96376419067383,45.03478554701262,44.44948900567299,44.75070759522963,3489600,43.6432991027832,43.15206611633301,1,0,1,0.0030592206710013947
2023-03-21,45.470703125,45.53682556428242,44.884180833543134,45.246622978404375,11869600,43.76299114227295,43.27772132873535,1,0,1,0.011274388242417555
2023-03-22,44.9184684753418,46.299670837755535,44.9184684753418,45.43519509645827,4698400,43.85556163787842,43.38251174926758,1,0,1,-0.012144845179545505
2023-03-23,45.55274200439453,46.22620065829219,45.163361352242525,45.426621715045165,4759200,43.94672336578369,43.49484474182129,1,0,1,0.014120551091382882
2023-03-24,45.635196685791016,45.635196685791016,45.071992849536365,45.42046881066511,2968800,44.0800277709961,43.595357513427736,1,0,1,0.0018100926040529597
2023-03-27,45.34929656982422,45.92353931963225,45.24009406247096,45.689178748781565,4939200,44.18942489624023,43.68380958557129,1,0,1,-0.00626490377449862
2023-03-28,45.15420150756836,45.31494034924,44.77137300695936,45.3124876645898,4691200,44.2913330078125,43.764906845092774,1,0,1,-0.004302052667023659
2023-03-29,46.07691192626953,46.17629994091516,45.63150818208847,45.694083463255794,3072000,44.45602912902832,43.86034400939941,1,0,1,0.02043465254382837
2023-03-30,46.54196166992188,46.63398790565813,46.26097384833122,46.4560690187452,2971200,44.618569946289064,43.97549034118652,1,0,1,0.010092901720421432
2023-03-31,47.29779815673828,47.33338267843389,46.49042306715024,46.54072744097522,4052800,44.773475074768065,44.11576950073242,1,0,1,0.016239893199535338
2023-04-03,47.2352180480957,47.28061705169351,46.80330966208594,47.02417109644804,6167200,44.9172306060791,44.23224212646485,1,0,1,-0.00132310828582749
2023-04-04,46.93582534790039,47.39963735149745,46.7775429440183,47.28920663531844,3695200,45.073322486877444,44.323062057495115,1,0,1,-0.0063383363635680645
2023-04-05,46.37140274047852,46.70883223086114,46.03274503550909,46.703923117070616,9765600,45.18386707305908,44.404014053344724,1,0,1,-0.012025411361965443
2023-04-06,46.61189270019531,46.640111676700336,45.82414664043709,46.03765000872091,2229600,45.3412109375,44.4915633392334,1,0,1,0.005186169611100855
2023-04-10,46.584903717041016,46.584903717041016,45.94685371004692,46.16035710364518,2392800,45.540184020996094,44.56512825012207,1,0,1,-0.0005790149592913574
2023-04-11,46.23888397216797,46.54686627619516,46.10882053782208,46.511281753347546,13228800,45.71193866729736,44.627830047607425,1,0,1,-0.007427722658284064
2023-04-12,45.96157836914063,46.72601092948374,45.8990030794402,46.51373574560321,3059200,45.821522331237794,44.70183433532715,1,0,1,-0.005997238237719027
2023-04-13,46.85115814208984,46.92232717898329,46.14317113932861,46.20206926525184,8539200,45.97638072967529,44.780797729492186,1,0,1,0.019354856915585916
2023-04-14,46.67201614379883,47.0303065336529,46.25851226985251,46.64502163672382,4209600,46.062527656555176,44.83511749267578,1,0,1,-0.003823640767805725
2023-04-17,46.841346740722656,46.885517529652894,46.46588005658944,46.64870428503384,2506400,46.16326351165772,44.866620254516604,1,0,1,0.0036280968964810256
2023-04-18,46.9738655090332,47.32602234863205,46.79472216953351,47.17386977418982,3436000,46.26376857757568,44.91037315368652,1,0,1,0.0028290981692749018
2023-04-19,46.87571334838867,46.95546867563303,46.53460289553527,46.60699642300675,2138400,46.334019088745116,44.96391799926758,1,0,1,-0.0020895057194230127
2023-04-20,46.53949737548828,46.97017750499965,46.34685493804236,46.47937103684059,2300800,46.41507053375244,44.98955513000488,1,0,1,-0.007172498270086591
2023-04-21,46.40208053588867,46.47201762435744,46.135816331265445,46.39839963649558,2632800,46.457537460327146,45.02390487670898,1,0,1,-0.002952692816832747
2023-04-24,46.20084381103516,46.49410249915172,45.867095233309776,46.25606104142188,2344000,46.485819816589355,45.058001327514646,1,0,1,-0.004336803921924703
2023-04-25,45.20327758789063,46.03396997990115,45.20205311794748,46.013109056190864,3125600,46.47851886749268,45.077803497314456,1,0,1,-0.02159194813031229
2023-04-26,45.80452346801758,46.27201644495945,45.69164004938271,45.938271558868784,5786400,46.511034965515144,45.094594116210935,1,0,1,0.01330093551198619
2023-04-27,46.67201614379883,46.71619067562902,45.95421089414846,46.00083811041951,3312800,46.54079017639161,45.12395919799805,1,0,1,0.018939017592595864
2023-04-28,47.16160202026367,47.16896756388516,46.58613475575257,46.66220917579023,2912000,46.5717721939087,45.15674873352051,1,0,1,0.01048992344698374
2023-05-01,47.2106819152832,47.43154335875028,47.084299381994114,47.12601748822426,2161600,46.56741638183594,45.20712371826172,1,0,1,0.0010406748905273933
2023-05-02,46.68183898925781,47.238901721514736,46.46220201198794,47.20945452708544,2672800,46.539747428894046,45.2578685760498,1,0,1,-0.011201764189180063
2023-05-03,46.35176849365234,47.11987814364034,46.34072579640715,46.71864516550551,2816800,46.51054458618164,45.32336669921875,1,0,1,-0.007070640376473425
2023-05-04,46.164039611816406,46.437661873961495,45.99471074858287,46.19471502198025,3992000,46.500176429748535,45.38530632019043,1,0,1,-0.004050091030758374
2023-05-05,47.38491821289063,47.52602434931335,46.648708376364894,46.66956930267148,3084000,46.538827705383305,45.45841453552246,1,0,1,0.02644652875572273
2023-05-08,47.43522262573242,47.46712624774572,47.1333776648322,47.29288828578554,1961600,46.58134365081788,45.54773681640625,1,0,1,0.0010616123175686276
2023-05-09,47.09043502807617,47.25240209080852,47.05116960476708,47.18982305644446,1658400,46.623921203613286,45.62631843566894,1,0,1,-0.007268598703049189
2023-05-10,47.60332107543945,47.69902819253176,47.13828461580906,47.48798124912868,3171200,46.70600833892822,45.716064071655275,1,0,1,0.010891512194726838
2023-05-11,47.40209197998047,47.54687899668329,47.0977906063614,47.54196988327882,2362400,46.73355503082276,45.80844612121582,1,0,1,-0.004227207071121897
2023-05-12,47.307613372802734,47.55179217015185,46.9579167124209,47.49412225253352,1940000,46.76533489227295,45.888775482177735,1,0,1,-0.001993131594648534
2023-05-15,47.70639801025391,47.70639801025391,47.19227781887133,47.34565487490296,2128000,46.80858745574952,45.95890953063965,1,0,1,0.008429608027541002
2023-05-16,47.67449569702149,47.92726077290349,47.608235763719776,47.608235763719776,2423200,46.843618965148934,46.02519729614258,1,0,1,-0.0006687219023654434
2023-05-17,48.3726692199707,48.43033914095204,47.668359255198325,47.878181757131216,8323200,46.91846675872803,46.11637092590332,1,0,1,0.014644591678246721
2023-05-18,49.32237243652344,49.38249503461959,48.43769476721581,48.43769476721581,11084800,47.05761051177979,46.21960815429688,1,0,1,0.01963305378568303
2023-05-19,49.23280715942383,49.39477423056329,49.07329651771673,49.34814700603311,2890400,47.19914684295655,46.334963989257815,1,0,1,-0.0018159158344396298
2023-05-22,49.35918426513672,49.505199507102326,49.02911657476639,49.068381995786325,2228800,47.35706386566162,46.47003883361816,1,0,1,0.0025669287006866437
2023-05-23,48.607025146484375,49.26347586648933,48.578802423752514,49.13464065376378,3291200,47.52725124359131,46.586103515625,1,0,1,-0.015238483574040895
2023-05-24,48.30641174316406,48.48433062927012,48.0241994526756,48.224199992007385,3039200,47.65234565734863,46.676833648681644,1,0,1,-0.0061845669924125435
2023-05-25,50.02668380737305,50.21932627783015,49.36409571072854,49.681892503972406,5887200,47.82007904052735,46.8022875213623,1,0,1,0.03561167145585853
2023-05-26,51.35431671142578,51.427938443580224,50.186198458676095,50.186198458676095,4089600,48.02971477508545,46.930392303466796,1,0,1,0.026538495119220018
2023-05-30,51.62303161621094,52.29052880486411,51.47578815755988,52.10647635382864,6355200,48.250332260131835,47.06632034301758,1,0,1,0.00523256703609043
2023-05-31,51.15185546875,51.72609819121798,51.0782337427667,51.30891340338799,3402400,48.473833084106445,47.1900821685791,1,0,1,-0.009127246748386941
2023-06-01,51.67947769165039,51.90279558316051,50.76535268757007,50.99234773407304,4220000,48.740218544006346,47.31425765991211,1,0,1,0.010314820802985958
2023-06-02,52.03776550292969,52.23286065829612,51.645118762916766,51.99113828129051,3809600,49.03390483856201,47.45664360046387,1,0,1,0.00693288375352874
2023-06-05,51.75923156738281,52.33224987836882,51.6451199399642,51.98132498255067,3124000,49.25262050628662,47.58077339172363,1,0,1,-0.005352534507485629
2023-06-06,51.845123291015625,51.97763941331112,51.38622036017391,51.62058093962255,2842400,49.47311553955078,47.704971923828126,1,0,1,0.0016594474267066506
2023-06-07,51.07332611083984,52.213225320716624,50.96780450469584,51.84266774007771,4487200,49.67226009368896,47.81945251464844,1,0,1,-0.014886591663473503
2023-06-08,51.58744430541992,51.6745651569484,51.1015469094263,51.1015469094263,1981600,49.87146625518799,47.948117370605466,1,0,1,0.010066275955169735
2023-06-09,51.80216979980469,52.334694389141625,51.62179826595215,51.86474882518914,5760000,50.0914701461792,48.06262252807617,1,0,1,0.004162359606603161
2023-06-12,52.88318634033203,52.89054814024148,52.036545649729206,52.11998187840785,3579200,50.370248794555664,48.189447021484376,1,0,1,0.020868171057410345
2023-06-13,53.26355743408203,53.45742813306542,52.83164898519183,53.31877467298976,5442400,50.64810676574707,48.30876220703125,1,0,1,0.00719266595061252
2023-06-14,53.70405197143555,53.77644548844172,52.9580276606911,53.26478175540716,15332000,50.949584579467775,48.43813888549805,1,0,1,0.00827009232154019
2023-06-15,54.40467834472656,54.61940620046946,53.45742159703848,53.50036417254175,5164000,51.25118503570557,48.58751594543457,1,0,1,0.013046061657762342
2023-06-16,53.93473052978516,54.96051814838373,53.9150978187842,54.896710901491446,4972800,51.48180294036865,48.738782501220705,1,0,1,-0.008638003738642652
2023-06-20,53.6206169128418,53.99731184797121,53.32367729514734,53.62184512750534,6056000,51.70119342803955,48.878956985473636,1,0,1,-0.00582395821501136
2023-06-21,52.79850387573242,53.52612730459576,52.61199876742171,53.44391557425741,4289600,51.873159408569336,49.003228988647464,1,0,1,-0.01533203242412684
2023-06-22,53.232872009277344,53.25005203399294,52.54942306615606,52.54942306615606,13495200,52.104451751708986,49.14310874938965,1,0,1,0.008226902310854545
2023-06-23,52.61445999145508,52.948208590982766,52.41936483966394,52.593602810297774,4286400,52.319854164123534,49.276166381835935,1,0,1,-0.01161710789743764
2023-06-26,52.187461853027344,53.14208045201004,52.1690573561399,52.626732071820605,3320800,52.42789306640625,49.38289245605469,1,0,1,-0.008115604312903368
2023-06-27,53.2426986694336,53.39361929406584,52.41936794741122,52.47213249985497,2600800,52.52231216430664,49.51430610656738,1,0,1,0.020220121441775873
2023-06-28,53.38011932373047,53.66601248023859,52.92244088584385,53.00097172813764,3463200,52.61016654968262,49.64508155822754,1,0,1,0.0025810234591989722
2023-06-29,53.495147705078125,53.5860907800625,53.20020621281054,53.45828142493888,2787200,52.72733116149902,49.77550720214844,1,0,1,0.0021548917987621596
2023-06-30,54.33818817138672,54.47705739847261,53.99408666835232,54.07273972632049,3354400,52.86026668548584,49.9247566986084,1,0,1,0.01575919503870371
2023-07-03,54.24602508544922,54.375060820217925,53.9818067354466,54.36523106201213,6659200,52.970679664611815,50.07888725280762,1,0,1,-0.0016961015639095356
2023-07-05,53.909297943115234,54.2656857294086,53.813441866106885,53.95845423253768,3724000,53.078182983398435,50.22903160095215,1,0,1,-0.006207406751067346
2023-07-06,53.700382232666016,53.7372485143388,53.11295572557664,53.382090832942026,3533600,53.170945930480954,50.379022369384764,1,0,1,-0.0038753187004896272
2023-07-07,53.51726913452149,54.16491176625069,53.49760586908658,53.58362843618181,2547200,53.293143081665036,50.54530220031738,1,0,1,-0.003409903068308795
2023-07-10,53.73233413696289,53.73233413696289,53.089604473407945,53.29729327242033,2747200,53.400387573242185,50.70385841369629,1,0,1,0.004018609430552322
2023-07-11,53.93510437011719,53.9768874036698,53.3894609313263,53.83064491104342,7304800,53.50703430175781,50.849120178222655,1,0,1,0.003773709748722931
2023-07-12,54.49918746948242,54.73636931349127,54.15385952551091,54.48321082966272,3728800,53.58783435821533,50.99587188720703,1,0,1,0.010458552105403252
2023-07-13,55.31150436401367,55.41350733072352,54.79412752503568,54.89858699381167,4013600,53.69023170471191,51.15788833618164,1,0,1,0.014905119365056896
2023-07-14,55.1136474609375,55.787100295598606,54.942824937488886,55.444228872896346,6104800,53.76071147918701,51.32652450561523,1,0,1,-0.003577138343120123
2023-07-17,55.847312927246094,56.00953205783728,55.194753527315335,55.194753527315335,6067200,53.83284320831299,51.51643539428711,1,0,1,0.013311865574286097
2023-07-18,56.47898483276367,56.732147063210114,55.45160439917558,55.74777604340748,4876800,53.960055923461915,51.72273429870606,1,0,1,0.011310694685355394
2023-07-19,56.33028030395508,56.895587012446526,56.12873839072027,56.65840519520401,11340000,54.09553909301758,51.90164154052734,1,0,1,-0.0026329178764262773
2023-07-20,55.13821792602539,56.2073811684732,54.98460219431875,55.94684948756018,8937600,54.212524795532225,52.055701446533206,1,0,1,-0.021162017506346276
2023-07-21,55.04359817504883,55.73548415566064,54.98215187126994,55.540085359689954,2669600,54.3030611038208,52.214764709472654,1,0,1,-0.0017160465922838597
2023-07-24,55.10626983642578,55.387694933487786,54.90595430337928,55.29921211368763,4907200,54.42765159606934,52.36482368469238,1,0,1,0.0011385822049214678
2023-07-25,55.73302459716797,55.923506628282304,55.24636719765117,55.24759732378241,4749600,54.604929733276364,52.53144233703613,1,0,1,0.01137356534206746
2023-07-26,55.091529846191406,55.32256855581741,54.6773823455976,55.17878255022766,2720000,54.697371292114255,52.68712066650391,1,0,1,-0.011510137043758473
2023-07-27,54.83836364746094,55.9788067713607,54.59134833305245,55.79692438184794,2869600,54.77028350830078,52.829759979248045,1,0,1,-0.004595374269643182
2023-07-28,55.61750411987305,55.75882985785932,55.2795494745046,55.37909217910964,3348000,54.876401329040526,52.98862014770508,1,0,1,0.01420794532493641
2023-07-31,55.89278411865234,55.9431705356114,55.56466297092268,55.69738533115819,3742400,54.95413112640381,53.13902244567871,1,0,1,0.0049495208951839675
2023-08-01,55.92227554321289,56.02427850035819,55.49952470361685,55.65560070422568,2151200,55.03794364929199,53.2710205078125,1,0,1,0.0005276427901310665
2023-08-02,54.434043884277344,55.39260458206724,54.191945332986485,55.39260458206724,5732000,55.0641809463501,53.37504524230957,1,0,1,-0.026612501806825506
2023-08-03,54.2189826965332,54.515154291835486,53.943704491936735,54.05676357580275,4239200,55.09011096954346,53.4722412109375,1,0,1,-0.003950858183554118
2023-08-04,53.51112747192383,54.40087250527896,53.43124802669543,54.13788052362741,9602400,55.08980388641358,53.57032325744629,1,0,1,-0.013055487015890432
2023-08-07,53.6008415222168,53.87611977000648,53.16334412824326,53.7188173783574,3883200,55.08322925567627,53.67621185302735,1,0,1,0.001676549430584151
2023-08-08,53.101898193359375,53.28500698441995,52.56117145269244,53.15597124246456,3756800,55.04156894683838,53.73771614074707,1,0,1,-0.009308498051296743
2023-08-09,52.35838317871094,53.19528136398257,52.15929779548459,53.19528136398257,6036800,54.9345287322998,53.757797470092775,1,0,1,-0.014001665476083058
2023-08-10,52.40754699707031,53.24444524278702,52.147011553504576,52.81800780147303,6748000,54.789330863952635,53.77348777770996,1,0,1,0.0009389865647984053
2023-08-11,52.06344985961914,52.368224861385215,51.8877143396197,52.00815043919164,5035200,54.63682098388672,53.791719665527346,1,0,1,-0.006565793614999871
2023-08-14,52.83152770996094,52.84013109200763,51.84716053943872,51.98725615249638,4504000,54.486031723022464,53.81476066589355,1,0,1,0.014752726767296442
2023-08-15,52.30923843383789,52.843822034731325,52.20723921821924,52.69880965575162,4636800,54.27754440307617,53.82019012451172,1,0,1,-0.009885939301061963
2023-08-16,51.81398391723633,52.46285677668759,51.79555077499894,52.206011660486574,4025600,54.05172958374023,53.82128517150879,1,0,1,-0.009467821200034754
2023-08-17,51.247440338134766,52.07450507152791,51.1515842676095,51.98356575472769,3893600,53.857190704345705,53.80933151245117,1,0,1,-0.010934182941935489
2023-08-18,51.34698486328125,51.53869701115289,50.67230196751726,50.69811211270393,5096000,53.672360038757326,53.8148046875,0,-1,0,0.0019424292118723763
2023-08-21,52.2305793762207,52.34486858154668,51.54238014190552,51.63823620933764,4789600,53.52857551574707,53.82766738891601,0,0,0,0.017208303764907562
2023-08-22,52.250247955322266,52.794661268678325,52.123668728395934,52.74919160712,3359200,53.35443668365478,53.836628952026366,0,0,0,0.00037657210271180297
2023-08-23,53.198974609375,53.369793357747085,52.33012310575539,52.34855624401365,5698400,53.25980892181396,53.84294471740723,0,0,0,0.0181573617576698
2023-08-24,51.96390151977539,53.8343268613069,51.950385135264206,53.8343268613069,7540000,53.116085815429685,53.8169515991211,0,0,0,-0.023216107052220436
2023-08-25,52.48620223999024,52.71969743950488,51.65913365787736,52.070824634865765,4685600,52.959520721435545,53.79259460449219,0,0,0,0.010051222193469878
2023-08-28,52.889286041259766,53.01463888966469,52.50954836894216,52.87085290190152,2807200,52.80934581756592,53.76228675842285,0,0,0,0.007679805054792155
2023-08-29,53.95476531982422,54.01006473668859,52.63858294268739,52.740585895544434,3804000,52.71097030639648,53.76268745422363,0,0,0,0.02014546533551731
2023-08-30,54.39963912963867,54.46845868606788,53.78886275354103,53.94493500644574,3728800,52.70925006866455,53.77826789855957,0,0,0,0.008245310811332507
2023-08-31,54.672454833984375,54.90226337215668,54.51637884787924,54.55939200350784,2633600,52.73192367553711,53.81574691772461,0,0,0,0.0050150278330993725
2023-09-01,54.89243316650391,55.18122774396856,54.63804461279985,55.03007226308269,3005600,52.80098896026611,53.84893814086914,0,0,0,0.004023567867722733
2023-09-05,54.98583221435547,55.12838807287389,54.48197183088514,54.720383762326456,2142400,52.87023849487305,53.896365585327146,0,0,0,0.0017014922178482106
2023-09-06,54.35662460327149,54.932991186670215,54.05430986295585,54.80641196102056,5174400,52.93297481536865,53.93974884033203,0,0,0,-0.01144308607772071
2023-09-07,53.54308319091797,53.64999916483116,53.090839272358416,53.33908100202335,4717600,52.992209815979,53.94575653076172,0,0,0,-0.014966738981518013
2023-09-08,53.61189651489258,53.97197093122124,53.47179715132239,53.5615100990674,2540000,53.05242729187012,53.95039207458496,0,0,0,0.0012851953954395867
2023-09-11,53.86628341674805,54.099778598368665,53.41526594061586,54.07274207731464,2494400,53.14256896972656,53.95781478881836,0,0,0,0.004744971142455423
2023-09-12,52.92246627807617,53.67825494964859,52.88190962352864,53.47302267603983,2743200,53.14711589813233,53.92950035095215,0,0,0,-0.01752148243400853
2023-09-13,52.993751525878906,53.25796988775896,52.71110002254394,52.88314892676456,2910400,53.181341552734374,53.90445487976074,0,0,0,0.0013469751660508678
2023-09-14,53.36487579345703,53.47179174411502,52.959331756398974,53.24813008600535,2732000,53.25888614654541,53.89356643676758,0,0,0,0.0070031703152189095
2023-09-15,52.39402770996094,53.19897644526928,52.21829220186063,53.19897644526928,4768000,53.31621551513672,53.867439346313475,0,0,0,-0.018192642052680008
2023-09-18,52.60663604736328,52.78974482077128,52.18142495217542,52.22689836438195,2419200,53.37919807434082,53.84922668457031,0,0,0,0.004057873515265653
2023-09-19,52.51323318481445,52.64841578608442,52.05484246653946,52.40754735588429,3309600,53.39333076477051,53.824844665527344,0,0,0,-0.0017754958227083062
2023-09-20,51.74023818969727,52.77376534757203,51.727951930696406,52.71846593091524,3230400,53.36783027648926,53.780947341918946,0,0,0,-0.014720003858774255
2023-09-21,50.88245391845703,51.47233690716437,50.86893378205398,51.25727485393373,4798400,53.25200424194336,53.70861267089844,0,0,0,-0.016578668774104077
2023-09-22,51.02377700805664,51.49568412456756,50.9451239467793,51.0790801761663,3599200,53.20499801635742,53.622858123779295,0,0,0,0.002777442491788795
2023-09-25,51.2265510559082,51.32117700799505,50.77430718692384,50.88122314911685,8459200,53.14201545715332,53.54511619567871,0,0,0,0.003974108930029807
2023-09-26,50.312232971191406,50.930382639490574,50.148787452700994,50.884912974586655,4268000,53.013162803649905,53.434414596557616,0,0,0,-0.017848519290688092
2023-09-27,50.46706771850586,50.743576025509306,49.95829063343523,50.55555052676232,4679200,52.83877792358398,53.31417625427246,0,0,0,0.0030774771496051567
2023-09-28,50.89701461791992,51.208601203629954,50.002898713700674,50.28123055458408,3564000,52.66364669799805,53.20551094055176,0,0,0,0.008519355667981676
2023-09-29,51.0977668762207,51.707394674509935,50.949980938584105,51.39580805189386,4677600,52.48491230010986,53.12470191955566,0,0,0,0.003944283565702422
2023-10-02,51.56822204589844,51.77266281107588,51.07313299957931,51.13594041987309,8020800,52.31870174407959,53.05519439697266,0,0,0,0.009206961447402628
2023-10-03,50.58789825439453,51.5743818593862,50.35513005286239,51.23816613510377,5905600,52.098805046081544,52.96482696533203,0,0,0,-0.01901023057632989
2023-10-04,51.171653747558594,51.305894217326696,50.60882623271208,50.68395384001937,3691200,51.9395565032959,52.87359954833985,0,0,0,0.011539429652295485
2023-10-05,51.21598815917969,51.30712675246737,50.64700430992256,51.20244271441047,3958400,51.823201751708986,52.79608871459961,0,0,0,0.0008663861410422857
2023-10-06,52.24311828613281,52.42538795248147,50.7406037588274,50.85637145642867,5261600,51.754762840271,52.74418380737305,0,0,0,0.020054872782319322
2023-10-09,52.483280181884766,52.57072047520238,51.64704428840945,51.84656150185307,3654400,51.68561267852783,52.681499328613285,0,0,0,0.004597005378518926
2023-10-10,52.65692138671875,53.08058108164245,52.434007878211766,52.52883726167392,8475200,51.67233543395996,52.61678207397461,0,0,0,0.003308505189314026
2023-10-11,53.07443237304688,53.09167237322357,52.589194208056185,52.83427507387739,2668800,51.67636947631836,52.55982521057129,0,0,0,0.00792889092892235
2023-10-12,52.94881057739258,53.54366012111484,52.55594002197911,53.116305806532544,2935200,51.65556621551514,52.53012054443359,0,0,0,-0.0023668985241582785
2023-10-13,52.10026168823242,53.1372399980109,51.94385012291764,53.05472703412872,7941600,51.640877914428714,52.48774612426758,0,0,0,-0.016025834762045776
2023-10-16,52.69879150390625,52.91431589382748,52.17044780424846,52.17044780424846,2080000,51.64548568725586,52.47149940490723,0,0,0,0.011488038567933234
2023-10-17,52.473426818847656,52.766540649673416,51.66921294041838,51.973410433950015,3183200,51.64349536895752,52.44895111083984,0,0,0,-0.004276467801769046
2023-10-18,51.754188537597656,52.39583447671684,51.59408242668841,52.04729859350225,2546400,51.64419288635254,52.42199691772461,0,0,0,-0.01370671451919847
2023-10-19,51.38594436645508,52.28745308548524,51.31328230216391,52.00296116522164,3483200,51.66936740875244,52.40254814147949,0,0,0,-0.007115253500208252
2023-10-20,50.47951889038086,51.39703496080557,50.42163503360241,51.32314387423559,4617600,51.64215450286865,52.363987579345704,0,0,0,-0.017639560530601783
2023-10-23,50.48813247680664,51.02139977568145,49.83417015894626,50.12481840757428,3157600,51.60523357391357,52.33248123168946,0,0,0,0.00017063527179184135
2023-10-24,50.93642425537109,50.99676988916327,50.36744039833759,50.740605379797714,3522400,51.63644313812256,52.29457916259766,0,0,0,0.008879151526755003
2023-10-25,50.09526824951172,51.08052278873501,49.97334044453833,51.02386794664726,3272800,51.61785316467285,52.25029975891113,0,0,0,-0.016513840893938925
2023-10-26,49.20853805541992,50.40562248051319,48.9868572856962,50.15684706040566,4044800,51.533429336547854,52.1981908416748,0,0,0,-0.017700877250027336
2023-10-27,49.4129753112793,49.917918982464,49.2097673270744,49.55091033671662,8012800,51.44918975830078,52.161501541137696,0,0,0,0.00415450781384985
2023-10-30,49.84771347045898,50.04969242112647,49.44129754467784,49.678989260310765,2618400,51.36316432952881,52.13151611328125,0,0,0,0.008798056713667401
2023-10-31,50.22335052490234,50.29355081549316,49.49549701407477,49.8859020352136,2146400,51.3449369430542,52.09137153625488,0,0,0,0.007535692778886771
2023-11-01,51.04726791381836,51.08298444314046,50.300937902915805,50.300937902915805,3116800,51.33871765136719,52.067311935424804,0,0,0,0.01640506617549331
2023-11-02,51.9573974609375,51.99064844778465,51.50664306921532,51.64334532914577,3441600,51.37578811645508,52.042480392456056,0,0,0,0.017829152946161386
2023-11-03,52.69633865356445,52.89585209270217,51.86749193478664,51.95370320874754,2812000,51.39844913482666,52.05712913513184,0,0,0,0.014222059393611985
2023-11-06,52.93525695800781,52.99314080465186,52.46356430678251,52.778845415774285,3851200,51.42104797363281,52.06611022949219,0,0,0,0.0045338691557690325
2023-11-07,53.57691192626953,53.72470161550238,53.02640078362664,53.10891750777869,3084800,51.46704750061035,52.07986274719238,0,0,0,0.012121504742495626
2023-11-08,53.79981994628906,53.94268229561993,53.450055060043496,53.70252501489741,2946400,51.50331687927246,52.07676383972168,0,0,0,0.004160523852630549
2023-11-09,53.477149963378906,54.30476387343224,53.425422449679765,53.978399079995874,2245600,51.52973384857178,52.05831405639648,0,0,0,-0.005997603397786322
2023-11-10,54.8897590637207,54.90823183356961,53.74563124407614,53.81829331111353,3232000,51.669208717346194,52.06266014099121,0,0,0,0.026415190437582226
2023-11-13,54.61511993408203,54.7419713027448,54.34787175120938,54.681625666311824,4614400,51.76502513885498,52.057113876342775,0,0,0,-0.005003467574340226
2023-11-14,55.93659210205078,56.033887034781344,55.45012119684557,55.52524880569755,4656800,51.93818340301514,52.07612907409668,0,0,0,0.024196086533613936
2023-11-15,56.00925827026367,56.356561403581225,55.792501065053074,56.1595097405214,3882400,52.150936889648435,52.10918174743652,1,1,1,0.001299081075234687
2023-11-16,56.13364791870117,56.23217187110883,55.72476637515844,55.865163195261744,3135200,52.388322067260745,52.160993041992185,1,0,1,0.00222087655289549
2023-11-17,56.15827560424805,56.31591617917362,55.888561875191726,56.06221343762852,7441600,52.6722599029541,52.2119206237793,1,0,1,0.0004387330319695071
2023-11-20,56.950172424316406,57.09056923009517,56.19522059502533,56.19522059502533,3585600,52.99536190032959,52.27359840393066,1,0,1,0.014101159829922771
2023-11-21,56.47724533081055,56.79006466426243,56.28758655938345,56.724791708704295,9712800,53.272402954101565,52.344693984985355,1,0,1,-0.008304225841183399
2023-11-22,56.68415451049805,57.2001818445021,56.55607037587465,56.78267845500986,3091200,53.60184726715088,52.41850204467774,1,0,1,0.0036635848380270897
2023-11-24,56.6225814819336,56.658294254102735,56.402129718980426,56.589326734706425,1320000,53.97254943847656,52.48365615844727,1,0,1,-0.0010862476312148983
2023-11-27,56.593017578125,56.91569158654342,56.404587803835724,56.53636649628872,3514400,54.33155155181885,52.567635955810545,1,0,1,-0.0005221221469394743
2023-11-28,56.69770050048828,56.86642473027145,56.41813589245208,56.42675777125281,2889600,54.674050903320314,52.64945724487305,1,0,1,0.0018497497896938775
2023-11-29,56.91815185546875,57.47359027219762,56.84671880081906,57.168160029847485,2759200,55.00879096984863,52.73755561828613,1,0,1,0.003888188639653345
2023-11-30,56.902137756347656,57.21618610181413,56.427983311303336,57.15460770007973,2573600,55.301534461975095,52.84079360961914,1,0,1,-0.00028135311142496455
2023-12-01,57.22481536865234,57.26792100712147,56.5560747414999,56.786377392370426,3532000,55.56490535736084,52.96764083862305,1,0,1,0.00567074674217638
2023-12-04,56.64228439331055,56.706324584504415,56.00802378499358,56.706324584504415,3263200,55.76220264434814,53.080010986328126,1,0,1,-0.010179691652808742
2023-12-05,56.94894409179688,57.00313339184976,56.37996019968943,56.37996019968943,7185600,55.9628870010376,53.1944588470459,1,0,1,0.0054139712366994
2023-12-06,56.453857421875,57.29132230781753,56.41198079497473,57.25067845184019,2566400,56.10673427581787,53.31729133605957,1,0,1,-0.008693517989092903
2023-12-07,57.0634765625,57.13860417187235,56.52528189785029,56.661984154496,3070400,56.26991710662842,53.44921951293945,1,0,1,0.010798538283564252
2023-12-08,57.57334899902344,57.623843743985255,56.89844830248097,56.93169928935684,2584000,56.47472705841064,53.58274620056152,1,0,1,0.008935180035253953
2023-12-11,57.96990966796875,57.97852778790631,57.28023080767144,57.3923039513339,5588800,56.62873458862305,53.720189056396485,1,0,1,0.006887920814751203
2023-12-12,58.31598663330078,58.32460475422016,57.6903478873429,57.79010461016982,2745600,56.813777923583984,53.855144348144535,1,0,1,0.00596994142847973
2023-12-13,58.989654541015625,59.117734926743886,58.28396461482501,58.46007796403725,4744800,56.966431045532225,54.02317947387695,1,0,1,0.011552027953346089
2023-12-14,59.104190826416016,59.48474495492758,58.60786898468694,59.12759092324389,4762400,57.121177673339844,54.1818302154541,1,0,1,0.0019416334320241369
2023-12-15,59.38867568969727,59.66824028886542,59.07216179331842,59.07216179331842,4424000,57.28392906188965,54.34528396606445,1,0,1,0.004813277354845491
2023-12-18,59.5253791809082,59.66577974802652,59.130046874121085,59.343109507951525,9959200,57.452284240722655,54.49092918395996,1,0,1,0.002301844410964815
2023-12-19,59.82946395874024,59.82946395874024,59.523530499103536,59.54450330786052,3066400,57.59624881744385,54.63785285949707,1,0,1,0.005108489555486484
2023-12-20,58.86973190307617,59.99353726311054,58.86356542228541,59.7332500336395,3177600,57.71587314605713,54.76210906982422,1,0,1,-0.01604112743389985
2023-12-21,59.60001373291016,59.69623415876657,59.057227982294805,59.45938185262172,3266400,57.86166610717773,54.892620697021485,1,0,1,0.012405047657365609
2023-12-22,59.657997131347656,59.84180568873517,59.37303645663408,59.77272454120704,3160800,58.01343688964844,55.02680442810058,1,0,1,0.000972875588541644
2023-12-26,59.95282745361328,60.086054302624106,59.74311441139686,59.77888978640463,2553600,58.18142738342285,55.1838557434082,1,0,1,0.004942008388523433
2023-12-27,60.01080322265625,60.09345589161304,59.72830840936321,59.97996329261325,5111200,58.34708251953125,55.3300959777832,1,0,1,0.0009670230997500529
2023-12-28,60.0502815246582,60.17980772991804,59.996002944543214,60.13293043212418,2564000,58.503689002990725,55.48163307189942,1,0,1,0.0006578532511134494
2023-12-29,59.70610046386719,60.15019617892305,59.44827911816633,60.07371376001003,4263200,58.6438871383667,55.64067131042481,1,0,1,-0.005731547830457484
2024-01-02,58.13820266723633,58.942506674943466,57.75825262683394,58.92523827200145,4973600,58.6895565032959,55.77571647644043,1,0,1,-0.026260261253868267
2024-01-03,57.35979843139648,57.83349925877502,57.30551985865773,57.58307920190106,11001600,58.72543220520019,55.913322067260744,1,0,1,-0.013388859650429463
2024-01-04,57.01438903808594,57.44614801682928,56.958879428174086,56.958879428174086,4190400,58.72870445251465,56.043847198486326,1,0,1,-0.00602180277400477
2024-01-05,57.0279655456543,57.485629049005375,56.804684755454886,57.020564263686126,3491200,58.75740985870361,56.16567802429199,1,0,1,0.00023812423139868422
2024-01-08,58.47990417480469,58.50334282101749,57.264810271034335,57.30428628198638,5165600,58.828231239318846,56.333370742797854,1,0,1,0.025460116194887306
2024-01-09,58.58353042602539,58.73402943539878,57.918623491124855,58.06542185947431,2758400,58.878740310668945,56.52087059020996,1,0,1,0.0017719976235075485
2024-01-10,59.08066940307617,59.1929271992862,58.44783344134347,58.58352988536878,2900000,58.934278297424314,56.7142244720459,1,0,1,0.008485985283500863
2024-01-11,59.28791046142578,59.588908465380975,58.45893679568132,59.35082512038092,5998400,58.98287448883057,56.903028411865236,1,0,1,0.003507764222096199
2024-01-12,59.41990661621094,59.637020919290265,59.17442198805175,59.41127053264761,3599200,59.004387092590335,57.086959533691406,1,0,1,0.0022263586919804013
2024-01-16,59.50749969482422,59.73448113762067,58.954846770206736,59.228705510959855,3924800,59.024552536010745,57.256164169311525,1,0,1,0.0014741369282020855
2024-01-17,59.18182373046875,59.2064971795161,58.45893760198662,59.01282152194974,3037600,59.01420993804932,57.400652694702146,1,0,1,-0.005472855791717857
2024-01-18,60.33277130126953,60.35374411049351,59.6555276308054,59.94788957019396,3996800,59.05457954406738,57.55338134765625,1,0,1,0.01944765298282336
2024-01-19,61.64285659790039,61.65765916268034,60.57086027761798,60.72012449200261,6459200,59.14524917602539,57.7275333404541,1,0,1,0.021714323217294274
2024-01-22,62.04499816894531,62.418777936535776,61.85872756835703,62.08570898110323,4952800,59.30401248931885,57.89689506530762,1,0,1,0.006523733539282706
2024-01-23,62.30282974243164,62.35217664583632,61.82666299462596,62.1572661654523,3875200,59.43915328979492,58.06695526123047,1,0,1,0.004155557758004358
2024-01-24,62.60135269165039,63.27613046140484,62.53350635645635,62.75185168965572,5020800,59.58632106781006,58.2494393157959,1,0,1,0.004791482994478402
2024-01-25,62.7506217956543,63.378526086635176,62.46319530298628,63.12810223966565,3732000,59.72621078491211,58.40665657043457,1,0,1,0.0023844389551634926
2024-01-26,62.09928131103516,62.68030452892898,62.01663240814317,62.43728949843414,3080800,59.830634689331056,58.556339797973635,1,0,1,-0.010379825187074698
2024-01-29,62.82463836669922,62.82587316859019,62.14986054432296,62.23991449564584,3292800,59.9693525314331,58.6941007232666,1,0,1,0.011680603065774342
2024-01-30,62.220176696777344,62.90359060539726,62.09188153280424,62.79996512684673,5047200,60.09505634307861,58.81831909179687,1,0,1,-0.009621411052041617
2024-01-31,60.92860412597656,61.92658388058212,60.92860412597656,61.694666988009615,6492000,60.23457641601563,58.914218215942384,1,0,1,-0.02075809872889156
2024-02-01,61.71440124511719,61.8106216771826,61.1222760885054,61.23699972584495,3940000,60.45230655670166,59.025340728759765,1,0,1,0.012897014963873188
2024-02-02,62.3163948059082,62.4915634950472,61.2234257606841,61.29867714532195,4120800,60.717406845092775,59.132665176391605,1,0,1,0.009754507029891002
2024-02-05,62.34600067138672,62.59395490904114,61.751405927617526,62.538441530132296,3382400,60.98330860137939,59.25004028320313,1,0,1,0.0004750895100835706
2024-02-06,62.23991775512695,62.54708227087174,61.76004660975785,62.50267457615013,2948800,61.171309280395505,59.3611555480957,1,0,1,-0.0017015191851503797
2024-02-07,63.04421615600586,63.05778768237816,62.38917636523557,62.680303487960245,3151200,61.394343566894534,59.489588241577145,1,0,1,0.0129225492238485
2024-02-08,63.36372375488281,63.53025636665628,63.04421876434989,63.12563663203289,3168800,61.608496284484865,59.6250023651123,1,0,1,0.005067992249857101
2024-02-09,64.32469940185547,64.40488623992441,63.63018350353103,63.73627106676027,4076000,61.860335731506346,59.77754234313965,1,0,1,0.015166022292031123
2024-02-12,63.92377471923828,64.59485190887565,63.825088447378654,64.33702677671045,4206400,62.08552913665771,59.917654800415036,1,0,1,-0.006232826369113598
2024-02-13,62.67413711547852,63.13797085310542,62.19426977704198,62.417550562207325,7037600,62.24386100769043,60.033094787597655,1,0,1,-0.019548870654906292
2024-02-14,63.511749267578125,63.556164489336574,62.8172372014938,63.22185693529408,4721600,62.4603572845459,60.15883346557617,1,0,1,0.01336455818380533
2024-02-15,63.4624137878418,63.67212683199968,63.059025066562114,63.66472554946613,2744800,62.61683940887451,60.295236053466795,1,0,1,-0.0007767929604406421
2024-02-16,62.79010009765625,63.68075369913241,62.71114806653768,63.56356798367088,3134400,62.674201583862306,60.412059173583984,1,0,1,-0.010593887784242306
2024-02-20,62.04870223999024,62.56311391127158,61.40106373209834,62.4076794646928,4425600,62.67438678741455,60.52395606994629,1,0,1,-0.011807559734941075
2024-02-21,61.51949691772461,61.51949691772461,60.88172547728586,61.39860303086479,5080000,62.6352201461792,60.61307647705078,1,0,1,-0.008528870115909748
2024-02-22,63.5203857421875,63.67582019609835,62.95169923260184,63.0997324043874,5961600,62.68117179870605,60.73201721191406,1,0,1,0.03252446662785391
2024-02-23,63.30574417114258,64.07921207335706,63.09973553403789,63.92130800781269,2765600,62.708927917480466,60.83873390197754,1,0,1,-0.0033790974115947003
2024-02-26,63.47104263305664,63.77944191891378,63.35137979491876,63.60180362908889,2452000,62.777515983581544,60.94183502197266,1,0,1,0.002611113163241363
2024-02-27,63.56357192993164,63.67706077591034,63.12317678031708,63.67706077591034,2236800,62.814462661743164,61.03331336975098,1,0,1,0.001457819078377831
2024-02-28,63.26873779296875,63.431573537169534,63.03312026112673,63.340288543287336,2093600,62.86689071655273,61.11660430908203,1,0,1,-0.00463841360721351
2024-02-29,63.87442398071289,64.02739635157573,63.18730946614027,63.58700126646777,8284800,63.01418170928955,61.20631927490234,1,0,1,0.009573230142919886
2024-03-01,65.05867767333984,65.14503097408446,64.05329304970832,64.05329304970832,3828000,63.181395530700684,61.316985244750974,1,0,1,0.01854034242225877
2024-03-04,65.17957305908203,65.60146118295988,64.9858973999078,65.11789320059137,3336000,63.324554443359375,61.42398742675781,1,0,1,0.0018582515056515536
2024-03-05,63.6141357421875,64.538098785634,63.17744506976618,64.538098785634,4400000,63.38796119689941,61.51887550354004,1,0,1,-0.024017299338176756
2024-03-06,64.31975555419922,64.78111966311046,63.83864967536884,64.46655390969636,3140000,63.49195308685303,61.61327033996582,1,0,1,0.0110921857819688
2024-03-07,65.40037536621094,65.53607555404179,64.5158884236901,64.8760966401921,2660800,63.60976104736328,61.72811790466309,1,0,1,0.01680074500751383
2024-03-08,64.33086395263672,66.19853205907886,64.26054800350443,65.61380814756646,4772800,63.658118057250974,61.815678634643554,1,0,1,-0.016353291668212422
2024-03-11,64.05577087402344,64.30742199802691,63.66348785898275,63.95584979971383,2981600,63.64467163085938,61.896577987670895,1,0,1,-0.004276222355972359
2024-03-12,65.38066101074219,65.38066101074219,64.00890132923664,64.6910767638019,3055200,63.71751594543457,62.00318557739258,1,0,1,0.020683384473264343
2024-03-13,64.6886215209961,65.23510431345834,64.46780274835129,65.14381930256276,3281600,63.81824016571045,62.102835998535156,1,0,1,-0.01058477352549847
2024-03-14,64.44558715820312,65.08089277073827,64.0212293916278,64.88721709376985,3201600,63.8649320602417,62.22898368835449,1,0,1,-0.0037569878145276014
2024-03-15,63.59933471679688,63.96324738392015,63.37234952705559,63.62524296763111,3792000,63.871778106689455,62.3537744140625,1,0,1,-0.013131270560524766
2024-03-18,63.89787673950195,64.61583134131762,63.79425877263932,64.23094954869413,2567200,63.92716693878174,62.49144416809082,1,0,1,0.0046941060631287
2024-03-19,64.16802978515625,64.27042047107263,63.06519724284527,63.499422144884136,2880800,64.03313331604004,62.63424545288086,1,0,1,0.004227887677013875
2024-03-20,65.0377197265625,65.05006021836218,63.994101125360814,64.30250048113552,2555200,64.20904445648193,62.76540176391602,1,0,1,0.013553321557761677
2024-03-21,65.22029876708984,65.86917223126812,65.13887711889278,65.86917223126812,2770400,64.29404010772706,62.898137130737304,1,0,1,0.0028072792418762926
2024-03-22,65.32403564453125,65.55526836376322,64.98027339191759,65.18801151440796,2290400,64.39495468139648,63.02300445556641,1,0,1,0.0015905612118072288
2024-03-25,65.06065368652344,65.37967605583226,64.67113997750927,64.73296707117802,3000800,64.47443523406983,63.13845932006836,1,0,1,-0.00403193029042237
2024-03-26,64.77500915527344,65.42666155358582,64.6575361744906,65.36854771150243,2565600,64.53500709533691,63.24556137084961,1,0,1,-0.004390434387983477
2024-03-27,64.92833709716797,65.19666454688999,64.36323660500311,65.19666454688999,2699200,64.61798706054688,63.353978118896485,1,0,1,0.002367084835557254
2024-03-28,64.83683776855469,65.05446279139093,64.65135649367265,64.82570557127072,2021600,64.66610774993896,63.467078399658206,1,0,1,-0.001409235669725395
2024-04-01,64.97038269042969,65.36360211073787,64.63775261593509,64.91968779309163,2817600,64.66169300079346,63.55983062744141,1,0,1,0.0020597075130608378
2024-04-02,64.23710632324219,64.36447374649045,63.628729893956894,64.14436569176112,3368000,64.61456966400146,63.61171562194824,1,0,1,-0.0112863175007204
2024-04-03,64.36941528320312,64.73790229954788,63.84759830159415,63.889636493488304,2297600,64.65233364105225,63.6582039642334,1,0,1,0.00205969676303841
2024-04-04,63.32949447631836,65.26467796184669,63.29857715614447,65.08167218140571,3272000,64.6028205871582,63.678737258911134,1,0,1,-0.016155511158668645
2024-04-05,64.09984588623047,64.42381919085737,63.40243459267054,63.67199976346118,5892000,64.53779411315918,63.708707122802736,1,0,1,0.012164180628351229
2024-04-08,64.00711822509766,64.31625369648319,63.7993800939969,64.20867515622123,1700000,64.52160682678223,63.7338370513916,1,0,1,-0.0014466128560962632
2024-04-09,64.15179443359375,64.42754841875781,63.39750686796805,64.30883767532936,2108000,64.52640800476074,63.774887313842775,1,0,1,0.002260314360463811
2024-04-10,63.56814956665039,63.75857430660762,63.24664791055003,63.31836568199958,3272000,64.43578243255615,63.789757537841794,1,0,1,-0.00909787282018304
2024-04-11,64.79478454589844,64.9382200611254,63.50754796759979,63.83028353729911,3924800,64.44109058380127,63.84124969482422,1,0,1,0.019296377000276532
2024-04-12,63.642333984375,64.37065893339795,63.495185204752815,64.12582606624179,3587200,64.40092792510987,63.89552429199219,1,0,1,-0.01778616241415354
2024-04-15,62.431758880615234,64.18269869615294,62.29573853196621,64.15426065072586,4416800,64.34254913330078,63.90987144470215,1,0,1,-0.01902153846301391
2024-04-16,62.46885681152344,62.865785681066434,62.225257920848826,62.46514733699037,4464800,64.27109813690186,63.91292068481445,1,0,1,0.0005942156936367127
2024-04-17,61.54145812988281,62.90412603389903,61.48952170630567,62.80273245945348,3184000,64.13976955413818,63.89682983398438,1,0,1,-0.01484577642326168
2024-04-18,60.957801818847656,61.78628634181809,60.86258945788882,61.56123482650508,4317600,63.93577365875244,63.87118751525879,1,0,1,-0.009483953236911535
2024-04-19,59.34163284301758,60.900913821071896,59.13760422613138,60.67710008501255,9088000,63.64184036254883,63.79713584899903,0,-1,0,-0.026512914304766988
2024-04-22,60.152809143066406,60.42114036423416,59.2699202924881,59.87211552325231,8456000,63.38327903747559,63.73291755676269,0,0,0,0.013669598580051012
2024-04-23,61.140811920166016,61.28424745077843,60.32469356262812,60.42114367383366,4154400,63.187286949157716,63.6692398071289,0,0,0,0.016424881749907305
2024-04-24,61.23849868774414,61.88026422357462,60.94667661621401,61.674997819228665,4116000,63.01046142578125,63.61553428649902,0,0,0,0.0015977342222028845
2024-04-25,61.26322937011719,61.46849576888576,60.219587752758336,60.42609190093028,3838400,62.82720603942871,63.5873161315918,0,0,0,0.00040384207488730617
2024-04-26,62.31429290771485,62.67165155508668,61.62801366159465,61.82709509646459,2915200,62.70107879638672,63.56336700439453,0,0,0,0.017156515391112404
2024-04-29,62.56159973144531,62.692672867898345,62.174561521991485,62.57643763011904,3152000,62.5806396484375,63.5453507232666,0,0,0,0.003968701435747901
2024-04-30,61.175437927246094,62.569019270678446,61.16801897783928,62.33407706766796,2376800,62.4275562286377,63.5130574798584,0,0,0,-0.022156751268342267
2024-05-01,60.51264190673828,61.901279625039095,60.28511868174403,60.848981407518025,3247200,62.234717559814456,63.48233627319336,0,0,0,-0.01083434860402721
2024-05-02,61.33989334106445,61.50558949243356,60.38528290321135,61.23973375533854,2541600,62.135237503051755,63.478744201660156,0,0,0,0.013670720832204442
2024-05-03,62.99686050415039,63.20336465503879,62.66052096749246,62.66423044212512,3508000,62.080088233947755,63.468273696899416,0,0,0,0.027012879756291852
2024-05-06,63.908199310302734,63.942818560111846,63.23552019187319,63.24170139213341,2282400,62.075142288208006,63.48032279968262,0,0,0,0.014466416244541369
2024-05-07,63.64109802246094,64.05163082711603,63.62997337214268,64.00464163248817,1946400,62.04960746765137,63.483723907470704,0,0,0,-0.0041794525698478635
2024-05-08,63.73383712768555,63.7981397182075,63.268899963927446,63.390082422227415,1691200,62.057891845703125,63.48712921142578,0,0,0,0.0014572203828393526
2024-05-09,63.6707763671875,63.74744890932118,63.30970824156317,63.69922196333887,3096000,62.00169143676758,63.495169982910156,0,0,0,-0.000989439257700897
2024-05-10,63.83769989013672,64.32118435040393,63.67199998964864,63.99474309347791,1828800,62.01145973205566,63.494435501098636,0,0,0,0.002621666209731366
2024-05-13,64.14932250976562,64.39786108499507,63.95889023227058,64.30265249350015,2197600,62.097337913513186,63.47624839782715,0,0,0,0.004881482574798257
2024-05-14,64.80962371826172,64.86279410629997,64.12210682708425,64.12210682708425,1821600,62.214376258850095,63.468849411010744,0,0,0,0.010293190678601016
2024-05-15,66.2934799194336,66.31697451607003,65.21768701896626,65.26343846285,2849600,62.45197734832764,63.52243629455566,0,0,0,0.02289561512688998
2024-05-16,66.01278686523438,66.55810607416116,66.01278686523438,66.39858733748393,2904800,62.70472660064697,63.55629692077637,0,0,0,-0.004234097448804097
2024-05-17,65.8520278930664,66.23040935809344,65.48848432492265,66.20320906289133,2498400,63.030246353149415,63.565329971313474,0,0,0,-0.0024352701923667786
2024-05-20,66.68669891357422,66.81159084508649,65.96208721762954,66.00413296034498,2975200,63.356940841674806,63.61244667053223,0,0,0,0.012674947867409525
2024-05-21,66.74977111816406,66.81901716590664,66.24649763569884,66.3948841800767,2180000,63.63738880157471,63.666326675415036,0,0,0,0.0009457988716998766
2024-05-22,66.76583862304688,67.04406052959688,66.34912463790552,66.87713040456777,3800800,63.91375579833984,63.69403022766113,1,1,1,0.00024071250902668595
2024-05-23,66.77079010009766,67.91830465751977,66.48762470929026,67.89728555750648,4152800,64.18913383483887,63.735673599243164,1,0,1,7.416183414910016e-05
2024-05-24,67.41996765136719,67.50405158997403,66.73368844649708,66.91916972063778,2293600,64.44441757202148,63.795161209106446,1,0,1,0.009722478201865448
2024-05-28,67.99990844726562,68.23485442162372,67.57083204077006,67.9702326499262,2983200,64.7163330078125,63.88317268371582,1,0,1,0.008601914478769013
2024-05-29,67.76249694824219,67.98631073298769,67.29261252994948,67.40761002238473,2500000,65.04568595886231,63.960465087890626,1,0,1,-0.003491350274501537
2024-05-30,66.16488647460938,67.25056634441052,65.89160799614466,67.1837957984419,4374400,65.32829818725585,64.00040222167969,1,0,1,-0.02357661753304463
2024-05-31,66.10675048828125,66.40970469808141,64.62785152416075,66.40970469808141,4368000,65.5666410446167,64.02178283691406,1,0,1,-0.0008786531561636446
2024-06-03,66.4542236328125,66.7732535128265,65.56268187448423,66.76954026495049,3090400,65.7395092010498,64.04646133422851,1,0,1,0.005256243000370198
2024-06-04,66.49503326416016,66.61374399034537,66.00536000930458,66.40229263199257,2493600,65.86885089874268,64.0698812866211,1,0,1,0.0006141013936622475
2024-06-05,68.18911743164062,68.24476333707476,66.99956450351151,67.14300007014324,3935200,66.09625186920167,64.13245056152344,1,0,1,0.02547685269590727
2024-06-06,67.9961929321289,68.50193425784035,67.7563035419224,68.38323108561546,3062400,66.30936965942382,64.19687423706054,1,0,1,-0.0028292564382450536
2024-06-07,67.99125671386719,68.21878375550662,67.60421847625304,67.88615366607236,2336800,66.52539367675782,64.25813262939454,1,0,1,-7.2595509378659e-05
2024-06-10,68.2261962890625,68.42651546414643,67.63883891276336,67.70437925322109,2583200,66.7448184967041,64.3259197998047,1,0,1,0.0034554380452773703
2024-06-11,69.18328094482422,69.18328094482422,67.98754705131034,68.08894439188559,3842400,66.99651641845703,64.41017776489258,1,0,1,0.014028111016283429
2024-06-12,70.67083740234375,71.39173581766356,69.93509354236497,70.01175852805163,3524800,67.28957710266113,64.53885238647462,1,0,1,0.02150167550894122
2024-06-13,71.36947631835938,71.73797088293875,70.89217302592458,71.5945278170013,3267200,67.54337692260742,64.67885360717773,1,0,1,0.009885816295597705
2024-06-14,71.64646911621094,71.68851486055118,71.11228967034593,71.27921980377216,3114400,67.82506103515625,64.84519309997559,1,0,1,0.0038811101347580035
2024-06-17,72.51945495605469,72.79149563012244,71.52404043133642,71.83070789449067,3341600,68.15843238830567,65.01358528137207,1,0,1,0.012184631714757144
2024-06-18,72.81006622314453,72.97823412212567,72.42302797722627,72.58625242526796,3729600,68.46460075378418,65.18964424133301,1,0,1,0.00400735591940049
2024-06-20,71.8121566772461,73.33928260361287,71.49807781361051,73.30218786338054,4934400,68.71772003173828,65.34285148620606,1,0,1,-0.013705653595206146
2024-06-21,71.4399642944336,71.98528345125065,70.944109828205,71.60318871667295,3844800,68.95142631530761,65.50028778076172,1,0,1,-0.005182860396259814
2024-06-24,70.12922668457031,71.22356305299576,70.10449434150813,71.04426299985927,4210400,69.11934814453124,65.60697662353516,1,0,1,-0.01834740012552627
2024-06-25,71.13329315185547,71.15183674746909,70.2887331274554,70.52244130074453,2475200,69.30501441955566,65.75679580688477,1,0,1,0.014317375433231083
2024-06-26,71.27552032470703,71.46595263957701,70.8328436840767,71.11972235879624,4517600,69.46879501342774,65.93367103576661,1,0,1,0.0019994459211656324
2024-06-27,71.41770935058594,71.6860368134095,71.17781993461972,71.25572267338339,3978400,69.65155563354492,66.11264808654785,1,0,1,0.0019949209101686183
2024-06-28,71.39195251464844,72.57069025418433,71.31889684721396,71.85131071153864,3043200,69.91290893554688,66.30965797424317,1,0,1,-0.0003606505469261334
2024-07-01,72.0927734375,72.19678351181983,70.68991838365524,71.57026696809119,4725600,70.21221008300782,66.53235740661621,1,0,1,0.009816525506957774
2024-07-02,72.57192993164062,72.57192993164062,71.62968034398753,71.68168159045968,2933600,70.51809539794922,66.79696334838867,1,0,1,0.006646387304769519
2024-07-03,73.41017150878906,73.4250290066644,72.48896885440922,72.50753694814254,3024000,70.86385231018066,67.06211059570313,1,0,1,0.011550493116801785
2024-07-05,73.78410339355469,73.9735478481257,73.29626200708897,73.47951709640174,4101600,71.14360160827637,67.3149764251709,1,0,1,0.005093733975554793
2024-07-08,74.27938079833984,74.35491524499392,73.85716629107456,74.04041384109637,3916800,71.45776100158692,67.57579406738282,1,0,1,0.006712521830663398
2024-07-09,74.12089538574219,74.66816680250753,73.76182149292437,74.57406426192227,3110400,71.76424293518066,67.83294738769531,1,0,1,-0.0021336393881354887
2024-07-10,75.13867950439453,75.17335204692766,74.28186414807837,74.56045364414229,3171200,72.10986709594727,68.0894351196289,1,0,1,0.013731406148772995
2024-07-11,73.69124603271484,75.34792537310929,73.36684467258122,75.34792537310929,5791200,72.3352653503418,68.3120280456543,1,0,1,-0.019263493599126047
2024-07-12,74.377197265625,75.03590748065263,73.67143578115092,73.86335145535473,5523200,72.52058334350586,68.57606323242187,1,0,1,0.009308449372746885
2024-07-15,74.758544921875,75.42344439141529,74.38832419362025,74.97150742615594,4791200,72.69003677368164,68.8609812927246,1,0,1,0.005127211971810208
2024-07-16,74.84893798828125,75.08047617012049,74.20137470982178,75.00370990433542,3372800,72.85016021728515,69.13116218566894,1,0,1,0.0012091335712955953
2024-07-17,72.1521987915039,73.30741865380278,72.05686441652173,73.17617235254907,6105600,72.83179740905761,69.31426895141601,1,0,1,-0.03602909098322227
2024-07-18,71.77703857421875,72.79110465802248,71.05889826236856,72.72176712909675,9515200,72.78014602661133,69.47164573669434,1,0,1,-0.005199567353023404
2024-07-19,70.92516326904297,71.9082748264481,70.77163073054822,71.58015532672549,3268800,72.73579635620118,69.61732704162597,1,0,1,-0.0118683540321175
2024-07-22,72.33792114257812,72.37383306687643,71.38453210180022,71.78074219588932,3532800,72.7806941986084,69.78940872192383,1,0,1,0.01991899360423166
2024-07-23,72.20421600341797,72.78863128235184,71.9739095891844,72.12125279372295,3251200,72.88444366455079,69.96007751464843,1,0,1,-0.0018483409123221106
2024-07-24,69.3700180053711,71.56654001394442,69.15704790117911,71.37957431444087,5790400,72.79627990722656,70.07072387695312,1,0,1,-0.03925252782902189
2024-07-25,68.7175064086914,70.35684969377922,67.76039908829439,69.27716419814976,5316000,72.66837921142579,70.16208755493165,1,0,1,-0.009406248051271437
2024-07-26,69.53097534179688,70.07081798601666,69.13228650261023,69.71299104980753,3784000,72.57404251098633,70.25651458740235,1,0,1,0.011837870371305792
2024-07-29,69.27468872070312,70.32961680024644,69.08029423541677,70.07579230165324,3352800,72.46817932128906,70.31613876342773,1,0,1,-0.003685934503779187
2024-07-30,67.95230102539062,69.68203591767927,67.38274338774627,69.5470714794619,3631200,72.26115570068359,70.35492904663086,1,0,1,-0.01908904564903946
2024-07-31,70.32960510253906,70.68124269908371,69.33906474031468,69.78604426503486,3399200,72.14903945922852,70.44448059082032,1,0,1,0.034984894422635415
2024-08-01,67.78762817382812,70.87563809650129,67.22920982802714,70.25655036186131,5325600,71.86791229248047,70.4664991760254,1,0,1,-0.03614376797658381
2024-08-02,66.124755859375,66.74013296417627,65.28279809711567,66.23743405304786,6441600,71.48494491577148,70.4539988708496,1,0,1,-0.02453061656308453
2024-08-05,63.81060791015625,65.0104002184691,61.18072447452886,61.29835265323074,11225600,70.96150627136231,70.3948942565918,1,0,1,-0.03499669555136298
2024-08-06,64.44454956054688,65.63320245600303,63.55554054732407,64.35788332999323,5969600,70.47768898010254,70.34836944580078,1,0,1,0.009934737673761074
2024-08-07,63.695457458496094,66.26962144554483,63.591454954878415,65.69015625372005,5260000,69.90552787780761,70.27387924194336,0,-1,0,-0.011623824003098915
2024-08-08,65.90188598632812,66.04798977737376,63.89480093254163,64.88163066090917,3280000,69.51605987548828,70.23191879272461,0,0,0,0.034640280733829965
2024-08-09,66.32162475585938,66.56802043576143,65.48461702910097,65.76815645721547,3380800,69.11328125,70.20310134887696,0,0,0,0.00636914654640286
2024-08-12,66.66583251953125,67.20444331043879,66.18046991698552,66.49744249212877,3022400,68.70864562988281,70.21312026977539,0,0,0,0.005189977853210959
2024-08-13,68.59243774414062,68.60977401331066,67.33816547118914,67.33816547118914,4967200,68.39582061767578,70.26283401489258,0,0,0,0.028899439964916507
2024-08-14,68.89456176757812,69.23134944659476,68.08974766089,68.97504620113645,3368800,68.23293876647949,70.3116407775879,0,0,0,0.004404625835933373
2024-08-15,70.74810791015625,70.8100166818327,69.70927690769174,69.77737504509122,3487200,68.18149223327637,70.39670227050782,0,0,0,0.02690409946769412
2024-08-16,70.91154479980469,71.06631672206727,70.23921647636274,70.4843727829154,3006400,68.18081130981446,70.4511508178711,0,0,0,0.0023101238248801614
2024-08-19,71.89960479736328,71.89960479736328,70.43360185582948,70.82363011448888,4008800,68.15889549255371,70.52921905517579,0,0,0,0.013933697261116818
2024-08-20,71.65940856933594,72.11010627454674,71.2830059300215,71.76712923552317,3181600,68.13165512084962,70.60258209228516,0,0,0,-0.003340716944193134
2024-08-21,72.06675720214844,72.30201354758105,71.51453581848469,71.67673649121261,2658400,68.26649208068848,70.67939331054687,0,0,0,0.005684510114514207
2024-08-22,70.55865478515625,72.57811836720367,70.49055665611111,72.43820395580187,4973600,68.35854949951172,70.70690078735352,0,0,0,-0.02092646423318223
2024-08-23,71.81542205810547,72.07667528823526,71.00812917249989,71.27557932622547,3362400,68.47277183532715,70.72979248046875,0,0,0,0.01781166714099003
2024-08-26,71.13565826416016,72.01228104023407,70.75429811011425,71.85750910921807,2830400,68.5658203125,70.72511611938477,0,0,0,-0.00946542921373239
2024-08-27,71.46749114990234,71.58264056417856,70.34817566474906,70.63791205602925,2420000,68.74157981872558,70.7215365600586,0,0,0,0.0046647896967499936
2024-08-28,70.52523040771484,71.48357688306714,69.99033776996005,71.36346994892232,2856800,68.75136108398438,70.6816520690918,0,0,0,-0.01318446648996141
2024-08-29,70.3370361328125,71.6903610397003,70.18350358084696,70.72458566667235,3172000,68.87883148193359,70.63219146728515,0,0,0,-0.0026684673529511205
2024-08-30,71.06754302978516,71.26813437810311,70.26396848096456,70.95487240430678,2256000,69.1259708404541,70.61729919433594,0,0,0,0.010385807209636999
2024-09-03,67.93744659423828,70.47075619328226,67.55608645350391,70.47075619328226,4990400,69.3323127746582,70.54724884033203,0,0,0,-0.04404396581200254
2024-09-04,67.79133605957031,68.3398468025134,66.97290401207509,67.2576828154303,3815200,69.49965209960938,70.50049102783203,0,0,0,-0.0021506627345097007
2024-09-05,67.64027404785156,68.42033051307907,67.25149275688442,67.36292399675827,2816000,69.69689292907715,70.43063064575195,0,0,0,-0.0022283380222216653
2024-09-06,66.01580047607422,67.80868372428256,65.73102162485442,67.68981615665695,5536800,69.70258865356445,70.3254362487793,0,0,0,-0.02401636590987377
2024-09-09,66.90728759765625,67.01500825949942,66.10495230745231,66.66956002226681,2603200,69.7318717956543,70.2352278137207,0,0,0,0.01350414772150077
2024-09-10,67.58580780029297,67.64524536422131,66.53955553068141,67.12397074920732,4584800,69.77787055969239,70.15910491943359,0,0,0,0.010141200263818373
2024-09-11,69.53346252441406,69.62879689993356,66.7847113761121,67.8123955397086,3863200,69.82492179870606,70.10791870117187,0,0,0,0.028817510473147845
2024-09-12,70.06834411621094,70.35312292728747,68.98494071531579,69.53345147313087,3340000,69.8836109161377,70.05784698486327,0,0,0,0.00769243429534483
2024-09-13,70.48188018798828,70.69608206807017,70.01137514804974,70.22310581677166,2504800,69.8702995300293,69.99928115844726,0,0,0,0.0059018958845591385
2024-09-16,70.06834411621094,70.25159164456547,69.45296705474685,69.84794528261924,2271200,69.82813949584961,69.9249659729004,0,0,0,-0.0058672678804022604
2024-09-17,70.03243255615234,70.69981086827451,69.64117247967741,70.58590085470168,2005600,69.73478088378906,69.84002700805664,0,0,0,-0.0005125218886153915
2024-09-18,69.70928955078125,70.94622582406282,69.62137635845565,70.23427482065786,3574400,69.63727493286133,69.75179489135742,0,0,0,-0.004614190790988126
2024-09-19,71.77084350585938,72.1905792429826,71.31023830534222,71.56159155099351,4102400,69.62247924804687,69.68443817138672,0,0,0,0.02957359009628613
2024-09-20,71.51948547363281,71.90579558641937,71.02793347676108,71.60863803047273,2511200,69.6705207824707,69.64100296020507,1,1,1,-0.003502230431582487
2024-09-23,71.4947280883789,71.6532181809178,71.30653055001842,71.61607442711136,3056000,69.65448608398438,69.58335357666016,1,0,1,-0.0003461627987108029
2024-09-24,72.13980865478516,72.15590553838484,71.0105933772115,71.8030210408791,2599200,69.70469360351562,69.53097885131837,1,0,1,0.009022771100112736
2024-09-25,72.18810272216797,72.55335840994333,71.90208451445395,71.90208451445395,2404000,69.7407241821289,69.4777621459961,1,0,1,0.0006694510047000612
2024-09-26,73.08330535888672,73.57857553497405,72.32182444026319,73.50675924341891,3957600,69.8686279296875,69.49638427734375,1,0,1,0.012400971946362693
2024-09-27,72.54102325439453,73.24911678829459,72.15782833241789,73.24911678829459,2637600,69.9788272857666,69.51166397094727,1,0,1,-0.007420054441014012
2024-09-30,72.73445892333984,72.77537683629592,71.86390496911196,72.2086569297711,4309600,70.06217308044434,69.5478498840332,1,0,1,0.0026665693461056517
2024-10-01,70.90655517578125,72.54596637248929,70.46879554045647,72.54596637248929,4868000,70.21062850952148,69.51922256469726,1,0,1,-0.02513119331079583
2024-10-02,71.35298919677734,71.69649987148075,70.44151725800744,70.86810507808244,2304000,70.38871116638184,69.50219802856445,1,0,1,0.006296089548975647
2024-10-03,71.63325500488281,72.17517898289896,71.12729126066586,71.16077643732922,2632800,70.5883602142334,69.54746276855468,1,0,1,0.003927877602051932
2024-10-04,72.55091857910156,72.66128946437118,71.71013342971155,72.66128946437118,2838400,70.91511611938476,69.62413101196289,1,0,1,0.012810580423243234
2024-10-07,72.03008270263672,72.69973319294394,71.90854756849565,72.20369242872464,2870400,71.17125587463379,69.67411315917968,1,0,1,-0.007178901200223686
2024-10-08,73.34335327148438,73.45248285537433,72.39715481940479,72.50504309023066,2664000,71.45913314819336,69.7554864501953,1,0,1,0.018232251297964686
2024-10-09,74.16429901123047,74.23126936375367,73.23670513211383,73.3669143290461,3749600,71.69067497253418,69.87972640991211,1,0,1,0.011193185246211934
2024-10-10,74.23126983642578,74.35651378197933,73.44131788951174,73.65957705516001,4060800,71.89882125854493,69.95775970458985,1,0,1,0.0009030062454331578
2024-10-11,74.46067810058594,74.61196689788156,74.0030802009411,74.04524699550454,2566400,72.0977611541748,70.091220703125,1,0,1,0.003090453183216102
2024-10-14,75.3833236694336,75.57553797249092,74.9220017731138,74.9468053277946,3144000,72.36351013183594,70.27639205932617,1,0,1,0.012391044406032448
2024-10-15,74.024169921875,75.65366584253388,73.75258726843185,75.50361076869228,3642400,72.56309700012207,70.48066329956055,1,0,1,-0.01802989947111744
2024-10-16,74.29822540283203,74.41355397073058,73.4685969327401,74.29202640715644,2238400,72.79254379272462,70.67773681640625,1,0,1,0.0037022432165909613
2024-10-17,74.59090423583984,75.3920129627466,74.55990168158006,75.30148035739961,3032000,72.93354682922363,70.89564575195313,1,0,1,0.003939243924346192
2024-10-18,74.84759521484375,75.1018146083492,74.72606764220781,75.1018146083492,2437600,73.09995231628417,71.07455993652344,1,0,1,0.003441317431845503
2024-10-21,75.26551055908203,75.27419218144999,74.51029267187171,74.63306156010911,2782400,73.28849143981934,71.25343765258789,1,0,1,0.0055835507211512425
2024-10-22,75.21342468261719,75.44532314206354,74.66530173928777,74.90835687766956,3076800,73.44217224121094,71.42438949584961,1,0,1,-0.0006920284746352312
2024-10-23,74.0452651977539,75.01130208160052,73.36940798853894,74.90217248306018,3583200,73.53503036499023,71.53344604492187,1,0,1,-0.015531263066302814
2024-10-24,74.2969970703125,74.46689045400454,73.82575978191888,74.3552858054017,2189600,73.59571495056153,71.64149475097656,1,0,1,0.003399702491257095
2024-10-25,74.64918518066406,75.47013212624124,74.52517497657105,74.64297861527366,3286400,73.701123046875,71.71951629638671,1,0,1,0.004740273823156782
2024-10-28,74.8017349243164,75.1948452550586,74.7620507403227,75.1948452550586,2640800,73.80448684692382,71.79732009887695,1,0,1,0.0020435553754960534
2024-10-29,75.68589782714844,75.90043302741957,74.59460970127029,74.90215254128638,3360000,74.04345397949218,71.87304595947266,1,0,1,0.011820085506393907
2024-10-30,74.6938247680664,75.4031594808144,74.61197379722198,75.18118394706605,3105600,74.21049575805664,71.93373428344727,1,0,1,-0.01310776627566379
2024-10-31,72.21114349365234,73.88032363871662,72.17394194459081,73.88032363871662,5942400,74.23939018249511,71.93662200927734,1,0,1,-0.03323810612353961
2024-11-01,72.72825622558594,73.2900260482037,72.29794447733123,72.34258633146487,3328800,74.24825706481934,71.98001403808594,1,0,1,0.007161120942213772
2024-11-04,72.65757751464844,73.2143820886376,72.34011171280477,72.78158771175896,2911200,74.27963180541992,71.9968571472168,1,0,1,-0.0009718191333815129
2024-11-05,73.71041870117188,73.74389630558751,72.8373821188255,72.8373821188255,2513600,74.2979850769043,72.04835235595704,1,0,1,0.014490452648399543
2024-11-06,76.0195083618164,76.16211557753213,75.07206843718393,75.26924802301326,5134400,74.3907455444336,72.13939270019532,1,0,1,0.03132650310949625
2024-11-07,77.57705688476562,77.5968951851765,76.57629372489289,76.61969426459378,4264000,74.55803489685059,72.28042922973633,1,0,1,0.020488800263427587
2024-11-08,77.4406509399414,77.68619629863647,77.14798866568033,77.54730547122504,3446400,74.70703353881837,72.4225015258789,1,0,1,-0.001758328432423517
2024-11-11,77.1244125366211,77.61673690949932,76.6618569662416,77.61673690949932,3454400,74.79408798217773,72.54363891601562,1,0,1,-0.004083622741828052
2024-11-12,77.25960540771484,77.39601361688571,76.6606339487904,77.13311256609552,3238400,74.95585975646972,72.73008209228516,1,0,1,0.0017529192981478037
2024-11-13,76.94833374023438,77.58450671011623,76.78836329742113,77.13434905145171,5676800,75.08836517333984,72.91322204589844,1,0,1,-0.004028905737193722
2024-11-14,76.63581848144531,77.21371023328001,76.4746067404849,77.04629192733591,2884800,75.19061088562012,73.0931329345703,1,0,1,-0.004061364861311589
2024-11-15,74.7719497680664,75.8520737393998,74.44456103154849,75.8520737393998,4911200,75.18682861328125,73.26825592041016,1,0,1,-0.024321117074389664
2024-11-18,74.991455078125,75.30644587465959,74.3937324906025,74.77196214010341,3436800,75.17312583923339,73.42993927001953,1,0,1,0.0029356638517448186
2024-11-19,75.91532897949219,75.94881415863848,74.5301370377235,74.60702276325878,3312800,75.20822105407714,73.59652969360351,1,0,1,0.012319722299090063
2024-11-20,75.99592590332031,76.01576420346231,74.93439897466159,76.01328914655791,3030400,75.30575408935547,73.72577896118165,1,0,1,0.0010616686367768136
2024-11-21,76.79704284667969,77.29060103704242,75.58421941717776,76.83176176796533,3704000,75.43075637817383,73.86035293579101,1,0,1,0.0105415775100699
2024-11-22,77.08226013183594,77.13929997813095,76.51677393802663,76.7511474572046,4295200,75.55241012573242,73.99236053466797,1,0,1,0.0037139097364160545
2024-11-25,77.04630279541016,77.82509056904745,76.76232213142173,77.68744104866327,5583200,75.66463851928711,74.13191970825196,1,0,1,-0.00046648004825344813
2024-11-26,77.2794418334961,77.65643772281173,77.0314214090443,77.34020562644955,2852800,75.74431571960449,74.27685989379883,1,0,1,0.003025960099669156
2024-11-27,76.48453521728516,76.98677503354466,75.70823012324794,76.98677503354466,3337600,75.83385124206544,74.41236480712891,1,0,1,-0.010286132991535024
2024-11-29,77.16535949707031,77.3637728217395,76.62095281399424,76.70032117145519,1688800,76.08156204223633,74.52025512695313,1,0,1,0.008901463254643582
2024-12-02,77.9242935180664,78.20951548165466,77.27323992838386,77.3253220962434,3457600,76.34136390686035,74.64835128784179,1,0,1,0.009835164715650713
2024-12-03,78.32855987548828,78.3508808022541,77.50637167919683,77.71719052396057,2440800,76.62491302490234,74.78502792358398,1,0,1,0.005187937409123267
2024-12-04,79.91588592529297,79.93573179434532,79.18423034484066,79.3342778307651,3933600,76.9351863861084,74.94054946899413,1,0,1,0.02026497170799413
2024-12-05,79.5165786743164,79.96052971612544,79.44092670406917,79.93696747666775,3452000,77.1100399017334,75.0871189880371,1,0,1,-0.0049965941859149154
2024-12-06,79.92952728271484,80.1713486735005,79.65794465656754,79.73731299685294,2700800,77.22766342163087,75.22404342651367,1,0,1,0.005193239136831895
2024-12-09,79.33303833007812,79.8749622678621,79.13958273179577,79.69886991315185,5318400,77.3222827911377,75.35988372802734,1,0,1,-0.007462685854839446
2024-12-10,78.19462585449219,79.36032469885097,77.92800848034415,79.19538902248306,4460800,77.37579345703125,75.46908706665039,1,0,1,-0.014349790447321431
2024-12-11,79.3913345336914,79.63191463348068,78.56666364514523,78.91761464363285,3643200,77.48237991333008,75.63878265380859,1,0,1,0.015304231794984302
2024-12-12,79.04657745361328,79.35908557134145,78.73531064888908,78.96597536715505,2456000,77.58729209899903,75.79265441894532,1,0,1,-0.004342502643431723
2024-12-13,79.41985321044922,80.13539450213462,78.80848381938861,79.90597108574006,2840000,77.72649383544922,75.94838638305664,1,0,1,0.004722225412668646
2024-12-16,80.3548812866211,80.44044862272236,79.39380228893921,79.57610120888604,3426400,78.00564041137696,76.10446563720703,1,0,1,0.011773228460825846
2024-12-17,79.86009216308594,80.08455033916005,79.31072784416384,79.79932837156603,3439200,78.249072265625,76.26106582641602,1,0,1,-0.006157549057539846
2024-12-18,77.13565063476562,80.39733659053063,76.8711892016968,80.15770109747939,8525600,78.31008834838867,76.33691177368163,1,0,1,-0.0341151813693954
2024-12-19,77.20145416259766,78.18852781235375,77.10088485205652,77.99608130182764,6925600,78.37036476135253,76.39765487670898,1,0,1,0.0008530883876718409
2024-12-20,78.42070770263672,79.0154390430468,76.47139389068025,76.65267024636258,5290400,78.4515480041504,76.4814436340332,1,0,1,0.015793142153399442
2024-12-23,79.14579772949219,79.15821069890308,78.16120978644592,78.72862192603098,3564000,78.5547248840332,76.57514602661132,1,0,1,0.009246155104911002
2024-12-24,80.01492309570312,80.01492309570312,79.32831457599642,79.43633318267933,3484000,78.70315589904786,76.66777801513672,1,0,1,0.01098132043828115
2024-12-26,80.15397644042969,80.36132152975841,79.44254202698791,79.78646009244623,3670400,78.84688262939453,76.79037414550781,1,0,1,0.0017378426341827513
2024-12-27,78.90369415283203,79.69707851389015,78.13017963908794,79.69707851389015,4839200,78.96784057617188,76.88248352050782,1,0,1,-0.015598506064472883
2024-12-30,77.91909790039062,78.57342357402068,77.23001136480211,77.74527085622165,3900000,79.00552749633789,76.94904739379882,1,0,1,-0.012478455704929337
2024-12-31,77.20269012451172,78.17610790478375,76.95934136303774,78.15872368521407,5552000,78.96944732666016,76.99614929199218,1,0,1,-0.009194251411826393
2025-01-02,77.14558410644531,78.12147996830235,76.3956527945025,77.84832643011542,7610400,78.91029853820801,77.03375076293945,1,0,1,-0.0007396894845802526
2025-01-03,78.58087921142578,78.63053867224808,77.54413850385413,77.60746132616929,3756800,78.84354820251465,77.10109985351562,1,0,1,0.01860501960812244
2025-01-06,79.65857696533203,80.429605735111,79.37797414563381,79.58656204160965,5167200,78.85064811706543,77.21336608886719,1,0,1,0.013714503639067788
2025-01-07,77.90668487548828,80.18626862440715,77.61242623145425,80.17509088812206,5126400,78.7495059967041,77.2855598449707,1,0,1,-0.021992510493957007
2025-01-08,77.82349395751953,78.07057116874557,76.96679442212839,78.07057116874557,3906400,78.67402877807618,77.34904602050781,1,0,1,-0.0010678277236633171
2025-01-10,76.16472625732422,77.12448082832326,75.63331771130109,77.12448082832326,6786400,78.57253379821778,77.37630584716797,1,0,1,-0.021314485071831424
2025-01-13,75.54142761230469,75.59233745776255,74.5767095330664,74.87593180872938,6135200,78.38003845214844,77.37341644287109,1,0,1,-0.008183560496412778
2025-01-14,75.72146606445312,76.44159261987603,75.15778233696491,76.2193489260744,3345600,78.21378288269042,77.39396926879883,1,0,1,0.0023833075153467664
2025-01-15,77.40011596679688,77.602497403765,76.63156514701868,76.93078745806064,5856800,78.11279602050782,77.49774871826172,1,0,1,0.022168745397968204
2025-01-16,76.75074768066406,78.07926129002044,76.72839978846234,78.07554043038292,3017600,77.93258934020996,77.57819854736329,1,0,1,-0.008389758568467465
2025-01-17,77.90668487548828,78.26303110825707,77.53669043726224,78.23074829024046,3728800,77.83491897583008,77.68318069458007,1,0,1,0.015060924222311423
2025-01-21,78.54362487792969,78.71745193553622,77.50316331391967,78.21336256222865,4209600,77.90531768798829,77.77984481811524,1,0,1,0.008175678421683319
2025-01-22,80.11672973632812,80.25703114977793,79.38418266748621,79.46240407775028,6322400,78.0510814666748,77.86178924560546,1,0,1,0.02002842192276355
2025-01-23,80.24958038330078,80.24958038330078,79.37176824495045,79.54683051635399,3655200,78.14252510070801,77.91523971557618,1,0,1,0.0016582135517748675
2025-01-24,79.4785385131836,80.5500398804303,79.26001570863795,80.5500398804303,3360800,78.15916213989257,77.95599746704102,1,0,1,-0.009608048620745602
2025-01-27,75.33781433105469,76.59554825757016,74.64872021464798,75.8183129623933,12632000,77.92530670166016,77.92026550292968,1,0,1,-0.05209864523920582
2025-01-28,77.68816375732422,77.8023888463724,75.09073085268572,75.8915644448932,4972800,77.80201606750488,77.92883666992188,0,-1,0,0.03119747297076425
2025-01-29,76.9593505859375,77.39142503309029,76.15851693658003,77.39142503309029,4616000,77.70479888916016,77.92905700683593,0,0,0,-0.009381263967871867
2025-01-30,76.966796875,77.33306285934398,76.15478552114695,76.80911122983262,4323200,77.65718383789063,77.93567657470703,0,0,0,9.675613172155373e-05
2025-01-31,76.55830383300781,78.25433385513196,76.32861084010064,77.78624818090266,5211200,77.62496452331543,77.97140365600586,0,0,0,-0.005307393039307717
2025-02-03,75.47064971923828,75.90273165375929,74.26506102114686,74.68347959688117,7942400,77.54121780395508,77.98098754882812,0,0,0,-0.014206873184416047
2025-02-04,76.48257446289062,76.55955307119731,75.52157709366557,75.6134542985396,3393600,77.43630256652833,77.9923324584961,0,0,0,0.01340818910949948
2025-02-05,77.56151580810547,77.60124792009557,76.42048502987956,76.5806487122963,5761600,77.33144950866699,78.0236442565918,0,0,0,0.014107021799303343
2025-02-06,77.85205078125,78.01593531743377,77.29953724899148,77.65587585346913,2661600,77.32871780395507,78.0447444152832,0,0,0,0.003745865073902621
2025-02-07,77.10956573486328,78.4691192372733,76.82772769072777,78.10408853769643,3814400,77.29302139282227,78.04529052734375,0,0,0,-0.00953712893797709
2025-02-10,78.07925415039062,78.33254539510007,77.6558718936089,77.6558718936089,3560800,77.38874778747558,78.06594955444336,0,0,0,0.012575462023240558
2025-02-11,77.97745513916016,78.40705153046117,77.61863844576794,77.64470719960158,2773600,77.51054916381835,78.07990982055664,0,0,0,-0.0013037907743636001
2025-02-12,77.8756332397461,77.91785097503036,76.80165376349026,76.97299517343053,3887200,77.61825752258301,78.10773178100585,0,0,0,-0.0013057863870057362
2025-02-13,79.0837173461914,79.10978609745409,78.02215081039746,78.11029956466712,3339200,77.70243759155274,78.14609893798828,0,0,0,0.01551299239809878
2025-02-14,79.4462661743164,79.49096195983117,78.84160752287137,78.96576753471841,2726400,77.83721351623535,78.17653839111328,0,0,0,0.004584367557457281
2025-02-18,79.97146606445312,80.0534159216228,79.43633667994817,79.8274437752438,3441600,77.9404525756836,78.20939651489257,0,0,0,0.006610756117655159
2025-02-19,79.91683197021484,80.24089536894203,79.30845244321212,79.94042267620455,2620800,78.00911293029785,78.20941543579102,0,0,0,-0.0006831698470333158
2025-02-20,79.64988708496094,79.95904428904429,78.72985719186006,79.95904428904429,3352000,77.98577079772949,78.21208160400391,0,0,0,-0.003340283625774765
2025-02-21,77.49323272705078,79.80757719990218,77.46094991100632,79.80757719990218,4851200,77.84795341491699,78.16335571289062,0,0,0,-0.027076678157869738
2025-02-24,76.36337280273438,78.00725776492067,76.14982121469976,77.7477599995172,4652800,77.69219512939453,78.10396240234375,0,0,0,-0.014580110863306461
2025-02-25,75.2347640991211,76.22183775360065,74.63258346753557,76.21314564300292,6432000,77.68704261779786,78.04476516723633,0,0,0,-0.014779450699863084
2025-02-26,75.79595947265625,76.6042423695096,75.28318559101756,75.80341634843445,4005600,77.59243240356446,77.97285766601563,0,0,0,0.007459256106602252
2025-02-27,73.12651824951172,76.48753066623253,73.09920668451423,76.48753066623253,7045600,77.40079078674316,77.8544564819336,0,0,0,-0.0352187800209528
2025-02-28,74.30728149414062,74.30728149414062,72.17297058653419,72.78507853580328,7008800,77.2678150177002,77.75220504760742,0,0,0,0.016146854422906864
2025-03-03,71.8091812133789,74.74308284156893,71.26908820377264,74.61147353473812,7939200,77.03035888671874,77.58129104614258,0,0,0,-0.03361851262125237
2025-03-04,71.78932189941406,73.08803080108149,70.24477101591143,71.02946321692531,9321600,76.84629249572754,77.41987564086914,0,0,0,-0.0002765567526223922
2025-03-05,72.87199401855469,73.02719403759568,71.04684027900747,71.96314179767555,5182400,76.66576347351074,77.33460250854492,0,0,0,0.01508124175706227
2025-03-06,70.6296615600586,72.38528592245103,70.3093341900999,71.3038495058446,6288800,76.3191707611084,77.20316665649415,0,0,0,-0.0307708398637363
2025-03-07,71.5000228881836,71.64280992800967,69.54450277073117,70.62345353866009,6768000,76.00156936645507,77.06475296020508,0,0,0,0.012322886856606319
2025-03-10,68.29669189453125,70.03617470155929,67.53434767817939,70.0150620453757,11074400,75.56092567443848,76.84777084350586,0,0,0,-0.04480181773734426
2025-03-11,68.08562469482422,69.27010847283944,67.34687111300036,68.03595765912361,7833600,75.06124420166016,76.60918487548828,0,0,0,-0.003090445435233957
2025-03-12,69.09008026123047,69.81020678660026,68.2880038874455,69.34087832238271,6600000,74.61687545776367,76.3879069519043,0,0,0,0.014752828822654607
2025-03-13,67.84599304199219,69.07641535003376,67.54304232842351,68.99198745649826,6982400,74.11539344787597,76.1667529296875,0,0,0,-0.0180067415544225
2025-03-14,69.90332794189453,70.00761810579718,68.73746363759527,68.73746363759527,5034400,73.65637397766113,76.00643753051757,0,0,0,0.030323602141529404
2025-03-17,70.31802368164062,70.86929446875125,69.64756412637169,69.87353627017335,3984000,73.19996185302735,75.86874420166015,0,0,0,0.005932417696776993
2025-03-18,69.31977081298828,69.96167590515257,69.01309924378097,69.82013926143199,4282400,72.6673770904541,75.71222793579102,0,0,0,-0.014196258887648194
2025-03-19,70.25968170166016,71.07292842095191,69.40546004865728,69.65378012038772,4726400,72.18451957702636,75.5458039855957,0,0,0,0.013559059380152672
2025-03-20,69.86608123779297,70.64704496454829,69.4551119120381,69.61899645480469,4427200,71.69532928466796,75.34995407104492,0,0,0,-0.00560208151153474
2025-03-21,70.10198974609375,70.16159171109192,68.73995791226676,69.00566218394705,3026400,71.32576713562011,75.19386016845704,0,0,0,0.003376581369976206
2025-03-24,71.44043731689453,71.67013032775726,71.10396092707875,71.22936376257056,4049600,71.07962036132812,75.06619903564453,0,0,0,0.01909286135313093
2025-03-25,71.74115753173828,71.85552752711061,71.40798748418283,71.53851936439182,2626400,70.90494003295899,74.97772766113282,0,0,0,0.004209383734730121
2025-03-26,70.015625,71.59942890522038,69.71974871136115,71.5049463810851,4086400,70.61592330932618,74.86721160888672,0,0,0,-0.024052198084131948
2025-03-27,69.27468872070312,69.86644128799911,68.90919493429907,69.60164438214827,3712800,70.42333183288574,74.73827606201172,0,0,0,-0.010582441837759471
2025-03-28,67.53424835205078,69.17150796591504,67.2731845951415,68.94152358900635,6380000,70.08468017578124,74.54095870971679,0,0,0,-0.025123755888234012
2025-03-31,67.42733001708984,67.52429372687322,65.50289743785044,66.23512178700187,7151200,69.8655876159668,74.35449035644531,0,0,0,-0.0015831720581768183
2025-04-01,67.99421691894531,68.0700487764185,66.60310372567324,67.13145312527027,3972000,69.67583236694335,74.15624099731446,0,0,0,0.008407375788301197
2025-04-02,68.55364990234375,69.14912806002661,66.99471101567683,67.0133540900461,3593600,69.45991516113281,73.95644149780273,0,0,0,0.008227655361709996
2025-04-03,63.588409423828125,65.37858468903737,63.47403563982384,65.08270839398557,14137600,69.10785255432128,73.62587509155273,0,0,0,-0.0724285356883072
2025-04-04,59.49836349487305,61.91012252941366,59.21367532296639,61.445176236905695,22274400,68.50776958465576,73.21085075378419,0,0,0,-0.06432062015727091
2025-04-07,59.66743469238281,62.57397886124897,56.067200444525575,56.87153493525171,21929600,68.07630672454835,72.81462867736816,0,0,0,0.0028416108877402646
2025-04-08,58.47522735595703,62.84250214785049,57.37501661892702,62.10778519863207,12530400,67.59578685760498,72.47737693786621,0,0,0,-0.01998087135088411
2025-04-09,66.35820770263672,66.8691508751886,58.492635993378414,58.51749722039535,16810400,67.4591932296753,72.25077781677246,0,0,0,0.1348088875087825
2025-04-10,63.37333679199219,64.59910943439205,61.19653973445197,64.15529500556437,9768800,67.2355604171753,71.97905754089355,0,0,0,-0.04498118641209059
2025-04-11,64.66251373291016,64.90617120487512,62.56154470536965,63.0140622786459,5773600,66.97351970672608,71.73297187805176,0,0,0,0.02034257632905434
2025-04-14,65.1187515258789,66.81692529345653,64.47975773368131,66.69509656750213,6408800,66.71355609893799,71.50418083190918,0,0,0,0.007055676722579118
2025-04-15,65.36489868164062,65.87460500836501,65.05908247334439,65.20328744155276,5141600,66.5158124923706,71.30206581115722,0,0,0,0.0037799735098407172
2025-04-16,63.122215270996094,64.27588539802414,62.00211329951494,63.62197029198681,6376000,66.1589391708374,71.03485862731934,0,0,0,-0.034310210156792365
2025-04-17,62.84623336791992,63.53122409137087,62.45214517505323,63.53122409137087,4116000,65.80794677734374,70.74055297851562,0,0,0,-0.004372183420549014
2025-04-21,61.13314056396485,61.91882820222972,60.27659102865075,61.83802257286623,6149600,65.3595043182373,70.40617477416993,0,0,0,-0.02725848013716481
2025-04-22,62.63738250732422,63.03892566433812,61.66770358589243,61.9474180027511,5444000,64.91935157775879,70.11673110961914,0,0,0,0.024605998145726726
2025-04-23,64.50587463378906,65.85223548428479,64.30074769308098,65.14113533253739,5252000,64.55758743286133,69.84526351928712,0,0,0,0.029830303433358907
2025-04-24,66.93130493164062,67.00464801220345,65.02054544131454,65.0839485844123,4780800,64.40337142944335,69.62434051513672,0,0,0,0.037600145903317284
2025-04-25,67.94573211669922,68.10983213691077,66.68639516037098,66.77715210038811,4045600,64.33692359924316,69.42574249267578,0,0,0,0.015156243944364434
2025-04-28,67.81644439697266,68.21549873793325,66.83060747787272,67.9096825271393,3423200,64.35103340148926,69.2003970336914,0,0,0,-0.0019028085458628885
2025-04-29,68.1446533203125,68.46414267745918,67.4658769126207,67.56408502428054,2860000,64.38689956665038,68.97436477661132,0,0,0,0.004839665751548816
2025-04-30,68.30626678466797,68.51760809829217,66.28610696923307,66.82191520754037,3406400,64.40250205993652,68.74106079101563,0,0,0,0.0023716235461028745
2025-05-01,69.51213836669922,70.64342466633971,69.47235585319086,69.95967836512568,4720800,64.4504264831543,68.5329669189453,0,0,0,0.017653893834261192
2025-05-02,70.5551528930664,70.8845973109811,69.99696851885578,70.26052101809225,4380000,64.79876365661622,68.35107223510742,0,0,0,0.015004782630408275
2025-05-05,70.0777816772461,70.61234545096447,69.89751977078305,69.94476103144892,4140000,65.32773456573486,68.20276321411133,0,0,0,-0.006765929861194064
2025-05-06,69.48478698730469,70.07778395543563,68.85574067180464,69.06459318418825,3520800,65.81860218048095,68.06519149780273,0,0,0,-0.008461950075311031
2025-05-07,70.17848205566406,70.50668211842111,68.99622126641216,69.62775637121939,3141600,66.40376491546631,67.96406585693359,0,0,0,0.009983409296284051
2025-05-08,71.00768280029297,71.69888793365472,70.39106514660568,71.03005904419531,5876000,66.63623867034912,67.86830032348632,0,0,0,0.011815598176820208
2025-05-09,71.01016998291016,71.55219255700149,70.61235239552832,71.44776250006474,4076000,67.01808032989501,67.8259733581543,0,0,0,3.50269508748724e-05
2025-05-12,74.36549377441406,74.40403190012596,73.34733303437648,74.11561435800449,6219200,67.50322933197022,67.82713760375977,0,0,0,0.04725131333035004
2025-05-13,76.01891326904297,76.23646891238201,74.59050628767223,74.67131570457934,7194400,68.04823741912841,67.91133224487305,1,1,1,0.02223369214281723
2025-05-14,76.55845642089844,76.82325333152599,76.08480699823515,76.3520850994689,5814400,68.60791530609131,68.00671493530274,1,0,1,0.00709748572629465
2025-05-15,76.52364349365234,76.91400230493818,75.85979222437196,76.14696537545728,8249600,69.27798671722412,68.07974792480469,1,0,1,-0.0004547234737166672
2025-05-16,76.66785430908203,76.70017048797541,75.98534480561158,76.70017048797541,3166400,69.96906776428223,68.20051177978516,1,0,1,0.0018845262567985799
2025-05-19,76.46521759033203,76.62558444961365,75.46072996637747,75.4831062080629,4616000,70.73567161560058,68.29981567382812,1,0,1,-0.0026430466924648455
2025-05-20,76.19669342041016,76.2252916101182,75.63353899166482,75.97043461995801,2764800,71.41363716125488,68.4578157043457,1,0,1,-0.00351171654752247
2025-05-21,74.73719787597656,76.51866987414294,74.39408034294783,75.4880728859498,4540800,71.92520332336426,68.59084716796875,1,0,1,-0.01915431600661366
2025-05-22,74.86275482177734,75.48683109312837,74.6501691674825,74.74838484757646,2884800,72.3217758178711,68.70630065917969,1,0,1,0.001679979305742041
2025-05-23,73.98011779785156,74.44506411793007,73.3572857961327,73.43560644232126,4304000,72.62349510192871,68.82898315429688,1,0,1,-0.011790068720113789
2025-05-27,75.7976303100586,75.90578593467959,74.94232525052948,75.20587775969082,4448800,73.02255439758301,68.94686920166015,1,0,1,0.02456758067313891
2025-05-28,75.45452117919922,76.13951193658656,75.37371175514215,75.88963250437556,3218400,73.38804779052734,69.04959915161133,1,0,1,-0.0045266471980172085
2025-05-29,75.72553253173828,76.84439022602763,75.37495621033223,76.84439022602763,3815200,73.75901107788086,69.17771438598633,1,0,1,0.003591717875929934
2025-05-30,75.38240814208984,75.6360131316118,74.24489988731935,75.54650816627652,3508800,74.05252456665039,69.28016891479493,1,0,1,-0.0045311584900987745
2025-06-02,76.06739807128906,76.08977431239731,75.0964786287766,75.21209300170513,3538400,74.32813682556153,69.40419525146484,1,0,1,0.009086867162801049
2025-06-03,77.27950286865234,77.32176657757843,76.11340388926679,76.15069762883083,3753600,74.68822288513184,69.54774551391601,1,0,1,0.01593461624949133
2025-06-04,77.48834991455078,77.72952619698421,77.14026239035277,77.41624363133653,3828000,75.08840103149414,69.66870376586914,1,0,1,0.0027024895107490288
2025-06-05,77.1415023803711,78.38094429121925,76.86551356738728,77.73076615339842,4516800,75.43655204772949,69.7767106628418,1,0,1,-0.004476124921516167
2025-06-06,77.8749771118164,78.28895656925452,77.75190398364973,77.89735335441588,3383200,75.77991676330566,69.93389770507812,1,0,1,0.009508172758013966
2025-06-09,78.21311950683594,78.74146892058258,78.1285845111651,78.26657512522755,4663200,76.14006423950195,70.11266632080078,1,0,1,0.004342118708221321
2025-06-10,78.54008483886719,78.61342792914829,77.88119588918272,78.26161479817647,4252800,76.3487937927246,70.3327830505371,1,0,1,0.00418044100648185
2025-06-11,78.22928619384766,78.9963231476331,77.90730048685792,78.69423249245736,3296000,76.45931243896484,70.54882217407227,1,0,1,-0.003957197724667183
2025-06-12,78.79119110107422,78.9751861735977,78.11988110679114,78.11988110679114,2780000,76.57094917297363,70.76476165771484,1,0,1,0.007182794763513467
2025-06-13,77.4858627319336,78.37722479536154,77.24344964305949,77.85135653680328,4943200,76.61906013488769,70.94340591430664,1,0,1,-0.016566932811894364
2025-06-16,78.79865264892578,79.01372710626644,78.06393948505779,78.06393948505779,4099200,76.72560005187988,71.24761077880859,1,0,1,0.01694231529090473
2025-06-17,78.2193374633789,78.89935062741893,78.09750872691578,78.4058137356334,3063200,76.81330604553223,71.62203025817871,1,0,1,-0.0073518412570823255
2025-06-18,78.46797180175781,78.8894099943975,78.03037172531268,78.4493211396011,3744000,76.9268699645996,71.99804100036621,1,0,1,0.0031786812116034735
2025-06-20,78.13107299804688,79.00751758935938,77.74444732964523,78.85833504693986,3080800,77.09656372070313,72.391157913208,1,0,1,-0.00429345624686317
2025-06-23,78.96027374267578,79.01869933339196,77.56542726010893,78.02664797850933,5113600,77.30143966674805,72.64319923400879,1,0,1,0.010612944540639324
2025-06-24,80.38121795654297,80.48315922554576,79.70741158735902,79.71238914392514,3944800,77.62149467468262,72.98335685729981,1,0,1,0.017995685001015893
2025-06-25,81.05751037597656,81.20668532713044,80.74422780307518,80.78276593007979,7573600,77.88448867797851,73.31125679016114,1,0,1,0.008413562728039503
2025-06-26,81.75605010986328,81.82076742118866,81.05912366454588,81.46981273396251,3713600,78.19956512451172,73.64400276184082,1,0,1,0.008617828633603608
2025-06-27,81.70751953125,82.26257686916803,81.23585030461335,81.98878159943426,4291200,78.4986644744873,73.970855178833,1,0,1,-0.0005936022905713711
2025-06-30,82.54632568359375,82.73051176546373,81.97881865007884,82.38080279881856,4687200,78.8568603515625,74.35933738708496,1,0,1,0.010265960307642708
2025-07-01,81.695068359375,82.44924530314093,81.11138962463714,82.24514270683939,3960800,79.1382438659668,74.73631408691406,1,0,1,-0.010312479897429783
2025-07-02,82.73175811767578,82.76037957765953,81.51959978853357,81.57435124383157,3567200,79.41085662841797,75.16828643798829,1,0,1,0.012689747118398875
2025-07-03,83.8829345703125,84.10445463931404,83.03292735975528,83.12751186406578,2817600,79.73058586120605,75.59319747924805,1,0,1,0.013914565323262185
2025-07-07,83.14369201660156,83.71865825015976,82.74170786929619,83.51082604263492,4606400,80.03069534301758,75.9659538269043,1,0,1,-0.008812788411584394
2025-07-08,83.53572082519531,83.70498092765813,83.22583727540072,83.44736497042499,2596800,80.31373252868653,76.2980421447754,1,0,1,0.004715075781280831
2025-07-09,84.2351303100586,84.43798718922281,83.50335370461701,83.8916499978094,3379200,80.61483306884766,76.62383010864258,1,0,1,0.008372579753358922
2025-07-10,83.95262908935547,84.50145773876318,83.45855189531889,84.44669868746315,3224000,80.88546028137208,76.94655380249023,1,0,1,-0.003353722130698622
2025-07-11,83.4237060546875,84.0223183981925,83.38263486886224,83.51330762820236,2880000,81.14518127441406,77.25213485717774,1,0,1,-0.0063002557561956385
2025-07-14,83.42743682861328,83.65269409378303,82.63592586772243,83.2731179414378,3088000,81.37699356079102,77.55455825805664,1,0,1,4.472078863693163e-05
2025-07-15,84.13557434082031,84.647069029571,84.13059900711376,84.46288293534742,3740800,81.70947914123535,77.84702697753906,1,0,1,0.008488065067392414
2025-07-16,84.50891876220703,84.56367780976527,83.23080506831174,84.26001538165657,3272000,81.99499244689942,78.12610229492188,1,0,1,0.00443741454565183
2025-07-17,85.36390686035156,85.5717466657987,84.54874975481982,84.6595135894456,3196800,82.35222091674805,78.43182479858399,1,0,1,0.010117134506836045
2025-07-18,85.31537628173828,85.7633993567221,85.06895675416123,85.7633993567221,3083200,82.69459114074706,78.74843658447266,1,0,1,-0.0005685140289171109
2025-07-21,85.43485260009766,86.07578194059994,85.35396354670686,85.44730232857052,3498400,83.05978012084961,79.05356399536133,1,0,1,0.0014004077994667075
2025-07-22,84.60101318359375,85.41990744587979,83.8966199473051,85.41493211272149,3466400,83.34181709289551,79.32543060302734,1,0,1,-0.009759944462091275
2025-07-23,85.27306365966797,85.27306365966797,84.42181065918348,84.97437653067325,2812800,83.58640937805175,79.6106884765625,1,0,1,0.0079437639194202
2025-07-24,85.51449584960938,85.7111316592984,85.02041865869414,85.47964572812549,3299200,83.8092586517334,79.8336685180664,1,0,1,0.002831283169383747
2025-07-25,85.7086410522461,85.9314068593482,85.37386567745797,85.58045215598479,2243200,84.00688819885254,80.02746307373047,1,0,1,0.002270319209717986
2025-07-28,86.38690948486328,86.39188481859516,85.84554000332922,86.08946808291985,3268800,84.2408576965332,80.22403213500976,1,0,1,0.007913652862652887
2025-07-29,86.23632049560547,87.35887732442706,86.04715147010221,86.93573848188433,3548800,84.42535743713378,80.41828567504882,1,0,1,-0.001743192228496171
2025-07-30,86.42548370361328,86.81626386065464,85.85673852889664,86.49268488639416,3504800,84.6618782043457,80.61343826293945,1,0,1,0.0021935445172136525
2025-07-31,85.93016052246094,87.77080600264001,85.61032634208614,87.77080600264001,3914400,84.82179832458496,80.80273712158203,1,0,1,-0.005731216765311964
2025-08-01,83.93022918701172,85.03162368929179,83.52077823423372,85.02041969412728,6752000,84.82416305541992,80.95740783691406,1,0,1,-0.023273915971871895
2025-08-04,85.83806610107422,85.83806610107422,84.75035949021881,84.75035949021881,4146400,84.95888175964356,81.17942520141601,1,0,1,0.022731224882175605
2025-08-05,85.06895446777344,86.15043999950419,84.82129681045133,86.06705949084191,5394400,85.03554344177246,81.38354919433594,1,0,1,-0.00896002983565769
2025-08-06,86.1019058227539,86.18529393103206,85.20087672784085,85.26559404270057,3959200,85.12888221740722,81.62598495483398,1,0,1,0.012142518518571732
2025-08-07,86.2699203491211,87.20081663863142,85.43609243616645,87.11494466140613,4223200,85.2447467803955,81.83543075561523,1,0,1,0.001951345034255647
2025-08-08,87.03529357910156,87.17841607283898,86.308499902964,86.59224582980625,3644000,85.42532615661621,82.06704620361329,1,0,1,0.00887184347549086
2025-08-11,86.52629089355469,87.4049195991933,86.27240456199998,86.96436331197927,3946400,85.58026885986328,82.28306137084961,1,0,1,-0.005848233108839529
2025-08-12,87.87161254882812,87.88405468043082,86.39561721290285,86.93573333606588,6048000,85.76707077026367,82.53284545898437,1,0,1,0.015548125793678924
2025-08-13,88.0234375,88.47022243171503,87.61399415390035,88.36692539697468,3821600,85.94279670715332,82.7719662475586,1,0,1,0.0017278043132247234
2025-08-14,87.67247772216797,87.95747695143183,87.18712069252317,87.41486941030085,3270400,86.05822525024413,82.97982574462891,1,0,1,-0.0039871173837312535
2025-08-15,87.1224136352539,87.62022044993537,86.77892571777502,87.62022044993537,3079200,86.14857711791993,83.17250701904297,1,0,1,-0.006274079405594102
2025-08-18,87.37504577636719,87.4285590922505,86.99795350472615,87.08133401124867,2436800,86.2455867767334,83.3771778869629,1,0,1,0.0028997376286077348
2025-08-19,85.72356414794922,87.3650821636649,85.54310768697258,87.3650821636649,4686400,86.30171432495118,83.53414962768555,1,0,1,-0.018901067389937243
2025-08-20,85.11127471923828,85.60534432093395,83.74106029037969,85.49707194988405,4896000,86.29362487792969,83.6721127319336,1,0,1,-0.0071426034929461535
2025-08-21,84.88601684570312,85.28799340213622,84.45790269798721,84.81134126886461,5332000,86.26220092773437,83.79903137207032,1,0,1,-0.0026466278912896657
2025-08-22,86.39063262939453,86.86479329249823,84.55870729030406,84.80885641734586,4590400,86.29630050659179,83.96225830078124,1,0,1,0.01772513117709762
2025-08-25,86.18030548095703,86.74407529330324,85.93763075763668,86.23631026169576,4037600,86.28597030639648,84.11004058837891,1,0,1,-0.0024346059524738006
2025-08-26,86.62211608886719,86.73536378802604,86.0981717233913,86.2450238105761,3585600,86.30526008605958,84.29276565551758,1,0,1,0.005126584379626875
2025-08-27,87.23067474365234,87.34393003308544,86.4316970361393,86.72913839251896,2866400,86.34551963806152,84.46140609741211,1,0,1,0.007025442026385331
2025-08-28,88.09561920166016,88.29350073548135,87.08009673030948,87.46963113656714,3871200,86.45379257202148,84.65893173217773,1,0,1,0.009915599765216276
2025-08-29,86.74532318115234,87.73097848211879,86.43170247796493,87.73097848211879,4680800,86.59454727172852,84.82447875976563,1,0,1,-0.015327618248721753
2025-09-02,85.8480224609375,85.87291431884395,84.6395937815112,85.07642044140879,4948000,86.59504508972168,84.97881774902343,1,0,1,-0.010344081816848982
2025-09-03,86.23258209228516,86.48023974880451,85.61156175661921,86.26120355130138,3952800,86.65322647094726,85.12426391601562,1,0,1,0.004479539776500285
2025-09-04,86.81002807617188,86.83367420082793,85.66009568958944,86.1579024436721,2380800,86.68863258361816,85.2528401184082,1,0,1,0.006696378211993537
2025-09-05,86.9655990600586,87.61399513930287,86.01852346403308,87.6090198059316,2835200,86.72341651916504,85.37100189208985,1,0,1,0.0017920853999748854
2025-09-08,87.7284927368164,87.91766175690373,87.437280004239,87.437280004239,2408000,86.75807647705078,85.4904507446289,1,0,1,0.008772361542993101
2025-09-09,87.83177947998047,87.9363222409111,87.17840811296679,87.86289240221922,2799200,86.82335090637207,85.61293594360352,1,0,1,0.0011773454660155558
2025-09-10,88.97425079345703,89.52432516714383,88.55360345007043,89.2492917782648,3751200,86.87848281860352,85.74149444580078,1,0,1,0.013007493645702306
2025-09-11,89.4521484375,89.71473969442528,89.18581998362919,89.54673294230861,3550400,86.94991836547851,85.89663604736329,1,0,1,0.005371190426231909
2025-09-12,89.55171203613281,89.78568184334893,89.35632195266355,89.63011721599402,3712000,87.04388008117675,86.03303512573243,1,0,1,0.0011130375331609432
2025-09-15,90.43034362792967,90.43034362792967,89.60025287678444,89.71100912208279,3263200,87.20927658081055,86.16398330688476,1,0,1,0.009811443821893029
2025-09-16,90.12419128417967,90.58590985554122,89.96738091670107,90.58590985554122,3315200,87.34673385620117,86.30359329223633,1,0,1,-0.003385504593564792
2025-09-17,89.79190063476562,90.14907640245067,88.83860396469116,90.04204976456452,3433600,87.55015068054199,86.42871688842773,1,0,1,-0.0036870305816810722
2025-09-18,91.38612365722656,91.61884771870724,90.54856618235527,90.91320873641824,4124800,87.8638931274414,86.57173675537109,1,0,1,0.017754641690296058
2025-09-19,92.2398681640625,92.3182733459685,91.39608955316687,91.78064106829702,2748800,88.23158569335938,86.73748153686523,1,0,1,0.009342167855135086
2025-09-22,93.73079681396484,93.78555586341876,91.9698022972363,92.0880329262764,5513600,88.5985939025879,86.94362335205078,1,0,1,0.01616360343501899
2025-09-23,92.76753997802734,93.77435759085328,92.4551725861419,93.63123509497734,5915200,88.9279556274414,87.13042541503906,1,0,1,-0.010276844630365822
2025-09-24,92.08338928222656,93.05772530501856,91.52271051035572,93.05772530501856,3328000,89.20101928710938,87.28938171386719,1,0,1,-0.007374893157270579
2025-09-25,91.80554962158205,92.04102894001676,90.4885764942702,91.10781143505832,3679200,89.42976303100586,87.43531433105468,1,0,1,-0.0030172614497601113
2025-09-26,92.03853607177734,92.11204302931984,91.1688558347074,91.90771254698905,3420000,89.62690887451171,87.5688069152832,1,0,1,0.002537825340141797
2025-09-29,92.59423065185548,93.13248320722909,92.4185546422808,92.71011096153464,4014400,89.91935424804687,87.71438400268555,1,0,1,0.00603762949515807
2025-09-30,93.02657318115234,93.08264257728702,92.300180579852,92.58426146443178,3552800,90.27828178405761,87.86621841430664,1,0,1,0.004669216713106383
2025-10-01,93.76043701171876,93.80404231527118,92.5319218437762,92.6004553274899,3445600,90.6546745300293,88.04940689086914,1,0,1,0.007888754852200641
2025-10-02,94.44197082519533,94.75470618068834,93.94483689709271,94.69490288247812,3611200,91.03627166748046,88.23278503417968,1,0,1,0.007268884779103368
2025-10-03,94.15291595458984,95.04502244498651,93.74922845193689,94.54788847950864,3508000,91.39563751220703,88.40555343627929,1,0,1,-0.0030606611454614407
2025-10-06,94.96402740478516,95.46365568279778,94.77713448910116,95.14718641659542,4390400,91.75741424560547,88.59066116333008,1,0,1,0.008614830905359527
2025-10-07,94.09310913085938,95.54962824777472,93.53616427882376,95.45120071497166,4089600,92.07048072814942,88.74478515625,1,0,1,-0.009171033471584766
2025-10-08,95.69166564941406,95.70038823123718,94.33606844747456,94.33606844747456,3750400,92.40635147094727,88.93389205932617,1,0,1,0.01698909232908341
2025-10-09,95.64432525634766,95.88852714501787,95.12974612708884,95.72655479739744,3928000,92.71596031188965,89.11826889038086,1,0,1,-0.0004947180378263027
2025-10-10,91.74324798583984,96.13523176545296,91.69091249095936,95.9533199123527,9368000,92.825537109375,89.23453063964844,1,0,1,-0.04078733641595644
2025-10-13,94.13048553466795,94.36721960518548,93.28573350269566,93.91867204073527,4733600,93.01054420471192,89.43853576660156,1,0,1,0.026020852773781966
2025-10-14,92.92814636230467,93.78286815228552,91.76442310879116,92.81725473871712,5322400,93.15074195861817,89.58033737182618,1,0,1,-0.012773111341494836
2025-10-15,93.79158782958984,94.5304368996228,92.54563507647684,94.26380118533052,3564000,93.35072631835938,89.7547900390625,1,0,1,0.009291495645666004
2025-10-16,93.49006652832033,94.61765991081526,92.85588080345732,94.32112253216324,3780800,93.45592346191407,89.90255325317383,1,0,1,-0.0032148011164642165
2025-10-17,93.715576171875,93.9236557508946,92.3711959285513,92.85587336036316,3243200,93.52970886230469,90.05146636962891,1,0,1,0.0024121241103873814
2025-10-20,94.96402740478516,95.28049667098752,94.23763480984624,94.30367395697353,3604800,93.5913703918457,90.21004104614258,1,0,1,0.013321704714491567
2025-10-21,94.86808776855467,95.25059618656408,94.40459698224012,94.87930468969752,2718400,93.69639778137207,90.37687698364257,1,0,1,-0.0010102734567221106
2025-10-22,93.7467269897461,94.973995004413,92.55061539834614,94.74972503161204,4140000,93.77956466674804,90.49437927246093,1,0,1,-0.011820210622820904
2025-10-23,94.97400665283205,95.15092983472316,93.704380347813,93.74300458339545,2950400,93.93798751831055,90.63339065551757,1,0,1,0.013091440122706244
2025-10-24,96.45419311523438,96.73577966837864,95.99817012598706,96.10158633902068,5258400,94.1587703704834,90.8090249633789,1,0,1,0.015585174455290618
2025-10-27,98.1823272705078,98.22468540684751,97.63535216918466,97.82722616164196,4772000,94.43817520141602,91.03022323608398,1,0,1,0.017916630676789946
2025-10-28,99.19529724121094,99.56783594620003,98.37545809348576,98.76170045541922,4772000,94.74661140441894,91.26662826538086,1,0,1,0.010317233242111312
2025-10-29,99.86560821533205,100.5471407259075,99.1740983486544,100.09485926491703,5081600,95.0518699645996,91.54946914672851,1,0,1,0.0067574874289768605
2025-10-30,98.54864501953124,99.62888404216464,98.50379254077046,99.18657228866108,3943200,95.2572036743164,91.81821655273437,1,0,1,-0.013187354679312091
2025-10-31,98.83023071289062,99.74102196011896,98.25210675389698,99.73852762086784,3930400,95.49106941223144,92.09710083007812,1,0,1,0.002857326889716072
2025-11-03,99.17161560058594,99.95656435127478,98.67946271886522,99.85190096899312,4188800,95.70144882202149,92.35272048950195,1,0,1,0.003454255699220754
2025-11-04,96.49281311035156,98.02159197712604,96.35201983996308,97.3849119412903,5288000,95.8214340209961,92.55897064208985,1,0,1,-0.027011786326273657
2025-11-05,96.89276885986328,97.7300531543286,96.27103958603011,96.46914944111876,4642400,95.88148918151856,92.76438369750977,1,0,1,0.0041449278616669805
2025-11-06,94.99144744873048,97.02110188494936,94.5192264559376,96.94385341733808,5976800,95.84884529113769,92.91959915161132,1,0,1,-0.019622944348743898
2025-11-07,94.86310577392578,94.86310577392578,92.5244499829295,94.08313812041864,5781600,96.004838180542,93.05494888305664,1,0,1,-0.0013510866320252113
2025-11-10,97.2304229736328,97.42105741194804,96.00814351906573,96.64482360701152,4790400,96.15983505249024,93.26465087890625,1,0,1,0.0249550884971943
2025-11-11,96.34953308105467,96.7108624521,95.70039650841446,96.57380307477229,3946400,96.33090438842774,93.4746810913086,1,0,1,-0.009059817551313243
2025-11-12,96.45793151855467,97.09087770786994,95.91843939948365,97.09087770786994,2886400,96.46422157287597,93.67918807983398,1,0,1,0.0011250541028444694
2025-11-13,93.7405014038086,95.93836392987366,93.26081262603611,95.93836392987366,5619200,96.47674331665038,93.81779754638671,1,0,1,-0.028172179021103694
2025-11-14,94.22642517089844,95.066196119079,91.64605425283423,91.98495735988742,6139200,96.50228576660156,93.96301406860351,1,0,1,0.005183712054159129
2025-11-17,92.66151428222656,94.27502473184424,91.90771433455436,93.2857378721575,4692800,96.38716011047363,94.06167449951172,1,0,1,-0.016607983225868983
2025-11-18,91.27726745605467,92.26779393440786,90.39886457194066,91.87781006573093,5809600,96.20761909484864,94.1305842590332,1,0,1,-0.014938746003608117
2025-11-19,91.89774322509766,92.98172370141538,91.0791513082999,91.39811492661458,4180000,96.11516990661622,94.18905410766601,1,0,1,0.0067977031558454915
2025-11-20,89.17284393310547,94.443222786674,88.93735702741621,94.13422892398698,9250400,95.82511177062989,94.18346801757812,1,0,1,-0.02965142773221019
2025-11-21,89.57029724121094,90.76640881491431,87.58549546354566,89.2725127149144,8729600,95.48091697692871,94.18383972167969,1,0,1,0.004457111499142297
2025-11-24,91.82050323486328,92.01237724951709,90.11852726389068,90.21820958262882,5136000,95.16282577514649,94.21164291381837,1,0,1,0.025122234300424262
2025-11-25,92.10208129882812,92.30890612122906,89.68368261253875,90.9545560120011,4705600,94.80816497802735,94.25120071411133,1,0,1,0.0030666142532960183
2025-11-26,93.06394958496094,93.50875563759892,92.3799227291595,92.98172004798646,2913600,94.46808204650878,94.31664169311523,1,0,1,0.01044350217246448
2025-11-28,93.7205810546875,93.73179037244596,93.0240900197184,93.2957068462985,1737600,94.2266788482666,94.36333084106445,0,-1,0,0.007055701726124353
2025-12-01,93.68195343017578,94.00963964777768,92.49330950917218,92.81227314400336,3324800,93.96926498413086,94.39217254638672,0,0,0,-0.0004121573306207216
2025-12-02,94.65628051757812,95.30168313912654,94.08065094688112,94.33855647784286,5296000,93.74349822998047,94.41068222045898,0,0,0,0.010400371167842204
2025-12-03,94.83196258544922,94.92540904907568,93.73427843023816,94.23016523038088,3023200,93.66045570373535,94.45197067260742,0,0,0,0.0018560001186447295
2025-12-04,95.27178192138672,95.43998250402736,94.54663649423692,94.97399738322584,3091200,93.57940635681152,94.51573852539063,0,0,0,0.00463788077296412
2025-12-05,95.68543243408205,96.20873412501956,95.25309046769222,95.61565938226984,2863200,93.61410560607911,94.59333618164062,0,0,0,0.004341794646358643
2025-12-08,96.52147674560548,96.90398519213176,96.0106391069455,96.20749418650531,3098400,93.69702415466308,94.68299499511718,0,0,0,0.008737425230318063
2025-12-09,96.73079681396484,96.948838569875,96.0928695421917,96.31215846774364,2293600,93.67204284667969,94.76572631835937,0,0,0,0.0021686372340847804
2025-12-10,97.07965087890624,97.38865233132012,95.93836150883962,96.53143623309954,3363200,93.70854873657227,94.84678787231445,0,0,0,0.0036064425853155058
2025-12-11,96.72830200195312,96.78436379360843,94.89674988431533,96.14394984072328,4366400,93.7220672607422,94.90614517211914,0,0,0,-0.003619181504797231
2025-12-12,93.93611907958984,96.19378495783496,93.7031265130215,96.12401190482026,5752000,93.73184814453126,94.89602813720703,0,0,0,-0.028866245603142104
2025-12-15,92.88703155517578,94.71733658454686,92.72629877152944,94.55660380090052,3850400,93.66487846374511,94.87071044921875,0,0,0,-0.011168095240609133
2025-12-16,93.03279876708984,93.27576107360618,92.26902912507722,92.57428906892125,3084800,93.68344268798828,94.83208587646484,0,0,0,0.0015692956215043186
2025-12-17,91.0992431640625,93.22076099232316,91.06931116708834,93.2057949938361,4332000,93.67454147338867,94.7722085571289,0,0,0,-0.020783590611608393
2025-12-18,92.37140655517578,93.03243019805532,91.91991450405372,92.81167791360936,3403200,93.69822463989257,94.70580337524414,0,0,0,0.013964587925524352
2025-12-19,94.23224639892578,94.30084943544364,93.03741779198272,93.07358435062636,4750400,93.9511947631836,94.67756179809571,0,0,0,0.020145193335758815
2025-12-22,94.88579559326172,95.37719187145842,94.60641254074442,95.37595104865903,3509600,94.21696968078614,94.74041275024415,0,0,0,0.006935515381530699
2025-12-23,95.4158706665039,95.4221052306467,94.3519906343434,94.54905310316434,2704800,94.39673805236816,94.76612045288086,0,0,0,0.00558645337722008
2025-12-24,95.57675170898438,95.68650743424718,95.21006953876773,95.26744427183095,1401600,94.57047157287597,94.81909255981445,0,0,0,0.001686103594262356
2025-12-26,95.6827621459961,95.94842002509982,95.47323056474988,95.75510287684378,2632800,94.70141220092773,94.85691604614257,0,0,0,0.0011091655147947854
2025-12-29,95.1751480102539,95.55679619511534,94.73613270220278,94.95938185583658,8392000,94.77414054870606,94.89061767578124,0,0,0,-0.005305178533283272
2025-12-30,94.8995132446289,95.46699555943,94.8995132446289,95.17514337936696,2807200,94.83501853942872,94.91429641723633,0,0,0,-0.0028960791907074457
