Date,Close,High,Low,Open,Volume,Trade,Shares,Cash,Position_value,Total_value,Portfolio_return,Portfolio_return_1d
2015-03-16,11.968735694885254,11.970976670718835,11.85223059199464,11.8611919312834,2652000,1,8355.0,1.2132692337036133,99998.7867307663,100000.0,0.0,0.0
2015-03-17,11.98105812072754,12.0034636049487,11.916084353190753,11.951932273262775,2145600,0,8355.0,1.2132692337036133,100101.7405986786,100102.9538679123,0.10295386791230321,0.001029538679123032
2015-03-18,12.125569343566896,12.171499941628072,11.918323545098923,11.957532071076905,1919200,0,8355.0,1.2132692337036133,101309.13186550142,101310.34513473512,1.3103451347351136,0.012061494892708025
2015-03-19,12.115484237670898,12.155813240525536,12.098680344034545,12.122205453252828,2185600,0,8355.0,1.2132692337036133,101224.87080574036,101226.08407497406,1.2260840749740654,-0.0008317122960048717
2015-03-20,12.184941291809082,12.242074198680983,12.165897274412345,12.167017762106768,2705600,0,8355.0,1.2132692337036133,101805.18449306488,101806.39776229858,1.8063977622985838,0.005732847344906755
2015-03-23,12.188300132751465,12.244312539878663,12.188300132751465,12.19390086065528,2020800,0,8355.0,1.2132692337036133,101833.24760913849,101834.46087837219,1.8344608783722016,0.0002756517929169977
2015-03-24,12.154692649841309,12.230869559622043,12.147971434316442,12.20510347564085,2642400,0,8355.0,1.2132692337036133,101552.45708942413,101553.67035865784,1.5536703586578327,-0.0027573231820779975
2015-03-25,11.820860862731934,12.15805587392268,11.818620741968765,12.153574777714631,2816000,0,8355.0,1.2132692337036133,98763.2925081253,98764.50577735901,-1.235494222640987,-0.02746493131610428
2015-03-26,11.828706741333008,11.876877474215048,11.688675640476152,11.750289666725973,3288000,0,8355.0,1.2132692337036133,98828.84482383728,98830.05809307098,-1.1699419069290173,0.0006637234216484433
2015-03-27,11.857828140258787,11.885834347890333,11.772689029748044,11.825340836844404,2111200,0,8355.0,1.2132692337036133,99072.15411186217,99073.36738109587,-0.926632618904133,0.0024618956289164107
2015-03-30,11.99226188659668,12.002343713986232,11.92952738233925,11.939610064410678,3564800,0,8355.0,1.2132692337036133,100195.34806251526,100196.56133174896,0.19656133174896784,0.011336991770276805
2015-03-31,11.932887077331545,12.30705053429263,11.875755017137015,11.955292560950602,8274400,0,8355.0,1.2132692337036133,99699.27153110506,99700.48480033876,-0.29951519966123774,-0.004951033496725543
2015-04-01,11.83766269683838,11.893675107654891,11.767087366894934,11.885833404327842,3760000,0,8355.0,1.2132692337036133,98903.67183208467,98904.88510131837,-1.0951148986816261,-0.007979897997624219
2015-04-02,11.836545944213867,11.892558368660048,11.815260949426154,11.846627770366933,4303200,0,8355.0,1.2132692337036133,98894.34136390686,98895.55463314056,-1.1044453668594412,-9.433778896006384e-05
2015-04-06,11.947449684143066,11.96873382314242,11.731241702834476,11.771570714713508,2370400,0,8355.0,1.2132692337036133,99820.94211101532,99822.15538024902,-0.17784461975097754,0.009369488351076427
2015-04-07,11.934004783630373,12.02698559594362,11.934004783630373,11.93624575881086,3284800,0,8355.0,1.2132692337036133,99708.60996723177,99709.82323646547,-0.29017676353453314,-0.00112532276382582
2015-04-08,11.976574897766112,12.011302321313462,11.885834204947685,11.885834204947685,1878400,0,8355.0,1.2132692337036133,100064.28327083586,100065.49654006957,0.06549654006957617,0.0035670838846098007
2015-04-09,12.02586841583252,12.03259048854115,11.921685263008124,11.97545757126794,1864800,0,8355.0,1.2132692337036133,100476.1306142807,100477.3438835144,0.4773438835144139,0.0041157777424301045
2015-04-10,12.07851505279541,12.07851505279541,11.994496444789132,12.011300337326682,1397600,0,8355.0,1.2132692337036133,100915.99326610565,100917.20653533936,0.9172065353393544,0.004377729693321619
2015-04-13,12.028108596801758,12.134531863708592,12.022507012361697,12.078519438035146,2140800,0,8355.0,1.2132692337036133,100494.84732627869,100496.06059551239,0.4960605955123931,-0.0041731826938697925
2015-04-14,11.984417915344238,12.067316058713022,11.919443302174406,12.067316058713022,2583200,0,8355.0,1.2132692337036133,100129.81168270111,100131.02495193481,0.13102495193482167,-0.003632337839060251
2015-04-15,12.09307861328125,12.126686400142708,12.011300975763373,12.020263166217298,2560000,-1,0.0,101038.88508319855,0.0,101038.88508319855,1.0388850831985375,0.00906672164496003
2015-04-16,12.068437576293944,12.096443789048596,12.03931087571821,12.061715504049214,2086400,0,0.0,101038.88508319855,0.0,101038.88508319855,1.0388850831985375,0.0
2015-04-17,11.883597373962402,11.986660040212548,11.844388843832656,11.986660040212548,2243200,0,0.0,101038.88508319855,0.0,101038.88508319855,1.0388850831985375,0.0
2015-04-20,12.077400207519531,12.095324595848298,11.941850225840271,11.941850225840271,2413600,0,0.0,101038.88508319855,0.0,101038.88508319855,1.0388850831985375,0.0
2015-04-21,12.08747673034668,12.162533145193525,12.078514540749058,12.137887551140782,1724000,0,0.0,101038.88508319855,0.0,101038.88508319855,1.0388850831985375,0.0
2015-04-22,12.203989028930664,12.219672441607706,12.062837460155398,12.119970380439987,2055200,0,0.0,101038.88508319855,0.0,101038.88508319855,1.0388850831985375,0.0
2015-04-23,12.233111381530762,12.27904197315703,12.146852636464123,12.159175436428164,1908000,0,0.0,101038.88508319855,0.0,101038.88508319855,1.0388850831985375,0.0
2015-04-24,12.302569389343262,12.345138526029888,12.254398668103374,12.341777917170656,2027200,0,0.0,101038.88508319855,0.0,101038.88508319855,1.0388850831985375,0.0
2015-04-27,12.33057689666748,12.401152254162689,12.301450192361346,12.335057993843956,4808000,0,0.0,101038.88508319855,0.0,101038.88508319855,1.0388850831985375,0.0
2015-04-28,12.344017028808594,12.40226956782953,12.231992192114609,12.356339829219468,1901600,0,0.0,101038.88508319855,0.0,101038.88508319855,1.0388850831985375,0.0
2015-04-29,12.286883354187012,12.348497352387158,12.201744244314526,12.277921162688514,1815200,0,0.0,101038.88508319855,0.0,101038.88508319855,1.0388850831985375,0.0
2015-04-30,12.086359977722168,12.247676021601064,12.043790846001553,12.22190993221641,1813600,1,8359.0,9.002029418945312,101029.8830537796,101038.88508319855,1.0388850831985375,0.0
2015-05-01,12.240955352783203,12.240955352783203,12.116608551838556,12.126690378395498,2328800,0,8359.0,9.002029418945312,102322.1457939148,102331.14782333374,2.3311478233337457,0.012789756528598817
2015-05-04,12.249916076660156,12.31377020123951,12.244315347472105,12.265599485877422,1974400,0,8359.0,9.002029418945312,102397.04848480225,102406.05051422119,2.4060505142211808,0.0007319637518066191
2015-05-05,12.058353424072266,12.217428487986886,12.044910135904756,12.211827758928353,1913600,0,8359.0,9.002029418945312,100795.77627182007,100804.77830123901,0.8047783012390175,-0.015636500040198342
2015-05-06,11.990017890930176,12.130048933951748,11.904878777462194,12.082998708620098,2106400,0,8359.0,9.002029418945312,100224.55955028534,100233.56157970428,0.23356157970428892,-0.005666563938345637
2015-05-07,12.07628059387207,12.113248149166902,11.97769816726751,11.97769816726751,1782400,0,8359.0,9.002029418945312,100945.62948417664,100954.63151359558,0.954631513595583,0.007193897159065932
2015-05-08,12.24655532836914,12.256638008283222,12.191663396735514,12.196144492843809,1459200,0,8359.0,9.002029418945312,102368.95598983765,102377.95801925659,2.3779580192565986,0.014098674665256272
2015-05-11,12.198384284973145,12.259998286450378,12.197263797305832,12.239833781847071,3669600,0,8359.0,9.002029418945312,101966.29423809052,101975.29626750946,1.975296267509452,-0.003933090281712737
2015-05-12,12.134529113769531,12.184939943578769,12.031466479010172,12.137889721799269,1985600,0,8359.0,9.002029418945312,101432.52886199951,101441.53089141846,1.4415308914184521,-0.00523426158714746
2015-05-13,12.192784309387209,12.255518806805616,12.16701907241257,12.16701907241257,1553600,0,8359.0,9.002029418945312,101919.48404216768,101928.48607158662,1.9284860715866214,0.004800353227017107
2015-05-14,12.386587142944336,12.39330836018171,12.27008120096662,12.277922905970804,1894400,0,8359.0,9.002029418945312,103539.4819278717,103548.48395729065,3.54848395729066,0.01589347539770447
2015-05-15,12.351859092712402,12.425795042647998,12.322732395013311,12.422434434198433,1465600,0,8359.0,9.002029418945312,103249.19015598297,103258.19218540192,3.258192185401909,-0.0028034381653377904
2015-05-18,12.4157133102417,12.438117936527672,12.31040968639788,12.328334071172025,2245600,0,8359.0,9.002029418945312,103782.94756031036,103791.94958972931,3.7919495897293043,0.005169153100889279
2015-05-19,12.400029182434082,12.450440015997511,12.385465406978504,12.425794415701912,1998400,0,8359.0,9.002029418945312,103651.84393596649,103660.84596538544,3.6608459653854286,-0.001263138662122687
2015-05-20,12.396666526794434,12.460520637613786,12.351856429537698,12.411229445163228,1648000,0,8359.0,9.002029418945312,103623.73549747467,103632.73752689362,3.6327375268936146,-0.0002711577185199321
2015-05-21,12.43924045562744,12.456044355426922,12.36194302935894,12.37874692915842,1892800,0,8359.0,9.002029418945312,103979.61096858977,103988.61299800871,3.9886129980087226,0.0034340062764697254
2015-05-22,12.443719863891602,12.473966195680644,12.42579547862274,12.42579547862274,1516800,0,8359.0,9.002029418945312,104017.0543422699,104026.05637168884,4.0260563716888464,0.0003600718636458389
2015-05-26,12.271202087402344,12.422435462928783,12.221910880242229,12.401150468076596,2333600,0,8359.0,9.002029418945312,102574.97824859619,102583.98027801514,2.583980278015141,-0.013862643110502226
2015-05-27,12.480687141418455,12.4963705497728,12.292485386484689,12.304807331893112,2331200,0,8359.0,9.002029418945312,104326.06381511687,104335.06584453581,4.335065844535824,0.01706977601936499
2015-05-28,12.47396469116211,12.48516700326314,12.43475617146768,12.466122987223224,1590400,0,8359.0,9.002029418945312,104269.87085342407,104278.87288284302,4.27887288284301,-0.0005385817437114637
2015-05-29,12.387706756591797,12.473965505551122,12.351858842719109,12.462763192718723,1908000,0,8359.0,9.002029418945312,103548.84077835083,103557.84280776978,3.5578428077697843,-0.006914440625795049
2015-06-01,12.424675941467283,12.46388446619343,12.337295844629644,12.432517646412515,6289600,0,8359.0,9.002029418945312,103857.86619472502,103866.86822414397,3.866868224143971,0.0029840851064060203
2015-06-02,12.395547866821287,12.45492089120028,12.31264973021751,12.4078706667507,1840800,0,8359.0,9.002029418945312,103614.38461875914,103623.38664817809,3.623386648178095,-0.002344169802448004
2015-06-03,12.441481590270996,12.495253903073424,12.411235251913448,12.459405979432445,1481600,0,8359.0,9.002029418945312,103998.34461307526,104007.3466424942,4.007346642494203,0.0037053411081779952
2015-06-04,12.324973106384276,12.43251771001436,12.29248665336052,12.40451149868359,1685600,0,8359.0,9.002029418945312,103024.45019626616,103033.4522256851,3.033452225685096,-0.009363707932639409
2015-06-05,12.320489883422852,12.341774017700391,12.240951510369952,12.308167085044602,1622400,0,8359.0,9.002029418945312,102986.97493553162,102995.97696495056,2.995976964950553,-0.0003637193544914208
2015-06-08,12.16589641571045,12.333933661382366,12.140131183329132,12.333933661382366,1660000,0,8359.0,9.002029418945312,101694.72813892365,101703.73016834259,1.7037301683425987,-0.012546575455541498
2015-06-09,12.144611358642578,12.180459267481664,12.042668360414249,12.156933302750849,2004000,0,8359.0,9.002029418945312,101516.80634689331,101525.80837631226,1.5258083763122654,-0.0017494126492295647
2015-06-10,12.328336715698242,12.358583053140553,12.183824537514107,12.191666243864477,2019200,0,8359.0,9.002029418945312,103052.5666065216,103061.56863594055,3.061568635940559,0.015126796665690057
2015-06-11,12.33057689666748,12.3989121329154,12.317133605138055,12.355222503797142,1453600,0,8359.0,9.002029418945312,103071.29227924347,103080.29430866241,3.0802943086624124,0.0001816940394920863
2015-06-12,12.242074012756348,12.289124239027256,12.224150483326245,12.258877909190725,1480800,0,8359.0,9.002029418945312,102331.49667263031,102340.49870204926,2.340498702049265,-0.007176886829580842
2015-06-15,12.174860954284668,12.186063268552669,12.063956590072417,12.152456325748666,2032800,0,8359.0,9.002029418945312,101769.66271686554,101778.66474628448,1.7786647462844751,-0.005489849696750815
2015-06-16,12.251038551330566,12.273443181079916,12.160298689759312,12.192785146491316,2648800,0,8359.0,9.002029418945312,102406.4312505722,102415.43327999115,2.4154332799911415,0.0062564048692721475
2015-06-17,12.268960952758787,12.309289966333976,12.206227311500392,12.265600344074484,3784800,0,8359.0,9.002029418945312,102556.2446041107,102565.24663352965,2.5652466335296387,0.0014628005637482566
2015-06-18,12.372023582458496,12.392188087812125,12.265599471827018,12.265599471827018,2449600,0,8359.0,9.002029418945312,103417.74512577057,103426.74715518951,3.4267471551895134,0.00839953639206903
2015-06-19,12.282402992248535,12.385465636593862,12.280162871580886,12.37538381156693,1612800,0,8359.0,9.002029418945312,102668.6066122055,102677.60864162445,2.6776086416244516,-0.007243179681953982
2015-06-22,12.364181518554688,12.401149065060643,12.338415430086489,12.373142855921229,1528000,0,8359.0,9.002029418945312,103352.19331359863,103361.19534301758,3.3611953430175756,0.006657602474742674
2015-06-23,12.370901107788086,12.400027800772166,12.329451616029262,12.400027800772166,1610400,0,8359.0,9.002029418945312,103408.36236000061,103417.36438941956,3.4173643894195527,0.0005434248918616547
2015-06-24,12.302569389343262,12.400031319670047,12.299208780484028,12.342898405017667,1746400,0,8359.0,9.002029418945312,102837.17752552032,102846.17955493927,2.8461795549392654,-0.005523103763595105
2015-06-25,12.272319793701172,12.36081865241611,12.253274924090128,12.349616340968284,2116800,0,8359.0,9.002029418945312,102584.3211555481,102593.32318496704,2.5933231849670335,-0.0024585878743036416
2015-06-26,12.153575897216797,12.261119652071024,12.109886273516071,12.233113439202263,1914400,0,8359.0,9.002029418945312,101591.7409248352,101600.74295425415,1.6007429542541418,-0.009674900860003888
2015-06-29,11.876873970031738,12.07851903764454,11.866792143991978,12.03819002412198,2638400,-1,0.0,99287.79154491425,0.0,99287.79154491425,-0.7122084550857499,-0.02276510330619641
2015-06-30,11.900399208068848,11.970974550050812,11.857829221590643,11.970974550050812,2086400,0,0.0,99287.79154491425,0.0,99287.79154491425,-0.7122084550857499,0.0
2015-07-01,11.964255332946776,12.072918728697,11.914964121283113,12.019147274774683,2590400,0,0.0,99287.79154491425,0.0,99287.79154491425,-0.7122084550857499,0.0
2015-07-02,11.974335670471191,12.011304074620154,11.92280434408858,11.98889859270484,1870400,0,0.0,99287.79154491425,0.0,99287.79154491425,-0.7122084550857499,0.0
2015-07-06,11.925044059753418,11.978816359841373,11.846627012418605,11.885835536086011,4091200,0,0.0,99287.79154491425,0.0,99287.79154491425,-0.7122084550857499,0.0
2015-07-07,11.927284240722656,11.939607040866113,11.698753476264493,11.929524361347983,2589600,0,0.0,99287.79154491425,0.0,99287.79154491425,-0.7122084550857499,0.0
2015-07-08,11.72563934326172,11.851107466884748,11.716677151285433,11.823101257970098,2355200,0,0.0,99287.79154491425,0.0,99287.79154491425,-0.7122084550857499,0.0
2015-07-09,11.699874877929688,11.899278961746374,11.693152806165246,11.842146052498109,2257600,0,0.0,99287.79154491425,0.0,99287.79154491425,-0.7122084550857499,0.0
2015-07-10,11.873512268066406,11.911601157189136,11.808538511979812,11.816380216404832,2271200,0,0.0,99287.79154491425,0.0,99287.79154491425,-0.7122084550857499,0.0
2015-07-13,12.048274040222168,12.063957452254582,11.96761600423726,11.96873563746682,2215200,0,0.0,99287.79154491425,0.0,99287.79154491425,-0.7122084550857499,0.0
2015-07-14,12.106524467468262,12.139011773745068,12.056113631162496,12.056113631162496,1871200,0,0.0,99287.79154491425,0.0,99287.79154491425,-0.7122084550857499,0.0
2015-07-15,12.10988426208496,12.153573878528915,12.076277325033574,12.121086574435422,1643200,0,0.0,99287.79154491425,0.0,99287.79154491425,-0.7122084550857499,0.0
2015-07-16,12.248794555664062,12.249915043279833,12.174858611974296,12.182700315921418,1649600,0,0.0,99287.79154491425,0.0,99287.79154491425,-0.7122084550857499,0.0
2015-07-17,12.417956352233888,12.423557937463968,12.324975507378776,12.347380993617188,1808800,0,0.0,99287.79154491425,0.0,99287.79154491425,-0.7122084550857499,0.0
2015-07-20,12.47284698486328,12.5165374647586,12.422436141826724,12.468366742769124,3020000,0,0.0,99287.79154491425,0.0,99287.79154491425,-0.7122084550857499,0.0
2015-07-21,12.41347312927246,12.486289451384708,12.40227081541252,12.462764335874308,2304000,0,0.0,99287.79154491425,0.0,99287.79154491425,-0.7122084550857499,0.0
2015-07-22,12.238713264465332,12.290244586174966,12.130049037404763,12.290244586174966,2449600,0,0.0,99287.79154491425,0.0,99287.79154491425,-0.7122084550857499,0.0
2015-07-23,12.217432022094728,12.335058477211332,12.187185683320646,12.272324823646173,1948800,0,0.0,99287.79154491425,0.0,99287.79154491425,-0.7122084550857499,0.0
2015-07-24,12.133411407470703,12.28688576190093,12.117727996615852,12.28688576190093,1952800,0,0.0,99287.79154491425,0.0,99287.79154491425,-0.7122084550857499,0.0
2015-07-27,12.010181427001951,12.09307955847627,11.991137411810024,12.071795422836534,2407200,0,0.0,99287.79154491425,0.0,99287.79154491425,-0.7122084550857499,0.0
2015-07-28,12.131170272827148,12.154695387143684,11.978816418954771,12.076278339421895,1585600,0,0.0,99287.79154491425,0.0,99287.79154491425,-0.7122084550857499,0.0
2015-07-29,12.195026397705078,12.210709809820209,12.067318124949397,12.13005177340991,1739200,0,0.0,99287.79154491425,0.0,99287.79154491425,-0.7122084550857499,0.0
2015-07-30,12.224146842956545,12.243190854392717,12.08859693353446,12.164772979279157,1436000,0,0.0,99287.79154491425,0.0,99287.79154491425,-0.7122084550857499,0.0
2015-07-31,12.170380592346191,12.253278748551963,12.151336571472756,12.253278748551963,3980000,0,0.0,99287.79154491425,0.0,99287.79154491425,-0.7122084550857499,0.0
2015-08-03,12.097562789916992,12.17934130294646,12.015785131569269,12.161416917473032,2959200,0,0.0,99287.79154491425,0.0,99287.79154491425,-0.7122084550857499,0.0
2015-08-04,12.022507667541504,12.088602777872628,11.979938529395277,12.08076021735644,2422400,0,0.0,99287.79154491425,0.0,99287.79154491425,-0.7122084550857499,0.0
2015-08-05,12.140130996704102,12.235351930184738,12.068435174694097,12.091960286164728,2360800,0,0.0,99287.79154491425,0.0,99287.79154491425,-0.7122084550857499,0.0
2015-08-06,12.013543128967283,12.198384278621068,11.977695215766929,12.159175757102185,2198400,0,0.0,99287.79154491425,0.0,99287.79154491425,-0.7122084550857499,0.0
2015-08-07,12.023627281188965,12.037069716109407,11.940728277331289,12.007943870660595,1399200,0,0.0,99287.79154491425,0.0,99287.79154491425,-0.7122084550857499,0.0
2015-08-10,12.207345962524414,12.230871074456632,12.1244478269516,12.1244478269516,2100800,1,8133.0,5.446831703186035,99282.34471321106,99287.79154491425,-0.7122084550857499,0.0
2015-08-11,12.007941246032717,12.177098116141282,11.96873187360019,12.1714973877092,1635200,0,8133.0,5.446831703186035,97660.58615398408,97666.03298568727,-2.3339670143127322,-0.01633391713112431
2015-08-12,12.06619644165039,12.088601924367936,11.807419312705608,11.939608669352914,2879200,0,8133.0,5.446831703186035,98134.37565994263,98139.82249164581,-1.8601775083541883,0.004851118566758794
2015-08-13,12.0359468460083,12.11660485256568,12.015782344368956,12.091959255597422,1441600,0,8133.0,5.446831703186035,97888.35569858551,97893.8025302887,-2.1061974697113017,-0.0025068311222802286
2015-08-14,12.099801063537598,12.113243494959212,11.99561794661234,11.99561794661234,1348000,0,8133.0,5.446831703186035,98407.68204975128,98413.12888145447,-1.5868711185455298,0.005304997229064634
2015-08-17,12.178218841552734,12.178218841552734,12.009061113458769,12.062833406482842,1436800,-1,0.0,99050.90067005157,0.0,99050.90067005157,-0.9490993299484218,0.0064805559567702176
2015-08-18,12.102045059204102,12.152456757222666,12.083001038804165,12.135652857883144,1953600,0,0.0,99050.90067005157,0.0,99050.90067005157,-0.9490993299484218,0.0
2015-08-19,12.00234031677246,12.108763564277162,11.945207413690603,12.050511028256844,2479200,0,0.0,99050.90067005157,0.0,99050.90067005157,-0.9490993299484218,0.0
2015-08-20,11.693154335021973,11.927286731969064,11.693154335021973,11.892559299592186,3376800,0,0.0,99050.90067005157,0.0,99050.90067005157,-0.9490993299484218,0.0
2015-08-21,11.25401782989502,11.655067051524702,11.25289734193463,11.494871460464903,5968000,0,0.0,99050.90067005157,0.0,99050.90067005157,-0.9490993299484218,0.0
2015-08-24,10.844002723693848,11.260734328699115,8.638233783893483,11.141988295123546,10098400,0,0.0,99050.90067005157,0.0,99050.90067005157,-0.9490993299484218,0.0
2015-08-25,10.727498054504396,11.336912553883256,10.72637756688368,10.964990149197895,16720800,0,0.0,99050.90067005157,0.0,99050.90067005157,-0.9490993299484218,0.0
2015-08-26,11.262979507446287,11.285384137534724,10.833924089266077,10.833924089266077,5229600,0,0.0,99050.90067005157,0.0,99050.90067005157,-0.9490993299484218,0.0
2015-08-27,11.534080505371094,11.534080505371094,11.283145036040136,11.377245516533522,4766400,0,0.0,99050.90067005157,0.0,99050.90067005157,-0.9490993299484218,0.0
2015-08-28,11.558722496032717,11.573285416880363,11.467982653286471,11.485906182431142,2215200,0,0.0,99050.90067005157,0.0,99050.90067005157,-0.9490993299484218,0.0
2015-08-31,11.46462631225586,11.592335467369804,11.433259481227958,11.515038023278164,2461600,0,0.0,99050.90067005157,0.0,99050.90067005157,-0.9490993299484218,0.0
2015-09-01,11.099421501159668,11.350356906813673,11.035567375690691,11.350356906813673,4325600,0,0.0,99050.90067005157,0.0,99050.90067005157,-0.9490993299484218,0.0
2015-09-02,11.35932159423828,11.35932159423828,11.143113568463503,11.210328317191632,3312000,0,0.0,99050.90067005157,0.0,99050.90067005157,-0.9490993299484218,0.0
2015-09-03,11.370524406433104,11.509435007161343,11.333555993879658,11.40525184294468,2159200,0,0.0,99050.90067005157,0.0,99050.90067005157,-0.9490993299484218,0.0
2015-09-04,11.205845832824709,11.283143254368529,11.15319401552279,11.258497650126625,2839200,0,0.0,99050.90067005157,0.0,99050.90067005157,-0.9490993299484218,0.0
2015-09-08,11.518396377563477,11.530719180865985,11.390688102139196,11.445580045689171,2206400,0,0.0,99050.90067005157,0.0,99050.90067005157,-0.9490993299484218,0.0
2015-09-09,11.379486083984377,11.652826175614427,11.352599500795662,11.604655449087025,2152800,0,0.0,99050.90067005157,0.0,99050.90067005157,-0.9490993299484218,0.0
2015-09-10,11.491509437561035,11.56656588271751,11.346997276997229,11.366041296571536,2319200,0,0.0,99050.90067005157,0.0,99050.90067005157,-0.9490993299484218,0.0
2015-09-11,11.547520637512209,11.547520637512209,11.40860922144133,11.42877372669796,1701600,0,0.0,99050.90067005157,0.0,99050.90067005157,-0.9490993299484218,0.0
2015-09-14,11.51391315460205,11.604653003364987,11.485906944027642,11.594571177805426,2047200,0,0.0,99050.90067005157,0.0,99050.90067005157,-0.9490993299484218,0.0
2015-09-15,11.66066551208496,11.695393794641603,11.522875433645831,11.553121765233389,3069600,0,0.0,99050.90067005157,0.0,99050.90067005157,-0.9490993299484218,0.0
2015-09-16,11.724517822265623,11.73908074087076,11.640499209051274,11.670745533748567,1882400,0,0.0,99050.90067005157,0.0,99050.90067005157,-0.9490993299484218,0.0
2015-09-17,11.66066551208496,11.841025577913191,11.642741981617228,11.704355987216337,2686400,0,0.0,99050.90067005157,0.0,99050.90067005157,-0.9490993299484218,0.0
2015-09-18,11.515034675598145,11.633780745590762,11.488148950345094,11.527357477731169,1728000,0,0.0,99050.90067005157,0.0,99050.90067005157,-0.9490993299484218,0.0
2015-09-21,11.610257148742676,11.670750679490952,11.520636913260365,11.577769834747386,1271200,0,0.0,99050.90067005157,0.0,99050.90067005157,-0.9490993299484218,0.0
2015-09-22,11.42877197265625,11.471341952043275,11.348114818690355,11.438854651077964,2234400,0,0.0,99050.90067005157,0.0,99050.90067005157,-0.9490993299484218,0.0
2015-09-23,11.445175170898438,11.4881593092332,11.382960491585228,11.458749518116049,1669600,0,0.0,99050.90067005157,0.0,99050.90067005157,-0.9490993299484218,0.0
2015-09-24,11.43386459350586,11.46327438705915,11.240434660455811,11.33092772702713,2728000,0,0.0,99050.90067005157,0.0,99050.90067005157,-0.9490993299484218,0.0
2015-09-25,11.40671730041504,11.562819305007435,11.347896843056548,11.53793342815855,2652800,0,0.0,99050.90067005157,0.0,99050.90067005157,-0.9490993299484218,0.0
2015-09-28,11.137495040893556,11.377303290906648,11.12957688873818,11.345630682285153,2740800,0,0.0,99050.90067005157,0.0,99050.90067005157,-0.9490993299484218,0.0
2015-09-29,11.079812049865724,11.23478268195211,11.00063047902707,11.179355582365051,3439200,0,0.0,99050.90067005157,0.0,99050.90067005157,-0.9490993299484218,0.0
2015-09-30,11.31169891357422,11.323010439884964,11.18048279192997,11.216681056946982,3087200,0,0.0,99050.90067005157,0.0,99050.90067005157,-0.9490993299484218,0.0
2015-10-01,11.317353248596191,11.347894450918163,11.160120728574713,11.347894450918163,2484000,0,0.0,99050.90067005157,0.0,99050.90067005157,-0.9490993299484218,0.0
2015-10-02,11.489295959472656,11.491557920199998,11.145420106952187,11.179355558963085,3675200,0,0.0,99050.90067005157,0.0,99050.90067005157,-0.9490993299484218,0.0
2015-10-05,11.71778678894043,11.751722225959492,11.550374152615216,11.550374152615216,3116000,0,0.0,99050.90067005157,0.0,99050.90067005157,-0.9490993299484218,0.0
2015-10-06,11.744935989379885,11.764165668445315,11.677065975433967,11.700820437164335,1928800,0,0.0,99050.90067005157,0.0,99050.90067005157,-0.9490993299484218,0.0
2015-10-07,11.808279991149902,11.842215426096432,11.65557225991844,11.817329555537505,2663200,0,0.0,99050.90067005157,0.0,99050.90067005157,-0.9490993299484218,0.0
2015-10-08,11.865970611572266,11.891987032011423,11.713262870994813,11.787919624226763,1941600,0,0.0,99050.90067005157,0.0,99050.90067005157,-0.9490993299484218,0.0
2015-10-09,11.928186416625977,11.933842611410508,11.85918498272266,11.882940310406362,1888800,0,0.0,99050.90067005157,0.0,99050.90067005157,-0.9490993299484218,0.0
2015-10-12,11.938364028930664,11.95759370495412,11.880674137846384,11.95759370495412,1952000,0,0.0,99050.90067005157,0.0,99050.90067005157,-0.9490993299484218,0.0
2015-10-13,11.882941246032717,11.979090523841132,11.867104935006116,11.876153639154012,2026400,0,0.0,99050.90067005157,0.0,99050.90067005157,-0.9490993299484218,0.0
2015-10-14,11.875020027160645,11.93949666628304,11.817330130151973,11.860314268562236,1707200,0,0.0,99050.90067005157,0.0,99050.90067005157,-0.9490993299484218,0.0
2015-10-15,12.015283584594728,12.02433314848441,11.904428584480897,11.905559995720584,5068000,0,0.0,99050.90067005157,0.0,99050.90067005157,-0.9490993299484218,0.0
2015-10-16,12.048089981079102,12.048089981079102,11.97456377025797,12.032253672657822,1980800,1,8221.0,3.5529356002807617,99047.3477344513,99050.90067005157,-0.9490993299484218,0.0
2015-10-19,12.087681770324709,12.089943730426532,11.990401088677324,12.023205119745782,1884000,0,8221.0,3.5529356002807617,99372.83183383943,99376.38476943971,-0.6236152305602927,0.003286028669970076
2015-10-20,12.044696807861328,12.07863138517346,12.001711801712892,12.046958767809832,1800800,0,8221.0,3.5529356002807617,99019.45245742798,99023.00539302826,-0.9769946069717372,-0.0035559693304533235
2015-10-21,11.93044662475586,12.08315435731102,11.923659882913308,12.063924680081149,1155200,0,8221.0,3.5529356002807617,98080.20170211792,98083.7546377182,-1.9162453622817988,-0.009485177223031327
2015-10-22,12.203062057495115,12.2279479364098,12.026599807757185,12.026599807757185,2230400,0,8221.0,3.5529356002807617,100321.37317466734,100324.92611026762,0.3249261102676204,0.02284956852261022
2015-10-23,12.534491539001465,12.57973850093796,12.440605107024709,12.51639327203528,2675200,0,8221.0,3.5529356002807617,103046.05494213104,103049.60787773132,3.0496078777313196,0.027158572381792645
2015-10-26,12.477934837341309,12.520919845686423,12.431557320407116,12.520919845686423,2831200,0,8221.0,3.5529356002807617,102581.1022977829,102584.65523338318,2.584655233383182,-0.004511930262750874
2015-10-27,12.39988613128662,12.480199099542348,12.382918408299808,12.44852647690789,2236000,0,8221.0,3.5529356002807617,101939.4638853073,101943.01682090758,1.9430168209075838,-0.0062547211472890885
2015-10-28,12.617069244384766,12.617069244384766,12.433819408792614,12.447393758359713,2062400,0,8221.0,3.5529356002807617,103724.92625808716,103728.47919368744,3.7284791936874395,0.017514317590939577
2015-10-29,12.55824851989746,12.574085693315189,12.497166101491937,12.528838722299003,1963200,0,8221.0,3.5529356002807617,103241.36108207701,103244.91401767729,3.244914017677303,-0.004661836168514566
2015-10-30,12.494901657104492,12.59670711292838,12.494901657104492,12.58087080457956,2960800,0,8221.0,3.5529356002807617,102720.58652305603,102724.13945865631,2.724139458656305,-0.005044069860253075
2015-11-02,12.61480712890625,12.628381479234797,12.486985232949012,12.552593298349024,3410400,0,8221.0,3.5529356002807617,103706.32940673828,103709.88234233856,3.709882342338555,0.009596019873001627
2015-11-03,12.697382926940918,12.74941664205532,12.558248640754648,12.583134518203757,2744800,0,8221.0,3.5529356002807617,104385.18504238129,104388.73797798157,4.3887379779815605,0.006545717923024386
2015-11-04,12.72113800048828,12.750548662788972,12.690596789532584,12.735842900131509,2237600,0,8221.0,3.5529356002807617,104580.47550201415,104584.02843761443,4.584028437614429,0.0018708000826108684
2015-11-05,12.6826753616333,12.79239810084191,12.656658078038795,12.782217987487984,2259200,0,8221.0,3.5529356002807617,104264.27414798737,104267.82708358765,4.267827083587639,-0.003023419146790607
2015-11-06,12.757332801818848,12.758464213257067,12.646478645267186,12.66344550177015,2009600,0,8221.0,3.5529356002807617,104878.03296375275,104881.58589935303,4.881585899353036,0.00588636814377419
2015-11-09,12.636300086975098,12.759598066918624,12.56729864727576,12.759598066918624,2307200,0,8221.0,3.5529356002807617,103883.02301502228,103886.57595062256,3.8865759506225617,-0.009486984204122417
2015-11-10,12.543543815612791,12.58992219895248,12.484723356489551,12.58992219895248,2147200,0,8221.0,3.5529356002807617,103120.47370815276,103124.02664375304,3.1240266437530417,-0.007340210223426347
2015-11-11,12.536755561828612,12.629511454321117,12.515263058673268,12.572952962239976,1604000,0,8221.0,3.5529356002807617,103064.66747379302,103068.2204093933,3.0682204093932963,-0.0005411564712510808
2015-11-12,12.411197662353516,12.529969997265392,12.405541467018276,12.48359247497054,1709600,0,8221.0,3.5529356002807617,102032.45598220825,102036.00891780853,2.0360089178085294,-0.010014837623903428
2015-11-13,12.167991638183594,12.374995886963983,12.163466856115756,12.353503387895245,2661600,0,8221.0,3.5529356002807617,100033.05925750732,100036.6121931076,0.03661219310759911,-0.019595011074095114
2015-11-16,12.33087921142578,12.336534541232265,12.1295311744212,12.152154219674848,1980800,0,8221.0,3.5529356002807617,101372.15799713133,101375.71093273161,1.3757109327316108,0.013386086456417035
2015-11-17,12.338800430297852,12.436081102491984,12.312783145077251,12.34332521307596,2424000,0,8221.0,3.5529356002807617,101437.27833747864,101440.83127307892,1.4408312730789241,0.0006423663000549862
2015-11-18,12.535624504089355,12.543542658683595,12.3806539207288,12.411195990602389,1697600,0,8221.0,3.5529356002807617,103055.36904811859,103058.92198371887,3.0589219837188653,0.015951078972174848
2015-11-19,12.586523056030272,12.650999685106203,12.536752183261362,12.536752183261362,1988800,0,8221.0,3.5529356002807617,103473.80604362486,103477.35897922514,3.4773589792251425,0.004060172447489574
2015-11-20,12.6826753616333,12.6962488461052,12.63177220582162,12.635165576939594,10272000,0,8221.0,3.5529356002807617,104264.27414798737,104267.82708358765,4.267827083587639,0.007639044059108535
2015-11-23,12.615937232971191,12.732447589752962,12.575215049220306,12.732447589752962,3280800,0,8221.0,3.5529356002807617,103715.61999225616,103719.17292785645,3.71917292785644,-0.005261969785669063
2015-11-24,12.6317720413208,12.660051284287675,12.49037582648642,12.534491376473628,2014400,0,8221.0,3.5529356002807617,103845.7979516983,103849.35088729858,3.849350887298586,0.0012551002458598415
2015-11-25,12.603492736816406,12.645346326888072,12.595574583344902,12.636296762059494,1795200,0,8221.0,3.5529356002807617,103613.31378936768,103616.86672496796,3.6168667249679487,-0.002238667457661103
2015-11-27,12.624985694885254,12.654396350136562,12.594443628235886,12.611411347150645,1084000,0,8221.0,3.5529356002807617,103790.00739765167,103793.56033325195,3.793560333251955,0.0017052591326951472
2015-11-30,12.643085479736328,12.679282881692709,12.60688807777995,12.672496138517804,1780000,0,8221.0,3.5529356002807617,103938.80572891235,103942.35866451263,3.942358664512624,0.0014335988743707784
2015-12-01,12.756202697753906,12.759596932416436,12.669102994393675,12.680414520892985,5337600,0,8221.0,3.5529356002807617,104868.74237823486,104872.29531383514,4.872295313835151,0.008946657178754203
2015-12-02,12.688334465026855,12.818419195648548,12.673629564805518,12.762992103875822,2954400,0,8221.0,3.5529356002807617,104310.79763698578,104314.35057258606,4.314350572586068,-0.00532023009107796
2015-12-03,12.511868476867676,12.757332101630974,12.448523248029153,12.755070141892748,2461600,0,8221.0,3.5529356002807617,102860.07074832916,102863.62368392944,2.8636236839294504,-0.013907260896449225
2015-12-04,12.784482955932615,12.81050024565004,12.5220515505423,12.54806884025972,2862400,0,8221.0,3.5529356002807617,105101.23438072203,105104.78731632231,5.104787316322312,0.021787718069113726
2015-12-07,12.70190715789795,12.78108870723352,12.649873445046836,12.78108870723352,2180800,0,8221.0,3.5529356002807617,104422.37874507904,104425.93168067932,4.425931680679329,-0.0064588460047962926
2015-12-08,12.680413246154783,12.709823902507706,12.54806658708774,12.584263986055154,3384000,0,8221.0,3.5529356002807617,104245.67729663847,104249.23023223875,4.249230232238754,-0.0016921223071382219
2015-12-09,12.490375518798828,12.699641738995853,12.430423663268146,12.631771730150058,3429600,0,8221.0,3.5529356002807617,102683.37714004517,102686.93007564545,2.686930075645444,-0.01498620328527056
2015-12-10,12.519789695739746,12.608020818370797,12.477936094716252,12.541282202078058,2669600,0,8221.0,3.5529356002807617,102925.19108867645,102928.74402427673,2.9287440242767415,0.002354865886565527
2015-12-11,12.258488655090332,12.411196420707922,12.24491430545231,12.40554022593854,2622400,0,8221.0,3.5529356002807617,100777.03523349762,100780.5881690979,0.7805881690978955,-0.020870320293349454
2015-12-14,12.320700645446776,12.320700645446776,12.103516261705888,12.258486827330536,2764000,0,8221.0,3.5529356002807617,101288.48000621794,101292.03294181822,1.292032941818233,0.005074834172054787
2015-12-15,12.379524230957031,12.466623937535523,12.367081292443793,12.413458811708807,2649600,0,8221.0,3.5529356002807617,101772.06870269775,101775.62163829803,1.7756216382980305,0.0047742026932915405
2015-12-16,12.544675827026367,12.568430294135794,12.35803259915031,12.470018190670244,2467200,0,8221.0,3.5529356002807617,103129.77997398376,103133.33290958405,3.133332909584041,0.013340240515663071
2015-12-17,12.353507995605469,12.598971688996585,12.347852663171752,12.59670972862595,4037600,0,8221.0,3.5529356002807617,101558.18923187256,101561.74216747284,1.561742167472846,-0.015238436476100348
2015-12-18,12.109174728393556,12.33540871967217,12.106911905192822,12.32975252468453,2428800,0,8221.0,3.5529356002807617,99549.52544212343,99553.07837772371,-0.4469216222762862,-0.019777760275487277
2015-12-21,12.227947235107422,12.243783545687744,12.129535999788889,12.226815823490483,2839200,0,8221.0,3.5529356002807617,100525.95421981812,100529.5071554184,0.5295071554183961,0.009808122396677055
2015-12-22,12.308258056640623,12.32522577588364,12.209846838456423,12.273192069748696,2940000,0,8221.0,3.5529356002807617,101186.18948364256,101189.74241924284,1.189742419242834,0.006567576848891976
2015-12-23,12.416459083557127,12.421000686777484,12.348336767696278,12.385803478375289,3539200,0,8221.0,3.5529356002807617,102075.71012592314,102079.26306152342,2.0792630615234176,0.008790620679665073
2015-12-24,12.41078281402588,12.450521628693654,12.402835224336789,12.423272007283355,1131200,0,8221.0,3.5529356002807617,102029.04551410677,102032.59844970705,2.032598449707046,-0.00045714095514437503
2015-12-28,12.408514022827148,12.408514022827148,12.29043491370491,12.380129646583027,1842400,0,8221.0,3.5529356002807617,102010.39378166199,102013.94671726227,2.0139467172622716,-0.00018280169992901385
2015-12-29,12.562925338745115,12.598121688768623,12.466418630917074,12.48231381261946,1975200,-1,0.0,103283.36214542387,0.0,103283.36214542387,3.283362145423885,0.012443547858018489
2015-12-30,12.466416358947754,12.565193417778968,12.46187475554299,12.565193417778968,1965600,0,0.0,103283.36214542387,0.0,103283.36214542387,3.283362145423885,0.0
2015-12-31,12.294978141784668,12.47436763123486,12.291572154781097,12.47436763123486,2280000,0,0.0,103283.36214542387,0.0,103283.36214542387,3.283362145423885,0.0
2016-01-04,12.104229927062988,12.104229927062988,11.914622557219998,12.070168339064605,4084800,0,0.0,103283.36214542387,0.0,103283.36214542387,3.283362145423885,0.0
2016-01-05,12.046326637268066,12.165541339563166,12.006588691910448,12.143968940845213,3218400,0,0.0,103283.36214542387,0.0,103283.36214542387,3.283362145423885,0.0
2016-01-06,11.882832527160645,11.963444030313882,11.804491392365415,11.871478086704034,5246400,0,0.0,103283.36214542387,0.0,103283.36214542387,3.283362145423885,0.0
2016-01-07,11.500213623046877,11.767026578145623,11.494536401486783,11.639864264712196,5977600,0,0.0,103283.36214542387,0.0,103283.36214542387,3.283362145423885,0.0
2016-01-08,11.40143585205078,11.637594066364034,11.383270301992596,11.603532468949128,3668800,0,0.0,103283.36214542387,0.0,103283.36214542387,3.283362145423885,0.0
2016-01-11,11.45706844329834,11.51043033555993,11.307198126081138,11.47069238761096,3653600,0,0.0,103283.36214542387,0.0,103283.36214542387,3.283362145423885,0.0
2016-01-12,11.587637901306152,11.629647091512334,11.435498054902194,11.579690310318222,3552800,0,0.0,103283.36214542387,0.0,103283.36214542387,3.283362145423885,0.0
2016-01-13,11.262921333312988,11.677333443364722,11.234536954079616,11.646678694930584,4821600,0,0.0,103283.36214542387,0.0,103283.36214542387,3.283362145423885,0.0
2016-01-14,11.479776382446287,11.560387901309769,11.153923454458122,11.293574956802296,4549600,0,0.0,103283.36214542387,0.0,103283.36214542387,3.283362145423885,0.0
2016-01-15,11.13802719116211,11.234533880912004,10.977939786512948,11.117590409055593,5220800,0,0.0,103283.36214542387,0.0,103283.36214542387,3.283362145423885,0.0
2016-01-19,11.10851001739502,11.273139933368434,11.002920960345769,11.25497351523792,5468000,0,0.0,103283.36214542387,0.0,103283.36214542387,3.283362145423885,0.0
2016-01-20,11.04946994781494,11.155059862074314,10.707721815350592,10.924578865606176,6693600,0,0.0,103283.36214542387,0.0,103283.36214542387,3.283362145423885,0.0
2016-01-21,11.07785415649414,11.247024793779715,10.95636906267606,11.099426559300944,4530400,0,0.0,103283.36214542387,0.0,103283.36214542387,3.283362145423885,0.0
2016-01-22,11.387807846069336,11.390078214183774,11.281082354026765,11.290165558928704,3721600,0,0.0,103283.36214542387,0.0,103283.36214542387,3.283362145423885,0.0
2016-01-25,11.219775199890137,11.396893414561776,11.210691992414066,11.369644658355911,14952800,0,0.0,103283.36214542387,0.0,103283.36214542387,3.283362145423885,0.0
2016-01-26,11.335585594177246,11.369647196705817,11.192528942491338,11.2697344908299,2981600,0,0.0,103283.36214542387,0.0,103283.36214542387,3.283362145423885,0.0
2016-01-27,11.063093185424805,11.292438531653907,11.024489988798742,11.250429348959546,3368800,0,0.0,103283.36214542387,0.0,103283.36214542387,3.283362145423885,0.0
2016-01-28,11.185714721679688,11.23453588395964,11.061959255797037,11.198203916650543,3105600,0,0.0,103283.36214542387,0.0,103283.36214542387,3.283362145423885,0.0
2016-01-29,11.572876930236816,11.572876930236816,11.27427362944666,11.27427362944666,5857600,0,0.0,103283.36214542387,0.0,103283.36214542387,3.283362145423885,0.0
2016-02-01,11.601263999938965,11.6512207866695,11.489996847554378,11.518381227974446,2975200,0,0.0,103283.36214542387,0.0,103283.36214542387,3.283362145423885,0.0
2016-02-02,11.366238594055176,11.55811723611337,11.331042248105032,11.55811723611337,3023200,0,0.0,103283.36214542387,0.0,103283.36214542387,3.283362145423885,0.0
2016-02-03,11.340121269226074,11.47296075664824,11.156191137171213,11.435493186702962,3451200,0,0.0,103283.36214542387,0.0,103283.36214542387,3.283362145423885,0.0
2016-02-04,11.3673734664917,11.445713743188772,11.24021116970152,11.311739474395964,3097600,0,0.0,103283.36214542387,0.0,103283.36214542387,3.283362145423885,0.0
2016-02-05,10.941608428955078,11.310605278396023,10.908682452289057,11.2958448500361,3602400,0,0.0,103283.36214542387,0.0,103283.36214542387,3.283362145423885,0.0
2016-02-08,10.744053840637209,10.776979821200388,10.55331079662382,10.757678653146172,12212000,0,0.0,103283.36214542387,0.0,103283.36214542387,3.283362145423885,0.0
2016-02-09,10.694095611572266,10.882567379578925,10.600994911809938,10.62029607568478,5438400,0,0.0,103283.36214542387,0.0,103283.36214542387,3.283362145423885,0.0
2016-02-10,10.742916107177734,10.95863661490958,10.729291298450828,10.8133087867113,3738400,0,0.0,103283.36214542387,0.0,103283.36214542387,3.283362145423885,0.0
2016-02-11,10.705451011657717,10.783792164088252,10.565799505093157,10.604402705646748,4978400,0,0.0,103283.36214542387,0.0,103283.36214542387,3.283362145423885,0.0
2016-02-12,10.862131118774414,10.87575592898592,10.73610443954038,10.814445582367556,15480000,0,0.0,103283.36214542387,0.0,103283.36214542387,3.283362145423885,0.0
2016-02-16,11.088075637817385,11.103970822780113,10.95523606888226,10.990433292347689,3775200,0,0.0,103283.36214542387,0.0,103283.36214542387,3.283362145423885,0.0
2016-02-17,11.36056137084961,11.373050564485638,11.15165279770574,11.170953963789662,3444000,0,0.0,103283.36214542387,0.0,103283.36214542387,3.283362145423885,0.0
2016-02-18,11.28903102874756,11.410516090786649,11.275406220082754,11.402568502287725,3432800,0,0.0,103283.36214542387,0.0,103283.36214542387,3.283362145423885,0.0
2016-02-19,11.334449768066406,11.360562910136393,11.231130218755062,11.254972991775576,2452000,0,0.0,103283.36214542387,0.0,103283.36214542387,3.283362145423885,0.0
2016-02-22,11.489992141723633,11.507022936245066,11.436630256015691,11.482044553109922,2424000,0,0.0,103283.36214542387,0.0,103283.36214542387,3.283362145423885,0.0
2016-02-23,11.294711112976074,11.457069775957589,11.286763522461836,11.4366329908892,2686400,0,0.0,103283.36214542387,0.0,103283.36214542387,3.283362145423885,0.0
2016-02-24,11.403704643249512,11.421870189414609,11.10737175440362,11.17095246531479,2224800,0,0.0,103283.36214542387,0.0,103283.36214542387,3.283362145423885,0.0
2016-02-25,11.537680625915527,11.5399509946919,11.33217716964878,11.434361089032476,1993600,0,0.0,103283.36214542387,0.0,103283.36214542387,3.283362145423885,0.0
2016-02-26,11.526324272155762,11.630779409218189,11.502481505956723,11.602395039997116,2134400,0,0.0,103283.36214542387,0.0,103283.36214542387,3.283362145423885,0.0
2016-02-29,11.460476875305176,11.634189132143645,11.460476875305176,11.526327974722337,1915200,0,0.0,103283.36214542387,0.0,103283.36214542387,3.283362145423885,0.0
2016-03-01,11.807902336120604,11.807902336120604,11.542224949344718,11.555848897657809,2999200,0,0.0,103283.36214542387,0.0,103283.36214542387,3.283362145423885,0.0
2016-03-02,11.838555335998535,11.839690953597604,11.746590233589822,11.792005409105858,3316800,0,0.0,103283.36214542387,0.0,103283.36214542387,3.283362145423885,0.0
2016-03-03,11.843093872070312,11.853312695369755,11.748858425098764,11.843093872070312,2165600,0,0.0,103283.36214542387,0.0,103283.36214542387,3.283362145423885,0.0
2016-03-04,11.879427909851074,11.953227455590042,11.80676398161582,11.870345568488432,2956000,0,0.0,103283.36214542387,0.0,103283.36214542387,3.283362145423885,0.0
2016-03-07,11.81471347808838,11.870347483856667,11.71934238172416,11.831744278502702,2402400,0,0.0,103283.36214542387,0.0,103283.36214542387,3.283362145423885,0.0
2016-03-08,11.69663143157959,11.80562818046176,11.681871870233303,11.738640613257555,2134400,0,0.0,103283.36214542387,0.0,103283.36214542387,3.283362145423885,0.0
2016-03-09,11.806766510009766,11.813579350268643,11.721613369665366,11.74091540647256,7812000,0,0.0,103283.36214542387,0.0,103283.36214542387,3.283362145423885,0.0
2016-03-10,11.780649185180664,11.913487829088476,11.630779746002618,11.869208281119205,2203200,1,8767.0,2.4107389449927723,103280.95140647888,103283.36214542387,3.283362145423885,0.0
2016-03-11,11.98615264892578,11.989558634991644,11.87829238113606,11.89759354632415,1869600,0,8767.0,2.4107389449927723,105082.60027313231,105085.0110120773,5.085011012077301,0.017443747271866483
2016-03-14,11.990694999694824,12.02134974242033,11.94187384185617,11.945279828134298,2032800,0,8767.0,2.4107389449927723,105122.42306232452,105124.83380126952,5.124833801269513,0.0003789578438322394
2016-03-15,12.016809463500977,12.02929865871262,11.928250345616556,11.961176326972485,2327200,0,8767.0,2.4107389449927723,105351.36856651306,105353.77930545805,5.353779305458062,0.0021778441488082834
2016-03-16,12.150779724121094,12.175758106252024,11.986150738217644,12.003181532054384,2306400,0,8767.0,2.4107389449927723,106525.88584136963,106528.29658031462,6.528296580314619,0.011148316487548326
2016-03-17,12.217765808105469,12.248420540335278,12.123529510971302,12.123529510971302,2169600,0,8767.0,2.4107389449927723,107113.15283966064,107115.56357860564,7.115563578605633,0.005512779394236
2016-03-18,12.258645057678224,12.283623448401242,12.197334698509664,12.279081844067742,2760000,0,8767.0,2.4107389449927723,107471.54122066499,107473.95195960999,7.473951959609981,0.003345810534258531
2016-03-21,12.292491912841797,12.305028363847756,12.227530698310924,12.23892723481634,5217600,0,8767.0,2.4107389449927723,107768.27659988403,107770.68733882903,7.770687338829019,0.002760998119158753
2016-03-22,12.307307243347168,12.3494753845931,12.220692870869028,12.243485943731695,3734400,0,8767.0,2.4107389449927723,107898.16260242462,107900.57334136961,7.900573341369621,0.0012052071462829161
2016-03-23,12.211573600769045,12.297048916402751,12.188779661566796,12.297048916402751,4644000,0,8767.0,2.4107389449927723,107058.86575794221,107061.2764968872,7.061276496887214,-0.00777842803325135
2016-03-24,12.228671073913574,12.232089948044113,12.131798336214793,12.16029011330266,3494400,0,8767.0,2.4107389449927723,107208.7593050003,107211.1700439453,7.211170043945292,0.001400072481505088
2016-03-28,12.200176239013672,12.263997525454531,12.180801174629998,12.25146107711796,2606400,0,8767.0,2.4107389449927723,106958.94508743286,106961.35582637785,6.961355826377846,-0.002330113713571502
2016-03-29,12.407597541809082,12.421273036283996,12.168265954499256,12.179663359228222,2570400,0,8767.0,2.4107389449927723,108777.40764904022,108779.81838798521,8.779818387985205,0.01700111734334353
2016-03-30,12.491935729980469,12.56259565534847,12.45774524717335,12.482818151965224,2327200,0,8767.0,2.4107389449927723,109516.80054473877,109519.21128368376,9.51921128368376,0.006797151407822222
2016-03-31,12.482817649841309,12.5363823316511,12.46230353488224,12.48509747900346,1592800,0,8767.0,2.4107389449927723,109436.86233615875,109439.27307510375,9.439273075103749,-0.0007299012442023578
2016-04-01,12.577409744262695,12.579688703776696,12.38480505907953,12.411017875740557,2105600,0,8767.0,2.4107389449927723,110266.15122795105,110268.56196689604,10.268561966896051,0.007577616960441569
2016-04-04,12.511309623718262,12.583109461948975,12.491935423036988,12.57171205495992,3713600,0,8767.0,2.4107389449927723,109686.651471138,109689.062210083,9.689062210082987,-0.005255348818161032
2016-04-05,12.381385803222656,12.464582169667992,12.364290564144849,12.423553943681249,2935200,0,8767.0,2.4107389449927723,108547.60933685303,108550.02007579802,8.550020075798015,-0.01038428181748341
2016-04-06,12.517007827758787,12.51928678736562,12.343777334638276,12.397342015149224,1871200,0,8767.0,2.4107389449927723,109736.60762596129,109739.01836490628,9.739018364906272,0.010953459872950821
2016-04-07,12.336935997009276,12.446344285806752,12.292488906857171,12.440646453697385,1734400,0,8767.0,2.4107389449927723,108157.91788578032,108160.32862472531,8.16032862472531,-0.014385856222364546
2016-04-08,12.34035587310791,12.454322958555156,12.300467567101345,12.407596905661713,1710400,0,8767.0,2.4107389449927723,108187.89993953705,108190.31067848204,8.190310678482039,0.0002772000985755696
2016-04-11,12.315285682678224,12.482817474237152,12.30844793428808,12.391644307535048,2105600,0,8767.0,2.4107389449927723,107968.10958003999,107970.52031898499,7.970520318984975,-0.002031516113769394
2016-04-12,12.372270584106444,12.385946951874852,12.22183401665453,12.328963390423368,1967200,0,8767.0,2.4107389449927723,108467.69621086119,108470.10694980618,8.470106949806189,0.00462706514097766
2016-04-13,12.566015243530272,12.578551696638332,12.441790627141362,12.460025784207684,2852800,0,8767.0,2.4107389449927723,110166.25564002989,110168.66637897489,10.168666378974889,0.015659239922706902
2016-04-14,12.547778129577637,12.581968608994746,12.5010520685076,12.558035621202777,1885600,0,8767.0,2.4107389449927723,110006.37086200714,110008.78160095213,10.008781600952133,-0.0014512727010124182
2016-04-15,12.48509693145752,12.559174855477558,12.473699525146722,12.54549935910464,2588000,0,8767.0,2.4107389449927723,109456.84479808807,109459.25553703307,9.459255537033062,-0.004995292702290155
2016-04-18,12.548916816711426,12.551195776016328,12.43494972246793,12.43494972246793,2108800,0,8767.0,2.4107389449927723,110016.35373210907,110018.76447105406,10.018764471054054,0.005111572623766936
2016-04-19,12.471418380737305,12.580826680053711,12.395060641032083,12.580826680053711,4379200,0,8767.0,2.4107389449927723,109336.92494392395,109339.33568286894,9.339335682868931,-0.006175571880412067
2016-04-20,12.502190589904783,12.56373292857806,12.440649120731484,12.47369881475049,3333600,0,8767.0,2.4107389449927723,109606.70490169524,109609.11564064023,9.60911564064022,0.0024673641566084203
2016-04-21,12.493074417114258,12.545499181300832,12.469141429300825,12.515867490412766,2495200,0,8767.0,2.4107389449927723,109526.7834148407,109529.19415378569,9.529194153785681,-0.0007291500016893826
2016-04-22,12.306170463562012,12.371131689628086,12.230951744169635,12.315287172685204,2008000,0,8767.0,2.4107389449927723,107888.19645404816,107890.60719299315,7.890607192993149,-0.01496027587395432
2016-04-25,12.282233238220217,12.308446052207657,12.229808479745246,12.262859041077276,1908000,0,8767.0,2.4107389449927723,107678.33879947664,107680.74953842163,7.680749538421638,-0.0019450966124987534
2016-04-26,12.260581016540527,12.335798851565324,12.212715042479294,12.299329413780578,2344000,0,8767.0,2.4107389449927723,107488.5137720108,107490.9245109558,7.490924510955788,-0.0017628501684797682
2016-04-27,12.171685218811035,12.186500627076022,12.044041768566997,12.081651115893347,2787200,0,8767.0,2.4107389449927723,106709.16431331635,106711.57505226134,6.711575052261343,-0.0072503745059427915
2016-04-28,12.008716583251951,12.244628503291914,11.977944971790116,12.186505024586364,2390400,0,8767.0,2.4107389449927723,105280.41828536986,105282.82902431485,5.28282902431485,-0.013388857087403783
2016-04-29,11.899306297302246,11.966546474417523,11.796735725050087,11.955149937389516,3236000,0,8767.0,2.4107389449927723,104321.21830844879,104323.62904739378,4.323629047393784,-0.009110697212548757
2016-05-02,11.968823432922363,11.988198499080651,11.858276085783352,11.909560928584956,2281600,0,8767.0,2.4107389449927723,104930.67503643036,104933.08577537535,4.933085775375345,0.005841981663662121
2016-05-03,11.86055850982666,11.916402156890854,11.820670190495091,11.894748994682374,2705600,0,8767.0,2.4107389449927723,103981.51645565033,103983.92719459532,3.983927194595327,-0.009045369949491788
2016-05-04,11.808131217956545,11.857137105393724,11.775080654847752,11.806991303504526,1857600,0,8767.0,2.4107389449927723,103521.88638782503,103524.29712677002,3.5242971267700263,-0.004420203008539514
2016-05-05,11.809269905090332,11.877649983605355,11.789894839419512,11.83890072176359,2041600,0,8767.0,2.4107389449927723,103531.86925792694,103534.27999687193,3.534279996871925,9.64302137660411e-05
2016-05-06,11.884489059448242,11.886768888370252,11.757985508775752,11.785338238840051,1984800,0,8767.0,2.4107389449927723,104191.31558418274,104193.72632312773,4.193726323127733,0.006369352510837256
2016-05-09,11.895889282226562,11.952872849937076,11.886772572213063,11.91070556631145,2210400,0,8767.0,2.4107389449927723,104291.26133728027,104293.67207622527,4.293672076225263,0.0009592300479548399
2016-05-10,12.05202293395996,12.058860682916494,11.91640178298789,11.93007815040108,1912000,0,8767.0,2.4107389449927723,105660.08506202696,105662.49580097196,5.662495800971956,0.013124705435112682
2016-05-11,11.97452449798584,12.098749102983158,11.973384583398689,12.02694926549386,1935200,-1,0.0,104983.06701278685,0.0,104983.06701278685,4.983067012786857,-0.006430179251727064
2016-05-12,11.91298007965088,12.018969510809493,11.8366223361011,12.018969510809493,2038400,0,0.0,104983.06701278685,0.0,104983.06701278685,4.983067012786857,0.0
2016-05-13,11.884489059448242,11.99503728566654,11.86169598722796,11.912980834473576,2046400,0,0.0,104983.06701278685,0.0,104983.06701278685,4.983067012786857,0.0
2016-05-16,12.038349151611328,12.08621601308616,11.898170050900177,11.898170050900177,3205600,0,0.0,104983.06701278685,0.0,104983.06701278685,4.983067012786857,0.0
2016-05-17,11.914118766784668,12.06227545056763,11.882208123185254,12.03036480696822,1943200,0,0.0,104983.06701278685,0.0,104983.06701278685,4.983067012786857,0.0
2016-05-18,11.981359481811523,12.061136964002094,11.900442954796706,11.90158286912082,5429600,0,0.0,104983.06701278685,0.0,104983.06701278685,4.983067012786857,0.0
2016-05-19,11.916399002075195,11.979081251215764,11.835482470139135,11.94033198733798,2304800,0,0.0,104983.06701278685,0.0,104983.06701278685,4.983067012786857,0.0
2016-05-20,12.067975997924805,12.105585349132609,11.96426639036688,11.96654534975828,2188800,0,0.0,104983.06701278685,0.0,104983.06701278685,4.983067012786857,0.0
2016-05-23,12.065695762634276,12.136354799795251,12.063415933984002,12.071393595260236,1892800,0,0.0,104983.06701278685,0.0,104983.06701278685,4.983067012786857,0.0
2016-05-24,12.322126388549805,12.3426405066964,12.139778285246654,12.139778285246654,2791200,0,0.0,104983.06701278685,0.0,104983.06701278685,4.983067012786857,0.0
2016-05-25,12.407597541809082,12.445206021114997,12.3585916577742,12.40417779869045,2154400,0,0.0,104983.06701278685,0.0,104983.06701278685,4.983067012786857,0.0
2016-05-26,12.441789627075195,12.462303742375816,12.379108236073352,12.417856637474484,2715200,0,0.0,104983.06701278685,0.0,104983.06701278685,4.983067012786857,0.0
2016-05-27,12.514727592468262,12.517007421501138,12.431532092268544,12.433811051801406,2178400,0,0.0,104983.06701278685,0.0,104983.06701278685,4.983067012786857,0.0
2016-05-31,12.535243034362791,12.545500527097484,12.461164233945954,12.523846496490997,2568800,0,0.0,104983.06701278685,0.0,104983.06701278685,4.983067012786857,0.0
2016-06-01,12.528404235839844,12.553477138757112,12.472560596296857,12.493074710547344,2609600,0,0.0,104983.06701278685,0.0,104983.06701278685,4.983067012786857,0.0
2016-06-02,12.528404235839844,12.528404235839844,12.418995916337243,12.5010523733392,2580800,0,0.0,104983.06701278685,0.0,104983.06701278685,4.983067012786857,0.0
2016-06-03,12.48509693145752,12.51928654188984,12.41557692656177,12.497633382799377,2052800,0,0.0,104983.06701278685,0.0,104983.06701278685,4.983067012786857,0.0
2016-06-06,12.531820297241213,12.568289728889972,12.495350865592448,12.50788731423732,1832800,0,0.0,104983.06701278685,0.0,104983.06701278685,4.983067012786857,0.0
2016-06-07,12.556896209716797,12.602483227599151,12.55005846135946,12.558036124276368,1531200,0,0.0,104983.06701278685,0.0,104983.06701278685,4.983067012786857,0.0
2016-06-08,12.597923278808594,12.61045972930935,12.543218688487114,12.57626925167093,1583200,0,0.0,104983.06701278685,0.0,104983.06701278685,4.983067012786857,0.0
2016-06-09,12.587664604187012,12.596782179966658,12.532960888508905,12.539798635593698,1993600,1,8340.0,1.944213867172948,104981.12279891968,104983.06701278685,4.983067012786857,0.0
2016-06-10,12.4360933303833,12.493076894429135,12.400762929414755,12.47142286185166,1578400,0,8340.0,1.944213867172948,103717.01837539673,103718.9625892639,3.7189625892638967,-0.012041031563394755
2016-06-13,12.323260307312012,12.433808516363753,12.316422560607723,12.368847314173532,1771200,0,8340.0,1.944213867172948,102775.99096298218,102777.93517684935,2.7779351768493443,-0.009072857931881728
2016-06-14,12.335800170898438,12.371130567484164,12.253743709731696,12.293632895215584,2241600,0,8340.0,1.944213867172948,102880.57342529297,102882.51763916014,2.8825176391601426,0.0010175575344146814
2016-06-15,12.314144134521484,12.393920747857168,12.306166473187917,12.371127678189794,2036000,0,8340.0,1.944213867172948,102699.96208190918,102701.90629577635,2.7019062957763573,-0.0017555105330649967
2016-06-16,12.336935997009276,12.349472444949594,12.17168408434117,12.256019477258013,2222400,0,8340.0,1.944213867172948,102890.04621505736,102891.99042892453,2.89199042892454,0.0018508335434470613
2016-06-17,12.224112510681152,12.336939706569908,12.188782115180596,12.336939706569908,1708000,0,8340.0,1.944213867172948,101949.09833908081,101951.04255294798,1.9510425529479791,-0.009145006059791738
2016-06-20,12.314144134521484,12.420133560524532,12.302746730187923,12.343774951189095,1579200,0,8340.0,1.944213867172948,102699.96208190918,102701.90629577635,2.7019062957763573,0.0073649442323104886
2016-06-21,12.377029418945312,12.401040179651728,12.332437881586888,12.340441468489027,1912800,0,8340.0,1.944213867172948,103224.4253540039,103226.36956787108,3.226369567871079,0.005106655669898652
2016-06-22,12.322150230407717,12.42391139340642,12.309573909744628,12.382749829502112,9171200,0,8340.0,1.944213867172948,102766.73292160036,102768.67713546753,2.7686771354675344,-0.004433871251304788
2016-06-23,12.513093948364258,12.513093948364258,12.363311258082264,12.406760058277747,2180800,0,8340.0,1.944213867172948,104359.20352935791,104361.14774322508,4.361147743225091,0.015495680708805804
2016-06-24,11.96999168395996,12.214673834121417,11.945980916588132,12.04088036696466,5963200,0,8340.0,1.944213867172948,99829.73064422606,99831.67485809323,-0.16832514190676662,-0.04340190754011608
2016-06-27,11.655562400817873,11.87166015730181,11.600680029370436,11.87166015730181,5035200,0,8340.0,1.944213867172948,97207.39042282106,97209.33463668823,-2.790665363311773,-0.026267617218007744
2016-06-28,11.894527435302734,11.894527435302734,11.766470021046157,11.784763563514648,3574400,0,8340.0,1.944213867172948,99200.3588104248,99202.30302429198,-0.7976969757080177,0.020501821096217787
2016-06-29,12.09233283996582,12.11748722661678,11.976851734125416,11.988285308332454,2067200,0,8340.0,1.944213867172948,100850.05588531494,100852.00009918211,0.8520000991821153,0.01662962476270513
2016-06-30,12.244400024414062,12.244400024414062,12.091188223560003,12.117486227160333,3306400,0,8340.0,1.944213867172948,102118.29620361328,102120.24041748045,2.1202404174804457,0.012575261938792437
2016-07-01,12.25240707397461,12.309575824699031,12.21696185534385,12.23068266955504,3220000,0,8340.0,1.944213867172948,102185.07499694824,102187.01921081542,2.1870192108154107,0.000653923189584793
2016-07-05,12.152931213378906,12.196379143026888,12.096906090772816,12.184945569153816,2516000,0,8340.0,1.944213867172948,101355.44631958008,101357.39053344725,1.3573905334472558,-0.008118728619107785
2016-07-06,12.219244956970217,12.226104925590366,12.053455112603078,12.09919027216386,2083200,0,8340.0,1.944213867172948,101908.5029411316,101910.44715499878,1.9104471549987734,0.005456500198365077
2016-07-07,12.258123397827148,12.30728855823159,12.212388222886242,12.235256246519649,2324800,0,8340.0,1.944213867172948,102232.74913787842,102234.69335174559,2.234693351745598,0.003181677696435292
2016-07-08,12.479934692382812,12.4833646768193,12.331295636413682,12.345016446485271,2088800,0,8340.0,1.944213867172948,104082.65533447266,104084.59954833983,4.08459954833984,0.018094700888175996
2016-07-11,12.556541442871094,12.589699415229578,12.52109710484079,12.52109710484079,1963200,0,8340.0,1.944213867172948,104721.55563354492,104723.4998474121,4.723499847412094,0.0061382788793411525
2016-07-12,12.681171417236328,12.714328521644164,12.622859053165016,12.640009851106676,2288800,0,8340.0,1.944213867172948,105760.96961975098,105762.91383361815,5.762913833618155,0.009925317504863251
2016-07-13,12.672021865844728,12.726903362320376,12.66744826241748,12.71089618648784,10911200,0,8340.0,1.944213867172948,105684.66236114503,105686.6065750122,5.68660657501221,-0.0007214935353047069
2016-07-14,12.7634916305542,12.787502394892089,12.724617308957338,12.748628073295226,2484000,0,8340.0,1.944213867172948,106447.52019882202,106449.4644126892,6.449464412689188,0.007218112705090318
2016-07-15,12.741769790649414,12.798938533970956,12.7143281657805,12.797794914853302,1996800,0,8340.0,1.944213867172948,106266.36005401611,106268.30426788329,6.268304267883296,-0.0017018417688188237
2016-07-18,12.830949783325195,12.851530560829834,12.74748305446594,12.765777466614768,2357600,0,8340.0,1.944213867172948,107010.12119293213,107012.0654067993,7.012065406799306,0.006998899098277889
2016-07-19,12.811514854431152,12.842385589898193,12.788646835265071,12.811514854431152,2008000,0,8340.0,1.944213867172948,106848.03388595581,106849.97809982298,6.849978099822973,-0.0015146638499140552
2016-07-20,12.985308647155762,13.015036638675925,12.900699149180028,12.902985515146586,2119200,0,8340.0,1.944213867172948,108297.47411727905,108299.41833114623,8.299418331146224,0.013565189783840026
2016-07-21,12.908699989318848,13.012746628991334,12.88125924193526,13.00016943803935,1824000,0,8340.0,1.944213867172948,107658.55791091919,107660.50212478636,7.6605021247863725,-0.005899534976321452
2016-07-22,12.981876373291016,12.98416273885448,12.859535315992614,12.917847669606068,2045600,0,8340.0,1.944213867172948,108268.84895324707,108270.79316711424,8.270793167114254,0.005668662418279569
2016-07-25,12.97844409942627,13.0024548590727,12.945286134488192,12.980730464586426,11788000,0,8340.0,1.944213867172948,108240.22378921509,108242.16800308226,8.242168003082263,-0.00026438491115332585
2016-07-26,13.037901878356934,13.064199880913234,12.962439599949864,12.99445395274836,2994400,0,8340.0,1.944213867172948,108736.10166549683,108738.045879364,8.738045879363998,0.004581189433193966
2016-07-27,13.137373924255373,13.183109081313312,13.079061577198354,13.16938827249826,2643200,0,8340.0,1.944213867172948,109565.69852828981,109567.64274215698,9.567642742156979,0.007629315536103576
2016-07-28,13.169390678405762,13.195688682024253,13.108791954971611,13.165960693656768,5076800,0,8340.0,1.944213867172948,109832.71825790405,109834.66247177123,9.834662471771228,0.002437030887326941
2016-07-29,13.171677589416504,13.2128391527599,13.1385204872531,13.20597918297792,3302400,0,8340.0,1.944213867172948,109851.79109573364,109853.73530960082,9.853735309600808,0.00017365044331518753
2016-08-01,13.229988098144531,13.253998861347169,13.168245761769622,13.192256524972258,3925600,0,8340.0,1.944213867172948,110338.10073852539,110340.04495239256,10.340044952392557,0.004426883086143363
2016-08-02,13.106504440307615,13.226559137942967,13.043619352476576,13.21398194591162,2784800,0,8340.0,1.944213867172948,109308.24703216551,109310.19124603269,9.310191246032694,-0.009333453750215659
2016-08-03,13.156811714172363,13.159098079588526,13.08477942716751,13.089353030325444,1892000,0,8340.0,1.944213867172948,109727.80969619751,109729.75391006468,9.729753910064677,0.0038382758208486134
2016-08-04,13.232276916503906,13.245996855786688,13.160243745966326,13.165960968884647,1828000,0,8340.0,1.944213867172948,110357.18948364258,110359.13369750975,10.359133697509758,0.005735725863022623
2016-08-05,13.387773513793944,13.398064339372924,13.267719697543452,13.286013238546824,1724800,0,8340.0,1.944213867172948,111654.03110504149,111655.97531890866,11.655975318908652,0.011751103673516505
2016-08-08,13.390060424804688,13.420931156136866,13.36033244003345,13.404923981027498,1545600,0,8340.0,1.944213867172948,111673.1039428711,111675.04815673827,11.675048156738278,0.00017081788748996019
2016-08-09,13.412927627563477,13.4529464378385,13.392346849142983,13.403781293407633,2788800,0,8340.0,1.944213867172948,111863.8164138794,111865.76062774657,11.865760627746557,0.0017077446945950037
2016-08-10,13.376337051391602,13.422072202506468,13.350039928320236,13.422072202506468,5466400,0,8340.0,1.944213867172948,111558.65100860596,111560.59522247313,11.560595222473125,-0.002727960759047021
2016-08-11,13.42665195465088,13.450662723710591,13.396923961961106,13.406071170838858,2104800,0,8340.0,1.944213867172948,111978.27730178834,111980.22151565552,11.98022151565552,0.0037614203504880983
2016-08-12,13.416356086730955,13.430076894893368,13.382055374813214,13.40606613485329,2082400,0,8340.0,1.944213867172948,111892.40976333617,111894.35397720334,11.89435397720333,-0.0007668098641880894
2016-08-15,13.492964744567873,13.524979095802385,13.414071613078791,13.440369614350368,1663200,0,8340.0,1.944213867172948,112531.32596969606,112533.27018356323,12.533270183563229,0.005709995041305316
2016-08-16,13.423218727111816,13.468953888127698,13.42093148928192,13.46209304696365,2668000,0,8340.0,1.944213867172948,111949.64418411255,111951.58839797972,11.951588397979718,-0.005168976113772206
2016-08-17,13.406068801879885,13.42436321640262,13.33174926945123,13.42436321640262,2596800,0,8340.0,1.944213867172948,111806.61380767824,111808.55802154541,11.808558021545412,-0.0012776091744750584
2016-08-18,13.427791595458984,13.436937929301012,13.38091281809412,13.3934900084932,1434400,0,8340.0,1.944213867172948,111987.78190612793,111989.7261199951,11.989726119995092,0.0016203419635800742
2016-08-19,13.45752239227295,13.47124320528174,13.382060101539183,13.407214489225716,1441600,0,8340.0,1.944213867172948,112235.7367515564,112237.68096542357,12.23768096542357,0.002214085648917452
2016-08-22,13.451805114746094,13.474672262526845,13.403783581011051,13.44494427255125,1495200,0,8340.0,1.944213867172948,112188.05465698242,112189.9988708496,12.189998870849594,-0.00042483143061966544
2016-08-23,13.514688491821287,13.545560096964971,13.49982493488308,13.49982493488308,2255200,0,8340.0,1.944213867172948,112712.50202178954,112714.44623565671,12.714446235656718,0.004674635618909795
2016-08-24,13.44036865234375,13.514687302822022,13.4094970499161,13.513544556306616,1556000,0,8340.0,1.944213867172948,112092.67456054688,112094.61877441405,12.094618774414045,-0.005499095119952613
2016-08-25,13.467813491821287,13.48839427558677,13.403784774473502,13.41636109624466,1676800,0,8340.0,1.944213867172948,112321.56452178954,112323.50873565671,12.323508735656707,0.0020419353198684043
2016-08-26,13.480385780334473,13.569568853422082,13.409496245978035,13.468952209586798,2000000,0,8340.0,1.944213867172948,112426.4174079895,112428.36162185667,12.428361621856677,0.0009334901249098415
2016-08-29,13.516975402832031,13.556993341563832,13.476957464100227,13.4861037984349,1525600,0,8340.0,1.944213867172948,112731.57485961914,112733.51907348631,12.73351907348632,0.002714239069461888
2016-08-30,13.491825103759766,13.543276630225098,13.447233548202902,13.497542327734092,1680000,0,8340.0,1.944213867172948,112521.82136535645,112523.76557922362,12.52376557922361,-0.0018606133826618576
2016-08-31,13.479244232177734,13.483817835644484,13.423219116279949,13.47352700976288,1501600,0,8340.0,1.944213867172948,112416.8968963623,112418.84111022948,12.418841110229483,-0.0009324649637704185
2016-09-01,13.529555320739746,13.531841686702812,13.41293059312963,13.457522144178848,2492800,0,8340.0,1.944213867172948,112836.49137496948,112838.43558883666,12.83843558883666,0.003732421313574541
2016-09-02,13.586724281311035,13.624455862744842,13.532985520903946,13.570717102337753,2242400,0,8340.0,1.944213867172948,113313.28050613403,113315.2247200012,13.315224720001195,0.004225414227665203
2016-09-06,13.64503288269043,13.64503288269043,13.575287830413044,13.61301853152687,3162400,0,8340.0,1.944213867172948,113799.57424163818,113801.51845550536,13.801518455505345,0.004291512783968443
2016-09-07,13.677047729492188,13.685051317062646,13.610731791150894,13.646176125773549,10180800,0,8340.0,1.944213867172948,114066.57806396484,114068.52227783202,14.068522277832018,0.0023462237231135497
2016-09-08,13.561568260192873,13.640461398719792,13.530696652801588,13.632457810197186,5200800,0,8340.0,1.944213867172948,113103.47929000856,113105.42350387573,13.105423503875734,-0.008443159907081998
2016-09-09,13.24256706237793,13.491822806751625,13.24256706237793,13.466668421268611,4719200,0,8340.0,1.944213867172948,110443.00930023193,110444.9535140991,10.444953514099108,-0.023522037293688736
2016-09-12,13.452945709228516,13.470095630045403,13.148807652633923,13.159097605124057,3336800,0,8340.0,1.944213867172948,112197.56721496582,112199.511428833,12.199511428832999,0.015886266043924735
2016-09-13,13.358046531677246,13.452946839019866,13.299734179025972,13.404924439722883,7467200,0,8340.0,1.944213867172948,111406.10807418823,111408.0522880554,11.408052288055416,-0.007054033753788658
2016-09-14,13.42550563812256,13.496395184193853,13.368336902611228,13.368336902611228,4340800,0,8340.0,1.944213867172948,111968.71702194215,111970.66123580933,11.97066123580932,0.005049984594464041
2016-09-15,13.647318840026855,13.66561237940716,13.43236473643627,13.446084672890107,2824000,0,8340.0,1.944213867172948,113818.63912582397,113820.58333969115,13.82058333969114,0.01652148949969945
2016-09-16,13.597012519836426,13.651894892475866,13.53755741577561,13.651894892475866,1879200,0,8340.0,1.944213867172948,113399.08441543579,113401.02862930296,13.401028629302969,-0.0036861057822559218
2016-09-19,13.582148551940918,13.722783155534936,13.554707802612326,13.64160365420715,1714400,0,8340.0,1.944213867172948,113275.11892318726,113277.06313705443,13.277063137054434,-0.0010931602098052107
2016-09-20,13.579050064086914,13.665095075032736,13.56528254722934,13.634118380926976,2360000,0,8340.0,1.944213867172948,113249.27753448486,113251.22174835204,13.251221748352027,-0.0002281255179711339
2016-09-21,13.732780456542969,13.74540045880326,13.5836363280135,13.63870463306302,2707200,0,8340.0,1.944213867172948,114531.38900756836,114533.33322143553,14.53333322143553,0.011320950478860059
2016-09-22,13.826858520507812,13.840626036648526,13.794735191474553,13.808502707615265,7397600,0,8340.0,1.944213867172948,115316.00006103516,115317.94427490233,15.31794427490234,0.006850503965948995
2016-09-23,13.70295524597168,13.802766899616634,13.677715235759582,13.802766899616634,11072800,0,8340.0,1.944213867172948,114282.64675140381,114284.59096527098,14.284590965270972,-0.008960906441134342
2016-09-26,13.615760803222656,13.662798281292767,13.582489964931602,13.63182246649489,3640000,0,8340.0,1.944213867172948,113555.44509887695,113557.38931274413,13.557389312744128,-0.006363077002636719
2016-09-27,13.77064323425293,13.771790746133384,13.611173219378784,13.627234884524734,2636800,0,8340.0,1.944213867172948,114847.16457366943,114849.1087875366,14.849108787536602,0.011375036733497046
2016-09-28,13.81424045562744,13.821123776580496,13.728195442533726,13.78211624882454,1854400,0,8340.0,1.944213867172948,115210.76539993285,115212.70961380002,15.212709613800012,0.003165900285182488
2016-09-29,13.732780456542969,13.830298814971574,13.68689049410001,13.803911298801438,2257600,0,8340.0,1.944213867172948,114531.38900756836,114533.33322143553,14.53333322143553,-0.005896713953189692
2016-09-30,13.809651374816896,13.850953051399417,13.737373003149914,13.76490803773502,3331200,0,8340.0,1.944213867172948,115172.49246597291,115174.43667984009,15.174436679840086,0.005597527290723825
2016-10-03,13.76949977874756,13.81539063923865,13.736229802069262,13.78785647306214,3120000,0,8340.0,1.944213867172948,114837.62815475465,114839.57236862183,14.839572368621834,-0.002907453432128393
2016-10-04,13.740816116333008,13.844070318705375,13.692631113657647,13.805063661862055,2856000,0,8340.0,1.944213867172948,114598.40641021729,114600.35062408446,14.600350624084468,-0.0020830950481902644
2016-10-05,13.81194305419922,13.857833895008604,13.762610553505754,13.771788896726626,8971200,0,8340.0,1.944213867172948,115191.6050720215,115193.54928588867,15.193549285888675,0.005176237756462365
2016-10-06,13.832596778869627,13.846364296577413,13.74769927457621,13.815387600558688,2516800,0,8340.0,1.944213867172948,115363.85713577269,115365.80134963986,15.365801349639874,0.0014953273409754608
2016-10-07,13.787851333618164,13.86127633291648,13.723604678055898,13.844067157235148,2225600,0,8340.0,1.944213867172948,114990.68012237549,114992.62433624266,14.992624336242667,-0.003234728221288119
2016-10-10,13.876194953918455,13.922085812083058,13.78785577407024,13.78785577407024,2013600,0,8340.0,1.944213867172948,115727.46591567992,115729.41012954709,15.729410129547094,0.006407243921575656
2016-10-11,13.692627906799316,13.901430411452218,13.631822911669438,13.883074599382365,2281600,0,8340.0,1.944213867172948,114196.5167427063,114198.46095657347,14.198460956573467,-0.01322869589726483
2016-10-12,13.69721794128418,13.738519615161298,13.618056253803855,13.702954625270758,1602400,0,8340.0,1.944213867172948,114234.79763031006,114236.74184417723,14.236741844177224,0.00033521369099998033
2016-10-13,13.608878135681152,13.647884783984953,13.480383948048855,13.605435600276367,1905600,0,8340.0,1.944213867172948,113498.04365158081,113499.98786544798,13.499987865447993,-0.006449360922199721
2016-10-14,13.659357070922852,13.75458041723878,13.642148770632648,13.663946242765247,3529600,0,8340.0,1.944213867172948,113919.03797149658,113920.98218536375,13.920982185363751,0.003709201453086175
2016-10-17,13.623790740966797,13.682301582073745,13.614612398186306,13.654766553732273,2007200,0,8340.0,1.944213867172948,113622.41477966309,113624.35899353026,13.624358993530251,-0.0026037625917836316
2016-10-18,13.709840774536133,13.766056612964109,13.68804242124364,13.724754930565316,3046400,0,8340.0,1.944213867172948,114340.07205963135,114342.01627349852,14.342016273498515,0.006316051296792136
2016-10-19,13.723605155944824,13.744255992422527,13.690334315214356,13.697217635608569,1781600,0,8340.0,1.944213867172948,114454.86700057983,114456.811214447,14.456811214446997,0.00100396113948098
2016-10-20,13.68918800354004,13.717869674757251,13.619204655746426,13.715575526189738,5438400,0,8340.0,1.944213867172948,114167.82794952394,114169.77216339111,14.169772163391103,-0.002507837218338138
2016-10-21,13.759173393249512,13.76491007846236,13.660508359596404,13.71443004953418,3087200,0,8340.0,1.944213867172948,114751.50609970093,114753.4503135681,14.753450313568095,0.005112370280827783
2016-10-24,13.91749668121338,13.927822540097203,13.836040823487885,13.836040823487885,1892800,0,8340.0,1.944213867172948,116071.9223213196,116073.86653518677,16.073866535186767,0.011506549197523697
2016-10-25,13.865867614746094,13.93011428008474,13.83374428207677,13.93011428008474,2868000,0,8340.0,1.944213867172948,115641.33590698242,115643.2801208496,15.643280120849589,-0.0037095896534699024
2016-10-26,13.795886039733888,13.868163547538458,13.74884767134857,13.769498512906344,3596800,0,8340.0,1.944213867172948,115057.68957138063,115059.6337852478,15.059633785247794,-0.0050469541766012815
2016-10-27,13.727046966552734,13.855540283559648,13.714426962161689,13.852098623324832,2659200,0,8340.0,1.944213867172948,114483.5717010498,114485.51591491698,14.48551591491698,-0.00498974185336265
2016-10-28,13.733932495117188,13.873899202470296,13.698367499912624,13.766055829533595,3728800,0,8340.0,1.944213867172948,114540.99700927734,114542.94122314452,14.542941223144524,0.0005015945272082156
2016-10-31,13.735076904296877,13.783261895036167,13.731635244286212,13.767200231456403,4361600,0,8340.0,1.944213867172948,114550.54138183595,114552.48559570312,14.552485595703125,8.332571572444714e-05
2016-11-01,13.623790740966797,13.771788235946168,13.51709491320469,13.74884237899494,2857600,0,8340.0,1.944213867172948,113622.41477966309,113624.35899353026,13.624358993530251,-0.008102195228207987
2016-11-02,13.518245697021484,13.65476985892399,13.484974852860072,13.614615693658546,2848800,0,8340.0,1.944213867172948,112742.16911315918,112744.11332702635,12.744113327026362,-0.0077469802628680196
2016-11-03,13.414992332458496,13.52054068061608,13.392047343831267,13.482680661615468,2418400,0,8340.0,1.944213867172948,111881.03605270386,111882.98026657103,11.88298026657102,-0.00763794255011363
2016-11-04,13.3771333694458,13.494155096449878,13.347304181639528,13.405815045141566,8287200,0,8340.0,1.944213867172948,111565.29230117798,111567.23651504515,11.567236515045142,-0.0028220892111882057
2016-11-07,13.68459701538086,13.691480335465238,13.572165369292556,13.577901177597864,2650400,0,8340.0,1.944213867172948,114129.53910827637,114131.48332214354,14.131483322143534,0.02298386952295428
2016-11-08,13.752285957336426,13.811943439345686,13.634116754486238,13.681155108333645,2680000,0,8340.0,1.944213867172948,114694.06488418579,114696.00909805296,14.696009098052954,0.004946275641717568
2016-11-09,13.732780456542969,13.763757144016386,13.46546801166252,13.471203819320426,4896000,0,8340.0,1.944213867172948,114531.38900756836,114533.33322143553,14.53333322143553,-0.0014183220314000211
2016-11-10,13.543487548828123,13.841776799577168,13.359924125017692,13.806210926683878,5016000,0,8340.0,1.944213867172948,112952.68615722655,112954.63037109372,12.954630371093723,-0.013783785086299627
2016-11-11,13.62608814239502,13.638708147907623,13.481533147915425,13.526276485534607,15759200,0,8340.0,1.944213867172948,113641.57510757446,113643.51932144164,13.643519321441634,0.006098811072062116
2016-11-14,13.43678855895996,13.637560241223827,13.365657704994536,13.636412729385414,3823200,0,8340.0,1.944213867172948,112062.81658172606,112064.76079559323,12.064760795593244,-0.013892200235218644
2016-11-15,13.616912841796877,13.666245359760342,13.519394442702716,13.522836979086923,5705600,-1,0.0,113566.99731445312,0.0,113566.99731445312,13.566997314453122,0.013405074960182839
2016-11-16,13.735076904296877,13.739666076076094,13.56642856141433,13.569870221424992,4983200,0,0.0,113566.99731445312,0.0,113566.99731445312,13.566997314453122,0.0
2016-11-17,13.844070434570312,13.844070434570312,13.705251235056013,13.743111255458617,3223200,1,8203.0,4.0875396728515625,113562.90977478027,113566.99731445312,13.566997314453122,0.0
2016-11-18,13.81194305419922,13.88880970926032,13.793587243052457,13.857833895008604,2699200,-1,0.0,113303.45641326906,0.0,113303.45641326906,13.303456413269066,-0.0023205764651358374
2016-11-21,13.947321891784668,13.956500235886445,13.834889364775586,13.856687713193535,2871200,0,0.0,113303.45641326906,0.0,113303.45641326906,13.303456413269066,0.0
2016-11-22,13.965680122375488,13.993214282426656,13.932409277803378,13.993214282426656,3548800,0,0.0,113303.45641326906,0.0,113303.45641326906,13.303456413269066,0.0
2016-11-23,13.916345596313477,13.967972248345404,13.860128897093333,13.945027264174556,2254400,0,0.0,113303.45641326906,0.0,113303.45641326906,13.303456413269066,0.0
2016-11-25,13.953057289123535,13.961088120648336,13.904871424679747,13.915197279665913,1176800,0,0.0,113303.45641326906,0.0,113303.45641326906,13.303456413269066,0.0
2016-11-28,13.943880081176758,14.016157570784776,13.92781841681942,13.947321741354036,2569600,0,0.0,113303.45641326906,0.0,113303.45641326906,13.303456413269066,0.0
2016-11-29,13.961090087890623,14.026484261034328,13.904873384000602,13.942733398793038,1882400,0,0.0,113303.45641326906,0.0,113303.45641326906,13.303456413269066,0.0
2016-11-30,13.807355880737305,13.98403507448004,13.806208368844883,13.98288756258762,4689600,0,0.0,113303.45641326906,0.0,113303.45641326906,13.303456413269066,0.0
2016-12-01,13.472355842590332,13.82456676158743,13.437937483937173,13.80850509429468,5433600,0,0.0,113303.45641326906,0.0,113303.45641326906,13.303456413269066,0.0
2016-12-02,13.522836685180664,13.554960021706092,13.410404132046391,13.460884161040791,3889600,1,8378.0,9.130664825454005,113294.3257484436,113303.45641326906,13.303456413269066,0.0
2016-12-05,13.674274444580078,13.715576122953513,13.552663558127112,13.599701921111649,3611200,0,8378.0,9.130664825454005,114563.0712966919,114572.20196151735,14.57220196151734,0.01119776561467467
2016-12-06,13.71787166595459,13.744259192434532,13.645594159102128,13.712134980760393,3047200,0,8378.0,9.130664825454005,114928.32881736755,114937.45948219301,14.937459482193006,0.003188011702859095
2016-12-07,13.95994472503662,13.978300541664847,13.7041038019485,13.722460493871973,3448800,0,8378.0,9.130664825454005,116956.4169063568,116965.54757118225,16.96554757118225,0.017645144569281568
2016-12-08,14.039103507995604,14.083846841136394,13.95650016210644,13.974855974917883,3229600,0,8378.0,9.130664825454005,117619.60918998717,117628.73985481262,17.628739854812615,0.005669979728233798
2016-12-09,14.113676071166992,14.120560267305551,14.054018581501898,14.079258591654671,3878400,0,8378.0,9.130664825454005,118244.37812423706,118253.50878906251,18.25350878906251,0.005311362980008338
2016-12-12,14.044841766357422,14.084995934475554,13.985184270195512,14.062050945635256,3736000,0,8378.0,9.130664825454005,117667.68431854248,117676.81498336793,17.676814983367926,-0.004876758513130186
2016-12-13,14.20545768737793,14.283471865914407,14.084994321523256,14.084994321523256,4452000,0,8378.0,9.130664825454005,119013.3245048523,119022.45516967775,19.022455169677755,0.01143504934680628
2016-12-14,14.163203239440918,14.271425040664305,14.139026196727183,14.213860402288743,4297600,0,8378.0,9.130664825454005,118659.31674003601,118668.44740486146,18.668447404861467,-0.0029742939205178454
2016-12-15,14.22537612915039,14.30251342826353,14.165509279201585,14.185081049534189,3705600,0,8378.0,9.130664825454005,119180.20121002197,119189.33187484743,19.189331874847436,0.0043894100022128235
2016-12-16,14.125213623046877,14.259914688708838,14.099885037359975,14.256460950363682,3347200,0,8378.0,9.130664825454005,118341.03973388673,118350.17039871219,18.350170398712184,-0.00704057538485392
2016-12-19,14.208104133605955,14.263365693270384,14.122907838376095,14.165505985991024,3508800,0,8378.0,9.130664825454005,119035.4964313507,119044.62709617615,19.044627096176136,0.005867813245425735
2016-12-20,14.256458282470703,14.27948378604072,14.213860134662848,14.248399268384532,3043200,0,8378.0,9.130664825454005,119440.60749053955,119449.738155365,19.449738155365015,0.0034030184231799154
2016-12-21,14.215010643005373,14.261062525174088,14.193135801342748,14.261062525174088,2960000,0,8378.0,9.130664825454005,119093.35916709901,119102.48983192447,19.102489831924462,-0.0029070664264569945
2016-12-22,14.16090202331543,14.23803843328482,14.118303871748717,14.23803843328482,2916800,0,8378.0,9.130664825454005,118640.03715133667,118649.16781616212,18.649167816162127,-0.003806150622057247
2016-12-23,14.18047332763672,14.181624866389209,14.130967701680168,14.141329793719157,1778400,0,8378.0,9.130664825454005,118804.00553894044,118813.1362037659,18.8131362037659,0.001381959862186477
2016-12-27,14.251856803894045,14.316328933763842,14.190838412643428,14.20004808950562,2497600,0,8378.0,9.130664825454005,119402.0563030243,119411.18696784976,19.41118696784976,0.005033540761504751
2016-12-28,14.109092712402344,14.285240358990691,14.103335897424085,14.280635082681414,2376800,0,8378.0,9.130664825454005,118205.97874450684,118215.10940933229,18.215109409332285,-0.010016461513270958
2016-12-29,14.117154121398926,14.15629765911873,14.065345412904914,14.098733013036576,2029600,0,8378.0,9.130664825454005,118273.5172290802,118282.64789390565,18.282647893905658,0.0005713185472722149
2016-12-30,13.988208770751951,14.144784675821482,13.953669632316965,14.136725660635555,3452000,0,8378.0,9.130664825454005,117193.21308135985,117202.3437461853,17.2023437461853,-0.009133242846316225
2017-01-03,14.098731994628906,14.173566204803487,14.014688109305194,14.079160227182753,3480000,0,8378.0,9.130664825454005,118119.17665100098,118128.30731582643,18.12830731582642,0.00790055505755416
2017-01-04,14.183926582336426,14.204649887341734,14.116000730487553,14.116000730487553,3580800,0,8378.0,9.130664825454005,118832.93690681458,118842.06757164003,18.84206757164002,0.006042245690571768
2017-01-05,14.194292068481444,14.247251443189477,14.145937971361098,14.165509742333589,4635200,0,8378.0,9.130664825454005,118919.77894973753,118928.90961456299,18.928909614562993,0.0007307348710556827
2017-01-06,14.324385643005373,14.355471042305393,14.172415019668463,14.202348880158585,3136000,0,8378.0,9.130664825454005,120009.70291709901,120018.83358192447,20.01883358192447,0.009164499791462166
2017-01-09,14.349717140197754,14.388861562381472,14.32899382924565,14.339355923905169,2568000,0,8378.0,9.130664825454005,120221.93020057678,120231.06086540224,20.231060865402227,0.0017682831697651835
2017-01-10,14.348562240600586,14.406126882166872,14.310570244725549,14.350865318148603,2578400,0,8378.0,9.130664825454005,120212.25445175171,120221.38511657716,20.22138511657716,-8.04762825464822e-05
2017-01-11,14.436058044433594,14.436058044433594,14.32438252012222,14.35086263677642,3677600,0,8378.0,9.130664825454005,120945.29429626465,120954.4249610901,20.9544249610901,0.0060974163939477855
2017-01-12,14.39231300354004,14.446423911185924,14.240342373607689,14.39231300354004,2613600,0,8378.0,9.130664825454005,120578.79834365846,120587.92900848392,20.58792900848392,-0.003030033442133928
2017-01-13,14.448725700378418,14.471751206721558,14.391161056153804,14.398068532383393,2994400,0,8378.0,9.130664825454005,121051.42391777039,121060.55458259584,21.060554582595834,0.0039193439840787825
2017-01-17,14.36813259124756,14.416486671631551,14.328988184484384,14.41188139563785,2832800,0,8378.0,9.130664825454005,120376.21484947206,120385.34551429751,20.385345514297516,-0.005577448993409728
2017-01-18,14.423395156860352,14.433757248163737,14.35892304516514,14.39691591599981,4045600,0,8378.0,9.130664825454005,120839.20462417603,120848.33528900148,20.848335289001476,0.0038458981259390512
2017-01-19,14.381949424743652,14.472901661208224,14.364679857096789,14.410731744699527,2520000,0,8378.0,9.130664825454005,120491.97228050232,120501.10294532777,20.501102945327766,-0.0028732902513164404
2017-01-20,14.459086418151855,14.493625554847148,14.418791344251838,14.452178942159492,2749600,0,8378.0,9.130664825454005,121138.22601127625,121147.3566761017,21.1473566761017,0.005363052411786917
2017-01-23,14.465994834899902,14.480961325736818,14.373891055559724,14.445271528466698,20626400,0,8378.0,9.130664825454005,121196.10472679138,121205.23539161684,21.205235391616828,0.0004777546708665259
2017-01-24,14.620268821716309,14.646748945858636,14.485567758336131,14.49247523490943,3411200,0,8378.0,9.130664825454005,122488.61218833923,122497.74285316469,22.49774285316468,0.010663792346689682
2017-01-25,14.776845932006836,14.782600991454082,14.714675128026958,14.72618876038876,3676800,0,8378.0,9.130664825454005,123800.41521835327,123809.54588317873,23.809545883178718,0.010708793480272316
2017-01-26,14.740004539489746,14.804476668166432,14.6951041815375,14.797569191055896,5856800,0,8378.0,9.130664825454005,123491.7580318451,123500.88869667055,23.50088869667055,-0.0024929999080960386
2017-01-27,14.781450271606444,14.80562819677576,14.750364869741226,14.7849040099544,2686400,0,8378.0,9.130664825454005,123838.99037551878,123848.12104034424,23.84812104034424,0.0028115776925825564
2017-01-30,14.661715507507324,14.735398185861738,14.571914798160808,14.735398185861738,3616000,0,8378.0,9.130664825454005,122835.85252189636,122844.98318672182,22.844983186721812,-0.008099742210022298
2017-01-31,14.591485023498535,14.616813606196567,14.513197076234942,14.600695576909953,4251200,0,8378.0,9.130664825454005,122247.46152687073,122256.59219169618,22.25659219169618,-0.004789703085646524
2017-02-01,14.696256637573242,14.746912936822984,14.62142241019414,14.733097981739842,5345600,0,8378.0,9.130664825454005,123125.23810958862,123134.36877441408,23.13436877441408,0.007179789383803259
2017-02-02,14.703161239624023,14.738851916131637,14.604149981846076,14.667471441483167,3100800,0,8378.0,9.130664825454005,123183.08486557007,123192.21553039552,23.192215530395522,0.00046978562165223003
2017-02-03,14.82059097290039,14.837861418066904,14.769933811185249,14.781447441296256,2831200,0,8378.0,9.130664825454005,124166.91117095947,124176.04183578493,24.176041835784922,0.007986107735408421
2017-02-06,14.841317176818848,14.841317176818848,14.76993582252996,14.806778038515649,3104000,0,8378.0,9.130664825454005,124340.5553073883,124349.68597221376,24.349685972213763,0.0013983706829572284
2017-02-07,14.89427661895752,14.928815759469696,14.85628374006749,14.868948033030833,3644800,0,8378.0,9.130664825454005,124784.2495136261,124793.38017845155,24.793380178451564,0.0035681168212755576
2017-02-08,14.919601440429688,14.948383757471984,14.845918779070733,14.894272860893809,2770400,0,8378.0,9.130664825454005,124996.42086791992,125005.55153274538,25.005551532745372,0.0017001811633792219
2017-02-09,14.992137908935549,15.024373973090068,14.919605886221005,14.919605886221005,3020000,0,8378.0,9.130664825454005,125604.13140106203,125613.26206588748,25.613262065887476,0.004861468356330612
2017-02-10,15.027825355529783,15.054304599062297,14.977168189305184,15.028976015949992,3051200,0,8378.0,9.130664825454005,125903.12082862853,125912.25149345398,25.912251493453976,0.0023802377444004374
2017-02-13,15.1107177734375,15.136046355196408,15.0784817160595,15.0784817160595,3945600,0,8378.0,9.130664825454005,126597.59350585938,126606.72417068483,26.606724170684835,0.005515529021152821
2017-02-14,15.16482925415039,15.167132331689205,15.061213602438585,15.100357136931184,4742400,0,8378.0,9.130664825454005,127050.93949127197,127060.07015609743,27.06007015609744,0.003580741768513196
2017-02-15,15.231607437133787,15.243119313619436,15.151017274799132,15.17634586249485,3335200,0,8378.0,9.130664825454005,127610.40710830687,127619.53777313232,27.61953777313233,0.004403174154929745
2017-02-16,15.252327919006348,15.294926951085394,15.210881304142193,15.260387812576337,3728800,0,8378.0,9.130664825454005,127784.00330543518,127793.13397026063,27.79313397026064,0.001360263484396107
2017-02-17,15.297225952148438,15.297225952148438,15.210878997337517,15.233906257340395,2294400,0,8378.0,9.130664825454005,128160.15902709961,128169.28969192506,28.16928969192507,0.0029434736435212105
2017-02-21,15.388181686401367,15.392786085147335,15.328313962302223,15.338675177030844,4192000,0,8378.0,9.130664825454005,128922.18616867065,128931.31683349611,28.9313168334961,0.005945473704369375
2017-02-22,15.407751083374023,15.410054160759252,15.33867281568376,15.37206128920294,3135200,0,8378.0,9.130664825454005,129086.13857650757,129095.26924133302,29.095269241333032,0.0012716259467717705
2017-02-23,15.372060775756836,15.431926731906588,15.300679433065572,15.431926731906588,2711200,0,8378.0,9.130664825454005,128787.12517929077,128796.25584411623,28.796255844116224,-0.0023162227320492335
2017-02-24,15.40314483642578,15.40314483642578,15.246568953100404,15.27189753398637,3644000,0,8378.0,9.130664825454005,129047.54743957518,129056.67810440063,29.056678104400625,0.0020219707364754758
2017-02-27,15.40660572052002,15.410059459418749,15.351342384672504,15.39048593001405,4453600,0,8378.0,9.130664825454005,129076.54272651672,129085.67339134218,29.085673391342183,0.00022467095362621592
2017-02-28,15.3121976852417,15.391637187392917,15.294928992049606,15.391637187392917,4611200,0,8378.0,9.130664825454005,128285.59220695496,128294.72287178041,28.294722871780408,-0.006127330003259823
2017-03-01,15.52748966217041,15.550516929831296,15.387031761761628,15.393940996100218,3111200,0,8378.0,9.130664825454005,130089.3083896637,130098.43905448915,30.098439054489145,0.014059161143450849
2017-03-02,15.412358283996582,15.52058010324818,15.404300146782974,15.52058010324818,2685600,0,8378.0,9.130664825454005,129124.73770332336,129133.86836814882,29.133868368148818,-0.0074141603339017426
2017-03-03,15.43883991241455,15.43999057299636,15.361701735090575,15.410057587265928,2445600,0,8378.0,9.130664825454005,129346.6007862091,129355.73145103456,29.35573145103456,0.0017180859343053356
2017-03-06,15.41005516052246,15.434231326069211,15.344430626285837,15.377819101971168,3236000,0,8378.0,9.130664825454005,129105.44213485716,129114.57279968262,29.114572799682612,-0.001864305884608064
2017-03-07,15.422718048095703,15.47913026705914,15.382422100207584,15.39163265277439,4864000,0,8378.0,9.130664825454005,129211.5318069458,129220.66247177125,29.220662471771263,0.0008216707826871339
2017-03-08,15.441143035888672,15.488346476258153,15.419268185145064,15.433084897408031,2524800,0,8378.0,9.130664825454005,129365.8963546753,129375.02701950075,29.37502701950074,0.0011945809963882503
2017-03-09,15.431927680969238,15.451501204193685,15.351337537555002,15.442290651127289,2770400,0,8378.0,9.130664825454005,129288.69011116028,129297.82077598573,29.297820775985727,-0.0005967631102667958
2017-03-10,15.51136589050293,15.53669447017263,15.445743120801051,15.51136589050293,2215200,0,8378.0,9.130664825454005,129954.22343063354,129963.354095459,29.963354095459003,0.005147289532638988
2017-03-13,15.532090187072754,15.54245139972326,15.50215545266031,15.507912267488337,2224000,0,8378.0,9.130664825454005,130127.85158729553,130136.98225212099,30.13698225212098,0.0013359778059780503
2017-03-14,15.489496231079102,15.5079173418631,15.42272277877129,15.5079173418631,2187200,0,8378.0,9.130664825454005,129770.99942398071,129780.13008880617,29.780130088806157,-0.0027421272350043324
2017-03-15,15.58850383758545,15.620739895505256,15.467619498752876,15.519427323500178,2779200,0,8378.0,9.130664825454005,130600.4851512909,130609.61581611635,30.609615816116342,0.0063914693778051035
2017-03-16,15.631103515625,15.671397711333084,15.596564378779874,15.65873341971432,3316000,0,8378.0,9.130664825454005,130957.38525390625,130966.5159187317,30.966515918731695,0.002732571414327145
2017-03-17,15.63340663909912,15.692123705526294,15.63340663909912,15.679459412447263,2272800,0,8378.0,9.130664825454005,130976.68082237242,130985.81148719788,30.98581148719788,0.00014733207439188156
2017-03-20,15.654129028320312,15.693272563620113,15.610379337847904,15.650675290307593,3428800,0,8378.0,9.130664825454005,131150.29299926758,131159.42366409302,31.159423664093012,0.001325427349145425
2017-03-21,15.401997566223145,15.734721171933328,15.3881826124203,15.71399874122906,4324000,0,8378.0,9.130664825454005,129037.9356098175,129047.06627464296,29.04706627464295,-0.01610526586987704
2017-03-22,15.518275260925291,15.525184493551732,15.390481686704506,15.392784764246654,3051200,0,8378.0,9.130664825454005,130012.11013603209,130021.24080085754,30.02124080085755,0.007548986229112042
2017-03-23,15.48028564453125,15.535547213767012,15.445746504983797,15.481436305047174,2786400,0,8378.0,9.130664825454005,129693.83312988281,129702.96379470827,29.70296379470827,-0.0024478847009062887
2017-03-24,15.491019248962402,15.590298522877704,15.433298781836967,15.54296731707752,3411200,0,8378.0,9.130664825454005,129783.759267807,129792.88993263246,29.79288993263247,0.0006933236935628972
2017-03-27,15.502565383911133,15.532581160168329,15.320170221450589,15.3674996752214,3182400,0,8378.0,9.130664825454005,129880.49278640747,129889.62345123292,29.889623451232914,0.0007452913534067296
2017-03-28,15.609928131103516,15.651486950834402,15.462163830169128,15.504876425465804,4418400,0,8378.0,9.130664825454005,130779.97788238525,130789.10854721071,30.78910854721071,0.006924995793182065
2017-03-29,15.646862030029297,15.657253051898218,15.570672359085668,15.605303227019723,3664000,0,8378.0,9.130664825454005,131089.41008758545,131098.5407524109,31.098540752410898,0.0023658866448232896
2017-03-30,15.6630277633667,15.690734226410015,15.63070443722741,15.65956467567243,2733600,0,8378.0,9.130664825454005,131224.8466014862,131233.97726631165,31.23397726631165,0.0010330894083445674
2017-03-31,15.657254219055176,15.701120575537864,15.626084674102312,15.652635595327206,5124800,0,8378.0,9.130664825454005,131176.47584724426,131185.6065120697,31.185606512069697,-0.0003685840759347636
2017-04-03,15.61108112335205,15.69535429564045,15.52103731203483,15.663029205036706,5156000,0,8378.0,9.130664825454005,130789.63765144348,130798.76831626894,30.798768316268934,-0.0029487853590490776
2017-04-04,15.60184097290039,15.612231995323883,15.553355993716352,15.556819080694584,2788000,0,8378.0,9.130664825454005,130712.22367095947,130721.35433578493,30.721354335784934,-0.00059185557693342
2017-04-05,15.545275688171388,15.729980114901052,15.521032318390825,15.6376287822806,3105600,0,8378.0,9.130664825454005,130238.31971549989,130247.45038032535,30.247450380325347,-0.003625298696357304
2017-04-06,15.552200317382812,15.597222204084945,15.50602465565858,15.560280265514692,3000800,0,8378.0,9.130664825454005,130296.3342590332,130305.46492385866,30.30546492385866,0.00044541788237628666
2017-04-07,15.541812896728516,15.58798856391656,15.493327917734431,15.54527598369318,2336800,0,8378.0,9.130664825454005,130209.3084487915,130218.43911361696,30.218439113616967,-0.0006678600187072226
2017-04-10,15.533733367919922,15.607615502691075,15.49794695659954,15.561439829017496,2972800,0,8378.0,9.130664825454005,130141.6181564331,130150.74882125856,30.150748821258567,-0.000519821100753104
2017-04-11,15.479476928710938,15.525654366696134,15.338638825462091,15.508337166893256,3040800,0,8378.0,9.130664825454005,129687.05770874023,129696.18837356569,29.69618837356569,-0.0034925688235351027
2017-04-12,15.399820327758787,15.47601176911698,15.380195579800876,15.467931819482034,2018400,0,8378.0,9.130664825454005,129019.69470596312,129028.82537078857,29.028825370788567,-0.005145586860693996
2017-04-13,15.342097282409668,15.48755396629832,15.339789732323757,15.385965394882575,2114400,0,8378.0,9.130664825454005,128536.0910320282,128545.22169685365,28.545221696853652,-0.0037480281832000806
2017-04-17,15.48755931854248,15.491022406356748,15.382507624205129,15.382507624205129,2530400,0,8378.0,9.130664825454005,129754.7719707489,129763.90263557436,29.763902635574357,0.009480561958146616
2017-04-18,15.484090805053713,15.511795497860032,15.419444173187488,15.442532004355623,2237600,0,8378.0,9.130664825454005,129725.71276474,129734.84342956546,29.73484342956545,-0.00022393905715445417
2017-04-19,15.486405372619627,15.5741416368993,15.46100821837966,15.5256566410292,2258400,0,8378.0,9.130664825454005,129745.10421180724,129754.23487663269,29.75423487663269,0.00014946984599206736
2017-04-20,15.64340114593506,15.67110760567227,15.519880256104017,15.55104980312226,2336800,0,8378.0,9.130664825454005,131060.41480064394,131069.54546546939,31.069545465469382,0.010136937650530475
2017-04-21,15.63185691833496,15.664180238155549,15.601841148866688,15.650327890086388,2978400,0,8378.0,9.130664825454005,130963.69726181029,130972.82792663574,30.972827926635738,-0.0007379100804093541
2017-04-24,15.8396577835083,15.848891511880645,15.778472442986864,15.80271582406061,3378400,0,8378.0,9.130664825454005,132704.65291023254,132713.78357505798,32.71378357505799,0.013292494908924368
2017-04-25,15.937773704528809,15.967789472157229,15.854656098231006,15.889288727769877,7231200,0,8378.0,9.130664825454005,133526.66809654236,133535.7987613678,33.53579876136781,0.0061938945915509525
2017-04-26,15.900832176208496,15.964323269908164,15.885824293667124,15.941235439336598,5814400,0,8378.0,9.130664825454005,133217.17197227478,133226.30263710022,33.226302637100225,-0.002317701523773863
2017-04-27,15.998950958251951,16.001260269042884,15.93661365880098,15.958547707594771,3024800,0,8378.0,9.130664825454005,134039.21112823483,134048.3417930603,34.04834179306031,0.006170246713212979
2017-04-28,16.023202896118164,16.069378567729554,15.985107174368734,16.060143081109484,3768800,0,8378.0,9.130664825454005,134242.39386367798,134251.52452850342,34.25152452850342,0.0015157422518272679
2017-05-01,16.166345596313477,16.18597210274405,16.053213988388187,16.079764906663904,3083200,0,8378.0,9.130664825454005,135441.6434059143,135450.77407073975,35.450774070739755,0.008932856043520898
2017-05-02,16.198671340942383,16.224066723715087,16.14325842901454,16.20328820285868,4432000,0,8378.0,9.130664825454005,135712.46849441528,135721.59915924072,35.72159915924071,0.001999435517138881
2017-05-03,16.169809341430664,16.185970998603224,16.097081003409887,16.166344493511488,5076800,0,8378.0,9.130664825454005,135470.6626625061,135479.79332733154,35.479793327331535,-0.0017816311729828005
2017-05-04,16.192899703979492,16.21714131278538,16.138642326095546,16.17904559460162,5067200,0,8378.0,9.130664825454005,135664.1137199402,135673.24438476562,35.673244384765624,0.0014278960181661748
2017-05-05,16.267934799194336,16.267934799194336,16.173274157485594,16.225222220989426,2594400,0,8378.0,9.130664825454005,136292.75774765015,136301.8884124756,36.30188841247559,0.004633515108750208
2017-05-08,16.322195053100586,16.333739852132545,16.25177600657927,16.272556292538994,2988000,0,8378.0,9.130664825454005,136747.3501548767,136756.48081970215,36.756480819702155,0.003335187887132385
2017-05-09,16.356826782226562,16.39953936559749,16.324503460515224,16.348745071054267,4132800,0,8378.0,9.130664825454005,137037.49478149414,137046.62544631958,37.04662544631958,0.0021216151869245525
2017-05-10,16.42031478881836,16.434167133596528,16.338350972074597,16.37529290680091,3572800,0,8378.0,9.130664825454005,137569.39730072021,137578.52796554565,37.57852796554566,0.0038811792519066746
2017-05-11,16.398387908935547,16.40416030894779,16.299108617788136,16.382226245794765,4152000,0,8378.0,9.130664825454005,137385.693901062,137394.82456588745,37.394824565887454,-0.001335262139919191
2017-05-12,16.443405151367188,16.44571446301557,16.385684690578334,16.405309435867903,3113600,0,8378.0,9.130664825454005,137762.8483581543,137771.97902297974,37.77197902297973,0.0027450412217777664
2017-05-15,16.554235458374023,16.554235458374023,16.457265460093193,16.46650094966606,3164800,0,8378.0,9.130664825454005,138691.38467025757,138700.515335083,38.70051533508301,0.006739660115852697
2017-05-16,16.646581649780273,16.646581649780273,16.53229625714657,16.585398098181336,3664000,0,8378.0,9.130664825454005,139465.06106185913,139474.19172668457,39.47419172668456,0.005578035450931607
2017-05-17,16.167512893676758,16.517298993388607,16.159431177915994,16.49882801006965,20567200,0,8378.0,9.130664825454005,135451.42302322388,135460.55368804932,35.46055368804932,-0.028776922733493415
2017-05-18,16.246000289916992,16.302566975241255,16.080920618698222,16.13286868075713,6358400,0,8378.0,9.130664825454005,136108.99042892456,136118.12109375,36.11812109375001,0.004854309153460301
2017-05-19,16.33835220336914,16.39722643460165,16.31988123461397,16.3233443210695,3265600,0,8378.0,9.130664825454005,136882.71475982666,136891.8454246521,36.89184542465209,0.005684212540439049
2017-05-22,16.505746841430664,16.51382855359411,16.38568902627723,16.38799833853666,3655200,0,8378.0,9.130664825454005,138285.1470375061,138294.27770233154,38.294277702331534,0.010244819721211051
2017-05-23,16.51959991455078,16.56923867532732,16.473422479712,16.561158725161174,3413600,0,8378.0,9.130664825454005,138401.20808410645,138410.33874893188,38.41033874893189,0.0008392324579773458
2017-05-24,16.600406646728516,16.61194968322493,16.53691378078723,16.568083326156383,2850400,0,8378.0,9.130664825454005,139078.2068862915,139087.33755111694,39.08733755111695,0.004891244456912247
2017-05-25,16.73432159423828,16.770108008412336,16.63504230258323,16.673136267582645,3344000,0,8378.0,9.130664825454005,140200.14631652832,140209.27698135376,40.20927698135377,0.00806643832566345
2017-05-26,16.73432159423828,16.74009223279086,16.676601116799045,16.73547536965096,2774400,0,8378.0,9.130664825454005,140200.14631652832,140209.27698135376,40.20927698135377,0.0
2017-05-30,16.77587127685547,16.788568083951244,16.71584151977765,16.725077002519487,2624000,0,8378.0,9.130664825454005,140548.24955749512,140557.38022232056,40.55738022232056,0.0024827404324543334
2017-05-31,16.729700088500977,16.83590553732028,16.66620722195442,16.82782558784465,4096000,0,8378.0,9.130664825454005,140161.42734146118,140170.55800628662,40.17055800628662,-0.0027520590909000386
2017-06-01,16.81166648864746,16.81166648864746,16.690453136135257,16.781650713622277,2329600,0,8378.0,9.130664825454005,140848.14184188843,140857.27250671387,40.85727250671387,0.004899135097945706
2017-06-02,16.96520233154297,16.975591594006634,16.808202573298818,16.867076822081977,2533600,0,8378.0,9.130664825454005,142134.465133667,142143.59579849243,42.14359579849243,0.00913210421362698
2017-06-05,16.983675003051758,17.035624848927817,16.94557927143771,16.966359562086016,2682400,0,8378.0,9.130664825454005,142289.22917556763,142298.35984039307,42.298359840393076,0.0010887865966191512
2017-06-06,16.955968856811523,17.03908648936368,16.929416167600927,16.964048808079202,2756000,0,8378.0,9.130664825454005,142057.10708236694,142066.23774719238,42.06623774719238,-0.001631235198079839
2017-06-07,16.99289894104004,17.02868533570284,16.909781357925308,17.0021344237737,3537600,0,8378.0,9.130664825454005,142366.50732803345,142375.6379928589,42.375637992858884,0.0021778590787846497
2017-06-08,17.061016082763672,17.07140710629944,16.946730677271095,17.035620696034535,3068800,0,8378.0,9.130664825454005,142937.19274139404,142946.32340621948,42.94632340621949,0.004008308032229735
2017-06-09,16.587709426879883,17.115273621858627,16.342975190726953,17.08756892281581,14231200,0,8378.0,9.130664825454005,138971.82957839966,138980.9602432251,38.980960243225105,-0.02774022492153061
2017-06-12,16.461881637573242,16.501131141303983,16.16288821176979,16.423785909308958,10732000,0,8378.0,9.130664825454005,137917.64435958862,137926.77502441406,37.92677502441406,-0.007585105304828477
2017-06-13,16.605024337768555,16.662744807597967,16.46880487448583,16.581936502134578,4241600,0,8378.0,9.130664825454005,139116.89390182495,139126.0245666504,39.1260245666504,0.008694827686821949
2017-06-14,16.509212493896484,16.683529486037692,16.376456082925245,16.68122017341949,3848800,0,8378.0,9.130664825454005,138314.18227386475,138323.3129386902,38.32331293869018,-0.00576967271551454
2017-06-15,16.43186378479004,16.451488534176306,16.22753457921531,16.32104146337477,4173600,0,8378.0,9.130664825454005,137666.15478897095,137675.2854537964,37.67528545379639,-0.0046848753917644315
2017-06-16,16.405311584472656,16.444561080192305,16.329120143495288,16.41570084601805,5252800,0,8378.0,9.130664825454005,137443.7004547119,137452.83111953735,37.45283111953734,-0.0016157898894183509
2017-06-19,16.6696720123291,16.677753724119366,16.52537082883772,16.54384180308199,3422400,0,8378.0,9.130664825454005,139658.5121192932,139667.64278411865,39.66764278411865,0.016113248788998558
2017-06-20,16.531139373779297,16.683522233528635,16.528830062164978,16.661588176914233,4712000,0,8378.0,9.130664825454005,138497.88567352295,138507.0163383484,38.507016338348386,-0.008309916474814605
2017-06-21,16.643117904663086,16.647736528085336,16.553074124305134,16.57962504377255,2194400,0,8378.0,9.130664825454005,139436.04180526733,139445.17247009277,39.445172470092785,0.006773347347636349
2017-06-22,16.668519973754883,16.715851189629053,16.591174742723286,16.70430638915122,2057600,0,8378.0,9.130664825454005,139648.8603401184,139657.99100494385,39.65799100494385,0.0015261807281046202
2017-06-23,16.778186798095703,16.83129040871985,16.621187039867046,16.650047276589305,3786400,0,8378.0,9.130664825454005,140567.6489944458,140576.77965927124,40.576779659271246,0.006578847710152713
2017-06-26,16.688138961791992,16.921330111290857,16.673131078651934,16.88438817171183,3438400,0,8378.0,9.130664825454005,139813.2282218933,139822.35888671875,39.822358886718746,-0.005366610149848738
2017-06-27,16.407625198364258,16.644277771450326,16.407625198364258,16.633888507180956,4551200,0,8378.0,9.130664825454005,137463.08391189575,137472.2145767212,37.472214576721186,-0.01680807224759806
2017-06-28,16.621335983276367,16.64680412006012,16.358533853505346,16.46620063582457,4972800,0,8378.0,9.130664825454005,139253.5528678894,139262.68353271484,39.262683532714846,0.013024224287842667
2017-06-29,16.327272415161133,16.55071257387847,16.1790848739178,16.55071257387847,5286400,0,8378.0,9.130664825454005,136789.88829421997,136799.0189590454,36.799018959045405,-0.017690773372830204
2017-06-30,16.305278778076172,16.421050428190092,16.28907081772163,16.384004418751935,3128800,0,8378.0,9.130664825454005,136605.62560272217,136614.7562675476,36.6147562675476,-0.0013469591587712548
2017-07-03,16.17329216003418,16.4059942065204,16.152454119979282,16.390943333235583,3362400,0,8378.0,9.130664825454005,135499.84171676636,135508.9723815918,35.50897238159181,-0.008094176033152878
2017-07-05,16.340009689331055,16.37242560818111,16.18371726402643,16.22655397335586,3208800,0,8378.0,9.130664825454005,136896.60117721558,136905.73184204102,36.90573184204102,0.010307505369577807
2017-07-06,16.19297981262207,16.278651467947398,16.142040004944047,16.2219227245723,3064800,0,8378.0,9.130664825454005,135664.7848701477,135673.91553497314,35.67391553497315,-0.008997551019186756
2017-07-07,16.404836654663086,16.460406532396327,16.2450730353632,16.2450730353632,2451200,-1,0.0,137448.85215759277,0.0,137448.85215759277,37.44885215759277,0.013082371918145874
2017-07-10,16.52408218383789,16.56691888281167,16.378210584276676,16.40715348814844,3103200,0,0.0,137448.85215759277,0.0,137448.85215759277,37.44885215759277,0.0
2017-07-11,16.587766647338867,16.60513169322528,16.461575936469067,16.509042750606195,2880000,0,0.0,137448.85215759277,0.0,137448.85215759277,37.44885215759277,0.0
2017-07-12,16.814678192138672,16.827413146655644,16.69774767342769,16.717428645583826,4400000,0,0.0,137448.85215759277,0.0,137448.85215759277,37.44885215759277,0.0
2017-07-13,16.855192184448242,16.909604995088685,16.808884236323816,16.84130015331791,2991200,0,0.0,137448.85215759277,0.0,137448.85215759277,37.44885215759277,0.0
2017-07-14,16.992961883544922,17.013801698208557,16.889925190327514,16.920025182024865,2996800,0,0.0,137448.85215759277,0.0,137448.85215759277,37.44885215759277,0.0
2017-07-17,17.003381729125977,17.0450595939318,16.960546783768812,17.017275528418047,6020000,0,0.0,137448.85215759277,0.0,137448.85215759277,37.44885215759277,0.0
2017-07-18,17.084423065185547,17.084423065185547,16.914238600088556,16.98138460185667,2869600,0,0.0,137448.85215759277,0.0,137448.85215759277,37.44885215759277,0.0
2017-07-19,17.187461853027344,17.20714282373795,17.105263195085037,17.11799814866665,2722400,1,7997.0,0.7197189331054688,137448.13243865967,137448.85215759277,37.44885215759277,0.0
2017-07-20,17.203664779663086,17.23376476725692,17.11220420347416,17.23376476725692,2308800,0,7997.0,0.7197189331054688,137577.7072429657,137578.4269618988,37.57842696189881,0.0009427128875363344
2017-07-21,17.166616439819336,17.182824396682626,17.10525761979868,17.13651645322603,5376800,0,7997.0,0.7197189331054688,137281.43166923523,137282.15138816833,37.28215138816833,-0.002153503134706747
2017-07-24,17.234926223754883,17.251134185272328,17.137678454650217,17.17125322485191,2801600,0,7997.0,0.7197189331054688,137827.7050113678,137828.4247303009,37.8284247303009,0.003979201495669882
2017-07-25,17.214086532592773,17.246502452538273,17.1226259418975,17.179354685069697,2596000,0,7997.0,0.7197189331054688,137661.0500011444,137661.76972007751,37.66176972007751,-0.0012091483346015064
2017-07-26,17.24534797668457,17.275447973598673,17.187462144248318,17.266186028424624,2644000,0,7997.0,0.7197189331054688,137911.0477695465,137911.7674884796,37.91176748847962,0.0018160290174276117
2017-07-27,17.089052200317383,17.340276452267553,16.87718988280326,17.340276452267553,4290400,0,7997.0,0.7197189331054688,136661.1504459381,136661.87016487122,36.66187016487121,-0.00906302157075034
2017-07-28,17.064741134643555,17.10294599254105,16.989490265973956,17.002225218606455,3172800,0,7997.0,0.7197189331054688,136466.7348537445,136467.4545726776,36.46745457267762,-0.0014226030417925362
2017-07-31,16.97907257080078,17.130733167142917,16.952443816324923,17.10179025130555,7762400,0,7997.0,0.7197189331054688,135781.64334869385,135782.36306762695,35.782363067626946,-0.005020182337216572
2017-08-01,17.069372177124023,17.072845185264278,17.002224408853873,17.045059353607094,3818400,0,7997.0,0.7197189331054688,136503.76930046082,136504.48901939392,36.504489019393915,0.005318260306070188
2017-08-02,17.092519760131836,17.22681524643905,16.972118067723837,17.22681524643905,3678400,0,7997.0,0.7197189331054688,136688.8805217743,136689.6002407074,36.6896002407074,0.001356081566571632
2017-08-03,17.045059204101562,17.111049891257867,17.005697267833845,17.108733963672957,2108000,0,7997.0,0.7197189331054688,136309.3384552002,136310.0581741333,36.31005817413331,-0.0027766711286427714
2017-08-04,17.069372177124023,17.12609915443825,17.04158634546684,17.08094828207981,1963200,0,7997.0,0.7197189331054688,136503.76930046082,136504.48901939392,36.504489019393915,0.001426386635476673
2017-08-07,17.173559188842773,17.179348122307687,17.087889333086153,17.095992426709454,1896800,0,7997.0,0.7197189331054688,137336.95283317566,137337.67255210876,37.33767255210876,0.006103707934443703
2017-08-08,17.15157127380371,17.289339836278582,17.10873632351789,17.144625256626053,2433600,0,7997.0,0.7197189331054688,137161.11547660828,137161.83519554138,37.16183519554139,-0.001280328647630613
2017-08-09,17.135358810424805,17.145779599989353,17.0242190317057,17.035795135115855,2981600,0,7997.0,0.7197189331054688,137031.46440696716,137032.18412590027,37.03218412590026,-0.000945241578725442
2017-08-10,16.77067756652832,17.06589556179621,16.760258544309814,17.041582743418235,4036800,0,7997.0,0.7197189331054688,134115.10849952698,134115.82821846008,34.11582821846009,-0.021282269753219007
2017-08-11,16.902658462524414,16.94317924079512,16.777624886570862,16.781097894247218,3209600,0,7997.0,0.7197189331054688,135170.55972480774,135171.27944374084,35.17127944374086,0.007869699194352764
2017-08-14,17.17588233947754,17.19209030007546,17.038113791127596,17.050848743492764,2333600,0,7997.0,0.7197189331054688,137355.53106880188,137356.25078773499,37.35625078773499,0.016164464470453943
2017-08-15,17.209455490112305,17.237241322749913,17.156201519059255,17.21640327317313,2092000,0,7997.0,0.7197189331054688,137624.0155544281,137624.7352733612,37.62473527336121,0.0019546579357434535
2017-08-16,17.268505096435547,17.33565288625592,17.208303325124913,17.249981202719084,2132000,0,7997.0,0.7197189331054688,138096.23525619507,138096.95497512817,38.09695497512817,0.0034312124257969145
2017-08-17,16.925813674926758,17.230293658099338,16.925813674926758,17.189772876862317,3412800,0,7997.0,0.7197189331054688,135355.73195838928,135356.4516773224,35.3564516773224,-0.01984477715891242
2017-08-18,16.921180725097656,17.028847485809372,16.851717045162204,16.922337805367167,2527200,0,7997.0,0.7197189331054688,135318.68225860596,135319.40197753906,35.319401977539066,-0.0002737194963683409
2017-08-21,16.901506423950195,16.93971128632173,16.784575908848854,16.924660404211153,5631200,0,7997.0,0.7197189331054688,135161.3468723297,135162.06659126282,35.16206659126282,-0.0011626964350784919
2017-08-22,17.150415420532227,17.167780464719144,16.986019858265813,16.991808795173295,2568800,0,7997.0,0.7197189331054688,137151.87211799622,137152.59183692932,37.15259183692932,0.014726951842827019
2017-08-23,17.119150161743164,17.161986865583764,17.041583382538377,17.07052628969844,2136800,0,7997.0,0.7197189331054688,136901.84384346008,136902.5635623932,36.90256356239318,-0.0018229934351762234
2017-08-24,17.11684226989746,17.18746305989336,17.026540507809,17.17241217736678,2223200,0,7997.0,0.7197189331054688,136883.38763237,136884.1073513031,36.8841073513031,-0.00013481275010363003
2017-08-25,17.10525894165039,17.222187656161886,17.07631603311968,17.177036789515373,1762400,0,7997.0,0.7197189331054688,136790.75575637817,136791.47547531128,36.79147547531127,-0.0006767175370774314
2017-08-28,17.149255752563477,17.173566810757507,17.091369925292593,17.15272876087691,1808800,0,7997.0,0.7197189331054688,137142.59825325012,137143.31797218323,37.14331797218322,0.002572108354335745
2017-08-29,17.21871566772461,17.246501497511456,16.983699377866216,17.002223264390782,6322400,0,7997.0,0.7197189331054688,137698.0691947937,137698.7889137268,37.6987889137268,0.004050295338896781
2017-08-30,17.37848472595215,17.38543074321533,17.225665280020454,17.244189170412554,2482400,0,7997.0,0.7197189331054688,138975.74235343933,138976.46207237244,38.97646207237244,0.00927875378371068
2017-08-31,17.506982803344727,17.53129385190461,17.400473135358894,17.41899701671327,2331200,0,7997.0,0.7197189331054688,140003.34147834778,140004.06119728088,40.00406119728088,0.00739405155078221
2017-09-01,17.49424934387207,17.56487010182522,17.466463519476914,17.5451891386625,2365600,0,7997.0,0.7197189331054688,139901.51200294495,139902.23172187805,39.90223172187805,-0.0007273322968777141
2017-09-05,17.346067428588867,17.48152005410999,17.21756081978135,17.42479130672342,7812000,0,7997.0,0.7197189331054688,138716.50122642517,138717.22094535828,38.71722094535828,-0.008470277864298437
2017-09-06,17.37269401550293,17.423633825612153,17.27660333125785,17.406268784227297,2108800,0,7997.0,0.7197189331054688,138929.43404197693,138930.15376091003,38.930153760910024,0.001535013562848464
2017-09-07,17.453731536865234,17.476887277730302,17.37037581604901,17.40973951559862,2196000,0,7997.0,0.7197189331054688,139577.49110031128,139578.21081924438,39.578210819244376,0.004664624926922656
2017-09-08,17.31480598449707,17.439839566155744,17.303229880559332,17.439839566155744,1678400,0,7997.0,0.7197189331054688,138466.50345802307,138467.22317695618,38.46722317695617,-0.007959606558698096
2017-09-11,17.574132919311523,17.58455194152855,17.454888287623866,17.45604536791416,1802400,0,7997.0,0.7197189331054688,140540.34095573425,140541.06067466736,40.541060674667364,0.014977100357251194
2017-09-12,17.605392456054688,17.638965451162818,17.5278239101353,17.632019436073882,1872000,0,7997.0,0.7197189331054688,140790.32347106934,140791.04319000244,40.79104319000244,0.00177871516078687
2017-09-13,17.572975158691406,17.581080020828818,17.52087827785131,17.581080020828818,3473600,0,7997.0,0.7197189331054688,140531.08234405518,140531.80206298828,40.53180206298828,-0.0018413183192648175
2017-09-14,17.525510787963867,17.593815629099034,17.469939130889692,17.51624884511817,1851200,0,7997.0,0.7197189331054688,140151.50977134705,140152.22949028015,40.15222949028014,-0.00270097278435244
2017-09-15,17.575302124023438,17.59961495917031,17.471108296904873,17.50931317125795,1801600,0,7997.0,0.7197189331054688,140549.69108581543,140550.41080474854,40.55041080474852,0.0028410630063933073
2017-09-18,17.59381866455078,17.67022838130947,17.53940584502886,17.603080608994436,3210400,0,7997.0,0.7197189331054688,140697.7678604126,140698.4875793457,40.69848757934571,0.001053549212338245
2017-09-19,17.654016494750977,17.681800555368806,17.581079802559408,17.634335529635052,4009600,0,7997.0,0.7197189331054688,141179.16990852356,141179.88962745667,41.17988962745667,0.0034215154433658856
2017-09-20,17.5660343170166,17.648232976822136,17.43752769761118,17.648232976822136,4621600,0,7997.0,0.7197189331054688,140475.57643318176,140476.29615211487,40.47629615211488,-0.004983666421601751
2017-09-21,17.467626571655273,17.548666370816797,17.403951812837242,17.548666370816797,2000000,0,7997.0,0.7197189331054688,139688.60969352722,139689.32941246033,39.689329412460324,-0.0056021318984832424
2017-09-22,17.48151969909668,17.502357748814315,17.39816396715565,17.405109983728195,2081600,0,7997.0,0.7197189331054688,139799.71303367615,139800.43275260925,39.80043275260925,0.0007953602513250946
2017-09-25,17.24302864074707,17.431736982483205,17.160829997658215,17.431736982483205,5807200,0,7997.0,0.7197189331054688,137892.50004005432,137893.21975898743,37.89321975898743,-0.01364239692302549
2017-09-26,17.299755096435547,17.38311081749433,17.24650113197494,17.33332986086659,3912000,0,7997.0,0.7197189331054688,138346.14150619507,138346.86122512817,38.34686122512818,0.0032898025510872397
2017-09-27,17.509777069091797,17.56782565753753,17.386712573524886,17.407610986546562,3042400,0,7997.0,0.7197189331054688,140025.6872215271,140026.4069404602,40.026406940460205,0.012140107122480703
2017-09-28,17.535316467285156,17.53880101230431,17.43547282629661,17.485395532542032,2148000,0,7997.0,0.7197189331054688,140229.9257888794,140230.6455078125,40.230645507812504,0.001458571792384511
2017-09-29,17.645614624023438,17.665350936067544,17.54693129230016,17.57131248453273,6312800,0,7997.0,0.7197189331054688,141111.98014831543,141112.69986724854,41.11269986724852,0.006290025666229271
2017-10-02,17.695531845092773,17.743132113736127,17.600333079308438,17.694371511041364,4091200,0,7997.0,0.7197189331054688,141511.1681652069,141511.88788414001,41.51188788414002,0.002828859608433598
2017-10-03,17.740814208984375,17.747779758078085,17.695536368372426,17.725721004946116,3272000,0,7997.0,0.7197189331054688,141873.29122924805,141874.01094818115,41.87401094818115,0.002558958610866746
2017-10-04,17.730361938476562,17.757063794559432,17.6537373724971,17.714108403708412,2831200,0,7997.0,0.7197189331054688,141789.70442199707,141790.42414093018,41.79042414093017,-0.0005891622200031588
2017-10-05,17.897539138793945,17.907987458341704,17.770993655820956,17.804661053753335,2219200,0,7997.0,0.7197189331054688,143126.62049293518,143127.3402118683,43.12734021186828,0.00942881777128557
2017-10-06,17.952106475830078,17.959072022788323,17.836009302519923,17.86038871687378,2334400,0,7997.0,0.7197189331054688,143562.99548721313,143563.71520614624,43.563715206146234,0.0030488584056127532
2017-10-09,17.9915828704834,18.03570037249317,17.96836378524239,17.986937990533605,2471200,0,7997.0,0.7197189331054688,143878.68821525574,143879.40793418884,43.879407934188855,0.002198972961860779
2017-10-10,18.00319480895996,18.104198812557016,17.917282237708974,18.05079331767066,1958400,0,7997.0,0.7197189331054688,143971.5488872528,143972.2686061859,43.97226860618591,0.0006454062699474683
2017-10-11,18.07633209228516,18.080976971917217,17.98345398617175,17.991581639776594,2212800,0,7997.0,0.7197189331054688,144556.42774200442,144557.14746093753,44.55714746093753,0.004062441054891286
2017-10-12,18.09026336669922,18.154115398245928,18.05659419259044,18.06588217953416,5272000,0,7997.0,0.7197189331054688,144667.83614349365,144668.55586242676,44.66855586242675,0.0007706876031110532
2017-10-13,18.172691345214844,18.211003626987544,18.121608302851246,18.16804823750105,2424800,0,7997.0,0.7197189331054688,145327.0126876831,145327.7324066162,45.32773240661621,0.004556460388090766
2017-10-16,18.22145652770996,18.23771006604693,18.16340792343468,18.21565131298187,2201600,0,7997.0,0.7197189331054688,145716.98785209656,145717.70757102966,45.71770757102966,0.0026834187663669073
2017-10-17,18.21216583251953,18.219131380557187,18.169210438618947,18.214488272366268,2772800,0,7997.0,0.7197189331054688,145642.6901626587,145643.4098815918,45.64340988159179,-0.0005098741304425669
2017-10-18,18.27486228942871,18.30852970093778,18.216813684307475,18.27370018356447,2056000,0,7997.0,0.7197189331054688,146144.0737285614,146144.7934474945,46.144793447494514,0.0034425420711472476
2017-10-19,18.21449089050293,18.21449089050293,18.06472627165861,18.17617859928629,2286400,0,7997.0,0.7197189331054688,145661.28365135193,145662.00337028503,45.662003370285035,-0.0033035051459627818
2017-10-20,18.33639144897461,18.37122096213077,18.30272227003935,18.320137912368747,2576000,0,7997.0,0.7197189331054688,146636.12241744995,146636.84213638306,46.63684213638306,0.006692471224770236
2017-10-23,18.270214080810547,18.392116483659542,18.24699499729229,18.392116483659542,2684800,0,7997.0,0.7197189331054688,146106.90200424194,146107.62172317505,46.10762172317504,-0.003609054897102837
2017-10-24,18.32941627502441,18.357278453715534,18.245826195947654,18.298069552495203,12344800,0,7997.0,0.7197189331054688,146580.3419513702,146581.06167030332,46.58106167030331,0.0032403507876219706
2017-10-25,18.262086868286133,18.36541328819176,18.12509127395484,18.285305950112782,4807200,0,7997.0,0.7197189331054688,146041.9086856842,146042.6284046173,46.042628404617304,-0.0036732798872549655
2017-10-26,18.338716506958008,18.397925447724337,18.308530097878684,18.35264760560823,5240800,0,7997.0,0.7197189331054688,146654.7159061432,146655.4356250763,46.6554356250763,0.004196084575807335
2017-10-27,18.806583404541016,18.85418190346361,18.62314964191724,18.63359796327812,6008800,0,7997.0,0.7197189331054688,150396.2474861145,150396.9672050476,50.3969672050476,0.025512396209687926
2017-10-30,18.86811828613281,18.918039234050152,18.63360143559551,18.63360143559551,4676800,0,7997.0,0.7197189331054688,150888.34193420407,150889.06165313718,50.889061653137176,0.0032719705538919452
2017-10-31,18.95054054260254,18.99465803403558,18.85534178448656,18.93312667572225,5731200,0,7997.0,0.7197189331054688,151547.4727191925,151548.1924381256,51.548192438125604,0.004368313897422427
2017-11-01,18.94357681274414,19.05270844633348,18.84025039250576,19.039937685562336,6000000,0,7997.0,0.7197189331054688,151491.7837715149,151492.503490448,51.492503490448,-0.000367466921127102
2017-11-02,18.957508087158203,18.97027884805032,18.81122627544142,18.93080623129375,2616000,0,7997.0,0.7197189331054688,151603.19217300415,151603.91189193726,51.60391189193725,0.0007354053759913715
2017-11-03,19.10843276977539,19.125848408162724,18.938931893752923,19.06547738379064,7180000,0,7997.0,0.7197189331054688,152810.1368598938,152810.8565788269,52.810856578826915,0.007961171132246037
2017-11-06,19.19434928894043,19.20015450293863,19.115402275870583,19.121207489868787,3505600,0,7997.0,0.7197189331054688,153497.21126365662,153497.93098258972,53.49793098258972,0.004496240772057902
2017-11-07,19.18621826171875,19.22104776808164,19.10959547352313,19.22104776808164,3400000,0,7997.0,0.7197189331054688,153432.18743896484,153432.90715789795,53.432907157897944,-0.00042361368831189683
2017-11-08,19.29767608642578,19.299998526369595,19.137461388852525,19.190866878544487,2352800,0,7997.0,0.7197189331054688,154323.51566314697,154324.23538208008,54.32423538208009,0.005809237670670431
2017-11-09,19.12584686279297,19.165319472211305,18.92615960496809,19.152548713693363,4783200,0,7997.0,0.7197189331054688,152949.39736175537,152950.11708068848,52.950117080688486,-0.008904099203793425
2017-11-10,19.132816314697266,19.145587075822192,19.055031413846333,19.099147139230443,2346400,0,7997.0,0.7197189331054688,153005.13206863403,153005.85178756714,53.00585178756714,0.0003643979353691318
2017-11-13,19.12932777404785,19.14093642606934,19.04225491212808,19.072439533186248,1976000,0,7997.0,0.7197189331054688,152977.23420906067,152977.95392799377,52.97795392799378,-0.00018233197781281074
2017-11-14,19.09566307067871,19.11888215164904,18.993498760108807,19.078249202826544,4284000,0,7997.0,0.7197189331054688,152708.01757621765,152708.73729515076,52.708737295150755,-0.001759839414310238
2017-11-15,18.95054054260254,19.024842660462163,18.89017128974937,19.003946020205813,3724000,0,7997.0,0.7197189331054688,151547.4727191925,151548.1924381256,51.548192438125604,-0.007599727936863809
2017-11-16,19.211759567260746,19.25471672561333,19.068960541418697,19.08057096724421,4862400,0,7997.0,0.7197189331054688,153636.44125938418,153637.1609783173,53.6371609783173,0.01378418644646362
2017-11-17,19.114234924316406,19.19898534876767,19.094498621170327,19.196664681222444,2453600,0,7997.0,0.7197189331054688,152856.5366897583,152857.2564086914,52.85725640869141,-0.005076275587622692
2017-11-20,19.18157958984375,19.201315901329405,19.13049653823255,19.144427635398262,2966400,0,7997.0,0.7197189331054688,153395.09197998047,153395.81169891357,53.39581169891356,0.003523256290707266
2017-11-21,19.417255401611328,19.42073817565823,19.26632869740293,19.27909945940908,2856800,0,7997.0,0.7197189331054688,155279.7914466858,155280.5111656189,55.2805111656189,0.012286511905583275
2017-11-22,19.36616897583008,19.43118310870284,19.34527233519337,19.43118310870284,2832000,0,7997.0,0.7197189331054688,154871.25329971316,154871.97301864627,54.87197301864626,-0.00263096858650147
2017-11-24,19.477628707885746,19.4869166969276,19.39403857801184,19.407969675823235,1537600,0,7997.0,0.7197189331054688,155762.5967769623,155763.31649589541,55.76331649589541,0.00575535689173301
2017-11-27,19.45672607421875,19.4961986904675,19.40332236317688,19.46253128755001,2608800,0,7997.0,0.7197189331054688,155595.43841552734,155596.15813446045,55.59615813446044,-0.0010731561525230138
2017-11-28,19.50548553466797,19.531027054627124,19.39867634733981,19.4950372141853,3306400,0,7997.0,0.7197189331054688,155985.36782073975,155986.08753967285,55.986087539672845,0.002506034916848199
2017-11-29,18.999303817749023,19.497361738712144,18.85998754857491,19.48575131148827,7084000,0,7997.0,0.7197189331054688,151937.43263053894,151938.15234947205,51.938152349472055,-0.025950616840564544
2017-11-30,19.15719413757324,19.21059961733511,19.00278468281875,19.09566277677288,3742400,0,7997.0,0.7197189331054688,153200.0815181732,153200.8012371063,53.20080123710629,0.008310281967428779
2017-12-01,19.05154800415039,19.146746770856723,18.75317740032796,19.057351445966017,9050400,0,7997.0,0.7197189331054688,152355.22938919067,152355.94910812378,52.35594910812378,-0.0055146717390528455
2017-12-04,18.681196212768555,19.19782826947336,18.66726334762554,19.169964310689576,6482400,0,7997.0,0.7197189331054688,149393.52611351013,149394.24583244324,49.39424583244323,-0.019439367435390986
2017-12-05,18.72415542602539,18.938935944896333,18.57439082427131,18.657980946204667,11914400,0,7997.0,0.7197189331054688,149737.07094192505,149737.79066085815,49.73779066085815,0.0022995854124143733
2017-12-06,18.843734741210938,18.8832073608928,18.601092037781065,18.63243877529433,10682400,0,7997.0,0.7197189331054688,150693.34672546387,150694.06644439697,50.69406644439698,0.006386335602511339
2017-12-07,18.979564666748047,19.01323383775432,18.85766228516044,18.85766228516044,6937600,0,7997.0,0.7197189331054688,151779.57863998413,151780.29835891724,51.78029835891724,0.007208192997572693
2017-12-08,19.05154800415039,19.172288292254063,19.01787882980735,19.049225564522708,3776000,0,7997.0,0.7197189331054688,152355.22938919067,152355.94910812378,52.35594910812378,0.003792657910351993
2017-12-11,19.2036361694336,19.21060171722865,19.05038703193242,19.05038703193242,3516800,0,7997.0,0.7197189331054688,153571.4784469605,153572.1981658936,53.5721981658936,0.007982944314873341
2017-12-12,19.15488052368164,19.24427410553738,19.117728563817217,19.1978359272098,2660800,0,7997.0,0.7197189331054688,153181.57954788208,153182.2992668152,53.18229926681519,-0.0025388638290978482
2017-12-13,19.174606323242188,19.266322295170784,19.15487001970064,19.223366915198124,3497600,0,7997.0,0.7197189331054688,153339.32676696777,153340.04648590088,53.34004648590087,0.0010298005699138635
2017-12-14,19.156797409057617,19.274365977390964,19.143992770827115,19.21267138669902,2433600,0,7997.0,0.7197189331054688,153196.90888023376,153197.62859916687,53.197628599166876,-0.0009287716418365788
2017-12-15,19.37680625915528,19.40823437761626,19.159127373558487,19.216166548879936,3888800,0,7997.0,0.7197189331054688,154956.31965446478,154957.03937339789,54.95703937339789,0.011484582302735413
2017-12-18,19.55956649780273,19.5770265681108,19.49787188111094,19.51300512617958,3600000,0,7997.0,0.7197189331054688,156417.85328292844,156418.57300186154,56.418573001861546,0.009431863401454299
2017-12-19,19.455963134765625,19.53395439791605,19.39776054051585,19.531625796809443,5018400,0,7997.0,0.7197189331054688,155589.3371887207,155590.0569076538,55.59005690765382,-0.005296788471519154
2017-12-20,19.435014724731445,19.536286689471844,19.33839818688148,19.530466073706897,4673600,0,7997.0,0.7197189331054688,155421.81275367737,155422.53247261047,55.42253247261046,-0.0010767039897848774
2017-12-21,19.38612174987793,19.50602074322129,19.36866167988748,19.47342565223505,3453600,0,7997.0,0.7197189331054688,155030.8156337738,155031.5353527069,55.0315353527069,-0.0025157042140750985
2017-12-22,19.36284065246582,19.42453526672252,19.32209989795422,19.382629323434724,2173600,0,7997.0,0.7197189331054688,154844.63669776917,154845.35641670227,54.84535641670227,-0.0012009100960076458
2017-12-26,19.22780990600586,19.24760035288136,19.143999796885385,19.24760035288136,2616000,0,7997.0,0.7197189331054688,153764.79581832886,153765.51553726196,53.76551553726196,-0.006973672988516144
2017-12-27,19.25806999206543,19.28833469429168,19.21267205062516,19.226640101467773,2235200,0,7997.0,0.7197189331054688,154006.78572654724,154007.50544548035,54.00750544548034,0.0015737592877886897
2017-12-28,19.27553367614746,19.31743961274828,19.24643238062473,19.31743961274828,3792000,0,7997.0,0.7197189331054688,154146.44280815125,154147.16252708435,54.14716252708436,0.000906819970884154
2017-12-29,19.17542839050293,19.319771480132616,19.169607775173866,19.30929543826175,3431200,0,7997.0,0.7197189331054688,153345.90083885193,153346.62055778503,53.34662055778503,-0.005193361695247978
2018-01-02,19.437332153320312,19.439660753741062,19.21849167121511,19.262724421999284,9135200,0,7997.0,0.7197189331054688,155440.34523010254,155441.06494903564,55.44106494903565,0.01365823637737984
2018-01-03,19.63988494873047,19.662002220317703,19.474589782397388,19.475753194932693,5599200,0,7997.0,0.7197189331054688,157060.15993499756,157060.87965393066,57.06087965393068,0.010420764329079457
2018-01-04,19.7528018951416,19.8075124901646,19.699254712875568,19.73184803209744,4270400,0,7997.0,0.7197189331054688,157963.1567554474,157963.8764743805,57.963876474380484,0.005749342690805737
2018-01-05,19.963491439819336,19.97862468393107,19.815656341149904,19.85523545834964,5935200,0,7997.0,0.7197189331054688,159648.04104423523,159648.76076316833,59.64876076316834,0.010666263239374807
2018-01-08,20.058942794799805,20.079894876006403,19.940209006022453,19.975130917569,5086400,0,7997.0,0.7197189331054688,160411.36553001404,160412.08524894714,60.41208524894714,0.0047812741052915
2018-01-09,20.00772285461425,20.10666619163501,19.959996304650204,20.09502673938661,4617600,0,7997.0,0.7197189331054688,160001.75966835016,160002.47938728327,60.00247938728327,-0.002553460115104156
2018-01-10,19.94253730773925,19.951848159556505,19.841263588154376,19.90528679566156,3386400,0,7997.0,0.7197189331054688,159480.4708499908,159481.1905689239,59.48119056892389,-0.0032580046281508457
2018-01-11,20.072906494140625,20.072906494140625,19.954172731122444,19.99142323567788,3699200,0,7997.0,0.7197189331054688,160523.03323364258,160523.75295257568,60.523752952575684,0.006537212193692632
2018-01-12,20.18814849853516,20.209102353505408,20.02168995209182,20.0472992324988,3981600,0,7997.0,0.7197189331054688,161444.62354278567,161445.34326171878,61.445343261718776,0.005741146043447998
2018-01-16,20.097352981567383,20.38371049684918,20.04031558193875,20.3196872946315,5488000,0,7997.0,0.7197189331054688,160718.53179359436,160719.25151252747,60.719251512527464,-0.004497446222491819
2018-01-17,20.404664993286133,20.4174696352466,20.15090253141802,20.21608915368865,3756800,0,7997.0,0.7197189331054688,163176.1059513092,163176.8256702423,63.17682567024232,0.015291100067892582
2018-01-18,20.44540977478028,20.495464935673283,20.36276129915796,20.408161033462104,4218400,0,7997.0,0.7197189331054688,163501.9419689179,163502.661687851,63.50266168785102,0.0019968277742279383
2018-01-19,20.48847198486328,20.51873846384208,20.39302067536555,20.4768325343499,3587200,0,7997.0,0.7197189331054688,163846.31046295166,163847.03018188477,63.847030181884755,0.00210619503363918
2018-01-22,20.646785736083984,20.646785736083984,20.42678002196295,20.47916199652472,3824000,0,7997.0,0.7197189331054688,165112.34553146362,165113.06525039673,65.11306525039673,0.007726933268833447
2018-01-23,20.772499084472656,20.79112433513961,20.684031808107093,20.68752382058194,4268000,0,7997.0,0.7197189331054688,166117.67517852783,166118.39489746094,66.11839489746095,0.006088734683349362
2018-01-24,20.58741950988769,20.8400185288043,20.50011562783901,20.80626180927437,5635200,0,7997.0,0.7197189331054688,164637.59382057187,164638.31353950498,64.63831353950498,-0.008909798092315846
2018-01-25,20.53387451171875,20.73525676640297,20.481492532208684,20.70848229422045,5583200,0,7997.0,0.7197189331054688,164209.39447021484,164210.11418914795,64.21011418914794,-0.002600848740194839
2018-01-26,20.858646392822266,20.858646392822266,20.633983451285072,20.66657676256473,3272000,0,7997.0,0.7197189331054688,166806.59520339966,166807.31492233276,66.80731492233276,0.01581632621114437
2018-01-29,20.68636512756348,20.82488579846962,20.644459192103863,20.82372238611316,4627200,0,7997.0,0.7197189331054688,165428.86192512515,165429.58164405826,65.42958164405826,-0.00825942962343107
2018-01-30,20.47916412353516,20.599063102752307,20.42096152882103,20.49778938013221,6538400,0,7997.0,0.7197189331054688,163771.87549591067,163772.59521484378,63.772595214843776,-0.010016264399312136
2018-01-31,20.62350082397461,20.660751325656108,20.49312762049273,20.597891548119,6596800,0,7997.0,0.7197189331054688,164926.13608932495,164926.85580825806,64.92685580825805,0.007047947136088695
2018-02-01,20.608373641967773,20.753880126543976,20.51990633877824,20.53154756802521,3925600,0,7997.0,0.7197189331054688,164805.16401481628,164805.8837337494,64.80588373374938,-0.0007334892423420669
2018-02-02,20.02867317199707,20.397677346020807,20.01936054529655,20.387201307058444,6180800,0,7997.0,0.7197189331054688,160169.29935646057,160170.01907539368,60.170019075393675,-0.028129242435574353
2018-02-05,19.245269775390625,20.18815072415062,19.224315918110342,19.81681966971659,13896800,0,7997.0,0.7197189331054688,153904.42239379883,153905.14211273193,53.90514211273194,-0.03911391781574802
2018-02-06,19.731840133666992,19.772582654486904,18.812239982207554,18.95076242155289,13516000,0,7997.0,0.7197189331054688,157795.52554893494,157796.24526786804,57.79624526786804,0.025282476606830695
2018-02-07,19.51067924499512,19.895980243934744,19.504858628680072,19.70158373719069,10808000,0,7997.0,0.7197189331054688,156026.90192222598,156027.6216411591,56.02762164115909,-0.01120827446626893
2018-02-08,18.70747756958008,19.602631926615867,18.69467292851964,19.58517185980714,7523200,0,7997.0,0.7197189331054688,149603.6981239319,149604.41784286502,49.604417842865026,-0.04116709420250286
2018-02-09,19.15912628173828,19.275531450387817,18.387361221409176,18.9856837172197,10192800,0,7997.0,0.7197189331054688,153215.53287506104,153216.25259399414,53.21625259399414,0.024142567466976628
2018-02-12,19.50136375427246,19.6142769446554,19.21849996011069,19.34770980806424,6020800,0,7997.0,0.7197189331054688,155952.40594291687,155953.12566184998,55.95312566184998,0.017862811689489888
2018-02-13,19.56189346313477,19.601470803324545,19.3407225259168,19.381465054831303,4084800,0,7997.0,0.7197189331054688,156436.46202468875,156437.18174362186,56.43718174362184,0.0031038562370429013
2018-02-14,19.961164474487305,19.989102363705825,19.386122465540936,19.45247428635898,4979200,0,7997.0,0.7197189331054688,159629.43230247498,159630.15202140808,59.63015202140809,0.020410558680474367
2018-02-15,20.346460342407227,20.346460342407227,19.91809013865328,20.14973708300411,5687200,0,7997.0,0.7197189331054688,162710.6433582306,162711.3630771637,62.711363077163696,0.019302187066403187
2018-02-16,20.295242309570312,20.50127818373266,20.20793843116872,20.288256507288544,7195200,0,7997.0,0.7197189331054688,162301.0527496338,162301.7724685669,62.301772468566895,-0.0025172833713067444
2018-02-20,20.345293045043945,20.500112115831453,20.17068531085977,20.183489949081345,12955200,0,7997.0,0.7197189331054688,162701.30848121643,162702.02820014954,62.70202820014954,0.002466120520403736
2018-02-21,20.24402618408203,20.604881192474696,20.239368982000894,20.42911000225841,4133600,0,7997.0,0.7197189331054688,161891.477394104,161892.1971130371,61.892197113037106,-0.004977387781031295
2018-02-22,20.251012802124023,20.42911261616879,20.19513880341648,20.31387082864472,3287200,0,7997.0,0.7197189331054688,161947.34937858582,161948.06909751892,61.94806909751893,0.000345118452143911
2018-02-23,20.66307830810547,20.66307830810547,20.368573409712216,20.409315924213164,3156000,0,7997.0,0.7197189331054688,165242.63722991943,165243.35694885254,65.24335694885255,0.020347805748454517
2018-02-26,20.97156143188477,20.97621685839425,20.75388249826526,20.757376288400383,7978400,0,7997.0,0.7197189331054688,167709.5767707825,167710.2964897156,67.7102964897156,0.014929129899162286
2018-02-27,20.77948951721192,21.07865170362225,20.77948951721192,20.99134781242577,10240800,0,7997.0,0.7197189331054688,166173.57766914373,166174.29738807684,66.17429738807684,-0.009158645198227067
2018-02-28,20.643295288085938,20.989018833090043,20.643295288085938,20.884254876023057,3654400,0,7997.0,0.7197189331054688,165084.43241882324,165085.15213775635,65.08515213775634,-0.006554234123084313
2018-03-01,20.31852149963379,20.76900891078976,20.143913755625825,20.70149370329579,10119200,0,7997.0,0.7197189331054688,162487.2164325714,162487.93615150452,62.48793615150452,-0.015732583776429276
2018-03-02,20.545515060424805,20.57810836998257,20.015871115807983,20.08687834938785,5247200,0,7997.0,0.7197189331054688,164302.48393821716,164303.20365715027,64.30320365715028,0.011171706334882625
2018-03-05,20.75620651245117,20.82139312639199,20.396514947255003,20.43609228054736,3785600,0,7997.0,0.7197189331054688,165987.383480072,165988.1031990051,65.9881031990051,0.010254818557102974
2018-03-06,20.82605361938477,20.907536899688253,20.71663245317624,20.862138945219,52516000,0,7997.0,0.7197189331054688,166545.95079422,166546.6705131531,66.5466705131531,0.0033651045067870644
2018-03-07,20.95759010314941,20.97970737394525,20.61536032876878,20.671234323904063,5213600,0,7997.0,0.7197189331054688,167597.84805488584,167598.56777381894,67.59856777381894,0.006315930888469934
2018-03-08,21.03907585144043,21.07748977942349,20.9180134524267,21.025106020045097,4468000,0,7997.0,0.7197189331054688,168249.48958396912,168250.20930290222,68.25020930290222,0.003888109175030019
2018-03-09,21.454633712768555,21.454633712768555,21.17642546493682,21.19621412803093,5372000,0,7997.0,0.7197189331054688,171572.70580101013,171573.42551994324,71.57342551994323,0.019751631993861096
2018-03-12,21.53030776977539,21.60946245759616,21.45231471838391,21.52332196537724,6228800,0,7997.0,0.7197189331054688,172177.8712348938,172178.5909538269,72.1785909538269,0.0035271513175758606
2018-03-13,21.26955223083496,21.69326696715888,21.197381595766096,21.62924377014525,6681600,0,7997.0,0.7197189331054688,170092.60918998718,170093.3289089203,70.09332890892028,-0.01211104140970598
2018-03-14,21.274219512939453,21.39644536150456,21.16596350000082,21.370836068426048,3964000,0,7997.0,0.7197189331054688,170129.9334449768,170130.6531639099,70.13065316390991,0.00021943397327239822
2018-03-15,21.278867721557617,21.398764917466405,21.17875919353452,21.287015160709547,3104800,0,7997.0,0.7197189331054688,170167.10516929626,170167.82488822937,70.16782488822938,0.00021848928237311327
2018-03-16,21.25414085388184,21.38011739677984,21.22381165143218,21.314795699015608,2503200,0,7997.0,0.7197189331054688,169969.36440849307,169970.08412742618,69.97008412742618,-0.0011620337800819502
2018-03-19,20.8365421295166,21.071000697937173,20.648741398233263,21.071000697937173,5984800,0,7997.0,0.7197189331054688,166629.82740974426,166630.54712867737,66.63054712867738,-0.01964779282126594
2018-03-20,20.857534408569336,20.92518950791182,20.736222982774542,20.779381564470807,3238400,0,7997.0,0.7197189331054688,166797.70266532898,166798.42238426208,66.79842238426208,0.0010074698695856643
2018-03-21,20.76655578613281,21.025510903310376,20.70123409529209,20.81904630342392,3920800,0,7997.0,0.7197189331054688,166070.14662170407,166070.86634063718,66.07086634063717,-0.004361888039617012
2018-03-22,20.208988189697266,20.63008175217573,20.198490441186166,20.49710493138689,5284000,0,7997.0,0.7197189331054688,161611.27855300903,161611.99827194214,61.61199827194215,-0.026849188945333724
2018-03-23,19.670080184936523,20.252144498463743,19.66658093582821,20.176325061273715,6452800,0,7997.0,0.7197189331054688,157301.63123893738,157302.35095787048,57.30235095787049,-0.026666629706662448
2018-03-26,20.41661262512207,20.43527647023817,19.78905462718052,20.059675041717263,4456800,0,7997.0,0.7197189331054688,163271.6511631012,163272.3708820343,63.2723708820343,0.03795251557151058
2018-03-27,19.72373580932617,20.55892431062019,19.57559618942604,20.555425061638765,7929600,0,7997.0,0.7197189331054688,157730.71526718137,157731.43498611447,57.73143498611448,-0.033936763862657426
2018-03-28,19.5289363861084,19.829884254856232,19.415789257087148,19.6689116836956,6789600,0,7997.0,0.7197189331054688,156172.90427970886,156173.62399864197,56.173623998641965,-0.009876350821316215
2018-03-29,19.94652938842773,20.147161288409528,19.535933665222863,19.671243882398,4537600,0,7997.0,0.7197189331054688,159512.39551925656,159513.11523818967,59.51311523818967,0.021383196176434582
2018-04-02,19.4659481048584,19.95469671282326,19.23965384705183,19.861379254568263,7639200,0,7997.0,0.7197189331054688,155669.1869945526,155669.90671348572,55.66990671348573,-0.024093370121730517
2018-04-03,19.64208030700684,19.693404989711905,19.33879906186716,19.62225063957664,5156000,0,7997.0,0.7197189331054688,157077.7162151337,157078.4359340668,57.0784359340668,0.009048179255181976
2018-04-04,19.902204513549805,19.9616953056601,19.20232624313208,19.25715018337206,4648800,0,7997.0,0.7197189331054688,159157.9294948578,159158.6492137909,59.1586492137909,0.013243149941964294
2018-04-05,19.986188888549805,20.13083103013328,19.85204627312397,20.07950634183325,3403200,0,7997.0,0.7197189331054688,159829.5525417328,159830.2722606659,59.830272260665886,0.004219833795980676
2018-04-06,19.503273010253903,19.962859999957026,19.40645630806772,19.780891944718352,3950400,0,7997.0,0.7197189331054688,155967.67426300046,155968.39398193356,55.96839398193356,-0.024162370645493425
2018-04-09,19.636255264282227,20.02468800402085,19.61992483888253,19.647920616660382,3306400,0,7997.0,0.7197189331054688,157031.13334846497,157031.85306739807,57.03185306739806,0.006818426851197046
2018-04-10,20.11916732788086,20.20081943873166,19.85904639621241,19.951196254197768,4978400,-1,0.0,160893.70083999634,0.0,160893.70083999634,60.89370083999634,0.024592766990661152
2018-04-11,20.03635025024414,20.21948415098712,19.93603428694536,19.997856729223173,3116000,0,0.0,160893.70083999634,0.0,160893.70083999634,60.89370083999634,0.0
2018-04-12,20.28597450256348,20.376958546124246,20.13316801350328,20.164661257893982,2426400,0,0.0,160893.70083999634,0.0,160893.70083999634,60.89370083999634,0.0
2018-04-13,20.20548248291016,20.432942527372543,20.113330862408606,20.4096136115091,3796000,0,0.0,160893.70083999634,0.0,160893.70083999634,60.89370083999634,0.0
2018-04-16,20.345457077026367,20.430608418024963,20.20898105491668,20.3372927576944,2748000,0,0.0,160893.70083999634,0.0,160893.70083999634,60.89370083999634,0.0
2018-04-17,20.76772689819336,20.829551135501028,20.49127546480839,20.528603171870905,3832800,0,0.0,160893.70083999634,0.0,160893.70083999634,60.89370083999634,0.0
2018-04-18,20.732728958129883,20.80271572068545,20.586920977952573,20.75489027601548,3199200,0,0.0,160893.70083999634,0.0,160893.70083999634,60.89370083999634,0.0
2018-04-19,20.48894119262696,20.61142027903229,20.414287561465702,20.607921029124967,3040800,0,0.0,160893.70083999634,0.0,160893.70083999634,60.89370083999634,0.0
2018-04-20,20.201988220214844,20.445778743935424,20.126167000093847,20.436446819310564,6593600,0,0.0,160893.70083999634,0.0,160893.70083999634,60.89370083999634,0.0
2018-04-23,20.118003845214844,20.340798886362432,20.02585219662668,20.28714076162825,2988000,0,0.0,160893.70083999634,0.0,160893.70083999634,60.89370083999634,0.0
2018-04-24,19.73773765563965,20.269644942151828,19.58842862971425,20.20782249401931,5121600,0,0.0,160893.70083999634,0.0,160893.70083999634,60.89370083999634,0.0
2018-04-25,19.70624351501465,19.790229067170685,19.45662028496277,19.78206296465528,4559200,0,0.0,160893.70083999634,0.0,160893.70083999634,60.89370083999634,0.0
2018-04-26,20.106332778930664,20.183319804756486,19.90803432019203,19.971024352188515,2740000,0,0.0,160893.70083999634,0.0,160893.70083999634,60.89370083999634,0.0
2018-04-27,20.02118682861328,20.31280281119032,19.91737161001117,20.29880581358908,3090400,0,0.0,160893.70083999634,0.0,160893.70083999634,60.89370083999634,0.0
2018-04-30,19.941865921020508,20.21598384627069,19.882375128056704,20.07017587117512,4079200,0,0.0,160893.70083999634,0.0,160893.70083999634,60.89370083999634,0.0
2018-05-01,20.18216323852539,20.19849366544371,19.85088606693756,19.896379877513283,2947200,0,0.0,160893.70083999634,0.0,160893.70083999634,60.89370083999634,0.0
2018-05-02,20.187992095947266,20.40728610452236,20.162329747090173,20.301137459693724,3120800,0,0.0,160893.70083999634,0.0,160893.70083999634,60.89370083999634,0.0
2018-05-03,20.2509765625,20.32096509712896,19.918533692835982,20.11450052186765,3070400,0,0.0,160893.70083999634,0.0,160893.70083999634,60.89370083999634,0.0
2018-05-04,20.63241577148437,20.67207512025469,20.155330643468936,20.16583017216457,4048800,0,0.0,160893.70083999634,0.0,160893.70083999634,60.89370083999634,0.0
2018-05-07,20.81087875366211,20.89603010316423,20.69189896101212,20.72106055274813,5992000,0,0.0,160893.70083999634,0.0,160893.70083999634,60.89370083999634,0.0
2018-05-08,20.89020156860352,20.897200067225867,20.695402310789888,20.77822203088058,5102400,0,0.0,160893.70083999634,0.0,160893.70083999634,60.89370083999634,0.0
2018-05-09,21.1643123626709,21.167811610504863,20.884360076780247,20.94618427490477,4032000,0,0.0,160893.70083999634,0.0,160893.70083999634,60.89370083999634,0.0
2018-05-10,21.416275024414062,21.425605168057604,21.20981044362293,21.23663861133356,4616800,0,0.0,160893.70083999634,0.0,160893.70083999634,60.89370083999634,0.0
2018-05-11,21.35445213317871,21.43493663459467,21.278630923602684,21.381280300317364,3166400,1,7534.0,9.258468627929688,160884.4423713684,160893.70083999634,60.89370083999634,0.0
2018-05-14,21.3276309967041,21.509599127046663,21.296137744833125,21.42678116561586,6256800,0,7534.0,9.258468627929688,160682.3719291687,160691.63039779663,60.69163039779664,-0.0012559251303483343
2018-05-15,21.14215469360352,21.19114595572143,21.02900757161129,21.189980132771847,5376000,0,7534.0,9.258468627929688,159284.99346160892,159294.25193023685,59.294251930236854,-0.008696025201191504
2018-05-16,21.252965927124023,21.29379286409931,21.123488399429057,21.16898040754447,2639200,0,7534.0,9.258468627929688,160119.8452949524,160129.10376358032,60.12910376358032,0.005240941359950124
2018-05-17,21.147993087768555,21.318295838350306,21.047677110619897,21.17248783551113,2608800,0,7534.0,9.258468627929688,159328.9799232483,159338.23839187622,59.33823839187622,-0.004938923363186798
2018-05-18,21.06633949279785,21.182985886933206,21.054674141431228,21.10599883963202,2235200,0,7534.0,9.258468627929688,158713.801738739,158723.06020736694,58.72306020736695,-0.0038608320935261675
2018-05-21,21.23080444335937,21.364948832242185,21.125823425870475,21.25530096337734,2880000,0,7534.0,9.258468627929688,159952.8806762695,159962.13914489743,59.96213914489743,0.007806546420612515
2018-05-22,21.180652618408203,21.35912146037367,21.14215909447096,21.32646061216317,2114400,0,7534.0,9.258468627929688,159575.0368270874,159584.29529571533,59.584295295715336,-0.0023620829979014157
2018-05-23,21.34395408630371,21.34395408630371,20.99751419576319,21.018511469674817,2529600,0,7534.0,9.258468627929688,160805.35008621216,160814.6085548401,60.81460855484009,0.007709488310519097
2018-05-24,21.32879447937012,21.36845382731951,21.10250018360288,21.341625654281128,2330400,0,7534.0,9.258468627929688,160691.1376075745,160700.39607620242,60.70039607620241,-0.0007102120862280126
2018-05-25,21.333459854125977,21.39878155282212,21.27863590417397,21.303132431126425,2542400,0,7534.0,9.258468627929688,160726.2865409851,160735.54500961304,60.73554500961305,0.000218723377594765
2018-05-29,21.213308334350582,21.33112052404378,21.067500375871845,21.235471428820524,2954400,0,7534.0,9.258468627929688,159821.06499099729,159830.32345962522,59.83032345962522,-0.005631744676845907
2018-05-30,21.3696231842041,21.410450142003743,21.286805225078748,21.32413115288485,2940000,0,7534.0,9.258468627929688,160998.7410697937,161007.99953842163,61.00799953842162,0.007368289404068529
2018-05-31,21.34745407104492,21.52125782376694,21.32995782541765,21.371950594805668,2940800,0,7534.0,9.258468627929688,160831.7189712524,160840.97743988034,60.84097743988035,-0.0010373527962592721
2018-06-01,21.73355484008789,21.73355484008789,21.481598226735272,21.481598226735272,16909600,0,7534.0,9.258468627929688,163740.60216522217,163749.8606338501,63.749860633850105,0.01808546080899709
2018-06-04,21.91552352905273,21.93535320104865,21.76504869466816,21.793044468012003,3601600,0,7534.0,9.258468627929688,165111.55426788327,165120.8127365112,65.1208127365112,0.008372233706669174
2018-06-05,22.0356674194336,22.04616516615045,21.931852215507867,21.97151155635984,5015200,0,7534.0,9.258468627929688,166016.71833801275,166025.97680664068,66.02597680664068,0.005481829062783827
2018-06-06,22.162813186645508,22.162813186645508,21.96101543862897,22.05899797501916,4140000,0,7534.0,9.258468627929688,166974.63454818726,166983.8930168152,66.98389301681517,0.005769676701195436
2018-06-07,21.912023544311523,22.177977152561205,21.77088063911288,22.177977152561205,4134400,0,7534.0,9.258468627929688,165085.18538284302,165094.44385147095,65.09444385147094,-0.011315158194053931
2018-06-08,21.91552352905273,21.94818437467925,21.732387849041643,21.77438061911611,2836800,0,7534.0,9.258468627929688,165111.55426788327,165120.8127365112,65.1208127365112,0.00015972000283648313
2018-06-11,21.913190841674805,21.977346711990545,21.853701823681657,21.92018934027604,3641600,0,7534.0,9.258468627929688,165093.97980117798,165103.2382698059,65.10323826980591,-0.00010643398862952846
2018-06-12,22.06016540527344,22.0741641828366,21.92602276448191,21.95168511348454,2361600,0,7534.0,9.258468627929688,166201.2861633301,166210.54463195804,66.21054463195803,0.0067067513257530464
2018-06-13,22.017004013061523,22.21647010408974,21.99017584428688,22.072993776555457,3336800,0,7534.0,9.258468627929688,165876.10823440552,165885.36670303345,65.88536670303344,-0.0019564217760349445
2018-06-14,22.13482093811035,22.216474844653703,22.07883116266929,22.09866083772377,4594400,0,7534.0,9.258468627929688,166763.7409477234,166772.99941635132,66.77299941635131,0.005350880134634695
2018-06-15,22.050830841064453,22.07532736395612,21.90035779436069,22.072993937994408,2816000,0,7534.0,9.258468627929688,166130.9595565796,166140.21802520752,66.1402180252075,-0.0037942676174099743
2018-06-18,22.08349227905273,22.09632167144696,21.81403766124352,21.90035661836652,3100800,0,7534.0,9.258468627929688,166377.03083038327,166386.2892990112,66.3862892990112,0.001481106000272403
2018-06-19,21.93068504333496,21.931852646248068,21.634404024251484,21.80237509454991,4202400,0,7534.0,9.258468627929688,165225.7811164856,165235.03958511353,65.23503958511353,-0.006919138101750488
2018-06-20,21.99134063720703,22.08349226893764,21.95867979504192,21.98550796255989,3215200,0,7534.0,9.258468627929688,165682.76036071777,165692.0188293457,65.6920188293457,0.0027656315838311407
2018-06-21,21.796545028686523,22.08232833505534,21.749887183521995,22.05550016307988,5245600,0,7534.0,9.258468627929688,164215.17024612427,164224.4287147522,64.22442871475221,-0.008857337395985598
2018-06-22,21.68106269836425,21.844368702943587,21.608742510267483,21.844368702943587,2446400,0,7534.0,9.258468627929688,163345.12636947626,163354.3848381042,63.35438483810418,-0.005297895589938206
2018-06-25,21.179481506347656,21.520088681118075,21.008011206120173,21.520088681118075,7468800,0,7534.0,9.258468627929688,159566.21366882324,159575.47213745117,59.57547213745118,-0.023133218642390263
2018-06-26,21.29146957397461,21.43261251653146,21.21098326440676,21.255309470808303,4446400,0,7534.0,9.258468627929688,160409.9317703247,160419.19023895264,60.41919023895264,0.005287266834935078
2018-06-27,20.96486091613769,21.44194613456593,20.95786241560285,21.35562714157557,4678400,0,7534.0,9.258468627929688,157949.26214218137,157958.5206108093,57.9585206108093,-0.015338997937080046
2018-06-28,21.204391479492188,21.2722307775228,20.93303607209779,20.93303607209779,6327200,0,7534.0,9.258468627929688,159753.88540649414,159763.14387512207,59.76314387512207,0.011424665521900801
2018-06-29,21.217266082763672,21.40674895134385,21.211419311319386,21.2897849667978,2836000,0,7534.0,9.258468627929688,159850.8826675415,159860.14113616943,59.860141136169446,0.0006071316493569956
2018-07-02,21.439489364624023,21.439489364624023,21.014909714962936,21.05233903034736,4277600,0,7534.0,9.258468627929688,161525.1128730774,161534.37134170532,61.53437134170532,0.010473093503087672
2018-07-03,21.20088195800781,21.54358721145252,21.188015853925016,21.52136377851605,2643200,0,7534.0,9.258468627929688,159727.44467163083,159736.70314025876,59.73670314025876,-0.01112870398117205
2018-07-05,21.479263305664062,21.49096041651532,21.264050029937824,21.33071856455008,4777600,0,7534.0,9.258468627929688,161824.76974487305,161834.02821350098,61.83402821350097,0.013129888322539252
2018-07-06,21.73541259765625,21.770502142112264,21.45236003257357,21.512011008838936,2593600,0,7534.0,9.258468627929688,163754.5985107422,163763.85697937012,63.763856979370125,0.011924740347704743
2018-07-09,21.92372703552246,21.92372703552246,21.743601520523104,21.855887718095428,2747200,0,7534.0,9.258468627929688,165173.35948562622,165182.61795425415,65.18261795425416,0.008663456033908279
2018-07-10,21.96817398071289,22.04069107191956,21.923727100436,21.958816648826776,6876800,0,7534.0,9.258468627929688,165508.22277069092,165517.48123931885,65.51748123931884,0.00202723076563327
2018-07-11,21.852373123168945,21.95413117985038,21.76815894359532,21.809097036484307,2871200,0,7534.0,9.258468627929688,164635.77910995483,164645.03757858276,64.64503757858276,-0.005271006145113
2018-07-12,22.2231502532959,22.22899880767662,21.92021405449364,21.95413281433668,2724000,0,7534.0,9.258468627929688,167429.2140083313,167438.47247695923,67.43847247695922,0.01696640809500982
2018-07-13,22.195083618164062,22.25824516514984,22.12139752631886,22.22900417091941,2560800,0,7534.0,9.258468627929688,167217.75997924805,167227.01844787598,67.22701844787598,-0.0012628760042728837
2018-07-16,22.11789321899414,22.23368643731781,22.08397265938471,22.20093665994052,2884000,0,7534.0,9.258468627929688,166636.20751190186,166645.46598052979,66.64546598052978,-0.0034776226517932995
2018-07-17,22.29801750183105,22.33076727995339,21.92373304848362,21.981044267833177,3102400,0,7534.0,9.258468627929688,167993.26385879514,168002.52232742307,68.00252232742308,0.008143373952051114
2018-07-18,22.285144805908203,22.30502846641289,22.190404276850607,22.300350692947063,2403200,0,7534.0,9.258468627929688,167896.2809677124,167905.53943634033,67.90553943634032,-0.000577270446533662
2018-07-19,22.26174736022949,22.334264433368887,22.21028294004226,22.24654147661196,2442400,0,7534.0,9.258468627929688,167720.00461196897,167729.2630805969,67.72926308059691,-0.001049854318893817
2018-07-20,22.24654960632324,22.367022368183044,22.21613961270336,22.335443377214663,2615200,0,7534.0,9.258468627929688,167605.50473403928,167614.7632026672,67.61476320266722,-0.0006826469980654171
2018-07-23,22.33426856994629,22.35181423538421,22.08630553736727,22.198589943364823,2787200,0,7534.0,9.258468627929688,168266.37940597534,168275.63787460327,68.27563787460326,0.003942818993437847
2018-07-24,22.300352096557617,22.557672486858767,22.23134377903992,22.469949504842788,3508800,0,7534.0,9.258468627929688,168010.8526954651,168020.11116409302,68.02011116409301,-0.0015185009175283648
2018-07-25,22.62200164794922,22.632527976812888,22.30035073355007,22.3249121675653,2319200,0,7534.0,9.258468627929688,170434.1604156494,170443.41888427734,70.44341888427735,0.014422724181021751
2018-07-26,22.543636322021484,22.62433996251365,22.46760867034132,22.514395329389547,3770400,0,7534.0,9.258468627929688,169843.75605010986,169853.0145187378,69.8530145187378,-0.003463931722353042
2018-07-27,22.105024337768555,22.574049278725727,21.967005906347428,22.571709499283664,3990400,0,7534.0,9.258468627929688,166539.2533607483,166548.51182937622,66.54851182937622,-0.019455072367862036
2018-07-30,21.70850944519043,22.12490081417824,21.57633961294396,22.12373003247312,4684800,0,7534.0,9.258468627929688,163551.9101600647,163561.16862869263,63.561168628692634,-0.017936775104565483
2018-07-31,21.774009704589844,21.91670586862418,21.634822316332723,21.77283892284526,4324800,0,7534.0,9.258468627929688,164045.38911437988,164054.6475830078,64.0546475830078,0.003017091149767115
2018-08-01,22.024314880371094,22.0769483074697,21.88746725602333,21.93074335179109,3085600,0,7534.0,9.258468627929688,165931.18830871582,165940.44677734375,65.94044677734374,0.011494945264392875
2018-08-02,22.34245681762696,22.3740358027818,21.814948199776502,21.85003774578811,2952800,0,7534.0,9.258468627929688,168328.06966400152,168337.32813262945,68.33732813262945,0.014444226237993574
2018-08-03,22.399763107299805,22.40210288578193,22.213790874352178,22.36584435058525,2857600,0,7534.0,9.258468627929688,168759.81525039673,168769.07371902466,68.76907371902465,0.002564764400056596
2018-08-06,22.53193664550781,22.534276424375943,22.356490709693105,22.389240474933583,2488000,0,7534.0,9.258468627929688,169755.61068725583,169764.86915588376,69.76486915588376,0.005900343083691695
2018-08-07,22.62200164794922,22.67814385328399,22.562348881598027,22.605626763696225,2771200,0,7534.0,9.258468627929688,170434.1604156494,170443.41888427734,70.44341888427735,0.003996997327936569
2018-08-08,22.66527366638184,22.69451465333761,22.52725706462012,22.609131471150647,3417600,0,7534.0,9.258468627929688,170760.17180252078,170769.4302711487,70.7694302711487,0.001912724991116832
2018-08-09,22.686336517333984,22.781077064644776,22.665282070859995,22.68399673778601,4003200,0,7534.0,9.258468627929688,170918.85932159424,170928.11779022217,70.92811779022216,0.0009292501522168983
2018-08-10,22.537784576416016,22.64889997574373,22.45123060797457,22.52725824889333,2946400,0,7534.0,9.258468627929688,169799.66899871826,169808.9274673462,69.8089274673462,-0.0065477250749905735
2018-08-13,22.49567985534668,22.733116564185902,22.48515352671325,22.57872327198169,3118400,0,7534.0,9.258468627929688,169482.45203018188,169491.7104988098,69.49171049880982,-0.001868081809758615
2018-08-14,22.643051147460938,22.66410558698017,22.45006133963076,22.57755161958472,3759200,0,7534.0,9.258468627929688,170592.7473449707,170602.00581359863,70.60200581359864,0.006550735204224667
2018-08-15,22.44304084777832,22.591583763062665,22.267594941925715,22.505031591734664,3533600,0,7534.0,9.258468627929688,169085.86974716187,169095.1282157898,69.0951282157898,-0.008832707391818517
2018-08-16,22.5810604095459,22.68164948019841,22.540124096961723,22.60913240067972,2669600,0,7534.0,9.258468627929688,170125.7091255188,170134.96759414673,70.13496759414673,0.006149434281926602
2018-08-17,22.66059684753418,22.70036416313307,22.44304382403728,22.50854335201857,3205600,0,7534.0,9.258468627929688,170724.9366493225,170734.19511795044,70.73419511795045,0.003522071519319603
2018-08-20,22.639545440673828,22.72025086443611,22.533107801082167,22.715573090980097,3512000,0,7534.0,9.258468627929688,170566.33535003662,170575.59381866455,70.57559381866456,-0.0009289369313295603
2018-08-21,22.688663482666016,22.822002296419303,22.672288603248173,22.69217225791784,2760800,0,7534.0,9.258468627929688,170936.39067840576,170945.6491470337,70.94564914703369,0.002169450623531466
2018-08-22,22.80446434020996,22.841891880854952,22.61498328851013,22.64890205299241,2339200,0,7534.0,9.258468627929688,171808.83433914185,171818.09280776978,71.81809280776979,0.005103631856612445
2018-08-23,22.87698173522949,22.98107959382436,22.78341020526446,22.791598539573325,2604800,0,7534.0,9.258468627929688,172355.18039321897,172364.4388618469,72.36443886184689,0.0031797934964181707
2018-08-24,23.13898086547852,23.143658638687885,22.94716003878268,22.94716003878268,2939200,0,7534.0,9.258468627929688,174329.08184051517,174338.3403091431,74.3383403091431,0.011451906555262958
2018-08-27,23.3167667388916,23.3460077296428,23.188105665694984,23.24541865006956,3593600,0,7534.0,9.258468627929688,175668.52061080933,175677.77907943726,75.67777907943724,0.007682984522618508
2018-08-28,23.427879333496094,23.44659399366436,23.32027271462092,23.39395878885009,2707200,0,7534.0,9.258468627929688,176505.64289855957,176514.9013671875,76.5149013671875,0.004765100584358528
2018-08-29,23.65245246887207,23.66765835500045,23.430221655616872,23.430221655616872,31328000,0,7534.0,9.258468627929688,178197.57690048218,178206.8353691101,78.20683536911011,0.009585219088121155
2018-08-30,23.59514236450196,23.75187544864104,23.53081182079509,23.60567047872936,3841600,0,7534.0,9.258468627929688,177765.80257415777,177775.0610427857,77.77506104278571,-0.0024228830809440716
2018-08-31,23.720291137695312,23.75888945816276,23.57408618958912,23.57408618958912,2654400,0,7534.0,9.258468627929688,178708.67343139648,178717.9319000244,78.71793190002441,0.005303729621624509
2018-09-04,23.75420570373535,23.76473202980451,23.53431471424692,23.67817985804292,4084800,0,7534.0,9.258468627929688,178964.18577194214,178973.44424057007,78.97344424057007,0.0014296961576780731
2018-09-05,23.384597778320312,23.73548956997224,23.261787079024497,23.73548956997224,4346400,0,7534.0,9.258468627929688,176179.55966186523,176188.81813049316,76.18881813049316,-0.015558878703445522
2018-09-06,23.259450912475582,23.42787928417896,23.100379870836647,23.384601409539925,4081600,0,7534.0,9.258468627929688,175236.70317459104,175245.96164321897,75.24596164321898,-0.00535139799039841
2018-09-07,23.1881103515625,23.408003217560648,23.094538805304005,23.134306132427007,3655200,0,7534.0,9.258468627929688,174699.22338867188,174708.4818572998,74.70848185729982,-0.0030670024055299283
2018-09-10,23.273483276367188,23.30272426010436,23.13312691137436,23.28401138690586,2818400,0,7534.0,9.258468627929688,175342.4230041504,175351.68147277832,75.35168147277832,0.0036815591815619886
2018-09-11,23.420862197875977,23.48168216741016,23.133130093047903,23.1845945170601,4108000,0,7534.0,9.258468627929688,176452.7757987976,176462.03426742554,76.46203426742552,0.006332147974409841
2018-09-12,23.37524604797364,23.406825029370115,23.103888828156364,23.4033162536594,3530400,0,7534.0,9.258468627929688,176109.1037254334,176118.36219406134,76.11836219406133,-0.0019475694859290016
2018-09-13,23.64543533325196,23.744853631573864,23.51092570414097,23.52145381726907,3360800,0,7534.0,9.258468627929688,178144.70980072027,178153.9682693482,78.1539682693482,0.011558170595771688
2018-09-14,23.66766166687012,23.78345486288666,23.55303568340282,23.67467921999492,2982400,0,7534.0,9.258468627929688,178312.1629981995,178321.42146682742,78.32142146682742,0.0009399352655790061
2018-09-17,23.30975151062012,23.670000794341355,23.28402107617387,23.64075979843601,2941600,0,7534.0,9.258468627929688,175615.667881012,175624.92634963992,75.62492634963994,-0.015121543418658345
2018-09-18,23.46297645568848,23.56824332987082,23.295717026578803,23.31794046961767,6394400,0,7534.0,9.258468627929688,176770.064617157,176779.32308578494,76.77932308578494,0.006573080257678221
2018-09-19,23.34717559814453,23.54718475049455,23.25594385418932,23.48051443813509,4063200,0,7534.0,9.258468627929688,175897.6209564209,175906.87942504883,75.90687942504883,-0.004935213267632799
2018-09-20,23.599822998046875,23.64193010268872,23.40800214017375,23.49338534676767,6365600,0,7534.0,9.258468627929688,177801.06646728516,177810.3249359131,77.81032493591309,0.010820756510977025
2018-09-21,23.56238555908203,23.74017124913781,23.51794047511417,23.69221560498985,5593600,0,7534.0,9.258468627929688,177519.01280212402,177528.27127075195,77.52827127075194,-0.001586261457329874
2018-09-24,23.649105072021484,23.663187329070947,23.340496840261977,23.44845126165845,3504800,0,7534.0,9.258468627929688,178172.35761260986,178181.6160812378,78.18161608123779,0.003680229666008561
2018-09-25,23.65731811523437,23.70660153500757,23.569311624818667,23.651450657774003,2476800,0,7534.0,9.258468627929688,178234.23468017575,178243.49314880368,78.24349314880368,0.00034726965063369697
2018-09-26,23.545841217041016,23.7746577110063,23.50946549114095,23.683131113420185,4165600,0,7534.0,9.258468627929688,177394.367729187,177403.62619781494,77.40362619781493,-0.004711908054268132
2018-09-27,23.66318893432617,23.74650075441034,23.640893667107427,23.64558655944443,3102400,0,7534.0,9.258468627929688,178278.46543121335,178287.72389984128,78.28772389984128,0.004983537940991711
2018-09-28,23.76879501342773,23.79578317183872,23.617424622647988,23.629157748241244,2500800,0,7534.0,9.258468627929688,179074.10163116452,179083.36009979245,79.08336009979244,0.004462652742138085
2018-10-01,23.81221008300781,23.961234917352897,23.75940654358535,23.88848345372625,4048800,0,7534.0,9.258468627929688,179401.19076538083,179410.44923400876,79.41044923400875,0.0018264630171895835
2018-10-02,23.78170394897461,23.93894180602468,23.724205721920377,23.81221222570917,5172000,0,7534.0,9.258468627929688,179171.3575515747,179180.61602020264,79.18061602020263,-0.0012810469779624967
2018-10-03,23.88613510131836,23.98939662505968,23.84623925459892,23.8790948684263,3349600,0,7534.0,9.258468627929688,179958.14185333252,179967.40032196045,79.96740032196045,0.004391012371947056
2018-10-04,23.466053009033203,23.82042635566347,23.30412226415325,23.79578374747693,5644000,0,7534.0,9.258468627929688,176793.24337005615,176802.50183868408,76.8025018386841,-0.017585954331808873
2018-10-05,23.157447814941406,23.52824722858483,22.91806909713036,23.457843092549943,6021600,0,7534.0,9.258468627929688,174468.21183776855,174477.47030639648,74.47747030639648,-0.013150444751109713
2018-10-08,22.85352897644043,23.092907676935937,22.59655148133058,23.057704716216367,6216000,0,7534.0,9.258468627929688,172178.4873085022,172187.74577713013,72.18774577713012,-0.013123324892580168
2018-10-09,22.913368225097656,23.050658122578927,22.799546364789027,22.84530966394945,5196000,0,7534.0,9.258468627929688,172629.31620788574,172638.57467651367,72.63857467651367,0.0026182403245296193
2018-10-10,21.84907913208008,22.808937583168827,21.80683594221926,22.808937583168827,11228800,0,7534.0,9.258468627929688,164610.96218109134,164620.22064971927,64.62022064971926,-0.046445900296726905
2018-10-11,21.543994903564453,22.117797291510023,21.38675524098346,21.758729217703056,15281600,0,7534.0,9.258468627929688,162312.4576034546,162321.71607208252,62.32171607208252,-0.013962468089066205
2018-10-12,22.208147048950195,22.27738019213924,21.79275714230041,22.128355345609457,9203200,0,7534.0,9.258468627929688,167316.17986679077,167325.4383354187,67.32543833541871,0.03082595714497116
2018-10-15,21.890151977539062,22.194067348915205,21.856121792498737,22.15534427136774,5240800,0,7534.0,9.258468627929688,164920.4049987793,164929.66346740723,64.92966346740722,-0.014318055233233151
2018-10-16,22.57073402404785,22.639965373125765,22.118966615698263,22.16355714788252,5463200,0,7534.0,9.258468627929688,170047.9101371765,170057.16860580444,70.05716860580445,0.031089041416800578
2018-10-17,22.49094009399414,22.627057238683207,22.29497917609544,22.627057238683207,4528800,-1,0.0,169456.00113677979,0.0,169456.00113677979,69.45600113677979,-0.0035350904284321416
2018-10-18,22.036827087402344,22.39002584886825,21.9042300596824,22.39002584886825,8724000,0,0.0,169456.00113677979,0.0,169456.00113677979,69.45600113677979,0.0
2018-10-19,21.973466873168945,22.364216029789265,21.903062732735616,22.154174593658613,4030400,0,0.0,169456.00113677979,0.0,169456.00113677979,69.45600113677979,0.0
2018-10-22,22.151819229125977,22.28441624180716,21.93473584612538,22.06498551782643,6020800,0,0.0,169456.00113677979,0.0,169456.00113677979,69.45600113677979,0.0
2018-10-23,22.06850814819336,22.18702290937649,21.475930761284484,21.72469519843968,7120000,0,0.0,169456.00113677979,0.0,169456.00113677979,69.45600113677979,0.0
2018-10-24,21.07814216613769,22.06850884490369,21.053499560501606,22.02626565702516,7926400,0,0.0,169456.00113677979,0.0,169456.00113677979,69.45600113677979,0.0
2018-10-25,21.755205154418945,21.864334140815306,21.32221469693363,21.359763204271207,8926400,0,0.0,169456.00113677979,0.0,169456.00113677979,69.45600113677979,0.0
2018-10-26,21.318693161010746,21.700054651358936,20.9995245763456,21.23068666323808,6912800,0,0.0,169456.00113677979,0.0,169456.00113677979,69.45600113677979,0.0
2018-10-29,20.96666717529297,21.764593113402253,20.548929952237845,21.62847775758988,7790400,0,0.0,169456.00113677979,0.0,169456.00113677979,69.45600113677979,0.0
2018-10-30,21.23538398742676,21.260024807190163,20.8176467125132,20.905653221233653,7232800,0,0.0,169456.00113677979,0.0,169456.00113677979,69.45600113677979,0.0
2018-10-31,21.75403594970703,21.925356078326946,21.499403993649803,21.541647190398752,5440000,0,0.0,169456.00113677979,0.0,169456.00113677979,69.45600113677979,0.0
2018-11-01,22.052080154418945,22.06733518665424,21.62260981557045,21.803315699179223,5495200,0,0.0,169456.00113677979,0.0,169456.00113677979,69.45600113677979,0.0
2018-11-02,21.65077018737793,22.032131659405785,21.479451882622023,21.90892400084029,5134400,0,0.0,169456.00113677979,0.0,169456.00113677979,69.45600113677979,0.0
2018-11-05,21.59914779663086,21.63200342099261,21.298750703113463,21.63200342099261,4059200,0,0.0,169456.00113677979,0.0,169456.00113677979,69.45600113677979,0.0
2018-11-06,21.73056411743164,21.82561084592636,21.53812331922721,21.5780191673984,4181600,0,0.0,169456.00113677979,0.0,169456.00113677979,69.45600113677979,0.0
2018-11-07,22.3536434173584,22.36303098903364,21.942946556672023,21.96289447504581,4941600,0,0.0,169456.00113677979,0.0,169456.00113677979,69.45600113677979,0.0
2018-11-08,22.312578201293945,22.37007641973322,22.17880840719758,22.27620247165759,3847200,0,0.0,169456.00113677979,0.0,169456.00113677979,69.45600113677979,0.0
2018-11-09,21.92769432067871,22.148297806892984,21.730560661888767,22.106054624224218,3705600,0,0.0,169456.00113677979,0.0,169456.00113677979,69.45600113677979,0.0
2018-11-12,21.17319107055664,21.77280877078788,21.116867411086865,21.737605812182945,4714400,0,0.0,169456.00113677979,0.0,169456.00113677979,69.45600113677979,0.0
2018-11-13,21.18257522583008,21.54164140653954,21.126249784956645,21.20487048903041,6419200,0,0.0,169456.00113677979,0.0,169456.00113677979,69.45600113677979,0.0
2018-11-14,20.95258522033692,21.47123659564381,20.84345803026064,21.40552536843702,20489600,0,0.0,169456.00113677979,0.0,169456.00113677979,69.45600113677979,0.0
2018-11-15,21.47710609436035,21.521696627272828,20.862233370422786,20.980749936217144,16684000,0,0.0,169456.00113677979,0.0,169456.00113677979,69.45600113677979,0.0
2018-11-16,21.44660186767578,21.554556313083285,21.202530246994705,21.23655864556452,4176800,0,0.0,169456.00113677979,0.0,169456.00113677979,69.45600113677979,0.0
2018-11-19,20.60173416137696,21.35624230194689,20.546583282522302,21.32338668779901,6094400,0,0.0,169456.00113677979,0.0,169456.00113677979,69.45600113677979,0.0
2018-11-20,20.182823181152344,20.456230244919425,19.910588892758824,20.03731846247684,13024000,0,0.0,169456.00113677979,0.0,169456.00113677979,69.45600113677979,0.0
2018-11-21,20.352970123291016,20.539543478901315,20.26144350391627,20.48439438458304,4322400,0,0.0,169456.00113677979,0.0,169456.00113677979,69.45600113677979,0.0
2018-11-23,20.21685028076172,20.40577095265098,20.113590549083863,20.1523136198993,1666400,0,0.0,169456.00113677979,0.0,169456.00113677979,69.45600113677979,0.0
2018-11-26,20.65571022033692,20.660404902584112,20.37174282126789,20.46444220493845,4443200,0,0.0,169456.00113677979,0.0,169456.00113677979,69.45600113677979,0.0
2018-11-27,20.67213630676269,20.717899607132576,20.401076620687515,20.519591375364254,3509600,0,0.0,169456.00113677979,0.0,169456.00113677979,69.45600113677979,0.0
2018-11-28,21.393798828125,21.3973189456304,20.784793432729906,20.842289878982907,4894400,0,0.0,169456.00113677979,0.0,169456.00113677979,69.45600113677979,0.0
2018-11-29,21.22482109069824,21.38323171309935,21.099264293875983,21.33981574696299,3882400,0,0.0,169456.00113677979,0.0,169456.00113677979,69.45600113677979,0.0
2018-11-30,21.43486213684082,21.447769827986,21.15676218002736,21.26588937657556,3400000,0,0.0,169456.00113677979,0.0,169456.00113677979,69.45600113677979,0.0
2018-12-03,21.886625289916992,22.00396726283452,21.653114119232395,21.960549515317474,10689600,0,0.0,169456.00113677979,0.0,169456.00113677979,69.45600113677979,0.0
2018-12-04,21.045284271240234,21.761069255965232,21.012428660951034,21.74464145082063,5528000,0,0.0,169456.00113677979,0.0,169456.00113677979,69.45600113677979,0.0
2018-12-06,21.10865020751953,21.10865020751953,20.482044419602367,20.58647871758856,7357600,0,0.0,169456.00113677979,0.0,169456.00113677979,69.45600113677979,0.0
2018-12-07,20.378786087036133,21.12038842875704,20.28373934809654,21.027687240793465,5882400,0,0.0,169456.00113677979,0.0,169456.00113677979,69.45600113677979,0.0
2018-12-10,20.6486759185791,20.72377474163568,20.171093025807327,20.2884350487393,6880800,0,0.0,169456.00113677979,0.0,169456.00113677979,69.45600113677979,0.0
2018-12-11,20.65806198120117,21.00070044819019,20.5031696628447,20.97253772017164,6878400,0,0.0,169456.00113677979,0.0,169456.00113677979,69.45600113677979,0.0
2018-12-12,20.843456268310547,21.16497214432187,20.83993615218608,20.9877864009032,4840800,0,0.0,169456.00113677979,0.0,169456.00113677979,69.45600113677979,0.0
2018-12-13,20.84475326538086,21.063799896998013,20.73640787082568,20.96487607548867,3814400,0,0.0,169456.00113677979,0.0,169456.00113677979,69.45600113677979,0.0
2018-12-14,20.358373641967773,20.716386203895247,20.328931902196555,20.598619244810376,5430400,0,0.0,169456.00113677979,0.0,169456.00113677979,69.45600113677979,0.0
2018-12-17,19.88730239868164,20.39605643732325,19.73891670256828,20.28771106916384,30304800,0,0.0,169456.00113677979,0.0,169456.00113677979,69.45600113677979,0.0
2018-12-18,20.053354263305664,20.22647180768889,19.89201413163484,20.04982139888812,7756000,0,0.0,169456.00113677979,0.0,169456.00113677979,69.45600113677979,0.0
2018-12-19,19.64588928222656,20.373688386307663,19.46570414211882,20.046296312066566,9553600,0,0.0,169456.00113677979,0.0,169456.00113677979,69.45600113677979,0.0
2018-12-20,19.31024932861328,19.763652861101534,19.025253489928,19.57522499895495,12953600,0,0.0,169456.00113677979,0.0,169456.00113677979,69.45600113677979,0.0
2018-12-21,18.713172912597656,19.50810004923632,18.62367065227466,19.24665720276108,11964800,0,0.0,169456.00113677979,0.0,169456.00113677979,69.45600113677979,0.0
2018-12-24,18.231502532958984,18.754388115501573,18.220903937983948,18.53769734343312,8798400,0,0.0,169456.00113677979,0.0,169456.00113677979,69.45600113677979,0.0
2018-12-26,19.332624435424805,19.332624435424805,18.265656073589987,18.36457988794977,12259200,0,0.0,169456.00113677979,0.0,169456.00113677979,69.45600113677979,0.0
2018-12-27,19.491613388061523,19.491613388061523,18.728483814806264,19.075896067355902,8209600,0,0.0,169456.00113677979,0.0,169456.00113677979,69.45600113677979,0.0
2018-12-28,19.451568603515625,19.77660476680317,19.28904962338125,19.61173174129091,9860800,0,0.0,169456.00113677979,0.0,169456.00113677979,69.45600113677979,0.0
2018-12-31,19.64706039428711,19.705943869017823,19.479831541689613,19.62115152164712,7727200,0,0.0,169456.00113677979,0.0,169456.00113677979,69.45600113677979,0.0
2019-01-02,19.658842086791992,19.757767720619064,19.23605903883591,19.26079089653808,6889600,0,0.0,169456.00113677979,0.0,169456.00113677979,69.45600113677979,0.0
2019-01-03,18.68725776672364,19.198367668168075,18.666060579405134,19.16539306768533,5640800,0,0.0,169456.00113677979,0.0,169456.00113677979,69.45600113677979,0.0
2019-01-04,19.49985122680664,19.590532278811423,18.968722944740623,19.02407175640064,5855200,0,0.0,169456.00113677979,0.0,169456.00113677979,69.45600113677979,0.0
2019-01-07,19.717723846435547,19.84726823828484,19.49043444625986,19.53400765216306,8864000,0,0.0,169456.00113677979,0.0,169456.00113677979,69.45600113677979,0.0
2019-01-08,19.90732383728028,19.98387343066154,19.660014327923324,19.910858498896296,34048000,0,0.0,169456.00113677979,0.0,169456.00113677979,69.45600113677979,0.0
2019-01-09,20.15581703186035,20.259452544788505,19.98858814316901,20.00978713307769,6369600,0,0.0,169456.00113677979,0.0,169456.00113677979,69.45600113677979,0.0
2019-01-10,20.25003433227539,20.261811750510752,19.91910936545343,20.020389052539663,3222400,0,0.0,169456.00113677979,0.0,169456.00113677979,69.45600113677979,0.0
2019-01-11,20.23824882507324,20.25591314681592,20.107527453234905,20.147567780505533,3130400,0,0.0,169456.00113677979,0.0,169456.00113677979,69.45600113677979,0.0
2019-01-14,20.038049697875977,20.104000712091068,19.96856761521772,20.05100413675984,4406400,0,0.0,169456.00113677979,0.0,169456.00113677979,69.45600113677979,0.0
2019-01-15,20.333646774291992,20.368977226951955,20.073380963244457,20.07573680595018,3492000,0,0.0,169456.00113677979,0.0,169456.00113677979,69.45600113677979,0.0
2019-01-16,20.354846954345703,20.48556839048116,20.29125356781195,20.366624372620933,29172800,0,0.0,169456.00113677979,0.0,169456.00113677979,69.45600113677979,0.0
2019-01-17,20.51029396057129,20.615106481945794,20.244139483814035,20.28064875047897,4660800,0,0.0,169456.00113677979,0.0,169456.00113677979,69.45600113677979,0.0
2019-01-18,20.81531143188477,20.868306207675765,20.570355924714782,20.688122891797587,5026400,0,0.0,169456.00113677979,0.0,169456.00113677979,69.45600113677979,0.0
2019-01-22,20.47260856628418,20.692834010651115,20.314801265986222,20.6622134499793,8316000,0,0.0,169456.00113677979,0.0,169456.00113677979,69.45600113677979,0.0
2019-01-23,20.52089500427246,20.709322879488752,20.306558251289392,20.55269259007376,4012000,0,0.0,169456.00113677979,0.0,169456.00113677979,69.45600113677979,0.0
2019-01-24,20.7316951751709,20.78233590320096,20.590375180335087,20.590375180335087,4652800,0,0.0,169456.00113677979,0.0,169456.00113677979,69.45600113677979,0.0
2019-01-25,21.053205490112305,21.103844433705262,20.818848531043365,20.88597657848334,5064000,0,0.0,169456.00113677979,0.0,169456.00113677979,69.45600113677979,0.0
2019-01-28,20.79057884216309,20.796467549705035,20.620995925031195,20.762315921131727,4514400,0,0.0,169456.00113677979,0.0,169456.00113677979,69.45600113677979,0.0
2019-01-29,20.582136154174805,20.82944574067169,20.54209401418636,20.816491300642227,4280800,0,0.0,169456.00113677979,0.0,169456.00113677979,69.45600113677979,0.0
2019-01-30,21.17332649230957,21.22867712176253,20.78234101715386,20.89186345608313,6815200,0,0.0,169456.00113677979,0.0,169456.00113677979,69.45600113677979,0.0
2019-01-31,21.216896057128903,21.333484198077777,21.04848836900768,21.102661961566028,5124800,1,7986.0,17.869224548368948,169438.13191223142,169456.00113677979,69.45600113677979,0.0
2019-02-01,21.360572814941406,21.450075061965347,21.21689697302056,21.24162702950947,4124800,0,7986.0,17.869224548368948,170585.53450012207,170603.40372467044,70.60340372467044,0.006771094444536718
2019-02-04,21.69620513916016,21.69620513916016,21.38530045667957,21.39118916369624,3494400,0,7986.0,17.869224548368948,173265.89424133304,173283.7634658814,73.2837634658814,0.01571105665357475
2019-02-05,21.875219345092773,21.92232542435142,21.73978801948785,21.751563640811646,4258400,0,7986.0,17.869224548368948,174695.5016899109,174713.37091445926,74.71337091445926,0.00825009464236004
2019-02-06,21.951765060424805,22.00593866364197,21.80691217351292,21.89994909701992,3295200,0,7986.0,17.869224548368948,175306.7957725525,175324.66499710086,75.32466499710087,0.0034988397249853254
2019-02-07,21.65499496459961,21.839888206760488,21.51367313726292,21.75391880614995,4116800,0,7986.0,17.869224548368948,172936.78978729248,172954.65901184085,72.95465901184085,-0.013517812712199984
2019-02-08,21.795135498046875,21.795135498046875,21.45478720625863,21.46892046557708,3611200,0,7986.0,17.869224548368948,174055.95208740234,174073.8213119507,74.07382131195071,0.0064708421646695324
2019-02-11,21.80691146850586,21.98238491559944,21.75744955254921,21.88346108368614,3044800,0,7986.0,17.869224548368948,174149.9949874878,174167.86421203616,74.16786421203616,0.000540247231758828
2019-02-12,22.10250473022461,22.12134787726552,21.932921797800688,21.95411899048565,4640000,0,7986.0,17.869224548368948,176510.60277557373,176528.4720001221,76.5284720001221,0.013553635733926539
2019-02-13,22.136661529541016,22.27915858290461,22.10957562465881,22.207322443213027,3289600,0,7986.0,17.869224548368948,176783.37897491455,176801.24819946292,76.80124819946292,0.001545224950118218
2019-02-14,22.1884708404541,22.263841614399787,22.03655047302888,22.06834805176595,3239200,0,7986.0,17.869224548368948,177197.12813186646,177214.99735641482,77.21499735641481,0.0023401936421010294
2019-02-15,22.358068466186523,22.37573279960392,22.229701054419287,22.36748824602111,3117600,0,7986.0,17.869224548368948,178551.53477096558,178569.40399551395,78.56940399551395,0.007642731480423937
2019-02-19,22.37572288513184,22.44049507393241,22.28033193298064,22.30741783121316,5238400,0,7986.0,17.869224548368948,178692.52296066287,178710.39218521124,78.71039218521123,0.0007895428138453564
2019-02-20,22.40751838684082,22.491131916177697,22.295640142203283,22.394563950283985,8564000,0,7986.0,17.869224548368948,178946.4418373108,178964.31106185916,78.96431106185915,0.0014208400168735924
2019-02-21,22.40280532836914,22.48288778498521,22.26737406111173,22.360409156509096,2730400,0,7986.0,17.869224548368948,178908.80335235596,178926.67257690433,78.92667257690434,-0.00021031279773886524
2019-02-22,22.70193862915039,22.70193862915039,22.49466761809905,22.49937930306729,3096800,0,7986.0,17.869224548368948,181297.68189239502,181315.5511169434,81.3155511169434,0.013351159475747165
2019-02-25,22.80792999267578,22.963383263317823,22.793798530610665,22.886833650841748,7432000,0,7986.0,17.869224548368948,182144.1289215088,182161.99814605716,82.16199814605716,0.004668364207589759
2019-02-26,22.84443092346192,22.90567023650337,22.730196845876147,22.74197425887752,5792800,0,7986.0,17.869224548368948,182435.6253547669,182453.49457931527,82.45349457931528,0.0016002044126919301
2019-02-27,22.84443092346192,22.858564178459744,22.607720016774163,22.76317144590287,3204800,0,7986.0,17.869224548368948,182435.6253547669,182453.49457931527,82.45349457931528,0.0
2019-02-28,22.77141761779785,22.856209965906054,22.706645435634496,22.76435188828568,2187200,0,7986.0,17.869224548368948,181852.54109573364,181870.410320282,81.87041032028202,-0.0031957966076653355
2019-03-01,22.917455673217773,22.96456174775388,22.72785075819039,22.948074441968085,3285600,0,7986.0,17.869224548368948,183018.80100631714,183036.6702308655,83.03667023086551,0.006412587449105445
2019-03-04,22.785552978515625,23.04228590896641,22.522933137117352,23.01402118909673,4511200,0,7986.0,17.869224548368948,181965.42608642578,181983.29531097415,81.98329531097414,-0.005754993895828231
2019-03-05,22.70900535583496,22.78437614580151,22.637167431258927,22.780843280411,2874400,0,7986.0,17.869224548368948,181354.116771698,181371.98599624637,81.37198599624638,-0.003359150704921432
2019-03-06,22.561792373657227,22.71135690249667,22.5311736137373,22.70900106035482,2557600,0,7986.0,17.869224548368948,180178.4738960266,180196.34312057498,80.19634312057498,-0.006481943003566859
2019-03-07,22.366300582885746,22.52764074128677,22.288573958860542,22.500554843937817,4147200,0,7986.0,17.869224548368948,178617.27645492557,178635.14567947394,78.63514567947394,-0.008663868611675452
2019-03-08,22.3686580657959,22.37690081908005,22.03773317506208,22.084839243209167,3620800,0,7986.0,17.869224548368948,178636.10331344604,178653.9725379944,78.65397253799442,0.00010539280189725275
2019-03-11,22.859750747680664,22.873882211599163,22.454632010188032,22.454632010188032,4517600,0,7986.0,17.869224548368948,182557.96947097778,182575.83869552615,82.57583869552616,0.021952303113202065
2019-03-12,22.972808837890625,23.05642239897968,22.83855273696465,22.912746519690742,10649600,0,7986.0,17.869224548368948,183460.85137939453,183478.7206039429,83.4787206039429,0.004945243110302533
2019-03-13,23.116479873657227,23.25544584545024,23.03286632358768,23.081151216997707,5201600,0,7986.0,17.869224548368948,184608.2082710266,184626.07749557498,84.62607749557498,0.006253351276133801
2019-03-14,23.16240501403809,23.22953304432171,23.09527878073568,23.167116698784945,2948800,0,7986.0,17.869224548368948,184974.96644210818,184992.83566665655,84.99283566665656,0.0019864917028871165
2019-03-15,23.42267227172852,23.5215960939028,23.22246878485733,23.23071153821452,3789600,0,7986.0,17.869224548368948,187053.46076202395,187071.32998657232,87.07132998657232,0.011235539540899175
2019-03-18,23.512170791625977,23.585187522395824,23.36142923975042,23.45446613633393,4539200,0,7986.0,17.869224548368948,187768.19594192505,187786.06516647342,87.78606516647342,0.003820655896082048
2019-03-19,23.568702697753903,23.66762651463253,23.47919865649885,23.6134529214002,4298400,0,7986.0,17.869224548368948,188219.65974426267,188237.52896881104,88.23752896881103,0.002404138996881411
2019-03-20,23.49686622619629,23.684115276173955,23.340235941334164,23.553393868325497,5781600,0,7986.0,17.869224548368948,187645.97368240356,187663.84290695193,87.66384290695193,-0.003047671019704823
2019-03-21,24.08238983154297,24.124913251350925,23.490605422351063,23.490605422351063,3813600,0,7986.0,17.869224548368948,192321.96519470215,192339.83441925052,92.33983441925051,0.024916848338318642
2019-03-22,23.47052574157715,24.04459102180485,23.462258249888148,23.944189752012907,7876000,0,7986.0,17.869224548368948,187435.6185722351,187453.48779678348,87.45348779678348,-0.02540475631176886
2019-03-25,23.374845504760746,23.51304615423419,23.210658223518863,23.40083213652917,4335200,0,7986.0,17.869224548368948,186671.51620101932,186689.38542556769,86.68938542556768,-0.004076223815286606
2019-03-26,23.510684967041016,23.719758591658373,23.381934156250267,23.560297123966656,3634400,0,7986.0,17.869224548368948,187756.33014678955,187774.19937133792,87.77419937133793,0.005810796062654333
2019-03-27,23.363037109375,23.624084030961946,23.13624611896272,23.550849947225824,4343200,0,7986.0,17.869224548368948,186577.21435546875,186595.08358001712,86.59508358001713,-0.006279434529708805
2019-03-28,23.461071014404297,23.559111153258247,23.308696506106628,23.425636339712348,3490400,0,7986.0,17.869224548368948,187360.11312103271,187377.98234558108,87.37798234558107,0.0041957095039335535
2019-03-29,23.698495864868164,23.707945712928225,23.56147577155865,23.64179677650781,3306400,0,7986.0,17.869224548368948,189256.18797683716,189274.05720138553,89.27405720138553,0.01011898426949398
2019-04-01,24.03041648864746,24.05049674205406,23.801262604964176,23.94891311740192,6349600,0,7986.0,17.869224548368948,191906.90607833862,191924.775302887,91.92477530288699,0.014004656214882782
2019-04-02,24.09892845153809,24.13318258009211,23.95954541952187,24.028055479004475,3756800,0,7986.0,17.869224548368948,192454.04261398318,192471.91183853155,92.47191183853157,0.0028507863811804146
2019-04-03,24.30209350585937,24.42375738248557,24.20877737376781,24.24657676964652,4337600,0,7986.0,17.869224548368948,194076.51873779294,194094.3879623413,94.0943879623413,0.008429677391945223
2019-04-04,24.17216110229492,24.344617697307086,24.00797380128395,24.29855080860256,3371200,0,7986.0,17.869224548368948,193038.87856292722,193056.7477874756,93.05674778747559,-0.005346059645305434
2019-04-05,24.286739349365234,24.31390654098834,24.21350526656618,24.253665776335044,3260800,0,7986.0,17.869224548368948,193953.90044403076,193971.76966857913,93.97176966857914,0.0047396524161427145
2019-04-08,24.383590698242188,24.387135968047232,24.115458716637097,24.234759659019247,4247200,0,7986.0,17.869224548368948,194727.3553161621,194745.22454071048,94.74522454071048,0.0039874610282355505
2019-04-09,24.27137756347656,24.37650463991501,24.22649304027896,24.276103388470503,5589600,0,7986.0,17.869224548368948,193831.2212219238,193849.09044647217,93.84909044647216,-0.004601571598747856
2019-04-10,24.465097427368164,24.467460340105987,24.291460289811724,24.30445360630827,4413600,0,7986.0,17.869224548368948,195378.26805496216,195396.13727951053,95.39613727951053,0.00798067625427179
2019-04-11,24.453292846679688,24.51589653275377,24.395413184939112,24.502903212868127,2858400,0,7986.0,17.869224548368948,195283.99667358398,195301.86589813235,95.30186589813235,-0.00048246287102038377
2019-04-12,24.61156845092773,24.61629247423524,24.45328753569746,24.587944729641404,3100800,0,7986.0,17.869224548368948,196547.98564910886,196565.85487365723,96.56585487365723,0.00647197593178217
2019-04-15,24.61156845092773,24.68480252762769,24.48045472505802,24.63164870413984,3164800,0,7986.0,17.869224548368948,196547.98564910886,196565.85487365723,96.56585487365723,0.0
2019-04-16,24.717884063720703,24.76513332389476,24.61157638248529,24.700166717639792,3224000,0,7986.0,17.869224548368948,197397.02213287354,197414.8913574219,97.4148913574219,0.00431934877148632
2019-04-17,24.80646324157715,24.87497328623428,24.706061988318226,24.85843650320491,4664800,0,7986.0,17.869224548368948,198104.4154472351,198122.28467178348,98.12228467178348,0.003583282443880176
2019-04-18,24.851354598999023,24.85726098035684,24.668267591154017,24.839541836283395,3068000,0,7986.0,17.869224548368948,198462.9178276062,198480.78705215457,98.48078705215457,0.0018095005363227834
2019-04-22,24.928131103515625,24.93285692935339,24.72850912004435,24.75213284210979,3951200,0,7986.0,17.869224548368948,199076.05499267578,199093.92421722415,99.09392421722416,0.003089151217988917
2019-04-23,25.21516227722168,25.242329464928627,24.952934841443547,24.981284386686205,15756000,0,7986.0,17.869224548368948,201368.28594589233,201386.1551704407,101.3861551704407,0.011513314443064582
2019-04-24,25.2317008972168,25.354545330791247,25.198627326547737,25.2317008972168,3894400,0,7986.0,17.869224548368948,201500.36336517337,201518.23258972174,101.51823258972175,0.000655841605244678
2019-04-25,25.19980239868164,25.40060669187294,25.05923885273552,25.353359259018763,5010400,0,7986.0,17.869224548368948,201245.62195587158,201263.49118041995,101.26349118041995,-0.0012641109741192702
2019-04-26,25.14665031433105,25.149013226848364,24.87733596333074,25.085227205500093,13605600,0,7986.0,17.869224548368948,200821.14941024777,200839.01863479614,100.83901863479613,-0.0021090389674464083
2019-04-29,25.16319465637207,25.250604422029365,25.13957093122474,25.14902078175861,12077600,0,7986.0,17.869224548368948,200953.27252578735,200971.14175033572,100.9711417503357,0.0006578558112746435
2019-04-30,25.20807647705078,25.238787133999697,25.002546320125173,25.162009590440224,11303200,0,7986.0,17.869224548368948,201311.69874572754,201329.5679702759,101.32956797027592,0.0017834710835522571
2019-05-01,25.111215591430664,25.48683940347747,25.111215591430664,25.44431598706414,3688000,0,7986.0,17.869224548368948,200538.16771316528,200556.03693771365,100.55603693771364,-0.0038421134081828567
2019-05-02,24.995460510253903,25.28603751745618,24.848990550197755,25.11003745433524,6543200,0,7986.0,17.869224548368948,199613.74763488767,199631.61685943604,99.63161685943605,-0.004609285725788004
2019-05-03,25.24114990234375,25.26359306791328,25.05569999937391,25.112399092088847,2587200,0,7986.0,17.869224548368948,201575.8231201172,201593.69234466556,101.59369234466556,0.00982848065900832
2019-05-06,25.071060180664062,25.10767722399676,24.55723561148858,24.65645813819205,8004000,0,7986.0,17.869224548368948,200217.4866027832,200235.35582733157,100.23535582733159,-0.006737991162003354
2019-05-07,24.538333892822266,24.88796928669924,24.31272348385896,24.784024554603736,8403200,0,7986.0,17.869224548368948,195963.1344680786,195981.00369262698,95.98100369262698,-0.021246757932066873
2019-05-08,24.493446350097656,24.694250670721395,24.40485604961298,24.47336609827271,5636000,0,7986.0,17.869224548368948,195604.66255187988,195622.53177642825,95.62253177642826,-0.0018291156257213004
2019-05-09,24.32926368713379,24.400136661935004,23.89694250607053,24.212323819424167,7343200,0,7986.0,17.869224548368948,194293.49980545044,194311.3690299988,94.31136902999881,-0.0067025139411237555
2019-05-10,24.39777374267578,24.50290084710057,23.8201649460273,24.17452621519508,4191200,0,7986.0,17.869224548368948,194840.6211090088,194858.49033355716,94.85849033355716,0.0028156937305807705
2019-05-13,23.45162582397461,23.84614937017108,23.381935213409385,23.72920951334383,12480000,0,7986.0,17.869224548368948,187284.68383026123,187302.5530548096,87.30255305480961,-0.03877653606888454
2019-05-14,23.84496688842773,23.979624085418376,23.574471939186463,23.57683485208088,5300000,0,7986.0,17.869224548368948,190425.90557098386,190443.77479553223,90.44377479553222,0.016770843159854998
2019-05-15,24.0894775390625,24.167437444935555,23.668969153261628,23.68078011324651,12253600,0,7986.0,17.869224548368948,192378.56762695312,192396.4368515015,92.39643685150149,0.010253220710762179
2019-05-16,24.338712692260746,24.49699362113027,24.09420255982274,24.11782628314476,6360000,0,7986.0,17.869224548368948,194368.95956039432,194386.82878494269,94.3868287849427,0.010345264008072341
2019-05-17,24.0965633392334,24.430844311645927,24.07175726039828,24.082389466970128,3237600,0,7986.0,17.869224548368948,192435.15482711792,192453.0240516663,92.45302405166629,-0.009948229236332873
2019-05-20,23.67487525939941,23.86859448129328,23.57565453772787,23.724487422609783,5127200,0,7986.0,17.869224548368948,189067.5538215637,189085.42304611206,89.08542304611207,-0.017498301323912502
2019-05-21,23.99852180480957,24.062307831077653,23.89693818721998,23.928831200354026,2459200,0,7986.0,17.869224548368948,191652.19513320923,191670.0643577576,91.6700643577576,0.013669172747468927
2019-05-22,23.853235244750977,24.007972689325648,23.83433554708744,23.83433554708744,2517600,0,7986.0,17.869224548368948,190491.9366645813,190509.80588912967,90.50980588912967,-0.0060534151356169685
2019-05-23,23.419734954833984,23.56620311446412,23.264997501095973,23.552029241564288,6333600,0,7986.0,17.869224548368948,187030.0033493042,187047.87257385257,87.04787257385256,-0.01817194290404045
2019-05-24,23.438634872436523,23.670151696553525,23.419736974398617,23.565024591273907,2337600,0,7986.0,17.869224548368948,187180.93809127808,187198.80731582645,87.19880731582646,0.0008069310807814478
2019-05-28,23.365398406982425,23.66660581802692,23.365398406982425,23.511868366702444,3350400,-1,0.0,186613.94090271002,0.0,186613.94090271002,86.61394090271001,-0.003124306300358426
2019-05-29,23.20829200744629,23.35239901678673,23.07954122443073,23.211835474694496,6292800,0,0.0,186613.94090271002,0.0,186613.94090271002,86.61394090271001,0.0
2019-05-30,23.34531021118164,23.41145733101188,23.204746680355463,23.28388711317906,3237600,0,0.0,186613.94090271002,0.0,186613.94090271002,86.61394090271001,0.0
2019-05-31,22.96969413757324,23.189398157116653,22.961424844303803,23.06064554929133,3840000,0,0.0,186613.94090271002,0.0,186613.94090271002,86.61394090271001,0.0
2019-06-03,22.55155372619629,23.11616927363138,22.40626609263973,23.00867924286501,6700800,0,0.0,186613.94090271002,0.0,186613.94090271002,86.61394090271001,0.0
2019-06-04,23.30043029785156,23.31342361441646,22.739358377559284,22.84212435489052,3470400,0,0.0,186613.94090271002,0.0,186613.94090271002,86.61394090271001,0.0
2019-06-05,23.60163688659668,23.655973063758715,23.316966289412004,23.59454995096125,6544800,0,0.0,186613.94090271002,0.0,186613.94090271002,86.61394090271001,0.0
2019-06-06,23.86268424987793,23.919381538489542,23.548483546234603,23.647704251898503,4420000,0,0.0,186613.94090271002,0.0,186613.94090271002,86.61394090271001,0.0
2019-06-07,24.279651641845703,24.419032866280343,23.95482050088842,23.9831682469432,3231200,0,0.0,186613.94090271002,0.0,186613.94090271002,86.61394090271001,0.0
2019-06-10,24.54541778564453,24.79937590715933,24.472181917086875,24.47927065459179,6394400,0,0.0,186613.94090271002,0.0,186613.94090271002,86.61394090271001,0.0
2019-06-11,24.515888214111328,24.84189985374632,24.38831797189568,24.81355211261452,9744000,0,0.0,186613.94090271002,0.0,186613.94090271002,86.61394090271001,0.0
2019-06-12,24.409582138061523,24.48163566064765,24.339891528353057,24.43438821734093,3164000,0,0.0,186613.94090271002,0.0,186613.94090271002,86.61394090271001,0.0
2019-06-13,24.48045539855957,24.55368947727433,24.40249549403289,24.4969921841524,8293600,0,0.0,186613.94090271002,0.0,186613.94090271002,86.61394090271001,0.0
2019-06-14,24.2607479095459,24.33988835808255,24.176881635869453,24.297364943695403,1984000,0,0.0,186613.94090271002,0.0,186613.94090271002,86.61394090271001,0.0
2019-06-17,24.30917930603028,24.415486947816213,24.26074950821419,24.28319267317161,2195200,0,0.0,186613.94090271002,0.0,186613.94090271002,86.61394090271001,0.0
2019-06-18,24.716693878173828,24.864344379238187,24.491083479977657,24.55250659308523,3219200,0,0.0,186613.94090271002,0.0,186613.94090271002,86.61394090271001,0.0
2019-06-19,24.835994720458984,24.893874365465933,24.62810346476701,24.78638436861343,3016000,0,0.0,186613.94090271002,0.0,186613.94090271002,86.61394090271001,0.0
2019-06-20,25.178544998168945,25.282489724973875,24.978921232983552,25.2068927407638,3736800,0,0.0,186613.94090271002,0.0,186613.94090271002,86.61394090271001,0.0
2019-06-21,25.04561424255371,25.255315498446063,25.02902781488785,25.138024597804232,3852800,0,0.0,186613.94090271002,0.0,186613.94090271002,86.61394090271001,0.0
2019-06-24,25.024290084838867,25.138025074480023,25.024290084838867,25.09300580298189,2290400,0,0.0,186613.94090271002,0.0,186613.94090271002,86.61394090271001,0.0
2019-06-25,24.5859317779541,25.0361371261762,24.558681227156026,25.02310480425081,3762400,0,0.0,186613.94090271002,0.0,186613.94090271002,86.61394090271001,0.0
2019-06-26,24.82169914245605,25.01362989141532,24.813406831654632,24.813406831654632,2231200,0,0.0,186613.94090271002,0.0,186613.94090271002,86.61394090271001,0.0
2019-06-27,24.936616897583008,24.994670296997555,24.87145528758402,24.92358457558321,3140800,0,0.0,186613.94090271002,0.0,186613.94090271002,86.61394090271001,0.0
2019-06-28,24.98519515991211,25.0432485664822,24.861981943096566,25.02192212431525,5058400,1,7468.0,24.503448486386333,186589.43745422363,186613.94090271002,86.61394090271001,0.0
2019-07-01,25.35128402709961,25.550322998814064,25.23873312075025,25.515964230988114,7149600,0,7468.0,24.503448486386333,189323.38911437988,189347.89256286627,89.34789256286626,0.014650307725839085
2019-07-02,25.42591857910156,25.42591857910156,25.270716625935822,25.32403001177204,2842400,0,7468.0,24.503448486386333,189880.75994873044,189905.26339721683,89.90526339721683,0.0029436336829864462
2019-07-03,25.608373641967773,25.608373641967773,25.42710701454074,25.475682204317987,1916000,0,7468.0,24.503448486386333,191243.33435821533,191267.83780670172,91.2678378067017,0.007175021824618266
2019-07-05,25.569278717041016,25.602451576763507,25.31100224316132,25.4282931593278,2205600,0,7468.0,24.503448486386333,190951.3734588623,190975.8769073487,90.97587690734869,-0.0015264505663941108
2019-07-08,25.379716873168945,25.41170563215763,25.27309008692026,25.39511920301261,2008800,0,7468.0,24.503448486386333,189535.72560882568,189560.22905731207,89.56022905731207,-0.007412705064961833
2019-07-09,25.47568321228028,25.49937785454305,25.22214674371937,25.22925495561968,6789600,0,7468.0,24.503448486386333,190252.40222930914,190276.90567779553,90.27690567779551,0.003780733036921946
2019-07-10,25.671161651611328,25.828733615595247,25.607185948234587,25.608370047409803,4880800,0,7468.0,24.503448486386333,191712.2352142334,191736.73866271978,91.73673866271979,0.007672150121025512
2019-07-11,25.7564640045166,25.845320253576965,25.66760775545624,25.737509378633668,3052800,0,7468.0,24.503448486386333,192349.27318572998,192373.77663421637,92.37377663421637,0.003322461704207802
2019-07-12,25.96261215209961,25.96498215834555,25.79082375886336,25.81925660267428,2436000,0,7468.0,24.503448486386333,193888.78755187988,193913.29100036627,93.91329100036627,0.00800272465969809
2019-07-15,26.02659034729004,26.064503219710176,25.960244628340053,26.015928029841344,2244800,0,7468.0,24.503448486386333,194366.576713562,194391.0801620484,94.3910801620484,0.002463931993610613
2019-07-16,25.806230545043945,26.006451816673383,25.752915338119696,26.006451816673383,13224000,0,7468.0,24.503448486386333,192720.92971038818,192745.43315887457,92.74543315887458,-0.0084656507994193
2019-07-17,25.743432998657227,25.904559077503457,25.743432998657227,25.818072830175623,1744000,0,7468.0,24.503448486386333,192251.95763397217,192276.46108245855,92.27646108245855,-0.002433116410231362
2019-07-18,25.92588233947754,25.96260929721815,25.65220540118085,25.70907289033454,2784000,0,7468.0,24.503448486386333,193614.48931121826,193638.99275970465,93.63899275970465,0.007086315556129152
2019-07-19,25.784900665283203,26.171128540507738,25.771868342093576,26.14387979485131,2955200,0,7468.0,24.503448486386333,192561.63816833496,192586.14161682135,92.58614161682135,-0.00543718559923434
2019-07-22,26.064498901367188,26.132030516257508,25.887970508005345,25.887970508005345,2832800,0,7468.0,24.503448486386333,194649.67779541016,194674.18124389654,94.67418124389656,0.01084210737878366
2019-07-23,26.21259498596192,26.21733319075992,26.005263726185945,26.21733319075992,2532000,0,7468.0,24.503448486386333,195755.65935516363,195780.16280365002,95.78016280365003,0.005681192815023772
2019-07-24,26.457841873168945,26.46376417783749,26.16639253362124,26.1817948644442,2662400,0,7468.0,24.503448486386333,197587.16310882568,197611.66655731207,97.61166655731206,0.00935489953340607
2019-07-25,26.27065086364746,26.406896409789105,26.21496746115489,26.406896409789105,3080000,0,7468.0,24.503448486386333,196189.22064971924,196213.72409820562,96.21372409820563,-0.007074189917329665
2019-07-26,26.45310401916504,26.48983098847712,26.364247748460805,26.368987761924885,2030400,0,7468.0,24.503448486386333,197551.7808151245,197576.2842636109,97.57628426361089,0.006944265349773993
2019-07-29,26.41163444519043,26.49930660782001,26.17824032686781,26.45310142389833,4230400,0,7468.0,24.503448486386333,197242.08603668213,197266.58948516852,97.26658948516851,-0.0015674693933872552
2019-07-30,26.25169563293457,26.352398317121548,26.168763478961363,26.21141455925978,1840800,0,7468.0,24.503448486386333,196047.66298675537,196072.16643524176,96.07216643524177,-0.0060548674412833625
2019-07-31,25.869016647338867,26.41518646277221,25.596523789213435,26.363057174183087,5316800,0,7468.0,24.503448486386333,193189.81632232666,193214.31977081305,93.21431977081305,-0.014575483692493396
2019-08-01,25.73869514465332,26.443621071292785,25.61192602004751,25.91522355502114,7044800,0,7468.0,24.503448486386333,192216.575340271,192241.07878875738,92.24107878875738,-0.005037105858458624
2019-08-02,25.258867263793945,25.590597594164155,25.0503519341996,25.532544198819288,5492800,0,7468.0,24.503448486386333,188633.22072601318,188657.72417449957,88.65772417449958,-0.018639900674898735
2019-08-05,24.221031188964844,24.59659675148724,24.00540580431596,24.59304264583128,8776000,0,7468.0,24.503448486386333,180882.66091918945,180907.16436767584,80.90716436767585,-0.04108265294059643
2019-08-06,24.575271606445312,24.67479199341864,24.307518722119767,24.52077411165507,5561600,0,7468.0,24.503448486386333,183528.1283569336,183552.63180541998,83.55263180541999,0.014623342569050957
2019-08-07,24.743507385253903,24.790896667717284,24.18548927415361,24.319366618401265,3699200,0,7468.0,24.503448486386333,184784.51315307614,184809.01660156253,84.80901660156252,0.006844820386309847
2019-08-08,25.35602188110352,25.36550009873857,24.89396826226644,24.941359350441743,8771200,0,7468.0,24.503448486386333,189358.77140808108,189383.27485656747,89.38327485656747,0.024751272092242038
2019-08-09,25.066944122314453,25.273091301122456,24.89160160467373,25.22214610415326,2869600,0,7468.0,24.503448486386333,187199.93870544434,187224.44215393072,87.22444215393072,-0.011399278549131475
2019-08-12,24.73402214050293,24.959123879932573,24.621471270788103,24.904626401360428,3288800,0,7468.0,24.503448486386333,184713.67734527588,184738.18079376227,84.73818079376227,-0.013279576809337335
2019-08-13,25.32877349853516,25.41762976272184,24.66176037133449,24.717443774847634,3389600,0,7468.0,24.503448486386333,189155.28048706058,189179.78393554696,89.17978393554695,0.024042691785209236
2019-08-14,24.550392150878903,24.94017414524485,24.471014109709703,24.85368789259561,18065600,0,7468.0,24.503448486386333,183342.32858276364,183366.83203125003,83.36683203125004,-0.030727130475407427
2019-08-15,24.50181579589844,24.61555259752156,24.294484534600617,24.566977411006206,5145600,0,7468.0,24.503448486386333,182979.56036376956,183004.06381225595,83.00406381225596,-0.001978374251087378
2019-08-16,24.94254302978516,25.01007465137853,24.677158363827072,24.73995178057528,2837600,0,7468.0,24.503448486386333,186270.91134643558,186295.41479492196,86.29541479492195,0.0179851251065255
2019-08-19,25.310997009277344,25.408147369650784,25.187783814041527,25.33469164592444,5266400,0,7468.0,24.503448486386333,189022.5256652832,189047.0291137696,89.04702911376958,0.014770166629579418
2019-08-20,25.19844436645508,25.39392736484851,25.16290151007861,25.27782238795116,2715200,0,7468.0,24.503448486386333,188181.98252868655,188206.48597717294,88.20648597717293,-0.004446211826427682
2019-08-21,25.48989486694336,25.56098058821694,25.37141987001072,25.4425055912843,2976000,-1,0.0,190383.0383148194,0.0,190383.0383148194,90.3830383148194,0.011564704193618658
2019-08-22,25.429473876953125,25.60837047579359,25.21740442280165,25.556242994437017,2076000,0,0.0,190383.0383148194,0.0,190383.0383148194,90.3830383148194,0.0
2019-08-23,24.6179256439209,25.532553018495875,24.530255278861567,25.29086475315693,5007200,0,0.0,190383.0383148194,0.0,190383.0383148194,90.3830383148194,0.0
2019-08-26,24.92951011657715,24.96031296680442,24.744689399643324,24.92358600482207,3017600,0,0.0,190383.0383148194,0.0,190383.0383148194,90.3830383148194,0.0
2019-08-27,24.867904663085938,25.13802754981393,24.73165912038712,25.09656237967245,2899200,0,0.0,190383.0383148194,0.0,190383.0383148194,90.3830383148194,0.0
2019-08-28,24.87975311279297,24.924774196916925,24.54328450456461,24.73402935074077,2405600,0,0.0,190383.0383148194,0.0,190383.0383148194,90.3830383148194,0.0
2019-08-29,25.3181095123291,25.39511935422075,25.15105931279767,25.216220930464385,3327200,0,0.0,190383.0383148194,0.0,190383.0383148194,90.3830383148194,0.0
2019-08-30,25.3015193939209,25.49818831755355,25.11196048845763,25.470939575151537,2540000,0,0.0,190383.0383148194,0.0,190383.0383148194,90.3830383148194,0.0
2019-09-03,24.989931106567383,25.192524153811227,24.89752075036073,25.111962020824937,3684000,0,0.0,190383.0383148194,0.0,190383.0383148194,90.3830383148194,0.0
2019-09-04,25.422367095947266,25.422367095947266,25.242284579999044,25.261241014895727,2007200,0,0.0,190383.0383148194,0.0,190383.0383148194,90.3830383148194,0.0
2019-09-05,25.93655204772949,26.037256541284748,25.732774861743508,25.741068981163885,3510400,0,0.0,190383.0383148194,0.0,190383.0383148194,90.3830383148194,0.0
2019-09-06,25.89982032775879,26.00763301373121,25.85124514294241,25.99460069116548,2199200,0,0.0,190383.0383148194,0.0,190383.0383148194,90.3830383148194,0.0
2019-09-09,25.70078468322754,26.02540688203948,25.54676860667768,26.00408224662253,5603200,0,0.0,190383.0383148194,0.0,190383.0383148194,90.3830383148194,0.0
2019-09-10,25.57282829284668,25.57282829284668,25.270716695233084,25.557425965066336,3516800,0,0.0,190383.0383148194,0.0,190383.0383148194,90.3830383148194,0.0
2019-09-11,25.83584213256836,25.851242652091194,25.58348982346734,25.63680320781385,2323200,0,0.0,190383.0383148194,0.0,190383.0383148194,90.3830383148194,0.0
2019-09-12,25.956689834594727,26.18297754041884,25.86901948307088,26.005265023176168,13385600,0,0.0,190383.0383148194,0.0,190383.0383148194,90.3830383148194,0.0
2019-09-13,25.77305603027344,25.946030361441963,25.75291549304584,25.93181393699552,2279200,0,0.0,190383.0383148194,0.0,190383.0383148194,90.3830383148194,0.0
2019-09-16,25.7481746673584,25.80030396207124,25.526626972614068,25.575200353791733,2328000,0,0.0,190383.0383148194,0.0,190383.0383148194,90.3830383148194,0.0
2019-09-17,25.8405818939209,25.857168321334523,25.71025867296741,25.760017955208287,1571200,0,0.0,190383.0383148194,0.0,190383.0383148194,90.3830383148194,0.0
2019-09-18,25.854799270629883,25.861907481529112,25.501744269615948,25.819256408348664,2222400,0,0.0,190383.0383148194,0.0,190383.0383148194,90.3830383148194,0.0
2019-09-19,25.912851333618164,26.13084489292713,25.87138436180196,25.927067754682017,3739200,0,0.0,190383.0383148194,0.0,190383.0383148194,90.3830383148194,0.0
2019-09-20,25.63799095153809,25.998155987423385,25.53728827963129,25.99223187547942,2912000,0,0.0,190383.0383148194,0.0,190383.0383148194,90.3830383148194,0.0
2019-09-23,25.694862365722656,25.771870403959056,25.555060905068743,25.62022252623009,2369600,1,7409.0,9.803047180233989,190373.23526763916,190383.0383148194,90.3830383148194,0.0
2019-09-24,25.40459442138672,25.9460260612697,25.30981586373802,25.84413748479076,4344800,0,7409.0,9.803047180233989,188222.6400680542,188232.44311523443,88.23244311523443,-0.011296149166548752
2019-09-25,25.707895278930664,25.782533312347912,25.143953025907265,25.37853486746245,2808000,0,7409.0,9.803047180233989,190469.7961215973,190479.59916877752,90.47959916877753,0.011938197349791624
2019-09-26,25.732152938842773,25.81302590741892,25.546619126452708,25.709555546222944,2096800,0,7409.0,9.803047180233989,190649.5211238861,190659.32417106634,90.65932417106634,0.0009435393767789346
2019-09-27,25.35870742797852,25.770211557564423,25.167226637231725,25.760698584707104,4148800,0,7409.0,9.803047180233989,187882.66333389285,187892.46638107309,87.89246638107309,-0.01451205075871731
2019-09-30,25.635814666748047,25.68933374910672,25.41578955456704,25.457416515712584,2855200,0,7409.0,9.803047180233989,189935.75086593628,189945.5539131165,89.94555391311651,0.01092692842660048
2019-10-01,25.405088424682617,25.91649686737805,25.378923214956803,25.74999082232652,4178400,0,7409.0,9.803047180233989,188226.3001384735,188236.10318565374,88.23610318565373,-0.008999688027679253
2019-10-02,24.929363250732425,25.24929096320752,24.739071121340764,25.235017873908987,4812800,0,7409.0,9.803047180233989,184701.65232467654,184711.45537185678,84.71145537185679,-0.018724611029164118
2019-10-03,25.25166893005371,25.25404626585848,24.609434384535824,24.91865862661038,4036000,0,7409.0,9.803047180233989,187089.61510276794,187099.41814994818,87.09941814994818,0.01292807082962999
2019-10-04,25.67863273620605,25.703607463459228,25.407467666040123,25.40865633384646,3183200,0,7409.0,9.803047180233989,190252.98994255063,190262.79298973086,90.26279298973085,0.016907454181644965
2019-10-07,25.59775733947754,25.79637374395003,25.568024312195547,25.59062170329145,2777600,0,7409.0,9.803047180233989,189653.7841281891,189663.58717536932,89.66358717536933,-0.003149358868046681
2019-10-08,25.100622177124023,25.453850688986133,25.08753957243432,25.418170693036025,3850400,0,7409.0,9.803047180233989,185970.5097103119,185980.31275749212,85.98031275749211,-0.019420039833326186
2019-10-09,25.458606719970703,25.551373618927343,25.314699885715385,25.35156854879303,2898400,0,7409.0,9.803047180233989,188622.81718826294,188632.62023544317,88.63262023544318,0.01426122710853539
2019-10-10,25.612030029296875,25.72144735022604,25.44433532248547,25.44671447276391,2614400,0,7409.0,9.803047180233989,189759.53048706055,189769.33353424078,89.76933353424079,0.006026069602271367
2019-10-11,25.98666954040528,26.216207672583444,25.912932202981857,25.912932202981857,6261600,0,7409.0,9.803047180233989,192535.23462486273,192545.03767204296,92.54503767204297,0.014626726490038156
2019-10-14,25.98548126220703,26.077057694006346,25.95693689821489,25.959316048904306,2265600,0,7409.0,9.803047180233989,192526.4306716919,192536.23371887213,92.53623371887213,-4.5724123962309626e-05
2019-10-15,26.25545883178711,26.320871872383726,26.039003278529755,26.06041019285567,3079200,0,7409.0,9.803047180233989,194526.6944847107,194536.49753189093,94.53649753189093,0.010389025350622694
2019-10-16,26.025915145874023,26.09846380917933,25.924822121432832,26.09846380917933,2817600,0,7409.0,9.803047180233989,192826.00531578064,192835.80836296087,92.83580836296088,-0.008742262714230509
2019-10-17,26.000938415527344,26.18409488899829,25.865355876939784,26.13771143671202,2613600,0,7409.0,9.803047180233989,192640.9527206421,192650.75576782232,92.65075576782233,-0.0009596381331326009
2019-10-18,25.726207733154297,25.98072240870464,25.54780954520518,25.94980070944046,2541600,0,7409.0,9.803047180233989,190605.4730949402,190615.27614212042,90.61527614212042,-0.010565645681426816
2019-10-21,25.98429107666016,26.00332065287256,25.795189426795165,25.872494584862658,1923200,0,7409.0,9.803047180233989,192517.61258697513,192527.41563415536,92.52741563415536,0.010031407402045112
2019-10-22,25.63224220275879,26.125809605254663,25.623916086134955,26.043746180291752,2826400,0,7409.0,9.803047180233989,189909.28248023987,189919.0855274201,89.9190855274201,-0.013547837320434741
2019-10-23,25.658418655395508,25.69290817497182,25.510942159296125,25.57040822493551,1973600,0,7409.0,9.803047180233989,190103.22381782532,190113.02686500555,90.11302686500555,0.0010211787669831551
2019-10-24,26.050886154174805,26.06753657543656,25.85108109903378,25.927197569767475,2045600,0,7409.0,9.803047180233989,193011.01551628113,193020.81856346136,93.02081856346136,0.015295068130815492
2019-10-25,26.364870071411133,26.380331826902136,26.046132878052205,26.046132878052205,2195200,0,7409.0,9.803047180233989,195337.32235908508,195347.12540626532,95.3471254062653,0.01205210329184836
2019-10-28,26.666963577270508,26.69788527919869,26.537327985068025,26.54803144172466,6900000,0,7409.0,9.803047180233989,197575.5331439972,197585.33619117743,97.58533619117742,0.011457607990172702
2019-10-29,26.45050430297852,26.69907382747672,26.45050430297852,26.6610146757747,2366400,0,7409.0,9.803047180233989,195971.78638076785,195981.58942794809,95.98158942794808,-0.00811672968320687
2019-10-30,26.62890243530273,26.652690312444737,26.36725211958281,26.52662073377692,2786400,0,7409.0,9.803047180233989,197293.53814315793,197303.34119033816,97.30334119033816,0.00674426493962077
2019-10-31,26.597984313964844,26.689562571953115,26.437425195457138,26.68599475285388,2745600,0,7409.0,9.803047180233989,197064.46578216553,197074.26882934576,97.07426882934575,-0.001161016126794423
2019-11-01,26.944068908691406,26.944068908691406,26.65625343067496,26.70977251528679,4552000,0,7409.0,9.803047180233989,199628.60654449463,199638.40959167486,99.63840959167487,0.013011037806003323
2019-11-04,27.066574096679688,27.17004446803765,27.024947125685426,27.158152344010908,2964800,0,7409.0,9.803047180233989,200536.2474822998,200546.05052948004,100.54605052948004,0.004546424406313365
2019-11-05,27.04040908813477,27.14387946027708,26.950021322853228,27.14387946027708,3814400,0,7409.0,9.803047180233989,200342.3909339905,200352.19398117074,100.35219398117073,-0.0009666435604065438
2019-11-06,27.01304817199707,27.041590714253104,26.88222213745756,27.041590714253104,2830400,0,7409.0,9.803047180233989,200139.6739063263,200149.47695350653,100.14947695350651,-0.001011803383012988
2019-11-07,27.23188781738281,27.381741636126527,27.160527819070488,27.20691127354545,3541600,0,7409.0,9.803047180233989,201761.05683898923,201770.85988616946,101.77085988616948,0.008100860203794413
2019-11-08,27.378173828125,27.378173828125,27.052300978782824,27.14863570620909,2726400,0,7409.0,9.803047180233989,202844.88989257812,202854.69293975836,102.85469293975838,0.0053716034822886005
2019-11-11,27.41266250610352,27.44120505086856,27.18906956005756,27.222370405456747,2585600,0,7409.0,9.803047180233989,203100.41650772098,203110.2195549012,103.11021955490122,0.0012596534565691986
2019-11-12,27.499486923217773,27.59225383835556,27.37579649319388,27.436453040233385,3093600,0,7409.0,9.803047180233989,203743.69861412048,203753.50166130072,103.7535016613007,0.003167157752126837
2019-11-13,27.56133270263672,27.579171796389964,27.380555355309173,27.38174402330596,2385600,0,7409.0,9.803047180233989,204201.91399383545,204211.71704101568,104.21171704101569,0.0022488711898391855
2019-11-14,27.52802848815918,27.53992061095511,27.39006679745384,27.46261546112129,3605600,0,7409.0,9.803047180233989,203955.16306877136,203964.9661159516,103.96496611595158,-0.0012083093401272782
2019-11-15,27.7575626373291,27.758751305010893,27.63387405230949,27.708800040978367,2561600,0,7409.0,9.803047180233989,205655.7815799713,205665.58462715155,105.66558462715156,0.008337797140285153
2019-11-18,27.822978973388672,27.872930243378736,27.639822501998395,27.74448334279284,2736000,0,7409.0,9.803047180233989,206140.45121383667,206150.2542610169,106.15025426101693,0.002356590845006945
2019-11-19,27.914560317993164,27.989486323942927,27.78968122172991,27.926452441833327,4792800,0,7409.0,9.803047180233989,206818.97739601135,206828.7804431916,106.82878044319159,0.0032914156938927963
2019-11-20,27.768272399902344,27.943102771118845,27.55062639053567,27.838443733787503,6476800,0,7409.0,9.803047180233989,205735.13021087646,205744.9332580567,105.74493325805672,-0.005240311250747753
2019-11-21,27.617231369018555,27.74448780749925,27.561333121395343,27.743299139484407,2904000,0,7409.0,9.803047180233989,204616.06721305847,204625.8702602387,104.62587026023868,-0.005439079252631762
2019-11-22,27.610092163085938,27.75043301461828,27.4959183390612,27.70999652755785,2763200,0,7409.0,9.803047180233989,204563.1728363037,204572.97588348394,104.57297588348395,-0.0002584931059180784
2019-11-25,28.01565361022949,28.020411911925866,27.68621108603003,27.726649391407708,16280000,0,7409.0,9.803047180233989,207567.97759819028,207577.7806453705,107.57778064537051,0.014688180337162349
2019-11-26,28.031110763549805,28.10603857749509,27.99186294742418,28.027542945243844,3693600,0,7409.0,9.803047180233989,207682.4996471405,207692.30269432074,107.69230269432074,0.0005517066836062678
2019-11-27,28.20475196838379,28.20475196838379,28.050141661800293,28.1262581471873,2572000,0,7409.0,9.803047180233989,208969.0073337555,208978.81038093573,108.97881038093571,0.006194296417948886
2019-11-29,28.0858211517334,28.171452428618213,28.07749684649306,28.125068971535622,1516000,0,7409.0,9.803047180233989,208087.84891319275,208097.65196037298,108.097651960373,-0.0042164964905127
2019-12-02,27.68621063232422,28.12626097924839,27.56014286084186,28.117934858796367,4124800,0,7409.0,9.803047180233989,205127.13457489014,205136.93762207037,105.13693762207038,-0.01422752400332905
2019-12-03,27.4661808013916,27.47450510512171,27.117708787753173,27.234263558054035,4631200,0,7409.0,9.803047180233989,203496.93355751038,203506.7366046906,103.50673660469063,-0.007946891653336063
2019-12-04,27.55895233154297,27.65171924447264,27.52208366291197,27.630312332916663,4181600,0,7409.0,9.803047180233989,204184.27782440186,204194.0808715821,104.19408087158209,0.0033775012972991902
2019-12-05,27.635072708129883,27.682644839232992,27.52089705281776,27.65410228647532,2832000,0,7409.0,9.803047180233989,204748.2536945343,204758.05674171454,104.75805674171453,0.002761959934025393
2019-12-06,27.938344955444336,27.957374530330284,27.828927621990363,27.85390235111304,3120800,0,7409.0,9.803047180233989,206995.19777488708,207005.00082206732,107.00500082206732,0.0109736540583949
2019-12-09,27.794437408447266,27.96688862773112,27.780166134088944,27.895530441179293,2440000,0,7409.0,9.803047180233989,205928.9867591858,205938.78980636603,105.93878980636605,-0.005150653421256091
2019-12-10,27.78254508972168,27.92169545801924,27.73616163362249,27.824170244561344,5842400,0,7409.0,9.803047180233989,205840.87656974792,205850.67961692816,105.85067961692816,-0.00042784649516836026
2019-12-11,27.9656982421875,27.9787808477992,27.787300064624485,27.85390176055306,2736800,0,7409.0,9.803047180233989,207197.8582763672,207207.66132354742,107.20766132354744,0.006592068139607221
2019-12-12,28.23805046081543,28.277298275518472,27.81584291532636,27.906230667067906,4911200,0,7409.0,9.803047180233989,209215.71586418152,209225.51891136175,109.22551891136175,0.009738334842086305
2019-12-13,28.42121124267578,28.484245126375875,28.16907570787541,28.26303129205244,4323200,0,7409.0,9.803047180233989,210572.75409698486,210582.5571441651,110.58255714416512,0.0064860072512391564
2019-12-16,28.676544189453125,28.78268286579529,28.62168515888945,28.62287707400602,4234400,0,7409.0,9.803047180233989,212464.5158996582,212474.31894683844,112.47431894683845,0.008983468661073468
2019-12-17,28.62168312072754,28.73974821869888,28.57040347860069,28.733785004105208,3982400,0,7409.0,9.803047180233989,212058.05024147034,212067.85328865057,112.06785328865058,-0.0019130107591476264
2019-12-18,28.6312198638916,28.732587218823507,28.608560743460544,28.66580359211135,3248000,0,7409.0,9.803047180233989,212128.70797157288,212138.5110187531,112.13851101875312,0.00033318453979136464
2019-12-19,28.81964874267578,28.82441822227913,28.64553271181437,28.65984479005946,4196800,0,7409.0,9.803047180233989,213524.77753448486,213534.5805816651,113.53458058166508,0.006580934108604941
2019-12-20,28.98064041137696,29.019995436343315,28.916242437615704,28.99256683823364,4156000,0,7409.0,9.803047180233989,214717.5648078919,214727.36785507214,114.72736785507216,0.0055859208853099585
2019-12-23,29.07843589782715,29.136872485677507,29.021193044652144,29.08916859160043,3445600,0,7409.0,9.803047180233989,215442.13156700134,215451.93461418158,115.45193461418157,0.0033743568244104516
2019-12-24,29.08081817626953,29.127328330279564,29.011648902664326,29.11063242421743,1876800,0,7409.0,9.803047180233989,215459.78186798096,215469.5849151612,115.46958491516119,8.192222089453693e-05
2019-12-26,29.30501937866211,29.30501937866211,29.136868407265013,29.136868407265013,2412000,0,7409.0,9.803047180233989,217120.88857650757,217130.6916236878,117.1306916236878,0.007709239840883564
2019-12-27,29.294294357299805,29.42666972245701,29.20962107231623,29.421900242326736,2796000,0,7409.0,9.803047180233989,217041.42689323425,217051.2299404145,117.0512299404145,-0.00036596246564268853
2019-12-30,29.12017059326172,29.293094682448366,28.872117658406847,29.27759069162597,4056000,0,7409.0,9.803047180233989,215751.34392547607,215761.1469726563,115.76114697265632,-0.005943679600951102
2019-12-31,29.20008087158203,29.22393191065561,28.97945466578672,29.01642404930842,2994400,0,7409.0,9.803047180233989,216343.39917755127,216353.2022247315,116.35320222473152,0.002744030889631155
2020-01-02,29.73554229736328,29.737927947073025,29.413548735815265,29.46244454641841,11320800,0,7409.0,9.803047180233989,220310.63288116455,220320.43592834478,120.32043592834478,0.01833683838657696
2020-01-03,29.423084259033203,29.622243210857924,29.325292655295613,29.32887021936238,13059200,0,7409.0,9.803047180233989,217995.631275177,218005.43432235724,118.00543432235725,-0.01050743021741507
2020-01-06,29.520875930786133,29.53161044339009,29.079625410402187,29.149986601170884,4199200,0,7409.0,9.803047180233989,218720.16977119446,218729.9728183747,118.72997281837469,0.003323488234454386
2020-01-07,29.517303466796875,29.64252369792957,29.458868693394564,29.560236065479007,3097600,0,7409.0,9.803047180233989,218693.70138549805,218703.50443267828,118.7035044326783,-0.00012100941336645743
2020-01-08,29.82855987548828,29.952588172940818,29.50179686429433,29.538766242665847,4972000,0,7409.0,9.803047180233989,220999.80011749268,221009.6031646729,121.00960316467292,0.01054440685793634
2020-01-09,30.16366958618164,30.174404098259263,29.94304524666599,30.08973083474277,4615200,0,7409.0,9.803047180233989,223482.62796401978,223492.4310112,123.4924310112,0.01123402698785525
2020-01-10,30.09807777404785,30.32347339779766,30.0420268467916,30.2865040244408,4835200,0,7409.0,9.803047180233989,222996.65822792053,223006.46127510077,123.00646127510078,-0.0021744348741497
2020-01-13,30.50116539001465,30.514283730964745,30.21852692193738,30.23641474154336,4740800,0,7409.0,9.803047180233989,225983.13437461853,225992.93742179876,125.99293742179879,0.013391881695364427
2020-01-14,30.338979721069336,30.55245076764107,30.305587907033097,30.51905895360483,7724800,0,7409.0,9.803047180233989,224781.5007534027,224791.30380058294,124.79130380058297,-0.005317129087857531
2020-01-15,30.364023208618164,30.52859844207041,30.26981098436426,30.37356398647077,5982400,0,7409.0,9.803047180233989,224967.04795265198,224976.8509998322,124.97685099983222,0.0008254198276900215
2020-01-16,30.78023910522461,30.785010405301424,30.53218245332873,30.572729405392643,4518400,0,7409.0,9.803047180233989,228050.79153060913,228060.59457778936,128.06059457778937,0.013706937243776585
2020-01-17,30.96269416809082,30.97938825487073,30.74802939361076,30.914992098017915,4333600,0,7409.0,9.803047180233989,229402.6010913849,229412.40413856512,129.41240413856514,0.005927413998364717
2020-01-21,30.91737365722656,31.10103043492636,30.85655142967531,30.87324915466365,5878400,0,7409.0,9.803047180233989,229066.82142639157,229076.6244735718,129.0766244735718,-0.0014636508703796958
2020-01-22,31.04498291015625,31.26083778758787,31.0151686603515,31.134425659570507,6104000,0,7409.0,9.803047180233989,230012.27838134766,230022.0814285279,130.02208142852788,0.004127251993208736
2020-01-23,31.19882774353028,31.19882774353028,30.93646447908556,31.06287663110907,3712800,0,7409.0,9.803047180233989,231152.11475181585,231161.9177989961,131.1619177989961,0.004955334563487845
2020-01-24,31.037830352783203,31.48265666748485,30.91737960897376,31.423028162935235,6326400,0,7409.0,9.803047180233989,229959.28508377075,229969.088130951,129.96908813095098,-0.005160147827992678
2020-01-27,30.29724502563477,30.52383262625475,29.98598414368639,30.298436940686454,8578400,0,7409.0,9.803047180233989,224472.288394928,224482.09144210824,124.48209144210823,-0.0238597140747816
2020-01-28,30.873254776000977,30.94361597390365,30.49163089508862,30.546491739095494,4979200,0,7409.0,9.803047180233989,228739.94463539124,228749.74768257147,128.74974768257147,0.01901112116805015
2020-01-29,30.904260635375977,31.17020141534985,30.81362415102534,31.104611521318088,5184000,0,7409.0,9.803047180233989,228969.6670475006,228979.47009468084,128.97947009468083,0.0010042520896160756
2020-01-30,31.1511173248291,31.16900514543414,30.694364654685987,30.873250139605425,4530400,0,7409.0,9.803047180233989,230798.6282596588,230808.43130683905,130.80843130683903,0.007987446260583786
2020-01-31,30.31274032592773,31.00681686931277,30.20421784987023,31.003239305251384,7536800,0,7409.0,9.803047180233989,224587.09307479855,224596.8961219788,124.59689612197877,-0.02691208093955022
2020-02-03,30.693174362182617,30.75519033314741,30.31751552961131,30.34494413085404,7798400,0,7409.0,9.803047180233989,227405.728849411,227415.53189659124,127.41553189659123,0.012549753907024952
2020-02-04,31.495769500732425,31.547049129245952,31.13799855670161,31.21313103725756,6640800,0,7409.0,9.803047180233989,233352.15623092654,233361.95927810678,133.36195927810678,0.02614785072912018
2020-02-05,31.64484214782715,32.034811184128614,31.418254600990508,32.00261310791692,6062400,0,7409.0,9.803047180233989,234456.63547325134,234466.43852043158,134.46643852043158,0.004732901822308344
2020-02-06,31.89886474609375,31.89886474609375,31.61980379341365,31.773642708209323,4151200,0,7409.0,9.803047180233989,236338.6889038086,236348.49195098883,136.34849195098883,0.00802696301625816
2020-02-07,31.600725173950195,31.85235572890261,31.53155406710285,31.73548254389846,4628800,0,7409.0,9.803047180233989,234129.772813797,234139.57586097723,134.13957586097723,-0.009346013049533863
2020-02-10,31.99427032470703,32.001425454113644,31.418260570864373,31.43257082967759,4400800,0,7409.0,9.803047180233989,237045.5488357544,237055.35188293463,137.05535188293462,0.012453153257989458
2020-02-11,31.935836791992188,32.30076296360755,31.841622731908345,32.27691010503802,4290400,0,7409.0,9.803047180233989,236612.61479187012,236622.41783905035,136.62241783905037,-0.0018262993872336653
2020-02-12,32.27570724487305,32.28524620086712,31.97279353012961,32.143330119206375,4111200,0,7409.0,9.803047180233989,239130.7149772644,239140.51802444464,139.14051802444462,0.010641849611675802
2020-02-13,32.21011734008789,32.37349882062504,31.997840060944835,32.05150715779953,4100000,0,7409.0,9.803047180233989,238644.75937271118,238654.56241989142,138.65456241989142,-0.0020320922968961597
2020-02-14,32.34010696411133,32.409278050597,32.1826868770414,32.2864435067699,3859200,0,7409.0,9.803047180233989,239607.85249710083,239617.65554428106,139.61765554428104,0.004035511052561391
2020-02-18,32.222049713134766,32.274523085253584,32.04674177433663,32.11233166976772,5774400,0,7409.0,9.803047180233989,238733.16632461548,238742.9693717957,138.74296937179574,-0.0036503410840013073
2020-02-19,32.58221435546875,32.64423034451066,32.404522533345386,32.404522533345386,5274400,0,7409.0,9.803047180233989,241401.62615966797,241411.4292068482,141.4114292068482,0.01117712426076456
2020-02-20,32.28048324584961,32.6179825872346,31.82253681167087,32.54404383101166,6850400,0,7409.0,9.803047180233989,239166.10036849976,239175.90341568,139.17590341568,-0.009260231789824491
2020-02-21,31.5649471282959,32.139766837216364,31.357441078456024,32.106375017248624,9121600,0,7409.0,9.803047180233989,233864.6932735443,233874.49632072455,133.87449632072457,-0.022165306033115617
2020-02-24,30.27339172363281,30.678864816449124,29.69499451621315,30.074230922112434,15647200,0,7409.0,9.803047180233989,224295.55928039548,224305.3623275757,124.3053623275757,-0.04091567974998933
2020-02-25,29.310985565185547,30.63473900439756,29.18934291462399,30.529792261190146,14342400,0,7409.0,9.803047180233989,217165.09205245972,217174.89509963995,117.17489509963994,-0.03178910728635376
2020-02-26,29.378963470458984,30.039646467606925,29.160722936205303,29.37538590593986,14311200,0,7409.0,9.803047180233989,217668.74035263062,217678.54339981085,117.67854339981083,0.00231909079518533
2020-02-27,27.858434677124023,29.068892444891016,27.858434677124023,28.40940141007764,20147200,0,7409.0,9.803047180233989,206403.1425228119,206412.94556999212,106.41294556999212,-0.05175336831029398
2020-02-28,28.10291290283203,28.303265620354427,26.688524730487515,26.757694012744206,28288000,0,7409.0,9.803047180233989,208214.48169708252,208224.28474426275,108.22428474426276,0.008775317697583107
2020-03-02,29.57812118530273,29.57812118530273,28.02300891066792,28.54774079426289,17408000,0,7409.0,9.803047180233989,219144.29986190793,219154.10290908816,119.15410290908817,0.05249060251665272
2020-03-03,28.49884414672852,29.957356681247,28.20189357505972,29.76654658170675,16729600,0,7409.0,9.803047180233989,211147.9362831116,211157.73933029184,111.15773933029183,-0.03648740074975221
2020-03-04,29.661602020263672,29.68306740740336,28.70635407848098,29.149988456824968,7608800,0,7409.0,9.803047180233989,219762.80936813354,219772.61241531378,119.77261241531379,0.04079828242310657
2020-03-05,28.73377799987793,29.43858721165177,28.553698789520706,28.89239000687436,7584800,0,7409.0,9.803047180233989,212888.56120109558,212898.36424827582,112.8983642482758,-0.03127891183296039
2020-03-06,28.124378204345703,28.290145359647205,27.368289269788765,27.78568876497992,13494400,0,7409.0,9.803047180233989,208373.5181159973,208383.32116317755,108.38332116317756,-0.021207504815926925
2020-03-09,25.956287384033203,27.0844594943288,25.69392232713488,25.940785210209576,20152800,-1,0.0,192319.93627548224,0.0,192319.93627548224,92.31993627548223,-0.07708575138370433
2020-03-10,27.597761154174805,27.597761154174805,26.049785863153662,27.01831693435462,24196800,0,0.0,192319.93627548224,0.0,192319.93627548224,92.31993627548223,0.0
2020-03-11,26.27007102966309,27.00155786092039,25.87739088663153,26.85190836047312,12639200,0,0.0,192319.93627548224,0.0,192319.93627548224,92.31993627548223,0.0
2020-03-12,23.6853256225586,25.62957261678512,23.675747835184925,24.33899545329611,27701600,0,0.0,192319.93627548224,0.0,192319.93627548224,92.31993627548223,0.0
2020-03-13,26.29401206970215,26.32513850301643,23.85532297086217,25.21533747944348,16578400,0,0.0,192319.93627548224,0.0,192319.93627548224,92.31993627548223,0.0
2020-03-16,22.747920989990234,24.73167567822757,22.74672445160588,23.13820806287558,15118400,0,0.0,192319.93627548224,0.0,192319.93627548224,92.31993627548223,0.0
2020-03-17,24.11870765686035,24.489837262892262,22.45699928354625,23.23876800343518,12671200,0,0.0,192319.93627548224,0.0,192319.93627548224,92.31993627548223,0.0
2020-03-18,23.30820846557617,23.704480036528924,21.9098826326897,22.66052501201041,30476000,0,0.0,192319.93627548224,0.0,192319.93627548224,92.31993627548223,0.0
2020-03-19,23.34531784057617,24.13067798436476,22.40073043794389,22.934680562591755,10612800,0,0.0,192319.93627548224,0.0,192319.93627548224,92.31993627548223,0.0
2020-03-20,22.4055233001709,24.17378237397717,22.36242416938616,23.94392095205063,12592000,0,0.0,192319.93627548224,0.0,192319.93627548224,92.31993627548223,0.0
2020-03-23,22.20678901672364,22.78623143590677,21.48368161770406,22.38517004961957,13808000,0,0.0,192319.93627548224,0.0,192319.93627548224,92.31993627548223,0.0
2020-03-24,24.51498413085937,24.53653278299779,23.46623921749439,23.60870584033013,12481600,0,0.0,192319.93627548224,0.0,192319.93627548224,92.31993627548223,0.0
2020-03-25,24.52695655822754,25.634362979718546,24.03012089443129,24.76759414976405,14562400,0,0.0,192319.93627548224,0.0,192319.93627548224,92.31993627548223,0.0
2020-03-26,26.042604446411133,26.091689920845987,24.813083642698853,24.813083642698853,13282400,0,0.0,192319.93627548224,0.0,192319.93627548224,92.31993627548223,0.0
2020-03-27,24.890905380249023,25.684645178704308,24.8178763426524,25.25365566445525,11522400,0,0.0,192319.93627548224,0.0,192319.93627548224,92.31993627548223,0.0
2020-03-30,25.87618827819824,25.919287397287853,25.10878538149672,25.11716662840822,12260800,0,0.0,192319.93627548224,0.0,192319.93627548224,92.31993627548223,0.0
2020-03-31,25.36858367919922,26.24852351048939,25.2309068635605,25.85225190849892,11804000,0,0.0,192319.93627548224,0.0,192319.93627548224,92.31993627548223,0.0
2020-04-01,24.16899299621582,24.99745239404549,23.97025802537756,24.52575688627741,9640000,0,0.0,192319.93627548224,0.0,192319.93627548224,92.31993627548223,0.0
2020-04-02,24.64188575744629,24.700549019729017,23.945116800952693,24.04448428925553,6090400,0,0.0,192319.93627548224,0.0,192319.93627548224,92.31993627548223,0.0
2020-04-03,24.24441337585449,24.79272931416001,23.94391786429692,24.5485021557256,4012800,0,0.0,192319.93627548224,0.0,192319.93627548224,92.31993627548223,0.0
2020-04-06,26.3095760345459,26.490353781791345,25.161465622598733,25.330270680318648,9448800,0,0.0,192319.93627548224,0.0,192319.93627548224,92.31993627548223,0.0
2020-04-07,26.10964584350586,27.31761610976435,26.08211084835523,27.31761610976435,13883200,0,0.0,192319.93627548224,0.0,192319.93627548224,92.31993627548223,0.0
2020-04-08,26.859086990356445,26.97162185472407,26.22337452188347,26.423307816781108,8487200,0,0.0,192319.93627548224,0.0,192319.93627548224,92.31993627548223,0.0
2020-04-09,26.922542572021484,27.361913257708547,26.723807609852926,27.25296799000188,13693600,0,0.0,192319.93627548224,0.0,192319.93627548224,92.31993627548223,0.0
2020-04-13,26.98359489440918,26.98958123850506,26.41253201104596,26.85070609329386,8109600,0,0.0,192319.93627548224,0.0,192319.93627548224,92.31993627548223,0.0
2020-04-14,28.07903289794922,28.13410471521578,27.47684348359116,27.598957981511933,12955200,0,0.0,192319.93627548224,0.0,192319.93627548224,92.31993627548223,0.0
2020-04-15,27.470861434936523,27.6648066109472,27.24698453082572,27.52114344994758,7295200,0,0.0,192319.93627548224,0.0,192319.93627548224,92.31993627548223,0.0
2020-04-16,27.75579071044922,27.83959406233095,27.324801260724865,27.79769329977812,10008800,0,0.0,192319.93627548224,0.0,192319.93627548224,92.31993627548223,0.0
2020-04-17,28.202348709106445,28.29333495282334,27.78093518080079,28.258615243784785,8070400,0,0.0,192319.93627548224,0.0,192319.93627548224,92.31993627548223,0.0
2020-04-20,27.73423957824707,28.17001879581295,27.7282532336249,27.833607053292223,10504000,0,0.0,192319.93627548224,0.0,192319.93627548224,92.31993627548223,0.0
2020-04-21,26.594512939453125,27.41578950152173,26.44007545302957,27.35353479552312,8400000,0,0.0,192319.93627548224,0.0,192319.93627548224,92.31993627548223,0.0
2020-04-22,27.60254669189453,27.74381674938794,27.134442685164466,27.24458630879872,5391200,0,0.0,192319.93627548224,0.0,192319.93627548224,92.31993627548223,0.0
2020-04-23,27.461280822753903,27.986849762873355,27.42656111779459,27.67079011047221,4806400,0,0.0,192319.93627548224,0.0,192319.93627548224,92.31993627548223,0.0
2020-04-24,28.00121688842773,28.02516044283095,27.381070243536865,27.564241083546783,6852800,0,0.0,192319.93627548224,0.0,192319.93627548224,92.31993627548223,0.0
2020-04-27,28.31967544555664,28.37474544575737,28.134109675955703,28.27298486852717,7088000,0,0.0,192319.93627548224,0.0,192319.93627548224,92.31993627548223,0.0
2020-04-28,27.96051406860352,28.69200092706033,27.926992725398964,28.67284535186453,6744800,0,0.0,192319.93627548224,0.0,192319.93627548224,92.31993627548223,0.0
2020-04-29,29.154111862182617,29.235520297577565,28.46332939235157,28.548331095685253,7587200,1,6596.0,19.414432525692973,192300.52184295654,192319.93627548224,92.31993627548223,0.0
2020-04-30,28.972137451171875,29.22235092709672,28.77220597805663,29.22235092709672,6699200,0,6596.0,19.414432525692973,191100.2186279297,191119.63306045538,91.11963306045539,-0.006241179350785164
2020-05-01,28.14009475708008,28.65129800438967,28.021571685282748,28.32206907617336,7437600,0,6596.0,19.414432525692973,185612.06501770022,185631.47945022592,85.63147945022591,-0.028715802360783305
2020-05-04,28.486082077026367,28.51002563180625,27.843188405966988,27.934174644841,4998400,0,6596.0,19.414432525692973,187894.19738006592,187913.6118125916,87.91361181259161,0.012293886624857864
2020-05-05,28.926652908325195,29.267854543161008,28.786581177423777,28.81052473516501,7199200,0,6596.0,19.414432525692973,190800.202583313,190819.61701583868,90.81961701583867,0.015464580640093706
2020-05-06,29.134960174560547,29.416301948328563,28.991297028567185,29.170876417752893,5696000,0,6596.0,19.414432525692973,192174.19731140137,192193.61174392706,92.19361174392706,0.007200489915952124
2020-05-07,29.65933609008789,29.8233513670778,29.532431772200383,29.57313782692245,6497600,0,6596.0,19.414432525692973,195632.98085021973,195652.39528274542,95.65239528274543,0.017996350177480025
2020-05-08,30.098705291748047,30.1346215373626,29.755108795059414,29.97180280711596,6192800,0,6596.0,19.414432525692973,198531.06010437012,198550.4745368958,98.5504745368958,0.014812388317363867
2020-05-11,30.30582046508789,30.48779477455473,29.85208396998491,29.904759061220933,11072000,0,6596.0,19.414432525692973,199897.19178771973,199916.60622024542,99.91660622024543,0.006880525904236823
2020-05-12,29.654541015625,30.517720032393346,29.654541015625,30.453070433114103,28762400,0,6596.0,19.414432525692973,195601.3525390625,195620.7669715882,95.62076697158818,-0.0214881561360869
2020-05-13,29.12777709960937,29.90116464095218,28.75185765379197,29.70602294819548,9308000,0,6596.0,19.414432525692973,192126.8177490234,192146.2321815491,92.1462321815491,-0.017761584538433683
2020-05-14,29.47855758666992,29.51088239125301,28.56270334661737,28.889537354098216,6398400,0,6596.0,19.414432525692973,194440.56584167478,194459.98027420047,94.45998027420046,0.012041600120814344
2020-05-15,29.65214729309082,29.65214729309082,28.984113585778505,29.0643254921866,5322400,0,6596.0,19.414432525692973,195585.56354522705,195604.97797775274,95.60497797775274,0.005888089168464061
2020-05-18,30.36687469482422,30.539271204781443,30.163351747648743,30.239972215765725,7204000,0,6596.0,19.414432525692973,200299.90548706055,200319.31991958624,100.31931991958625,0.02410133929398106
2020-05-19,30.27469062805176,30.764343314735644,30.27469062805176,30.41356396467212,5676800,0,6596.0,19.414432525692973,199691.85938262942,199711.27381515512,99.71127381515512,-0.003035384228916138
2020-05-20,30.96786880493164,31.02772860157866,30.67335597487084,30.71166712157742,5672000,0,6596.0,19.414432525692973,204264.0626373291,204283.4770698548,104.28347706985481,0.022894066856393502
2020-05-21,30.584762573242188,31.0504698597632,30.520112974248025,30.94631440522092,5638400,0,6596.0,19.414432525692973,201737.09393310547,201756.50836563116,101.75650836563115,-0.012369912341757994
2020-05-22,30.73441505432129,30.75596370490517,30.40997414302515,30.536878450198063,4168800,0,6596.0,19.414432525692973,202724.20169830322,202743.61613082892,102.74361613082891,0.004892569628578647
2020-05-26,30.75596046447754,31.354558385754064,30.70208884369371,31.354558385754064,6104800,0,6596.0,19.414432525692973,202866.31522369385,202885.72965621954,102.88572965621955,0.00070095191208841
2020-05-27,30.927154541015625,30.93074598193066,30.038837388218106,30.737999230238263,6693600,0,6596.0,19.414432525692973,203995.51135253906,204014.92578506476,104.01492578506475,0.005565675470416753
2020-05-28,30.864904403686523,31.43237403963476,30.76793183687389,30.83856595013546,5620000,0,6596.0,19.414432525692973,203584.9094467163,203604.323879242,103.60432387924199,-0.0020126071866689577
2020-05-29,31.25040435791016,31.33061809058397,30.7128645692136,30.94033105896714,5908000,0,6596.0,19.414432525692973,206127.66714477542,206147.0815773011,106.14708157730112,0.012488721504594569
2020-06-01,31.350969314575195,31.424000166339155,31.01814899132552,31.12470118307319,8140800,0,6596.0,19.414432525692973,206790.993598938,206810.40803146368,106.81040803146367,0.003217733906719644
2020-06-02,31.6311092376709,31.6311092376709,31.08638660959446,31.410825648696072,4565600,0,6596.0,19.414432525692973,208638.79653167725,208658.21096420294,108.65821096420292,0.008934767598631321
2020-06-03,31.925621032714844,32.007029467780214,31.64188256778297,31.75801070298416,5732800,0,6596.0,19.414432525692973,210581.3963317871,210600.8107643128,110.60081076431278,0.009309960969823283
2020-06-04,31.611955642700195,31.978297288452826,31.415617418893472,31.81069059653199,5651200,0,6596.0,19.414432525692973,208512.4594192505,208531.87385177618,108.53187385177617,-0.009823974110204192
2020-06-05,32.375762939453125,32.46435790703956,31.74005230519587,31.851390630167167,5710400,0,6596.0,19.414432525692973,213550.5323486328,213569.9467811585,113.56994678115852,0.024159725975336332
2020-06-08,32.57450485229492,32.58408446608618,32.072879446378785,32.3482367128188,11107200,0,6596.0,19.414432525692973,214861.4340057373,214880.848438263,114.88084843826299,0.006138043656712444
2020-06-09,32.64753341674805,32.82471607038492,32.36260021005404,32.39851462537181,5110400,0,6596.0,19.414432525692973,215343.13041687012,215362.5448493958,115.36254484939583,0.002241690753893355
2020-06-10,33.13359069824219,33.37542292411409,32.815136190776336,32.90013606590905,5129600,0,6596.0,19.414432525692973,218549.16424560547,218568.57867813116,118.56857867813116,0.014886682505434568
2020-06-11,31.2456169128418,32.584084803747075,31.214492301578098,32.43922145868244,10707200,0,6596.0,19.414432525692973,206096.08915710452,206115.5035896302,106.11550358963022,-0.05697559623535653
2020-06-12,31.62991714477539,32.25006374422791,31.08638918308884,32.15309116859565,8929600,0,6596.0,19.414432525692973,208630.93348693848,208650.34791946417,108.65034791946417,0.01229817401257094
2020-06-15,32.0237922668457,32.1387257049045,30.96068171288966,31.027728045199947,5960000,0,6596.0,19.414432525692973,211228.93379211426,211248.34822463995,111.24834822463994,0.012451454459968536
2020-06-16,32.69782638549805,32.965997200884075,32.2045820699616,32.83191179319106,8829600,0,6596.0,19.414432525692973,215674.86283874512,215694.2772712708,115.69427727127079,0.021045982531911145
2020-06-17,32.67267227172852,32.98992844020929,32.636754204217326,32.945632778475414,4323200,0,6596.0,19.414432525692973,215508.94630432135,215528.36073684704,115.52836073684705,-0.0007692208459249006
2020-06-18,32.8510627746582,32.8869808525465,32.56493478464478,32.6379619986445,5334400,0,6596.0,19.414432525692973,216685.6100616455,216705.0244941712,116.7050244941712,0.0054594381607200315
2020-06-19,32.63317108154297,33.284446080073934,32.49190281255533,33.24853165695935,5104800,0,6596.0,19.414432525692973,215248.39645385742,215267.81088638311,115.26781088638312,-0.0066321194496657965
2020-06-22,33.23745346069336,33.26625632115317,32.64096980785718,32.69017713622412,4426400,0,6596.0,19.414432525692973,219234.2430267334,219253.6574592591,119.25365745925909,0.01851575744865852
2020-06-23,33.455902099609375,33.84955726607051,33.4162944835159,33.50390811256825,5562400,0,6596.0,19.414432525692973,220675.13024902344,220694.54468154913,120.69454468154915,0.00657178192139285
2020-06-24,32.69977569580078,33.512291760804644,32.51015076687252,33.32986388411102,7292800,0,6596.0,19.414432525692973,215687.72048950195,215707.13492202765,115.70713492202765,-0.0225986997853439
2020-06-25,33.134239196777344,33.160643041405365,32.38293645894794,32.72978313427448,5039200,0,6596.0,19.414432525692973,218553.44174194336,218572.85617446905,118.57285617446904,0.01328524090534744
2020-06-26,32.522159576416016,33.1270417190888,32.3937406985087,33.06463429051477,7037600,0,6596.0,19.414432525692973,214516.16456604004,214535.57899856573,114.53557899856573,-0.0184710821213806
2020-06-29,32.8533935546875,32.8533935546875,32.099688291373404,32.558153289114124,6948800,0,6596.0,19.414432525692973,216700.98388671875,216720.39831924444,116.72039831924445,0.010183948652606967
2020-06-30,33.44987869262695,33.545894322708826,32.82819259616167,32.83779232785897,5987200,0,6596.0,19.414432525692973,220635.39985656738,220654.81428909308,120.65481428909308,0.018154340802073232
2020-07-01,33.529090881347656,33.711518750823494,33.30826042169646,33.44267864386485,7564800,0,6596.0,19.414432525692973,221157.88345336914,221177.29788589483,121.17729788589484,0.0023678776213658104
2020-07-02,33.71272277832031,34.00076240331103,33.63351124048892,33.839940309879736,6564800,0,6596.0,19.414432525692973,222369.11944580078,222388.53387832647,122.38853387832647,0.0054763124606780345
2020-07-06,34.24559783935547,34.46762968148926,34.09917717732445,34.13998245525145,6245600,0,6596.0,19.414432525692973,225883.96334838867,225903.37778091436,125.90337778091438,0.015804969084021847
2020-07-07,33.931148529052734,34.57923849144119,33.88794057816181,34.198787301236564,6304000,0,6596.0,19.414432525692973,223809.85569763184,223829.27013015753,123.82927013015754,-0.009181392819935352
2020-07-08,34.52042388916016,34.52042388916016,34.03795413320409,34.165175278086984,4528000,0,6596.0,19.414432525692973,227696.71597290045,227716.13040542614,127.71613040542613,0.017365290397490796
2020-07-09,34.65965270996094,34.812072727471644,34.13397853975293,34.804872012478825,4821600,0,6596.0,19.414432525692973,228615.06927490234,228634.48370742804,128.63448370742802,0.004032886473026132
2020-07-10,34.59244155883789,34.63684718622057,34.23839055450154,34.58524084426891,4669600,0,6596.0,19.414432525692973,228171.74452209473,228191.15895462042,128.19115895462042,-0.0019390108859297372
2020-07-13,33.802734375,35.09771680231021,33.72472417970666,34.88648604110276,11260000,0,6596.0,19.414432525692973,222962.8359375,222982.2503700257,122.9822503700257,-0.022826951791022787
2020-07-14,34.20718765258789,34.24679524839165,33.141441525402506,33.52909345252199,8337600,0,6596.0,19.414432525692973,225630.60975646973,225650.02418899542,125.65002418899542,0.011964063572516226
2020-07-15,34.42082214355469,34.66925783733242,33.97676211186805,34.53843994444344,6807200,0,6596.0,19.414432525692973,227039.74285888672,227059.1572914124,127.05915729141242,0.006244772662806097
2020-07-16,33.986358642578125,34.14478170738515,33.72232386385538,34.061969817264306,4161600,0,6596.0,19.414432525692973,224174.0216064453,224193.436038971,124.19343603897102,-0.01262103359594291
2020-07-17,34.18798065185547,34.28759663748878,33.868739217199575,34.1747805631643,3877600,0,6596.0,19.414432525692973,225503.92037963867,225523.33481216436,125.52333481216435,0.005931925558080087
2020-07-20,35.08570861816406,35.16972183781488,34.12917463711825,34.28279598474291,5258400,0,6596.0,19.414432525692973,231425.33404541016,231444.74847793585,131.44474847793583,0.02625632363366459
2020-07-21,34.747257232666016,35.39774979941275,34.63924286192944,35.39774979941275,6194400,0,6596.0,19.414432525692973,229192.90870666504,229212.32313919073,129.21232313919072,-0.009645608091893854
2020-07-22,35.00889205932617,35.157711676923725,34.75565477884988,34.80126173588682,4807200,0,6596.0,19.414432525692973,230918.65202331543,230938.06645584112,130.93806645584115,0.0075290162981438424
2020-07-23,34.14837646484375,35.09650835534564,33.98515539159638,34.87687924536273,8460000,0,6596.0,19.414432525692973,225242.69116210938,225262.10559463507,125.26210559463506,-0.02457784872071489
2020-07-24,33.70792388916016,33.951561561312616,33.171452194699626,33.62391430879093,10396800,0,6596.0,19.414432525692973,222337.46597290045,222356.88040542614,122.35688040542615,-0.012897087956893039
2020-07-27,34.27919387817383,34.31999914595503,33.873536554919674,33.925146556562694,5584800,0,6596.0,19.414432525692973,226105.56282043457,226124.97725296026,126.12497725296028,0.016946167083580654
2020-07-28,33.86993789672852,34.28879899203372,33.85193611042527,34.213187826938274,3546400,0,6596.0,19.414432525692973,223406.11036682135,223425.52479934704,123.42552479934703,-0.011937878276018221
2020-07-29,34.44962310791016,34.520432580005746,34.01996091520682,34.01996091520682,3221600,0,6596.0,19.414432525692973,227229.71401977545,227249.12845230114,127.24912845230114,0.017113548939352352
2020-07-30,34.62244415283203,34.651247009773364,33.93354530247109,34.12797191206846,3513600,0,6596.0,19.414432525692973,228369.64163208008,228389.05606460577,128.38905606460577,0.005016202350557775
2020-07-31,35.43736267089844,35.4445633865904,34.58044453995352,35.17932725827678,6256800,0,6596.0,19.414432525692973,233744.8441772461,233764.2586097718,133.76425860977176,0.023535289465207665
2020-08-03,36.26667404174805,36.393891550763655,35.85621865609297,35.942630894539604,7621600,0,6596.0,19.414432525692973,239214.98197937012,239234.3964118958,139.2343964118958,0.02340023164642746
2020-08-04,36.3854866027832,36.39388499328278,36.056638154896376,36.23786465377081,7245600,0,6596.0,19.414432525692973,239998.669631958,240018.0840644837,140.0180840644837,0.003275815118318537
2020-08-05,36.54511642456055,36.62912965150495,36.37949265080408,36.51751124139375,4141600,0,6596.0,19.414432525692973,241051.58793640137,241071.00236892706,141.07100236892705,0.004386829053099506
2020-08-06,36.98556900024414,37.02157256558999,36.413086672897485,36.55470558008595,4428000,0,6596.0,19.414432525692973,243956.81312561035,243976.22755813604,143.97622755813603,0.012051325794725454
2020-08-07,36.38789367675781,36.861961499093496,36.08905301850717,36.861961499093496,8192000,0,6596.0,19.414432525692973,240014.54669189453,240033.96112442022,140.03396112442022,-0.01615840392800738
2020-08-10,36.27267456054688,36.5283072381897,35.791406076525575,36.47670089922577,5455200,0,6596.0,19.414432525692973,239254.56140136725,239273.97583389294,139.27397583389296,-0.0031661573510981533
2020-08-11,35.630584716796875,36.342283392791614,35.58617909112009,36.15985919301564,5032800,0,6596.0,19.414432525692973,235019.3367919922,235038.75122451788,135.03875122451788,-0.017700314439190068
2020-08-12,36.41189956665039,36.48630939838136,35.885024044197024,35.930631015289464,8547200,0,6596.0,19.414432525692973,240172.88954162598,240192.30397415167,140.19230397415168,0.02192639606356206
2020-08-13,36.50070190429688,36.78514107142355,36.35188227722127,36.45509494435532,6112800,0,6596.0,19.414432525692973,240758.62976074225,240778.04419326794,140.77804419326796,0.002438630253446039
2020-08-14,36.41069793701172,36.56192027940563,36.23787344931071,36.51391062856037,3305600,0,6596.0,19.414432525692973,240164.9635925293,240184.378025055,140.184378025055,-0.002465615875409388
2020-08-17,36.72273254394531,36.78513994570109,36.61351684390683,36.620717557085534,3268800,0,6596.0,19.414432525692973,242223.14385986328,242242.55829238897,142.24255829238896,0.008569167921151255
2020-08-18,36.83196258544922,36.93997698780903,36.536718579677135,36.8115581150838,3289600,0,6596.0,19.414432525692973,242943.62521362305,242963.03964614874,142.96303964614876,0.002974214600599323
2020-08-19,36.77434921264648,37.09239300950686,36.72514188367983,36.9063684290665,3474400,0,6596.0,19.414432525692973,242563.60740661615,242583.02183914185,142.58302183914188,-0.0015640971876230703
2020-08-20,37.248416900634766,37.31682736413207,36.583526383421,36.66993863662219,3662400,0,6596.0,19.414432525692973,245690.5578765869,245709.9723091126,145.7099723091126,0.012890228039307061
2020-08-21,37.63606262207031,37.690071639584616,37.27241191530625,37.2976144142562,5163200,0,6596.0,19.414432525692973,248247.46905517578,248266.88348770147,148.2668834877015,0.010406216542860447
2020-08-24,37.94211196899414,38.21575011970232,37.63606693901163,38.1905439552396,4545600,0,6596.0,19.414432525692973,250266.17054748535,250285.58498001104,150.28558498001107,0.008131175064311602
2020-08-25,38.12333679199219,38.15094197526351,37.788488885635054,37.889306223398926,4108800,0,6596.0,19.414432525692973,251461.52947998047,251480.94391250616,151.48094391250618,0.0047759799374405
2020-08-26,38.91184997558594,39.02226705146262,38.45938792402439,38.51099427288506,5106400,0,6596.0,19.414432525692973,256662.56243896484,256681.97687149054,156.68197687149052,0.020681618567464533
2020-08-27,38.88784408569336,39.19988851320891,38.560200550030935,39.085874745304736,5460000,0,6596.0,19.414432525692973,256504.2195892334,256523.6340217591,156.5236340217591,-0.0006168833965725096
2020-08-28,39.26350021362305,39.37871533025075,39.03306998036764,39.06187284386893,5982400,0,6596.0,19.414432525692973,258982.04740905762,259001.4618415833,159.00146184158334,0.009659257437519608
2020-08-31,39.38351058959961,39.64394864658677,39.18668495014874,39.40031469897642,5144000,0,6596.0,19.414432525692973,259773.63584899902,259793.05028152472,159.7930502815247,0.0030563087725952176
2020-09-01,40.32084274291992,40.36045033763509,39.636749186593306,39.81917340242266,6870400,0,6596.0,19.414432525692973,265956.2787322998,265975.6931648255,165.9756931648255,0.023798338241153738
2020-09-02,40.60888671875,40.89452731710794,39.879186113910094,40.89452731710794,9088800,0,6596.0,19.414432525692973,267856.216796875,267875.6312294007,167.8756312294007,0.0071432770489963104
2020-09-03,38.20735549926758,39.93679832040242,37.91571550478301,39.93679832040242,17240800,0,6596.0,19.414432525692973,252015.71687316895,252035.13130569464,152.03513130569465,-0.05913378477544573
2020-09-04,37.60007095336914,38.50619648871953,35.98224288444285,37.9841225837794,18643200,0,6596.0,19.414432525692973,248010.06800842285,248029.48244094854,148.02948244094853,-0.015893216330574278
2020-09-08,35.96184539794922,37.08520119051548,35.91023537645304,36.27628891263876,16860000,0,6596.0,19.414432525692973,237204.33224487305,237223.74667739874,137.22374667739876,-0.04356633597428261
2020-09-09,37.09719467163086,37.46564713717929,36.41069840952685,36.79595132299145,9693600,0,6596.0,19.414432525692973,244693.09605407715,244712.51048660284,144.71251048660287,0.03156835651612955
2020-09-10,36.31468200683594,37.70687762987963,36.117856357912224,37.62526708429228,9372000,0,6596.0,19.414432525692973,239531.64251708984,239551.05694961554,139.55105694961554,-0.021091907098349516
2020-09-11,36.02320098876953,36.7437841022692,35.58291031531768,36.693257378246905,9997600,0,6596.0,19.414432525692973,237609.03372192383,237628.44815444952,137.6284481544495,-0.008025883165150849
2020-09-14,36.78950119018555,36.963930926018136,36.468304212143146,36.61627193682339,5763200,0,6596.0,19.414432525692973,242663.54985046387,242682.96428298956,142.68296428298956,0.021270669264543685
2020-09-15,37.19130325317383,37.41385512664085,36.92544589316886,37.37415475944677,6196800,0,6596.0,19.414432525692973,245313.83625793457,245333.25069046026,145.3332506904603,0.010920776476012639
2020-09-16,36.63431930541992,37.38136823577551,36.61507120089411,37.33324981006124,5390400,0,6596.0,19.414432525692973,241639.9701385498,241659.3845710755,141.6593845710755,-0.014975002813703897
2020-09-17,36.3058967590332,36.52243513408415,35.74049895622187,35.79463079658479,7145600,0,6596.0,19.414432525692973,239473.695022583,239493.1094551087,139.4931094551087,-0.008964167147126334
2020-09-18,35.772972106933594,36.40814462654841,35.326668098396446,36.40092704903454,8876000,0,6596.0,19.414432525692973,235958.52401733398,235977.93844985968,135.97793844985966,-0.014677545476137865
2020-09-21,36.10258865356445,36.11582332706023,35.028329655232874,35.17148440094552,10963200,0,6596.0,19.414432525692973,238132.67475891113,238152.08919143683,138.15208919143683,0.009213364418128034
2020-09-22,36.7016830444336,36.771457876933255,35.88967228195826,36.522440362019424,6552800,0,6596.0,19.414432525692973,242084.30136108404,242103.71579360974,142.10371579360972,0.01659286977321628
2020-09-23,35.60456466674805,36.72333351294543,35.4842667834494,36.68604146281885,5964800,0,6596.0,19.414432525692973,234847.70854187012,234867.1229743958,134.8671229743958,-0.02989046572661047
2020-09-24,35.71403121948242,36.15071306258201,35.19795234389205,35.21720044308977,5826400,0,6596.0,19.414432525692973,235569.74992370605,235589.16435623175,135.58916435623175,0.0030742548071092113
2020-09-25,36.61387252807617,36.70650427442335,35.54683058374756,35.75735194006226,5176800,0,6596.0,19.414432525692973,241505.10319519043,241524.51762771612,141.52451762771614,0.025193659851475925
2020-09-28,37.29235076904297,37.29235076904297,36.91341310030736,37.19009681495222,5347200,0,6596.0,19.414432525692973,245980.34567260742,245999.76010513311,145.99976010513313,0.01852914363052416
2020-09-29,37.190086364746094,37.43068210855321,37.14076379672167,37.27670097936465,4341600,0,6596.0,19.414432525692973,245305.80966186523,245325.22409439093,145.32522409439093,-0.002742018977798688
2020-09-30,37.46678161621094,37.84331095128967,37.134758244580624,37.19972013711709,5853600,0,6596.0,19.414432525692973,247130.89154052734,247150.30597305304,147.15030597305307,0.007439438343119109
2020-10-01,37.93352890014648,38.03578283242711,37.70496366229564,37.9648075237429,5610400,-1,0.0,250228.97105789185,0.0,250228.97105789185,150.22897105789187,0.012456650914178802
2020-10-02,37.0601692199707,37.668876206421245,36.9134056577514,37.046934543987,8308000,0,0.0,250228.97105789185,0.0,250228.97105789185,150.22897105789187,0.0
2020-10-05,37.90224456787109,37.90224456787109,37.34165614503626,37.34165614503626,5771200,0,0.0,250228.97105789185,0.0,250228.97105789185,150.22897105789187,0.0
2020-10-06,37.380157470703125,38.22344302051725,37.22376804115048,37.82285273941919,5020000,0,0.0,250228.97105789185,0.0,250228.97105789185,150.22897105789187,0.0
2020-10-07,38.087501525878906,38.15727633658151,37.7651041605058,37.7651041605058,4263200,0,0.0,250228.97105789185,0.0,250228.97105789185,150.22897105789187,0.0
2020-10-08,38.25472640991211,38.458030123836885,38.15247247614876,38.41231634136386,9509600,0,0.0,250228.97105789185,0.0,250228.97105789185,150.22897105789187,0.0
2020-10-09,38.90073394775391,38.90073394775391,38.45082094632687,38.46886489829839,3540000,0,0.0,250228.97105789185,0.0,250228.97105789185,150.22897105789187,0.0
2020-10-12,39.88115310668945,40.11453129490448,39.24357579117424,39.49740256375858,5248000,0,0.0,250228.97105789185,0.0,250228.97105789185,150.22897105789187,0.0
2020-10-13,39.68747329711914,40.10370292628284,39.55153610784201,40.02190125048417,7586400,0,0.0,250228.97105789185,0.0,250228.97105789185,150.22897105789187,0.0
2020-10-14,39.46492004394531,39.97378136993076,39.16297120700362,39.80536508145323,8697600,1,6340.0,21.377979278564453,250207.59307861328,250228.97105789185,150.22897105789187,0.0
2020-10-15,39.315765380859375,39.37591433823617,38.63126995221532,38.76359839268448,4654400,0,6340.0,21.377979278564453,249261.95251464844,249283.330493927,149.283330493927,-0.0037791010368102285
2020-10-16,39.19064331054688,39.66582140637264,39.19064331054688,39.52627542463343,3188000,0,6340.0,21.377979278564453,248468.67858886725,248490.0565681458,148.49005656814583,-0.003182218097814271
2020-10-19,38.591556549072266,39.5743917959569,38.45562303512498,39.43244118558378,4293600,0,6340.0,21.377979278564453,244670.46852111816,244691.84650039673,144.69184650039674,-0.015285159173793583
2020-10-20,38.64088821411133,39.04990034815974,38.45924087784668,38.72750285071457,6565600,0,6340.0,21.377979278564453,244983.23127746582,245004.60925674438,145.0046092567444,0.0012781903476588585
2020-10-21,38.502540588378906,38.91516145079372,38.42314354412881,38.60118573467752,2576000,0,6340.0,21.377979278564453,244106.10733032227,244127.48530960083,144.12748530960084,-0.0035800303912829623
2020-10-22,38.34976196289063,38.66012887609926,37.86135286671895,38.51577362368591,3617600,0,6340.0,21.377979278564453,243137.49084472662,243158.86882400519,143.15886882400517,-0.003967666665501635
2020-10-23,38.32690048217773,38.47245987073593,38.01292114584039,38.40870214920222,2091200,0,6340.0,21.377979278564453,242992.54905700678,243013.92703628534,143.01392703628534,-0.0005960785572857175
2020-10-26,37.49925231933594,38.21021317416003,37.0324959946501,37.93713465870123,4809600,0,6340.0,21.377979278564453,237745.25970458984,237766.6376838684,137.7666376838684,-0.021592545811719877
2020-10-27,37.66767120361328,37.8084213370668,37.49324148216052,37.688123458327006,3296800,0,6340.0,21.377979278564453,238813.0354309082,238834.41341018677,138.83441341018678,0.004490855978449115
2020-10-28,36.1639518737793,36.96874506869692,36.09177240400366,36.95791869891063,6426400,0,6340.0,21.377979278564453,229279.45487976074,229300.8328590393,129.3008328590393,-0.03991711418393462
2020-10-29,36.676414489746094,37.08542650566363,36.26740247382856,36.32875188993646,5878400,0,6340.0,21.377979278564453,232528.46786499023,232549.8458442688,132.5498458442688,0.01416921580580044
2020-10-30,35.847557067871094,36.39972378841912,35.462606129960086,36.21566821490311,6740000,0,6340.0,21.377979278564453,227273.51181030273,227294.8897895813,127.29488978958128,-0.022597116913191106
2020-11-02,35.92214584350586,36.3840929032558,35.535990701808345,36.13507542679678,4953600,0,6340.0,21.377979278564453,227746.40464782715,227767.7826271057,127.7677826271057,0.0020805256024989394
2020-11-03,36.57295989990234,36.81957275489565,36.04485411942385,36.18920937169318,7177600,0,6340.0,21.377979278564453,231872.5657653808,231893.94374465937,131.89394374465934,0.018115648622302638
2020-11-04,38.01894378662109,38.27517886355872,37.29234354889374,37.69534218922663,7357600,0,6340.0,21.377979278564453,241040.10360717768,241061.48158645624,141.06148158645624,0.0395333215424174
2020-11-05,39.22913360595703,39.30010890412611,38.8682400192807,38.97530320763765,7440000,0,6340.0,21.377979278564453,248712.70706176758,248734.08504104614,148.73408504104611,0.03182840910167606
2020-11-06,39.411991119384766,39.50341868357462,38.64449005250667,39.14011673399912,3914400,0,6340.0,21.377979278564453,249872.0236968994,249893.40167617798,149.89340167617797,0.004660867588535567
2020-11-09,39.00056457519531,40.4501522042972,38.93319807265508,40.4501522042972,7241600,0,6340.0,21.377979278564453,247263.57940673828,247284.95738601685,147.28495738601683,-0.010438227951057533
2020-11-10,38.194580078125,38.87907536597702,37.84330862396815,38.597578743898026,10052800,0,6340.0,21.377979278564453,242153.6376953125,242175.01567459106,142.17501567459107,-0.020664183399757174
2020-11-11,39.12809371948242,39.243578668435305,38.55066163231731,38.62163694840295,5468000,0,6340.0,21.377979278564453,248072.11418151855,248093.49216079712,148.09349216079713,0.024438840107926962
2020-11-12,38.82374572753906,39.35064748833069,38.658934507405576,39.16539135061711,2980000,0,6340.0,21.377979278564453,246142.54791259766,246163.92589187622,146.16392589187623,-0.007777577122701329
2020-11-13,39.12928771972656,39.20267133107535,38.75516309791797,39.10282204089253,2504800,0,6340.0,21.377979278564453,248079.6841430664,248101.06212234497,148.10106212234496,0.007869293697077229
2020-11-16,39.51424026489258,39.577997987142425,39.02462706827986,39.24717885503105,4412000,0,6340.0,21.377979278564453,250520.28327941895,250541.6612586975,150.54166125869753,0.009837116840511584
2020-11-17,39.39995956420898,39.599654481641394,39.16417675196344,39.35063699383111,2993600,0,6340.0,21.377979278564453,249795.7436370849,249817.12161636347,149.81712161636347,-0.0028918928640211394
2020-11-18,38.98973846435547,39.521456632092175,38.98973846435547,39.38431897782487,2917600,0,6340.0,21.377979278564453,247194.94186401367,247216.31984329224,147.2163198432922,-0.010410822750032356
2020-11-19,39.416805267333984,39.451692681767504,38.80809826559095,39.004184404675776,2460000,0,6340.0,21.377979278564453,249902.54539489746,249923.92337417603,149.92392337417604,0.010952365655309881
2020-11-20,39.100433349609375,39.51786728482375,39.08599818639525,39.440874852746745,2560800,0,6340.0,21.377979278564453,247896.74743652344,247918.125415802,147.918125415802,-0.008025634086141542
2020-11-23,39.12567901611328,39.43965837347757,38.796064019076205,39.22311999948847,3307200,0,6340.0,21.377979278564453,248056.8049621582,248078.18294143677,148.07818294143678,0.0006456063886668417
2020-11-24,39.590030670166016,39.65860133874553,38.97169784183803,39.28808183467358,3805600,0,6340.0,21.377979278564453,251000.79444885254,251022.1724281311,151.02217242813109,0.011867184174713552
2020-11-25,39.77529525756836,39.86311036581429,39.57800496002921,39.73799953496508,2536800,0,6340.0,21.377979278564453,252175.3719329834,252196.74991226196,152.19674991226196,0.004679178228636838
2020-11-27,40.07001876831055,40.19152079692061,39.97137362966079,40.003856405499015,1743200,0,6340.0,21.377979278564453,254043.91899108887,254065.29697036743,154.06529697036743,0.007409084608566596
2020-11-30,40.33948516845703,40.35993742271748,39.55394018454393,40.08806304800703,3122400,0,6340.0,21.377979278564453,255752.33596801758,255773.71394729614,155.77371394729616,0.006724322437188235
2020-12-01,40.67391586303711,40.892858893360255,40.39963683392023,40.60654934158385,5749600,0,6340.0,21.377979278564453,257872.62657165527,257894.00455093384,157.89400455093383,0.00828971269531853
2020-12-02,40.62459182739258,40.66549266230622,40.19633170747372,40.51992959756105,2906400,0,6340.0,21.377979278564453,257559.91218566895,257581.2901649475,157.58129016494752,-0.0012125694295641587
2020-12-03,40.64986038208008,40.93135700366263,40.56925918058752,40.69797880375911,2307200,0,6340.0,21.377979278564453,257720.1148223877,257741.49280166626,157.74149280166628,0.0006219498187005623
2020-12-04,41.10578536987305,41.10578536987305,40.66429055314592,40.7400788018135,2954400,0,6340.0,21.377979278564453,260610.67924499512,260632.05722427368,160.6320572242737,0.011214975094567814
2020-12-07,41.20803451538086,41.329536540679136,41.08051906497264,41.121419900839456,3588800,0,6340.0,21.377979278564453,261258.93882751465,261280.3168067932,161.2803168067932,0.002487259585115753
2020-12-08,41.39450073242188,41.53404671204721,41.05646398748116,41.19600996710649,3334400,0,6340.0,21.377979278564453,262441.13464355475,262462.5126228333,162.46251262283332,0.004524626387812702
2020-12-09,40.54519271850586,41.49193631164085,40.390007447510335,41.40532170355026,7505600,0,6340.0,21.377979278564453,257056.52183532715,257077.8998146057,157.0778998146057,-0.0205157405315457
2020-12-10,40.72444915771485,40.88564790799023,40.1927308084895,40.28656669764751,6369600,0,6340.0,21.377979278564453,258193.00765991217,258214.38563919073,158.21438563919074,0.004420783837912889
2020-12-11,40.65225982666016,40.66068155895854,40.18911227584626,40.47903059377808,3390400,0,6340.0,21.377979278564453,257735.32730102545,257756.705280304,157.75670528030403,-0.0017724820317572831
2020-12-14,40.82670211791992,41.16113013494386,40.80144058671468,40.82429381033808,2468800,0,6340.0,21.377979278564453,258841.2914276123,258862.66940689087,158.86266940689086,0.004290728830445456
2020-12-15,41.50516891479492,41.50516891479492,41.0468343334089,41.23931165560976,3760800,0,6340.0,21.377979278564453,263142.7709197998,263164.14889907837,163.16414889907836,0.016616839739940437
2020-12-16,41.807125091552734,41.90577024132404,41.4378096923457,41.57374689389879,2983200,0,6340.0,21.377979278564453,265057.17308044434,265078.5510597229,165.07855105972288,0.0072745553247022254
2020-12-17,42.18802261352539,42.24708466806316,41.986723858513535,42.09882625712082,3898400,0,6340.0,21.377979278564453,267472.063369751,267493.44134902954,167.49344134902952,0.009110093139005349
2020-12-18,42.07471466064453,42.28565476025812,41.88065153468167,42.280832242286,3024000,0,6340.0,21.377979278564453,266753.6909484863,266775.0689277649,166.7750689277649,-0.0026855702242333246
2020-12-21,42.18681335449219,42.20730629698687,41.29122284337922,41.67814622451424,4828800,0,6340.0,21.377979278564453,267464.39666748047,267485.77464675903,167.485774646759,0.0026640634818337894
2020-12-22,42.64244079589844,42.799141351521136,42.283242320454285,42.44837768379648,4200000,0,6340.0,21.377979278564453,270353.0746459961,270374.45262527466,170.37445262527467,0.01079937047990831
2020-12-23,42.254302978515625,42.77381788086684,42.24827759148701,42.72681029793724,3109600,0,6340.0,21.377979278564453,267892.28088378906,267913.6588630676,167.91365886306764,-0.009101428549603274
2020-12-24,42.53516387939453,42.63038928876714,42.34109709211633,42.34109709211633,1459200,0,6340.0,21.377979278564453,269672.9389953613,269694.3169746399,169.6943169746399,0.006646387941282139
2020-12-28,42.83409118652344,42.96909592016932,42.607484374535,42.94137104407633,4860800,0,6340.0,21.377979278564453,271568.1381225586,271589.51610183716,171.58951610183718,0.007027211950392909
2020-12-29,42.55083847045898,43.11495168787827,42.46887037817737,43.06070847606726,4262400,0,6340.0,21.377979278564453,269772.3159027099,269793.69388198847,169.79369388198847,-0.006612266355580987
2020-12-30,42.60748672485352,42.80034328369457,42.53034115851464,42.73645872091528,2836000,0,6340.0,21.377979278564453,270131.46583557135,270152.8438148499,170.1528438148499,0.0013312021037028554
2020-12-31,42.64485549926758,42.71717855239262,42.32061014853467,42.63400759307432,3288000,0,6340.0,21.377979278564453,270368.38386535645,270389.761844635,170.38976184463502,0.0008769777376376187
2021-01-04,41.93608856201172,42.85458123745322,41.36233043782407,42.83650139709071,6480800,0,6340.0,21.377979278564453,265874.8014831543,265896.17946243286,165.89617946243288,-0.01661890728238502
2021-01-05,42.28083038330078,42.2989139052753,41.8276130334402,41.83243187269704,3568000,0,6340.0,21.377979278564453,268060.46463012695,268081.8426094055,168.0818426094055,0.008219987031748532
2021-01-06,41.57930755615234,42.35677026931892,41.451538421675295,41.714308628165575,6245600,0,6340.0,21.377979278564453,263612.8099060058,263634.18788528437,163.63418788528438,-0.016590660079136232
2021-01-07,42.76298904418945,42.85700793047205,42.01204450327339,42.018069892988585,4467200,0,6340.0,21.377979278564453,271117.35054016113,271138.7285194397,171.13872851943967,0.028465733880542077
2021-01-08,43.07518005371094,43.23308719936129,42.60990814068556,43.03178841930621,4316800,0,6340.0,21.377979278564453,273096.64154052734,273118.0195198059,173.11801951980593,0.0072999199014252
2021-01-11,42.7075309753418,43.02575091875408,42.479717601833386,42.74851317802312,5318400,0,6340.0,21.377979278564453,270765.746383667,270787.12436294556,170.78712436294558,-0.008534388031073536
2021-01-12,42.64485549926758,42.77985656989923,42.21694624740468,42.71114948550528,14567200,0,6340.0,21.377979278564453,270368.38386535645,270389.761844635,170.38976184463502,-0.0014674350534404912
2021-01-13,42.85820007324219,43.01971945545915,42.61230319235087,42.68101026882832,3872800,0,6340.0,21.377979278564453,271720.98846435547,271742.36644363403,171.74236644363404,0.005002425349877715
2021-01-14,42.590614318847656,43.11133591195157,42.53034571812276,42.97512828575275,3349600,0,6340.0,21.377979278564453,270024.49478149414,270045.8727607727,170.0458727607727,-0.006243022407818821
2021-01-15,42.14221954345703,42.74852157372106,42.043378146605896,42.54119742158385,4156000,0,6340.0,21.377979278564453,267181.6719055176,267203.04988479614,167.20304988479614,-0.01052718505531447
2021-01-19,42.667762756347656,42.74852062677571,42.30373802930202,42.44115221385656,4024800,0,6340.0,21.377979278564453,270513.61587524414,270534.9938545227,170.5349938545227,0.012469707853870471
2021-01-20,43.475364685058594,43.59710845734343,43.00647680066678,43.00647680066678,3961600,0,6340.0,21.377979278564453,275633.8121032715,275655.19008255005,175.65519008255004,0.018926188272636812
2021-01-21,43.97919845581055,44.0937102605189,43.46932848385375,43.73450810125241,3644800,0,6340.0,21.377979278564453,278828.11820983887,278849.49618911743,178.84949618911742,0.011588049931549493
2021-01-22,43.850223541259766,44.01656544504486,43.68388163747467,43.761023523018174,3693600,0,6340.0,21.377979278564453,278010.4172515869,278031.7952308655,178.03179523086547,-0.0029324096669601785
2021-01-25,44.14554214477539,44.54090400641589,43.08120030675192,44.37938460278567,6279200,0,6340.0,21.377979278564453,279882.737197876,279904.11517715454,179.90411517715455,0.006734193636862118
2021-01-26,44.00450897216797,44.351656637445934,43.92133802409084,44.30705479111974,6351200,0,6340.0,21.377979278564453,278988.5868835449,279009.9648628235,179.00996486282347,-0.003194487918711464
2021-01-27,43.12097930908203,43.87554340296853,42.73887842237536,43.77308604118944,10807200,0,6340.0,21.377979278564453,273387.0088195801,273408.38679885864,173.40838679885863,-0.0200766236672546
2021-01-28,43.34999847412109,43.99607607212888,43.22222566349685,43.36325579985853,3753600,0,6340.0,21.377979278564453,274838.9903259277,274860.36830520624,174.86036830520626,0.00531066922762613
2021-01-29,42.34471893310547,43.28370479642297,42.097619132576256,43.14870371446533,7924000,0,6340.0,21.377979278564453,268465.5180358887,268486.89601516724,168.48689601516722,-0.023188036635976128
2021-02-01,43.4078483581543,43.58986067575486,42.54841768242825,42.842528693774966,5582400,0,6340.0,21.377979278564453,275205.75859069824,275227.1365699768,175.2271365699768,0.025104541990119245
2021-02-02,44.0997428894043,44.20822932367834,43.803222376031314,43.88759989635472,3616000,0,6340.0,21.377979278564453,279592.36991882324,279613.7478981018,179.61374789810182,0.01593814978709296
2021-02-03,43.93701553344727,44.28054360739452,43.80201445928501,44.25161585678929,3337600,0,6340.0,21.377979278564453,278560.6784820557,278582.0564613343,178.5820564613343,-0.003689702114158866
2021-02-04,44.67469787597656,44.67469787597656,44.0575480716612,44.17567215980568,3020800,0,6340.0,21.377979278564453,283237.5845336914,283258.96251296997,183.25896251296996,0.016788253023341415
2021-02-05,44.68313980102539,44.86635501375107,44.53005520864296,44.86635501375107,2907200,0,6340.0,21.377979278564453,283291.106338501,283312.48431777954,183.31248431777954,0.00018895008417296744
2021-02-08,45.1954231262207,45.20144851462133,44.83983692650436,44.91456939948801,3248800,0,6340.0,21.377979278564453,286538.98262023926,286560.3605995178,186.56036059951782,0.011463936330088798
2021-02-09,45.20988845825195,45.36417592701425,45.06524234694205,45.06524234694205,4436000,0,6340.0,21.377979278564453,286630.6928253174,286652.07080459595,186.65207080459595,0.00032003800136992666
2021-02-10,45.12913513183594,45.46905098034586,44.74703419847533,45.41722085778343,3140000,0,6340.0,21.377979278564453,286118.71673583984,286140.0947151184,186.14009471511838,-0.0017860540411952508
2021-02-11,45.62091827392578,45.64261408589303,45.2195273600156,45.40515566779845,4443200,0,6340.0,21.377979278564453,289236.62185668945,289257.999835968,189.25799983596804,0.010896428632114041
2021-02-12,45.877662658691406,45.899362150700405,45.3593541618187,45.53172147772949,2377600,0,6340.0,21.377979278564453,290864.3812561035,290885.7592353821,190.8857592353821,0.005627361733598235
2021-02-16,45.700477600097656,46.1332057239712,45.51846524370246,46.06088266538013,3397600,0,6340.0,21.377979278564453,289741.02798461914,289762.4059638977,189.7624059638977,-0.003861836600173252
2021-02-17,45.21108627319336,45.32198210326394,44.71929617103969,45.29184780665273,3560000,0,6340.0,21.377979278564453,286638.2869720459,286659.66495132446,186.65966495132443,-0.010707879796386766
2021-02-18,45.00376510620117,45.08693606456328,44.41674955841589,44.72532448159872,2912800,0,6340.0,21.377979278564453,285323.87077331543,285345.248752594,185.345248752594,-0.004585284779962562
2021-02-19,45.058013916015625,45.361766359202846,44.84586725051767,45.27618597057735,2415200,0,6340.0,21.377979278564453,285667.80822753906,285689.1862068176,185.68918620681765,0.0012053379396614883
2021-02-22,43.961124420166016,44.60720577257771,43.928580698030096,44.48425546527909,3908800,0,6340.0,21.377979278564453,278713.52882385254,278734.9068031311,178.7349068031311,-0.024342116325859586
2021-02-23,43.71040344238281,43.97438019269228,42.22538432288459,43.15231564313041,9191200,0,6340.0,21.377979278564453,277123.95782470703,277145.3358039856,177.1453358039856,-0.005702805642022524
2021-02-24,44.31187438964844,44.36008852253855,43.00766131143157,43.47293670615237,5368800,0,6340.0,21.377979278564453,280937.2836303711,280958.66160964966,180.95866160964965,0.013759299952141646
2021-02-25,42.66655349731445,44.27210990922363,42.5086500571293,43.99005329824015,5407200,0,6340.0,21.377979278564453,270505.94917297363,270527.3271522522,170.52732715225218,-0.037127648592981455
2021-02-26,42.97150802612305,43.59348036492012,42.489359268466686,43.09686773309456,5277600,0,6340.0,21.377979278564453,272439.3608856201,272460.7388648987,172.4607388648987,0.007146825915883781
2021-03-01,44.38902282714844,44.43603041425506,43.503073823572734,43.69472749724376,5344000,0,6340.0,21.377979278564453,281426.4047241211,281447.78270339966,181.44778270339964,0.032984729748374075
2021-03-02,43.60432434082031,44.54692595992971,43.574190046182565,44.49991469461349,3537600,0,6340.0,21.377979278564453,276451.4163208008,276472.79430007935,176.47279430007936,-0.017676417115579657
2021-03-03,42.40740203857422,43.57179192676968,42.354365371977046,43.48982382843531,4440000,0,6340.0,21.377979278564453,268862.92892456055,268884.3069038391,168.88430690383913,-0.02744750135524654
2021-03-04,41.32617568969727,42.552036833125214,40.79701566807866,42.26998025429664,9154400,0,6340.0,21.377979278564453,262007.95387268072,262029.3318519593,162.02933185195926,-0.025494143302053573
2021-03-05,41.99515151977539,42.107250210980645,40.45227713334039,41.84448004928359,8107200,0,6340.0,21.377979278564453,266249.260635376,266270.63861465454,166.27063861465453,0.016186381626509982
2021-03-08,40.911529541015625,42.20489495955409,40.876572724702896,41.94212108043174,6212800,0,6340.0,21.377979278564453,259379.09729003906,259400.47526931763,159.4004752693176,-0.025801430383315282
2021-03-09,42.47731399536133,42.74370021156539,41.90717532043831,41.99516513348775,8612800,0,6340.0,21.377979278564453,269306.1707305908,269327.5487098694,169.32754870986938,0.03826929549857283
2021-03-10,42.29651641845703,43.0330008613789,42.26638210871483,43.0330008613789,5149600,0,6340.0,21.377979278564453,268159.9140930176,268181.29207229614,168.18129207229612,-0.004255994765719362
2021-03-11,43.341556549072266,43.57178301413893,42.93293372571494,42.93293372571494,4308000,0,6340.0,21.377979278564453,274785.46852111816,274806.8465003967,174.80684650039672,0.024705505655907123
2021-03-12,43.0257453918457,43.03056423024586,42.51104930867759,42.820830726258485,3212000,0,6340.0,21.377979278564453,272783.22578430176,272804.6037635803,172.80460376358033,-0.007286000193643338
2021-03-15,43.55612564086914,43.56576700002879,42.92089213054452,43.07036078629952,3540000,-1,0.0,276167.2145423889,0.0,276167.2145423889,176.16721454238893,0.012326077831599669
2021-03-16,43.78995513916016,44.24558555309438,43.54044228239778,43.86830357401468,5140000,0,0.0,276167.2145423889,0.0,276167.2145423889,176.16721454238893,0.0
2021-03-17,43.80322647094727,44.03586243045308,43.03058242359772,43.39460719436233,4605600,0,0.0,276167.2145423889,0.0,276167.2145423889,176.16721454238893,0.0
2021-03-18,42.398963928222656,43.27526812708335,42.34351784119736,43.1800463790082,3854400,0,0.0,276167.2145423889,0.0,276167.2145423889,176.16721454238893,0.0
2021-03-19,42.37364196777344,42.67377837367324,42.06747649567512,42.4423453658148,3244000,0,0.0,276167.2145423889,0.0,276167.2145423889,176.16721454238893,0.0
2021-03-22,43.14748001098633,43.36444910230299,42.532739770008966,42.55202615669281,7044800,0,0.0,276167.2145423889,0.0,276167.2145423889,176.16721454238893,0.0
2021-03-23,42.82204818725586,43.421118237116175,42.70151098348923,43.26562421427623,2420000,0,0.0,276167.2145423889,0.0,276167.2145423889,176.16721454238893,0.0
2021-03-24,42.16511917114258,43.08361207998495,42.16511917114258,43.07879324033216,2912800,0,0.0,276167.2145423889,0.0,276167.2145423889,176.16721454238893,0.0
2021-03-25,42.17475891113281,42.30734687650147,41.561221380785504,41.925246046551855,3504000,0,0.0,276167.2145423889,0.0,276167.2145423889,176.16721454238893,0.0
2021-03-26,43.18052673339844,43.226413953872026,42.154115253791296,42.17947262321619,2932800,0,0.0,276167.2145423889,0.0,276167.2145423889,176.16721454238893,0.0
2021-03-29,42.85569763183594,43.19743434296884,42.609357843526354,43.08030253194636,3452000,0,0.0,276167.2145423889,0.0,276167.2145423889,176.16721454238893,0.0
2021-03-30,42.5840072631836,42.65766930955178,42.20604567812651,42.58038478123953,2256800,0,0.0,276167.2145423889,0.0,276167.2145423889,176.16721454238893,0.0
2021-03-31,43.28919982910156,43.58263552458057,42.87018233811936,42.87018233811936,3500000,0,0.0,276167.2145423889,0.0,276167.2145423889,176.16721454238893,0.0
2021-04-01,44.19244384765625,44.208142493622994,43.83380348987938,43.86278333773912,3245600,0,0.0,276167.2145423889,0.0,276167.2145423889,176.16721454238893,0.0
2021-04-05,44.97494125366211,45.05946705398426,44.41222576413027,44.514867657855376,4255200,0,0.0,276167.2145423889,0.0,276167.2145423889,176.16721454238893,0.0
2021-04-06,44.89402770996094,45.16451612779476,44.7068600431792,44.92059379993592,2087200,0,0.0,276167.2145423889,0.0,276167.2145423889,176.16721454238893,0.0
2021-04-07,45.055850982666016,45.13917175771028,44.69117426539024,44.866265817123015,2060800,0,0.0,276167.2145423889,0.0,276167.2145423889,176.16721454238893,0.0
2021-04-08,45.7417221069336,45.7417221069336,45.402402857756094,45.45070752030544,3368800,0,0.0,276167.2145423889,0.0,276167.2145423889,176.16721454238893,0.0
2021-04-09,46.12209701538086,46.141414456554095,45.45794849992775,45.56662661088538,2572800,0,0.0,276167.2145423889,0.0,276167.2145423889,176.16721454238893,0.0
2021-04-12,45.96994400024414,46.11122443449826,45.70790560913068,45.99409632864159,2897600,0,0.0,276167.2145423889,0.0,276167.2145423889,176.16721454238893,0.0
2021-04-13,46.46503829956055,46.49039566536035,46.08828555287992,46.13779156249402,3532800,1,5943.0,25.491928100585938,276141.72261428833,276167.2145423889,176.16721454238893,0.0
2021-04-14,45.96149063110352,46.54835831199807,45.8697162047191,46.49039493452455,3935200,0,5943.0,25.491928100585938,273149.13882064825,273174.63074874884,173.17463074874885,-0.010836129837492936
2021-04-15,46.74277114868164,46.770545958150585,46.41431937832776,46.41431937832776,3339200,0,5943.0,25.491928100585938,277792.288936615,277817.7808647156,177.8177808647156,0.01699700335730392
2021-04-16,46.67032241821289,46.85749377099098,46.49039971285097,46.85749377099098,2580800,0,5943.0,25.491928100585938,277361.7261314392,277387.2180595398,177.3872180595398,-0.0015498029097908983
2021-04-19,46.22956466674805,46.68963814444108,45.9542450762772,46.467450728019685,2954400,0,5943.0,25.491928100585938,274742.30281448364,274767.7947425842,174.76779474258421,-0.009443201223472864
2021-04-20,45.76104736328125,46.33221651478747,45.509880046955935,46.13538642103968,3850400,0,5943.0,25.491928100585938,271957.90447998047,271983.39640808105,171.98339640808106,-0.010133641524880055
2021-04-21,46.24285507202149,46.267003718026594,45.57025281785392,45.66081853191183,5244800,0,5943.0,25.491928100585938,274821.28769302374,274846.7796211243,174.84677962112434,0.010527786809261919
2021-04-22,45.81296920776367,46.48919024463128,45.59923176831778,46.18851325912664,4720000,0,5943.0,25.491928100585938,272266.4760017395,272291.9679298401,172.29196792984007,-0.00929540340551216
2021-04-23,46.48073959350586,46.64979485035133,45.89145811096318,45.89145811096318,1837600,0,5943.0,25.491928100585938,276235.0354042053,276260.5273323059,176.2605273323059,0.014574647326682788
2021-04-26,46.85749816894531,46.88285553933275,46.49402655783449,46.49402655783449,3492800,0,5943.0,25.491928100585938,278474.111618042,278499.6035461426,178.4996035461426,0.008104944399615066
2021-04-27,46.69327163696289,46.94082016196602,46.55923613340629,46.93840271749409,3612800,0,5943.0,25.491928100585938,277498.11333847046,277523.60526657104,177.52360526657105,-0.0035044871416121115
2021-04-28,46.32374572753906,46.54955558996261,46.24887868065289,46.53144318912359,3096800,0,5943.0,25.491928100585938,275302.02085876465,275327.51278686523,175.32751278686524,-0.007913173647324134
2021-04-29,46.18126678466797,46.707753672578185,45.7091171112651,46.707753672578185,3200000,0,5943.0,25.491928100585938,274455.26850128174,274480.7604293823,174.48076042938231,-0.0030754367731437027
2021-04-30,45.51712417602539,45.96149909645172,45.41569101061038,45.70791434034987,2964800,0,5943.0,25.491928100585938,270508.2689781189,270533.7609062195,170.5337609062195,-0.014379876815367232
2021-05-03,45.33477783203125,45.82262614835293,45.22126851558321,45.72964668067874,4212000,0,5943.0,25.491928100585938,269424.5846557617,269450.0765838623,169.45007658386228,-0.004005726748214755
2021-05-04,44.41584777832031,44.95924213159774,43.90626448184167,44.95924213159774,5891200,0,5943.0,25.491928100585938,263963.3833465576,263988.8752746582,163.9888752746582,-0.020267952336262884
2021-05-05,44.28301239013672,44.804671795751545,44.20331411829598,44.74549968908179,1647200,0,5943.0,25.491928100585938,263173.9426345825,263199.4345626831,163.19943456268308,-0.0029904317413138592
2021-05-06,44.553489685058594,44.57281080841739,43.81085174063109,44.24556780338517,3889600,0,5943.0,25.491928100585938,264781.3891983032,264806.8811264038,164.8068811264038,0.0061073328914689196
2021-05-07,44.98097610473633,45.282861850405695,44.80467586110146,45.01116467930326,2437600,0,5943.0,25.491928100585938,267321.940990448,267347.4329185486,167.34743291854858,0.009593979511929973
2021-05-10,43.81809616088867,44.80345132927078,43.80481496162749,44.80345132927078,3597600,0,5943.0,25.491928100585938,260410.94548416138,260436.43741226196,160.43643741226194,-0.025850240755414866
2021-05-11,43.77946090698242,43.88089774084824,42.78203310183007,42.92935346466716,6448000,0,5943.0,25.491928100585938,260181.33617019653,260206.82809829712,160.2068280982971,-0.0008816328323574263
2021-05-12,42.49101638793945,43.34354130495179,42.38354331050541,43.089956581406696,6810400,0,5943.0,25.491928100585938,252524.11039352417,252549.60232162476,152.54960232162475,-0.029427459043387283
2021-05-13,42.97403335571289,43.37735220494055,42.6226379619708,42.92693741809007,3992000,0,5943.0,25.491928100585938,255394.6802330017,255420.1721611023,155.4201721611023,0.011366360560812971
2021-05-14,43.969051361083984,44.10912677930406,43.350789987649485,43.47516675859331,2633600,0,5943.0,25.491928100585938,261308.07223892212,261333.5641670227,161.3335641670227,0.023151624853618102
2021-05-17,43.63819122314453,43.74686936035133,43.221587397868056,43.72875695167168,2685600,0,5943.0,25.491928100585938,259341.77043914795,259367.26236724854,159.36726236724854,-0.007524107383762857
2021-05-18,43.351993560791016,43.94610253167888,43.33267243452494,43.81206705493848,3141600,0,5943.0,25.491928100585938,257640.897731781,257666.3896598816,157.6663896598816,-0.006557777152918387
2021-05-19,43.5041389465332,43.522255034894094,42.590031935511455,42.63350170327081,2688000,0,5943.0,25.491928100585938,258545.09775924683,258570.5896873474,158.57058968734742,0.003509188872710123
2021-05-20,44.36511993408203,44.5112315751151,43.66232916857932,43.686481497650185,2498400,0,5943.0,25.491928100585938,263661.9077682495,263687.3996963501,163.6873996963501,0.019788832191587336
2021-05-21,44.15259552001953,44.69115856249218,44.11636702591745,44.6114602976213,2177600,0,5943.0,25.491928100585938,262398.8751754761,262424.36710357666,162.42436710357663,-0.004789886032582125
2021-05-24,44.92058944702149,45.07998597142549,44.50157197332291,44.50640317606703,5909600,-1,0.0,266988.5550117493,0.0,266988.5550117493,166.98855501174933,0.01739239369631873
2021-05-25,44.93507766723633,45.20677477053077,44.84209820742158,45.12466275263246,2137600,0,0.0,266988.5550117493,0.0,266988.5550117493,166.98855501174933,0.0
2021-05-26,45.02323532104492,45.1621020099858,44.87349750368073,45.04617892971053,2072800,0,0.0,266988.5550117493,0.0,266988.5550117493,166.98855501174933,0.0
2021-05-27,44.83365631103516,45.1439957461507,44.81554390307932,44.97735422269943,1900000,0,0.0,266988.5550117493,0.0,266988.5550117493,166.98855501174933,0.0
2021-05-28,44.95441055297852,45.229730208938776,44.93267566345952,45.02082394377393,1802400,0,0.0,266988.5550117493,0.0,266988.5550117493,166.98855501174933,0.0
2021-06-01,44.75275039672852,45.21886392185438,44.64165850181256,45.15969549271716,3530400,0,0.0,266988.5550117493,0.0,266988.5550117493,166.98855501174933,0.0
2021-06-02,45.00753784179688,45.17780182809119,44.75274438084465,44.84935002118631,3008800,0,0.0,266988.5550117493,0.0,266988.5550117493,166.98855501174933,0.0
2021-06-03,44.52573013305664,44.79138735672615,44.28663531513849,44.63078577444951,3086400,0,0.0,266988.5550117493,0.0,266988.5550117493,166.98855501174933,0.0
2021-06-04,45.36738967895508,45.42776682588735,44.82640911579569,44.82640911579569,2740000,0,0.0,266988.5550117493,0.0,266988.5550117493,166.98855501174933,0.0
2021-06-07,45.43018341064453,45.45433574497103,45.22127714261969,45.33840896235843,4038400,0,0.0,266988.5550117493,0.0,266988.5550117493,166.98855501174933,0.0
2021-06-08,45.50987243652344,45.88421143168267,45.320287337489546,45.66806024434385,1862400,0,0.0,266988.5550117493,0.0,266988.5550117493,166.98855501174933,0.0
2021-06-09,45.48572540283203,45.78157488953023,45.47485795886859,45.7284427067344,1462400,0,0.0,266988.5550117493,0.0,266988.5550117493,166.98855501174933,0.0
2021-06-10,45.89507675170898,45.92405659756382,45.45311567678324,45.56420754264538,2942400,0,0.0,266988.5550117493,0.0,266988.5550117493,166.98855501174933,0.0
2021-06-11,46.17644119262695,46.19093111825627,45.88300914324753,45.9385550865361,2219200,0,0.0,266988.5550117493,0.0,266988.5550117493,166.98855501174933,0.0
2021-06-14,46.6860237121582,46.6860237121582,46.113649548193,46.25372496891462,2420000,0,0.0,266988.5550117493,0.0,266988.5550117493,166.98855501174933,0.0
2021-06-15,46.36481094360352,46.670319115549006,46.26216907161821,46.670319115549006,2441600,0,0.0,266988.5550117493,0.0,266988.5550117493,166.98855501174933,0.0
2021-06-16,46.17040252685547,46.55198651727504,45.67530921146363,46.40587117622088,4434400,0,0.0,266988.5550117493,0.0,266988.5550117493,166.98855501174933,0.0
2021-06-17,46.76571273803711,46.94563541801773,45.98443247709964,46.0073760828173,11313600,1,5709.0,3.100990295468364,266985.45402145386,266988.5550117493,166.98855501174933,0.0
2021-06-18,46.39137268066406,46.731900592669206,46.295979464529125,46.52782558984449,7348000,0,5709.0,3.100990295468364,264848.34663391113,264851.4476242066,164.85144762420657,-0.008004490632374406
2021-06-21,46.80436325073242,46.829720619639176,46.05327142418576,46.405871885126885,4687200,0,5709.0,3.100990295468364,267206.1097984314,267209.21078872686,167.20921078872686,0.008902209845066178
2021-06-22,47.25357055664063,47.27168296346351,46.73070240720592,46.795910756896845,2716800,0,5709.0,3.100990295468364,269770.6343078614,269773.73529815685,169.77373529815685,0.009597440529314882
2021-06-23,47.2209587097168,47.40450756987203,47.14488661045193,47.25597848200348,2051200,0,5709.0,3.100990295468364,269584.4532737732,269587.55426406866,169.58755426406867,-0.0006901377329502356
2021-06-24,47.54458618164063,47.713895150417805,47.44904609935757,47.545793027042045,2784800,0,5709.0,3.100990295468364,271432.0425109864,271435.14350128185,171.43514350128183,0.006853392183688856
2021-06-25,47.53369522094727,47.64858541839713,47.41275972496149,47.6449575011439,2283200,0,5709.0,3.100990295468364,271369.866016388,271372.96700668347,171.37296700668347,-0.00022906574954284498
2021-06-28,48.04041290283203,48.09604588554795,47.70905084099269,47.70905084099269,3522400,0,5709.0,3.100990295468364,274262.71726226807,274265.81825256353,174.26581825256355,0.010660056813281749
2021-06-29,48.38387680053711,48.39476424412322,47.96423043682207,48.0488867693571,6235200,0,5709.0,3.100990295468364,276223.55265426636,276226.6536445618,176.2266536445618,0.007149397633622101
2021-06-30,48.22546005249024,48.352444573604544,48.10573505859514,48.31495485449276,4003200,0,5709.0,3.100990295468364,275319.1514396668,275322.2524299623,175.32225242996228,-0.0032741272526267684
2021-07-01,48.24116897583008,48.29317035373964,47.93520231629592,48.177073310098685,3461600,0,5709.0,3.100990295468364,275408.8336830139,275411.9346733094,175.4119346733094,0.0003257355428252229
2021-07-02,48.8228759765625,48.8688320630026,48.47337425557058,48.51811980584362,3036800,0,5709.0,3.100990295468364,278729.7989501953,278732.8999404908,178.73289994049077,0.012058174861306226
2021-07-06,49.06474685668945,49.249778047388034,48.5846327135402,48.92204383445845,3208800,0,5709.0,3.100990295468364,280110.6398048401,280113.74079513556,180.11374079513556,0.004953993069851448
2021-07-07,49.25340270996094,49.44448287818831,48.87003921874042,49.39852679492707,8687200,0,5709.0,3.100990295468364,281187.676071167,281190.77706146246,181.19077706146248,0.0038449961907245367
2021-07-08,48.77329254150391,48.92083401990556,48.16619757465595,48.402023309126,4490400,0,5709.0,3.100990295468364,278446.72711944586,278449.8281097413,178.44982810974136,-0.009747648839570688
2021-07-09,49.23406219482422,49.2812288233742,48.6620394959026,48.75395168036337,2294400,0,5709.0,3.100990295468364,281077.26107025146,281080.36206054693,181.08036206054692,0.009447066168663198
2021-07-12,49.22920989990234,49.480754090613225,49.081668457173805,49.46261450557656,9924800,0,5709.0,3.100990295468364,281049.5593185424,281052.6603088379,181.05266030883791,-9.855456107277227e-05
2021-07-13,49.335636138916016,49.71537167005121,49.070787112418806,49.14092807488612,10911200,0,5709.0,3.100990295468364,281657.14671707153,281660.247707367,181.660247707367,0.002161827601494526
2021-07-14,49.549686431884766,49.91853818018219,49.38884386276918,49.72262328747821,3155200,0,5709.0,3.100990295468364,282879.1598396301,282882.2608299256,182.8822608299256,0.004338607000829553
2021-07-15,49.09859848022461,49.49526674041337,48.80351558891437,49.49526674041337,3946400,0,5709.0,3.100990295468364,280303.8987236023,280306.99971389776,180.30699971389774,-0.009103650078560843
2021-07-16,48.649940490722656,49.44448773720958,48.5918901128997,49.266712376452126,3323200,0,5709.0,3.100990295468364,277742.51026153564,277745.6112518311,177.7456112518311,-0.009137797003574644
2021-07-19,48.06098937988281,48.24723112931132,47.70181070845759,48.04284978852992,5864800,0,5709.0,3.100990295468364,274380.188369751,274383.28936004644,174.38328936004646,-0.012105760651375586
2021-07-20,48.84222412109375,49.1227953917057,48.022281506086976,48.30527015827597,7271200,0,5709.0,3.100990295468364,278840.2575073242,278843.3584976197,178.84335849761968,0.01625488617756421
2021-07-21,49.340476989746094,49.35136074264479,48.75998802452912,48.8676187080777,11828800,0,5709.0,3.100990295468364,281684.78313446045,281687.8841247559,181.68788412475593,0.010201159685001127
2021-07-22,49.668216705322266,49.72989130735379,49.4287630607524,49.4287630607524,2611200,0,5709.0,3.100990295468364,283555.8491706848,283558.9501609803,183.55895016098026,0.006642337642735363
2021-07-23,50.15559005737305,50.206380909529614,49.75529377728251,49.94878765875793,3440800,0,5709.0,3.100990295468364,286338.2636375427,286341.3646278382,186.3413646278382,0.009812472733723654
2021-07-26,50.16767501831055,50.23660914343432,49.885896909354855,50.06246171715259,2535200,0,5709.0,3.100990295468364,286407.2566795349,286410.3576698304,186.41035766983038,0.00024094682262143508
2021-07-27,49.62104797363281,50.09148887109276,48.94743630856712,50.09148887109276,13480800,0,5709.0,3.100990295468364,283286.5628814697,283289.6638717652,183.28966387176519,-0.010895883177739929
2021-07-28,49.67304992675781,49.86775801594353,49.17721729097635,49.63314283256434,2940800,0,5709.0,3.100990295468364,283583.44203186035,283586.5430221558,183.5865430221558,0.001047970287136879
2021-07-29,49.918548583984375,50.09511708391307,49.60049129634267,49.66942173138234,4775200,0,5709.0,3.100990295468364,284984.9938659668,284988.09485626227,184.98809485626228,0.004942236747802697
2021-07-30,49.85082244873047,49.91612865346042,49.52429880639799,49.556950063433646,2056800,0,5709.0,3.100990295468364,284598.34535980225,284601.4463500977,184.6014463500977,-0.0013567180985561977
2021-08-02,49.72747802734375,50.1882420749964,49.68273247431249,50.07577292429741,3688000,0,5709.0,3.100990295468364,283894.17205810547,283897.27304840094,183.89727304840093,-0.0024742435807250107
2021-08-03,50.00442123413086,50.024978206212246,49.43481226517274,49.84115754042095,2352000,0,5709.0,3.100990295468364,285475.2408256531,285478.34181594854,185.47834181594857,0.005569157993560836
2021-08-04,50.12897872924805,50.24870370146092,49.83268525763295,50.00320476722454,3040800,0,5709.0,3.100990295468364,286186.3395652771,286189.44055557257,186.1894405555726,0.0024909025851160838
2021-08-05,50.445831298828125,50.46880934162856,50.1011643474805,50.24749528532095,1587200,0,5709.0,3.100990295468364,287995.25088500977,287998.35187530523,187.99835187530522,0.006320678066322305
2021-08-06,50.367218017578125,50.43010314850273,50.18823215018857,50.27530585720801,1864000,0,5709.0,3.100990295468364,287546.4476623535,287549.548652649,187.54954865264898,-0.0015583534410313904
2021-08-09,50.24386215209961,50.47001094819428,50.14590469165923,50.42043064062303,1789600,0,5709.0,3.100990295468364,286842.20902633667,286845.31001663214,186.84531001663217,-0.002449103604288849
2021-08-10,49.86533737182617,50.418013540029,49.74198447987396,50.34787256789748,3052000,0,5709.0,3.100990295468364,284681.2110557556,284684.3120460511,184.68431204605108,-0.00753367022265683
2021-08-11,49.8218002319336,50.115672623853165,49.543650046197655,50.06729915989805,9620000,0,5709.0,3.100990295468364,284432.65752410894,284435.7585144044,184.43575851440443,-0.0008730847508255923
2021-08-12,50.09148788452149,50.12534967845552,49.56904561468885,49.7649605432114,1752000,0,5709.0,3.100990295468364,285972.3043327332,285975.4053230287,185.9754053230287,0.005412986105072681
2021-08-13,50.3188362121582,50.35269800116448,50.062453568159526,50.127759765049554,1634400,0,5709.0,3.100990295468364,287270.2359352112,287273.33692550665,187.27333692550664,0.004538612685982102
2021-08-16,50.41196823120117,50.41801353045556,49.68635516904832,50.168886674369126,2447200,0,5709.0,3.100990295468364,287801.9266319275,287805.02762222296,187.80502762222295,0.001850818117708597
2021-08-17,49.98143005371094,50.173717041310105,49.648857453827326,50.11082822403808,2999200,0,5709.0,3.100990295468364,285343.98417663574,285347.0851669312,185.3470851669312,-0.008540304092665374
2021-08-18,49.34288787841797,50.07091816155135,49.295721268265815,49.87621380433796,2657600,0,5709.0,3.100990295468364,281698.5468978882,281701.64788818365,181.70164788818366,-0.012775449507798298
2021-08-19,49.71415710449219,49.916120986522245,48.9933826537343,49.050222478801366,3270400,0,5709.0,3.100990295468364,283818.1229095459,283821.22389984137,183.82122389984136,0.007524187478303412
2021-08-20,50.34302520751953,50.39019181974008,49.82300408114247,49.92821736605509,3579200,0,5709.0,3.100990295468364,287408.330909729,287411.4319000245,187.4114319000245,0.012649540266411075
2021-08-23,51.05050659179688,51.11097434580783,50.52201901224651,50.52201901224651,3030400,0,5709.0,3.100990295468364,291447.3421325684,291450.4431228639,191.4504431228639,0.014053063916554143
2021-08-24,51.12306594848633,51.27786324299422,51.0710608778688,51.160555658750525,2639200,0,5709.0,3.100990295468364,291861.58349990845,291864.6844902039,191.86468449020393,0.0014213097873569946
2021-08-25,51.126686096191406,51.36371861005323,51.0238901972643,51.21738770865802,3656800,0,5709.0,3.100990295468364,291882.25092315674,291885.3519134522,191.88535191345218,7.081166152178575e-05
2021-08-26,50.8267822265625,51.21135630975334,50.76752500040837,51.08921393932666,1985600,0,5709.0,3.100990295468364,290170.0997314453,290173.2007217408,190.17320072174078,-0.005865834583638541
2021-08-27,51.40848159790039,51.45322715139991,50.84734268411557,50.90781044628451,1859200,0,5709.0,3.100990295468364,293491.02144241333,293494.1224327088,193.4941224327088,0.011444618947263008
2021-08-30,51.917606353759766,51.985329935480806,51.54149873708253,51.54149873708253,2983200,0,5709.0,3.100990295468364,296397.6146736145,296400.71566390997,196.40071566390995,0.009903412058507532
2021-08-31,51.60074996948242,51.92727724332026,51.52577056202612,51.91155504033917,14336800,0,5709.0,3.100990295468364,294588.68157577515,294591.7825660706,194.5917825660706,-0.006102998414789673
2021-09-01,51.63461685180664,51.991378030996046,51.59833768031479,51.77732353787741,4304800,0,5709.0,3.100990295468364,294782.0276069641,294785.1285972596,194.7851285972596,0.0006563184807968359
2021-09-02,51.67453002929688,51.920028942874175,51.44112171300576,51.852305359174125,2580800,0,5709.0,3.100990295468364,295009.8919372559,295012.9929275514,195.01299292755138,0.0007729844832271571
2021-09-03,51.92365646362305,52.03128713699417,51.55601151873176,51.61526873135209,2078400,0,5709.0,3.100990295468364,296432.154750824,296435.25574111944,196.43525574111945,0.00482101754046238
2021-09-07,51.869232177734375,52.03612374847729,51.65517768389276,51.9756560020144,3236000,0,5709.0,3.100990295468364,296121.44650268555,296124.547492981,196.124547492981,-0.0010481487681404111
2021-09-08,51.5681037902832,51.86923198554194,51.22706481573817,51.868025140264834,2915200,0,5709.0,3.100990295468364,294402.3045387268,294405.4055290223,194.40540552902226,-0.005805469281466746
2021-09-09,51.4000129699707,51.79063602507853,51.38429445265034,51.59955952889938,1964000,0,5709.0,3.100990295468364,293442.67404556274,293445.7750358582,193.4457750358582,-0.0032595545976463747
2021-09-10,50.88603210449219,51.817236987450805,50.841286557273285,51.69509094400336,3044000,0,5709.0,3.100990295468364,290508.3572845459,290511.45827484137,190.51145827484137,-0.009999519538689161
2021-09-13,50.88966369628906,51.35284878969996,50.55830156320112,51.2367517276338,9537600,0,5709.0,3.100990295468364,290529.09004211426,290532.1910324097,190.5321910324097,7.136640217741963e-05
2021-09-14,50.82555389404297,51.22101528378001,50.68164037463683,51.11338093285524,13045600,0,5709.0,3.100990295468364,290163.0871810913,290166.1881713868,190.1661881713868,-0.0012597669804587097
2021-09-15,51.25971984863281,51.29116426000557,50.66109133113599,50.93319620926872,2414400,0,5709.0,3.100990295468364,292641.7406158447,292644.8416061402,192.6448416061402,0.008542185601891683
2021-09-16,51.3455924987793,51.40001126614392,50.83645132326088,51.06864913599368,1963200,0,5709.0,3.100990295468364,293131.987575531,293135.0885658265,193.13508856582646,0.0016752284338779067
2021-09-17,50.65625762939453,51.25851781145907,50.54620586992532,51.25851781145907,2631200,0,5709.0,3.100990295468364,289196.5748062134,289199.67579650885,189.1996757965088,-0.013425253143769855
2021-09-20,49.68514251708984,50.119300537910256,49.01999723844163,49.80123956870581,18233600,0,5709.0,3.100990295468364,283652.47863006586,283655.5796203613,183.65557962036135,-0.019170478531409407
2021-09-21,49.710540771484375,50.09632535032866,49.50858053305027,49.99595049917753,2737600,0,5709.0,3.100990295468364,283797.4772644043,283800.57825469977,183.8005782546998,0.0005111785022262616
2021-09-22,50.445831298828125,50.60788444391719,49.78310335670922,49.97418353466457,2617600,0,5709.0,3.100990295468364,287995.25088500977,287998.35187530523,187.99835187530522,0.014791279307535987
2021-09-23,51.0976676940918,51.222231115275,50.52927304110363,50.70099938958676,2852000,0,5709.0,3.100990295468364,291716.58486557007,291719.68585586554,191.71968585586555,0.0129213724881716
2021-09-24,51.10250473022461,51.18716105672903,50.70099798332355,50.759048352125895,13228800,0,5709.0,3.100990295468364,291744.1995048523,291747.30049514776,191.74730049514775,9.466155566850709e-05
2021-09-27,50.601829528808594,50.76388264310323,50.28255806256248,50.67801578762533,3009600,0,5709.0,3.100990295468364,288885.84477996826,288888.94577026373,188.88894577026375,-0.009797364774354
2021-09-28,49.01999282836914,50.033432861350086,48.99459740794444,49.933058024946845,11592000,0,5709.0,3.100990295468364,279855.1390571594,279858.2400474549,179.85824004745487,-0.031260129039310525
2021-09-29,48.90812683105469,49.46322450616807,48.84025472314787,49.26930631143573,5506400,0,5709.0,3.100990295468364,279216.4960784912,279219.5970687867,179.2195970687867,-0.002282023136284672
2021-09-30,48.63663482666016,49.43049801194313,48.63663482666016,49.19658152513483,3704000,0,5709.0,3.100990295468364,277666.5482254029,277669.64921569836,177.66964921569834,-0.005550999533555201
2021-10-01,49.31172180175781,49.45352826769204,48.32030082724248,48.86085868661346,5496800,0,5709.0,3.100990295468364,281520.61976623535,281523.7207565308,181.52372075653082,0.013880060538552286
2021-10-04,48.11547088623047,49.08871248422044,47.760353677342685,49.08871248422044,6989600,-1,0.0,274694.3242797852,0.0,274694.3242797852,174.6943242797852,-0.024258689315391102
2021-10-05,48.80996322631836,49.08630077160095,48.23062382442095,48.271831633070185,3806400,0,0.0,274694.3242797852,0.0,274694.3242797852,174.6943242797852,0.0
2021-10-06,49.14689254760742,49.19173622274319,48.14335072195903,48.306972435665806,15153600,0,0.0,274694.3242797852,0.0,274694.3242797852,174.6943242797852,0.0
2021-10-07,49.67532730102539,50.06802016460741,49.56382470548862,49.622002384955145,13247200,0,0.0,274694.3242797852,0.0,274694.3242797852,174.6943242797852,0.0
2021-10-08,49.44141387939453,49.88864487784319,49.386875769067146,49.88864487784319,1992000,0,0.0,274694.3242797852,0.0,274694.3242797852,174.6943242797852,0.0
2021-10-11,49.16507339477539,49.828041508991625,49.14689402576175,49.20870757916071,2056800,0,0.0,274694.3242797852,0.0,274694.3242797852,174.6943242797852,0.0
2021-10-12,49.04871368408203,49.44988772240036,48.95781315518056,49.42201022865319,1818400,0,0.0,274694.3242797852,0.0,274694.3242797852,174.6943242797852,0.0
2021-10-13,49.4608039855957,49.495953231897374,49.075386563399896,49.30081813907013,4864800,0,0.0,274694.3242797852,0.0,274694.3242797852,174.6943242797852,0.0
2021-10-14,50.53220748901367,50.56735672802986,49.9407474750601,50.00013833382922,4765600,0,0.0,274694.3242797852,0.0,274694.3242797852,174.6943242797852,0.0
2021-10-15,50.887332916259766,50.90430279259181,50.59524243370921,50.75280189142339,3180000,0,0.0,274694.3242797852,0.0,274694.3242797852,174.6943242797852,0.0
2021-10-18,51.362449645996094,51.38547808258455,50.53101434181271,50.62918664568852,2668800,0,0.0,274694.3242797852,0.0,274694.3242797852,174.6943242797852,0.0
2021-10-19,51.83512878417969,51.89209327684029,51.39032416380573,51.51879664533767,2967200,0,0.0,274694.3242797852,0.0,274694.3242797852,174.6943242797852,0.0
2021-10-20,51.73452758789063,51.9878366464712,51.49697521456308,51.9054210453426,5694400,0,0.0,274694.3242797852,0.0,274694.3242797852,174.6943242797852,0.0
2021-10-21,51.95753860473633,51.99632372407012,51.45334314965469,51.59757230694078,3289600,0,0.0,274694.3242797852,0.0,274694.3242797852,174.6943242797852,0.0
2021-10-22,51.73695373535156,52.15994308892072,51.53818646645114,51.907847204247645,2197600,0,0.0,274694.3242797852,0.0,274694.3242797852,174.6943242797852,0.0
2021-10-25,51.97934341430664,52.14781416204992,51.73936839644452,51.93934881091356,2136000,0,0.0,274694.3242797852,0.0,274694.3242797852,174.6943242797852,0.0
2021-10-26,52.04844284057617,52.50658146129893,51.98905566527504,52.329629427568136,3009600,0,0.0,274694.3242797852,0.0,274694.3242797852,174.6943242797852,0.0
2021-10-27,51.85209655761719,52.272663233487,51.839975745015934,52.1211623228531,2315200,0,0.0,274694.3242797852,0.0,274694.3242797852,174.6943242797852,0.0
2021-10-28,52.381744384765625,52.46052412040265,52.03995743461418,52.090863369238924,2087200,0,0.0,274694.3242797852,0.0,274694.3242797852,174.6943242797852,0.0
2021-10-29,52.62050628662109,52.653229150246034,51.84966776579414,51.88481701107817,2259200,0,0.0,274694.3242797852,0.0,274694.3242797852,174.6943242797852,0.0
2021-11-01,52.68354034423828,52.70656878229845,52.352664668827,52.64718159927659,2984000,1,5214.0,2.34492492681602,274691.9793548584,274694.3242797852,174.6943242797852,0.0
2021-11-02,53.043495178222656,53.15378827895712,52.736857499890405,52.736857499890405,2547200,0,5214.0,2.34492492681602,276568.78385925293,276571.12878417975,176.57112878417976,0.006832338124623805
2021-11-03,53.36347198486328,53.45315934404648,52.8410971194128,53.09440620856083,2428000,0,5214.0,2.34492492681602,278237.14292907715,278239.48785400396,178.23948785400398,0.006032296563847517
2021-11-04,54.12582015991211,54.24217552334967,53.48588045601646,53.56587338134751,2464000,0,5214.0,2.34492492681602,282212.02631378174,282214.37123870855,182.21437123870854,0.014285834894830929
2021-11-05,54.3088264465332,54.70272875944745,53.98764530036895,54.49911245154923,2806400,0,5214.0,2.34492492681602,283166.2210922241,283168.56601715094,183.16856601715094,0.0033810991773883803
2021-11-08,54.69788360595703,54.806967213257046,54.45063679958321,54.54032414902749,2640000,0,5214.0,2.34492492681602,285194.76512145996,285197.1100463868,185.19711004638677,0.0071637330999267945
2021-11-09,54.55244445800781,54.89059550026577,54.245806786346286,54.82029701182025,2844000,0,5214.0,2.34492492681602,284436.44540405273,284438.79032897955,184.43879032897956,-0.002658931983160251
2021-11-10,53.53315734863281,54.40822687537968,53.34893354780571,54.12219119386176,12805600,0,5214.0,2.34492492681602,279121.8824157715,279124.2273406983,179.12422734069827,-0.01868438190914279
2021-11-11,53.82281112670898,53.97310252632988,53.75978808735328,53.94886090417263,2166400,0,5214.0,2.34492492681602,280632.1372146606,280634.4821395874,180.63448213958742,0.005410690477418489
2021-11-12,54.46760559082031,54.55123438776212,53.91977964018572,53.9925008156246,2932000,0,5214.0,2.34492492681602,283994.0955505371,283996.4404754639,183.99644047546394,0.011979847630428697
2021-11-15,54.39488220214844,54.7245483118055,54.1015785281076,54.65425352095143,3277600,0,5214.0,2.34492492681602,283614.91580200195,283617.26072692877,183.61726072692878,-0.0013351566938667458
2021-11-16,54.96211242675781,55.038465785338445,54.273689418517606,54.342774727415005,2513600,0,5214.0,2.34492492681602,286572.45419311523,286574.79911804205,186.57479911804208,0.010427921007109875
2021-11-17,54.73062515258789,55.06150084248234,54.63123964700454,54.88697146152008,10189600,0,5214.0,2.34492492681602,285365.47954559326,285367.8244705201,185.3678244705201,-0.004211726401751048
2021-11-18,55.124507904052734,55.20813668999575,54.55728946798445,55.07360197831485,3549600,0,5214.0,2.34492492681602,287419.18421173096,287421.5291366578,187.4215291366578,0.007196693144884803
2021-11-19,55.4456901550293,55.68203302415968,55.17056586890884,55.363274558141086,9458400,0,5214.0,2.34492492681602,289093.82846832275,289096.17339324957,189.09617339324956,0.005826439869073274
2021-11-22,54.61789321899414,56.1983479152579,54.5815307844199,55.62385769675802,7038400,0,5214.0,2.34492492681602,284777.69524383545,284780.04016876227,184.78004016876227,-0.014929748719351599
2021-11-23,54.36822128295898,54.617898187072,53.661622661697145,54.37670622167334,10875200,0,5214.0,2.34492492681602,283475.9057693481,283478.2506942749,183.4782506942749,-0.00457121037596564
2021-11-24,54.8203010559082,54.84211629927546,53.76464374932851,54.070068252728255,3496800,0,5214.0,2.34492492681602,285833.0497055054,285835.3946304322,185.83539463043218,0.008315078600860337
2021-11-26,53.58526611328125,54.51124146514783,53.35740814926161,54.11976177600747,4521600,0,5214.0,2.34492492681602,279393.57751464844,279395.92243957525,179.39592243957526,-0.022528603216486864
2021-11-29,54.800907135009766,54.95967978905081,54.11006522092917,54.28943992694357,4714400,0,5214.0,2.34492492681602,285731.9298019409,285734.27472686773,185.7342747268677,0.02268591549922583
2021-11-30,54.260353088378906,55.05664274251744,53.79494274636597,54.62031939102012,5407200,0,5214.0,2.34492492681602,282913.4810028076,282915.82592773443,182.91582592773446,-0.00986388070464228
2021-12-01,53.2701416015625,55.13905841837616,53.231360180409816,54.728186183056685,4491200,0,5214.0,2.34492492681602,277750.5183105469,277752.8632354737,177.75286323547368,-0.018249112347569874
2021-12-02,53.84342575073242,54.09067628223352,52.708988662820666,52.80352508681331,6696800,0,5214.0,2.34492492681602,280739.62186431885,280741.96678924566,180.74196678924568,0.010761738039178681
2021-12-03,52.843505859375,54.10641879658428,52.20598898581955,54.01188239735474,8196000,0,5214.0,2.34492492681602,275526.03955078125,275528.38447570807,175.52838447570807,-0.01857072661121395
2021-12-06,53.29317092895508,53.43497740778236,52.266600617624086,52.94047636757956,4181600,0,5214.0,2.34492492681602,277870.5932235718,277872.9381484986,177.8729381484986,0.008509299966505735
2021-12-07,55.22026062011719,55.32570835796883,54.354889365741975,54.354889365741975,4040000,0,5214.0,2.34492492681602,287918.438873291,287920.78379821783,187.92078379821783,0.03615985679163014
2021-12-08,55.58871078491211,55.62991858682303,54.877263133717264,55.269952292076354,2590400,0,5214.0,2.34492492681602,289839.53803253174,289841.88295745855,189.84188295745855,0.006672318454742365
2021-12-09,54.8675651550293,55.82505006369208,54.82271778353144,55.47235553922376,2635200,0,5214.0,2.34492492681602,286079.48471832275,286081.82964324957,186.08182964324956,-0.012972774244503715
2021-12-10,55.75718307495117,55.827477868643385,55.159660684180565,55.42630376112197,3232800,0,5214.0,2.34492492681602,290717.9525527954,290720.2974777222,190.72029747772223,0.016213779953298424
2021-12-13,54.9390754699707,55.99473270677899,54.87968460194821,55.8614111748695,3591200,0,5214.0,2.34492492681602,286452.33950042725,286454.68442535406,186.45468442535406,-0.014672567032217754
2021-12-14,54.03976440429688,54.60092432938259,53.40830968910164,54.2555015378258,4748000,0,5214.0,2.34492492681602,281763.33160400396,281765.6765289308,181.76567652893078,-0.016369108802775312
2021-12-15,55.46994018554688,55.55477847799723,53.55739279827128,54.09552064107158,3964800,0,5214.0,2.34492492681602,289220.26812744146,289222.6130523683,189.2226130523683,0.026465028016539938
2021-12-16,53.86126327514648,55.76996280802327,53.51521970669485,55.73232335832007,5015200,0,5214.0,2.34492492681602,280832.6267166137,280834.9716415405,180.83497164154053,-0.02900064183193396
2021-12-17,53.674278259277344,54.16116777918702,53.02468834416437,53.27359856866918,3288000,0,5214.0,2.34492492681602,279857.68684387207,279860.0317687989,179.86003176879888,-0.0034715757337588915
2021-12-20,53.04411315917969,53.19588632325608,52.654360711343365,52.92633703564042,4557600,0,5214.0,2.34492492681602,276572.0060119629,276574.3509368897,176.5743509368897,-0.011740443289249614
2021-12-21,54.474422454833984,54.52541986753959,53.135176224244816,53.65848978934053,3925600,0,5214.0,2.34492492681602,284029.6386795044,284031.9836044312,184.03198360443122,0.02696429601038175
2021-12-22,55.1252326965332,55.160441405351,54.248590686886814,54.39186367522076,2871200,0,5214.0,2.34492492681602,287422.9632797241,287425.30820465094,187.42530820465095,0.01194698060816135
2021-12-23,55.42635345458984,55.64369369954601,55.16894671796697,55.226013585456016,2410400,0,5214.0,2.34492492681602,288993.0069122314,288995.3518371582,188.99535183715818,0.005462440459103046
2021-12-27,56.59317779541016,56.59317779541016,55.60482917875308,55.60482917875308,4098400,0,5214.0,2.34492492681602,295076.8290252686,295079.1739501954,195.07917395019544,0.021051626174476645
2021-12-28,56.19735336303711,56.70973972045807,56.04436482574568,56.68181212392722,4147200,0,5214.0,2.34492492681602,293013.0004348755,293015.3453598023,193.0153453598023,-0.006994151985600494
2021-12-29,56.20221710205078,56.40619936980507,55.85860054223377,56.180362653091386,2932800,0,5214.0,2.34492492681602,293038.3599700928,293040.7048950196,193.04070489501962,8.65467819992638e-05
2021-12-30,55.90838241577149,56.46690846607508,55.8549579593268,56.19250136755464,2676000,0,5214.0,2.34492492681602,291506.3059158326,291508.6508407594,191.5086508407594,-0.005228127112269387
2021-12-31,55.63032531738281,56.0188623607876,55.59875531624022,55.89380143255244,3200800,0,5214.0,2.34492492681602,290056.516204834,290058.8611297608,190.0588611297608,-0.004973402013343842
2022-01-03,56.09536743164063,56.1560767037528,55.38264116990779,55.69833012597103,4452800,0,5214.0,2.34492492681602,292481.2457885743,292483.5907135011,192.4835907135011,0.008359439785070366
2022-01-04,55.38627243041992,56.21677466111112,54.85567409181715,56.14392280815944,6572800,0,5214.0,2.34492492681602,288784.0244522095,288786.3693771363,188.78636937713628,-0.01264078209428976
2022-01-05,53.54800033569336,55.120371827426005,53.52371885222156,55.01594996175856,7571200,0,5214.0,2.34492492681602,279199.2737503052,279201.618675232,179.201618675232,-0.03318976142321739
2022-01-06,53.3452377319336,53.84062375814735,52.90327245579594,53.09996990304846,5833600,0,5214.0,2.34492492681602,278142.0695343018,278144.41445922863,178.1444144592286,-0.003786526099023413
2022-01-07,52.80006408691406,53.6220699673371,52.4673784758074,53.32823547260366,14682400,0,5214.0,2.34492492681602,275299.5341491699,275301.87907409674,175.30187907409675,-0.010219638566743794
2022-01-10,52.855918884277344,52.92391296916759,51.23862306781714,51.96227651723458,21678400,0,5214.0,2.34492492681602,275590.76106262207,275593.1059875489,175.59310598754888,0.0010578457162429
2022-01-11,53.55406951904297,53.63663322645112,52.38116612710016,52.73813688575229,4537600,0,5214.0,2.34492492681602,279230.91847229004,279233.26339721686,179.23326339721686,0.013208448725972266
2022-01-12,53.72891616821289,54.32993568270405,53.47272113703902,53.9389678586308,9529600,0,5214.0,2.34492492681602,280142.568901062,280144.9138259888,180.14491382598882,0.003264834632094482
2022-01-13,52.2099723815918,54.119887356378605,52.1031234731562,53.93411713774847,4798400,0,5214.0,2.34492492681602,272222.7959976196,272225.14092254644,172.22514092254647,-0.028270271964893623
2022-01-14,52.63129806518555,52.67379529799725,51.86272028795684,51.928283635883446,3944000,-1,0.0,274421.93303680426,0.0,274421.93303680426,174.42193303680423,0.008069762060965768
2022-01-18,51.28839874267578,52.19903766513313,51.17790744210304,51.84570931857176,5841600,0,0.0,274421.93303680426,0.0,274421.93303680426,174.42193303680423,0.0
2022-01-19,50.57324981689453,52.116482154731415,50.546537589419,51.482677216811744,20037600,0,0.0,274421.93303680426,0.0,274421.93303680426,174.42193303680423,0.0
2022-01-20,49.94430160522461,51.69272783336273,49.87752289064355,51.0467840191721,5036000,0,0.0,274421.93303680426,0.0,274421.93303680426,174.42193303680423,0.0
2022-01-21,48.86245727539063,50.34012238976168,48.845460608298616,49.68567474603153,14998400,0,0.0,274421.93303680426,0.0,274421.93303680426,174.42193303680423,0.0
2022-01-24,49.17813491821289,49.23398639071427,46.2155242586041,47.82431938397798,49852800,0,0.0,274421.93303680426,0.0,274421.93303680426,174.42193303680423,0.0
2022-01-25,47.970027923583984,48.88066683634772,47.45035679891611,48.22379589469213,6684800,0,0.0,274421.93303680426,0.0,274421.93303680426,174.42193303680423,0.0
2022-01-26,48.13637924194336,49.82652315863654,47.59120750511581,49.36877661982372,31088800,0,0.0,274421.93303680426,0.0,274421.93303680426,174.42193303680423,0.0
2022-01-27,47.72841262817383,49.17450785950501,47.54871185810136,48.90617392820334,5246400,0,0.0,274421.93303680426,0.0,274421.93303680426,174.42193303680423,0.0
2022-01-28,49.762168884277344,49.78159629333243,47.52321093992088,48.30757359034789,7489600,0,0.0,274421.93303680426,0.0,274421.93303680426,174.42193303680423,0.0
2022-01-31,51.27018737792969,51.335750713319285,49.660176556175294,49.842304343056135,5448800,0,0.0,274421.93303680426,0.0,274421.93303680426,174.42193303680423,0.0
2022-02-01,51.482669830322266,51.55673335177824,50.63274015764435,51.36003593467953,12721600,0,0.0,274421.93303680426,0.0,274421.93303680426,174.42193303680423,0.0
2022-02-02,51.74979019165039,51.86392390530722,51.07106105939723,51.63080240472266,4036800,0,0.0,274421.93303680426,0.0,274421.93303680426,174.42193303680423,0.0
2022-02-03,50.13735961914063,51.28233562567336,49.9503777250375,50.89258312812595,5508000,0,0.0,274421.93303680426,0.0,274421.93303680426,174.42193303680423,0.0
2022-02-04,50.51982498168945,50.9630056212978,49.73181983519209,50.05722063624495,3656800,0,0.0,274421.93303680426,0.0,274421.93303680426,174.42193303680423,0.0
2022-02-07,50.27213287353516,50.976358916853314,50.07057765435381,50.612103300226735,2816000,0,0.0,274421.93303680426,0.0,274421.93303680426,174.42193303680423,0.0
2022-02-08,50.92050552368164,51.06742091271916,49.95401502786026,50.09121485912692,2191200,0,0.0,274421.93303680426,0.0,274421.93303680426,174.42193303680423,0.0
2022-02-09,52.17111206054688,52.17111206054688,51.37824922337262,51.57858905287373,9533600,0,0.0,274421.93303680426,0.0,274421.93303680426,174.42193303680423,0.0
2022-02-10,50.89743423461914,52.14561658332476,50.59753031525565,51.18762259649259,6132000,0,0.0,274421.93303680426,0.0,274421.93303680426,174.42193303680423,0.0
2022-02-11,49.29106521606445,51.2046224274016,49.096794827714575,50.93507314359853,11590400,0,0.0,274421.93303680426,0.0,274421.93303680426,174.42193303680423,0.0
2022-02-14,49.28257369995117,49.74032026850181,48.73861729885187,49.15872441588401,18080800,0,0.0,274421.93303680426,0.0,274421.93303680426,174.42193303680423,0.0
2022-02-15,50.70195388793945,50.72866611579056,49.91030631633378,50.04629449252126,2955200,0,0.0,274421.93303680426,0.0,274421.93303680426,174.42193303680423,0.0
2022-02-16,50.612098693847656,50.76508722463473,49.75731122044913,50.29155570719784,2640000,0,0.0,274421.93303680426,0.0,274421.93303680426,174.42193303680423,0.0
2022-02-17,48.94745635986328,50.14464137923388,48.87096208721064,50.11064433643267,3648800,0,0.0,274421.93303680426,0.0,274421.93303680426,174.42193303680423,0.0
2022-02-18,48.33550643920898,49.17936677952361,47.99432063615684,49.12229991715903,5171200,0,0.0,274421.93303680426,0.0,274421.93303680426,174.42193303680423,0.0
2022-02-22,47.86075592041016,48.68640415893731,47.376297164814936,47.91053796303866,17468000,0,0.0,274421.93303680426,0.0,274421.93303680426,174.42193303680423,0.0
2022-02-23,46.65021133422852,48.517628876878646,46.57857484777281,48.33792812253931,5747200,0,0.0,274421.93303680426,0.0,274421.93303680426,174.42193303680423,0.0
2022-02-24,48.33550643920898,48.39864274645073,44.80465690481673,45.03170898313971,18480000,0,0.0,274421.93303680426,0.0,274421.93303680426,174.42193303680423,0.0
2022-02-25,49.03123474121094,49.04701974396234,47.83283436800485,48.42899612684824,5364800,0,0.0,274421.93303680426,0.0,274421.93303680426,174.42193303680423,0.0
2022-02-28,49.04215240478516,49.298343690579,48.23836243545417,48.58561760669305,4740000,0,0.0,274421.93303680426,0.0,274421.93303680426,174.42193303680423,0.0
2022-03-01,48.09873580932617,49.17207511535149,47.71747986590262,48.8818830648018,2845600,0,0.0,274421.93303680426,0.0,274421.93303680426,174.42193303680423,0.0
2022-03-02,49.10043716430664,49.29470383231536,48.021024741092255,48.391349745557946,2870400,0,0.0,274421.93303680426,0.0,274421.93303680426,174.42193303680423,0.0
2022-03-03,48.336708068847656,49.43311703183428,48.10844068428277,49.43311703183428,2960800,0,0.0,274421.93303680426,0.0,274421.93303680426,174.42193303680423,0.0
2022-03-04,47.37265396118164,48.18251347872325,47.03389522603003,48.011316612710594,3461600,0,0.0,274421.93303680426,0.0,274421.93303680426,174.42193303680423,0.0
2022-03-07,45.59629821777344,47.60334627340218,45.55258932767883,47.37265181863782,7074400,0,0.0,274421.93303680426,0.0,274421.93303680426,174.42193303680423,0.0
2022-03-08,45.37167739868164,46.80927241252665,44.75123046165699,45.47366852372407,14316000,0,0.0,274421.93303680426,0.0,274421.93303680426,174.42193303680423,0.0
2022-03-09,47.30586624145508,47.47585512817894,46.3175214479957,46.57128570179472,5316000,0,0.0,274421.93303680426,0.0,274421.93303680426,174.42193303680423,0.0
2022-03-10,46.48871994018555,46.61135382164238,45.77599387569255,46.46322309046641,7906400,0,0.0,274421.93303680426,0.0,274421.93303680426,174.42193303680423,0.0
2022-03-11,45.52223587036133,46.9149065262393,45.47123845853677,46.9149065262393,6370400,0,0.0,274421.93303680426,0.0,274421.93303680426,174.42193303680423,0.0
2022-03-14,44.53753662109375,45.7772189398914,44.429476041817935,45.33647272986087,8732000,0,0.0,274421.93303680426,0.0,274421.93303680426,174.42193303680423,0.0
2022-03-15,46.03462600708008,46.13904417055844,44.71116098628904,44.864149529003534,4068800,0,0.0,274421.93303680426,0.0,274421.93303680426,174.42193303680423,0.0
2022-03-16,47.719913482666016,47.73934089380592,45.99213002174603,46.60043439035267,5332800,0,0.0,274421.93303680426,0.0,274421.93303680426,174.42193303680423,0.0
2022-03-17,48.23836517333984,48.23836517333984,47.23908941306306,47.40907460112858,3284000,0,0.0,274421.93303680426,0.0,274421.93303680426,174.42193303680423,0.0
2022-03-18,49.3432846069336,49.40277850864842,47.83404926651484,48.06353209667198,4051200,0,0.0,274421.93303680426,0.0,274421.93303680426,174.42193303680423,0.0
2022-03-21,49.218223571777344,49.51448514178076,48.5601370800978,49.16480281665891,3904800,0,0.0,274421.93303680426,0.0,274421.93303680426,174.42193303680423,0.0
2022-03-22,50.006229400634766,50.27942113180873,49.20122383991148,49.23279384790847,3306400,0,0.0,274421.93303680426,0.0,274421.93303680426,174.42193303680423,0.0
2022-03-23,49.24492645263672,50.06207450485727,49.142935330664685,49.49626370253184,3107200,0,0.0,274421.93303680426,0.0,274421.93303680426,174.42193303680423,0.0
2022-03-24,50.53253555297852,50.53253555297852,49.316320078702624,49.43915902931492,2732000,0,0.0,274421.93303680426,0.0,274421.93303680426,174.42193303680423,0.0
2022-03-25,50.41456604003906,50.62497266802283,49.82105596469818,50.55078530045346,2457600,0,0.0,274421.93303680426,0.0,274421.93303680426,174.42193303680423,0.0
2022-03-28,51.03726577758789,51.045776464734296,50.020507754224376,50.20050897295052,4117600,0,0.0,274421.93303680426,0.0,274421.93303680426,174.42193303680423,0.0
2022-03-29,52.16591262817383,52.24374848383145,51.27807315822516,51.63320968852359,15691200,0,0.0,274421.93303680426,0.0,274421.93303680426,174.42193303680423,0.0
2022-03-30,51.37538146972656,52.01997425887775,51.11997544911356,51.88983829772603,3304800,0,0.0,274421.93303680426,0.0,274421.93303680426,174.42193303680423,0.0
2022-03-31,50.65293502807617,51.49941981887112,50.594555358795866,51.37658088858304,4216000,0,0.0,274421.93303680426,0.0,274421.93303680426,174.42193303680423,0.0
2022-04-01,50.50457000732422,50.834163394463744,49.96092148766242,50.6553795534583,2493600,0,0.0,274421.93303680426,0.0,274421.93303680426,174.42193303680423,0.0
2022-04-04,51.49821472167969,51.51402611786265,50.60429554006345,50.60429554006345,2381600,0,0.0,274421.93303680426,0.0,274421.93303680426,174.42193303680423,0.0
2022-04-05,50.2807846069336,51.36078089127286,50.10808036674241,51.28902461963425,5225600,0,0.0,274421.93303680426,0.0,274421.93303680426,174.42193303680423,0.0
2022-04-06,48.9307861328125,49.50484003535859,48.55254115719055,49.47321724255031,4793600,1,5608.0,18.084403991757426,274403.8486328125,274421.93303680426,174.42193303680423,0.0
2022-04-07,49.082801818847656,49.37955864937405,48.34577564298469,48.84320725596187,2644800,0,5608.0,18.084403991757426,275256.35260009766,275274.4370040894,175.27443700408944,0.003106544574812853
2022-04-08,48.3628044128418,48.92226423654826,48.2424002765144,48.82983067886955,3554400,0,5608.0,18.084403991757426,271218.6071472168,271236.69155120855,171.23669155120857,-0.014668072694381307
2022-04-11,47.21713638305664,47.78267585650661,47.17578550084345,47.74132497429342,3998400,0,5608.0,18.084403991757426,264793.70083618164,264811.7852401734,164.8117852401734,-0.02368745273469819
2022-04-12,47.08821868896485,48.26551444074404,46.8899749621162,47.91646117466611,21755200,0,5608.0,18.084403991757426,264070.7304077149,264088.81481170666,164.08881481170664,-0.0027301293551230676
2022-04-13,47.90916442871094,48.07213686650928,46.95686557754897,47.0991644295554,4736000,0,5608.0,18.084403991757426,268674.59411621094,268692.6785202027,168.69267852020272,0.017433012874015663
2022-04-14,46.72455596923828,48.05753053805617,46.70266498580882,47.95171669495845,3141600,0,5608.0,18.084403991757426,262031.30987548828,262049.39427948004,162.04939427948003,-0.024724470638016083
2022-04-18,46.77928924560547,47.09671965440765,46.363341983746416,46.51172039743947,5383200,0,5608.0,18.084403991757426,262338.25408935547,262356.3384933472,162.3563384933472,0.0011713219742832681
2022-04-19,47.72185897827149,47.79848113994911,46.494698123141006,46.68929332342179,2947200,0,5608.0,18.084403991757426,267624.18515014654,267642.2695541383,167.64226955413827,0.020147906816915473
2022-04-20,47.52482986450195,48.31415240008063,47.39834243508284,48.17793688144213,3241600,0,5608.0,18.084403991757426,266519.24588012695,266537.3302841187,166.5373302841187,-0.004128418399157563
2022-04-21,46.6102409362793,48.46861804398542,46.44970331349574,47.96145826657367,3677600,0,5608.0,18.084403991757426,261390.2311706543,261408.31557464605,161.40831557464605,-0.01924313830263591
2022-04-22,45.322265625,46.807263572322526,45.26632075648063,46.61145467670735,6024800,0,5608.0,18.084403991757426,254167.265625,254185.35002899176,154.18535002899176,-0.027630970842592584
2022-04-25,46.06173706054688,46.08484545503118,44.9087632778616,45.11187292633005,5153600,0,5608.0,18.084403991757426,258314.2214355469,258332.30583953866,158.3323058395387,0.01631469244814432
2022-04-26,44.30794525146485,45.69199904270883,44.30794525146485,45.67861874258163,5703200,0,5608.0,18.084403991757426,248478.95697021487,248497.04137420663,148.49704137420665,-0.03807214290666816
2022-04-27,44.78470230102539,45.62875610987778,44.537810716174015,44.59862148792652,13649600,-1,0.0,251170.69490814215,0.0,251170.69490814215,151.17069490814217,0.010759297250180655
2022-04-28,46.59686279296875,46.87172867039281,45.20672943444748,45.510783294750205,4564000,0,0.0,251170.69490814215,0.0,251170.69490814215,151.17069490814217,0.0
2022-04-29,44.65943145751953,46.72942875462,44.5937547859599,46.07510426846062,4924000,0,0.0,251170.69490814215,0.0,251170.69490814215,151.17069490814217,0.0
2022-05-02,45.39767837524414,45.43781556854663,44.13646339161553,44.55970775668517,5693600,0,0.0,251170.69490814215,0.0,251170.69490814215,151.17069490814217,0.0
2022-05-03,45.42686462402344,45.668890311733406,45.018214301324456,45.33443106178063,3247200,0,0.0,251170.69490814215,0.0,251170.69490814215,151.17069490814217,0.0
2022-05-04,47.00186538696289,47.06997316124232,44.714164220667925,45.58984090653959,26319200,0,0.0,251170.69490814215,0.0,251170.69490814215,151.17069490814217,0.0
2022-05-05,44.60227584838867,46.33173457281761,44.06713801735096,46.29281478299751,6905600,0,0.0,251170.69490814215,0.0,251170.69490814215,151.17069490814217,0.0
2022-05-06,44.11822128295898,44.88078713477676,43.4261943034675,44.24592243745823,14176800,0,0.0,251170.69490814215,0.0,251170.69490814215,151.17069490814217,0.0
2022-05-09,42.21849060058594,43.5770012792014,42.02267796877079,43.33497557464272,17486400,0,0.0,251170.69490814215,0.0,251170.69490814215,151.17069490814217,0.0
2022-05-10,42.83146667480469,43.431060078412536,42.10903430715066,43.23768224224592,13925600,0,0.0,251170.69490814215,0.0,251170.69490814215,151.17069490814217,0.0
2022-05-11,41.364707946777344,43.28024756108273,41.250387092400985,42.41916852946844,18795200,0,0.0,251170.69490814215,0.0,251170.69490814215,151.17069490814217,0.0
2022-05-12,41.060646057128906,41.685782550020775,40.09010854998456,40.72740422751742,10019200,0,0.0,251170.69490814215,0.0,251170.69490814215,151.17069490814217,0.0
2022-05-13,42.613765716552734,42.82416865439783,41.49484580298353,41.61160518096001,5003200,0,0.0,251170.69490814215,0.0,251170.69490814215,151.17069490814217,0.0
2022-05-16,42.105377197265625,42.68064468643405,41.819565845689965,42.31213158126046,16830400,0,0.0,251170.69490814215,0.0,251170.69490814215,151.17069490814217,0.0
2022-05-17,43.29726791381836,43.34470209562654,42.46051113106692,43.00294215613394,3926400,0,0.0,251170.69490814215,0.0,251170.69490814215,151.17069490814217,0.0
2022-05-18,41.301456451416016,42.85091361308387,41.15064693636109,42.68307901322985,4623200,0,0.0,251170.69490814215,0.0,251170.69490814215,151.17069490814217,0.0
2022-05-19,41.013221740722656,41.71741159741548,40.72133074524024,41.02781573375747,5187200,0,0.0,251170.69490814215,0.0,251170.69490814215,151.17069490814217,0.0
2022-05-20,41.080108642578125,41.71740807349615,39.77754291191493,41.49970446486217,5229600,0,0.0,251170.69490814215,0.0,251170.69490814215,151.17069490814217,0.0
2022-05-23,41.949703216552734,42.01294508118861,41.02051286923989,41.21389067247916,4188000,0,0.0,251170.69490814215,0.0,251170.69490814215,151.17069490814217,0.0
2022-05-24,41.13848876953125,41.526461806073954,40.49997564007068,41.37200377569297,5150400,0,0.0,251170.69490814215,0.0,251170.69490814215,151.17069490814217,0.0
2022-05-25,41.72835159301758,42.03848503892256,40.86726900148759,40.86726900148759,3336800,0,0.0,251170.69490814215,0.0,251170.69490814215,151.17069490814217,0.0
2022-05-26,42.78646469116211,42.96768334524023,41.35133172192187,41.54349215976287,4561600,0,0.0,251170.69490814215,0.0,251170.69490814215,151.17069490814217,0.0
2022-05-27,44.27754211425781,44.28848760859337,43.218219431037234,43.218219431037234,9527200,0,0.0,251170.69490814215,0.0,251170.69490814215,151.17069490814217,0.0
2022-05-31,43.91754913330078,44.356601214076136,43.490656240100414,44.1048473880616,3847200,0,0.0,251170.69490814215,0.0,251170.69490814215,151.17069490814217,0.0
2022-06-01,43.74847412109375,44.68739236535086,43.39942096690128,44.35536800482343,8729600,0,0.0,251170.69490814215,0.0,251170.69490814215,151.17069490814217,0.0
2022-06-02,44.95132064819336,44.95618654890156,43.29726700890501,43.45537352177154,5162400,0,0.0,251170.69490814215,0.0,251170.69490814215,151.17069490814217,0.0
2022-06-03,43.80929946899414,44.41132765337906,43.618356447664674,44.10970485955382,7980800,0,0.0,251170.69490814215,0.0,251170.69490814215,151.17069490814217,0.0
2022-06-06,43.83483123779297,44.63509923123512,43.63172165996076,44.40280167540331,2684800,0,0.0,251170.69490814215,0.0,251170.69490814215,151.17069490814217,0.0
2022-06-07,44.41740798950195,44.481867266533705,43.283897894052735,43.365382259110326,4401600,0,0.0,251170.69490814215,0.0,251170.69490814215,151.17069490814217,0.0
2022-06-08,43.93943405151367,44.5560562094408,43.80564960231914,44.27024482061504,2250400,0,0.0,251170.69490814215,0.0,251170.69490814215,151.17069490814217,0.0
2022-06-09,42.70375061035156,44.026993437921,42.692805118147845,43.62564387740648,2709600,0,0.0,251170.69490814215,0.0,251170.69490814215,151.17069490814217,0.0
2022-06-10,41.02781295776367,42.04092254099484,41.02294705654951,41.95943446993687,10926400,0,0.0,251170.69490814215,0.0,251170.69490814215,151.17069490814217,0.0
2022-06-13,39.09768295288086,40.07308652569155,38.96511589817335,39.72525064644724,11103200,0,0.0,251170.69490814215,0.0,251170.69490814215,151.17069490814217,0.0
2022-06-14,39.31538772583008,39.58903624315597,38.943226039194506,39.37498110411492,6220000,0,0.0,251170.69490814215,0.0,251170.69490814215,151.17069490814217,0.0
2022-06-15,40.184967041015625,40.78091174925384,39.27767153716902,39.75199472488538,6900800,0,0.0,251170.69490814215,0.0,251170.69490814215,151.17069490814217,0.0
2022-06-16,38.42876052856445,39.17186640254338,38.14781505064624,39.17065271095251,15525600,0,0.0,251170.69490814215,0.0,251170.69490814215,151.17069490814217,0.0
2022-06-17,38.89578628540039,39.249705429252046,38.25727316962158,38.471328278050215,6344000,0,0.0,251170.69490814215,0.0,251170.69490814215,151.17069490814217,0.0
2022-06-21,39.87849044799805,40.20808379798573,39.52092280629228,39.52092280629228,5421600,0,0.0,251170.69490814215,0.0,251170.69490814215,151.17069490814217,0.0
2022-06-22,39.74106216430664,40.28835918473351,39.29349200234501,39.43822195578553,4293600,0,0.0,251170.69490814215,0.0,251170.69490814215,151.17069490814217,0.0
2022-06-23,40.427764892578125,40.51305702630012,39.72107245285365,40.06832797104021,5216000,0,0.0,251170.69490814215,0.0,251170.69490814215,151.17069490814217,0.0
2022-06-24,41.91791915893555,41.92522948890616,40.873716980396615,40.873716980396615,4959200,0,0.0,251170.69490814215,0.0,251170.69490814215,151.17069490814217,0.0
2022-06-27,41.61452865600586,42.19084739710367,41.44272846764167,42.08240835865888,3886400,0,0.0,251170.69490814215,0.0,251170.69490814215,151.17069490814217,0.0
2022-06-28,40.32785034179688,42.050719230964425,40.314445594202894,41.72174329923556,4976800,0,0.0,251170.69490814215,0.0,251170.69490814215,151.17069490814217,0.0
2022-06-29,40.35952758789063,40.58859446136672,39.91601821619624,40.28642430348474,3051200,0,0.0,251170.69490814215,0.0,251170.69490814215,151.17069490814217,0.0
2022-06-30,39.7880859375,40.28155549074541,39.13134987926331,39.87459770084899,4476000,0,0.0,251170.69490814215,0.0,251170.69490814215,151.17069490814217,0.0
2022-07-01,39.90749740600586,40.01715607612228,39.2178610908425,39.57730176784478,3976800,0,0.0,251170.69490814215,0.0,251170.69490814215,151.17069490814217,0.0
2022-07-05,40.5179328918457,40.5179328918457,39.15206139869319,39.40427892348162,4280000,0,0.0,251170.69490814215,0.0,251170.69490814215,151.17069490814217,0.0
2022-07-06,40.79939270019531,41.11496766138853,40.35709915975049,40.57276132348808,3240000,0,0.0,251170.69490814215,0.0,251170.69490814215,151.17069490814217,0.0
2022-07-07,41.70712661743164,41.79241875530357,40.98337422839731,40.99677897846394,3207200,0,0.0,251170.69490814215,0.0,251170.69490814215,151.17069490814217,0.0
2022-07-08,41.73637008666992,41.90207584520709,41.121056757144494,41.19538339764803,5435200,0,0.0,251170.69490814215,0.0,251170.69490814215,151.17069490814217,0.0
2022-07-11,41.06866836547852,41.45613073286789,40.79939462544246,41.37815263929461,3113600,0,0.0,251170.69490814215,0.0,251170.69490814215,151.17069490814217,0.0
2022-07-12,40.50574493408203,41.51339161659731,40.29008279054515,41.21122143379448,5042400,0,0.0,251170.69490814215,0.0,251170.69490814215,151.17069490814217,0.0
2022-07-13,40.41192626953125,40.64098944184307,39.5590198491914,39.75275100417765,4746400,0,0.0,251170.69490814215,0.0,251170.69490814215,151.17069490814217,0.0
2022-07-14,40.68363571166992,40.83959559486909,39.5285591049182,40.03055486276622,4225600,0,0.0,251170.69490814215,0.0,251170.69490814215,151.17069490814217,0.0
2022-07-15,41.43053436279297,41.439064318567766,40.88345705972648,41.10277434460406,3084000,0,0.0,251170.69490814215,0.0,251170.69490814215,151.17069490814217,0.0
2022-07-18,41.056488037109375,42.01174303479505,40.91271323770994,41.82288662188714,3815200,0,0.0,251170.69490814215,0.0,251170.69490814215,151.17069490814217,0.0
2022-07-19,42.29197692871094,42.352898818922746,41.27945541086089,41.53898325810352,3294400,0,0.0,251170.69490814215,0.0,251170.69490814215,151.17069490814217,0.0
2022-07-20,43.08274841308594,43.25576824363517,42.22009595283515,42.31391433938579,4147200,0,0.0,251170.69490814215,0.0,251170.69490814215,151.17069490814217,0.0
2022-07-21,43.70902633666992,43.71024224613482,42.72087121622033,43.13026830488904,3533600,0,0.0,251170.69490814215,0.0,251170.69490814215,151.17069490814217,0.0
2022-07-22,43.02669525146485,43.87716246845975,42.77813289550796,43.65906477632255,3590400,0,0.0,251170.69490814215,0.0,251170.69490814215,151.17069490814217,0.0
2022-07-25,42.750118255615234,42.99868067418368,42.41992256498892,42.99868067418368,4684800,0,0.0,251170.69490814215,0.0,251170.69490814215,151.17069490814217,0.0
2022-07-26,41.94471740722656,42.656284570776485,41.82287363843288,42.62582362857806,2520800,0,0.0,251170.69490814215,0.0,251170.69490814215,151.17069490814217,0.0
2022-07-27,43.75897216796875,43.95148368331525,42.602672293211896,42.65506422049508,5748000,0,0.0,251170.69490814215,0.0,251170.69490814215,151.17069490814217,0.0
2022-07-28,44.38281631469727,44.48150947863133,43.36785554907629,43.777252581790606,3670400,1,5659.0,8.337383270292776,251162.35752487186,251170.69490814215,151.17069490814217,0.0
2022-07-29,45.106571197509766,45.22110465415756,44.33651757530937,44.54852457369357,4623200,0,5659.0,8.337383270292776,255258.08640670776,255266.42378997806,155.26642378997803,0.01630655552127136
2022-08-01,45.02614974975586,45.48427981622728,44.55095976992749,44.74103576185883,4644000,0,5659.0,8.337383270292776,254802.9814338684,254811.3188171387,154.81131881713873,-0.0017828626502551792
2022-08-02,44.79343795776367,45.31736482408376,44.41572142423215,44.60823299716929,4469600,0,5659.0,8.337383270292776,253486.06540298462,253494.4027862549,153.4944027862549,-0.00516820067882795
2022-08-03,46.09228515625,46.187323157108565,45.02493244016373,45.02493244016373,3915200,0,5659.0,8.337383270292776,260836.24169921875,260844.57908248904,160.84457908248905,0.02899541850015419
2022-08-04,46.23849487304688,46.24336966539148,45.68410716150888,46.02526825808963,2700800,0,5659.0,8.337383270292776,261663.6424865723,261671.9798698426,161.67197986984257,0.003172006833586094
2022-08-05,46.16661071777344,46.31526028847466,45.45504343915723,45.49037917896696,2719200,0,5659.0,8.337383270292776,261256.85005187988,261265.18743515018,161.26518743515018,-0.0015545892032259312
2022-08-08,45.84615707397461,46.568693504498135,45.60977984685174,46.1337103240154,4252800,0,5659.0,8.337383270292776,259443.4028816223,259451.7402648926,159.4517402648926,-0.006941021067752073
2022-08-09,45.28324890136719,45.5184065500972,45.04078092188541,45.47941935888037,3160000,0,5659.0,8.337383270292776,256257.9055328369,256266.2429161072,156.2662429161072,-0.012277802976126129
2022-08-10,46.664947509765625,46.70028324665494,46.10568501299226,46.39689342825308,5209600,0,5659.0,8.337383270292776,264076.9379577637,264085.27534103394,164.08527534103393,0.030511363244539513
2022-08-11,46.39446258544922,47.2619935685901,46.3384154783557,46.99150018270021,4467200,0,5659.0,8.337383270292776,262546.2637710571,262554.6011543274,162.55460115432737,-0.005796136057680146
2022-08-12,47.35823440551758,47.35823440551758,46.579654668923816,46.77460543955368,2770400,0,5659.0,8.337383270292776,268000.248500824,268008.58588409424,168.00858588409423,0.02077276385859661
2022-08-15,47.64457321166992,47.71402505877809,47.15354292631445,47.20106378540227,2602400,0,5659.0,8.337383270292776,269620.6398048401,269628.97718811035,169.62897718811035,0.006046042512671157
2022-08-16,47.47886276245117,47.70671001390991,47.00123355530438,47.38747993635531,2853600,0,5659.0,8.337383270292776,268682.8843727112,268691.22175598145,168.69122175598145,-0.003477947518506719
2022-08-17,47.0792236328125,47.41307442632546,46.72587366838734,47.07800400503614,4396800,0,5659.0,8.337383270292776,266421.32653808594,266429.6639213562,166.4296639213562,-0.008416939786291655
2022-08-18,47.32534790039063,47.51054912641098,46.9464117720852,47.09993614054603,2100000,0,5659.0,8.337383270292776,267814.1437683106,267822.4811515809,167.82248115158094,0.0052277107951306245
2022-08-19,46.41394805908203,46.95858987902486,46.32500448359008,46.88061179701644,2844800,0,5659.0,8.337383270292776,262656.5320663452,262664.8694496155,162.66486944961548,-0.01925757568889952
2022-08-22,45.14068984985352,45.7937707966784,45.02371713113288,45.7937707966784,3716800,0,5659.0,8.337383270292776,255451.16386032107,255459.50124359137,155.45950124359135,-0.027431792538995192
2022-08-23,45.03467178344727,45.53423195903703,44.98593502156995,45.071227143637685,2160800,0,5659.0,8.337383270292776,254851.2076225281,254859.5450057984,154.8595450057984,-0.002348537575906695
2022-08-24,45.10778427124024,45.31248464542215,44.89577728618355,45.01518552792491,2732800,0,5659.0,8.337383270292776,255264.95119094852,255273.2885742188,155.27328857421884,0.0016234179826812856
2022-08-25,45.926570892333984,45.94241117722204,45.23327955022639,45.328317541178,1689600,0,5659.0,8.337383270292776,259898.46467971802,259906.8020629883,159.9068020629883,0.018151188142907948
2022-08-26,43.9819564819336,46.00943537333336,43.9783013166814,45.92658248203185,4351200,0,5659.0,8.337383270292776,248893.89173126224,248902.22911453253,148.90222911453256,-0.042340457660622666
2022-08-29,43.414161682128906,43.86133003951142,43.24967181754056,43.52382035239531,4378400,0,5659.0,8.337383270292776,245680.74095916748,245689.07834243777,145.6890783424378,-0.012909288854203949
2022-08-30,42.97673797607422,43.7406971335387,42.5844008580603,43.70414548710578,3971200,0,5659.0,8.337383270292776,243205.360206604,243213.6975898743,143.2136975898743,-0.010075257594940101
2022-08-31,42.55759811401367,43.39831950734281,42.5466326193015,43.27160464508393,3450400,0,5659.0,8.337383270292776,240833.44772720337,240841.78511047366,140.84178511047364,-0.009752380326046972
2022-09-01,42.18476104736328,42.24080815483218,41.30261311556988,42.0787575351412,4958400,0,5659.0,8.337383270292776,238723.5627670288,238731.9001502991,138.73190015029908,-0.008760460562135308
2022-09-02,41.68885803222656,42.88292957789263,41.459791078967534,42.64533266568976,4327200,0,5659.0,8.337383270292776,235917.24760437012,235925.5849876404,135.9255849876404,-0.011755090798053813
2022-09-06,41.38668441772461,41.874059608723385,41.12228174052162,41.76805238124396,4844000,0,5659.0,8.337383270292776,234207.24711990356,234215.58450317386,134.2155845031739,-0.007248050204288536
2022-09-07,42.04585266113281,42.22009210366681,41.305044067338535,41.44760293516139,4394400,0,5659.0,8.337383270292776,237937.4802093506,237945.81759262088,137.94581759262087,0.015926493949408593
2022-09-08,42.299293518066406,42.46743855487562,41.56213630638318,41.741246838848085,3164000,0,5659.0,8.337383270292776,239371.7020187378,239380.0394020081,139.38003940200807,0.006027514263111211
2022-09-09,43.21311569213867,43.2996237352558,42.63679327104036,42.644103600409295,2464000,0,5659.0,8.337383270292776,244543.02170181274,244551.35908508304,144.55135908508305,0.02160296947060969
2022-09-12,43.89787292480469,43.90518325347092,43.45557944861386,43.45557944861386,2427200,0,5659.0,8.337383270292776,248418.06288146973,248426.40026474002,148.42640026474,0.01584551071052842
2022-09-13,41.59869766235352,42.79398519971649,41.492694137385264,42.6502103892625,5641600,0,5659.0,8.337383270292776,235407.03007125857,235415.36745452887,135.41536745452888,-0.0523737927866994
2022-09-14,41.77902221679688,42.01052469229003,41.365969951458816,41.79242324992747,3512000,-1,0.0,236435.82410812384,0.0,236435.82410812384,136.43582410812382,0.00433470705259742
2022-09-15,40.84934997558594,41.73393335708224,40.61906342907244,41.414703224173934,4664800,0,0.0,236435.82410812384,0.0,236435.82410812384,136.43582410812382,0.0
2022-09-16,40.54351806640625,40.60443995681408,39.98791072335708,40.43142015196993,5660800,0,0.0,236435.82410812384,0.0,236435.82410812384,136.43582410812382,0.0
2022-09-19,40.86153030395508,40.89321087820806,40.1463078747986,40.15727336933757,21616800,0,0.0,236435.82410812384,0.0,236435.82410812384,136.43582410812382,0.0
2022-09-20,40.608097076416016,40.88102596870144,40.26937149817703,40.47285225802084,3777600,0,0.0,236435.82410812384,0.0,236435.82410812384,136.43582410812382,0.0
2022-09-21,39.99278259277344,41.42688244954344,39.99278259277344,40.800603677103,4010400,0,0.0,236435.82410812384,0.0,236435.82410812384,136.43582410812382,0.0
2022-09-22,39.4664192199707,39.947699919870864,39.267813263660734,39.79905407793559,5844000,0,0.0,236435.82410812384,0.0,236435.82410812384,136.43582410812382,0.0
2022-09-23,38.90716552734375,39.17400376340381,38.42100620662146,39.103332272718525,20828800,0,0.0,236435.82410812384,0.0,236435.82410812384,136.43582410812382,0.0
2022-09-26,38.653717041015625,39.50784307265192,38.54893318191212,38.82308166892359,9041600,0,0.0,236435.82410812384,0.0,236435.82410812384,136.43582410812382,0.0
2022-09-27,38.792625427246094,39.56633421692049,38.40516307772332,39.17886814902042,18527200,0,0.0,236435.82410812384,0.0,236435.82410812384,136.43582410812382,0.0
2022-09-28,39.24257278442383,39.43310599345739,38.28502022106198,38.51463812100531,11395200,0,0.0,236435.82410812384,0.0,236435.82410812384,136.43582410812382,0.0
2022-09-29,38.23494720458984,38.732045180095,37.781820442265214,38.67586326127919,21222400,0,0.0,236435.82410812384,0.0,236435.82410812384,136.43582410812382,0.0
2022-09-30,37.54121017456055,38.7015104716743,37.514339913324,38.08960354329562,7930400,0,0.0,236435.82410812384,0.0,236435.82410812384,136.43582410812382,0.0
2022-10-03,38.68074798583984,38.89082355006136,37.65113134520657,37.872198780383,6112000,0,0.0,236435.82410812384,0.0,236435.82410812384,136.43582410812382,0.0
2022-10-04,40.035255432128906,40.05479778337708,39.42212580960008,39.450218638392265,7688800,0,0.0,236435.82410812384,0.0,236435.82410812384,136.43582410812382,0.0
2022-10-05,40.16227340698242,40.42731210825774,39.22792690885723,39.4489943898737,4501600,0,0.0,236435.82410812384,0.0,236435.82410812384,136.43582410812382,0.0
2022-10-06,39.85813522338867,40.52133735846871,39.80561727766126,40.03523512922913,12241600,0,0.0,236435.82410812384,0.0,236435.82410812384,136.43582410812382,0.0
2022-10-07,38.19953155517578,39.07403205807218,38.01266227897602,39.07403205807218,6406400,0,0.0,236435.82410812384,0.0,236435.82410812384,136.43582410812382,0.0
2022-10-10,37.50945281982422,38.26181639559442,37.121058462984735,38.19464260719342,7816000,0,0.0,236435.82410812384,0.0,236435.82410812384,136.43582410812382,0.0
2022-10-11,36.898773193359375,37.53510905917907,36.61785984380064,37.25785593982051,8125600,0,0.0,236435.82410812384,0.0,236435.82410812384,136.43582410812382,0.0
2022-10-12,36.76686477661133,37.16136824019591,36.65938372601728,36.96717104859511,6149600,0,0.0,236435.82410812384,0.0,236435.82410812384,136.43582410812382,0.0
2022-10-13,37.81967544555664,38.01509515406178,35.61754815488166,35.76655526329323,10500800,0,0.0,236435.82410812384,0.0,236435.82410812384,136.43582410812382,0.0
2022-10-14,36.74365234375,38.23372351972881,36.683806475371895,38.19830278684409,4932800,0,0.0,236435.82410812384,0.0,236435.82410812384,136.43582410812382,0.0
2022-10-17,37.90517425537109,38.0602867216798,37.612046544499634,37.64258075870127,3719200,0,0.0,236435.82410812384,0.0,236435.82410812384,136.43582410812382,0.0
2022-10-18,38.29479217529297,39.0593663852578,37.81723660482528,38.87127830429701,10937600,0,0.0,236435.82410812384,0.0,236435.82410812384,136.43582410812382,0.0
2022-10-19,38.106712341308594,38.49266538794156,37.73175116826464,37.9467133024203,3305600,0,0.0,236435.82410812384,0.0,236435.82410812384,136.43582410812382,0.0
2022-10-20,38.1274642944336,38.96165738782564,37.94181388628511,38.14212012090404,3848800,0,0.0,236435.82410812384,0.0,236435.82410812384,136.43582410812382,0.0
2022-10-21,39.13143539428711,39.20593709934905,37.88686033272952,38.0285358284972,3866400,0,0.0,236435.82410812384,0.0,236435.82410812384,136.43582410812382,0.0
2022-10-24,39.593109130859375,39.73112065723324,38.73570595385792,39.28898580270904,3692800,0,0.0,236435.82410812384,0.0,236435.82410812384,136.43582410812382,0.0
2022-10-25,40.46027755737305,40.48714781652062,39.7128005467678,39.7128005467678,5120000,0,0.0,236435.82410812384,0.0,236435.82410812384,136.43582410812382,0.0
2022-10-26,39.64684295654297,40.50058211282776,39.464860234215216,39.50883144049288,4164800,0,0.0,236435.82410812384,0.0,236435.82410812384,136.43582410812382,0.0
2022-10-27,39.23646545410156,40.04501085401393,39.15585468090954,39.74944174629763,4268000,0,0.0,236435.82410812384,0.0,236435.82410812384,136.43582410812382,0.0
2022-10-28,40.815696716308594,40.90485796973663,39.401353457371854,39.401353457371854,4392800,0,0.0,236435.82410812384,0.0,236435.82410812384,136.43582410812382,0.0
2022-10-31,40.32959365844727,40.58852321166744,40.102417155032505,40.44440260786697,4328800,0,0.0,236435.82410812384,0.0,236435.82410812384,136.43582410812382,0.0
2022-11-01,40.01814651489258,40.935395642704265,39.849597030319394,40.838906467402495,3250400,0,0.0,236435.82410812384,0.0,236435.82410812384,136.43582410812382,0.0
2022-11-02,38.53783798217773,40.39676088459968,38.53661542100324,39.9961521880342,4452800,0,0.0,236435.82410812384,0.0,236435.82410812384,136.43582410812382,0.0
2022-11-03,37.44105529785156,38.114030631537744,37.41296620376975,38.01143610996107,16798400,0,0.0,236435.82410812384,0.0,236435.82410812384,136.43582410812382,0.0
2022-11-04,37.92715835571289,38.267921233093546,37.07830570190679,38.094485254757686,5880800,0,0.0,236435.82410812384,0.0,236435.82410812384,136.43582410812382,0.0
2022-11-07,38.48899841308594,38.552508253507135,37.69022211566331,38.08838956640303,5656000,0,0.0,236435.82410812384,0.0,236435.82410812384,136.43582410812382,0.0
2022-11-08,38.84685134887695,39.373260943789525,38.30212196950643,38.81143061404403,4400800,0,0.0,236435.82410812384,0.0,236435.82410812384,136.43582410812382,0.0
2022-11-09,37.81235122680664,38.56837871211915,37.75250535627124,38.459678841514766,5304800,0,0.0,236435.82410812384,0.0,236435.82410812384,136.43582410812382,0.0
2022-11-10,41.0160026550293,41.05508734615407,39.58944497486687,39.732343018767445,10920800,0,0.0,236435.82410812384,0.0,236435.82410812384,136.43582410812382,0.0
2022-11-11,41.85264587402344,41.97600158696076,40.8059319287603,40.958603027171314,10211200,0,0.0,236435.82410812384,0.0,236435.82410812384,136.43582410812382,0.0
2022-11-14,41.4532470703125,41.95645030717922,41.20408684709816,41.48622640603438,7431200,0,0.0,236435.82410812384,0.0,236435.82410812384,136.43582410812382,0.0
2022-11-15,42.051719665527344,42.59400762544602,41.63401368905992,42.40103302548128,7284000,0,0.0,236435.82410812384,0.0,236435.82410812384,136.43582410812382,0.0
2022-11-16,41.33477783203125,41.78424059528771,41.1918797889937,41.68775515676536,4236000,1,5720.0,0.8949089050875045,236434.92919921875,236435.82410812384,136.43582410812382,0.0
2022-11-17,41.31157302856445,41.51065671972281,40.59218881444336,40.68867798378764,5818400,0,5720.0,0.8949089050875045,236302.19772338867,236303.09263229376,136.30309263229375,-0.0005613847915423298
2022-11-18,41.35798263549805,41.85141658995286,41.03187930897386,41.8318742452167,3657600,0,5720.0,0.8949089050875045,236567.66067504883,236568.55558395392,136.56855558395392,0.0011234002428959222
2022-11-21,40.86577987670898,41.24806892286704,40.76684929811292,41.10150317003927,8136800,0,5720.0,0.8949089050875045,233752.26089477536,233753.15580368045,133.75315580368044,-0.01190098901066472
2022-11-22,41.59737396240234,41.62302538903146,40.69844837928741,40.97081494395893,4137600,0,5720.0,0.8949089050875045,237936.97906494138,237937.87397384646,137.93787397384648,0.017902295931699008
2022-11-23,42.04195022583008,42.13721682782623,41.520427173883625,41.543633475539714,3524800,0,5720.0,0.8949089050875045,240479.95529174805,240480.85020065313,140.48085020065315,0.01068756387680514
2022-11-25,41.77814102172852,41.90882837834593,41.65111762243113,41.74394284430096,1474400,0,5720.0,0.8949089050875045,238970.96664428714,238971.86155319223,138.9718615531922,-0.006274880707556663
2022-11-28,40.89509201049805,41.59127375351883,40.73265159169825,41.406845862414585,5042400,0,5720.0,0.8949089050875045,233919.92630004883,233920.82120895392,133.9208212089539,-0.021136548509975928
2022-11-29,40.5164680480957,40.984250652745935,40.35768786964696,40.91585429896922,4314400,0,5720.0,0.8949089050875045,231754.19723510742,231755.0921440125,131.75509214401254,-0.009258385182423834
2022-11-30,42.49629974365234,42.50362765713167,40.44317940702085,40.561652311364895,4823200,0,5720.0,0.8949089050875045,243078.83453369138,243079.72944259646,143.07972944259646,0.048864675178514894
2022-12-01,42.64653396606445,42.85905093423833,42.09203151404532,42.5573727061429,11018400,0,5720.0,0.8949089050875045,243938.17428588867,243939.06919479376,143.93906919479375,0.0035352176595220275
2022-12-02,42.40714263916016,42.53416603075559,41.774474531450814,41.86485462474599,4314400,0,5720.0,0.8949089050875045,242568.85589599612,242569.7508049012,142.56975080490122,-0.005613362363037888
2022-12-05,41.59981536865234,42.29599323605345,41.34332721652723,42.09080420528183,3923200,0,5720.0,0.8949089050875045,237950.94390869138,237951.83881759646,137.95183881759647,-0.019037460243832793
2022-12-06,40.69600296020508,41.64866897065825,40.42607781780906,41.64866897065825,6495200,0,5720.0,0.8949089050875045,232781.13693237305,232782.03184127813,132.78203184127815,-0.02172627453524867
2022-12-07,40.51034927368164,40.79737161494707,40.2172215808807,40.56653490802013,6806400,0,5720.0,0.8949089050875045,231719.19784545898,231720.09275436407,131.72009275436406,-0.004561946119785332
2022-12-08,41.21630859375,41.34210942529639,40.50669365163082,40.7924934904647,3288000,0,5720.0,0.8949089050875045,235757.28515625,235758.1800651551,135.7581800651551,0.017426573858105643
2022-12-09,40.96593475341797,41.53631194285255,40.83891134407092,41.046545548158086,11598400,0,5720.0,0.8949089050875045,234325.14678955078,234326.04169845587,134.32604169845587,-0.006074607321380876
2022-12-12,41.8648567199707,41.86974323878628,41.03799139004871,41.06119769527049,4852000,0,5720.0,0.8949089050875045,239466.98043823242,239467.8753471375,139.4678753471375,0.021943073895723586
2022-12-13,42.3643913269043,43.66026540649684,41.960118600774656,43.43675658292394,7354400,0,5720.0,0.8949089050875045,242324.31838989258,242325.21329879767,142.32521329879768,0.011932030329822263
2022-12-14,42.04806137084961,42.83095920096236,41.55340850912956,42.31432259590402,5572000,0,5720.0,0.8949089050875045,240514.91104125977,240515.80595016485,140.51580595016486,-0.007466855487306412
2022-12-15,40.45527267456055,41.47892796666334,40.33527324988618,41.3870927017925,5430400,0,5720.0,0.8949089050875045,231404.15969848633,231405.05460739142,131.4050546073914,-0.03788005244304482
2022-12-16,39.926300048828125,40.53118861658104,39.72915840675503,40.34017156747869,5028800,0,5720.0,0.8949089050875045,228378.43627929688,228379.33118820196,128.37933118820195,-0.013075442212457267
2022-12-19,39.35079574584961,40.00466234313196,39.09610760444584,39.99854148723132,12659200,0,5720.0,0.8949089050875045,225086.55166625977,225087.44657516485,125.08744657516485,-0.014414109174898826
2022-12-20,39.43773651123047,39.63855142763672,38.94794840696548,39.102232855580695,6608800,0,5720.0,0.8949089050875045,225583.85284423828,225584.74775314337,125.58474775314336,0.0022093687833117936
2022-12-21,40.06221771240234,40.2532347770831,39.50018630246242,39.61161354632399,4402400,0,5720.0,0.8949089050875045,229155.88531494138,229156.78022384646,129.15678022384645,0.015834547797584086
2022-12-22,39.06916427612305,39.58833834824957,38.41774535447907,39.58589075354955,5084800,0,5720.0,0.8949089050875045,223475.61965942383,223476.51456832892,123.47651456832894,-0.02478768313103763
2022-12-23,39.0838623046875,39.12426817471532,38.481421357677945,38.8279484964146,7944800,0,5720.0,0.8949089050875045,223559.6923828125,223560.5872917176,123.5605872917176,0.0003762038420505043
2022-12-27,38.70183181762695,39.000602855478185,38.4985693091356,38.99815152345189,5281600,0,5720.0,0.8949089050875045,221374.47799682617,221375.37290573126,121.37537290573124,-0.00977459583757001
2022-12-28,38.09326553344727,38.924681777103714,38.05040833261805,38.63937815139001,4907200,0,5720.0,0.8949089050875045,217893.4788513184,217894.37376022348,117.89437376022347,-0.015724419115897392
2022-12-29,39.13160705566406,39.2724240822814,38.42876253537956,38.514476922295714,4965600,0,5720.0,0.8949089050875045,223832.79235839844,223833.68726730353,123.8336872673035,0.027257764413944008
2022-12-30,39.11079406738281,39.11079406738281,38.50100670347287,38.72263545950742,4978400,-1,0.0,223714.63697433478,0.0,223714.63697433478,123.71463697433475,-0.0005318694179691219
2023-01-03,38.73611068725586,39.816094165623646,38.4814188248596,39.47201464454637,5940000,0,0.0,223714.63697433478,0.0,223714.63697433478,123.71463697433475,0.0
2023-01-04,38.90386199951172,39.159775787741566,38.496115123111394,38.93937267673371,4561600,0,0.0,223714.63697433478,0.0,223714.63697433478,123.71463697433475,0.0
2023-01-05,38.09816360473633,38.6932542659284,38.04306095679509,38.68468207859779,4448800,0,0.0,223714.63697433478,0.0,223714.63697433478,123.71463697433475,0.0
2023-01-06,39.18794631958008,39.363044665785885,37.95857716134466,38.426325686419695,6175200,0,0.0,223714.63697433478,0.0,223714.63697433478,123.71463697433475,0.0
2023-01-09,39.678955078125,40.380577843403216,39.55895939084908,39.5969176678592,5166400,0,0.0,223714.63697433478,0.0,223714.63697433478,123.71463697433475,0.0
2023-01-10,39.93609619140625,39.977727731215616,39.339779781498834,39.573654046111415,18122400,0,0.0,223714.63697433478,0.0,223714.63697433478,123.71463697433475,0.0
2023-01-11,40.60955810546875,40.62057789012157,39.91283418260727,40.07323949830988,4167200,0,0.0,223714.63697433478,0.0,223714.63697433478,123.71463697433475,0.0
2023-01-12,40.92668533325195,41.08096975373198,40.13690440122051,40.665872617406585,4303200,0,0.0,223714.63697433478,0.0,223714.63697433478,123.71463697433475,0.0
2023-01-13,41.09933471679688,41.12627320621204,40.44914144709783,40.54954888371672,3956800,0,0.0,223714.63697433478,0.0,223714.63697433478,123.71463697433475,0.0
2023-01-17,41.30504608154297,41.50586096111077,40.952401850063765,41.00627883059239,4362400,0,0.0,223714.63697433478,0.0,223714.63697433478,123.71463697433475,0.0
2023-01-18,40.78465270996094,41.81443262012139,40.754040954261,41.58423161937197,5846400,0,0.0,223714.63697433478,0.0,223714.63697433478,123.71463697433475,0.0
2023-01-19,40.28384399414063,40.653636386819386,40.11854350624109,40.46261933418244,6995200,0,0.0,223714.63697433478,0.0,223714.63697433478,123.71463697433475,0.0
2023-01-20,41.41158676147461,41.41158676147461,40.3536426357507,40.52629339530093,4633600,0,0.0,223714.63697433478,0.0,223714.63697433478,123.71463697433475,0.0
2023-01-23,42.39482498168945,42.57971740555694,41.50585859052591,41.56218316266671,10939200,0,0.0,223714.63697433478,0.0,223714.63697433478,123.71463697433475,0.0
2023-01-24,42.32380676269531,42.48666337283744,42.08013841718231,42.170748005607024,4677600,0,0.0,223714.63697433478,0.0,223714.63697433478,123.71463697433475,0.0
2023-01-25,42.23442077636719,42.32747795511522,41.1715779791232,41.58912269647158,5066400,0,0.0,223714.63697433478,0.0,223714.63697433478,123.71463697433475,0.0
2023-01-26,42.90666198730469,42.93114914995227,42.19157181790818,42.68013424629151,3876800,0,0.0,223714.63697433478,0.0,223714.63697433478,123.71463697433475,0.0
2023-01-27,43.10380172729492,43.40991929925488,42.611566016826536,42.63483125123844,4538400,0,0.0,223714.63697433478,0.0,223714.63697433478,123.71463697433475,0.0
2023-01-30,42.26136779785156,42.80380721915043,42.23442930301033,42.5980971149737,4832000,0,0.0,223714.63697433478,0.0,223714.63697433478,123.71463697433475,0.0
2023-01-31,42.90298843383789,42.91278255147289,42.240549592271776,42.29687417644284,4666400,1,5214.0,18.455280304013286,223696.18169403076,223714.63697433478,123.71463697433475,0.0
2023-02-01,43.95602798461914,44.28908399363458,42.735231173510336,42.87971774516031,4440000,0,5214.0,18.455280304013286,229186.7299118042,229205.1851921082,129.2051851921082,0.02454264187641564
2023-02-02,45.266212463378906,45.47682148262844,44.57316189697391,44.745812639799375,11626400,0,5214.0,18.455280304013286,236018.03178405762,236036.48706436163,136.03648706436164,0.029804307727714585
2023-02-03,44.78621673583984,45.53559179167571,44.26091804992119,44.26091804992119,6144800,0,5214.0,18.455280304013286,233515.33406066892,233533.78934097293,133.53378934097293,-0.010603012078832852
2023-02-06,44.1984748840332,44.59765336131221,44.02460220984209,44.31969997372661,2552800,0,5214.0,18.455280304013286,230450.84804534912,230469.30332565313,130.46930332565313,-0.013122238216438431
2023-02-07,45.25763702392578,45.40580059471612,44.20459574011746,44.25234813030989,4283200,0,5214.0,18.455280304013286,235973.31944274902,235991.77472305304,135.99177472305303,0.023961852262800676
2023-02-08,44.68458557128906,45.57599963683939,44.61601554599951,45.24172169774935,10204000,0,5214.0,18.455280304013286,232985.42916870117,233003.88444900519,133.00388444900517,-0.012660993280610211
2023-02-09,44.49602890014648,45.47192816111726,44.2890931164352,45.3911164081009,3124000,0,5214.0,18.455280304013286,232002.29468536374,232020.74996566775,132.02074996566776,-0.004219390958491109
2023-02-10,44.21316909790039,44.32826959762309,43.79807563608958,44.12378516330631,2697600,0,5214.0,18.455280304013286,230527.46367645264,230545.91895675665,130.54591895675665,-0.00635646169202253
2023-02-13,44.96499252319336,45.0727464931419,44.33561307907864,44.42132748338851,7828000,0,5214.0,18.455280304013286,234447.47101593018,234465.9262962342,134.46592629623416,0.01700315215821635
2023-02-14,45.20377349853516,45.45356275913578,44.46419236176086,44.74704471331373,4117600,0,5214.0,18.455280304013286,235692.47502136233,235710.93030166635,135.71093030166637,0.005309957080327221
2023-02-15,45.52212905883789,45.52335472485746,44.8988741510999,44.972343113327845,3173600,0,5214.0,18.455280304013286,237352.38091278076,237370.83619308478,137.37083619308476,0.007042125239139496
2023-02-16,44.69192886352539,45.36661302219098,44.68703367406279,44.84498761191335,3686400,0,5214.0,18.455280304013286,233023.7170944214,233042.1723747254,133.0421723747254,-0.018235870453935266
2023-02-17,44.14459991455078,44.431125503382354,43.75766686882986,44.428677908136265,3313600,0,5214.0,18.455280304013286,230169.94395446777,230188.3992347718,130.1883992347718,-0.012245736944834329
2023-02-21,43.07686233520508,43.817669086006525,43.048701910714215,43.54583653829054,8300800,0,5214.0,18.455280304013286,224602.76021575928,224621.2154960633,124.62121549606331,-0.024185335825853027
2023-02-22,43.06705474853516,43.3792930730738,42.84175273913559,43.142971283173694,3920800,0,5214.0,18.455280304013286,224551.62345886233,224570.07873916635,124.57007873916636,-0.00022765773386101973
2023-02-23,43.72950744628906,43.86419992364177,43.07931403043621,43.837261428171225,3250400,0,5214.0,18.455280304013286,228005.65182495117,228024.10710525519,128.0241071052552,0.015380625885163646
2023-02-24,42.96911239624024,43.11971984803717,42.69850177584944,43.01074393704188,3160000,0,5214.0,18.455280304013286,224040.9520339966,224059.40731430062,124.05940731430061,-0.01738719577191228
2023-02-27,43.16135025024414,43.60093461754423,43.10012673830619,43.40746996400642,4657600,0,5214.0,18.455280304013286,225043.28020477295,225061.73548507696,125.06173548507698,0.004473492913289467
2023-02-28,43.11604309082031,43.51154830154826,42.978903029466814,43.05727091411819,1655200,0,5214.0,18.455280304013286,224807.0486755371,224825.50395584112,124.82550395584111,-0.0010496299103296414
2023-03-01,42.78299331665039,43.22380339036848,42.666670875377385,43.11972266317593,3965600,0,5214.0,18.455280304013286,223070.52715301514,223088.98243331915,123.08898243331913,-0.007723863582945856
2023-03-02,43.291141510009766,43.41114093231307,42.51482786805516,42.65196792966669,2244000,0,5214.0,18.455280304013286,225720.01183319092,225738.46711349493,125.73846711349495,0.011876358264208298
2023-03-03,44.1996955871582,44.21438862988668,43.49439964190312,43.54582902823883,3400800,0,5214.0,18.455280304013286,230457.21279144287,230475.66807174688,130.4756680717469,0.02098535096311349
2023-03-06,44.360107421875,44.97846339441028,44.33072133207444,44.49479989477191,4308800,0,5214.0,18.455280304013286,231293.60009765625,231312.05537796026,131.31205537796026,0.0036289614136317816
2023-03-07,43.8139877319336,44.50213929438904,43.69888724958845,44.358874655968464,2481600,0,5214.0,18.455280304013286,228446.1320343018,228464.5873146058,128.4645873146058,-0.012310072031056718
2023-03-08,44.16050338745117,44.22050494974916,43.744184395286965,43.936427054188506,3632800,0,5214.0,18.455280304013286,230252.8646621704,230271.31994247442,130.2713199424744,0.007908151758244664
2023-03-09,43.46501922607422,44.700509220466046,43.39032460007983,44.2131687312815,4271200,0,5214.0,18.455280304013286,226626.61024475098,226645.065525055,126.64506552505502,-0.015747746694314002
2023-03-10,42.60544967651367,43.44420892316764,42.415654519707104,43.38665866406705,5624800,0,5214.0,18.455280304013286,222144.81461334229,222163.2698936463,122.1632698936463,-0.019774512279920997
2023-03-13,42.80380630493164,43.411142486723605,42.04708460708102,42.33850538004713,13410400,0,5214.0,18.455280304013286,223179.04607391357,223197.5013542176,123.19750135421761,0.0046552765498382165
2023-03-14,43.7699089050293,43.926640934648375,43.17971713309913,43.392773743278696,4953600,0,5214.0,18.455280304013286,228216.30503082275,228234.76031112677,128.23476031112676,0.022568617150041437
2023-03-15,43.75399017333984,43.798073041815925,43.04012572093116,43.36460956293511,11355200,0,5214.0,18.455280304013286,228133.30476379392,228151.76004409793,128.15176004409793,-0.00036366181433400424
2023-03-16,44.94907760620117,44.996833739234106,43.447875895706666,43.653589736050655,11621600,0,5214.0,18.455280304013286,234364.4906387329,234382.94591903692,134.38294591903693,0.027311583630714065
2023-03-17,44.82662963867188,45.350702741058505,44.56826821704424,45.05070978054812,4109600,0,5214.0,18.455280304013286,233726.04693603519,233744.5022163392,133.74450221633919,-0.0027239341164277953
2023-03-20,44.96376419067383,45.03478554701262,44.44948900567299,44.75070759522963,3489600,0,5214.0,18.455280304013286,234441.06649017334,234459.52177047735,134.45952177047738,0.0030589791304540537
2023-03-21,45.470703125,45.53682556428242,44.884180833543134,45.246622978404375,11869600,0,5214.0,18.455280304013286,237084.24609375,237102.701374054,137.102701374054,0.011273500788610225
2023-03-22,44.91846466064453,46.29966690575977,44.91846466064453,45.43519123787804,4698400,0,5214.0,18.455280304013286,234204.8747406006,234223.3300209046,134.2233300209046,-0.012143983752453735
2023-03-23,45.55273818969727,46.22619678719786,45.16335757015294,45.42661791090952,4759200,0,5214.0,18.455280304013286,237511.97692108157,237530.43220138559,137.5304322013856,0.014119439682570567
2023-03-24,45.63518905639648,45.63518905639648,45.07198531429952,45.42046121716927,2968800,0,5214.0,18.455280304013286,237941.87574005124,237960.33102035525,137.96033102035526,0.0018098683818550398
2023-03-27,45.34929275512695,45.92353545663076,45.2400902569596,45.68917490549405,4939200,0,5214.0,18.455280304013286,236451.21242523193,236469.66770553595,136.46966770553598,-0.00626433535550841
2023-03-28,45.15420150756836,45.31494034924,44.77137300695936,45.3124876645898,4691200,0,5214.0,18.455280304013286,235434.00666046143,235452.46194076544,135.45246194076546,-0.004301633163527718
2023-03-29,46.0769157409668,46.17630376384074,45.63151195991086,45.694087246258775,3072000,0,5214.0,18.455280304013286,240245.03867340088,240263.4939537049,140.2634939537049,0.020433135305885308
2023-03-30,46.541954040527344,46.63398026117818,46.260966264997634,46.456061403430624,2971200,0,5214.0,18.455280304013286,242669.74836730957,242688.20364761358,142.6882036476136,0.010091877271941607
2023-03-31,47.29779815673828,47.33338267843389,46.49042306715024,46.54072744097522,4052800,0,5214.0,18.455280304013286,246610.7195892334,246629.1748695374,146.62917486953742,0.016238824807678576
2023-04-03,47.2352180480957,47.28061705169351,46.80330966208594,47.02417109644804,6167200,0,5214.0,18.455280304013286,246284.426902771,246302.882183075,146.302882183075,-0.001323009277531817
2023-04-04,46.935829162597656,47.39964120389092,46.7775467458512,47.28921047873668,3695200,0,5214.0,18.455280304013286,244723.41325378418,244741.8685340882,144.7418685340882,-0.006337780683486005
2023-04-05,46.37139892578125,46.70882838840558,46.032741248671165,46.7039192750189,9765600,0,5214.0,18.455280304013286,241780.47399902344,241798.92927932745,141.79892927932744,-0.01202466612021813
2023-04-06,46.61190414428711,46.640123127720415,45.824157891122496,46.03766131182538,2229600,0,5214.0,18.455280304013286,243034.468208313,243052.923488617,143.052923488617,0.0051861032347291225
2023-04-10,46.58489990234375,46.58489990234375,45.94684994759764,46.16035332371276,2392800,0,5214.0,18.455280304013286,242893.6680908203,242912.12337112433,142.91212337112432,-0.0005792981852336121
2023-04-11,46.238887786865234,46.5468701163009,46.108824341789145,46.51128559051757,13228800,0,5214.0,18.455280304013286,241089.56092071533,241108.01620101935,141.10801620101932,-0.00742699518273382
2023-04-12,45.96158218383789,46.72601480762702,45.899006888943866,46.51373960612817,3059200,0,5214.0,18.455280304013286,239643.68950653076,239662.14478683478,139.66214478683477,-0.0059967786926632405
2023-04-13,46.85116958618164,46.92233864045918,46.14318241048405,46.20208055079403,8539200,0,5214.0,18.455280304013286,244281.99822235107,244300.4535026551,144.30045350265507,0.019353530862981305
2023-04-14,46.672019958496094,47.03031037763472,46.25851605075239,46.64502544921472,4209600,0,5214.0,18.455280304013286,243347.91206359863,243366.36734390265,143.36636734390265,-0.003823513814076085
2023-04-17,46.84134292602539,46.88551371135842,46.465876272469686,46.64870048602513,2506400,0,5214.0,18.455280304013286,244230.7620162964,244249.2172966004,144.2492172966004,0.0036276580134435576
2023-04-18,46.97386932373047,47.3260261919276,46.79472596968274,47.17387360512922,3436000,0,5214.0,18.455280304013286,244921.75465393066,244940.20993423468,144.9402099342347,0.0028290475002634707
2023-04-19,46.87570571899414,46.95546103325768,46.534595321659175,46.606988837348034,2138400,0,5214.0,18.455280304013286,244409.92961883545,244428.38489913946,144.42838489913944,-0.0020895917221294136
2023-04-20,46.53950500488281,46.97018520499719,46.346862535856296,46.47937865637839,2300800,0,5214.0,18.455280304013286,242656.97909545898,242675.434375763,142.675434375763,-0.007171632394902927
2023-04-21,46.4020881652832,46.47202526525096,46.13582391688102,46.3984072652849,2632800,0,5214.0,18.455280304013286,241940.48769378662,241958.94297409063,141.95894297409063,-0.0029524677828037804
2023-04-24,46.20084381103516,46.49410249915172,45.867095233309776,46.25606104142188,2344000,0,5214.0,18.455280304013286,240891.19963073733,240909.65491104135,140.90965491104134,-0.004336636828346729
2023-04-25,45.20328140258789,46.033973864700414,45.20205693254141,46.01311293922968,3125600,0,5214.0,18.455280304013286,235689.90923309326,235708.36451339728,135.70836451339727,-0.02159021148224516
2023-04-26,45.80452728271485,46.27202029859051,45.6916438546788,45.93827538470487,5786400,0,5214.0,18.455280304013286,238824.80525207522,238843.26053237924,138.84326053237922,0.013299892964993898
2023-04-27,46.672019958496094,46.71619449393685,45.954214650176525,46.00084187025861,3312800,0,5214.0,18.455280304013286,243347.91206359863,243366.36734390265,143.36636734390265,0.018937552608524255
2023-04-28,47.16160202026367,47.16896756388516,46.58613475575257,46.66220917579023,2912000,0,5214.0,18.455280304013286,245900.59293365479,245919.0482139588,145.91904821395877,0.01048904537597406
2023-05-01,47.21067810058594,47.431539526207054,47.08429557750876,47.12601368036801,2161600,0,5214.0,18.455280304013286,246156.47561645508,246174.9308967591,146.1749308967591,0.0010405159122837127
2023-05-02,46.68183517456055,47.23889786129601,46.462198215238736,47.209450669273046,2672800,0,5214.0,18.455280304013286,243399.0886001587,243417.5438804627,143.41754388046272,-0.011200925318641697
2023-05-03,46.35177612304688,47.11988589946395,46.34073342398408,46.7186528552871,2816800,0,5214.0,18.455280304013286,241678.16070556644,241696.61598587045,141.69661598587044,-0.007069859744527562
2023-05-04,46.16403579711914,46.437658036653865,45.994706947877845,46.194711204748174,3992000,0,5214.0,18.455280304013286,240699.2826461792,240717.7379264832,140.71773792648324,-0.004050027988163674
2023-05-05,47.38491821289063,47.52602434931335,46.648708376364894,46.66956930267148,3084000,0,5214.0,18.455280304013286,247064.96356201175,247083.41884231576,147.08341884231575,0.02644458597303978
2023-05-08,47.43523025512695,47.467133882271575,47.13338524567853,47.29289589228727,1961600,0,5214.0,18.455280304013286,247327.29055023193,247345.74583053595,147.34574583053598,0.0010616940199763558
2023-05-09,47.090431213378906,47.252398262990646,47.05116579325063,47.18981923369599,1658400,0,5214.0,18.455280304013286,245529.50834655762,245547.96362686163,145.54796362686164,-0.0072682964392120075
2023-05-10,47.60332107543945,47.69902819253176,47.13828461580906,47.48798124912868,3171200,0,5214.0,18.455280304013286,248203.7160873413,248222.17136764532,148.2221713676453,0.010890775477362391
2023-05-11,47.40209579467773,47.546882823032334,47.09779439656992,47.5419737092328,2362400,0,5214.0,18.455280304013286,247154.52747344968,247172.9827537537,147.1729827537537,-0.0042268126497759795
2023-05-12,47.3076171875,47.55179600453872,46.957920498920025,47.494126082270114,1940000,0,5214.0,18.455280304013286,246661.916015625,246680.371295929,146.68037129592904,-0.001992982616208727
2023-05-15,47.70639801025391,47.70639801025391,47.19227781887133,47.34565487490296,2128000,0,5214.0,18.455280304013286,248741.1592254639,248759.6145057679,148.7596145057679,0.008428896060580948
2023-05-16,47.674503326416016,47.92726844274826,47.608243382510665,47.608243382510665,2423200,0,5214.0,18.455280304013286,248574.8603439331,248593.31562423712,148.5933156242371,-0.0006685123783504165
2023-05-17,48.37266159057617,48.43033150246174,47.66835173688839,47.878174205727824,8323200,0,5214.0,18.455280304013286,252215.05753326416,252233.51281356817,152.23351281356815,0.014643182099205898
2023-05-18,49.32238006591797,49.38250267331414,48.43770225976464,48.43770225976464,11084800,0,5214.0,18.455280304013286,257166.8896636963,257185.3449440003,157.1853449440003,0.019631935801061262
2023-05-19,49.23280334472656,49.39477040331636,49.0732927153788,49.348143182398985,2890400,0,5214.0,18.455280304013286,256699.8366394043,256718.2919197083,156.71829191970832,-0.001816017255546587
2023-05-22,49.35918045043945,49.50519568112036,49.02911278557823,49.06837820356356,2228800,0,5214.0,18.455280304013286,257358.7668685913,257377.22214889532,157.37722214889533,0.0025667443650376764
2023-05-23,48.60702896118164,49.26347973270509,48.57880623623485,49.13464450986851,3291200,0,5214.0,18.455280304013286,253437.04900360107,253455.5042839051,153.4555042839051,-0.01523723751560846
2023-05-24,48.30640411376953,48.48432297177552,48.02419186785297,48.22419237559717,3039200,0,5214.0,18.455280304013286,251869.59104919434,251888.04632949835,151.88804632949834,-0.00618435160378672
2023-05-25,50.02667617797852,50.21931861905639,49.364088182383,49.68188492716079,5887200,0,5214.0,18.455280304013286,260839.08959198,260857.54487228402,160.85754487228402,0.035609067891425594
2023-05-26,51.35432434082031,51.42794608391228,50.18620591453049,50.18620591453049,4089600,0,5214.0,18.455280304013286,267761.4471130371,267779.9023933411,167.7799023933411,0.02653692659894613
2023-05-30,51.62303161621094,52.29052880486411,51.47578815755988,52.10647635382864,6355200,0,5214.0,18.455280304013286,269162.4868469238,269180.94212722784,169.18094212722787,0.005232057078834673
2023-05-31,51.15185928344727,51.72610204873993,51.07823755197356,51.308917229798,3402400,0,5214.0,18.455280304013286,266705.7943038941,266724.2495841981,166.7242495841981,-0.009126547086192205
2023-06-01,51.67947769165039,51.90279558316051,50.76535268757007,50.99234773407304,4220000,0,5214.0,18.455280304013286,269456.79668426514,269475.25196456915,169.47525196456917,0.010314031756241349
2023-06-02,52.03776550292969,52.23286065829612,51.645118762916766,51.99113828129051,3809600,0,5214.0,18.455280304013286,271324.9093322754,271343.3646125794,171.3433646125794,0.006932408948098434
2023-06-05,51.75922775268555,52.33224602143965,51.64511613367706,51.98132115148493,3124000,0,5214.0,18.455280304013286,269872.61350250244,269891.06878280645,169.89106878280643,-0.005352243758923403
2023-06-06,51.84511947631836,51.977635588863485,51.38621657924213,51.62057714144682,2842400,0,5214.0,18.455280304013286,270320.4529495239,270338.90822982794,170.33890822982792,0.0016593340751926977
2023-06-07,51.07332992553711,52.21322922055365,50.96780831151163,51.84267161223756,4487200,0,5214.0,18.455280304013286,266296.3422317505,266314.7975120545,166.31479751205453,-0.014885429345421253
2023-06-08,51.58744430541992,51.6745651569484,51.1015469094263,51.1015469094263,1981600,0,5214.0,18.455280304013286,268976.9346084595,268995.3898887635,168.9953898887635,0.010065502937694148
2023-06-09,51.80216979980469,52.334694389141625,51.62179826595215,51.86474882518914,5760000,0,5214.0,18.455280304013286,270096.51333618164,270114.96861648565,170.11496861648564,0.004162074034745222
2023-06-12,52.88317489624024,52.89053669455656,52.03653438885318,52.11997059947596,3579200,0,5214.0,18.455280304013286,275732.87390899664,275751.32918930065,175.75132918930066,0.02086652436066072
2023-06-13,53.2635498046875,53.45742047590113,52.83164141766324,53.318767035686,5442400,0,5214.0,18.455280304013286,277716.1486816406,277734.60396194464,177.73460396194466,0.007192258251210504
2023-06-14,53.70404815673828,53.77644166860221,52.95802389898531,53.26477797191206,15332000,0,5214.0,18.455280304013286,280012.9070892334,280031.3623695374,180.03136236953742,0.008269615578429867
2023-06-15,54.40468597412109,54.61941385997618,53.45742909359525,53.50037167512054,5164000,0,5214.0,18.455280304013286,283666.0326690673,283684.48794937134,183.68448794937134,0.0130454158738591
2023-06-16,53.93472671508789,54.96051426113453,53.91509400547552,54.89670701875521,4972800,0,5214.0,18.455280304013286,281215.66509246826,281234.1203727723,181.23412037277228,-0.008637650913913775
2023-06-20,53.62061309814453,53.997308006474974,53.32367350157506,53.62184131272069,6056000,0,5214.0,18.455280304013286,279577.8766937256,279596.3319740296,179.5963319740296,-0.005823576444322631
2023-06-21,52.79851531982422,53.52613890640015,52.61201017108847,53.44392715824239,4289600,0,5214.0,18.455280304013286,275291.4588775635,275309.9141578675,175.30991415786747,-0.015330736944575651
2023-06-22,53.23288345336914,53.25006348177812,52.54943436331886,52.54943436331886,13495200,0,5214.0,18.455280304013286,277556.2543258667,277574.7096061707,177.5747096061707,0.008226349040973968
2023-06-23,52.61446380615234,52.94821242987775,52.419368640216256,52.59360662348284,4286400,0,5214.0,18.455280304013286,274331.81428527826,274350.2695655823,174.35026956558227,-0.011616476317901414
2023-06-26,52.18746566772461,53.14208433648615,52.16906116949187,52.62673591862679,3320800,0,5214.0,18.455280304013286,272105.4459915161,272123.9012718201,172.12390127182013,-0.008115057795596403
2023-06-27,53.2426986694336,53.39361929406584,52.41936794741122,52.47213249985497,2600800,0,5214.0,18.455280304013286,277607.4308624268,277625.88614273083,177.62588614273085,0.020218675556230803
2023-06-28,53.38011932373047,53.66601248023859,52.92244088584385,53.00097172813764,3463200,0,5214.0,18.455280304013286,278323.94215393066,278342.3974342347,178.34239743423467,0.0025808518847392214
2023-06-29,53.4951400756836,53.58608313769781,53.200198625480105,53.45827380080216,2787200,0,5214.0,18.455280304013286,278923.6603546143,278942.11563491833,178.94211563491834,0.0021546060040147363
2023-06-30,54.338191986083984,54.47706122291889,53.99409045889268,54.07274352238252,3354400,0,5214.0,18.455280304013286,283319.3330154419,283337.7882957459,183.33778829574592,0.015758368544750878
2023-07-03,54.24602127075195,54.37505699644659,53.98180293932973,54.36522723893204,6659200,0,5214.0,18.455280304013286,282838.7549057007,282857.2101860047,182.8572101860047,-0.001696131365434339
2023-07-05,53.909297943115234,54.2656857294086,53.813441866106885,53.95845423253768,3724000,0,5214.0,18.455280304013286,281083.07947540283,281101.53475570685,181.10153475570684,-0.006206931861992615
2023-07-06,53.700382232666016,53.7372485143388,53.11295572557664,53.382090832942026,3533600,0,5214.0,18.455280304013286,279993.7929611206,280012.2482414246,180.01224824142463,-0.0038750642725194906
2023-07-07,53.51726913452149,54.16491176625069,53.49760586908658,53.58362843618181,2547200,0,5214.0,18.455280304013286,279039.0412673951,279057.4965476991,179.05749654769912,-0.0034096783255793683
2023-07-10,53.73233413696289,53.73233413696289,53.089604473407945,53.29729327242033,2747200,0,5214.0,18.455280304013286,280160.3901901245,280178.8454704285,180.1788454704285,0.004018343662513857
2023-07-11,53.93510437011719,53.9768874036698,53.3894609313263,53.83064491104342,7304800,0,5214.0,18.455280304013286,281217.634185791,281236.089466095,181.23608946609502,0.0037734611758120096
2023-07-12,54.49917984008789,54.73636165089342,54.15385194445918,54.483203202504775,3728800,0,5214.0,18.455280304013286,284158.72368621826,284177.1789665223,184.17717896652226,0.010457724348289288
2023-07-13,55.31149673461914,55.4134996872592,54.79411996700555,54.89857942137292,4013600,0,5214.0,18.455280304013286,288394.1439743042,288412.5992546082,188.41259925460824,0.01490415347034224
2023-07-14,55.11363983154297,55.78709257297785,54.94281733174135,55.44422119773935,6104800,0,5214.0,18.455280304013286,287362.51808166504,287380.97336196905,187.38097336196904,-0.0035769099384193037
2023-07-17,55.84730911254883,56.0095282320595,55.19474975719168,55.19474975719168,6067200,0,5214.0,18.455280304013286,291187.8697128296,291206.3249931336,191.2063249931336,0.013311081754693532
2023-07-18,56.47897720336914,56.732139399617466,55.451596908563474,55.74776851278738,4876800,0,5214.0,18.455280304013286,294481.3871383667,294499.8424186707,194.4998424186707,0.011309910338021645
2023-07-19,56.33027648925781,56.89558315946659,56.12873458967147,56.65840135828607,11340000,0,5214.0,18.455280304013286,293706.06161499023,293724.51689529425,193.72451689529427,-0.0026326856986029767
2023-07-20,55.13822555541992,56.20738894580628,54.98460980245769,55.94685722884388,8937600,0,5214.0,18.455280304013286,287490.7080459595,287509.1633262635,187.50916332626352,-0.021160486140986312
2023-07-21,55.0435905456543,55.73547643036629,54.98214425039226,55.54007766147912,2669600,0,5214.0,18.455280304013286,286997.2811050415,287015.7363853455,187.01573638534552,-0.0017162129206923504
2023-07-24,55.10626220703125,55.38768726513031,54.90594670171819,55.29920445758049,4907200,0,5214.0,18.455280304013286,287324.05114746094,287342.50642776495,187.34250642776496,0.0011385091512219336
2023-07-25,55.73302459716797,55.923506628282304,55.24636719765117,55.24759732378241,4749600,0,5214.0,18.455280304013286,290591.9902496338,290610.4455299378,190.61044552993783,0.011372974861254548
2023-07-26,55.09151840209961,55.32255706373225,54.67737098753613,55.17877108801097,2720000,0,5214.0,18.455280304013286,287247.17694854736,287265.6322288514,187.2656322288514,-0.011509611414644905
2023-07-27,54.8383674621582,55.97881066539012,54.5913521305667,55.79692826322516,2869600,0,5214.0,18.455280304013286,285927.2479476929,285945.7032279969,185.9457032279969,-0.00459480304209503
2023-07-28,55.61750030517578,55.75882603346879,55.27954568298699,55.379088380764586,3348000,0,5214.0,18.455280304013286,289989.6465911865,290008.10187149054,190.00810187149054,0.01420688822260252
2023-07-31,55.89278411865234,55.9431705356114,55.56466297092268,55.69738533115819,3742400,0,5214.0,18.455280304013286,291424.97639465326,291443.4316749573,191.44343167495728,0.004949274845096552
2023-08-01,55.922271728515625,56.02427467870288,55.49952091775722,55.65559690771945,2151200,0,5214.0,18.455280304013286,291578.72479248047,291597.1800727845,191.59718007278448,0.0005275411318883538
2023-08-02,54.43405532836914,55.39261622768469,54.19195672618002,55.39261622768469,5732000,0,5214.0,18.455280304013286,283819.1644821167,283837.6197624207,183.8376197624207,-0.026610546468340157
2023-08-03,54.2189826965332,54.515154291835486,53.943704491936735,54.05676357580275,4239200,0,5214.0,18.455280304013286,282697.7757797241,282716.23106002813,182.71623106002815,-0.003950810690038886
2023-08-04,53.51112365722656,54.40086862715362,53.4312442176926,54.13787666425022,9602400,0,5214.0,18.455280304013286,279006.9987487793,279025.4540290833,179.0254540290833,-0.01305470512643181
2023-08-07,53.60083770751953,53.87611593571805,53.16334034468207,53.71881355526396,3883200,0,5214.0,18.455280304013286,279474.76780700684,279493.22308731085,179.49322308731084,0.0016764386598893122
2023-08-08,53.10189437866211,53.28500315656864,52.56116767683953,53.15596742388283,3756800,0,5214.0,18.455280304013286,276873.27729034424,276891.73257064825,176.89173257064823,-0.009307884062183192
2023-08-09,52.3583869934082,53.19528523965409,52.15930159567701,53.19528523965409,6036800,0,5214.0,18.455280304013286,272996.6297836304,273015.0850639344,173.0150850639344,-0.014000589583239909
2023-08-10,52.40755081176758,53.24444911840135,52.147015349237705,52.81801164604736,6748000,0,5214.0,18.455280304013286,273252.96993255615,273271.42521286017,173.27142521286015,0.0009389230227543344
2023-08-11,52.06344985961914,52.368224861385215,51.8877143396197,52.00815043919164,5035200,0,5214.0,18.455280304013286,271458.8275680542,271477.2828483582,171.47728284835821,-0.006565422502936125
2023-08-14,52.8315315246582,52.8401349073261,51.84716428305981,51.98725990623307,4504000,0,5214.0,18.455280304013286,275463.6053695679,275482.0606498719,175.4820606498719,0.014751797128272681
2023-08-15,52.30923080444336,52.84381432736683,52.20723160370147,52.69880196953744,4636800,0,5214.0,18.455280304013286,272740.3294143677,272758.7846946717,172.7587846946717,-0.009885492902063753
2023-08-16,51.81398391723633,52.46285677668759,51.79555077499894,52.206011660486574,4025600,0,5214.0,18.455280304013286,270158.1121444702,270176.5674247742,170.17656742477425,-0.00946703613153288
2023-08-17,51.247440338134766,52.07450507152791,51.1515842676095,51.98356575472769,3893600,0,5214.0,18.455280304013286,267204.15392303467,267222.6092033387,167.2226092033387,-0.01093343604736563
2023-08-18,51.34698867797852,51.538700840092936,50.67230573209063,50.6981158791948,5096000,-1,0.0,267741.65424728405,0.0,267741.65424728405,167.74165424728403,0.0019423694929585622
2023-08-21,52.23058319091797,52.344872404591136,51.54238390633967,51.6382399807727,4789600,0,0.0,267741.65424728405,0.0,267741.65424728405,167.74165424728403,0.0
2023-08-22,52.250247955322266,52.794661268678325,52.123668728395934,52.74919160712,3359200,0,0.0,267741.65424728405,0.0,267741.65424728405,167.74165424728403,0.0
2023-08-23,53.19898223876953,53.369801011639154,52.330130610545815,52.348563751447614,5698400,0,0.0,267741.65424728405,0.0,267741.65424728405,167.74165424728403,0.0
2023-08-24,51.96390914916992,53.834334765319234,51.95039276267424,53.834334765319234,7540000,0,0.0,267741.65424728405,0.0,267741.65424728405,167.74165424728403,0.0
2023-08-25,52.4862060546875,52.719701271172575,51.65913741246328,52.070828419373385,4685600,0,0.0,267741.65424728405,0.0,267741.65424728405,167.74165424728403,0.0
2023-08-28,52.88928985595703,53.01464271340316,52.50955215625043,52.87085671526927,2807200,0,0.0,267741.65424728405,0.0,267741.65424728405,167.74165424728403,0.0
2023-08-29,53.95476913452149,54.01006855529562,52.63858666432823,52.74058962439707,3804000,0,0.0,267741.65424728405,0.0,267741.65424728405,167.74165424728403,0.0
2023-08-30,54.399635314941406,54.46845486654474,53.788858981673584,53.94493122363395,3728800,0,0.0,267741.65424728405,0.0,267741.65424728405,167.74165424728403,0.0
2023-08-31,54.67245101928711,54.902259541424826,54.51637504407197,54.55938819669937,2633600,0,0.0,267741.65424728405,0.0,267741.65424728405,167.74165424728403,0.0
2023-09-01,54.89243698120117,55.18123157873532,54.63804840981863,55.03007608734505,3005600,0,0.0,267741.65424728405,0.0,267741.65424728405,167.74165424728403,0.0
2023-09-05,54.985836029052734,55.12839189746111,54.48197561062659,54.72038755860797,2142400,0,0.0,267741.65424728405,0.0,267741.65424728405,167.74165424728403,0.0
2023-09-06,54.35662078857422,54.93298733152408,54.05430606947475,54.80640811475763,5174400,0,0.0,267741.65424728405,0.0,267741.65424728405,167.74165424728403,0.0
2023-09-07,53.5430793762207,53.64999534251663,53.09083548988144,53.33907720186029,4717600,0,0.0,267741.65424728405,0.0,267741.65424728405,167.74165424728403,0.0
2023-09-08,53.61189270019531,53.97196709090326,53.47179334659375,53.561506287955325,2540000,0,0.0,267741.65424728405,0.0,267741.65424728405,167.74165424728403,0.0
2023-09-11,53.86628341674805,54.099778598368665,53.41526594061586,54.07274207731464,2494400,0,0.0,267741.65424728405,0.0,267741.65424728405,167.74165424728403,0.0
2023-09-12,52.922481536865234,53.67827042634927,52.88192487062426,53.473038093567226,2743200,0,0.0,267741.65424728405,0.0,267741.65424728405,167.74165424728403,0.0
2023-09-13,52.99374771118164,53.25796605404223,52.71109622819303,52.88314512002891,2910400,0,0.0,267741.65424728405,0.0,267741.65424728405,167.74165424728403,0.0
2023-09-14,53.3648796081543,53.47179556645499,52.95933554210661,53.248133892357245,2732000,0,0.0,267741.65424728405,0.0,267741.65424728405,167.74165424728403,0.0
2023-09-15,52.39403533935547,53.198984191877,52.2182998056653,53.198984191877,4768000,0,0.0,267741.65424728405,0.0,267741.65424728405,167.74165424728403,0.0
2023-09-18,52.60664367675781,52.78975247672157,52.18143251990276,52.226905938704185,2419200,0,0.0,267741.65424728405,0.0,267741.65424728405,167.74165424728403,0.0
2023-09-19,52.51324081420898,52.648423435118985,52.05485002933662,52.40755496992424,3309600,0,0.0,267741.65424728405,0.0,267741.65424728405,167.74165424728403,0.0
2023-09-20,51.740234375,52.77376145667501,51.727948116904976,52.718462044095325,3230400,0,0.0,267741.65424728405,0.0,267741.65424728405,167.74165424728403,0.0
2023-09-21,50.882450103759766,51.47233304824312,50.86892996837033,51.25727101113585,4798400,0,0.0,267741.65424728405,0.0,267741.65424728405,167.74165424728403,0.0
2023-09-22,51.02378082275391,51.49568797454607,50.94512775559621,51.0790839949982,3599200,0,0.0,267741.65424728405,0.0,267741.65424728405,167.74165424728403,0.0
2023-09-25,51.22654342651367,51.32116936450746,50.774299624883966,50.88121557115351,8459200,0,0.0,267741.65424728405,0.0,267741.65424728405,167.74165424728403,0.0
2023-09-26,50.312232971191406,50.930382639490574,50.148787452700994,50.884912974586655,4268000,0,0.0,267741.65424728405,0.0,267741.65424728405,167.74165424728403,0.0
2023-09-27,50.46707534790039,50.74358369670517,49.95829818591504,50.555558169533306,4679200,0,0.0,267741.65424728405,0.0,267741.65424728405,167.74165424728403,0.0
2023-09-28,50.89700698852539,51.20859352752901,50.00289121833293,50.28122301749475,3564000,0,0.0,267741.65424728405,0.0,267741.65424728405,167.74165424728403,0.0
2023-09-29,51.09776306152344,51.707390814300986,50.94997713491978,51.39580421494637,4677600,0,0.0,267741.65424728405,0.0,267741.65424728405,167.74165424728403,0.0
2023-10-02,51.56821823120117,51.77265898125536,51.07312922150565,51.135936637153335,8020800,0,0.0,267741.65424728405,0.0,267741.65424728405,167.74165424728403,0.0
2023-10-03,50.587890625,51.57437408121552,50.3551224585727,51.23815840763933,5905600,0,0.0,267741.65424728405,0.0,267741.65424728405,167.74165424728403,0.0
2023-10-04,51.17166519165039,51.3059056914402,50.60883755093243,50.68396517504135,3691200,0,0.0,267741.65424728405,0.0,267741.65424728405,167.74165424728403,0.0
2023-10-05,51.21599197387695,51.30713057395288,50.64700808224047,51.20244652809884,3958400,0,0.0,267741.65424728405,0.0,267741.65424728405,167.74165424728403,0.0
2023-10-06,52.24311828613281,52.42538795248147,50.7406037588274,50.85637145642867,5261600,0,0.0,267741.65424728405,0.0,267741.65424728405,167.74165424728403,0.0
2023-10-09,52.48327255249024,52.57071283309682,51.64703678057694,51.84655396501712,3654400,0,0.0,267741.65424728405,0.0,267741.65424728405,167.74165424728403,0.0
2023-10-10,52.656925201416016,53.08058492703147,52.43401167676021,52.5288410670922,8475200,0,0.0,267741.65424728405,0.0,267741.65424728405,167.74165424728403,0.0
2023-10-11,53.07443618774414,53.09167618915996,52.589197987877206,52.83427887131348,2668800,0,0.0,267741.65424728405,0.0,267741.65424728405,167.74165424728403,0.0
2023-10-12,52.94880676269531,53.54365626356164,52.55593623558621,53.11630197976809,2935200,0,0.0,267741.65424728405,0.0,267741.65424728405,167.74165424728403,0.0
2023-10-13,52.10025787353516,53.13723610738775,51.94384631967257,53.05472314954704,7941600,0,0.0,267741.65424728405,0.0,267741.65424728405,167.74165424728403,0.0
2023-10-16,52.69880294799805,52.91432738472264,52.17045913360492,52.17045913360492,2080000,0,0.0,267741.65424728405,0.0,267741.65424728405,167.74165424728403,0.0
2023-10-17,52.473419189453125,52.76653297766149,51.669205427952846,51.97340287725556,3183200,0,0.0,267741.65424728405,0.0,267741.65424728405,167.74165424728403,0.0
2023-10-18,51.75419235229492,52.395838338708536,51.594086229584576,52.04730242980407,2546400,0,0.0,267741.65424728405,0.0,267741.65424728405,167.74165424728403,0.0
2023-10-19,51.38594818115234,52.28745696710708,51.31328611146701,52.00296502572388,3483200,0,0.0,267741.65424728405,0.0,267741.65424728405,167.74165424728403,0.0
2023-10-20,50.47951126098633,51.39702719273912,50.421627412956354,51.32313611733692,4617600,0,0.0,267741.65424728405,0.0,267741.65424728405,167.74165424728403,0.0
2023-10-23,50.48813247680664,51.02139977568145,49.83417015894626,50.12481840757428,3157600,0,0.0,267741.65424728405,0.0,267741.65424728405,167.74165424728403,0.0
2023-10-24,50.93642044067383,50.99676606994664,50.36743662625229,50.74060157976559,3522400,0,0.0,267741.65424728405,0.0,267741.65424728405,167.74165424728403,0.0
2023-10-25,50.09526443481445,51.08051889901174,49.97333663912573,51.02386406123819,3272800,0,0.0,267741.65424728405,0.0,267741.65424728405,167.74165424728403,0.0
2023-10-26,49.20854568481445,50.40563029550619,48.986864880720894,50.156854836828,4044800,0,0.0,267741.65424728405,0.0,267741.65424728405,167.74165424728403,0.0
2023-10-27,49.41297149658203,49.91791512878492,49.20976352806486,49.55090651137073,8012800,0,0.0,267741.65424728405,0.0,267741.65424728405,167.74165424728403,0.0
2023-10-30,49.84772109985352,50.04970008143471,49.441305111868765,49.67899686388137,2618400,0,0.0,267741.65424728405,0.0,267741.65424728405,167.74165424728403,0.0
2023-10-31,50.22335052490234,50.29355081549316,49.49549701407477,49.8859020352136,2146400,0,0.0,267741.65424728405,0.0,267741.65424728405,167.74165424728403,0.0
2023-11-01,51.047271728515625,51.08298826050678,50.30094166184078,50.30094166184078,3116800,0,0.0,267741.65424728405,0.0,267741.65424728405,167.74165424728403,0.0
2023-11-02,51.957401275634766,51.9906522649232,51.50664685081833,51.643349120785416,3441600,0,0.0,267741.65424728405,0.0,267741.65424728405,167.74165424728403,0.0
2023-11-03,52.69633102416992,52.89584443442202,51.86748442539282,51.95369568687204,2812000,0,0.0,267741.65424728405,0.0,267741.65424728405,167.74165424728403,0.0
2023-11-06,52.93526077270508,52.99314462352044,52.46356808748798,52.7788492192,3851200,0,0.0,267741.65424728405,0.0,267741.65424728405,167.74165424728403,0.0
2023-11-07,53.57691192626953,53.72470161550238,53.02640078362664,53.10891750777869,3084800,0,0.0,267741.65424728405,0.0,267741.65424728405,167.74165424728403,0.0
2023-11-08,53.79981994628906,53.94268229561993,53.450055060043496,53.70252501489741,2946400,0,0.0,267741.65424728405,0.0,267741.65424728405,167.74165424728403,0.0
2023-11-09,53.47715759277344,54.3047716208995,53.42543007169452,53.97840678090184,2245600,0,0.0,267741.65424728405,0.0,267741.65424728405,167.74165424728403,0.0
2023-11-10,54.88976287841797,54.90823564955068,53.74563497925946,53.81829705134668,3232000,0,0.0,267741.65424728405,0.0,267741.65424728405,167.74165424728403,0.0
2023-11-13,54.615116119384766,54.74196747918736,54.34786795517857,54.681621846969335,4614400,0,0.0,267741.65424728405,0.0,267741.65424728405,167.74165424728403,0.0
2023-11-14,55.93659210205078,56.033887034781344,55.45012119684557,55.52524880569755,4656800,0,0.0,267741.65424728405,0.0,267741.65424728405,167.74165424728403,0.0
2023-11-15,56.009254455566406,56.35655756522972,55.79249726511878,56.15950591559076,3882400,1,4780.0,17.417949676630087,267724.2362976074,267741.65424728405,167.74165424728403,0.0
2023-11-16,56.13364410400391,56.23216804971613,55.7247625882477,55.86515939881001,3135200,0,4780.0,17.417949676630087,268318.81881713873,268336.23676681536,168.33623676681535,0.0022207322248863903
2023-11-17,56.15827178955078,56.31591235376821,55.88855807881547,56.062209629456525,7441600,0,4780.0,17.417949676630087,268436.53915405273,268453.95710372936,168.45395710372935,0.0004387045832214831
2023-11-20,56.95018005371094,57.09057687829812,56.19522812328188,56.19522812328188,3585600,0,4780.0,17.417949676630087,272221.8606567383,272239.2786064149,172.2392786064149,0.014100449639574242
2023-11-21,56.47724914550781,56.79006850008875,56.28759036127041,56.72479554012183,9712800,0,4780.0,17.417949676630087,269961.25091552734,269978.668865204,169.97866886520399,-0.008303760400714122
2023-11-22,56.68416213989258,57.20018954335125,56.55607798802971,56.7826860976652,3091200,0,4780.0,17.417949676630087,270950.2950286865,270967.71297836315,170.96771297836315,0.0036634157702770676
2023-11-24,56.62257385253906,56.658286619896224,56.40212211928984,56.58931910979268,1320000,0,4780.0,17.417949676630087,270655.9030151367,270673.32096481335,170.67332096481334,-0.0010864468327757004
2023-11-27,56.593021392822266,56.91569542299078,56.404591605831726,56.53637030716737,3514400,0,4780.0,17.417949676630087,270514.64225769043,270532.06020736706,170.53206020736704,-0.000521886519671666
2023-11-28,56.697696685791016,56.8664209042222,56.41813209656429,56.42675397478494,2889600,0,4780.0,17.417949676630087,271014.99015808105,271032.4081077577,171.0324081077577,0.0018494957677366308
2023-11-29,56.91815948486328,57.47359797604396,56.8467264206386,57.16816769275349,2759200,0,4780.0,17.417949676630087,272068.8023376465,272086.2202873231,172.0862202873231,0.003888140857112754
2023-11-30,56.90214538574219,57.216193773316014,56.427990877123605,57.15461536332524,2573600,0,4780.0,17.417949676630087,271992.25494384766,272009.6728935243,172.00967289352428,-0.0002813350625326949
2023-12-01,57.22481536865234,57.26792100712147,56.5560747414999,56.786377392370426,3532000,0,4780.0,17.417949676630087,273534.61746215814,273552.0354118348,173.55203541183477,0.005670248788962162
2023-12-04,56.64228820800781,56.70632840351461,56.0080275569752,56.70632840351461,3263200,0,4780.0,17.417949676630087,270750.13763427734,270767.555583954,170.767555583954,-0.010178976821315744
2023-12-05,56.94894409179688,57.00313339184976,56.37996019968943,56.37996019968943,7185600,0,4780.0,17.417949676630087,272215.9527587891,272233.37070846575,172.23337070846574,0.005413555259050629
2023-12-06,56.45385360717773,57.29131843653113,56.41197698310715,57.250674583300174,2566400,0,4780.0,17.417949676630087,269849.4202423095,269866.83819198614,169.86683819198615,-0.008693028743393616
2023-12-07,57.06348037719727,57.138607991591904,56.5252856765692,56.66198794235347,3070400,0,4780.0,17.417949676630087,272763.436203003,272780.8541526796,172.78085415267964,0.010797977180954765
2023-12-08,57.57334899902344,57.623843743985255,56.89844830248097,56.93169928935684,2584000,0,4780.0,17.417949676630087,275200.60821533203,275218.02616500866,175.21802616500867,0.008934542051711958
2023-12-11,57.96991729736328,57.978535418435065,57.28023834629764,57.39231150471,5588800,0,4780.0,17.417949676630087,277096.2046813965,277113.6226310731,177.11362263107313,0.0068876174009326885
2023-12-12,58.31597900390625,58.32459712369813,57.69034033979977,57.79009704957566,2745600,0,4780.0,17.417949676630087,278750.3796386719,278767.7975883485,178.76779758834851,0.005969302200194093
2023-12-13,58.98965072631836,59.117731103764015,58.28396084576276,58.46007418358624,4744800,0,4780.0,17.417949676630087,281970.53047180176,281987.9484214784,181.9879484214784,0.011551373081782668
2023-12-14,59.10418319702149,59.48473727640967,58.60786141935952,59.12758329082879,4762400,0,4780.0,17.417949676630087,282517.99568176275,282535.4136314394,182.53541363143938,0.0019414489627149756
2023-12-15,59.38867950439453,59.66824412151989,59.072165587685134,59.072165587685134,4424000,0,4780.0,17.417949676630087,283877.88803100586,283895.3059806825,183.89530598068248,0.004813174857495994
2023-12-18,59.52538299560547,59.66578357172138,59.1300506634834,59.343113310968,9959200,0,4780.0,17.417949676630087,284531.33071899414,284548.74866867077,184.54874866867078,0.002301703037079328
2023-12-19,59.8294677734375,59.8294677734375,59.52353429429464,59.54450710438883,3066400,0,4780.0,17.417949676630087,285984.85595703125,286002.2739067079,186.0022739067079,0.005108176524541985
2023-12-20,58.869728088378906,59.993533375591866,58.86356160798773,59.733246162987164,3177600,0,4780.0,17.417949676630087,281397.3002624512,281414.7182121278,181.4147182121278,-0.016040276994708447
2023-12-21,59.60001373291016,59.69623415876657,59.057227982294805,59.45938185262172,3266400,0,4780.0,17.417949676630087,284888.0656433106,284905.48359298724,184.90548359298722,0.012404345455123478
2023-12-22,59.657989501953125,59.84179803583419,59.37302886368189,59.77271689714053,3160800,0,4780.0,17.417949676630087,285165.18981933594,285182.60776901257,185.18260776901258,0.0009726881088087946
2023-12-26,59.952823638916016,60.086050479449845,59.74311061004328,59.778885982774725,2553600,0,4780.0,17.417949676630087,286574.49699401855,286591.9149436952,186.5919149436952,0.004941771118889937
2023-12-27,60.01080703735352,60.09345971156428,59.72831220610317,59.97996710535012,5111200,0,4780.0,17.417949676630087,286851.65763854986,286869.0755882265,186.86907558822648,0.0009670916382471528
2023-12-28,60.05028533935547,60.17981155284347,59.99600675579243,60.13293425207173,2564000,0,4780.0,17.417949676630087,287040.36392211914,287057.78187179577,187.05778187179578,0.0006578132661470004
2023-12-29,59.70610427856445,60.15020002199415,59.44828291639107,60.07371759819457,4263200,0,4780.0,17.417949676630087,285395.1784515381,285412.5964012147,185.41259640121473,-0.00573119969036695
2024-01-02,58.13820266723633,58.942506674943466,57.75825262683394,58.92523827200145,4973600,0,4780.0,17.417949676630087,277900.60874938965,277918.0266990663,177.91802669906627,-0.026258720871636165
2024-01-03,57.359806060791016,57.83350695117623,57.3055274808327,57.58308686099405,11001600,0,4780.0,17.417949676630087,274179.87297058105,274197.2909202577,174.19729092025767,-0.013387889310388146
2024-01-04,57.0143928527832,57.44615186041451,56.95888323915733,56.95888323915733,4190400,0,4780.0,17.417949676630087,272528.7978363037,272546.21578598034,172.54621578598034,-0.0060214859480778316
2024-01-05,57.02797317504883,57.48563673962768,56.80469235497816,57.020571892090494,3491200,0,4780.0,17.417949676630087,272593.7117767334,272611.12972641,172.61112972641004,0.00023817590070907002
2024-01-08,58.47990798950195,58.50334663724368,57.264814006469926,57.30429001999703,5165600,0,4780.0,17.417949676630087,279533.96018981934,279551.37813949597,179.55137813949597,0.025458419177716962
2024-01-09,58.58353042602539,58.73402943539878,57.918623491124855,58.06542185947431,2758400,0,4780.0,17.417949676630087,280029.27543640137,280046.693386078,180.046693386078,0.001771821873598034
2024-01-10,59.08066940307617,59.1929271992862,58.44783344134347,58.58352988536878,2900000,0,4780.0,17.417949676630087,282405.5997467041,282423.01769638073,182.42301769638073,0.008485457484144199
2024-01-11,59.28791046142578,59.588908465380975,58.45893679568132,59.35082512038092,5998400,0,4780.0,17.417949676630087,283396.21200561523,283413.62995529186,183.41362995529184,0.00350754788682317
2024-01-12,59.419918060302734,59.63703240519761,59.17443338486396,59.41128197507613,3599200,0,4780.0,17.417949676630087,284027.20832824707,284044.6262779237,184.0446262779237,0.0022264148789574723
2024-01-16,59.50750350952149,59.73448496686847,58.95485054947648,59.22870930778517,3924800,0,4780.0,17.417949676630087,284445.86677551275,284463.2847251894,184.46328472518937,0.0014739178584426416
2024-01-17,59.18183135986328,59.2065048120914,58.45894513819066,59.012829129557446,3037600,0,4780.0,17.417949676630087,282889.1539001465,282906.5718498231,182.9065718498231,-0.0054724562323399395
2024-01-18,60.3327751159668,60.35374792651683,59.655531402682165,59.94789336055607,3996800,0,4780.0,17.417949676630087,288390.6650543213,288408.0830039979,188.40808300399794,0.01944638867242432
2024-01-19,61.642852783203125,61.65765534706704,60.57085652925998,60.72012073440755,6459200,0,4780.0,17.417949676630087,294652.83630371094,294670.25425338757,194.67025425338758,0.021712883994665422
2024-01-22,62.04500198364258,62.41878177421405,61.85873137160187,62.08571279830351,4952800,0,4780.0,17.417949676630087,296575.1094818115,296592.52743148815,196.59252743148815,0.006523472085674609
2024-01-23,62.30282974243164,62.35217664583632,61.82666299462596,62.1572661654523,3875200,0,4780.0,17.417949676630087,297807.52616882324,297824.9441184999,197.82494411849987,0.004155251980501706
2024-01-24,62.60136032104492,63.27613817303634,62.53351397758227,62.75185933739197,5020800,0,4780.0,17.417949676630087,299234.5023345947,299251.92028427136,199.25192028427134,0.004791325219568376
2024-01-25,62.75061798095703,63.37852223376673,62.46319150576207,63.12809840202082,3732000,0,4780.0,17.417949676630087,299947.9539489746,299965.37189865124,199.96537189865126,0.002384117080024506
2024-01-26,62.09928894042969,62.68031222970687,62.016640027383616,62.43729716935569,3080800,0,4780.0,17.417949676630087,296834.6011352539,296852.01908493054,196.85201908493056,-0.010379040733983769
2024-01-29,62.82463836669922,62.82587316859019,62.14986054432296,62.23991449564584,3292800,0,4780.0,17.417949676630087,300301.77139282227,300319.1893424989,200.31918934249887,0.011679793414429707
2024-01-30,62.22017288208008,62.90358674880012,62.0918777259727,62.79996127660283,5047200,0,4780.0,17.417949676630087,297412.4263763428,297429.8443260194,197.4298443260194,-0.009620913744490478
2024-01-31,60.9286003112793,61.92658000340203,60.9286003112793,61.69466312534969,6492000,0,4780.0,17.417949676630087,291238.70948791504,291256.12743759167,191.2561274375917,-0.02075688437526324
2024-02-01,61.71440505981445,61.81062549782746,61.12227986660216,61.237003511033016,3940000,0,4780.0,17.417949676630087,294994.8561859131,295012.2741355897,195.0122741355897,0.012896369704025856
2024-02-02,62.3163948059082,62.4915634950472,61.2234257606841,61.29867714532195,4120800,0,4780.0,17.417949676630087,297872.3671722412,297889.78512191784,197.88978512191787,0.00975386869837691
2024-02-05,62.34600067138672,62.59395490904114,61.751405927617526,62.538441530132296,3382400,0,4780.0,17.417949676630087,298013.8832092285,298031.30115890515,198.03130115890514,0.00047506173106737215
2024-02-06,62.23992156982422,62.54708610439518,61.76005039504371,62.50267840695181,2948800,0,4780.0,17.417949676630087,297506.82510375977,297524.2430534364,197.52424305343638,-0.0017013585603157244
2024-02-07,63.04422378540039,63.05779531341507,62.38918391535943,62.68031107331532,3151200,0,4780.0,17.417949676630087,301351.38969421387,301368.8076438905,201.3688076438905,0.012921853194207022
2024-02-08,63.36371994018555,63.53025254193323,63.04421496888784,63.12563283166922,3168800,0,4780.0,17.417949676630087,302878.5813140869,302895.99926376354,202.89599926376357,0.005067517211926109
2024-02-09,64.32470703125,64.4048938788297,63.63019105055073,63.736278626362754,4076000,0,4780.0,17.417949676630087,307472.099609375,307489.51755905163,207.48951755905165,0.01516533168629941
2024-02-12,63.92378234863281,64.59485961836421,63.82509606499483,64.3370344554272,4206400,0,4780.0,17.417949676630087,305555.67962646484,305573.0975761415,205.5730975761415,-0.006232472567270886
2024-02-13,62.67414093017578,63.1379746960342,62.19427356253185,62.4175543612873,7037600,0,4780.0,17.417949676630087,299582.39364624023,299599.81159591686,199.59981159591686,-0.019547813690425464
2024-02-14,63.51176452636719,63.55617975879645,62.81725229342533,63.22187212443609,4721600,0,4780.0,17.417949676630087,303586.23443603516,303603.6523857118,203.6036523857118,0.013363962976035149
2024-02-15,63.4624137878418,63.67212683199968,63.059025066562114,63.66472554946613,2744800,0,4780.0,17.417949676630087,303350.3379058838,303367.7558555604,203.36775585556043,-0.0007769884462776044
2024-02-16,62.79010772705078,63.68076143674699,62.71115568633903,63.56357570704665,3134400,0,4780.0,17.417949676630087,300136.71493530273,300154.13288497936,200.15413288497936,-0.010593159320831491
2024-02-20,62.0487060546875,62.5631177575944,61.40106750697939,62.407683301459656,4425600,0,4780.0,17.417949676630087,296592.81494140625,296610.2328910829,196.61023289108286,-0.011806933857061108
2024-02-21,61.51948928833008,61.51948928833008,60.88171792698512,61.39859541646302,5080000,0,4780.0,17.417949676630087,294063.1587982178,294080.5767478944,194.0805767478944,-0.008528553174082076
2024-02-22,63.5203857421875,63.67582019609835,62.95169923260184,63.0997324043874,5961600,0,4780.0,17.417949676630087,303627.44384765625,303644.8617973329,203.6448617973329,0.03252266829453898
2024-02-23,63.30574798583984,64.07921593466219,63.09973933632142,63.92131185960279,2765600,0,4780.0,17.417949676630087,302601.4753723144,302618.893321991,202.618893321991,-0.0033788435255217575
2024-02-26,63.47104263305664,63.77944191891378,63.35137979491876,63.60180362908889,2452000,0,4780.0,17.417949676630087,303391.58378601074,303409.0017356874,203.40900173568735,0.002610902462245379
2024-02-27,63.56357192993164,63.67706077591034,63.12317678031708,63.67706077591034,2236800,0,4780.0,17.417949676630087,303833.87382507324,303851.2917747499,203.85129177474988,0.001457735388641579
2024-02-28,63.26873397827149,63.43156971265432,63.03311646063569,63.340284724276025,2093600,0,4780.0,17.417949676630087,302424.54841613775,302441.9663658144,202.4419663658144,-0.004638207725574661
2024-02-29,63.87443923950195,64.02741164690795,63.1873245607864,63.5870164565952,8284800,0,4780.0,17.417949676630087,305319.81956481934,305337.23751449597,205.33723751449594,0.00957298083818059
2024-03-01,65.05868530273438,65.1450386136056,64.05330056120197,64.05330056120197,3828000,0,4780.0,17.417949676630087,310980.5157470703,310997.93369674694,210.99793369674694,0.018539160923607412
2024-03-04,65.17958068847656,65.60146886173723,64.98590500663222,65.11790082276616,3336000,0,4780.0,17.417949676630087,311558.39569091797,311575.8136405946,211.57581364059462,0.0018581472133225585
2024-03-05,63.61413192749024,64.5380949155302,63.17744128125559,64.5380949155302,4400000,0,4780.0,17.417949676630087,304075.5506134034,304092.96856308,204.09296856307998,-0.024016129461660096
2024-03-06,64.31975555419922,64.78111966311046,63.83864967536884,64.46655390969636,3140000,0,4780.0,17.417949676630087,307448.43154907227,307465.8494987489,207.46584949874892,0.01109161106751877
2024-03-07,65.400390625,65.53609084449154,64.51590347611643,64.87611177665987,2660800,0,4780.0,17.417949676630087,312613.8671875,312631.28513717663,212.63128513717663,0.016800030464680038
2024-03-08,64.33087158203125,66.19853990997167,64.26055562455974,65.61381592911326,4772800,0,4780.0,17.417949676630087,307501.5661621094,307518.984111786,207.518984111786,-0.016352493395366485
2024-03-11,64.05577850341797,64.30742965739448,63.66349544165422,63.95585741720721,2981600,0,4780.0,17.417949676630087,306186.6212463379,306204.0391960145,206.20403919601452,-0.004275979642588523
2024-03-12,65.38064575195312,65.38064575195312,64.0088863905941,64.69106166595066,3055200,0,4780.0,17.417949676630087,312519.48669433594,312536.90464401257,212.53690464401257,0.020681848170997164
2024-03-13,64.68861389160156,65.23509661961148,64.46779514500018,65.14381161948208,3281600,0,4780.0,17.417949676630087,309211.57440185547,309228.9923515321,209.22899235153213,-0.010584069411733177
2024-03-14,64.44558715820312,65.08089277073827,64.0212293916278,64.88721709376985,3201600,0,4780.0,17.417949676630087,308049.90661621094,308067.32456588757,208.06732456588753,-0.003756658703993554
2024-03-15,63.59933090209961,63.96324354739535,63.37234572597293,63.625239151379866,3792000,0,4780.0,17.417949676630087,304004.80171203613,304022.21966171276,204.02221966171274,-0.013130587315207665
2024-03-18,63.89787673950195,64.61583134131762,63.79425877263932,64.23094954869413,2567200,0,4780.0,17.417949676630087,305431.85081481934,305449.26876449597,205.449268764496,0.0046938973880628065
2024-03-19,64.16802215576172,64.27041282950414,63.06518974457437,63.49941459498514,2880800,0,4780.0,17.417949676630087,306723.145904541,306740.56385421765,206.74056385421764,0.004227527192796288
2024-03-20,65.03771209716797,65.05005258752001,63.99409361839029,64.30249293798752,2555200,0,4780.0,17.417949676630087,310880.2638244629,310897.6817741395,210.89768177413953,0.013552553557597324
2024-03-21,65.22027587890625,65.86914911537114,65.13885425928301,65.86914911537114,2770400,0,4780.0,17.417949676630087,311752.9187011719,311770.3366508485,211.7703366508485,0.0028068876928550868
2024-03-22,65.32402801513672,65.5552607073623,64.98026580267211,65.1880039009001,2290400,0,4780.0,17.417949676630087,312248.8539123535,312266.27186203015,212.26627186203015,0.0015907068533496105
2024-03-25,65.06065368652344,65.37967605583226,64.67113997750927,64.73296707117802,3000800,0,4780.0,17.417949676630087,310989.92462158203,311007.34257125866,211.00734257125868,-0.004031589077054476
2024-03-26,64.77501678466797,65.42666925973391,64.65754379004882,65.36855541080571,2565600,0,4780.0,17.417949676630087,309624.5802307129,309641.9981803895,209.64199818038952,-0.004390071242630911
2024-03-27,64.9283447265625,65.19667220781432,64.3632441679956,65.19667220781432,2699200,0,4780.0,17.417949676630087,310357.48779296875,310374.9057426454,210.37490574264538,0.0023669514037591988
2024-03-28,64.83684539794922,65.05447044639355,64.65136410124148,64.8257131993553,2021600,0,4780.0,17.417949676630087,309920.12100219727,309937.5389518739,209.93753895187388,-0.0014091564191537342
2024-04-01,64.97037506103516,65.36359443516805,64.6377450256009,64.91968016965014,2817600,0,4780.0,17.417949676630087,310558.39279174805,310575.8107414247,210.57581074142468,0.002059356190635242
2024-04-02,64.23711395263672,64.3644813910123,63.628737451095,64.1443733101409,3368000,0,4780.0,17.417949676630087,307053.4046936035,307070.82264328015,207.07082264328017,-0.01128545101364209
2024-04-03,64.36942291259766,64.7379099726174,63.84760586914024,63.88964406601698,2297600,0,4780.0,17.417949676630087,307685.8415222168,307703.2594718934,207.7032594718934,0.002059579686435997
2024-04-04,63.329498291015625,65.26468189311112,63.298580968979415,65.08167610164666,3272000,0,4780.0,17.417949676630087,302715.0018310547,302732.4197807313,202.73241978073133,-0.01615465399909477
2024-04-05,64.099853515625,64.42382685881238,63.40244213905667,63.67200734193192,5892000,0,4780.0,17.417949676630087,306397.2998046875,306414.71775436413,206.41471775436412,0.012163540252147165
2024-04-08,64.00711059570312,64.31624603024093,63.79937248936394,64.20866750280193,1700000,0,4780.0,17.417949676630087,305953.98864746094,305971.40659713757,205.97140659713756,-0.0014467684857811802
2024-04-09,64.15177917480469,64.42753309437944,63.397491788589626,64.30882237918685,2108000,0,4780.0,17.417949676630087,306645.5044555664,306662.92240524304,206.66292240524302,0.002260066768317248
2024-04-10,63.568153381347656,63.7585781327322,63.24665170595412,63.31836948170743,3272000,0,4780.0,17.417949676630087,303855.7731628418,303873.1911125184,203.87319111251844,-0.009097060938583534
2024-04-11,64.79479217529297,64.93822770740904,63.507555445426014,63.830291053126494,3924800,0,4780.0,17.417949676630087,309719.1065979004,309736.524547577,209.73652454757703,0.01929532978408588
2024-04-12,63.64232635498047,64.37065121669238,63.49517759299837,64.12581837888659,3587200,0,4780.0,17.417949676630087,304210.31997680664,304227.73792648327,204.2277379264833,-0.017785395600794174
2024-04-15,62.431758880615234,64.18269869615294,62.29573853196621,64.15426065072586,4416800,0,4780.0,17.417949676630087,298423.8074493408,298441.22539901745,198.44122539901744,-0.01902033183070284
2024-04-16,62.46885299682617,62.86578184213047,62.22525412102707,62.465143522519625,4464800,0,4780.0,17.417949676630087,298601.1173248291,298618.53527450573,198.61853527450575,0.0005941199150727439
2024-04-17,61.54145431518555,62.90412213473569,61.48951789482773,62.8027285665751,3184000,0,4780.0,17.417949676630087,294168.1516265869,294185.56957626354,194.18556957626353,-0.01484491139897659
2024-04-18,60.95779800415039,61.786282475274845,60.862585649149885,61.561230974045394,4317600,0,4780.0,17.417949676630087,291378.27445983887,291395.6924095155,191.39569240951548,-0.009483392304953986
2024-04-19,59.341644287109375,60.90092556587254,59.137615630876056,60.6771117866505,9088000,-1,0.0,283670.47764205944,0.0,283670.47764205944,183.67047764205947,-0.026511080872806292
2024-04-22,60.15281295776367,60.42114419594813,59.2699240511954,59.87211932014889,8456000,0,0.0,283670.47764205944,0.0,283670.47764205944,183.67047764205947,0.0
2024-04-23,61.14081954956055,61.28425509807142,60.32470109018414,60.42115121342511,4154400,0,0.0,283670.47764205944,0.0,283670.47764205944,183.67047764205947,0.0
2024-04-24,61.23849105834961,61.88025651422577,60.94666902317612,61.67499013545292,4116000,0,0.0,283670.47764205944,0.0,283670.47764205944,183.67047764205947,0.0
2024-04-25,61.26323318481445,61.46849959636442,60.219591502470834,60.42609566350124,3838400,0,0.0,283670.47764205944,0.0,283670.47764205944,183.67047764205947,0.0
2024-04-26,62.31428146362305,62.67164004536555,61.62800234353883,61.82708374184723,2915200,0,0.0,283670.47764205944,0.0,283670.47764205944,183.67047764205947,0.0
2024-04-29,62.56159210205078,62.69266522251943,62.17455393979631,62.57642999891503,3152000,0,0.0,283670.47764205944,0.0,283670.47764205944,183.67047764205947,0.0
2024-04-30,61.17543411254883,62.56901536908208,61.16801516360464,62.33407318072181,2376800,0,0.0,283670.47764205944,0.0,283670.47764205944,183.67047764205947,0.0
2024-05-01,60.51264953613281,61.901287429512166,60.28512628245258,60.84898907931802,3247200,0,0.0,283670.47764205944,0.0,283670.47764205944,183.67047764205947,0.0
2024-05-02,61.33988952636719,61.50558566743173,60.38527914788083,61.23972994687016,2541600,0,0.0,283670.47764205944,0.0,283670.47764205944,183.67047764205947,0.0
2024-05-03,62.99686050415039,63.20336465503879,62.66052096749246,62.66423044212512,3508000,0,0.0,283670.47764205944,0.0,283670.47764205944,183.67047764205947,0.0
2024-05-06,63.90818786621094,63.94280710982075,63.23550886823857,63.24169006739193,2282400,0,0.0,283670.47764205944,0.0,283670.47764205944,183.67047764205947,0.0
2024-05-07,63.64109420776367,64.0516269878111,63.62996955811224,64.00463779599981,1946400,0,0.0,283670.47764205944,0.0,283670.47764205944,183.67047764205947,0.0
2024-05-08,63.73384475708008,63.79814735529951,63.26890753766568,63.39009001047206,1691200,0,0.0,283670.47764205944,0.0,283670.47764205944,183.67047764205947,0.0
2024-05-09,63.67076873779297,63.74744127073932,63.30970065543388,63.69921433053584,3096000,0,0.0,283670.47764205944,0.0,283670.47764205944,183.67047764205947,0.0
2024-05-10,63.83771896362305,64.32120356834619,63.672019013627,63.99476221388575,1828800,0,0.0,283670.47764205944,0.0,283670.47764205944,183.67047764205947,0.0
2024-05-13,64.14932250976562,64.39786108499507,63.95889023227058,64.30265249350015,2197600,0,0.0,283670.47764205944,0.0,283670.47764205944,183.67047764205947,0.0
2024-05-14,64.80961608886719,64.86278647064623,64.12209927862428,64.12209927862428,1821600,0,0.0,283670.47764205944,0.0,283670.47764205944,183.67047764205947,0.0
2024-05-15,66.29347229003906,66.31696688397162,65.21767951337951,65.26343095199793,2849600,0,0.0,283670.47764205944,0.0,283670.47764205944,183.67047764205947,0.0
2024-05-16,66.01278686523438,66.55810607416116,66.01278686523438,66.39858733748393,2904800,0,0.0,283670.47764205944,0.0,283670.47764205944,183.67047764205947,0.0
2024-05-17,65.8520278930664,66.23040935809344,65.48848432492265,66.20320906289133,2498400,0,0.0,283670.47764205944,0.0,283670.47764205944,183.67047764205947,0.0
2024-05-20,66.68670654296875,66.81159848876946,65.96209476412376,66.0041405116495,2975200,0,0.0,283670.47764205944,0.0,283670.47764205944,183.67047764205947,0.0
2024-05-21,66.74977111816406,66.81901716590664,66.24649763569884,66.3948841800767,2180000,0,0.0,283670.47764205944,0.0,283670.47764205944,183.67047764205947,0.0
2024-05-22,66.76583099365234,67.04405286840966,66.34911705612927,66.87712276245583,3800800,1,4248.0,49.22758102428634,283621.25006103516,283670.47764205944,183.67047764205947,0.0
2024-05-23,66.77078247070312,67.9182968970074,66.4876171122509,67.89727779939581,4152800,0,4248.0,49.22758102428634,283642.2839355469,283691.51151657116,183.69151151657115,7.414897273250176e-05
2024-05-24,67.41997528076172,67.50405922888368,66.73369599823073,66.9191772933609,2293600,0,4248.0,49.22758102428634,286400.0549926758,286449.28257370007,186.4492825737001,0.00972102070444869
2024-05-28,67.9999008178711,68.23484676586894,67.57082445951667,67.97022502386122,2983200,0,4248.0,49.22758102428634,288863.5786743164,288912.8062553407,188.91280625534068,0.008600208942770804
2024-05-29,67.76248931884766,67.98630307839392,67.29260495345935,67.407602432947,2500000,0,4248.0,49.22758102428634,287855.05462646484,287904.28220748913,187.90428220748913,-0.0034907557782684062
2024-05-30,66.16488647460938,67.25056634441052,65.89160799614466,67.1837957984419,4374400,0,4248.0,49.22758102428634,281068.4377441406,281117.6653251649,181.1176653251649,-0.02357247634626425
2024-05-31,66.10675811767578,66.40971236243996,64.62785898287522,66.40971236243996,4368000,0,4248.0,49.22758102428634,280821.5084838867,280870.736064911,180.87073606491103,-0.0008783840032545731
2024-06-03,66.45423126220703,66.77326117884782,65.56268940152374,66.7695479305455,3090400,0,4248.0,49.22758102428634,282297.57440185547,282346.80198287976,182.34680198287973,0.005255321143985636
2024-06-04,66.49504089355469,66.61375163336034,66.00536758251582,66.40230025074638,2493600,0,4248.0,49.22758102428634,282470.9337158203,282520.1612968446,182.5201612968446,0.0006139942536886878
2024-06-05,68.1891098022461,68.24475570145424,66.99955700721107,67.1429925577944,3935200,0,4248.0,49.22758102428634,289667.3384399414,289716.5660209657,189.7165660209657,0.025472181139525096
2024-06-06,67.99620056152344,68.5019419439807,67.75631114440056,68.38323875843693,3062400,0,4248.0,49.22758102428634,288847.85998535156,288897.08756637585,188.89708756637583,-0.0028285522842023125
2024-06-07,67.99124145507812,68.21876844565531,67.60420330432419,67.88613843087082,2336800,0,4248.0,49.22758102428634,288826.7937011719,288876.02128219616,188.87602128219618,-7.29196834663437e-05
2024-06-10,68.22618865966797,68.4265078123512,67.63883134905008,67.70437168217875,2583200,0,4248.0,49.22758102428634,289824.84942626953,289874.0770072938,189.8740770072938,0.003454962169126219
2024-06-11,69.18328094482422,69.18328094482422,67.98754705131034,68.08894439188559,3842400,0,4248.0,49.22758102428634,293890.5774536133,293939.80503463757,193.93980503463757,0.014025842080530149
2024-06-12,70.67083740234375,71.39173581766356,69.93509354236497,70.01175852805163,3524800,0,4248.0,49.22758102428634,300209.71728515625,300258.94486618054,200.25894486618054,0.021498074514944676
2024-06-13,71.36947631835938,71.73797088293875,70.89217302592458,71.5945278170013,3267200,0,4248.0,49.22758102428634,303177.5354003906,303226.7629814149,203.22676298141494,0.009884195511834282
2024-06-14,71.6464614868164,71.68850722667933,71.11228209783438,71.2792122134848,3114400,0,4248.0,49.22758102428634,304354.1683959961,304403.3959770204,204.4033959770204,0.003880373170350948
2024-06-17,72.51947021484375,72.79151094615148,71.52405548068072,71.83072300836075,3341600,0,4248.0,49.22758102428634,308062.70947265625,308111.93705368054,208.11193705368055,0.012182981943276827
2024-06-18,72.81005096435547,72.9782188280937,72.42301279954873,72.58623721338351,3729600,0,4248.0,49.22758102428634,309297.09649658203,309346.3240776063,209.34632407760634,0.004006294062247617
2024-06-20,71.81216430664062,73.33929039525077,71.49808540963699,73.30219565107745,4934400,0,4248.0,49.22758102428634,305058.0739746094,305107.30155563366,205.10730155563368,-0.013703161124065
2024-06-21,71.43997192382812,71.98529113888227,70.944117404645,71.60319636349895,3844800,0,4248.0,49.22758102428634,303477.0007324219,303526.22831344616,203.52622831344615,-0.005182023616367659
2024-06-24,70.12923431396484,71.2235708014437,70.10450196821202,71.04427072880108,4210400,0,4248.0,49.22758102428634,297908.98736572266,297958.21494674694,197.95821494674692,-0.01834442248249213
2024-06-25,71.13330078125,71.15184437885252,70.28874066626673,70.52244886462219,2475200,0,4248.0,49.22758102428634,302174.26171875,302223.4892997743,202.2234892997743,0.014315008410792363
2024-06-26,71.27550506591797,71.46593734001988,70.83282852005664,71.11970713336068,4517600,0,4248.0,49.22758102428634,302778.34552001953,302827.5731010438,202.8275731010438,0.001998798315343109
2024-06-27,71.4177017211914,71.68602915535014,71.17781233085205,71.25571506129354,3978400,0,4248.0,49.22758102428634,303382.3969116211,303431.6244926454,203.43162449264537,0.0019947040667924743
2024-06-28,71.39196014404297,72.5706980095462,71.31890446880129,71.85131839002308,3043200,0,4248.0,49.22758102428634,303273.04669189453,303322.2742729188,203.32227427291883,-0.00036037845399072843
2024-07-01,72.09276580810547,72.19677587141818,70.68991090272128,71.57025939399219,4725600,0,4248.0,49.22758102428634,306250.06915283203,306299.2967338563,206.2992967338563,0.009814717590634014
2024-07-02,72.57193756103516,72.57193756103516,71.62968787432456,71.68168912626354,2933600,0,4248.0,49.22758102428634,308285.59075927734,308334.81834030163,208.33481834030164,0.006645531439838592
2024-07-03,73.41018676757812,73.4250442685417,72.48898392172022,72.50755201931305,3024000,0,4248.0,49.22758102428634,311846.4733886719,311895.70096969616,211.89570096969615,0.011548752906213933
2024-07-05,73.78411102294922,73.97355549710909,73.29626958603991,73.47952469430156,4101600,0,4248.0,49.22758102428634,313434.9036254883,313484.13120651257,213.48413120651256,0.005092825043365279
2024-07-08,74.27938079833984,74.35491524499392,73.85716629107456,74.04041384109637,3916800,0,4248.0,49.22758102428634,315538.80963134766,315588.03721237194,215.58803721237197,0.006711363659021696
2024-07-09,74.12090301513672,74.66817448823367,73.76182908535878,74.57407193796229,3110400,0,4248.0,49.22758102428634,314865.5960083008,314914.82358932507,214.91482358932507,-0.0021332038723439473
2024-07-10,75.13866424560547,75.17333678109748,74.28184906328711,74.56043850277646,3171200,0,4248.0,49.22758102428634,319189.04571533203,319238.2732963563,219.2382732963563,0.01372894949101977
2024-07-11,73.69124603271484,75.34792537310929,73.36684467258122,75.34792537310929,5791200,0,4248.0,49.22758102428634,313040.41314697266,313089.64072799694,213.0896407279969,-0.019260323973283255
2024-07-12,74.37720489501953,75.0359151776157,73.67144333815051,73.86335903204046,5523200,0,4248.0,49.22758102428634,315954.36639404297,316003.59397506726,216.00359397506725,0.009307089306100247
2024-07-15,74.75855255126953,75.42345208866534,74.38833178523235,74.97151507728411,4791200,0,4248.0,49.22758102428634,317574.33123779297,317623.55881881726,217.62355881881726,0.005126412720096507
2024-07-16,74.84894561767578,75.08048382311584,74.20138227320982,75.00371754950594,3372800,0,4248.0,49.22758102428634,317958.3209838867,318007.548564911,218.00754856491102,0.0012089460477104907
2024-07-17,72.1521987915039,73.30741865380278,72.05686441652173,73.17617235254907,6105600,0,4248.0,49.22758102428634,306502.5404663086,306551.7680473329,206.55176804733287,-0.03602361192140002
2024-07-18,71.77703857421875,72.79110465802248,71.05889826236856,72.72176712909675,9515200,0,4248.0,49.22758102428634,304908.85986328125,304958.08744430554,204.95808744430553,-0.005198732381087701
2024-07-19,70.9251708984375,71.9082825615956,70.77163834342731,71.58016302657728,3268800,0,4248.0,49.22758102428634,301290.1259765625,301339.3535575868,201.33935355758678,-0.011866331918085726
2024-07-22,72.33792877197266,72.37384070005855,71.38453963064194,71.78074976651884,3532800,0,4248.0,49.22758102428634,307291.52142333984,307340.74900436413,207.3407490043641,0.01991573744326902
2024-07-23,72.20420837402344,72.78862359120559,71.97390198412499,72.12124517309464,3251200,0,4248.0,49.22758102428634,306723.47717285156,306772.70475387585,206.77270475387584,-0.0018482555675694012
2024-07-24,69.3700180053711,71.56654001394442,69.15704790117911,71.37957431444087,5790400,0,4248.0,49.22758102428634,294683.8364868164,294733.0640678407,194.73306406784067,-0.039246127505687234
2024-07-25,68.71748352050781,70.35682625956898,67.76037651890071,69.27714112355733,5316000,0,4248.0,49.22758102428634,291911.8699951172,291961.0975761415,191.96109757614147,-0.009405006867709842
2024-07-26,69.5309829711914,70.07082567464626,69.132294088258,69.71299869917402,3784000,0,4248.0,49.22758102428634,295367.6156616211,295416.8432426454,195.4168432426454,0.011836322356620466
2024-07-29,69.27467346191406,70.32960130909365,69.08027901944601,70.0757768664091,3352800,0,4248.0,49.22758102428634,294278.81286621094,294328.0404472352,194.32804044723522,-0.0036856490085632743
2024-07-30,67.9522933959961,69.68202809407748,67.38273582229925,69.54706367101335,3631200,0,4248.0,49.22758102428634,288661.3423461914,288710.5699272157,188.71056992721572,-0.019085747017116406
2024-07-31,70.32958221435547,70.68121969646259,69.3390421744942,69.78602155374861,3399200,0,4248.0,49.22758102428634,298760.06524658203,298809.2928276063,198.8092928276063,0.034978708617895427
2024-08-01,67.78762817382812,70.87563809650129,67.22920982802714,70.25655036186131,5325600,0,4248.0,49.22758102428634,287961.8444824219,288011.07206344616,188.01107206344616,-0.0361374998146059
2024-08-02,66.12476348876953,66.74014066457227,65.28280562936614,66.23744169544305,6441600,0,4248.0,49.22758102428634,280897.99530029297,280947.22288131726,180.94722288131723,-0.024526311198802775
2024-08-05,63.81061172485352,65.01040410489182,61.1807281320076,61.29835631774148,11225600,0,4248.0,49.22758102428634,271067.4786071778,271116.7061882021,171.1167061882021,-0.03499061707140616
2024-08-06,64.4445571899414,65.63321022611856,63.55554807147153,64.35789094912761,5969600,0,4248.0,49.22758102428634,273760.4789428711,273809.7065238954,173.80970652389541,0.009932992966593002
2024-08-07,63.69545364379883,66.26961747668184,63.591451146409824,65.69015231956101,5260000,-1,0.0,270627.5146598817,0.0,270627.5146598817,170.62751465988174,-0.01162191035669502
2024-08-08,65.90188598632812,66.04798977737376,63.89480093254163,64.88163066090917,3280000,0,0.0,270627.5146598817,0.0,270627.5146598817,170.62751465988174,0.0
2024-08-09,66.32164001464844,66.56803575123938,65.48463209531748,65.76817158866663,3380800,0,0.0,270627.5146598817,0.0,270627.5146598817,170.62751465988174,0.0
2024-08-12,66.66584014892578,67.2044510014732,66.18047749083402,66.49745010225236,3022400,0,0.0,270627.5146598817,0.0,270627.5146598817,170.62751465988174,0.0
2024-08-13,68.59243774414062,68.60977401331066,67.33816547118914,67.33816547118914,4967200,0,0.0,270627.5146598817,0.0,270627.5146598817,170.62751465988174,0.0
2024-08-14,68.8945541381836,69.23134177990431,68.08974012062072,68.97503856282907,3368800,0,0.0,270627.5146598817,0.0,270627.5146598817,170.62751465988174,0.0
2024-08-15,70.74811553955078,70.81002431790341,69.70928442505993,69.77738256980304,3487200,0,0.0,270627.5146598817,0.0,270627.5146598817,170.62751465988174,0.0
2024-08-16,70.91154479980469,71.06631672206727,70.23921647636274,70.4843727829154,3006400,0,0.0,270627.5146598817,0.0,270627.5146598817,170.62751465988174,0.0
2024-08-19,71.89959716796875,71.89959716796875,70.43359438199512,70.82362259926792,4008800,0,0.0,270627.5146598817,0.0,270627.5146598817,170.62751465988174,0.0
2024-08-20,71.6594009399414,72.11009859716756,71.2829983407016,71.7671215946599,3181600,0,0.0,270627.5146598817,0.0,270627.5146598817,170.62751465988174,0.0
2024-08-21,72.06675720214844,72.30201354758105,71.51453581848469,71.67673649121261,2658400,0,0.0,270627.5146598817,0.0,270627.5146598817,170.62751465988174,0.0
2024-08-22,70.55867004394531,72.57813406271546,70.49057190017349,72.43821962105622,4973600,0,0.0,270627.5146598817,0.0,270627.5146598817,170.62751465988174,0.0
2024-08-23,71.81542205810547,72.07667528823526,71.00812917249989,71.27557932622547,3362400,0,0.0,270627.5146598817,0.0,270627.5146598817,170.62751465988174,0.0
2024-08-26,71.13565826416016,72.01228104023407,70.75429811011425,71.85750910921807,2830400,0,0.0,270627.5146598817,0.0,270627.5146598817,170.62751465988174,0.0
2024-08-27,71.46748352050781,71.58263292249146,70.34816815484523,70.63790451519509,2420000,0,0.0,270627.5146598817,0.0,270627.5146598817,170.62751465988174,0.0
2024-08-28,70.52523040771484,71.48357688306714,69.99033776996005,71.36346994892232,2856800,0,0.0,270627.5146598817,0.0,270627.5146598817,170.62751465988174,0.0
2024-08-29,70.33702087402344,71.69034548732338,70.18348835536497,70.72457032380899,3172000,0,0.0,270627.5146598817,0.0,270627.5146598817,170.62751465988174,0.0
2024-08-30,71.06754302978516,71.26813437810311,70.26396848096456,70.95487240430678,2256000,0,0.0,270627.5146598817,0.0,270627.5146598817,170.62751465988174,0.0
2024-09-03,67.93744659423828,70.47075619328226,67.55608645350391,70.47075619328226,4990400,0,0.0,270627.5146598817,0.0,270627.5146598817,170.62751465988174,0.0
2024-09-04,67.79134368896484,68.33985449363861,66.97291154936137,67.25769038476625,3815200,0,0.0,270627.5146598817,0.0,270627.5146598817,170.62751465988174,0.0
2024-09-05,67.64028930664062,68.420345947839,67.25150792796934,67.36293919298068,2816000,0,0.0,270627.5146598817,0.0,270627.5146598817,170.62751465988174,0.0
2024-09-06,66.01579284667969,67.80867588768591,65.73101402837156,67.68980833379773,5536800,0,0.0,270627.5146598817,0.0,270627.5146598817,170.62751465988174,0.0
2024-09-09,66.90727996826172,67.01500061782158,66.10494476954754,66.6695524199802,2603200,0,0.0,270627.5146598817,0.0,270627.5146598817,170.62751465988174,0.0
2024-09-10,67.58580017089844,67.6452377281172,66.5395480193926,67.12396317194705,4584800,0,0.0,270627.5146598817,0.0,270627.5146598817,170.62751465988174,0.0
2024-09-11,69.53345489501953,69.62878926007869,66.78470404831778,67.81238809915408,3863200,0,0.0,270627.5146598817,0.0,270627.5146598817,170.62751465988174,0.0
2024-09-12,70.06835174560547,70.35313058769016,68.9849482267439,69.5334590442836,3340000,0,0.0,270627.5146598817,0.0,270627.5146598817,170.62751465988174,0.0
2024-09-13,70.48188018798828,70.69608206807017,70.01137514804974,70.22310581677166,2504800,0,0.0,270627.5146598817,0.0,270627.5146598817,170.62751465988174,0.0
2024-09-16,70.06835174560547,70.25159929391292,69.45297461713602,69.84795288801564,2271200,0,0.0,270627.5146598817,0.0,270627.5146598817,170.62751465988174,0.0
2024-09-17,70.03244018554688,70.69981857037382,69.64118006644772,70.58590854439153,2005600,0,0.0,270627.5146598817,0.0,270627.5146598817,170.62751465988174,0.0
2024-09-18,69.70927429199219,70.9462102945186,69.62136111891006,70.23425944695384,3574400,0,0.0,270627.5146598817,0.0,270627.5146598817,170.62751465988174,0.0
2024-09-19,71.77084350585938,72.1905792429826,71.31023830534222,71.56159155099351,4102400,0,0.0,270627.5146598817,0.0,270627.5146598817,170.62751465988174,0.0
2024-09-20,71.51949310302734,71.90580325702383,71.02794105371893,71.60864566937768,2511200,1,3783.0,69.2722511292668,270558.24240875244,270627.5146598817,170.62751465988174,0.0
2024-09-23,71.49472045898438,71.65321053461037,71.30652294070696,71.61606678476764,3056000,0,3783.0,69.2722511292668,270464.5274963379,270533.79974746716,170.53379974746713,-0.0003462874517113912
2024-09-24,72.13981628417969,72.15591316948175,71.01060088718198,71.8030286346555,2599200,0,3783.0,69.2722511292668,272904.92500305176,272974.197254181,172.97419725418104,0.009020675083822649
2024-09-25,72.18809509277344,72.55335074194576,71.90207691528802,71.90207691528802,2404000,0,3783.0,69.2722511292668,273087.5637359619,273156.8359870912,173.1568359870912,0.0006690695851376827
2024-09-26,73.08330535888672,73.57857553497405,72.32182444026319,73.50675924341891,3957600,0,3783.0,69.2722511292668,276474.14417266846,276543.4164237977,176.54341642379774,0.012397934045723868
2024-09-27,72.541015625,73.24910908442736,72.15782074332532,73.24910908442736,2637600,0,3783.0,69.2722511292668,274422.662109375,274491.93436050427,174.49193436050425,-0.007418300134650835
2024-09-30,72.7344741821289,72.77539210366905,71.86392004526958,72.20867207825341,4309600,0,3783.0,69.2722511292668,275154.51583099365,275223.7880821229,175.22378808212292,0.002666212117757416
2024-10-01,70.90655517578125,72.54596637248929,70.46879554045647,72.54596637248929,4868000,0,3783.0,69.2722511292668,268239.49822998047,268308.77048110974,168.30877048110975,-0.025125072397266135
2024-10-02,71.35299682617188,71.69650753760504,70.44152478994314,70.8681126556309,2304000,0,3783.0,69.2722511292668,269928.3869934082,269997.65924453747,169.9976592445375,0.006294571587799114
2024-10-03,71.63326263427734,72.17518667001181,71.12729883617206,71.1607840164018,2632800,0,3783.0,69.2722511292668,270988.6325454712,271057.90479660046,171.05790479660047,0.003926869421866819
2024-10-04,72.55091857910156,72.66128946437118,71.71013342971155,72.66128946437118,2838400,0,3783.0,69.2722511292668,274460.1249847412,274529.3972358705,174.52939723587048,0.012807198675408582
2024-10-07,72.03008270263672,72.69973319294394,71.90854756849565,72.20369242872464,2870400,0,3783.0,69.2722511292668,272489.8028640747,272559.075115204,172.55907511520397,-0.007177089741590148
2024-10-08,73.34335327148438,73.45248285537433,72.39715481940479,72.50504309023066,2664000,0,3783.0,69.2722511292668,277457.9054260254,277527.17767715466,177.52717767715467,0.01822761748017676
2024-10-09,74.16429901123047,74.23126936375367,73.23670513211383,73.3669143290461,3749600,0,3783.0,69.2722511292668,280563.54315948486,280632.81541061413,180.63281541061414,0.011190391367984276
2024-10-10,74.23126983642578,74.35651378197933,73.44131788951174,73.65957705516001,4060800,0,3783.0,69.2722511292668,280816.89379119873,280886.166042328,180.886166042328,0.0009027833446462186
2024-10-11,74.46068572998047,74.61197454277745,74.0030877834492,74.04525458233313,2566400,0,3783.0,69.2722511292668,281684.7741165161,281754.0463676454,181.75404636764537,0.0030897937678660004
2024-10-14,75.38333129882812,75.57554562133907,74.92200935581889,74.94681291300999,3144000,0,3783.0,69.2722511292668,285175.1423034668,285244.41455459606,185.2444145545961,0.012387996665702783
2024-10-15,74.02416229248047,75.65365804519328,73.75257966702833,75.50360298681731,3642400,0,3783.0,69.2722511292668,280033.4059524536,280102.6782035829,180.10267820358288,-0.01802572141173009
2024-10-16,74.29823303222656,74.41356161196774,73.46860447694333,74.29203403591443,2238400,0,3783.0,69.2722511292668,281070.2155609131,281139.48781204235,181.13948781204235,0.0037015340771069383
2024-10-17,74.59088897705078,75.39199754007765,74.55988642913307,75.30146495325059,3032000,0,3783.0,69.2722511292668,282177.3330001831,282246.6052513124,182.24660525131236,0.003937964915160519
2024-10-18,74.84759521484375,75.1018146083492,74.72606764220781,75.1018146083492,2437600,0,3783.0,69.2722511292668,283148.4526977539,283217.7249488832,183.21772494888316,0.003440678043606926
2024-10-21,75.2655029296875,75.27418455117544,74.51028511903091,74.63305399482367,2782400,0,3783.0,69.2722511292668,284729.3975830078,284798.6698341371,184.79866983413706,0.005582083132470661
2024-10-22,75.21342468261719,75.44532314206354,74.66530173928777,74.90835687766956,3076800,0,3783.0,69.2722511292668,284532.3855743408,284601.6578254701,184.60165782547006,-0.0006917588792874074
2024-10-23,74.04525756835938,75.01129435266853,73.36940042878264,74.90216476537259,3583200,0,3783.0,69.2722511292668,280113.2093811035,280182.4816322328,180.1824816322328,-0.015527584157458918
2024-10-24,74.29698181152344,74.46687516032354,73.82574461991045,74.35527053464156,2189600,0,3783.0,69.2722511292668,281065.48219299316,281134.75444412243,181.13475444412242,0.0033987592883826245
2024-10-25,74.649169921875,75.47011669964517,74.52515974313049,74.64296335775326,3286400,0,3783.0,69.2722511292668,282397.8098144531,282467.0820655824,182.4670820655824,0.0047391067820636845
2024-10-28,74.80171203613281,75.19482224658927,74.76202786428186,75.19482224658927,2640800,0,3783.0,69.2722511292668,282974.87663269043,283044.1488838197,183.0441488838197,0.0020429524531404564
2024-10-29,75.68589782714844,75.90043302741957,74.59460970127029,74.90215254128638,3360000,0,3783.0,69.2722511292668,286319.75148010254,286389.0237312318,186.3890237312318,0.011817502183325779
2024-10-30,74.6938247680664,75.4031594808144,74.61197379722198,75.18118394706605,3105600,0,3783.0,69.2722511292668,282566.7390975952,282636.0113487245,182.63601134872448,-0.013104595747459258
2024-10-31,72.21115112304688,73.88033144446668,72.17394957005484,73.88033144446668,5942400,0,3783.0,69.2722511292668,273174.7846984863,273244.0569496156,173.2440569496156,-0.033229857562350085
2024-11-01,72.72826385498047,73.29003373652942,72.29795206158487,72.34259392040157,3328800,0,3783.0,69.2722511292668,275131.0221633911,275200.2944145204,175.20029441452039,0.007159304713681314
2024-11-04,72.65757751464844,73.2143820886376,72.34011171280477,72.78158771175896,2911200,0,3783.0,69.2722511292668,274863.61573791504,274932.8879890443,174.9328879890443,-0.0009716792856089285
2024-11-05,73.7104263305664,73.74390393844715,72.8373896578564,72.8373896578564,2513600,0,3783.0,69.2722511292668,278846.5428085327,278915.815059662,178.91581505966195,0.014486906603826899
2024-11-06,76.01949310302734,76.16210029011866,75.07205336856693,75.26923291481796,5134400,0,3783.0,69.2722511292668,287581.74240875244,287651.0146598817,187.65101465988172,0.031318409099000855
2024-11-07,77.57706451416016,77.59690281652206,76.57630125586635,76.6197017998355,4264000,0,3783.0,69.2722511292668,293474.0350570679,293543.30730819714,193.54330730819714,0.020484171263162265
2024-11-08,77.4406509399414,77.68619629863647,77.14798866568033,77.54730547122504,3446400,0,3783.0,69.2722511292668,292957.98250579834,293027.2547569276,193.02725475692762,-0.0017580116406050728
2024-11-11,77.12442016601562,77.61674458759616,76.66186454987864,77.61674458759616,3454400,0,3783.0,69.2722511292668,291761.6814880371,291830.9537391664,191.83095373916638,-0.004082558868981567
2024-11-12,77.25959777832031,77.39600597402085,76.66062637854436,77.13310494919217,3238400,0,3783.0,69.2722511292668,292273.05839538574,292342.330646515,192.34233064651502,0.0017523052328634048
2024-11-13,76.94833374023438,77.58450671011623,76.78836329742113,77.13434905145171,5676800,0,3783.0,69.2722511292668,291095.54653930664,291164.8187904359,191.16481879043593,-0.004027852735096649
2024-11-14,76.63581085205078,77.2137025463541,76.47459912713963,77.04628425707715,2884800,0,3783.0,69.2722511292668,289913.2724533081,289982.5447044374,189.98254470443737,-0.004060497730838386
2024-11-15,74.77195739746094,75.85208147900532,74.44456862753773,75.85208147900532,4911200,0,3783.0,69.2722511292668,282862.3148345947,282931.587085724,182.931587085724,-0.024315110503978832
2024-11-18,74.99143981933594,75.30643055177818,74.39371735343425,74.77194692597539,3436800,0,3783.0,69.2722511292668,283692.61683654785,283761.8890876771,183.7618890876771,0.0029346387602229296
2024-11-19,75.91532135009766,75.94880652587874,74.53012954753902,74.60701526534737,3312800,0,3783.0,69.2722511292668,287187.66066741943,287256.9329185487,187.25693291854867,0.01231681901367554
2024-11-20,75.99593353271484,76.01577183484845,74.93440649748715,76.01329677769557,3030400,0,3783.0,69.2722511292668,287492.61655426025,287561.8888053895,187.56188880538951,0.0010616136701817602
2024-11-21,76.79705047607422,77.29060871546943,75.58422692608447,76.83176940080901,3704000,0,3783.0,69.2722511292668,290523.24195098877,290592.51420211804,190.59251420211805,0.010539037037621934
2024-11-22,77.08226776123047,77.13930761317113,76.51678151145086,76.7511550538265,4295200,0,3783.0,69.2722511292668,291602.21894073486,291671.49119186413,191.67149119186413,0.0037130240354217303
2024-11-25,77.04629516601562,77.82508286253463,76.76231453014795,77.687433355781,5583200,0,3783.0,69.2722511292668,291466.1346130371,291535.4068641664,191.53540686416636,-0.0004665671202271904
2024-11-26,77.27943420410156,77.65643005619837,77.03141380413554,77.34019799105613,2852800,0,3783.0,69.2722511292668,292348.0995941162,292417.3718452455,192.4173718452455,0.003025241395430367
2024-11-27,76.48453521728516,76.98677503354466,75.70823012324794,76.98677503354466,3337600,0,3783.0,69.2722511292668,289340.99672698975,289410.268978119,189.410268978119,-0.01028359857060035
2024-11-29,77.16535186767578,77.3637651727277,76.62094523842559,76.70031358803932,1688800,0,3783.0,69.2722511292668,291916.5261154175,291985.79836654675,191.98579836654676,0.008899232903938348
2024-12-02,77.92430114746094,78.20952313897465,77.27324749403519,77.32532966699397,3457600,0,3783.0,69.2722511292668,294787.6312408447,294856.903491974,194.856903491974,0.009833030036012103
2024-12-03,78.32855987548828,78.3508808022541,77.50637167919683,77.71719052396057,2440800,0,3783.0,69.2722511292668,296316.94200897217,296386.21426010143,196.38621426010144,0.005186620187677127
2024-12-04,79.9158935546875,79.9357394256345,79.18423790438563,79.33428540463478,3933600,0,3783.0,69.2722511292668,302321.8253173828,302391.0975685121,202.39109756851207,0.02026033269935046
2024-12-05,79.5166015625,79.96055273209663,79.44094957047697,79.93699048585675,3452000,0,3783.0,69.2722511292668,300811.3037109375,300880.57596206677,200.88057596206679,-0.004995258189117391
2024-12-06,79.92953491210938,80.17135632597726,79.6579522600391,79.73732060790033,2700800,0,3783.0,69.2722511292668,302373.43057250977,302442.70282363903,202.44270282363902,0.005191850143789978
2024-12-09,79.33303833007812,79.8749622678621,79.13958273179577,79.69886991315185,5318400,0,3783.0,69.2722511292668,300116.88400268555,300186.1562538148,200.1861562538148,-0.007461071299644018
2024-12-10,78.19463348388672,79.36033244198191,77.92801608372501,79.19539674952135,4460800,0,3783.0,69.2722511292668,295810.29846954346,295879.5707206727,195.87957072067272,-0.014346382880830677
2024-12-11,79.3913345336914,79.63191463348068,78.56666364514523,78.91761464363285,3643200,0,3783.0,69.2722511292668,300337.4185409546,300406.69079208386,200.40669079208385,0.015300549681022124
2024-12-12,79.04656982421875,79.35907791178435,78.73530304953731,78.96596774554006,2456000,0,3783.0,69.2722511292668,299033.17364501953,299102.4458961488,199.1024458961488,-0.004341597360884797
2024-12-13,79.41985321044922,80.13539450213462,78.80848381938861,79.90597108574006,2840000,0,3783.0,69.2722511292668,300445.3046951294,300514.57694625866,200.51457694625867,0.004721228694332336
2024-12-16,80.35489654541016,80.44046389776001,79.39381736522658,79.57611631979061,3426400,0,3783.0,69.2722511292668,303982.5736312866,304051.8458824159,204.05184588241588,0.011770706672874054
2024-12-17,79.86009216308594,80.08455033916005,79.31072784416384,79.79932837156603,3439200,0,3783.0,69.2722511292668,302110.7286529541,302180.00090408337,202.18000090408336,-0.006156334860918489
2024-12-18,77.13565063476562,80.39733659053063,76.8711892016968,80.15770109747939,8525600,0,3783.0,69.2722511292668,291804.16635131836,291873.4386024476,191.8734386024476,-0.03410736074789811
2024-12-19,77.20144653320312,78.18852008541216,77.10087723260071,77.9960735939045,6925600,0,3783.0,69.2722511292668,292053.0722351074,292122.3444862367,192.12234448623667,0.000852787033245983
2024-12-20,78.42071533203125,79.01544673030156,76.47140133042991,76.65267770374827,5290400,0,3783.0,69.2722511292668,296665.5661010742,296734.8383522035,196.7348383522035,0.01578959621893672
2024-12-23,79.14580535888672,79.15821832949418,78.16121732092942,78.72862951521114,3564000,0,3783.0,69.2722511292668,299408.58167266846,299477.8539237977,199.4778539237977,0.009243995706154529
2024-12-24,80.01492309570312,80.01492309570312,79.32831457599642,79.43633318267933,3484000,0,3783.0,69.2722511292668,302696.4540710449,302765.7263221742,202.76572632217417,0.01097868291527515
2024-12-26,80.15398406982422,80.36132917888892,79.4425495886651,79.78646768685901,3670400,0,3783.0,69.2722511292668,303222.521736145,303291.7939872743,203.2917939872743,0.001737540346757438
2024-12-27,78.9036865234375,79.6970708077813,78.13017208448646,79.6970708077813,4839200,0,3783.0,69.2722511292668,298492.64611816406,298561.91836929333,198.56191836929332,-0.015595132185407645
2024-12-30,77.91909790039062,78.57342357402068,77.23001136480211,77.74527085622165,3900000,0,3783.0,69.2722511292668,294767.94735717773,294837.219608307,194.837219608307,-0.012475464993426333
2024-12-31,77.20269012451172,78.17610790478375,76.95934136303774,78.15872368521407,5552000,0,3783.0,69.2722511292668,292057.77674102783,292127.0489921571,192.1270489921571,-0.009192091214773934
2025-01-02,77.14558410644531,78.12147996830235,76.3956527945025,77.84832643011542,7610400,0,3783.0,69.2722511292668,291841.7446746826,291911.0169258119,191.9110169258119,-0.0007395140815974477
2025-01-03,78.58087158203125,78.63053103803213,77.54413097511645,77.6074537912836,3756800,0,3783.0,69.2722511292668,297271.4371948242,297340.7094459535,197.34070944595348,0.018600505651766852
2025-01-06,79.65858459472656,80.42961343835172,79.37798174815327,79.58656966410688,5167200,0,3783.0,69.2722511292668,301348.4255218506,301417.69777297985,201.41769777297984,0.013711504000320618
2025-01-07,77.90667724609375,80.18626077177319,77.61241863087645,80.17508303658273,5126400,0,3783.0,69.2722511292668,294720.96002197266,294790.2322731019,194.79023227310194,-0.021987645545848422
2025-01-08,77.823486328125,78.07056351512892,76.96678687672004,78.07056351512892,3906400,0,3783.0,69.2722511292668,294406.2487792969,294475.52103042614,194.47552103042614,-0.0010675769012055136
2025-01-10,76.16471862792969,77.12447310279045,75.63331013513756,77.12447310279045,6786400,0,3783.0,69.2722511292668,288131.130569458,288200.4028205873,188.20040282058724,-0.02130947315376519
2025-01-13,75.54143524169922,75.59234509229879,74.5767170650281,74.87593937091138,6135200,0,3783.0,69.2722511292668,285773.24951934814,285842.5217704774,185.84252177047742,-0.00818139401275475
2025-01-14,75.72146606445312,76.44159261987603,75.15778233696491,76.2193489260744,3345600,0,3783.0,69.2722511292668,286454.3061218262,286523.57837295544,186.52357837295543,0.0023826287224855136
2025-01-15,77.40010833740234,77.60248975442155,76.63155759338085,76.9307798749282,5856800,0,3783.0,69.2722511292668,292804.60984039307,292873.88209152233,192.87388209152235,0.022163284971615793
2025-01-16,76.7507553100586,78.07926905147563,76.72840741563539,78.07554819146824,3017600,0,3783.0,69.2722511292668,290348.10733795166,290417.3795890809,190.41737958908095,-0.008387577905201393
2025-01-17,77.90667724609375,78.26302344396558,77.53668284410122,78.23074062911043,3728800,0,3783.0,69.2722511292668,294720.96002197266,294790.2322731019,194.79023227310194,0.01505713153327215
2025-01-21,78.54360961914062,78.71743664297752,77.50314825726265,78.21334736760015,4209600,0,3783.0,69.2722511292668,297130.475189209,297199.74744033825,197.19974744033823,0.008173660126581384
2025-01-22,80.11672973632812,80.25703114977793,79.38418266748621,79.46240407775028,6322400,0,3783.0,69.2722511292668,303081.5885925293,303150.86084365856,203.15086084365856,0.020023951751557245
2025-01-23,80.24958038330078,80.24958038330078,79.37176824495045,79.54683051635399,3655200,0,3783.0,69.2722511292668,303584.16259002686,303653.4348411561,203.6534348411561,0.0016578346375097919
2025-01-24,79.47855377197266,80.55005534493293,79.26003092547364,80.55005534493293,3360800,0,3783.0,69.2722511292668,300667.36891937256,300736.6411705018,200.73664117050183,-0.00960566664487128
2025-01-27,75.33782196044922,76.59555601433432,74.64872777425855,75.81832064044752,12632000,0,3783.0,69.2722511292668,285002.9804763794,285072.25272750866,185.07225272750864,-0.05208673070905345
2025-01-28,77.68815612792969,77.80238120576034,75.09072347837304,75.89155699193435,4972800,-1,0.0,293963.5668830873,0.0,293963.5668830873,193.96356688308728,0.031189686370765468
2025-01-29,76.9593505859375,77.39142503309029,76.15851693658003,77.39142503309029,4616000,0,0.0,293963.5668830873,0.0,293963.5668830873,193.96356688308728,0.0
2025-01-30,76.96680450439453,77.33307052504492,76.15479307005022,76.80911884359644,4323200,0,0.0,293963.5668830873,0.0,293963.5668830873,193.96356688308728,0.0
2025-01-31,76.55830383300781,78.25433385513196,76.32861084010064,77.78624818090266,5211200,0,0.0,293963.5668830873,0.0,293963.5668830873,193.96356688308728,0.0
2025-02-03,75.47065734863281,75.90273932683337,74.26506852866737,74.68348714669997,7942400,0,0.0,293963.5668830873,0.0,293963.5668830873,193.96356688308728,0.0
2025-02-04,76.48255920410156,76.5595377970505,75.52156202660196,75.61343921314585,3393600,0,0.0,293963.5668830873,0.0,293963.5668830873,193.96356688308728,0.0
2025-02-05,77.56150817871094,77.60124028679277,76.42047751272335,76.58064117938547,5761600,0,0.0,293963.5668830873,0.0,293963.5668830873,193.96356688308728,0.0
2025-02-06,77.85205078125,78.01593531743377,77.29953724899148,77.65587585346913,2661600,0,0.0,293963.5668830873,0.0,293963.5668830873,193.96356688308728,0.0
2025-02-07,77.10957336425781,78.46912700118513,76.82773529223661,78.1040962654913,3814400,0,0.0,293963.5668830873,0.0,293963.5668830873,193.96356688308728,0.0
2025-02-10,78.07926177978516,78.33255304924457,77.65587948163329,77.65587948163329,3560800,0,0.0,293963.5668830873,0.0,293963.5668830873,193.96356688308728,0.0
2025-02-11,77.97744750976562,78.40704385903449,77.6186308514804,77.64469960276345,2773600,0,0.0,293963.5668830873,0.0,293963.5668830873,193.96356688308728,0.0
2025-02-12,77.87564086914062,77.91785860856092,76.80166128766815,76.97300271439455,3887200,0,0.0,293963.5668830873,0.0,293963.5668830873,193.96356688308728,0.0
2025-02-13,79.08372497558594,79.10979372936355,78.02215833738015,78.11030710015372,3339200,0,0.0,293963.5668830873,0.0,293963.5668830873,193.96356688308728,0.0
2025-02-14,79.4462661743164,79.49096195983117,78.84160752287137,78.96576753471841,2726400,0,0.0,293963.5668830873,0.0,293963.5668830873,193.96356688308728,0.0
2025-02-18,79.9714584350586,80.05340828441014,79.43632910160576,79.82743615958921,3441600,0,0.0,293963.5668830873,0.0,293963.5668830873,193.96356688308728,0.0
2025-02-19,79.91683197021484,80.24089536894203,79.30845244321212,79.94042267620455,2620800,0,0.0,293963.5668830873,0.0,293963.5668830873,193.96356688308728,0.0
2025-02-20,79.64988708496094,79.95904428904429,78.72985719186006,79.95904428904429,3352000,0,0.0,293963.5668830873,0.0,293963.5668830873,193.96356688308728,0.0
2025-02-21,77.49323272705078,79.80757719990218,77.46094991100632,79.80757719990218,4851200,0,0.0,293963.5668830873,0.0,293963.5668830873,193.96356688308728,0.0
2025-02-24,76.36336517333984,78.00724997128708,76.14981360664098,77.74775223180981,4652800,0,0.0,293963.5668830873,0.0,293963.5668830873,193.96356688308728,0.0
2025-02-25,75.23474884033203,76.2218222946176,74.63256833087817,76.21313018578275,6432000,0,0.0,293963.5668830873,0.0,293963.5668830873,193.96356688308728,0.0
2025-02-26,75.79595947265625,76.6042423695096,75.28318559101756,75.80341634843445,4005600,0,0.0,293963.5668830873,0.0,293963.5668830873,193.96356688308728,0.0
2025-02-27,73.12651824951172,76.48753066623253,73.09920668451423,76.48753066623253,7045600,0,0.0,293963.5668830873,0.0,293963.5668830873,193.96356688308728,0.0
2025-02-28,74.30728912353516,74.30728912353516,72.17297799679139,72.78508600890778,7008800,0,0.0,293963.5668830873,0.0,293963.5668830873,193.96356688308728,0.0
2025-03-03,71.80918884277344,74.74309078267699,71.26909577578478,74.61148146186329,7939200,0,0.0,293963.5668830873,0.0,293963.5668830873,193.96356688308728,0.0
2025-03-04,71.78932189941406,73.08803080108149,70.24477101591143,71.02946321692531,9321600,0,0.0,293963.5668830873,0.0,293963.5668830873,193.96356688308728,0.0
2025-03-05,72.87198638916016,73.02718639195236,71.04683284069894,71.96313426343406,5182400,0,0.0,293963.5668830873,0.0,293963.5668830873,193.96356688308728,0.0
2025-03-06,70.6296615600586,72.38528592245103,70.3093341900999,71.3038495058446,6288800,0,0.0,293963.5668830873,0.0,293963.5668830873,193.96356688308728,0.0
2025-03-07,71.5000228881836,71.64280992800967,69.54450277073117,70.62345353866009,6768000,0,0.0,293963.5668830873,0.0,293963.5668830873,193.96356688308728,0.0
2025-03-10,68.29669952392578,70.0361825252707,67.53435522241277,70.01506986672864,11074400,0,0.0,293963.5668830873,0.0,293963.5668830873,193.96356688308728,0.0
2025-03-11,68.08563232421875,69.27011623496234,67.34687865961321,68.03596528295266,7833600,0,0.0,293963.5668830873,0.0,293963.5668830873,193.96356688308728,0.0
2025-03-12,69.09008026123047,69.81020678660026,68.2880038874455,69.34087832238271,6600000,0,0.0,293963.5668830873,0.0,293963.5668830873,193.96356688308728,0.0
2025-03-13,67.84600067138672,69.07642311779132,67.54304992375073,68.99199521476177,6982400,0,0.0,293963.5668830873,0.0,293963.5668830873,193.96356688308728,0.0
2025-03-14,69.90332794189453,70.00761810579718,68.73746363759527,68.73746363759527,5034400,0,0.0,293963.5668830873,0.0,293963.5668830873,193.96356688308728,0.0
2025-03-17,70.3180160522461,70.86928677954472,69.64755656972096,69.873528689005,3984000,0,0.0,293963.5668830873,0.0,293963.5668830873,193.96356688308728,0.0
2025-03-18,69.31977081298828,69.96167590515257,69.01309924378097,69.82013926143199,4282400,0,0.0,293963.5668830873,0.0,293963.5668830873,193.96356688308728,0.0
2025-03-19,70.2596664428711,71.07291298554433,69.40544497538554,69.65376499318656,4726400,0,0.0,293963.5668830873,0.0,293963.5668830873,193.96356688308728,0.0
2025-03-20,69.86608123779297,70.64704496454829,69.4551119120381,69.61899645480469,4427200,0,0.0,293963.5668830873,0.0,293963.5668830873,193.96356688308728,0.0
2025-03-21,70.10198211669922,70.16158407521073,68.73995043110594,69.00565467386889,3026400,0,0.0,293963.5668830873,0.0,293963.5668830873,193.96356688308728,0.0
2025-03-24,71.4404296875,71.67012267383295,71.1039533336178,71.22935615571735,4049600,0,0.0,293963.5668830873,0.0,293963.5668830873,193.96356688308728,0.0
2025-03-25,71.74115753173828,71.85552752711061,71.40798748418283,71.53851936439182,2626400,0,0.0,293963.5668830873,0.0,293963.5668830873,193.96356688308728,0.0
2025-03-26,70.015625,71.59942890522038,69.71974871136115,71.5049463810851,4086400,0,0.0,293963.5668830873,0.0,293963.5668830873,193.96356688308728,0.0
2025-03-27,69.27468872070312,69.86644128799911,68.90919493429907,69.60164438214827,3712800,0,0.0,293963.5668830873,0.0,293963.5668830873,193.96356688308728,0.0
2025-03-28,67.53424835205078,69.17150796591504,67.2731845951415,68.94152358900635,6380000,0,0.0,293963.5668830873,0.0,293963.5668830873,193.96356688308728,0.0
2025-03-31,67.42733764648438,67.52430136723919,65.50290484949565,66.23512928149817,7151200,0,0.0,293963.5668830873,0.0,293963.5668830873,193.96356688308728,0.0
2025-04-01,67.99422454833984,68.07005641432185,66.60311119897578,67.13146065785708,3972000,0,0.0,293963.5668830873,0.0,293963.5668830873,193.96356688308728,0.0
2025-04-02,68.55364990234375,69.14912806002661,66.99471101567683,67.0133540900461,3593600,0,0.0,293963.5668830873,0.0,293963.5668830873,193.96356688308728,0.0
2025-04-03,63.588409423828125,65.37858468903737,63.47403563982384,65.08270839398557,14137600,0,0.0,293963.5668830873,0.0,293963.5668830873,193.96356688308728,0.0
2025-04-04,59.49836349487305,61.91012252941366,59.21367532296639,61.445176236905695,22274400,0,0.0,293963.5668830873,0.0,293963.5668830873,193.96356688308728,0.0
2025-04-07,59.66743469238281,62.57397886124897,56.067200444525575,56.87153493525171,21929600,0,0.0,293963.5668830873,0.0,293963.5668830873,193.96356688308728,0.0
2025-04-08,58.47523498535156,62.84251034705319,57.37502410477458,62.1077933019746,12530400,0,0.0,293963.5668830873,0.0,293963.5668830873,193.96356688308728,0.0
2025-04-09,66.35820770263672,66.8691508751886,58.492635993378414,58.51749722039535,16810400,0,0.0,293963.5668830873,0.0,293963.5668830873,193.96356688308728,0.0
2025-04-10,63.37334060668945,64.59911332287352,61.19654341811903,64.15529886733087,9768800,0,0.0,293963.5668830873,0.0,293963.5668830873,193.96356688308728,0.0
2025-04-11,64.66252136230469,64.9061788630183,62.561552086875245,63.01406971354309,5773600,0,0.0,293963.5668830873,0.0,293963.5668830873,193.96356688308728,0.0
2025-04-14,65.1187515258789,66.81692529345653,64.47975773368131,66.69509656750213,6408800,0,0.0,293963.5668830873,0.0,293963.5668830873,193.96356688308728,0.0
2025-04-15,65.36490631103516,65.87461269725249,65.05909006704404,65.20329505208402,5141600,0,0.0,293963.5668830873,0.0,293963.5668830873,193.96356688308728,0.0
2025-04-16,63.12221908569336,64.27588928244175,62.0021170465205,63.62197413688603,6376000,0,0.0,293963.5668830873,0.0,293963.5668830873,193.96356688308728,0.0
2025-04-17,62.84623336791992,63.53122409137087,62.45214517505323,63.53122409137087,4116000,0,0.0,293963.5668830873,0.0,293963.5668830873,193.96356688308728,0.0
2025-04-21,61.13313674926758,61.91882433850569,60.27658726740203,61.83801871418444,6149600,0,0.0,293963.5668830873,0.0,293963.5668830873,193.96356688308728,0.0
2025-04-22,62.63738632202149,63.03892950348988,61.667707341535,61.94742177542863,5444000,0,0.0,293963.5668830873,0.0,293963.5668830873,193.96356688308728,0.0
2025-04-23,64.50586700439453,65.85222769565023,64.30074008794772,65.14112762800777,5252000,0,0.0,293963.5668830873,0.0,293963.5668830873,193.96356688308728,0.0
2025-04-24,66.9312973022461,67.00464037444866,65.02053802972448,65.08394116559502,4780800,0,0.0,293963.5668830873,0.0,293963.5668830873,193.96356688308728,0.0
2025-04-25,67.94573974609375,68.10983978473153,66.68640264835886,66.77715959856677,4045600,0,0.0,293963.5668830873,0.0,293963.5668830873,193.96356688308728,0.0
2025-04-28,67.81644439697266,68.21549873793325,66.83060747787272,67.9096825271393,3423200,0,0.0,293963.5668830873,0.0,293963.5668830873,193.96356688308728,0.0
2025-04-29,68.1446533203125,68.46414267745918,67.4658769126207,67.56408502428054,2860000,0,0.0,293963.5668830873,0.0,293963.5668830873,193.96356688308728,0.0
2025-04-30,68.30625915527344,68.5176004452921,66.28609956547811,66.8219077439389,3406400,0,0.0,293963.5668830873,0.0,293963.5668830873,193.96356688308728,0.0
2025-05-01,69.51215362548828,70.64344017346035,69.47237110324716,69.95969372215541,4720800,0,0.0,293963.5668830873,0.0,293963.5668830873,193.96356688308728,0.0
2025-05-02,70.55516815185547,70.88461264101831,69.9969836569277,70.26053621316201,4380000,0,0.0,293963.5668830873,0.0,293963.5668830873,193.96356688308728,0.0
2025-05-05,70.07777404785156,70.61233776337178,69.89751216101371,69.9447534165364,4140000,0,0.0,293963.5668830873,0.0,293963.5668830873,193.96356688308728,0.0
2025-05-06,69.48477935791016,70.07777626093034,68.85573311147908,69.0645856009308,3520800,0,0.0,293963.5668830873,0.0,293963.5668830873,193.96356688308728,0.0
2025-05-07,70.17848205566406,70.50668211842111,68.99622126641216,69.62775637121939,3141600,0,0.0,293963.5668830873,0.0,293963.5668830873,193.96356688308728,0.0
2025-05-08,71.00768280029297,71.69888793365472,70.39106514660568,71.03005904419531,5876000,0,0.0,293963.5668830873,0.0,293963.5668830873,193.96356688308728,0.0
2025-05-09,71.01016235351562,71.55218486937157,70.61234480887566,71.44775482365489,4076000,0,0.0,293963.5668830873,0.0,293963.5668830873,193.96356688308728,0.0
2025-05-12,74.36549377441406,74.40403190012596,73.34733303437648,74.11561435800449,6219200,0,0.0,293963.5668830873,0.0,293963.5668830873,193.96356688308728,0.0
2025-05-13,76.01891326904297,76.23646891238201,74.59050628767223,74.67131570457934,7194400,1,3866.0,74.44818496715743,293889.1186981201,293963.5668830873,193.96356688308728,0.0
2025-05-14,76.55845642089844,76.82325333152599,76.08480699823515,76.3520850994689,5814400,0,3866.0,74.44818496715743,295974.99252319336,296049.4407081605,196.04944070816052,0.007095688241879339
2025-05-15,76.52363586425781,76.91399463662495,75.85978466116329,76.1469577836175,8249600,0,3866.0,74.44818496715743,295840.3762512207,295914.82443618786,195.91482443618787,-0.0004547087528713467
2025-05-16,76.66785430908203,76.70017048797541,75.98534480561158,76.70017048797541,3166400,0,3866.0,74.44818496715743,296397.92475891113,296472.3729438783,196.4723729438783,0.001884151997970207
2025-05-19,76.46522521972656,76.62559209500895,75.46073749554824,75.48311373946628,4616000,0,3866.0,74.44818496715743,295614.5606994629,295689.00888443005,195.68900888443005,-0.0026422835007177126
2025-05-20,76.19669342041016,76.2252916101182,75.63353899166482,75.97043461995801,2764800,0,3866.0,74.44818496715743,294576.41676330566,294650.8649482728,194.6508649482728,-0.003510931772790271
2025-05-21,74.7372055053711,76.51867768539542,74.39408793731592,75.48808059199588,4540800,0,3866.0,74.44818496715743,288934.03648376465,289008.4846687318,189.0084846687318,-0.01914937626445301
2025-05-22,74.8627700805664,75.48684647911885,74.65018438294162,74.74840008305424,2884800,0,3866.0,74.44818496715743,289419.4691314697,289493.9173164369,189.4939173164369,0.001679648430604086
2025-05-23,73.98011016845703,74.44505644058674,73.35727823096936,73.43559886908089,4304000,0,3866.0,74.44818496715743,286007.1059112549,286081.55409622204,186.08155409622205,-0.011787339961567778
2025-05-27,75.7976303100586,75.90578593467959,74.94232525052948,75.20587775969082,4448800,0,3866.0,74.44818496715743,293033.6387786865,293108.0869636537,193.10808696365368,0.024561292983847238
2025-05-28,75.45451354980469,76.13950423793091,75.37370413391848,75.88962483098584,3218400,0,3866.0,74.44818496715743,291707.1493835449,291781.5975685121,191.78159756851207,-0.004525598078452542
2025-05-29,75.72552490234375,76.84438248390748,75.37494861625848,76.84438248390748,3815200,0,3866.0,74.44818496715743,292754.87927246094,292829.3274574281,192.82932745742812,0.0035908018108303796
2025-05-30,75.38240814208984,75.6360131316118,74.24489988731935,75.54650816627652,3508800,0,3866.0,74.44818496715743,291428.38987731934,291502.8380622865,191.5028380622865,-0.00452990623124816
2025-06-02,76.06739807128906,76.08977431239731,75.0964786287766,75.21209300170513,3538400,0,3866.0,74.44818496715743,294076.5609436035,294151.0091285707,194.15100912857065,0.009084546428046458
2025-06-03,77.27949523925781,77.32175894401142,76.11339637499502,76.15069011087724,3753600,0,3866.0,74.44818496715743,298762.5285949707,298836.97677993786,198.83697677993788,0.015930483003439244
2025-06-04,77.48834991455078,77.72952619698421,77.14026239035277,77.41624363133653,3828000,0,3866.0,74.44818496715743,299569.9607696533,299644.4089546205,199.64440895462045,0.002701915216058337
2025-06-05,77.14151763916016,78.38095979517313,76.86552877158503,77.73078152874538,4516800,0,3866.0,74.44818496715743,298229.10719299316,298303.5553779603,198.30355537796032,-0.004474815937123733
2025-06-06,77.8749771118164,78.28895656925452,77.75190398364973,77.89735335441588,3383200,0,3866.0,74.44818496715743,301064.6615142822,301139.1096992494,201.1391096992494,0.009505600151819671
2025-06-09,78.21312713623047,78.7414766015156,78.12859213231357,78.26658275983648,4663200,0,3866.0,74.44818496715743,302371.949508667,302446.39769363415,202.44639769363414,0.004341143186915808
2025-06-10,78.54007720947266,78.6134202926292,77.88118832379276,78.26160719583255,4252800,0,3866.0,74.44818496715743,303635.9384918213,303710.38667678845,203.71038667678846,0.0041792165249547875
2025-06-11,78.22928619384766,78.9963231476331,77.90730048685792,78.69423249245736,3296000,0,3866.0,74.44818496715743,302434.42042541504,302508.8686103822,202.5088686103822,-0.0039561309692214275
2025-06-12,78.79119110107422,78.9751861735977,78.11988110679114,78.11988110679114,2780000,0,3866.0,74.44818496715743,304606.74479675293,304681.1929817201,204.6811929817201,0.007181027059857126
2025-06-13,77.48587036132812,78.37723251252116,77.24345724858561,77.85136420218497,4943200,0,3866.0,74.44818496715743,299560.37481689453,299634.8230018617,199.6348230018617,-0.016562787911104104
2025-06-16,78.79865264892578,79.01372710626644,78.06393948505779,78.06393948505779,4099200,0,3866.0,74.44818496715743,304635.59114074707,304710.0393257142,204.71003932571423,0.016938005646363052
2025-06-17,78.2193374633789,78.89935062741893,78.09750872691578,78.4058137356334,3063200,0,3866.0,74.44818496715743,302395.95863342285,302470.40681839,202.47040681839002,-0.007350045020768747
2025-06-18,78.46797180175781,78.8894099943975,78.03037172531268,78.4493211396011,3744000,0,3866.0,74.44818496715743,303357.1789855957,303431.62717056286,203.43162717056288,0.003177898830777126
2025-06-20,78.13107299804688,79.00751758935938,77.74444732964523,78.85833504693986,3080800,0,3866.0,74.44818496715743,302054.7282104492,302129.1763954164,202.12917639541638,-0.004292402829894737
2025-06-23,78.96027374267578,79.01869933339196,77.56542726010893,78.02664797850933,5113600,0,3866.0,74.44818496715743,305260.41828918457,305334.8664741517,205.3348664741517,0.01061032938619566
2025-06-24,80.3812255859375,80.48316686461607,79.70741915279912,79.71239670983769,3944800,0,3866.0,74.44818496715743,310753.8181152344,310828.26630020153,210.82826630020156,0.017991393808000744
2025-06-25,81.05751037597656,81.20668532713044,80.74422780307518,80.78276593007979,7573600,0,3866.0,74.44818496715743,313368.3351135254,313442.78329849255,213.44278329849254,0.008411451858647556
2025-06-26,81.75605010986328,81.82076742118866,81.05912366454588,81.46981273396251,3713600,0,3866.0,74.44818496715743,316068.88972473145,316143.3379096986,216.1433379096986,0.008615781747427498
2025-06-27,81.70751190185547,82.26256918794532,81.23584271926067,81.98877394377703,4291200,0,3866.0,74.44818496715743,315881.24101257324,315955.6891975404,215.9556891975404,-0.0005935558009823039
2025-06-30,82.54633331298828,82.73051941188177,81.97882622702117,82.38081041291454,4687200,0,3866.0,74.44818496715743,319124.1245880127,319198.57277297985,219.19857277297984,0.010263729017431888
2025-07-01,81.695068359375,82.44924530314093,81.11138962463714,82.24514270683939,3960800,0,3866.0,74.44818496715743,315833.13427734375,315907.5824623109,215.9075824623109,-0.010310166120352848
2025-07-02,82.73176574707031,82.7603872096935,81.51960730614474,81.57435876649186,3567200,0,3866.0,74.44818496715743,319841.0063781738,319915.454563141,219.915454563141,0.012686849962862956
2025-07-03,83.88292694091797,84.10444698977163,83.03291980767136,83.12750430337913,2817600,0,3866.0,74.44818496715743,324291.39555358887,324365.843738556,224.365843738556,0.013911141559235451
2025-07-07,83.14368438720703,83.71865056800543,82.74170027678835,83.5108183795516,4606400,0,3866.0,74.44818496715743,321433.4838409424,321507.93202590954,221.50793202590955,-0.008810766508911438
2025-07-08,83.53571319580078,83.70497328280491,83.22582967430814,83.44735734910006,2596800,0,3866.0,74.44818496715743,322949.0672149658,323023.515399933,223.02351539993296,0.0047139843937078485
2025-07-09,84.23512268066406,84.43797954145501,83.5033461415014,83.89164239952477,3379200,0,3866.0,74.44818496715743,325652.98428344727,325727.4324684144,225.72743246841443,0.008370650864639728
2025-07-10,83.95263671875,84.50146541803382,83.45855947981299,84.44670636175745,3224000,0,3866.0,74.44818496715743,324560.8935546875,324635.34173965466,224.63534173965468,-0.003352774804638692
2025-07-11,83.4237060546875,84.0223183981925,83.38263486886224,83.51330762820236,2880000,0,3866.0,74.44818496715743,322516.0476074219,322590.49579238903,222.59049579238902,-0.006298901211148844
2025-07-14,83.42744445800781,83.65270174377721,82.63593342473371,83.27312555671996,3088000,0,3866.0,74.44818496715743,322530.5002746582,322604.94845962536,222.60494845962535,4.4801900318969246e-05
2025-07-15,84.13556671142578,84.64706135379424,84.1305913781704,84.46287527627263,3740800,0,3866.0,74.44818496715743,325268.10090637207,325342.5490913392,225.3425490913392,0.008485922626994213
2025-07-16,84.50891876220703,84.56367780976527,83.23080506831174,84.26001538165657,3272000,0,3866.0,74.44818496715743,326711.4799346924,326785.92811965954,226.78592811965953,0.0044364901927262945
2025-07-17,85.36390686035156,85.5717466657987,84.54874975481982,84.6595135894456,3196800,0,3866.0,74.44818496715743,330016.86392211914,330091.3121070863,230.0913121070863,0.010114829626985733
2025-07-18,85.31537628173828,85.7633993567221,85.06895675416123,85.7633993567221,3083200,0,3866.0,74.44818496715743,329829.2447052002,329903.69289016735,229.90369289016735,-0.0005683858073128878
2025-07-21,85.43485260009766,86.07578194059994,85.35396354670686,85.44730232857052,3498400,0,3866.0,74.44818496715743,330291.14015197754,330365.5883369447,230.36558833694468,0.001400091774453438
2025-07-22,84.60102081298828,85.41991514912293,83.89662751317682,85.41493981551595,3466400,0,3866.0,74.44818496715743,327067.5464630127,327141.99464797985,227.14199464797983,-0.009757655769150664
2025-07-23,85.27306365966797,85.27306365966797,84.42181065918348,84.97437653067325,2812800,0,3866.0,74.44818496715743,329665.66410827637,329740.1122932435,229.74011229324353,0.007941865268809023
2025-07-24,85.51449584960938,85.7111316592984,85.02041865869414,85.47964572812549,3299200,0,3866.0,74.44818496715743,330599.04095458984,330673.489139557,230.67348913955698,0.002830643926885701
2025-07-25,85.7086410522461,85.9314068593482,85.37386567745797,85.58045215598479,2243200,0,3866.0,74.44818496715743,331349.6063079834,331424.05449295056,231.42405449295055,0.002269808067609569
2025-07-28,86.38690185546875,86.39187718876123,85.84553242174658,86.08946047979431,3268800,0,3866.0,74.44818496715743,333971.7625732422,334046.21075820934,234.04621075820936,0.007911786213799177
2025-07-29,86.23631286621094,87.35886959571906,86.04714385744361,86.93573079061174,3548800,0,3866.0,74.44818496715743,333389.5855407715,333464.03372573864,233.46403372573863,-0.0017428038807842938
2025-07-30,86.42547607421875,86.81625619676316,85.8567309497093,86.49267725106729,3504800,0,3866.0,74.44818496715743,334120.8905029297,334195.33868789684,234.19533868789685,0.0021930549870325944
2025-07-31,85.93016052246094,87.77080600264001,85.61032634208614,87.77080600264001,3914400,0,3866.0,74.44818496715743,332206.000579834,332280.44876480114,232.28044876480115,-0.00572985227925038
2025-08-01,83.93022918701172,85.03162368929179,83.52077823423372,85.02041969412728,6752000,0,3866.0,74.44818496715743,324474.2660369873,324548.71422195446,224.54871422195447,-0.02326870139843662
2025-08-04,85.83805847167969,85.83805847167969,84.75035195750101,84.75035195750101,4146400,0,3866.0,74.44818496715743,331849.9340515137,331924.38223648083,231.92438223648085,0.022725919688846075
2025-08-05,85.06895446777344,86.15043999950419,84.82129681045133,86.06705949084191,5394400,0,3866.0,74.44818496715743,328876.5779724121,328951.02615737927,228.9510261573793,-0.008957932102086952
2025-08-06,86.10189819335938,86.18528629424861,85.20086917828552,85.2655864874107,3959200,0,3866.0,74.44818496715743,332869.93841552734,332944.3866004945,232.9443866004945,0.012139680759666316
2025-08-07,86.2699203491211,87.20081663863142,85.43609243616645,87.11494466140613,4223200,0,3866.0,74.44818496715743,333519.51206970215,333593.9602546693,233.59396025466933,0.0019509974647935469
2025-08-08,87.03529357910156,87.17841607283898,86.308499902964,86.59224582980625,3644000,0,3866.0,74.44818496715743,336478.44497680664,336552.8931617738,236.5528931617738,0.008869863545627688
2025-08-11,86.52628326416016,87.40491189232631,86.27239695499169,86.96435564395802,3946400,0,3866.0,74.44818496715743,334510.61109924316,334585.0592842103,234.58505928421033,-0.005847027072257482
2025-08-12,87.87161254882812,87.88405468043082,86.39561721290285,86.93573333606588,6048000,0,3866.0,74.44818496715743,339711.65411376953,339786.1022987367,239.7861022987367,0.015544755721170311
2025-08-13,88.02342987060547,88.4702147635956,87.61398655999415,88.36691773780848,3821600,0,3866.0,74.44818496715743,340298.57987976074,340373.0280647279,240.37302806472792,0.0017273389406469164
2025-08-14,87.6724853515625,87.95748460562743,87.18712827968118,87.4148770172779,3270400,0,3866.0,74.44818496715743,338941.8283691406,339016.2765541078,239.01627655410778,-0.003986072334621338
2025-08-15,87.12240600585938,87.62021277694741,86.77891811846007,87.62021277694741,3079200,0,3866.0,74.44818496715743,336815.22161865234,336889.6698036195,236.88966980361948,-0.006272875072854678
2025-08-18,87.37506103515625,87.42857436038489,86.99796869766149,87.0813492187452,2436800,0,3866.0,74.44818496715743,337791.98596191406,337866.4341468812,237.8664341468812,0.002899359733502971
2025-08-19,85.72357177734375,87.36508993915447,85.5431153003065,87.36508993915447,4686400,0,3866.0,74.44818496715743,331407.32849121094,331481.7766761781,231.48177667617807,-0.018896986576439567
2025-08-20,85.11127471923828,85.60534432093395,83.74106029037969,85.49707194988405,4896000,0,3866.0,74.44818496715743,329040.1880645752,329114.63624954235,229.11463624954234,-0.007141087665124335
2025-08-21,84.8860092163086,85.2879857366128,84.45789510707077,84.81133364618178,5332000,0,3866.0,74.44818496715743,328169.311630249,328243.7598152162,228.24375981521618,-0.0026461188242805633
2025-08-22,86.39064025878906,86.8648009637672,84.5587147579162,84.80886390704939,4590400,0,3866.0,74.44818496715743,333986.2152404785,334060.6634254457,234.06066342544568,0.01772129229053454
2025-08-25,86.18030548095703,86.74407529330324,85.93763075763668,86.23631026169576,4037600,0,3866.0,74.44818496715743,333173.0609893799,333247.50917434704,233.24750917434702,-0.0024341514584823587
2025-08-26,86.62212371826172,86.73537142739505,86.09817930663851,86.24503140675756,3585600,0,3866.0,74.44818496715743,334881.1302947998,334955.57847976696,234.95557847976696,0.005125527598546231
2025-08-27,87.23067474365234,87.34393003308544,86.4316970361393,86.72913839251896,2866400,0,3866.0,74.44818496715743,337233.78855895996,337308.2367439271,237.30823674392713,0.007023791855737871
2025-08-28,88.09562683105469,88.29350838201313,87.08010427175614,87.46963871174887,3871200,0,3866.0,74.44818496715743,340577.6933288574,340652.1415138246,240.65214151382457,0.009913498710190316
2025-08-29,86.74532318115234,87.73097848211879,86.43170247796493,87.73097848211879,4680800,0,3866.0,74.44818496715743,335357.41941833496,335431.8676033021,235.43186760330212,-0.015324353715564731
2025-09-02,85.84803009033203,85.87292195045065,84.63960130351154,85.07642800223033,4948000,0,3866.0,74.44818496715743,331888.48432922363,331962.9325141908,231.9629325141908,-0.010341698044068592
2025-09-03,86.23259735107422,86.4802550514164,85.6115769055192,86.26121881515499,3952800,0,3866.0,74.44818496715743,333375.22135925293,333449.6695442201,233.4496695442201,0.004478623618514144
2025-09-04,86.8100357055664,86.83368183230063,85.66010321792089,86.15791001575386,2380800,0,3866.0,74.44818496715743,335607.5980377197,335682.0462226869,235.68204622268686,0.006694793494676832
2025-09-05,86.9655990600586,87.61399513930287,86.01852346403308,87.6090198059316,2835200,0,3866.0,74.44818496715743,336209.0059661865,336283.4541511537,236.28345415115368,0.001791599923898879
2025-09-08,87.7284927368164,87.91766175690373,87.437280004239,87.437280004239,2408000,0,3866.0,74.44818496715743,339158.3529205322,339232.8011054994,239.2328011054994,0.008770419471842317
2025-09-09,87.83177947998047,87.9363222409111,87.17840811296679,87.86289240221922,2799200,0,3866.0,74.44818496715743,339557.6594696045,339632.10765457165,239.63210765457163,0.0011770870852434445
2025-09-10,88.97425842285156,89.52433284370633,88.55361104339515,89.24929943124366,3751200,0,3866.0,74.44818496715743,343974.48306274414,344048.9312477113,244.0489312477113,0.013004729216095967
2025-09-11,89.4521484375,89.71473969442528,89.18581998362919,89.54673294230861,3550400,0,3866.0,74.44818496715743,345822.005859375,345896.45404434216,245.89645404434214,0.0053699419728778786
2025-09-12,89.55170440673828,89.78567419402125,89.35631433991536,89.63010957991972,3712000,0,3866.0,74.44818496715743,346206.8892364502,346281.33742141735,246.28133742141736,0.0011127126993497605
2025-09-15,90.43033599853516,90.43033599853516,89.6002453174227,89.7110015533768,3263200,0,3866.0,74.44818496715743,349603.6789703369,349678.1271553041,249.67812715530408,0.009809335262422447
2025-09-16,90.12418365478516,90.58590218706026,89.9673733005812,90.58590218706026,3315200,0,3866.0,74.44818496715743,348420.0940093994,348494.5421943666,248.49454219436655,-0.0033847840886308544
2025-09-17,89.79190826416016,90.14908406219354,88.83861151308645,90.0420574152136,3433600,0,3866.0,74.44818496715743,347135.51734924316,347209.9655342103,247.20996553421034,-0.003686073968526604
2025-09-18,91.38612365722656,91.61884771870724,90.54856618235527,90.91320873641824,4124800,0,3866.0,74.44818496715743,353298.7540588379,353373.20224380505,253.37320224380505,0.01775074831193879
2025-09-19,92.23985290527344,92.31825807420924,91.39607443395995,91.78062588547564,2748800,0,3866.0,74.44818496715743,356599.2713317871,356673.71951675427,256.67371951675426,0.009340032724586944
2025-09-22,93.73080444335938,93.78556349727047,91.96980978329135,92.08804042195506,5513600,0,3866.0,74.44818496715743,362363.28997802734,362437.7381629945,262.4377381629945,0.016160480379798337
2025-09-23,92.7675323486328,93.77434987865595,92.45516498243713,93.63122739455072,5915200,0,3866.0,74.44818496715743,358639.2800598144,358713.72824478155,258.7137282447816,-0.010274895591965594
2025-09-24,92.08338165283205,93.05771759489726,91.52270292741515,93.05771759489726,3328000,0,3866.0,74.44818496715743,355994.3534698487,356068.80165481585,256.06880165481584,-0.007373363163176272
2025-09-25,91.8055419921875,92.041021291053,90.4885689743212,91.10780386364851,3679200,0,3866.0,74.44818496715743,354920.2253417969,354994.67352676403,254.99467352676405,-0.0030166308394889985
2025-09-26,92.0385284423828,92.11203539383207,91.1688482774037,91.90770492843892,3420000,0,3866.0,74.44818496715743,355820.9509582519,355895.39914321905,255.89539914321904,0.0025372933275493725
2025-09-29,92.59422302246094,93.13247553348468,92.41854702736129,92.71010332259203,4014400,0,3866.0,74.44818496715743,357969.266204834,358043.71438980114,258.04371438980115,0.006036367010514798
2025-09-30,93.02657318115234,93.08264257728702,92.300180579852,92.58426146443178,3552800,0,3866.0,74.44818496715743,359640.73191833496,359715.1801033021,259.7151801033021,0.0046683286043704975
2025-10-01,93.76043701171876,93.80404231527118,92.5319218437762,92.6004553274899,3445600,0,3866.0,74.44818496715743,362477.84948730475,362552.2976722719,262.5522976722719,0.00788712216191434
2025-10-02,94.44197845458984,94.75471383534688,93.94484448632682,94.6949105323055,3611200,0,3866.0,74.44818496715743,365112.68870544434,365187.1368904115,265.1871368904115,0.007267473506736177
2025-10-03,94.15291595458984,95.04502244498651,93.74922845193689,94.54788847950864,3508000,0,3866.0,74.44818496715743,363995.17308044434,364069.6212654115,264.0696212654115,-0.0030601177098287247
2025-10-06,94.96402740478516,95.46365568279778,94.77713448910116,95.14718641659542,4390400,0,3866.0,74.44818496715743,367130.9299468994,367205.3781318666,267.20537813186655,0.00861306926833394
2025-10-07,94.09310913085938,95.54962824777472,93.53616427882376,95.45120071497166,4089600,0,3866.0,74.44818496715743,363763.95989990234,363838.4080848695,263.8384080848695,-0.009169174112117595
2025-10-08,95.69166564941406,95.70038823123718,94.33606844747456,94.33606844747456,3750400,0,3866.0,74.44818496715743,369943.97940063477,370018.4275856019,270.0184275856019,0.016985616041093943
2025-10-09,95.64432525634766,95.88852714501787,95.12974612708884,95.72655479739744,3928000,0,3866.0,74.44818496715743,369760.96144104004,369835.4096260072,269.8354096260072,-0.0004946184999188308
2025-10-10,91.74324798583984,96.13523176545296,91.69091249095936,95.9533199123527,9368000,0,3866.0,74.44818496715743,354679.39671325684,354753.844898224,254.753844898224,-0.04077912589017452
2025-10-13,94.13048553466795,94.36721960518548,93.28573350269566,93.91867204073527,4733600,0,3866.0,74.44818496715743,363908.4570770263,363982.90526199347,263.9829052619935,0.02601539207113368
2025-10-14,92.92814636230467,93.78286815228552,91.76442310879116,92.81725473871712,5322400,0,3866.0,74.44818496715743,359260.21383666986,359334.662021637,259.33466202163703,-0.012770498760129034
2025-10-15,93.79158782958984,94.5304368996228,92.54563507647684,94.26380118533052,3564000,0,3866.0,74.44818496715743,362598.27854919434,362672.7267341615,262.6727267341615,0.009289570601801467
2025-10-16,93.49006652832033,94.61765991081526,92.85588080345732,94.32112253216324,3780800,0,3866.0,74.44818496715743,361432.5971984864,361507.04538345354,261.50704538345354,-0.003214141193369602
2025-10-17,93.715576171875,93.9236557508946,92.3711959285513,92.85587336036316,3243200,0,3866.0,74.44818496715743,362304.41748046875,362378.8656654359,262.3788656654359,0.002411627361391
2025-10-20,94.96402740478516,95.28049667098752,94.23763480984624,94.30367395697353,3604800,0,3866.0,74.44818496715743,367130.9299468994,367205.3781318666,267.20537813186655,0.013318967864110354
2025-10-21,94.86808776855467,95.25059618656408,94.40459698224012,94.87930468969752,2718400,0,3866.0,74.44818496715743,366760.02731323236,366834.4754981995,266.83447549819954,-0.0010100686312221052
2025-10-22,93.7467269897461,94.973995004413,92.55061539834614,94.74972503161204,4140000,0,3866.0,74.44818496715743,362424.8465423584,362499.29472732556,262.49929472732555,-0.011817811739167516
2025-10-23,94.97400665283205,95.15092983472316,93.704380347813,93.74300458339545,2950400,0,3866.0,74.44818496715743,367169.5097198487,367243.95790481585,267.24395790481583,0.013088751472080107
2025-10-24,96.45419311523438,96.73577966837864,95.99817012598706,96.10158633902068,5258400,0,3866.0,74.44818496715743,372891.9105834961,372966.35876846325,272.96635876846324,0.015582015007937988
2025-10-27,98.1823272705078,98.22468540684751,97.63535216918466,97.82722616164196,4772000,0,3866.0,74.44818496715743,379572.87722778314,379647.3254127503,279.64732541275026,0.017913054320361832
2025-10-28,99.1952896118164,99.56782828815253,98.3754505271474,98.76169285937388,4772000,0,3866.0,74.44818496715743,383488.9896392822,383563.4378242494,283.5634378242494,0.010315132359332457
2025-10-29,99.86561584472656,100.5471484073688,99.17410592521992,100.09486691182558,5081600,0,3866.0,74.44818496715743,386080.4708557129,386154.91904068005,286.15491904068006,0.006756330142233535
2025-10-30,98.54863739013672,99.62887632914064,98.5037849148483,99.1865646098798,3943200,0,3866.0,74.44818496715743,380989.03215026855,381063.4803352357,281.0634803352357,-0.013184963998627675
2025-10-31,98.83023071289062,99.74102196011896,98.25210675389698,99.73852762086784,3930400,0,3866.0,74.44818496715743,382077.67193603516,382152.1201210023,282.1521201210023,0.002856846278758818
2025-11-03,99.1716079711914,99.95655666149317,98.67945512733262,99.8518932872634,4188800,0,3866.0,74.44818496715743,383397.436416626,383471.88460159313,283.4718846015931,0.0034535055835172024
2025-11-04,96.4928207397461,98.02159972739648,96.35202745822554,97.3849196412204,5288000,0,3866.0,74.44818496715743,373041.2449798584,373115.69316482556,273.11569316482553,-0.027006390435969307
2025-11-05,96.89276885986328,97.7300531543286,96.27103958603011,96.46914944111876,4642400,0,3866.0,74.44818496715743,374587.44441223145,374661.8925971986,274.6618925971986,0.004144021440797507
2025-11-06,94.99143981933594,97.0210940925398,94.51921886447028,96.94384563113286,5976800,0,3866.0,74.44818496715743,367236.90634155273,367311.3545265199,267.3113545265199,-0.01961912384449871
2025-11-07,94.86311340332033,94.86311340332033,92.52445742423691,94.08314568708404,5781600,0,3866.0,74.44818496715743,366740.7964172364,366815.24460220354,266.81524460220356,-0.0013506522959407796
2025-11-10,97.2304229736328,97.42105741194804,96.00814351906573,96.64482360701152,4790400,0,3866.0,74.44818496715743,375892.8152160644,375967.26340103155,275.9672634010316,0.024949941240182127
2025-11-11,96.34953308105467,96.7108624521,95.70039650841446,96.57380307477229,3946400,0,3866.0,74.44818496715743,372487.29489135736,372561.7430763245,272.56174307632455,-0.009058023546785421
2025-11-12,96.45792388916016,97.09087002841216,95.91843181276056,97.09087002841216,2886400,0,3866.0,74.44818496715743,372906.33375549316,372980.7819404603,272.98078194046036,0.0011247501170563723
2025-11-13,93.7405014038086,95.93836392987366,93.26081262603611,95.93836392987366,5619200,0,3866.0,74.44818496715743,362400.778427124,362475.2266120912,262.4752266120912,-0.02816647891002111
2025-11-14,94.22642517089844,95.066196119079,91.64605425283423,91.98495735988742,6139200,0,3866.0,74.44818496715743,364279.35971069336,364353.8078956605,264.3538078956605,0.005182647380147065
2025-11-17,92.66150665283205,94.27501696959943,91.90770676722484,93.2857301913668,4692800,0,3866.0,74.44818496715743,358229.3847198487,358303.83290481585,258.30383290481586,-0.016604670679267852
2025-11-18,91.27726745605467,92.26779393440786,90.39886457194066,91.87781006573093,5809600,0,3866.0,74.44818496715743,352877.91598510736,352952.3641700745,252.95236417007453,-0.014935560949365989
2025-11-19,91.89774322509766,92.98172370141538,91.0791513082999,91.39811492661458,4180000,0,3866.0,74.44818496715743,355276.67530822754,355351.1234931947,255.3511234931947,0.006796269317420611
2025-11-20,89.17284393310547,94.443222786674,88.93735702741621,94.13422892398698,9250400,0,3866.0,74.44818496715743,344742.21464538574,344816.6628303529,244.81666283035287,-0.02964521558081845
2025-11-21,89.57030487060547,90.76641654619092,87.58550292387928,89.27252031894432,8729600,0,3866.0,74.44818496715743,346278.79862976074,346353.2468147279,246.3532468147279,0.004456234718363872
2025-11-24,91.82049560546876,92.01236960417968,90.11851977591384,90.21820208636936,5136000,0,3866.0,74.44818496715743,354978.03601074225,355052.4841957094,255.0524841957094,0.02511666185024941
2025-11-25,92.10208892822266,92.3089137677562,89.68369004160212,90.9545635463389,4705600,0,3866.0,74.44818496715743,356066.6757965088,356141.12398147595,256.1411239814759,0.0030661376394327533
2025-11-26,93.06394958496094,93.50875563759892,92.3799227291595,92.98172004798646,2913600,0,3866.0,74.44818496715743,359785.229095459,359859.67728042614,259.8596772804262,0.010441235365853396
2025-11-28,93.7205810546875,93.73179037244596,93.0240900197184,93.2957068462985,1737600,-1,0.0,362398.21454238903,0.0,362398.21454238903,262.39821454238904,0.007054242034415736
2025-12-01,93.68195343017578,94.00963964777768,92.49330950917218,92.81227314400336,3324800,0,0.0,362398.21454238903,0.0,362398.21454238903,262.39821454238904,0.0
2025-12-02,94.65628051757812,95.30168313912654,94.08065094688112,94.33855647784286,5296000,0,0.0,362398.21454238903,0.0,362398.21454238903,262.39821454238904,0.0
2025-12-03,94.83196258544922,94.92540904907568,93.73427843023816,94.23016523038088,3023200,0,0.0,362398.21454238903,0.0,362398.21454238903,262.39821454238904,0.0
2025-12-04,95.27178192138672,95.43998250402736,94.54663649423692,94.97399738322584,3091200,0,0.0,362398.21454238903,0.0,362398.21454238903,262.39821454238904,0.0
2025-12-05,95.68543243408205,96.20873412501956,95.25309046769222,95.61565938226984,2863200,0,0.0,362398.21454238903,0.0,362398.21454238903,262.39821454238904,0.0
2025-12-08,96.52147674560548,96.90398519213176,96.0106391069455,96.20749418650531,3098400,0,0.0,362398.21454238903,0.0,362398.21454238903,262.39821454238904,0.0
2025-12-09,96.73078918457033,96.94883092328298,96.09286196311206,96.31215087136816,2293600,0,0.0,362398.21454238903,0.0,362398.21454238903,262.39821454238904,0.0
2025-12-10,97.07965850830078,97.38865998499878,95.93836904854136,96.53144381941044,3363200,0,0.0,362398.21454238903,0.0,362398.21454238903,262.39821454238904,0.0
2025-12-11,96.72830200195312,96.78436379360843,94.89674988431533,96.14394984072328,4366400,0,0.0,362398.21454238903,0.0,362398.21454238903,262.39821454238904,0.0
2025-12-12,93.93611907958984,96.19378495783496,93.7031265130215,96.12401190482026,5752000,0,0.0,362398.21454238903,0.0,362398.21454238903,262.39821454238904,0.0
2025-12-15,92.88702392578124,94.71732880481792,92.7262911553369,94.55659603437354,3850400,0,0.0,362398.21454238903,0.0,362398.21454238903,262.39821454238904,0.0
2025-12-16,93.03280639648438,93.27576872292546,92.26903669183685,92.57429666071448,3084800,0,0.0,362398.21454238903,0.0,362398.21454238903,262.39821454238904,0.0
2025-12-17,91.0992431640625,93.22076099232316,91.06931116708834,93.2057949938361,4332000,0,0.0,362398.21454238903,0.0,362398.21454238903,262.39821454238904,0.0
2025-12-18,92.37140655517578,93.03243019805532,91.91991450405372,92.81167791360936,3403200,0,0.0,362398.21454238903,0.0,362398.21454238903,262.39821454238904,0.0
2025-12-19,94.23224639892578,94.30084943544364,93.03741779198272,93.07358435062636,4750400,0,0.0,362398.21454238903,0.0,362398.21454238903,262.39821454238904,0.0
2025-12-22,94.88579559326172,95.37719187145842,94.60641254074442,95.37595104865903,3509600,0,0.0,362398.21454238903,0.0,362398.21454238903,262.39821454238904,0.0
2025-12-23,95.4158706665039,95.4221052306467,94.3519906343434,94.54905310316434,2704800,0,0.0,362398.21454238903,0.0,362398.21454238903,262.39821454238904,0.0
2025-12-24,95.57675170898438,95.68650743424718,95.21006953876773,95.26744427183095,1401600,0,0.0,362398.21454238903,0.0,362398.21454238903,262.39821454238904,0.0
2025-12-26,95.6827621459961,95.94842002509982,95.47323056474988,95.75510287684378,2632800,0,0.0,362398.21454238903,0.0,362398.21454238903,262.39821454238904,0.0
2025-12-29,95.1751480102539,95.55679619511534,94.73613270220278,94.95938185583658,8392000,0,0.0,362398.21454238903,0.0,362398.21454238903,262.39821454238904,0.0
2025-12-30,94.8995132446289,95.46699555943,94.8995132446289,95.17514337936696,2807200,0,0.0,362398.21454238903,0.0,362398.21454238903,262.39821454238904,0.0
