Date,Close,High,Low,Open,Volume,Trade,Shares,Cash,Position_value,Total_value,Portfolio_return,Portfolio_return_1d%
2015-03-16,11.968731880187988,11.970972855307323,11.852226814430091,11.86118815086268,2652000,1,8355.0,1.2451410293579102,99998.75485897064,100000.0,0.0,0.0
2015-03-17,11.98105812072754,12.0034636049487,11.916084353190753,11.951932273262775,2145600,0,8355.0,1.2451410293579102,100101.7405986786,100102.98573970796,0.10298573970795033,0.10298573970795033
2015-03-18,12.125570297241213,12.171500898914823,11.918324482473388,11.95753301153511,1919200,0,8355.0,1.2451410293579102,101309.13983345033,101310.38497447969,1.3103849744796836,1.2061570649962938
2015-03-19,12.115487098693848,12.155816111072015,12.09868320108932,12.122208315862965,2185600,0,8355.0,1.2451410293579102,101224.8947095871,101226.13985061646,1.226139850616459,-0.08315546711668009
2015-03-20,12.184940338134766,12.242073240535069,12.16589632222854,12.167016809835266,2705600,0,8355.0,1.2451410293579102,101805.17652511597,101806.42166614532,1.8064216661453303,0.5732529328740688
2015-03-23,12.18830394744873,12.244316372106708,12.18830394744873,12.193904677105465,2020800,0,8355.0,1.2451410293579102,101833.27948093414,101834.5246219635,1.8345246219634959,0.027604305659956196
2015-03-24,12.154699325561523,12.230876277180894,12.147978106345166,12.205110179048196,2642400,0,8355.0,1.2451410293579102,101552.51286506653,101553.75800609589,1.5537580060958955,-0.2757086723877755
2015-03-25,11.82086181640625,12.158056854800956,11.818621695462353,12.153575758231383,2816000,0,8355.0,1.2451410293579102,98763.30047607422,98764.54561710358,-1.2354543828964282,-2.746537837452434
2015-03-26,11.828702926635742,11.876873643982968,11.6886718709382,11.750285877317811,3288000,0,8355.0,1.2451410293579102,98828.81295204163,98830.05809307098,-1.1699419069290173,0.06633197728806994
2015-03-27,11.857829093933104,11.885835303817068,11.772689976574986,11.825341787905906,2111200,0,8355.0,1.2451410293579102,99072.16207981108,99073.40722084044,-0.926592779159563,0.2462298742557545
2015-03-30,11.992262840270996,12.002344668462298,11.92952833102466,11.939611013897904,3564800,0,8355.0,1.2451410293579102,100195.35603046417,100196.60117149353,0.19660117149353784,1.1336987211405969
2015-03-31,11.93288516998291,12.307048567137835,11.87575311892035,11.955290650020684,8274400,0,8355.0,1.2451410293579102,99699.25559520721,99700.50073623657,-0.2994992637634253,-0.4951270097554028
2015-04-01,11.837668418884276,11.893680856775864,11.76709305482639,11.885839149658322,3760000,0,8355.0,1.2451410293579102,98903.71963977812,98904.96478080748,-1.0950352191925194,-0.7979257371371951
2015-04-02,11.83654499053955,11.89255741047279,11.815259997466775,11.846626815880317,4303200,0,8355.0,1.2451410293579102,98894.33339595795,98895.5785369873,-1.1044214630126947,-0.009490164463410444
2015-04-06,11.9474458694458,11.96873000164935,11.731237957170183,11.77156695617258,2370400,0,8355.0,1.2451410293579102,99820.91023921967,99822.15538024902,-0.17784461975097754,0.9369244378454988
2015-04-07,11.934008598327637,12.026989440362147,11.934008598327637,11.936249574224451,3284800,0,8355.0,1.2451410293579102,99708.6418390274,99709.88698005676,-0.2901130199432389,-0.11246841922477602
2015-04-08,11.976573944091797,12.01130136487386,11.885833258498891,11.885833258498891,1878400,0,8355.0,1.2451410293579102,100064.27530288696,100065.52044391632,0.06552044391632261,0.3566682047595693
2015-04-09,12.025869369506836,12.032591442748538,11.921686208420518,11.97545852094458,1864800,0,8355.0,1.2451410293579102,100476.13858222961,100477.38372325897,0.4773837232589617,0.411593601387894
2015-04-10,12.078516006469728,12.078516006469728,11.994497391829652,12.011301285693976,1397600,0,8355.0,1.2451410293579102,100916.00123405458,100917.24637508394,0.9172463750839466,0.4377727957531885
2015-04-13,12.02810764312744,12.134530901596282,12.022506059131516,12.0785184803639,2140800,0,8355.0,1.2451410293579102,100494.83935832976,100496.08449935912,0.49608449935911736,-0.4173338956945716
2015-04-14,11.984417915344238,12.067316058713022,11.919443302174406,12.067316058713022,2583200,0,8355.0,1.2451410293579102,100129.81168270111,100131.05682373047,0.13105682373046879,-0.36322576889149527
2015-04-15,12.093077659606934,12.126685443818042,12.011300028538136,12.020262218285293,2560000,-1,0.0,101038.90898704529,0.0,101038.90898704529,1.038908987045284,0.9066639183814784
2015-04-16,12.068435668945312,12.09644187727374,12.039308972972886,12.061713597762967,2086400,0,0.0,101038.90898704529,0.0,101038.90898704529,1.038908987045284,0.0
2015-04-17,11.88359546661377,11.986658116322086,11.844386942777096,11.986658116322086,2243200,0,0.0,101038.90898704529,0.0,101038.90898704529,1.038908987045284,0.0
2015-04-20,12.077399253845217,12.09532364075861,11.94184928286946,11.94184928286946,2413600,0,0.0,101038.90898704529,0.0,101038.90898704529,1.038908987045284,0.0
2015-04-21,12.087480545043944,12.162536983577906,12.078518352617936,12.137891381747243,1724000,0,0.0,101038.90898704529,0.0,101038.90898704529,1.038908987045284,0.0
2015-04-22,12.203989028930664,12.219672441607706,12.062837460155398,12.119970380439987,2055200,0,0.0,101038.90898704529,0.0,101038.90898704529,1.038908987045284,0.0
2015-04-23,12.233111381530762,12.27904197315703,12.146852636464123,12.159175436428164,1908000,0,0.0,101038.90898704529,0.0,101038.90898704529,1.038908987045284,0.0
2015-04-24,12.302570343017578,12.345139483004091,12.25439961804358,12.341778873884351,2027200,0,0.0,101038.90898704529,0.0,101038.90898704529,1.038908987045284,0.0
2015-04-27,12.330574035644531,12.401149376764373,12.301447338096567,12.33505513178127,4808000,0,0.0,101038.90898704529,0.0,101038.90898704529,1.038908987045284,0.0
2015-04-28,12.344019889831545,12.402272442353906,12.231995027173104,12.35634269309852,1901600,0,0.0,101038.90898704529,0.0,101038.90898704529,1.038908987045284,0.0
2015-04-29,12.286885261535645,12.34849926930041,12.201746138446628,12.277923068645904,1815200,0,0.0,101038.90898704529,0.0,101038.90898704529,1.038908987045284,0.0
2015-04-30,12.086360931396484,12.247676988004024,12.043791796316947,12.221910896586296,1813600,1,8359.0,9.017961502075195,101029.89102554321,101038.90898704529,1.038908987045284,0.0
2015-05-01,12.240957260131836,12.240957260131836,12.116610439811843,12.126692267939708,2328800,0,8359.0,9.017961502075195,102322.16173744202,102331.17969894409,2.331179698944097,1.2789832400748713
2015-05-04,12.249917984008787,12.31377211853042,12.244317253948688,12.265601395668009,1974400,0,8359.0,9.017961502075195,102397.06442832945,102406.08238983153,2.406082389831532,0.07319635238036692
2015-05-05,12.058354377746582,12.217429454242174,12.044911088515867,12.211828724740688,1913600,0,8359.0,9.017961502075195,100795.78424358368,100804.80220508575,0.8048022050857639,-1.5636573017705602
2015-05-06,11.990019798278809,12.130050863576248,11.904880671267064,12.08300063075994,2106400,0,8359.0,9.017961502075195,100224.57549381256,100233.59345531464,0.23359345531464015,-0.566648351344412
2015-05-07,12.076279640197754,12.113247192573224,11.977697221378332,11.977697221378332,1782400,0,8359.0,9.017961502075195,100945.62151241302,100954.6394739151,0.9546394739150976,0.719365627574664
2015-05-08,12.246557235717772,12.25663991720219,12.191665295534964,12.196146392341168,1459200,0,8359.0,9.017961502075195,102368.97193336485,102377.98989486693,2.3779898948669276,1.409891044501821
2015-05-11,12.198383331298828,12.259997327959056,12.197262843719114,12.239832824932218,3669600,0,8359.0,9.017961502075195,101966.2862663269,101975.30422782898,1.975304227828989,-0.39333226551084843
2015-05-12,12.13453197479248,12.184942816487348,12.03146931573349,12.137892583614564,1985600,0,8359.0,9.017961502075195,101432.55277729034,101441.57073879242,1.4415707387924304,-0.5233948484665629
2015-05-13,12.19278049468994,12.255514972480912,12.16701526577635,12.16701526577635,1553600,0,8359.0,9.017961502075195,101919.4521551132,101928.47011661528,1.9284701166152773,0.4799801247918456
2015-05-14,12.386587142944336,12.39330836018171,12.27008120096662,12.277922905970804,1894400,0,8359.0,9.017961502075195,103539.4819278717,103548.49988937378,3.5484998893737796,1.5893790723092716
2015-05-15,12.351858139038086,12.425794083265163,12.32273144358784,12.422433475075064,1465600,0,8359.0,9.017961502075195,103249.18218421936,103258.20014572144,3.258200145721446,-0.280351471979301
2015-05-18,12.415714263916016,12.438118891922928,12.310410631983626,12.328335018134574,2245600,0,8359.0,9.017961502075195,103782.95553207397,103791.97349357605,3.7919734935760507,0.5169307106857701
2015-05-19,12.400030136108398,12.450440973548876,12.385466359532735,12.425795371357808,1998400,0,8359.0,9.017961502075195,103651.8519077301,103660.86986923218,3.660869869232175,-0.12631383712150557
2015-05-20,12.396668434143066,12.460522554787,12.351858329991858,12.411231354752507,1648000,0,8359.0,9.017961502075195,103623.75144100189,103632.76940250397,3.632769402503966,-0.027108075365045448
2015-05-21,12.439237594604492,12.45604149053908,12.361940186114383,12.37874408204897,1892800,0,8359.0,9.017961502075195,103979.58705329895,103988.60501480103,3.9886050148010277,0.34336206042608897
2015-05-22,12.443717002868652,12.473963327703547,12.42579262172091,12.42579262172091,1516800,0,8359.0,9.017961502075195,104017.03042697906,104026.04838848114,4.026048388481129,0.03600718912883938
2015-05-26,12.271202087402344,12.422435462928783,12.221910880242229,12.401150468076596,2333600,0,8359.0,9.017961502075195,102574.97824859619,102583.99621009827,2.5839962100982605,-1.386241427721624
2015-05-27,12.480687141418455,12.4963705497728,12.292485386484689,12.304807331893112,2331200,0,8359.0,9.017961502075195,104326.06381511687,104335.08177661894,4.335081776618943,1.7069773368297625
2015-05-28,12.473966598510742,12.48516891232468,12.43475807282108,12.46612489337281,1590400,0,8359.0,9.017961502075195,104269.8867969513,104278.90475845337,4.278904758453361,-0.053842885067023616
2015-05-29,12.387707710266112,12.473966465866114,12.351859793633654,12.4627641521713,1908000,0,8359.0,9.017961502075195,103548.84875011443,103557.8667116165,3.5578667116165086,-0.691451495877371
2015-06-01,12.424674987792969,12.463883509509603,12.337294897662314,12.432516692136296,6289600,0,8359.0,9.017961502075195,103857.85822296143,103866.8761844635,3.866876184463508,0.29839304599381666
2015-06-02,12.395547866821287,12.45492089120028,12.31264973021751,12.4078706667507,1840800,0,8359.0,9.017961502075195,103614.38461875914,103623.40258026122,3.6234025802612146,-0.2344092872975989
2015-06-03,12.441476821899414,12.495249114092852,12.411230495134198,12.459401204191089,1481600,0,8359.0,9.017961502075195,103998.3047542572,104007.32271575928,4.007322715759276,0.37049558877464417
2015-06-04,12.324974060058594,12.432518672010197,12.29248760452112,12.40451245851238,1685600,0,8359.0,9.017961502075195,103024.45816802979,103033.47612953186,3.0334761295318646,-0.9363250209687979
2015-06-05,12.320490837097168,12.341774973022217,12.240952457887555,12.308168037765064,1622400,0,8359.0,9.017961502075195,102986.98290729523,102996.0008687973,2.9960008687972994,-0.03637192701083647
2015-06-08,12.165898323059082,12.333935595075594,12.140133086638338,12.333935595075594,1660000,0,8359.0,9.017961502075195,101694.74408245087,101703.76204395294,1.70376204395295,-1.2546495144898806
2015-06-09,12.144614219665527,12.18046213694965,12.042671197421502,12.156936166676594,2004000,0,8359.0,9.017961502075195,101516.83026218414,101525.84822368622,1.5258482236862214,-0.1749333718745194
2015-06-10,12.328336715698242,12.358583053140553,12.183824537514107,12.191666243864477,2019200,0,8359.0,9.017961502075195,103052.5666065216,103061.58456802368,3.0615845680236786,1.512655517000816
2015-06-11,12.330574035644531,12.39890925603685,12.31713074723431,12.355219637055754,1453600,0,8359.0,9.017961502075195,103071.26836395264,103080.28632545471,3.0802863254547175,0.018146196285862004
2015-06-12,12.242074966430664,12.28912519636685,12.224151435604291,12.258878864174084,1480800,0,8359.0,9.017961502075195,102331.50464439392,102340.522605896,2.3405226058959894,-0.7176578043478266
2015-06-15,12.174859046936035,12.186061359449049,12.063954700098378,12.152454421910008,2032800,0,8359.0,9.017961502075195,101769.64677333832,101778.6647348404,1.778664734840385,-0.549008209797075
2015-06-16,12.251035690307615,12.273440314824745,12.160295849927122,12.192782299072464,2648800,0,8359.0,9.017961502075195,102406.40733528136,102415.42529678343,2.4154252967834244,0.6256326545469593
2015-06-17,12.268960952758787,12.309289966333976,12.206227311500392,12.265600344074484,3784800,0,8359.0,9.017961502075195,102556.2446041107,102565.26256561278,2.5652625656127803,0.14630341903589805
2015-06-18,12.372024536132812,12.392189043040784,12.26560041729783,12.26560041729783,2449600,0,8359.0,9.017961502075195,103417.75309753418,103426.77105903625,3.42677105903626,0.8399612811134327
2015-06-19,12.282404899597168,12.385467559947212,12.280164778581648,12.375385733354664,1612800,0,8359.0,9.017961502075195,102668.62255573273,102677.6405172348,2.677640517234803,-0.7243100931516477
2015-06-22,12.364179611206056,12.401147152009248,12.338413526712635,12.373140947190183,1528000,0,8359.0,9.017961502075195,103352.17737007143,103361.1953315735,3.3611953315735077,0.6657289852935122
2015-06-23,12.370903968811035,12.400030668531256,12.329454467466173,12.400030668531256,1610400,0,8359.0,9.017961502075195,103408.38627529144,103417.40423679352,3.4174042367935087,0.05438105184416564
2015-06-24,12.302570343017578,12.400032280899447,12.299209733897836,12.342899361818224,1746400,0,8359.0,9.017961502075195,102837.18549728394,102846.20345878601,2.846203458786012,-0.5523255802279081
2015-06-25,12.272319793701172,12.36081865241611,12.253274924090128,12.349616340968284,2116800,0,8359.0,9.017961502075195,102584.3211555481,102593.33911705017,2.593339117050175,-0.2458664814371847
2015-06-26,12.153572082519531,12.26111580361852,12.109882472531863,12.233109599540196,1914400,0,8359.0,9.017961502075195,101591.70903778076,101600.72699928284,1.6007269992828421,-0.9675210167736648
2015-06-29,11.876873016357422,12.07851806777878,11.8667911911272,12.038189057494508,2638400,-1,0.0,99287.79950523376,0.0,99287.79950523376,-0.7122004947662353,-2.2764871496100625
2015-06-30,11.900403022766112,11.970978387371147,11.857833022642014,11.970978387371147,2086400,0,0.0,99287.79950523376,0.0,99287.79950523376,-0.7122004947662353,0.0
2015-07-01,11.964252471923828,12.072915841689277,11.914961272047211,12.019144400625375,2590400,0,0.0,99287.79950523376,0.0,99287.79950523376,-0.7122004947662353,0.0
2015-07-02,11.97433376312256,12.01130216138296,11.922802444948188,11.98889668303653,1870400,0,0.0,99287.79950523376,0.0,99287.79950523376,-0.7122004947662353,0.0
2015-07-06,11.925045013427734,11.978817317815988,11.846627959821722,11.885836486624727,4091200,0,0.0,99287.79950523376,0.0,99287.79950523376,-0.7122004947662353,0.0
2015-07-07,11.927286148071287,11.939608950185342,11.698755347067683,11.929526269054849,2589600,0,0.0,99287.79950523376,0.0,99287.79950523376,-0.7122004947662353,0.0
2015-07-08,11.72563934326172,11.851107466884748,11.716677151285433,11.823101257970098,2355200,0,0.0,99287.79950523376,0.0,99287.79950523376,-0.7122004947662353,0.0
2015-07-09,11.699874877929688,11.899278961746374,11.693152806165246,11.842146052498109,2257600,0,0.0,99287.79950523376,0.0,99287.79950523376,-0.7122004947662353,0.0
2015-07-10,11.873513221740724,11.911602113922733,11.80853946043547,11.816381165490332,2271200,0,0.0,99287.79950523376,0.0,99287.79950523376,-0.7122004947662353,0.0
2015-07-13,12.048270225524902,12.063953632591671,11.967612215077756,11.968731847952824,2215200,0,0.0,99287.79950523376,0.0,99287.79950523376,-0.7122004947662353,0.0
2015-07-14,12.106524467468262,12.139011773745068,12.056113631162496,12.056113631162496,1871200,0,0.0,99287.79950523376,0.0,99287.79950523376,-0.7122004947662353,0.0
2015-07-15,12.109883308410645,12.153572921413966,12.076276374005865,12.121085619878905,1643200,0,0.0,99287.79950523376,0.0,99287.79950523376,-0.7122004947662353,0.0
2015-07-16,12.24879550933838,12.249915997041386,12.17485955989206,12.182701264449728,1649600,0,0.0,99287.79950523376,0.0,99287.79950523376,-0.7122004947662353,0.0
2015-07-17,12.417951583862305,12.423553166941431,12.324970774710916,12.347376252345844,1808800,0,0.0,99287.79950523376,0.0,99287.79950523376,-0.7122004947662353,0.0
2015-07-20,12.472846031188965,12.516536507743709,12.422435192006825,12.468365789437366,3020000,0,0.0,99287.79950523376,0.0,99287.79950523376,-0.7122004947662353,0.0
2015-07-21,12.413474082946776,12.486290410653192,12.402271768226212,12.462765293335458,2304000,0,0.0,99287.79950523376,0.0,99287.79950523376,-0.7122004947662353,0.0
2015-07-22,12.238712310791016,12.290243628485186,12.130048092197866,12.290243628485186,2449600,0,0.0,99287.79950523376,0.0,99287.79950523376,-0.7122004947662353,0.0
2015-07-23,12.217430114746094,12.335056551499212,12.187183780693982,12.27232290772784,1948800,0,0.0,99287.79950523376,0.0,99287.79950523376,-0.7122004947662353,0.0
2015-07-24,12.13341236114502,12.286886727638182,12.117728949057469,12.286886727638182,1952800,0,0.0,99287.79950523376,0.0,99287.79950523376,-0.7122004947662353,0.0
2015-07-27,12.010181427001951,12.09307955847627,11.991137411810024,12.071795422836534,2407200,0,0.0,99287.79950523376,0.0,99287.79950523376,-0.7122004947662353,0.0
2015-07-28,12.131170272827148,12.154695387143684,11.978816418954771,12.076278339421895,1585600,0,0.0,99287.79950523376,0.0,99287.79950523376,-0.7122004947662353,0.0
2015-07-29,12.195022583007812,12.21070599021705,12.067314350200254,12.130047979037204,1739200,0,0.0,99287.79950523376,0.0,99287.79950523376,-0.7122004947662353,0.0
2015-07-30,12.224153518676758,12.243197540513044,12.088603535229607,12.16477962257475,1436000,0,0.0,99287.79950523376,0.0,99287.79950523376,-0.7122004947662353,0.0
2015-07-31,12.170377731323242,12.253275868041252,12.151333714926691,12.253275868041252,3980000,0,0.0,99287.79950523376,0.0,99287.79950523376,-0.7122004947662353,0.0
2015-08-03,12.09756088256836,12.179339382704308,12.015783237114016,12.161415000056907,2959200,0,0.0,99287.79950523376,0.0,99287.79950523376,-0.7122004947662353,0.0
2015-08-04,12.02250862121582,12.08860373678988,11.979939479692831,12.080761175651586,2422400,0,0.0,99287.79950523376,0.0,99287.79950523376,-0.7122004947662353,0.0
2015-08-05,12.140130996704102,12.235351930184738,12.068435174694097,12.091960286164728,2360800,0,0.0,99287.79950523376,0.0,99287.79950523376,-0.7122004947662353,0.0
2015-08-06,12.013545989990234,12.198387183663897,11.9776980682527,12.159178652807514,2198400,0,0.0,99287.79950523376,0.0,99287.79950523376,-0.7122004947662353,0.0
2015-08-07,12.023626327514648,12.037068761368882,11.940727330232246,12.007942918230238,1399200,0,0.0,99287.79950523376,0.0,99287.79950523376,-0.7122004947662353,0.0
2015-08-10,12.207348823547363,12.230873940993138,12.1244506685458,12.1244506685458,2100800,1,8133.0,5.431523323059082,99282.3679819107,99287.79950523376,-0.7122004947662353,0.0
2015-08-11,12.007940292358398,12.177097149032477,11.968730923039892,12.171496421045203,1635200,0,8133.0,5.431523323059082,97660.57839775085,97666.00992107391,-2.333990078926085,-1.6334228296341347
2015-08-12,12.066192626953123,12.088598102587234,11.807415579820074,11.93960489467605,2879200,0,8133.0,5.431523323059082,98134.34463500975,98139.77615833281,-1.8602238416671857,0.4850881464715906
2015-08-13,12.035948753356934,12.116606772696269,12.0157842485221,12.091961171822396,1441600,0,8133.0,5.431523323059082,97888.37121105194,97893.802734375,-2.1061972656249983,-0.2506358110711093
2015-08-14,12.09980297088623,12.113245404426838,11.995619837538095,11.995619837538095,1348000,0,8133.0,5.431523323059082,98407.69756221771,98413.12908554077,-1.5868709144592263,0.5304997218004814
2015-08-17,12.178221702575684,12.178221702575684,12.009063934741574,12.062836240398347,1436800,-1,0.0,99050.9086303711,0.0,99050.9086303711,-0.9490913696289072,0.6480634756323767
2015-08-18,12.102046966552734,12.152458672516458,12.083002943151351,12.13565477052855,1953600,0,0.0,99050.9086303711,0.0,99050.9086303711,-0.9490913696289072,0.0
2015-08-19,12.00234317779541,12.108766450668442,11.945210261094664,12.050513900762343,2479200,0,0.0,99050.9086303711,0.0,99050.9086303711,-0.9490913696289072,0.0
2015-08-20,11.69315242767334,11.92728478642953,11.69315242767334,11.892557359717276,3376800,0,0.0,99050.9086303711,0.0,99050.9086303711,-0.9490913696289072,0.0
2015-08-21,11.254015922546388,11.655065076205616,11.2528954347759,11.494869512296022,5968000,0,0.0,99050.9086303711,0.0,99050.9086303711,-0.9490913696289072,0.0
2015-08-24,10.844006538391112,11.260738289993997,8.638236822646574,11.14199221464601,10098400,0,0.0,99050.9086303711,0.0,99050.9086303711,-0.9490913696289072,0.0
2015-08-25,10.727498054504396,11.336912553883256,10.72637756688368,10.964990149197895,16720800,0,0.0,99050.9086303711,0.0,99050.9086303711,-0.9490913696289072,0.0
2015-08-26,11.262980461120604,11.285385093106118,10.833925006610828,10.833925006610828,5229600,0,0.0,99050.9086303711,0.0,99050.9086303711,-0.9490913696289072,0.0
2015-08-27,11.534080505371094,11.534080505371094,11.283145036040136,11.377245516533522,4766400,0,0.0,99050.9086303711,0.0,99050.9086303711,-0.9490913696289072,0.0
2015-08-28,11.558722496032717,11.573285416880363,11.467982653286471,11.485906182431142,2215200,0,0.0,99050.9086303711,0.0,99050.9086303711,-0.9490913696289072,0.0
2015-08-31,11.464619636535645,11.592328717286016,11.433252823772287,11.51503131820379,2461600,0,0.0,99050.9086303711,0.0,99050.9086303711,-0.9490913696289072,0.0
2015-09-01,11.099419593811035,11.350354956343756,11.035565479314892,11.350354956343756,4325600,0,0.0,99050.9086303711,0.0,99050.9086303711,-0.9490913696289072,0.0
2015-09-02,11.359319686889648,11.359319686889648,11.143111697418457,11.210326434860525,3312000,0,0.0,99050.9086303711,0.0,99050.9086303711,-0.9490913696289072,0.0
2015-09-03,11.370525360107422,11.50943597248644,11.333556944453342,11.405252799531675,2159200,0,0.0,99050.9086303711,0.0,99050.9086303711,-0.9490913696289072,0.0
2015-09-04,11.205843925476074,11.283141333863089,11.15319211713603,11.25849573381612,2839200,0,0.0,99050.9086303711,0.0,99050.9086303711,-0.9490913696289072,0.0
2015-09-08,11.51839542388916,11.530718226171391,11.39068715903858,11.445579098043735,2206400,0,0.0,99050.9086303711,0.0,99050.9086303711,-0.9490913696289072,0.0
2015-09-09,11.379484176635742,11.652824222450471,11.352597597953569,11.604653503997104,2152800,0,0.0,99050.9086303711,0.0,99050.9086303711,-0.9490913696289072,0.0
2015-09-10,11.49150848388672,11.5665649228143,11.3469963353159,11.366040353309756,2319200,0,0.0,99050.9086303711,0.0,99050.9086303711,-0.9490913696289072,0.0
2015-09-11,11.54752254486084,11.54752254486084,11.408611105845424,11.428775614432706,1701600,0,0.0,99050.9086303711,0.0,99050.9086303711,-0.9490913696289072,0.0
2015-09-14,11.513916015625,11.604655886935335,11.485909798091496,11.5945740588706,2047200,0,0.0,99050.9086303711,0.0,99050.9086303711,-0.9490913696289072,0.0
2015-09-15,11.660666465759276,11.695394751156195,11.522876376050906,11.553122710112175,3069600,0,0.0,99050.9086303711,0.0,99050.9086303711,-0.9490913696289072,0.0
2015-09-16,11.724519729614258,11.739082650588497,11.640501102731733,11.670747432349506,1882400,0,0.0,99050.9086303711,0.0,99050.9086303711,-0.9490913696289072,0.0
2015-09-17,11.660666465759276,11.84102654633836,11.64274293382566,11.704356944463902,2686400,0,0.0,99050.9086303711,0.0,99050.9086303711,-0.9490913696289072,0.0
2015-09-18,11.515031814575195,11.63377785506419,11.488146096002168,11.527354613646498,1728000,0,0.0,99050.9086303711,0.0,99050.9086303711,-0.9490913696289072,0.0
2015-09-21,11.61025619506836,11.670749720847656,11.520635966947513,11.5777688837416,1271200,0,0.0,99050.9086303711,0.0,99050.9086303711,-0.9490913696289072,0.0
2015-09-22,11.428772926330566,11.471342909269849,11.348115765634232,11.43885560559363,2234400,0,0.0,99050.9086303711,0.0,99050.9086303711,-0.9490913696289072,0.0
2015-09-23,11.445175170898438,11.4881593092332,11.382960491585228,11.458749518116049,1669600,0,0.0,99050.9086303711,0.0,99050.9086303711,-0.9490913696289072,0.0
2015-09-24,11.433866500854492,11.463276299313796,11.240436535537288,11.330929617204273,2728000,0,0.0,99050.9086303711,0.0,99050.9086303711,-0.9490913696289072,0.0
2015-09-25,11.40671730041504,11.562819305007435,11.347896843056548,11.53793342815855,2652800,0,0.0,99050.9086303711,0.0,99050.9086303711,-0.9490913696289072,0.0
2015-09-28,11.137494087219238,11.377302316698184,11.129575935741876,11.345629710788732,2740800,0,0.0,99050.9086303711,0.0,99050.9086303711,-0.9490913696289072,0.0
2015-09-29,11.079809188842772,11.23477978091273,11.000627638450345,11.179352695638029,3439200,0,0.0,99050.9086303711,0.0,99050.9086303711,-0.9490913696289072,0.0
2015-09-30,11.311699867248535,11.323011394512942,11.180483734541632,11.216682002610469,3087200,0,0.0,99050.9086303711,0.0,99050.9086303711,-0.9490913696289072,0.0
2015-10-01,11.317353248596191,11.347894450918163,11.160120728574713,11.347894450918163,2484000,0,0.0,99050.9086303711,0.0,99050.9086303711,-0.9490913696289072,0.0
2015-10-02,11.489294052124023,11.491556012475856,11.145418256690702,11.179353703067942,3675200,0,0.0,99050.9086303711,0.0,99050.9086303711,-0.9490913696289072,0.0
2015-10-05,11.71778678894043,11.751722225959492,11.550374152615216,11.550374152615216,3116000,0,0.0,99050.9086303711,0.0,99050.9086303711,-0.9490913696289072,0.0
2015-10-06,11.7449369430542,11.764166623681058,11.677066923597325,11.700821387256523,1928800,0,0.0,99050.9086303711,0.0,99050.9086303711,-0.9490913696289072,0.0
2015-10-07,11.80828094482422,11.842216382511484,11.655573201259593,11.817330509942693,2663200,0,0.0,99050.9086303711,0.0,99050.9086303711,-0.9490913696289072,0.0
2015-10-08,11.865974426269531,11.891990855072503,11.713266636599272,11.787923413832033,1941600,0,0.0,99050.9086303711,0.0,99050.9086303711,-0.9490913696289072,0.0
2015-10-09,11.928186416625977,11.933842611410508,11.85918498272266,11.882940310406362,1888800,0,0.0,99050.9086303711,0.0,99050.9086303711,-0.9490913696289072,0.0
2015-10-12,11.938365936279297,11.957595615375007,11.880676035978114,11.957595615375007,1952000,0,0.0,99050.9086303711,0.0,99050.9086303711,-0.9490913696289072,0.0
2015-10-13,11.882936477661133,11.979085716886887,11.867100172989309,11.876148873506152,2026400,0,0.0,99050.9086303711,0.0,99050.9086303711,-0.9490913696289072,0.0
2015-10-14,11.875021934509276,11.93949858398782,11.817332028234537,11.860316173548853,1707200,0,0.0,99050.9086303711,0.0,99050.9086303711,-0.9490913696289072,0.0
2015-10-15,12.015286445617676,12.024336011662198,11.904431419107576,11.90556283061667,5068000,0,0.0,99050.9086303711,0.0,99050.9086303711,-0.9490913696289072,0.0
2015-10-16,12.04809284210205,12.04809284210205,11.974566613820874,12.03225652992017,1980800,1,8221.0,3.5373754501342773,99047.37125492096,99050.9086303711,-0.9490913696289072,0.0
2015-10-19,12.087679862976074,12.089941822720975,11.990399196678878,12.023203222571096,1884000,0,8221.0,3.5373754501342773,99372.8161535263,99376.35352897644,-0.6236464710235645,0.32856326418952975
2015-10-20,12.044694900512695,12.07862947245109,12.001709901171187,12.046956860103004,1800800,0,8221.0,3.5373754501342773,99019.43677711487,99022.974152565,-0.977025847434998,-0.3555970448326007
2015-10-21,11.930450439453123,12.083158220835776,11.923663695440547,12.063928537457317,1155200,0,8221.0,3.5373754501342773,98080.23306274413,98083.77043819426,-1.916229561805738,-0.9484705164719776
2015-10-22,12.203058242797852,12.227944113933168,12.026596048222306,12.026596048222306,2230400,0,8221.0,3.5373754501342773,100321.34181404114,100324.87918949127,0.32487918949126726,2.2848925375571705
2015-10-23,12.534494400024414,12.57974137228862,12.44060794661789,12.51639612892726,2675200,0,8221.0,3.5373754501342773,103046.07846260071,103049.61583805084,3.0496158380508342,2.7159132117300144
2015-10-26,12.477932929992676,12.520917931767205,12.431555420147646,12.520917931767205,2831200,0,8221.0,3.5373754501342773,102581.08661746979,102584.62399291992,2.584623992919921,-0.45123103210951143
2015-10-27,12.39988613128662,12.480199099542348,12.382918408299808,12.44852647690789,2236000,0,8221.0,3.5373754501342773,101939.4638853073,101943.00126075743,1.9430012607574376,-0.6254570199592191
2015-10-28,12.617071151733398,12.617071151733398,12.433821288438986,12.447395640058147,2062400,0,8221.0,3.5373754501342773,103724.94193840027,103728.4793138504,3.728479313850408,1.7514474078764275
2015-10-29,12.55824851989746,12.574085693315189,12.497166101491937,12.528838722299003,1963200,0,8221.0,3.5373754501342773,103241.36108207701,103244.89845752715,3.2448984575271567,-0.46619873300185466
2015-10-30,12.494903564453123,12.59670903581763,12.494903564453123,12.580872725051398,2960800,0,8221.0,3.5373754501342773,102720.60220336913,102724.13957881926,2.7241395788192513,-0.5043918745507026
2015-11-02,12.614808082580566,12.628382433935329,12.486986176960045,12.55259424732,3410400,0,8221.0,3.5373754501342773,103706.33724689484,103709.87462234497,3.7098746223449774,0.9595943539340679
2015-11-03,12.697381019592283,12.749414726890397,12.558246754306197,12.583132628017047,2744800,0,8221.0,3.5373754501342773,104385.16936206816,104388.7067375183,4.3887067375183,0.6545491619243338
2015-11-04,12.721136093139648,12.750546751030642,12.69059488676316,12.73584099057809,2237600,0,8221.0,3.5373754501342773,104580.45982170105,104583.99719715118,4.583997197151191,0.18708006424865697
2015-11-05,12.682676315307615,12.792399062766831,12.65665902975674,12.782218948647412,2259200,0,8221.0,3.5373754501342773,104264.2819881439,104267.81936359404,4.267819363594039,-0.302319515442806
2015-11-06,12.757335662841797,12.758467074533751,12.64648148142943,12.663448341737464,2009600,0,8221.0,3.5373754501342773,104878.05648422241,104881.59385967255,4.8815938596725506,0.5886518964573373
2015-11-09,12.636297225952148,12.759595177979406,12.567295801875636,12.759595177979406,2307200,0,8221.0,3.5373754501342773,103882.99949455261,103886.53687000275,3.8865368700027547,-0.9487431998803753
2015-11-10,12.54354476928711,12.5899231561529,12.484724305691802,12.5899231561529,2147200,0,8221.0,3.5373754501342773,103120.48154830933,103124.01892375946,3.124018923759464,-0.7339911110882946
2015-11-11,12.53675651550293,12.6295124150514,12.515264010712643,12.57295391866784,1604000,0,8221.0,3.5373754501342773,103064.67531394958,103068.21268939972,3.0682126893997186,-0.05411565117627859
2015-11-12,12.41119384765625,12.529966146062344,12.405537654059492,12.483588638022052,1709600,0,8221.0,3.5373754501342773,102032.42462158203,102035.96199703217,2.0359619970321763,-1.0015218712274399
2015-11-13,12.167994499206545,12.374998796659217,12.163469716074808,12.353506292537006,2661600,0,8221.0,3.5373754501342773,100033.082777977,100036.62015342714,0.03662015342713598,-1.9594482224445375
2015-11-16,12.330883026123049,12.336538357679071,12.12953492682917,12.152157979081512,1980800,0,8221.0,3.5373754501342773,101372.18935775758,101375.72673320772,1.375726733207716,1.3386163764097292
2015-11-17,12.338804244995115,12.436084947264808,12.312786951730942,12.343329029172118,2424000,0,8221.0,3.5373754501342773,101437.30969810484,101440.84707355498,1.440847073554985,0.06423661999350738
2015-11-18,12.535624504089355,12.543542658683595,12.3806539207288,12.411195990602389,1697600,0,8221.0,3.5373754501342773,103055.36904811859,103058.90642356873,3.058906423568719,1.5950767335770388
2015-11-19,12.586524963378906,12.65100160222556,12.536754083067768,12.536754083067768,1988800,0,8221.0,3.5373754501342773,103473.82172393799,103477.35909938812,3.477359099388133,0.4060325209541471
2015-11-20,12.682676315307615,12.696249800800176,12.63177315566827,12.63516652704141,10272000,0,8221.0,3.5373754501342773,104264.2819881439,104267.81936359404,4.267819363594039,0.7638968283358416
2015-11-23,12.615936279296877,12.7324466272713,12.575214098624294,12.7324466272713,3280800,0,8221.0,3.5373754501342773,103715.61215209962,103719.14952754976,3.7191495275497477,-0.5262120560237338
2015-11-24,12.6317720413208,12.660051284287675,12.49037582648642,12.534491376473628,2014400,0,8221.0,3.5373754501342773,103845.7979516983,103849.33532714844,3.84933532714844,0.1255176119276724
2015-11-25,12.60349464416504,12.645348240570614,12.595576489495242,12.636298674372522,1795200,0,8221.0,3.5373754501342773,103613.3294696808,103616.86684513093,3.6168668451309394,-0.22385168021074042
2015-11-27,12.624987602233888,12.654398261928476,12.594445530970306,12.6114132524485,1084000,0,8221.0,3.5373754501342773,103790.0230779648,103793.56045341493,3.7935604534149236,0.1705259130717396
2015-11-30,12.64308738708496,12.679284794502117,12.606889979667804,12.672498050303355,1780000,0,8221.0,3.5373754501342773,103938.82140922545,103942.35878467558,3.9423587846755925,0.1433598872710773
2015-12-01,12.756202697753906,12.759596932416436,12.669102994393675,12.680414520892985,5337600,0,8221.0,3.5373754501342773,104868.74237823486,104872.279753685,4.872279753685005,0.8946506312559332
2015-12-02,12.68833065032959,12.818415341841824,12.67362575452922,12.762988266733034,2954400,0,8221.0,3.5373754501342773,104310.76627635956,104314.30365180969,4.314303651809692,-0.5320529916826744
2015-12-03,12.511870384216309,12.757334046398856,12.44852514572124,12.755072086315808,2461600,0,8221.0,3.5373754501342773,102860.08642864227,102863.6238040924,2.8636238040923967,-1.3906816198088312
2015-12-04,12.7844820022583,12.810499290034931,12.522050616444377,12.548067904221009,2862400,0,8221.0,3.5373754501342773,105101.22654056549,105104.76391601562,5.10476391601562,2.178748938683661
2015-12-07,12.701904296875,12.781085828375437,12.649870595744147,12.781085828375437,2180800,0,8221.0,3.5373754501342773,104422.35522460938,104425.89260005951,4.4258926000595,-0.6458996630243852
2015-12-08,12.680415153503418,12.7098258142802,12.548068474529195,12.584265878941313,3384000,0,8221.0,3.5373754501342773,104245.6929769516,104249.23035240173,4.249230352401723,-0.16917475470799026
2015-12-09,12.490376472473145,12.699642708648216,12.430424612364972,12.63177269462036,3429600,0,8221.0,3.5373754501342773,102683.38498020172,102686.92235565186,2.686922355651866,-1.498627847389078
2015-12-10,12.519786834716797,12.608017937185268,12.477933243257688,12.54127933614364,2669600,0,8221.0,3.5373754501342773,102925.16756820679,102928.70494365692,2.9287049436569124,0.23545606632133786
2015-12-11,12.258485794067385,12.41119352404433,12.244911447597495,12.405537330595056,2622400,0,8221.0,3.5373754501342773,100777.01171302797,100780.5490884781,0.7805490884781108,-2.0870328217524103
2015-12-14,12.32070255279541,12.32070255279541,12.103518135432545,12.258488725047943,2764000,0,8221.0,3.5373754501342773,101288.49568653107,101292.0330619812,1.2920330619812015,0.5075225111683457
2015-12-15,12.379524230957031,12.466623937535523,12.367081292443793,12.413458811708807,2649600,0,8221.0,3.5373754501342773,101772.06870269775,101775.60607814789,1.7756060781478844,0.47740478846030054
2015-12-16,12.544678688049316,12.568433160576346,12.358035417606152,12.470021034666274,2467200,0,8221.0,3.5373754501342773,103129.80349445343,103133.34086990356,3.133340869903556,1.334047365645885
2015-12-17,12.353507995605469,12.598971688996585,12.347852663171752,12.59670972862595,4037600,0,8221.0,3.5373754501342773,101558.18923187256,101561.7266073227,1.5617266073226999,-1.5238663358761673
2015-12-18,12.109176635742188,12.335410662655526,12.106913812185033,12.329754466776963,2428800,0,8221.0,3.5373754501342773,99549.54112243652,99553.07849788666,-0.4469215021133399,-1.9777608913663425
2015-12-21,12.227944374084473,12.243780680959508,12.12953316179162,12.226812962732255,2839200,0,8221.0,3.5373754501342773,100525.93069934845,100529.46807479858,0.5294680747985892,0.9807728617178268
2015-12-22,12.30825901031494,12.325226730872656,12.209847784505596,12.273193020706012,2940000,0,8221.0,3.5373754501342773,101186.19732379912,101189.73469924925,1.1897346992492563,0.6567891356586086
2015-12-23,12.416460990905762,12.421002594823774,12.348338664580332,12.385805381014777,3539200,0,8221.0,3.5373754501342773,102075.72580623627,102079.2631816864,2.0792631816864082,0.8790698830083432
2015-12-24,12.41078281402588,12.450521628693654,12.402835224336789,12.423272007283355,1131200,0,8221.0,3.5373754501342773,102029.04551410677,102032.5828895569,2.0325828895569,-0.04572945637980608
2015-12-28,12.408514022827148,12.408514022827148,12.29043491370491,12.380129646583027,1842400,0,8221.0,3.5373754501342773,102010.39378166199,102013.93115711212,2.0139311571121254,-0.018280172780660298
2015-12-29,12.562923431396484,12.598119776076356,12.466416738220436,12.48231191750956,1975200,-1,0.0,103283.33090496063,0.0,103283.33090496063,3.283330904960624,1.244339604846223
2015-12-30,12.466416358947754,12.565193417778968,12.46187475554299,12.565193417778968,1965600,0,0.0,103283.33090496063,0.0,103283.33090496063,3.283330904960624,0.0
2015-12-31,12.294971466064451,12.47436085811276,12.291565480910204,12.47436085811276,2280000,0,0.0,103283.33090496063,0.0,103283.33090496063,3.283330904960624,0.0
2016-01-04,12.10423469543457,12.10423469543457,11.914627250897166,12.070173094017878,4084800,0,0.0,103283.33090496063,0.0,103283.33090496063,3.283330904960624,0.0
2016-01-05,12.046330451965332,12.165545192012022,12.00659249402394,12.14397278646276,3218400,0,0.0,103283.33090496063,0.0,103283.33090496063,3.283330904960624,0.0
2016-01-06,11.88283348083496,11.963444990457791,11.804492339752349,11.871479039467085,5246400,0,0.0,103283.33090496063,0.0,103283.33090496063,3.283330904960624,0.0
2016-01-07,11.500213623046877,11.767026578145623,11.494536401486783,11.639864264712196,5977600,0,0.0,103283.33090496063,0.0,103283.33090496063,3.283330904960624,0.0
2016-01-08,11.40143585205078,11.637594066364034,11.383270301992596,11.603532468949128,3668800,0,0.0,103283.33090496063,0.0,103283.33090496063,3.283330904960624,0.0
2016-01-11,11.457066535949709,11.510428419327722,11.3071962436826,11.47069047799424,3653600,0,0.0,103283.33090496063,0.0,103283.33090496063,3.283330904960624,0.0
2016-01-12,11.58763599395752,11.629645177248902,11.435496172596087,11.579688404277777,3552800,0,0.0,103283.33090496063,0.0,103283.33090496063,3.283330904960624,0.0
2016-01-13,11.262921333312988,11.677333443364722,11.234536954079616,11.646678694930584,4821600,0,0.0,103283.33090496063,0.0,103283.33090496063,3.283330904960624,0.0
2016-01-14,11.479776382446287,11.560387901309769,11.153923454458122,11.293574956802296,4549600,0,0.0,103283.33090496063,0.0,103283.33090496063,3.283330904960624,0.0
2016-01-15,11.138031005859377,11.234537728662144,10.977943546381386,11.1175942167534,5220800,0,0.0,103283.33090496063,0.0,103283.33090496063,3.283330904960624,0.0
2016-01-19,11.10850715637207,11.273137029944662,11.00291812651753,11.254970616492956,5468000,0,0.0,103283.33090496063,0.0,103283.33090496063,3.283330904960624,0.0
2016-01-20,11.049468040466309,11.155057936498851,10.707719966994183,10.92457697981612,6693600,0,0.0,103283.33090496063,0.0,103283.33090496063,3.283330904960624,0.0
2016-01-21,11.077855110168455,11.247025762017651,10.956370005891923,11.09942751483239,4530400,0,0.0,103283.33090496063,0.0,103283.33090496063,3.283330904960624,0.0
2016-01-22,11.387809753417969,11.390080121912671,11.2810842434999,11.29016744992319,3721600,0,0.0,103283.33090496063,0.0,103283.33090496063,3.283330904960624,0.0
2016-01-25,11.219775199890137,11.396893414561776,11.210691992414066,11.369644658355911,14952800,0,0.0,103283.33090496063,0.0,103283.33090496063,3.283330904960624,0.0
2016-01-26,11.335578918457031,11.36964050092614,11.192522351019631,11.269727853890524,2981600,0,0.0,103283.33090496063,0.0,103283.33090496063,3.283330904960624,0.0
2016-01-27,11.06309413909912,11.292439505098532,11.024490939145336,11.250430318782843,3368800,0,0.0,103283.33090496063,0.0,103283.33090496063,3.283330904960624,0.0
2016-01-28,11.185715675354004,11.234536841796364,11.06196019892018,11.198204871389668,3105600,0,0.0,103283.33090496063,0.0,103283.33090496063,3.283330904960624,0.0
2016-01-29,11.572876930236816,11.572876930236816,11.27427362944666,11.27427362944666,5857600,0,0.0,103283.33090496063,0.0,103283.33090496063,3.283330904960624,0.0
2016-02-01,11.601261138916016,11.651217913326557,11.48999401397136,11.51837838739147,2975200,0,0.0,103283.33090496063,0.0,103283.33090496063,3.283330904960624,0.0
2016-02-02,11.366238594055176,11.55811723611337,11.331042248105032,11.55811723611337,3023200,0,0.0,103283.33090496063,0.0,103283.33090496063,3.283330904960624,0.0
2016-02-03,11.340124130249023,11.472963651185545,11.156193951790044,11.43549607178749,3451200,0,0.0,103283.33090496063,0.0,103283.33090496063,3.283330904960624,0.0
2016-02-04,11.367377281188965,11.445717584175704,11.24021494172528,11.311743270423408,3097600,0,0.0,103283.33090496063,0.0,103283.33090496063,3.283330904960624,0.0
2016-02-05,10.941606521606444,11.310603306723609,10.9086805506801,11.295842880936734,3602400,0,0.0,103283.33090496063,0.0,103283.33090496063,3.283330904960624,0.0
2016-02-08,10.744053840637209,10.776979821200388,10.55331079662382,10.757678653146172,12212000,0,0.0,103283.33090496063,0.0,103283.33090496063,3.283330904960624,0.0
2016-02-09,10.694097518920898,10.882569320542494,10.600996802553569,10.620297969870874,5438400,0,0.0,103283.33090496063,0.0,103283.33090496063,3.283330904960624,0.0
2016-02-10,10.74291706085205,10.95863758773392,10.729292250915636,10.81330974663454,3738400,0,0.0,103283.33090496063,0.0,103283.33090496063,3.283330904960624,0.0
2016-02-11,10.705452919006348,10.783794085394623,10.565801387560622,10.604404594991996,4978400,0,0.0,103283.33090496063,0.0,103283.33090496063,3.283330904960624,0.0
2016-02-12,10.862133979797363,10.875758793597567,10.736107267368626,10.81444843083041,15480000,0,0.0,103283.33090496063,0.0,103283.33090496063,3.283330904960624,0.0
2016-02-16,11.088072776794434,11.103967957655778,10.955233242135508,10.990430456519102,3775200,0,0.0,103283.33090496063,0.0,103283.33090496063,3.283330904960624,0.0
2016-02-17,11.36056137084961,11.373050564485638,11.15165279770574,11.170953963789662,3444000,0,0.0,103283.33090496063,0.0,103283.33090496063,3.283330904960624,0.0
2016-02-18,11.28903579711914,11.410520910472282,11.275410982699356,11.402573318616378,3432800,0,0.0,103283.33090496063,0.0,103283.33090496063,3.283330904960624,0.0
2016-02-19,11.334449768066406,11.360562910136393,11.231130218755062,11.254972991775576,2452000,0,0.0,103283.33090496063,0.0,103283.33090496063,3.283330904960624,0.0
2016-02-22,11.489995002746582,11.507025801508703,11.43663310375146,11.482047412153912,2424000,0,0.0,103283.33090496063,0.0,103283.33090496063,3.283330904960624,0.0
2016-02-23,11.294707298278809,11.457065906424996,11.286759710448804,11.43662912825897,2686400,0,0.0,103283.33090496063,0.0,103283.33090496063,3.283330904960624,0.0
2016-02-24,11.403706550598145,11.421872099801554,11.107373612188525,11.170954333734006,2224800,0,0.0,103283.33090496063,0.0,103283.33090496063,3.283330904960624,0.0
2016-02-25,11.537681579589844,11.539951948553878,11.332178106336722,11.43436203416667,1993600,0,0.0,103283.33090496063,0.0,103283.33090496063,3.283330904960624,0.0
2016-02-26,11.526324272155762,11.630779409218189,11.502481505956723,11.602395039997116,2134400,0,0.0,103283.33090496063,0.0,103283.33090496063,3.283330904960624,0.0
2016-02-29,11.46047592163086,11.634188164014,11.46047592163086,11.526327015568272,1915200,0,0.0,103283.33090496063,0.0,103283.33090496063,3.283330904960624,0.0
2016-03-01,11.807900428771973,11.807900428771973,11.54222308491136,11.555847031023754,2999200,0,0.0,103283.33090496063,0.0,103283.33090496063,3.283330904960624,0.0
2016-03-02,11.838556289672852,11.8396919073634,11.746591179855738,11.792006359030268,3316800,0,0.0,103283.33090496063,0.0,103283.33090496063,3.283330904960624,0.0
2016-03-03,11.843095779418944,11.853314604364147,11.74886031727063,11.843095779418944,2165600,0,0.0,103283.33090496063,0.0,103283.33090496063,3.283330904960624,0.0
2016-03-04,11.879429817199709,11.953229374787853,11.806765877297607,11.870347474378812,2956000,0,0.0,103283.33090496063,0.0,103283.33090496063,3.283330904960624,0.0
2016-03-07,11.814708709716797,11.87034269303142,11.719337651843974,11.831739503257555,2402400,0,0.0,103283.33090496063,0.0,103283.33090496063,3.283330904960624,0.0
2016-03-08,11.69663429260254,11.805631068145566,11.68187472764603,11.738643484556048,2134400,0,0.0,103283.33090496063,0.0,103283.33090496063,3.283330904960624,0.0
2016-03-09,11.806764602661133,11.813577441819415,11.721611476072974,11.74091350976198,7812000,0,0.0,103283.33090496063,0.0,103283.33090496063,3.283330904960624,0.0
2016-03-10,11.78065013885498,11.913488793516429,11.630780687544611,11.869209241962611,2203200,1,8767.0,2.3711376190185547,103280.95976734161,103283.33090496063,3.283330904960624,0.0
2016-03-11,11.986151695251465,11.989557681046332,11.878291436043613,11.89759259969601,1869600,0,8767.0,2.3711376190185547,105082.59191226959,105084.96304988861,5.084963049888613,1.7443590646643692
2016-03-14,11.99069595336914,12.021350698532755,11.941874791647518,11.94528077819654,2032800,0,8767.0,2.3711376190185547,105122.43142318726,105124.80256080627,5.124802560806274,0.037911714256155804
2016-03-15,12.016806602478027,12.02929579471618,11.928247505678211,11.961173479194954,2327200,0,8767.0,2.3711376190185547,105351.34348392487,105353.71462154388,5.353714621543881,0.21775266650816416
2016-03-16,12.150784492492676,12.175762884425955,11.986155441983318,12.003186242503508,2306400,0,8767.0,2.3711376190185547,106525.92764568329,106528.2987833023,6.5282987833023,1.1148958211656845
2016-03-17,12.217768669128418,12.248423408536617,12.123532349927023,12.123532349927023,2169600,0,8767.0,2.3711376190185547,107113.17792224884,107115.54905986786,7.115549059867865,0.5512622310435367
2016-03-18,12.25864601135254,12.28362440401878,12.197335647414276,12.27908279933196,2760000,0,8767.0,2.3711376190185547,107471.54958152772,107473.92071914674,7.473920719146743,0.3345654878532889
2016-03-21,12.292492866516112,12.305029318494672,12.22753164694543,12.23892818433501,5217600,0,8767.0,2.3711376190185547,107768.28496074675,107770.65609836577,7.77065609836578,0.27609989217241004
2016-03-22,12.3073091506958,12.349477298476822,12.220694764794434,12.243487841189502,3734400,0,8767.0,2.3711376190185547,107898.17932415009,107900.5504617691,7.900550461769096,0.12052850757888756
2016-03-23,12.211576461791992,12.297051797451529,12.188782517249404,12.297051797451529,4644000,0,8767.0,2.3711376190185547,107058.8908405304,107061.26197814941,7.061261978149425,-0.7778352195868199
2016-03-24,12.228667259216309,12.23208613228034,12.131794551736686,12.160286319936631,3494400,0,8767.0,2.3711376190185547,107208.72586154938,107211.0969991684,7.211096999168398,0.1399526012028085
2016-03-28,12.200180053710938,12.264001360107155,12.180804983269155,12.251464907850744,2606400,0,8767.0,2.3711376190185547,106958.97853088379,106961.34966850281,6.961349668502814,-0.23294914207204753
2016-03-29,12.407598495483398,12.42127399100944,12.16826688977804,12.179664295383033,2570400,0,8767.0,2.3711376190185547,108777.41600990295,108779.78714752197,8.779787147521967,1.7000883820696977
2016-03-30,12.49193286895752,12.562592778142308,12.457742393981032,12.48281529303047,2327200,0,8767.0,2.3711376190185547,109516.77546215057,109519.14659976959,9.519146599769602,0.6796845918120242
2016-03-31,12.482817649841309,12.5363823316511,12.46230353488224,12.48509747900346,1592800,0,8767.0,2.3711376190185547,109436.86233615875,109439.23347377777,9.439233473777776,-0.0729672650608415
2016-04-01,12.577406883239746,12.579685842235344,12.384802241868972,12.411015052567286,2105600,0,8767.0,2.3711376190185547,110266.12614536285,110268.49728298187,10.268497282981869,0.7577390510532078
2016-04-04,12.511308670043944,12.58310850280172,12.491934470839473,12.571711096681431,3713600,0,8767.0,2.3711376190185547,109686.64311027525,109689.01424789427,9.689014247894278,-0.5255200255431691
2016-04-05,12.381387710571287,12.464584089833002,12.364292468859968,12.423555857525873,2935200,0,8767.0,2.3711376190185547,108547.62605857848,108549.9971961975,8.54999719619749,-1.0384057688061943
2016-04-06,12.517006874084473,12.519285833517667,12.34377639416244,12.39734107059228,1871200,0,8767.0,2.3711376190185547,109736.59926509857,109738.97040271759,9.738970402717584,1.095323111221358
2016-04-07,12.336938858032228,12.44634717220226,12.292491757572526,12.440649338771523,1734400,0,8767.0,2.3711376190185547,108157.94296836854,108160.31410598756,8.160314105987565,-1.4385557755250522
2016-04-08,12.340359687805176,12.454326808482357,12.300471369468188,12.407600741144778,1710400,0,8767.0,2.3711376190185547,108187.93338298798,108190.304520607,8.190304520606983,0.027727743643612968
2016-04-11,12.315288543701172,12.482820374180212,12.308450793722518,12.391647186297234,2105600,0,8767.0,2.3711376190185547,107968.13466262817,107970.50580024719,7.970505800247185,-0.20315935086210324
2016-04-12,12.372269630432127,12.38594599714634,12.221833074576104,12.32896244008724,1967200,0,8767.0,2.3711376190185547,108467.68784999846,108470.05898761748,8.47005898761748,0.4626756017004352
2016-04-13,12.566014289855955,12.578550742012585,12.44178968289484,12.46002483857724,2852800,0,8767.0,2.3711376190185547,110166.24727916716,110168.61841678618,10.16861841678618,1.5659246846750685
2016-04-14,12.547779083251951,12.581969565267658,12.501053018630572,12.558036575656695,1885600,0,8767.0,2.3711376190185547,110006.37922286986,110008.75036048888,10.008750360488872,-0.14511215498091978
2016-04-15,12.48509693145752,12.559174855477558,12.473699525146722,12.54549935910464,2588000,0,8767.0,2.3711376190185547,109456.84479808807,109459.21593570709,9.459215935707089,-0.49953701226584935
2016-04-18,12.548917770385742,12.551196729863838,12.43495066748114,12.43495066748114,2108800,0,8767.0,2.3711376190185547,110016.3620929718,110018.73323059082,10.018733230590815,0.5111650856446603
2016-04-19,12.471421241760254,12.580829566175623,12.39506348453808,12.580829566175623,4379200,0,8767.0,2.3711376190185547,109336.95002651215,109339.32116413116,9.339321164131164,-0.6175421644200041
2016-04-20,12.502191543579102,12.563733886946862,12.440650069711385,12.473699766251436,3333600,0,8767.0,2.3711376190185547,109606.71326255798,109609.084400177,9.609084400177004,0.24672115500048442
2016-04-21,12.49307346343994,12.545498223624609,12.46914047745346,12.51586653499851,2495200,0,8767.0,2.3711376190185547,109526.77505397795,109529.14619159697,9.529146191596972,-0.07293027673526131
2016-04-22,12.30616855621338,12.371129772211033,12.230949848479243,12.31528526392356,2008000,0,8767.0,2.3711376190185547,107888.17973232271,107890.55086994173,7.890550869941726,-1.4960358759566028
2016-04-25,12.282234191894531,12.30844700791731,12.229809429348956,12.26285999324725,1908000,0,8767.0,2.3711376190185547,107678.34716033936,107680.71829795837,7.680718297958378,-0.19448651461266842
2016-04-26,12.260580062866213,12.33579789204028,12.212714092528174,12.299328457092264,2344000,0,8767.0,2.3711376190185547,107488.50541114809,107490.8765487671,7.4908765487671,-0.1763005969796394
2016-04-27,12.171686172485352,12.186501581911152,12.04404271224021,12.081652062513324,2787200,0,8767.0,2.3711376190185547,106709.17267417908,106711.5438117981,6.711543811798104,-0.7250222176906629
2016-04-28,12.008713722229004,12.244625586064007,11.977942118098364,12.186502121206114,2390400,0,8767.0,2.3711376190185547,105280.39320278168,105282.7643404007,5.282764340400692,-1.3389174407571813
2016-04-29,11.89930248260498,11.966542638164304,11.796731943235049,11.955146104789812,3236000,0,8767.0,2.3711376190185547,104321.18486499786,104323.55600261688,4.323556002616891,-0.9110782223408331
2016-05-02,11.968825340270996,11.988200409516889,11.858277975515188,11.909562826489532,2281600,0,8767.0,2.3711376190185547,104930.69175815582,104933.06289577484,4.933062895774842,0.5842466615523234
2016-05-03,11.860560417175291,11.916404073219953,11.82067209142911,11.89475090752933,2705600,0,8767.0,2.3711376190185547,103981.53317737578,103983.9043149948,3.9839043149948017,-0.9045371921744039
2016-05-04,11.80812931060791,11.857135190129249,11.775078752837723,11.806989396340022,1857600,0,8767.0,2.3711376190185547,103521.86966609955,103524.24080371857,3.524240803718559,-0.4420525602537362
2016-05-05,11.80927276611328,11.877652861194695,11.78989769574848,11.838903589965176,2041600,0,8767.0,2.3711376190185547,103531.89434051512,103534.26547813414,3.5342654781341354,0.009683407806471145
2016-05-06,11.884488105773926,11.88676793451299,11.75798456525275,11.785337293122122,1984800,0,8767.0,2.3711376190185547,104191.30722332001,104193.67836093903,4.193678360939024,0.6369030385830587
2016-05-09,11.895888328552246,11.952871891694478,11.886771619269618,11.910704611449336,2210400,0,8767.0,2.3711376190185547,104291.25297641754,104293.62411403656,4.293624114036554,0.09592304895054138
2016-05-10,12.05202293395996,12.058860682916494,11.91640178298789,11.93007815040108,1912000,0,8767.0,2.3711376190185547,105660.08506202696,105662.45619964598,5.662456199645982,1.312479163743241
2016-05-11,11.974523544311523,12.098748139415353,11.973383629815158,12.026948307644334,1935200,-1,0.0,104983.01905059814,0.0,104983.01905059814,4.9830190505981475,-0.6430260789736519
2016-05-12,11.91297721862793,12.018966624332108,11.83661949341624,12.018966624332108,2038400,0,0.0,104983.01905059814,0.0,104983.01905059814,4.9830190505981475,0.0
2016-05-13,11.884488105773926,11.99503632312125,11.86169503538268,11.91297987851293,2046400,0,0.0,104983.01905059814,0.0,104983.01905059814,4.9830190505981475,0.0
2016-05-16,12.038344383239746,12.086211225754589,11.898165338053325,11.898165338053325,3205600,0,0.0,104983.01905059814,0.0,104983.01905059814,4.9830190505981475,0.0
2016-05-17,11.9141206741333,12.062277381634884,11.882210025425266,12.03036673292685,1943200,0,0.0,104983.01905059814,0.0,104983.01905059814,4.9830190505981475,0.0
2016-05-18,11.981361389160156,12.061138884050743,11.900444849263993,11.901584763769574,5429600,0,0.0,104983.01905059814,0.0,104983.01905059814,4.9830190505981475,0.0
2016-05-19,11.916401863098145,11.979084127288171,11.835485311734736,11.94033485410703,2304800,0,0.0,104983.01905059814,0.0,104983.01905059814,4.9830190505981475,0.0
2016-05-20,12.067975997924805,12.105585349132609,11.96426639036688,11.96654534975828,2188800,0,0.0,104983.01905059814,0.0,104983.01905059814,4.9830190505981475,0.0
2016-05-23,12.06569766998291,12.136356718313683,12.06341784097224,12.071395503509583,1892800,0,0.0,104983.01905059814,0.0,104983.01905059814,4.9830190505981475,0.0
2016-05-24,12.322121620178224,12.342635730386338,12.139773587439477,12.139773587439477,2791200,0,0.0,104983.01905059814,0.0,104983.01905059814,4.9830190505981475,0.0
2016-05-25,12.407598495483398,12.445206977679982,12.35859260768182,12.404178752101918,2154400,0,0.0,104983.01905059814,0.0,104983.01905059814,4.9830190505981475,0.0
2016-05-26,12.441789627075195,12.462303742375816,12.379108236073352,12.417856637474484,2715200,0,0.0,104983.01905059814,0.0,104983.01905059814,4.9830190505981475,0.0
2016-05-27,12.514725685119627,12.51700551380504,12.431530197599598,12.433809156785127,2178400,0,0.0,104983.01905059814,0.0,104983.01905059814,4.9830190505981475,0.0
2016-05-31,12.535242080688477,12.545499572642782,12.461163285907512,12.523845543683722,2568800,0,0.0,104983.01905059814,0.0,104983.01905059814,4.9830190505981475,0.0
2016-06-01,12.528401374816896,12.553474272008442,12.472557748026524,12.493071857592351,2609600,0,0.0,104983.01905059814,0.0,104983.01905059814,4.9830190505981475,0.0
2016-06-02,12.528401374816896,12.528401374816896,12.418993080299098,12.501049518562404,2580800,0,0.0,104983.01905059814,0.0,104983.01905059814,4.9830190505981475,0.0
2016-06-03,12.48509693145752,12.51928654188984,12.41557692656177,12.497633382799377,2052800,0,0.0,104983.01905059814,0.0,104983.01905059814,4.9830190505981475,0.0
2016-06-06,12.531821250915527,12.568290685339624,12.495351816491434,12.507888266090331,1832800,0,0.0,104983.01905059814,0.0,104983.01905059814,4.9830190505981475,0.0
2016-06-07,12.55689811706543,12.602485141872291,12.550060367669465,12.558038031798151,1531200,0,0.0,104983.01905059814,0.0,104983.01905059814,4.9830190505981475,0.0
2016-06-08,12.597922325134276,12.610458774686013,12.543217738953985,12.576268299635842,1583200,0,0.0,104983.01905059814,0.0,104983.01905059814,4.9830190505981475,0.0
2016-06-09,12.587665557861328,12.596783134331744,12.532961838038725,12.539799585641562,1993600,1,8340.0,1.8882980346679688,104981.13075256348,104983.01905059814,4.9830190505981475,0.0
2016-06-10,12.436091423034668,12.49307497834082,12.40076102748482,12.471420949084466,1578400,0,8340.0,1.8882980346679688,103717.00246810913,103718.8907661438,3.718890766143801,-1.2041264348142677
2016-06-13,12.323260307312012,12.433808516363753,12.316422560607723,12.368847314173532,1771200,0,8340.0,1.8882980346679688,102775.99096298218,102777.87926101685,2.777879261016847,-0.9072710845400955
2016-06-14,12.335797309875488,12.371127698267092,12.253740867739976,12.293630043972426,2241600,0,8340.0,1.8882980346679688,102880.54956436157,102882.43786239624,2.8824378623962366,0.10173259278278834
2016-06-15,12.314144134521484,12.393920747857168,12.306166473187917,12.371127678189794,2036000,0,8340.0,1.8882980346679688,102699.96208190918,102701.85037994385,2.7018503799438376,-0.17552799700754074
2016-06-16,12.336938858032228,12.349475308879834,12.171686907041028,12.256022319515848,2222400,0,8340.0,1.8882980346679688,102890.07007598878,102891.95837402345,2.891958374023451,0.18510668831799304
2016-06-17,12.224113464355469,12.336940669046532,12.188783066098582,12.336940669046532,1708000,0,8340.0,1.8882980346679688,101949.10629272461,101950.99459075928,1.9509945907592696,-0.9145163510676624
2016-06-20,12.314144134521484,12.420133560524532,12.302746730187923,12.343774951189095,1579200,0,8340.0,1.8882980346679688,102699.96208190918,102701.85037994385,2.7018503799438376,0.7364869682719322
2016-06-21,12.377032279968262,12.401043046224906,12.332440732302242,12.340444321054456,1912800,0,8340.0,1.8882980346679688,103224.4492149353,103226.33751296997,3.226337512969968,0.5106890782257567
2016-06-22,12.322148323059082,12.423909470306151,12.309572004342687,12.382747912773253,9171200,0,8340.0,1.8882980346679688,102766.71701431274,102768.60531234741,2.7686053123474164,-0.44342578807956556
2016-06-23,12.513092041015623,12.513092041015623,12.36330937356474,12.4067581671374,2180800,0,8340.0,1.8882980346679688,104359.1876220703,104361.07592010497,4.361075920104973,1.5495691538456757
2016-06-24,11.969989776611328,12.214671887784103,11.945979013065472,12.040878448320328,5963200,0,8340.0,1.8882980346679688,99829.71473693848,99831.60303497314,-0.1683969650268513,-4.34019374100687
2016-06-27,11.655562400817873,11.87166015730181,11.600680029370436,11.87166015730181,5035200,0,8340.0,1.8882980346679688,97207.39042282106,97209.27872085573,-2.7907212791442704,-2.6267476774852194
2016-06-28,11.894527435302734,11.894527435302734,11.766470021046157,11.784763563514648,3574400,0,8340.0,1.8882980346679688,99200.3588104248,99202.24710845947,-0.7977528915405263,2.05018328890878
2016-06-29,12.092329025268556,12.117483403984208,11.9768479558583,11.988281526458453,2067200,0,8340.0,1.8882980346679688,100850.02407073976,100851.91236877443,0.8519123687744212,1.6629313431895776
2016-06-30,12.244400024414062,12.244400024414062,12.091188223560003,12.117486227160333,3306400,0,8340.0,1.8882980346679688,102118.29620361328,102120.18450164795,2.120184501647948,1.2575588336252608
2016-07-01,12.25240421295166,12.309572950326778,12.216959002597608,12.23067981360489,3220000,0,8340.0,1.8882980346679688,102185.05113601685,102186.93943405151,2.1869394340515047,0.06536898922513412
2016-07-05,12.15293025970459,12.196378185943088,12.096905141494949,12.18494461296724,2516000,0,8340.0,1.8882980346679688,101355.43836593628,101357.32666397095,1.357326663970948,-0.8118579288852956
2016-07-06,12.219243049621582,12.226103017170937,12.053453231133217,12.099188383555024,2083200,0,8340.0,1.8882980346679688,101908.487033844,101910.37533187866,1.9103753318786554,0.5456425165407452
2016-07-07,12.258121490478516,12.30728664323292,12.212386322653945,12.235254342729116,2324800,0,8340.0,1.8882980346679688,102232.73323059082,102234.62152862549,2.23462152862548,0.3181679938778492
2016-07-08,12.479936599731444,12.483366584692147,12.331297521045329,12.345018333213917,2088800,0,8340.0,1.8882980346679688,104082.67124176024,104084.55953979491,4.084559539794896,1.8095024792080139
2016-07-11,12.556540489196776,12.5896984590369,12.521096153858483,12.521096153858483,1963200,0,8340.0,1.8882980346679688,104721.54767990111,104723.43597793578,4.723435977935786,0.6138051993164417
2016-07-12,12.681169509887695,12.714326609308438,12.622857154587026,12.64000794994907,2288800,0,8340.0,1.8882980346679688,105760.95371246338,105762.84201049805,5.762842010498037,0.9925247609152699
2016-07-13,12.672024726867676,12.726906235734182,12.667451122407824,12.71089905628763,10911200,0,8340.0,1.8882980346679688,105684.68622207642,105686.57452011108,5.686574520111076,-0.07211180121218241
2016-07-14,12.763490676879885,12.78750143942371,12.724616358187667,12.748627120731497,2484000,0,8340.0,1.8882980346679688,106447.51224517824,106449.4005432129,6.449400543212902,0.7217813866761791
2016-07-15,12.741769790649414,12.798938533970956,12.7143281657805,12.797794914853302,1996800,0,8340.0,1.8882980346679688,106266.36005401611,106268.24835205078,6.268248352050776,-0.17017680723208084
2016-07-18,12.83094882965088,12.85152960562583,12.74748210699538,12.765776517784456,2357600,0,8340.0,1.8882980346679688,107010.11323928834,107012.00153732301,7.0120015373230205,0.6998827935963403
2016-07-19,12.811513900756836,12.842384633925894,12.788645883293023,12.811513900756836,2008000,0,8340.0,1.8882980346679688,106848.02593231201,106849.91423034668,6.849914230346688,-0.151466475393236
2016-07-20,12.985302925109863,13.015030903530226,12.90069346441776,12.902979829376818,2119200,0,8340.0,1.8882980346679688,108297.42639541626,108299.31469345093,8.299314693450931,1.35648257047698
2016-07-21,12.90870189666748,13.012748551713567,12.881261145229336,13.000171358903218,1824000,0,8340.0,1.8882980346679688,107658.57381820679,107660.46211624146,7.660462116241451,-0.5898953091418857
2016-07-22,12.981876373291016,12.98416273885448,12.859535315992614,12.917847669606068,2045600,0,8340.0,1.8882980346679688,108268.84895324707,108270.73725128174,8.270737251281734,0.5668516770635401
2016-07-25,12.97844696044922,13.002457725388684,12.94528898820166,12.980733326113391,11788000,0,8340.0,1.8882980346679688,108240.2476501465,108242.13594818117,8.242135948181172,-0.02641646656029728
2016-07-26,13.037903785705566,13.06420179210907,12.962441496258924,12.994455853740885,2994400,0,8340.0,1.8882980346679688,108736.11757278442,108738.00587081909,8.738005870819098,0.4581117309762961
2016-07-27,13.13737678527832,13.183111952296343,13.079064425522194,13.169391140493213,2643200,0,8340.0,1.8882980346679688,109565.72238922119,109567.61068725586,9.567610687255868,0.7629391488219284
2016-07-28,13.169390678405762,13.195688682024253,13.108791954971611,13.165960693656768,5076800,0,8340.0,1.8882980346679688,109832.71825790405,109834.60655593872,9.83460655593873,0.2436813826715234
2016-07-29,13.171677589416504,13.2128391527599,13.1385204872531,13.20597918297792,3302400,0,8340.0,1.8882980346679688,109851.79109573364,109853.67939376831,9.85367939376831,0.017365053171913836
2016-08-01,13.229989051818848,13.253999816752282,13.168246710993284,13.19225747592672,3925600,0,8340.0,1.8882980346679688,110338.10869216919,110339.99699020386,10.339996990203847,0.44269577416005124
2016-08-02,13.106505393981934,13.226560100352875,13.043620301575157,13.213982907406368,2784800,0,8340.0,1.8882980346679688,109308.25498580933,109310.143283844,9.310143283843985,-0.9333457807247258
2016-08-03,13.15681266784668,13.159099033428571,13.084780375620552,13.089353979110005,1892000,0,8340.0,1.8882980346679688,109727.81764984131,109729.70594787598,9.729705947875967,0.38382775049750073
2016-08-04,13.232276916503906,13.245996855786688,13.160243745966326,13.165960968884647,1828000,0,8340.0,1.8882980346679688,110357.18948364258,110359.07778167725,10.35907778167724,0.5735655886111912
2016-08-05,13.387773513793944,13.398064339372924,13.267719697543452,13.286013238546824,1724800,0,8340.0,1.8882980346679688,111654.03110504149,111655.91940307616,11.655919403076155,1.1751109627469392
2016-08-08,13.39006233215332,13.420933067882885,13.360334343147477,13.40492589049337,1545600,0,8340.0,1.8882980346679688,111673.11985015869,111675.00814819336,11.675008148193356,0.017096044006659206
2016-08-09,13.41292953491211,13.452948350877897,13.392348753564985,13.403783199455637,2788800,0,8340.0,1.8882980346679688,111863.83232116699,111865.72061920166,11.865720619201658,0.17077453064093806
2016-08-10,13.37633991241455,13.422075073311564,13.350042783718576,13.422075073311564,5466400,0,8340.0,1.8882980346679688,111558.67486953735,111560.56316757202,11.560563167572013,-0.27278906347764087
2016-08-11,13.426650047302246,13.450660812951066,13.39692205883554,13.406069266413873,2104800,0,8340.0,1.8882980346679688,111978.26139450073,111980.1496925354,11.980149692535402,0.37610649592465517
2016-08-12,13.416354179382324,13.430074985594104,13.382053472340974,13.40606422896754,2082400,0,8340.0,1.8882980346679688,111892.39385604858,111894.28215408325,11.894282154083257,-0.07668103560132256
2016-08-15,13.492968559265137,13.524982919550666,13.414075405471587,13.440373414178069,1663200,0,8340.0,1.8882980346679688,112531.35778427124,112533.24608230591,12.533246082305904,0.5710425197087199
2016-08-16,13.423216819763184,13.46895197428041,13.420929582258289,13.46209113409124,2668000,0,8340.0,1.8882980346679688,111949.62827682495,111951.51657485962,11.951516574859621,-0.5169401289827014
2016-08-17,13.406068801879885,13.42436321640262,13.33174926945123,13.42436321640262,2596800,0,8340.0,1.8882980346679688,111806.61380767824,111808.5021057129,11.808502105712915,-0.12774679032694358
2016-08-18,13.427789688110352,13.436936020653189,13.380910917404377,13.393488106016932,1434400,0,8340.0,1.8882980346679688,111987.76599884033,111989.654296875,11.989654296874996,0.16202005013072895
2016-08-19,13.457524299621582,13.471245114575035,13.38206199819247,13.40721638944416,1441600,0,8340.0,1.8882980346679688,112235.752658844,112237.64095687866,12.237640956878671,0.22143711538413768
2016-08-22,13.45180606842041,13.474673217822344,13.403784531280852,13.444945225739165,1495200,0,8340.0,1.8882980346679688,112188.06261062622,112189.95090866089,12.189950908660885,-0.04249024463734985
2016-08-23,13.514688491821287,13.545560096964971,13.49982493488308,13.49982493488308,2255200,0,8340.0,1.8882980346679688,112712.50202178954,112714.3903198242,12.714390319824197,0.4674566722916884
2016-08-24,13.4403715133667,13.514690179665026,13.409499904367475,13.513547432906366,1556000,0,8340.0,1.8882980346679688,112092.69842147827,112094.58671951294,12.094586719512934,-0.5498886154222116
2016-08-25,13.467812538146973,13.4883933204551,13.403783825333146,13.416360146213758,1676800,0,8340.0,1.8882980346679688,112321.55656814575,112323.44486618042,12.323444866180422,0.20416520847714725
2016-08-26,13.480385780334473,13.569568853422082,13.409496245978035,13.468952209586798,2000000,0,8340.0,1.8882980346679688,112426.4174079895,112428.30570602417,12.42830570602418,0.09335614658958491
2016-08-29,13.516976356506348,13.556994298061568,13.476958414951127,13.486104749931105,1525600,0,8340.0,1.8882980346679688,112731.58281326294,112733.47111129761,12.733471111297611,0.27143111635195005
2016-08-30,13.491823196411133,13.543274715602728,13.44723164715821,13.497540419577213,1680000,0,8340.0,1.8882980346679688,112521.80545806885,112523.69375610352,12.523693756103516,-0.18608258321699545
2016-08-31,13.479244232177734,13.483817835644484,13.423219116279949,13.47352700976288,1501600,0,8340.0,1.8882980346679688,112416.8968963623,112418.78519439697,12.418785194396964,-0.09323241906182833
2016-09-01,13.529556274414062,13.53184264053829,13.412931538583278,13.457523092775672,2492800,0,8340.0,1.8882980346679688,112836.49932861328,112838.38762664795,12.83838762664795,0.37324939201699436
2016-09-02,13.586719512939451,13.624451081131054,13.53298077139242,13.570712339584022,2242400,0,8340.0,1.8882980346679688,113313.24073791502,113315.12903594969,13.315129035949692,0.42249931014537445
2016-09-06,13.645031929016112,13.645031929016112,13.575286881613328,13.61301758009009,3162400,0,8340.0,1.8882980346679688,113799.56628799437,113801.45458602904,13.801454586029038,0.4291797169688305
2016-09-07,13.677045822143556,13.685049408597862,13.610729893050426,13.646174222730153,10180800,0,8340.0,1.8882980346679688,114066.56215667726,114068.45045471193,14.068450454711922,0.23461551493706434
2016-09-08,13.561570167541504,13.640463317164244,13.530698555808325,13.632459727515984,5200800,0,8340.0,1.8882980346679688,113103.49519729614,113105.38349533081,13.105383495330813,-0.8442886315559117
2016-09-09,13.242562294006348,13.49181794862826,13.242562294006348,13.466663572202815,4719200,0,8340.0,1.8882980346679688,110442.96953201294,110444.85783004761,10.444857830047605,-2.3522537858624903
2016-09-12,13.452948570251465,13.470098494715607,13.148810448976173,13.159100403654657,3336800,0,8340.0,1.8882980346679688,112197.59107589722,112199.47937393188,12.199479373931887,1.588685592392447
2016-09-13,13.358046531677246,13.452946839019866,13.299734179025972,13.404924439722883,7467200,0,8340.0,1.8882980346679688,111406.10807418823,111407.9963722229,11.407996372222895,-0.7054248434354871
2016-09-14,13.42550277709961,13.496392308064088,13.36833405377114,13.36833405377114,4340800,0,8340.0,1.8882980346679688,111968.69316101074,111970.58145904541,11.970581459045416,0.5049772952947285
2016-09-15,13.647320747375488,13.6656142893125,13.432366613742929,13.446086552114265,2824000,0,8340.0,1.8882980346679688,113818.65503311157,113820.54333114624,13.82054333114624,1.652185643759907
2016-09-16,13.597009658813477,13.651892019904812,13.53755456726294,13.651892019904812,1879200,0,8340.0,1.8882980346679688,113399.0605545044,113400.94885253906,13.400948852539063,-0.36864564719781834
2016-09-19,13.582148551940918,13.722783155534936,13.554707802612326,13.64160365420715,1714400,0,8340.0,1.8882980346679688,113275.11892318726,113277.00722122192,13.277007221221915,-0.10929505667391926
2016-09-20,13.579051971435549,13.665096994467474,13.565284452644152,13.634120296010646,2360000,0,8340.0,1.8882980346679688,113249.29344177248,113251.18173980714,13.25118173980715,-0.022798520236633202
2016-09-21,13.732783317565918,13.745403322455402,13.58363915796446,13.638707474486656,2707200,0,8340.0,1.8882980346679688,114531.41286849976,114533.30116653442,14.533301166534418,1.1321024708359495
2016-09-22,13.826858520507812,13.840626036648526,13.794735191474553,13.808502707615265,7397600,0,8340.0,1.8882980346679688,115316.00006103516,115317.88835906982,15.31788835906982,0.6850297551404649
2016-09-23,13.702953338623049,13.802764978374968,13.67771333192417,13.802764978374968,11072800,0,8340.0,1.8882980346679688,114282.63084411623,114284.5191421509,14.284519142150899,-0.8961048729068666
2016-09-26,13.61575984954834,13.662797324323856,13.582489013587638,13.631821511695584,3640000,0,8340.0,1.8882980346679688,113555.43714523315,113557.32544326782,13.557325443267821,-0.6363011406458008
2016-09-27,13.770645141601562,13.771792653640958,13.611175104639496,13.62723677201012,2636800,0,8340.0,1.8882980346679688,114847.18048095703,114849.0687789917,14.849068778991704,1.1375253253645967
2016-09-28,13.81424045562744,13.821123776580496,13.728195442533726,13.78211624882454,1854400,0,8340.0,1.8882980346679688,115210.76539993285,115212.65369796751,15.212653697967514,0.3165762882026302
2016-09-29,13.732783317565918,13.83030169631104,13.68689334556246,13.803914174643454,2257600,0,8340.0,1.8882980346679688,114531.41286849976,114533.30116653442,14.533301166534418,-0.5896509711633136
2016-09-30,13.809653282165527,13.850954964452514,13.73737490051567,13.764909938903836,3331200,0,8340.0,1.8882980346679688,115172.5083732605,115174.39667129517,15.174396671295165,0.559745941338563
2016-10-03,13.76949691772461,13.81538776868051,13.73622694795914,13.787853608225042,3120000,0,8340.0,1.8882980346679688,114837.60429382324,114839.49259185791,14.839492591857905,-0.2907799729075733
2016-10-04,13.740814208984377,13.844068397024133,13.692629212997526,13.805061745595289,2856000,0,8340.0,1.8882980346679688,114598.3905029297,114600.27880096437,14.600278800964372,-0.20830272364901203
2016-10-05,13.811945915222168,13.857836765537437,13.762613404309906,13.771791749431994,8971200,0,8340.0,1.8882980346679688,115191.62893295288,115193.51723098755,15.193517230987542,0.5176588017325123
2016-10-06,13.832594871520996,13.846362387330403,13.74769737893392,13.815385695582997,2516800,0,8340.0,1.8882980346679688,115363.84122848511,115365.72952651978,15.365729526519779,0.14949825274186423
2016-10-07,13.787850379943848,13.861275374163522,13.723603728825376,13.844066199672511,2225600,0,8340.0,1.8882980346679688,114990.67216873169,114992.56046676636,14.992560466766358,-0.32346612922655726
2016-10-10,13.876190185546877,13.922081027941688,13.787851036055253,13.787851036055253,2013600,0,8340.0,1.8882980346679688,115727.42614746095,115729.31444549562,15.729314445495612,0.6406970813926716
2016-10-11,13.692626953125,13.901429443235068,13.631821962230113,13.883073632443674,2281600,0,8340.0,1.8882980346679688,114196.5087890625,114198.39708709717,14.19839708709716,-1.322843192957357
2016-10-12,13.697216033935549,13.738517702061374,13.61805435747855,13.702952717123283,1602400,0,8340.0,1.8882980346679688,114234.78172302248,114236.67002105714,14.23667002105715,0.03351442308843211
2016-10-13,13.608880043029783,13.647886696800548,13.480385837388418,13.605437507142511,1905600,0,8340.0,1.8882980346679688,113498.0595588684,113499.94785690306,13.499947856903072,-0.6449086480009303
2016-10-14,13.659357070922852,13.75458041723878,13.642148770632648,13.663946242765247,3529600,0,8340.0,1.8882980346679688,113919.03797149658,113920.92626953125,13.920926269531254,0.3709062608195701
2016-10-17,13.623794555664062,13.682305413154198,13.614616210313612,13.654770377102846,2007200,0,8340.0,1.8882980346679688,113622.44659423828,113624.33489227295,13.624334892272948,-0.26034846008587964
2016-10-18,13.7098388671875,13.766054697794582,13.68804051692765,13.724753021141789,3046400,0,8340.0,1.8882980346679688,114340.05615234375,114341.94445037842,14.341944450378419,0.6315632639661395
2016-10-19,13.723603248596191,13.744254082203778,13.690332412489806,13.697215731927352,1781600,0,8340.0,1.8882980346679688,114454.85109329224,114456.7393913269,14.4567393913269,0.10039617701123049
2016-10-20,13.689187049865724,13.717868719084793,13.619203706947587,13.715574570677104,5438400,0,8340.0,1.8882980346679688,114167.81999588014,114169.70829391481,14.169708293914818,-0.2507769301646201
2016-10-21,13.759169578552246,13.76490626217461,13.660504572253776,13.714426247241898,3087200,0,8340.0,1.8882980346679688,114751.47428512573,114753.3625831604,14.753362583160401,0.5112164145528508
2016-10-24,13.91749095916748,13.927816813805928,13.836035134931786,13.836035134931786,1892800,0,8340.0,1.8882980346679688,116071.87459945679,116073.76289749146,16.07376289749145,1.1506419372889098
2016-10-25,13.86586570739746,13.930112363898523,13.833742379146932,13.930112363898523,2868000,0,8340.0,1.8882980346679688,115641.31999969481,115643.20829772948,15.643208297729473,-0.37093188763270835
2016-10-26,13.795886993408203,13.868164506209132,13.748848621771243,13.769499464756558,3596800,0,8340.0,1.8882980346679688,115057.69752502441,115059.58582305908,15.059585823059084,-0.504675097881957
2016-10-27,13.727044105529783,13.855537395755825,13.714424103769028,13.852095736238326,2659200,0,8340.0,1.8882980346679688,114483.5478401184,114485.43613815306,14.485436138153052,-0.4990020438531362
2016-10-28,13.733931541442873,13.873898239076793,13.698366548707916,13.766054873628658,3728800,0,8340.0,1.8882980346679688,114540.98905563356,114542.87735366823,14.542877353668239,0.05017338226833701
2016-10-31,13.73508071899414,13.783265723116042,13.731639058027612,13.767204055075409,4361600,0,8340.0,1.8882980346679688,114550.57319641113,114552.4614944458,14.5524614944458,0.008367295286282328
2016-11-01,13.623794555664062,13.77179209208312,13.517098698026844,13.748846228706991,2857600,0,8340.0,1.8882980346679688,113622.44659423828,113624.33489227295,13.624334892272948,-0.8102196932868622
2016-11-02,13.518243789672852,13.654767932312565,13.48497295020577,13.614613772712648,2848800,0,8340.0,1.8882980346679688,112742.15320587158,112744.04150390625,12.744041503906246,-0.7747401902957751
2016-11-03,13.414990425109863,13.520538758260544,13.392045439744962,13.48267874464288,2418400,0,8340.0,1.8882980346679688,111881.02014541626,111882.90844345093,11.882908443450923,-0.7637947415832902
2016-11-04,13.377131462097168,13.494153172415963,13.347302278544024,13.405813133703422,8287200,0,8340.0,1.8882980346679688,111565.27639389038,111567.16469192505,11.567164691925047,-0.28220910228256013
2016-11-07,13.684599876403809,13.691483197927274,13.57216820680955,13.577904016314037,2650400,0,8340.0,1.8882980346679688,114129.56296920776,114131.45126724243,14.131451267242422,2.298424077010708
2016-11-08,13.75228786468506,13.811945354968406,13.634118645445604,13.681157005816912,2680000,0,8340.0,1.8882980346679688,114694.0807914734,114695.96908950807,14.695969089508075,0.49462073424775266
2016-11-09,13.732783317565918,13.763760011492874,13.46547081699485,13.471206625847728,4896000,0,8340.0,1.8882980346679688,114531.41286849976,114533.30116653442,14.533301166534418,-0.14182531806911092
2016-11-10,13.54348373413086,13.841772900862903,13.359920362023422,13.806207037987196,5016000,0,8340.0,1.8882980346679688,112952.65434265137,112954.54264068604,12.954542640686029,-1.378427505160995
2016-11-11,13.62608814239502,13.638708147907623,13.481533147915425,13.526276485534607,15759200,0,8340.0,1.8882980346679688,113641.57510757446,113643.46340560913,13.643463405609136,0.609909746715176
2016-11-14,13.43678855895996,13.637560241223827,13.365657704994536,13.636412729385414,3823200,0,8340.0,1.8882980346679688,112062.81658172606,112064.70487976073,12.064704879760724,-1.3892207070578255
2016-11-15,13.61690902709961,13.666241531242864,13.519390655324653,13.522833190744452,5705600,-1,0.0,113566.90958404541,0.0,113566.90958404541,13.566909584045405,1.3404797754087427
2016-11-16,13.73508071899414,13.73966989204793,13.566432329272224,13.56987399023875,4983200,0,0.0,113566.90958404541,0.0,113566.90958404541,13.566909584045405,0.0
2016-11-17,13.844073295593262,13.844073295593262,13.705254067390513,13.743114095617289,3223200,1,8203.0,3.9763402938842773,113562.93324375153,113566.90958404541,13.566909584045405,0.0
2016-11-18,13.811945915222168,13.888812586205525,13.79359010027316,13.857836765537437,2699200,-1,0.0,113303.36868286133,0.0,113303.36868286133,13.303368682861327,-0.23205782577806477
2016-11-21,13.947321891784668,13.956500235886445,13.834889364775586,13.856687713193535,2871200,0,0.0,113303.36868286133,0.0,113303.36868286133,13.303368682861327,0.0
2016-11-22,13.965680122375488,13.993214282426656,13.932409277803378,13.993214282426656,3548800,0,0.0,113303.36868286133,0.0,113303.36868286133,13.303368682861327,0.0
2016-11-23,13.91634464263916,13.96797129113316,13.860127947271495,13.945026308534713,2254400,0,0.0,113303.36868286133,0.0,113303.36868286133,13.303368682861327,0.0
2016-11-25,13.953058242797852,13.96108907487155,13.90487237506062,13.915198230752544,1176800,0,0.0,113303.36868286133,0.0,113303.36868286133,13.303368682861327,0.0
2016-11-28,13.943881034851074,14.016158529402423,13.927819369395218,13.94732269526374,2569600,0,0.0,113303.36868286133,0.0,113303.36868286133,13.303368682861327,0.0
2016-11-29,13.961089134216309,14.026483302892974,13.904872434166418,13.942732446372656,1882400,0,0.0,113303.36868286133,0.0,113303.36868286133,13.303368682861327,0.0
2016-11-30,13.80735683441162,13.984036040357593,13.806209322439942,13.982888528385915,4689600,0,0.0,113303.36868286133,0.0,113303.36868286133,13.303368682861327,0.0
2016-12-01,13.472355842590332,13.82456676158743,13.437937483937173,13.80850509429468,5433600,0,0.0,113303.36868286133,0.0,113303.36868286133,13.303368682861327,0.0
2016-12-02,13.522835731506348,13.554959065766331,13.410403186301185,13.460883211735569,3889600,1,8378.0,9.050924301147461,113294.31775856018,113303.36868286133,13.303368682861327,0.0
2016-12-05,13.674274444580078,13.715576122953513,13.552663558127112,13.599701921111649,3611200,0,8378.0,9.050924301147461,114563.0712966919,114572.12222099304,14.572122220993045,1.1197844802681711
2016-12-06,13.717867851257324,13.744255370399362,13.645590364503956,13.712131167658397,3047200,0,8378.0,9.050924301147461,114928.29685783386,114937.34778213501,14.937347782135003,0.31877349748090644
2016-12-07,13.959942817687988,13.978298631808258,13.704101929555437,13.722458618970837,3448800,0,8378.0,9.050924301147461,116956.40092658997,116965.45185089111,16.96545185089111,1.7645300747676895
2016-12-08,14.039103507995604,14.083846841136394,13.95650016210644,13.974855974917883,3229600,0,8378.0,9.050924301147461,117619.60918998717,117628.66011428832,17.62866011428832,0.5670120987885108
2016-12-09,14.11367416381836,14.120558359026578,14.054016682215492,14.079256688957283,3878400,0,8378.0,9.050924301147461,118244.36214447021,118253.41306877136,18.25341306877135,0.5311230731320338
2016-12-12,14.04483699798584,14.08499115247121,13.985179522078278,14.062046171420976,3736000,0,8378.0,9.050924301147461,117667.64436912537,117676.69529342651,17.676695293426505,-0.487696515794811
2016-12-13,14.205459594726562,14.283473783737904,14.084996212697426,14.084996212697426,4452000,0,8378.0,9.050924301147461,119013.34048461914,119022.39140892029,19.02239140892028,1.143553625582605
2016-12-14,14.163203239440918,14.271425040664305,14.139026196727183,14.213860402288743,4297600,0,8378.0,9.050924301147461,118659.31674003601,118668.36766433716,18.668367664337147,-0.29744297723511837
2016-12-15,14.22537326812744,14.302510551726645,14.16550643021912,14.185078196615429,3705600,0,8378.0,9.050924301147461,119180.17724037169,119189.22816467284,19.189228164672834,0.43892109631857856
2016-12-16,14.12521266937256,14.25991372594008,14.09988408539574,14.256459987828103,3347200,0,8378.0,9.050924301147461,118341.03174400331,118350.08266830446,18.350082668304466,-0.7040447440510356
2016-12-19,14.208106994628906,14.26336856542111,14.122910682243443,14.165508838436176,3508800,0,8378.0,9.050924301147461,119035.52040100098,119044.57132530212,19.04457132530213,0.5868087637455055
2016-12-20,14.25645923614502,14.27948474125531,14.213861085487595,14.248400221519748,3043200,0,8378.0,9.050924301147461,119440.61548042297,119449.66640472412,19.44966640472412,0.3402885783972742
2016-12-21,14.215011596679688,14.26106348193799,14.193136753549496,14.26106348193799,2960000,0,8378.0,9.050924301147461,119093.36715698242,119102.41808128357,19.102418081283567,-0.29070681726643954
2016-12-22,14.160903930664062,14.238040351023049,14.118305773359754,14.238040351023049,2916800,0,8378.0,9.050924301147461,118640.05313110352,118649.10405540466,18.649104055404653,-0.38060858308479606
2016-12-23,14.180476188659668,14.18162772764449,14.130970552714963,14.141332646844589,1778400,0,8378.0,9.050924301147461,118804.0295085907,118813.08043289185,18.813080432891848,0.13820279452814166
2016-12-27,14.25185489654541,14.316327017786804,14.190836513460985,14.20004618909063,2497600,0,8378.0,9.050924301147461,119402.04032325745,119411.0912475586,19.4110912475586,0.5033206886715824
2016-12-28,14.109095573425291,14.285243255732626,14.103338757279676,14.280637978489496,2376800,0,8378.0,9.050924301147461,118206.00271415709,118215.05363845824,18.215053638458233,-1.001613498884102
2016-12-29,14.11715316772461,14.156296702800098,14.065344462730495,14.098732060606686,2029600,0,8378.0,9.050924301147461,118273.50923919678,118282.56016349792,18.28256016349792,0.057104846601130355
2016-12-30,13.988207817077637,14.144783711472288,13.953668680997424,14.1367246968358,3452000,0,8378.0,9.050924301147461,117193.20509147644,117202.25601577759,17.202256015777586,-0.9133249620460249
2017-01-03,14.098732948303224,14.173567163539785,14.014689057294566,14.079161179533184,3480000,0,8378.0,9.050924301147461,118119.18464088441,118128.23556518556,18.12823556518557,0.7900697314933147
2017-01-04,14.183930397033691,14.20465370761243,14.116004526916496,14.116004526916496,3580800,0,8378.0,9.050924301147461,118832.96886634827,118842.01979064941,18.84201979064941,0.604245227272493
2017-01-05,14.194290161132812,14.247249528724462,14.145936070510016,14.16550783885256,4635200,0,8378.0,9.050924301147461,118919.7629699707,118928.81389427185,18.928813894271855,0.07303317780640306
2017-01-06,14.324385643005373,14.355471042305393,14.172415019668463,14.202348880158585,3136000,0,8378.0,9.050924301147461,120009.70291709901,120018.75384140016,20.018753841400173,0.9164641531675066
2017-01-09,14.349711418151855,14.388855824726477,14.32898811546331,14.339350205990872,2568000,0,8378.0,9.050924301147461,120221.88226127625,120230.93318557739,20.23093318557738,0.1767884912866391
2017-01-10,14.34856128692627,14.406125924666531,14.31056929357636,14.350864364321213,2578400,0,8378.0,9.050924301147461,120212.24646186829,120221.29738616943,20.221297386169425,-0.008014409563872338
2017-01-11,14.436063766479492,14.436063766479492,14.324388197903094,14.350868325053264,3677600,0,8378.0,9.050924301147461,120945.34223556519,120954.39315986633,20.954393159866335,0.6097886062085056
2017-01-12,14.392312049865724,14.446422953926067,14.240341430003363,14.392312049865724,2613600,0,8378.0,9.050924301147461,120578.79035377504,120587.84127807619,20.58784127807618,-0.3030496637734137
2017-01-13,14.448722839355469,14.47174834113928,14.391158206529353,14.398065681391175,2994400,0,8378.0,9.050924301147461,121051.39994812012,121060.45087242126,21.060450872421256,0.3919214319918263
2017-01-17,14.36813259124756,14.416486671631551,14.328988184484384,14.41188139563785,2832800,0,8378.0,9.050924301147461,120376.21484947206,120385.26577377321,20.3852657737732,-0.5577255774138812
2017-01-18,14.423398971557615,14.433761065601566,14.358926842810831,14.396919723693848,4045600,0,8378.0,9.050924301147461,120839.2365837097,120848.28750801085,20.84828750801084,0.38461661504967104
2017-01-19,14.381951332092283,14.472903580619032,14.364681762155111,14.410733655865302,2520000,0,8378.0,9.050924301147461,120491.98826026915,120501.0391845703,20.501039184570292,-0.28734236173394434
2017-01-20,14.45909023284912,14.493629378656768,14.418795148318177,14.452182755034377,2749600,0,8378.0,9.050924301147461,121138.25797080992,121147.30889511107,21.147308895111074,0.5363187860570218
2017-01-23,14.465994834899902,14.480961325736818,14.373891055559724,14.445271528466698,20626400,0,8378.0,9.050924301147461,121196.10472679138,121205.15565109253,21.205155651092532,0.04774910520839448
2017-01-24,14.620269775390623,14.646749901260238,14.485568703223947,14.49247618024782,3411200,0,8378.0,9.050924301147461,122488.62017822264,122497.67110252379,22.497671102523785,1.0663865282694474
2017-01-25,14.776847839355469,14.78260289954556,14.71467702735078,14.726190661198723,3676800,0,8378.0,9.050924301147461,123800.43119812012,123809.48212242126,23.809482122421265,1.0708864977519106
2017-01-26,14.740004539489746,14.804476668166432,14.6951041815375,14.797569191055896,5856800,0,8378.0,9.050924301147461,123491.7580318451,123500.80895614624,23.500808956146237,-0.24931302593593774
2017-01-27,14.781450271606444,14.80562819677576,14.750364869741226,14.7849040099544,2686400,0,8378.0,9.050924301147461,123838.99037551878,123848.04129981993,23.848041299819922,0.281157950792843
2017-01-30,14.661713600158691,14.735396268927694,14.571912902494386,14.735396268927694,3616000,0,8378.0,9.050924301147461,122835.83654212952,122844.88746643066,22.844887466430674,-0.8099876452311139
2017-01-31,14.591486930847168,14.616815516856066,14.51319897335004,14.600697485462554,4251200,0,8378.0,9.050924301147461,122247.47750663757,122256.52843093872,22.256528430938726,-0.4789446656074503
2017-02-01,14.696255683898926,14.746911979861464,14.62142146137599,14.733097025674804,5345600,0,8378.0,9.050924301147461,123125.2301197052,123134.28104400635,23.134281044006343,0.7179597068008192
2017-02-02,14.703163146972656,14.738853828110198,14.604151876350604,14.667473344201987,3100800,0,8378.0,9.050924301147461,123183.10084533691,123192.15176963806,23.19215176963807,0.046998061905312305
2017-02-03,14.820592880249023,14.837863327638171,14.769935712014512,14.781449343607278,2831200,0,8378.0,9.050924301147461,124166.92715072632,124175.97807502747,24.175978075027473,0.7986111868790946
2017-02-06,14.841315269470217,14.841315269470217,14.769933924354984,14.806776135605856,3104000,0,8378.0,9.050924301147461,124340.53932762147,124349.59025192262,24.349590251922628,0.13981140280632243
2017-02-07,14.894278526306152,14.928817671241385,14.856285642550786,14.868949937135907,3644800,0,8378.0,9.050924301147461,124784.26549339294,124793.31641769409,24.79331641769409,0.3568376581478905
2017-02-08,14.919604301452637,14.94838662401431,14.845921625964095,14.89427571705968,2770400,0,8378.0,9.050924301147461,124996.44483757019,125005.49576187134,25.005495761871344,0.1700246056984822
2017-02-09,14.992133140563965,15.024369194465542,14.919601140918823,14.919601140918823,3020000,0,8378.0,9.050924301147461,125604.0914516449,125613.14237594604,25.61314237594605,0.48609591952040176
2017-02-10,15.027826309204102,15.054305554417,14.977169139764769,15.02897696969733,3051200,0,8378.0,9.050924301147461,125903.12881851196,125912.17974281311,25.9121797428131,0.23806216547952452
2017-02-13,15.1107177734375,15.136046355196408,15.0784817160595,15.0784817160595,3945600,0,8378.0,9.050924301147461,126597.59350585938,126606.64443016052,26.60664443016052,0.5515468708157778
2017-02-14,15.164833068847656,15.167136146965804,15.06121739107144,15.100360935410553,4742400,0,8378.0,9.050924301147461,127050.97145080566,127060.02237510681,27.060022375106808,0.3580996455493146
2017-02-15,15.231606483459473,15.243118359224344,15.15101632617069,15.176344912280548,3335200,0,8378.0,9.050924301147461,127610.39911842346,127619.45004272461,27.619450042724615,0.44028613970037433
2017-02-16,15.25232982635498,15.29492886376116,15.210883206307802,15.260389720932883,3728800,0,8378.0,9.050924301147461,127784.01928520203,127793.07020950317,27.793070209503167,0.13604522407864028
2017-02-17,15.29723072052002,15.29723072052002,15.210883738793472,15.233911005974292,2294400,0,8378.0,9.050924301147461,128160.19897651672,128169.24990081787,28.16924990081786,0.294366267824997
2017-02-21,15.388182640075684,15.392787039107008,15.328314912266269,15.338676127637022,4192000,0,8378.0,9.050924301147461,128922.19415855408,128931.24508285522,28.931245082855227,0.5945226196041764
2017-02-22,15.407753944396973,15.410057022209854,15.338675663879757,15.372064143598749,3135200,0,8378.0,9.050924301147461,129086.16254615784,129095.21347045898,29.09521347045898,0.12717505946551189
2017-02-23,15.372062683105469,15.431928646683325,15.300681331557286,15.431928646683325,2711200,0,8378.0,9.050924301147461,128787.14115905762,128796.19208335876,28.796192083358775,-0.23162856240881435
2017-02-24,15.403145790100098,15.403145790100098,15.24656989708044,15.271898479534608,3644000,0,8378.0,9.050924301147461,129047.55542945862,129056.60635375977,29.056606353759772,0.20219097023650434
2017-02-27,15.406598091125488,15.410051828313916,15.351334782644532,15.390478308602084,4453600,0,8378.0,9.050924301147461,129076.47880744934,129085.52973175049,29.08552973175049,0.02241138893070982
2017-02-28,15.312200546264648,15.39164006325882,15.29493184984597,15.39164006325882,4611200,0,8378.0,9.050924301147461,128285.61617660522,128294.66710090637,28.29466710090638,-0.612665596591333
2017-03-01,15.52748680114746,15.550514064565448,15.387028926618797,15.393938159684325,3111200,0,8378.0,9.050924301147461,130089.28442001341,130098.33534431456,30.098335344314563,1.4058793589522889
2017-03-02,15.412353515625,15.520575301394256,15.404295380904468,15.520575301394256,2685600,0,8378.0,9.050924301147461,129124.69775390625,129133.7486782074,29.133748678207393,-0.7414289072602775
2017-03-03,15.438837051391602,15.439987711760178,15.36169888836236,15.410054731576729,2445600,0,8378.0,9.050924301147461,129346.57681655884,129355.62774085999,29.35562774085998,0.17182112726046306
2017-03-06,15.410057067871094,15.434233236410202,15.344432525511923,15.377821005329848,3236000,0,8378.0,9.050924301147461,129105.45811462402,129114.50903892517,29.114509038925164,-0.1863998545295953
2017-03-07,15.422719955444336,15.479132181384347,15.382424002572762,15.39163455627865,4864000,0,8378.0,9.050924301147461,129211.54778671265,129220.5987110138,29.22059871101379,0.08216711884536654
2017-03-08,15.44113826751709,15.488341693309698,15.419263423528642,15.433080131524878,2524800,0,8378.0,9.050924301147461,129365.85640525818,129374.90732955933,29.37490732955932,0.1194148766409997
2017-03-09,15.431929588317873,15.451503113961556,15.35133943494289,15.442292559756758,2770400,0,8378.0,9.050924301147461,129288.70609092714,129297.75701522829,29.297757015228278,-0.059633135917547264
2017-03-10,15.511367797851562,15.536696380635782,15.445745020080407,15.511367797851562,2215200,0,8378.0,9.050924301147461,129954.23941040039,129963.29033470154,29.963290334701533,0.51472920709279
2017-03-13,15.53209114074707,15.542452354033756,15.502156404496626,15.50791321967812,2224000,0,8378.0,9.050924301147461,130127.85957717896,130136.9105014801,30.13691050148011,0.133591698341462
2017-03-14,15.489490509033203,15.507911613012173,15.42271708139248,15.507911613012173,2187200,0,8378.0,9.050924301147461,129770.95148468018,129780.00240898132,29.780002408981332,-0.27425585187433876
2017-03-15,15.588504791259766,15.62074085115171,15.467620445031722,15.519428272948527,2779200,0,8378.0,9.050924301147461,130600.49314117432,130609.54406547546,30.60954406547547,0.6391906619634513
2017-03-16,15.631098747253418,15.67139293066949,15.596559620944683,15.658728642914054,3316000,0,8378.0,9.050924301147461,130957.34530448914,130966.39622879028,30.966396228790295,0.27322058726115817
2017-03-17,15.633405685424805,15.6921227482701,15.633405685424805,15.67945845596362,2272800,0,8378.0,9.050924301147461,130976.67283248901,130985.72375679016,30.98572375679016,0.01475762375420242
2017-03-20,15.65412712097168,15.693270651502106,15.610377435829871,15.650673383379775,3428800,0,8378.0,9.050924301147461,131150.27701950073,131159.32794380188,31.159327943801873,0.13253672387538717
2017-03-21,15.401994705200195,15.734718249104768,15.38817975396357,15.71399582224983,4324000,0,8378.0,9.050924301147461,129037.91164016724,129046.96256446838,29.046962564468394,-1.6105338540912562
2017-03-22,15.518275260925291,15.525184493551732,15.390481686704506,15.392784764246654,3051200,0,8378.0,9.050924301147461,130012.11013603209,130021.16106033324,30.021161060333235,0.754917803956956
2017-03-23,15.480281829833984,15.535543385452028,15.445742698797764,15.48143249006636,2786400,0,8378.0,9.050924301147461,129693.80117034912,129702.85209465027,29.702852094650268,-0.2448132004722381
2017-03-24,15.491019248962402,15.590298522877704,15.433298781836967,15.54296731707752,3411200,0,8378.0,9.050924301147461,129783.759267807,129792.81019210815,29.792810192108156,0.06935706964426025
2017-03-27,15.502562522888184,15.53257829360592,15.320167394088957,15.36749683912504,3182400,0,8378.0,9.050924301147461,129880.4688167572,129889.51974105835,29.889519741058358,0.0745107135033507
2017-03-28,15.609925270080566,15.651484082194456,15.462160996228752,15.504873583696968,4418400,0,8378.0,9.050924301147461,130779.95391273499,130789.00483703613,30.789004837036128,0.6925001322438895
2017-03-29,15.646867752075195,15.657258777744106,15.570678053269058,15.605308933867596,3664000,0,8378.0,9.050924301147461,131089.458026886,131098.50895118713,31.09850895118713,0.23664383297101743
2017-03-30,15.66302490234375,15.69073136032618,15.630701582108667,15.659561815282052,2733600,0,8378.0,9.050924301147461,131224.82263183594,131233.87355613708,31.23387355613709,0.10325411481251212
2017-03-31,15.65725326538086,15.701119619191672,15.626083722326516,15.652634641934208,5124800,0,8378.0,9.050924301147461,131176.46785736084,131185.518781662,31.18551878166198,-0.03684626016500214
2017-04-03,15.611080169677734,15.695353336817924,15.521036363861253,15.663028248188905,5156000,0,8378.0,9.050924301147461,130789.62966156006,130798.6805858612,30.798680585861216,-0.2948787331051528
2017-04-04,15.601837158203123,15.612228178085982,15.55335219087381,15.556815277005306,2788000,0,8378.0,9.050924301147461,130712.19171142577,130721.24263572691,30.72124263572691,-0.059203922996342584
2017-04-05,15.545275688171388,15.729980114901052,15.521032318390825,15.6376287822806,3105600,0,8378.0,9.050924301147461,130238.31971549989,130247.37063980104,30.24737063980103,-0.3625057307987678
2017-04-06,15.552202224731444,15.597224116955138,15.50602655734415,15.560282173854262,3000800,0,8378.0,9.050924301147461,130296.35023880003,130305.40116310118,30.305401163101187,0.04455408428982732
2017-04-07,15.541815757751465,15.58799143343978,15.493330769831996,15.545278845353632,2336800,0,8378.0,9.050924301147461,130209.33241844177,130218.38334274292,30.218383342742918,-0.06677990289085667
2017-04-10,15.533732414245604,15.607614544480858,15.497946005122284,15.561438873642174,2972800,0,8378.0,9.050924301147461,130141.61016654967,130150.66109085082,30.150661090850804,-0.05200667536614523
2017-04-11,15.479474067687988,15.525651497138355,15.338635990469806,15.50833430053616,3040800,0,8378.0,9.050924301147461,129687.03373908997,129696.08466339111,29.696084663391108,-0.3492693956755111
2017-04-12,15.399819374084473,15.47601081072431,15.380194627341872,15.467930861589736,2018400,0,8378.0,9.050924301147461,129019.68671607971,129028.73764038086,29.028737640380854,-0.5145467765987455
2017-04-13,15.342100143432615,15.487556854446304,15.33979259291639,15.385968264086134,2114400,0,8378.0,9.050924301147461,128536.11500167845,128545.1659259796,28.5451659259796,-0.37477830384502475
2017-04-17,15.487554550170898,15.491017636918937,15.382502888177283,15.382502888177283,2530400,0,8378.0,9.050924301147461,129754.73202133179,129763.78294563293,29.763782945632933,0.9480068821530407
2017-04-18,15.484094619750977,15.51179931938269,15.419447971958256,15.442535808814364,2237600,0,8378.0,9.050924301147461,129725.74472427368,129734.79564857483,29.734795648574817,-0.022338511100783442
2017-04-19,15.486408233642578,15.574144514131014,15.461011074710637,15.525659509303592,2258400,0,8378.0,9.050924301147461,129745.12818145752,129754.17910575867,29.75417910575866,0.014940831476195626
2017-04-20,15.64340114593506,15.67110760567227,15.519880256104017,15.55104980312226,2336800,0,8378.0,9.050924301147461,131060.41480064394,131069.46572494508,31.06946572494509,1.0136757276344666
2017-04-21,15.631858825683594,15.664182149448168,15.601843052552894,15.65032979968879,2978400,0,8378.0,9.050924301147461,130963.71324157715,130972.7641658783,30.972764165878285,-0.07377886110386811
2017-04-24,15.83965301513672,15.84888674072934,15.77846769303452,15.802711066810035,3378400,0,8378.0,9.050924301147461,132704.61296081546,132713.6638851166,32.7136638851166,1.3292074350919503
2017-04-25,15.937773704528809,15.967789472157229,15.854656098231006,15.889288727769877,7231200,0,8378.0,9.050924301147461,133526.66809654236,133535.7190208435,33.535719020843516,0.6194201197236904
2017-04-26,15.900840759277344,15.964331887248704,15.885832868634909,15.941244044214615,5814400,0,8378.0,9.050924301147461,133217.2438812256,133226.29480552673,33.22629480552672,-0.23171644080373088
2017-04-27,15.998955726623535,16.001265038102737,15.936618408593382,15.95855246392446,3024800,0,8378.0,9.050924301147461,134039.25107765198,134048.30200195312,34.048302001953125,0.6170007186841797
2017-04-28,16.023204803466797,16.069380480574786,15.98510907718258,16.060144992855353,3768800,0,8378.0,9.050924301147461,134242.40984344482,134251.46076774597,34.25146076774597,0.15155638882309308
2017-05-01,16.166349411010742,16.18597592207249,16.053217776390312,16.079768700931126,3083200,0,8378.0,9.050924301147461,135441.675365448,135450.72628974915,35.45072628974915,0.8932979314675071
2017-05-02,16.19867706298828,16.22407245473169,16.14326413148629,16.203293926535448,4432000,0,8378.0,9.050924301147461,135712.51643371582,135721.56735801697,35.72156735801697,0.1999554197209985
2017-05-03,16.16982078552246,16.18598245413334,16.09709239602861,16.16635593515106,5076800,0,8378.0,9.050924301147461,135470.75854110718,135479.80946540833,35.479809465408316,-0.17812783724411307
2017-05-04,16.19290542602539,16.217147043397475,16.138648028968646,16.179051311751923,5067200,0,8378.0,9.050924301147461,135664.16165924072,135673.21258354187,35.67321258354188,0.14275419997762384
2017-05-05,16.26793670654297,16.26793670654297,16.173276053735655,16.225224123330186,2594400,0,8378.0,9.050924301147461,136292.773727417,136301.82465171814,36.30182465171814,0.4633280632233783
2017-05-08,16.322193145751953,16.333737943434834,16.251774107459536,16.27255439099096,2988000,0,8378.0,9.050924301147461,136747.33417510986,136756.385099411,36.75638509941101,0.33349549711045867
2017-05-09,16.356828689575195,16.399541277926783,16.324505364094676,16.348746977460504,4132800,0,8378.0,9.050924301147461,137037.510761261,137046.56168556213,37.04656168556213,0.21218503687427948
2017-05-10,16.42032241821289,16.434174769427294,16.338358563386162,16.375300515276862,3572800,0,8378.0,9.050924301147461,137569.4612197876,137578.51214408875,37.57851214408874,0.3881530860636362
2017-05-11,16.39838409423828,16.404156492907713,16.299104826185847,16.38222243485713,4152000,0,8378.0,9.050924301147461,137385.66194152832,137394.71286582947,37.39471286582947,-0.13359591944618332
2017-05-12,16.44340705871582,16.44571637063207,16.385686591231696,16.40531133879763,3113600,0,8378.0,9.050924301147461,137762.86433792114,137771.9152622223,37.7719152622223,0.274539237009197
2017-05-15,16.554227828979492,16.554227828979492,16.457257875389484,16.466493360705964,3164800,0,8378.0,9.050924301147461,138691.3207511902,138700.37167549133,38.70037167549134,0.673908329939299
2017-05-16,16.64657974243164,16.64657974243164,16.532294362892642,16.585396197843053,3664000,0,8378.0,9.050924301147461,139465.04508209229,139474.09600639343,39.474096006393424,0.5578386860507711
2017-05-17,16.167505264282227,16.517291198931204,16.1594235523352,16.49882022432864,20567200,0,8378.0,9.050924301147461,135451.3591041565,135460.41002845764,35.46041002845763,-2.877728619765929
2017-05-18,16.246004104614258,16.30257080322085,16.080924394633392,16.13287246889014,6358400,0,8378.0,9.050924301147461,136109.02238845825,136118.0733127594,36.1180733127594,0.4855022099546247
2017-05-19,16.33835220336914,16.39722643460165,16.31988123461397,16.3233443210695,3265600,0,8378.0,9.050924301147461,136882.71475982666,136891.7656841278,36.8917656841278,0.5683979743018375
2017-05-22,16.505741119384766,16.513822828746523,16.385683345851763,16.387992657310626,3655200,0,8378.0,9.050924301147461,138285.09909820557,138294.1500225067,38.29415002250671,1.024447549032903
2017-05-23,16.519601821899414,16.56924058840723,16.473424381728996,16.561160637308173,3413600,0,8378.0,9.050924301147461,138401.2240638733,138410.27498817444,38.41027498817444,0.08396954292630987
2017-05-24,16.600406646728516,16.61194968322493,16.53691378078723,16.568083326156383,2850400,0,8378.0,9.050924301147461,139078.2068862915,139087.25781059265,39.08725781059266,0.4891131257965142
2017-05-25,16.734315872192383,16.770102274129822,16.63503661448437,16.673130566458138,3344000,0,8378.0,9.050924301147461,140200.09837722778,140209.14930152893,40.209149301528925,0.8066098279571055
2017-05-26,16.734315872192383,16.740086508771782,16.676595414489782,16.735469647210547,2774400,0,8378.0,9.050924301147461,140200.09837722778,140209.14930152893,40.209149301528925,0.0
2017-05-30,16.775876998901367,16.78857381032787,16.715847221348128,16.725082707240073,2624000,0,8378.0,9.050924301147461,140548.29749679565,140557.3484210968,40.5573484210968,0.24834265189002114
2017-05-31,16.729703903198242,16.835909376234454,16.666211022174075,16.827829424916438,4096000,0,8378.0,9.050924301147461,140161.45930099487,140170.51022529602,40.17051022529603,-0.2752173402146507
2017-06-01,16.81166648864746,16.81166648864746,16.690453136135257,16.781650713622277,2329600,0,8378.0,9.050924301147461,140848.14184188843,140857.19276618958,40.85719276618958,0.48989087632616
2017-06-02,16.96520233154297,16.975591594006634,16.808202573298818,16.867076822081977,2533600,0,8378.0,9.050924301147461,142134.465133667,142143.51605796814,42.143516057968135,0.9132109383393372
2017-06-05,16.983665466308594,17.035615283013563,16.945569756086215,16.966350035065886,2682400,0,8378.0,9.050924301147461,142289.1492767334,142298.20020103455,42.29820020103454,0.10882251076673732
2017-06-06,16.955968856811523,17.03908648936368,16.929416167600927,16.964048808079202,2756000,0,8378.0,9.050924301147461,142057.10708236694,142066.1580066681,42.06615800666809,-0.1630675539385784
2017-06-07,16.99290657043457,17.028692981164582,16.909788950002085,17.002142057314735,3537600,0,8378.0,9.050924301147461,142366.57124710083,142375.62217140198,42.375622171401986,0.217831022585524
2017-06-08,17.06101417541504,17.071405197789137,16.946728782699083,17.035618791524996,3068800,0,8378.0,9.050924301147461,142937.1767616272,142946.22768592834,42.94622768592835,0.40077472942623427
2017-06-09,16.58771324157715,17.11527755788052,16.342978949142363,17.087572852466415,14231200,0,8378.0,9.050924301147461,138971.86153793335,138980.9124622345,38.9809124622345,-2.7739908131092283
2017-06-12,16.46187973022461,16.501129229407727,16.1628863390639,16.42378400637427,10732000,0,8378.0,9.050924301147461,137917.62837982178,137926.67930412292,37.92667930412292,-0.7585452846973095
2017-06-13,16.605022430419922,16.66274289361923,16.46880298278415,16.581934597437947,4241600,0,8378.0,9.050924301147461,139116.8779220581,139125.92884635925,39.12592884635926,0.8694833720980233
2017-06-14,16.50920867919922,16.683525631061908,16.376452298903306,16.68121631897731,3848800,0,8378.0,9.050924301147461,138314.15031433105,138323.2012386322,38.3232012386322,-0.5769791543411951
2017-06-15,16.43186378479004,16.451488534176306,16.22753457921531,16.32104146337477,4173600,0,8378.0,9.050924301147461,137666.15478897095,137675.2057132721,37.6752057132721,-0.46846481252426075
2017-06-16,16.405315399169922,16.444564904016186,16.329123940475895,16.415704663131113,5252800,0,8378.0,9.050924301147461,137443.7324142456,137452.78333854675,37.45278333854676,-0.16155586880950423
2017-06-19,16.669673919677734,16.67775563239271,16.525372719675367,16.54384369603309,3422400,0,8378.0,9.050924301147461,139658.52809906006,139667.5790233612,39.6675790233612,1.6113138133837523
2017-06-20,16.531139373779297,16.683522233528635,16.528830062164978,16.661588176914233,4712000,0,8378.0,9.050924301147461,138497.88567352295,138506.9365978241,38.506936597824094,-0.8310034681298317
2017-06-21,16.643123626708984,16.647742251719155,16.55307981539321,16.57963074398906,2194400,0,8378.0,9.050924301147461,139436.08974456787,139445.14066886902,39.445140668869016,0.6773697361953435
2017-06-22,16.668514251708984,16.715845451335078,16.591169047228817,16.7043006548204,2057600,0,8378.0,9.050924301147461,139648.81240081787,139657.86332511902,39.657863325119024,0.15254935039661355
2017-06-23,16.778181076049805,16.831284668563452,16.621181371364468,16.650041598244208,3786400,0,8378.0,9.050924301147461,140567.60105514526,140576.6519794464,40.576651979446424,0.6578853724752198
2017-06-26,16.688142776489258,16.92133397929267,16.67313488991859,16.884392031269183,3438400,0,8378.0,9.050924301147461,139813.260181427,139822.31110572815,39.82231110572816,-0.536604665921725
2017-06-27,16.407617568969727,16.644270032014532,16.407617568969727,16.63388077257607,4551200,0,8378.0,9.050924301147461,137463.01999282837,137472.07091712952,37.47207091712952,-1.6808763708829555
2017-06-28,16.621335983276367,16.64680412006012,16.358533853505346,16.46620063582457,4972800,0,8378.0,9.050924301147461,139253.5528678894,139262.60379219055,39.26260379219055,1.3024702858665638
2017-06-29,16.3272762298584,16.550716440780203,16.179088653992594,16.550716440780203,5286400,0,8378.0,9.050924301147461,136789.92025375366,136798.9711780548,36.79897117805482,-1.7690554011269288
2017-06-30,16.305280685424805,16.42105234908139,16.2890727231743,16.38400633530969,3128800,0,8378.0,9.050924301147461,136605.641582489,136614.69250679016,36.61469250679017,-0.13470764412752967
2017-07-03,16.173297882080078,16.40600001089535,16.152459834652767,16.390949132285595,3362400,0,8378.0,9.050924301147461,135499.8896560669,135508.94058036804,35.50894058036804,-0.8093945871650354
2017-07-05,16.34001350402832,16.372429430446115,16.183721042236062,16.226557761566042,3208800,0,8378.0,9.050924301147461,136896.63313674927,136905.68406105042,36.905684061050415,1.0307389864464334
2017-07-06,16.192977905273438,16.278649550507623,16.142038103595542,16.22192081381452,3064800,0,8378.0,9.050924301147461,135664.76889038086,135673.819814682,35.673819814682005,-0.8997904322358807
2017-07-07,16.404844284057617,16.460414187634733,16.24508059045649,16.24508059045649,2451200,-1,0.0,137448.83633613586,0.0,137448.83633613586,37.44883633613587,1.308297005183734
2017-07-10,16.524089813232422,16.566926531984492,16.378218146320297,16.407161063555396,3103200,0,0.0,137448.83633613586,0.0,137448.83633613586,37.44883633613587,0.0
2017-07-11,16.587764739990234,16.605129783879924,16.461574043630506,16.50904085230965,2880000,0,0.0,137448.83633613586,0.0,137448.83633613586,37.44883633613587,0.0
2017-07-12,16.814678192138672,16.827413146655644,16.69774767342769,16.717428645583826,4400000,0,0.0,137448.83633613586,0.0,137448.83633613586,37.44883633613587,0.0
2017-07-13,16.855194091796875,16.90960690859472,16.8088861384322,16.84130205909451,2991200,0,0.0,137448.83633613586,0.0,137448.83633613586,37.44883633613587,0.0
2017-07-14,16.992965698242188,17.013805517584085,16.88992898189439,16.920028980348796,2996800,0,0.0,137448.83633613586,0.0,137448.83633613586,37.44883633613587,0.0
2017-07-17,17.00338363647461,17.045061505955633,16.96054868631245,17.017277437325212,6020000,0,0.0,137448.83633613586,0.0,137448.83633613586,37.44883633613587,0.0
2017-07-18,17.084426879882812,17.084426879882812,16.914242376786163,16.981388393546982,2869600,0,0.0,137448.83633613586,0.0,137448.83633613586,37.44883633613587,0.0
2017-07-19,17.187458038330078,17.207139004672563,17.10525939863148,17.117994349386613,2722400,1,7997.0,0.7344036102294922,137448.10193252563,137448.83633613586,37.44883633613587,0.0
2017-07-20,17.203670501708984,17.23377049931426,17.112209895099703,17.23377049931426,2308800,0,7997.0,0.7344036102294922,137577.75300216675,137578.48740577698,37.57848740577698,0.09432678594967214
2017-07-21,17.166622161865234,17.182830124131026,17.10526332139221,17.13652216523888,5376800,0,7997.0,0.7344036102294922,137281.47742843628,137282.2118320465,37.28221183204652,-0.21535021885843442
2017-07-24,17.23492431640625,17.251132276129997,17.137676558063763,17.171251324549818,2801600,0,7997.0,0.7344036102294922,137827.68975830078,137828.424161911,37.82842416191101,0.3978755314146154
2017-07-25,17.214088439941406,17.246504363478643,17.12262783911215,17.179356588569984,2596000,0,7997.0,0.7344036102294922,137661.06525421143,137661.79965782166,37.66179965782166,-0.12089270054601586
2017-07-26,17.24534797668457,17.275447973598673,17.187462144248318,17.266186028424624,2644000,0,7997.0,0.7344036102294922,137911.0477695465,137911.78217315674,37.91178217315674,0.1815917821475832
2017-07-27,17.08905792236328,17.34028225843261,16.87719553390983,17.34028225843261,4290400,0,7997.0,0.7344036102294922,136661.19620513916,136661.9306087494,36.66193060874938,-0.9062688805210883
2017-07-28,17.06473731994629,17.10294216930337,16.989486468098466,17.00222141788416,3172800,0,7997.0,0.7344036102294922,136466.70434761047,136467.4387512207,36.46743875122069,-0.14231604709690204
2017-07-31,16.97907066345215,17.13073124275745,16.95244191196764,17.101788330171395,7762400,0,7997.0,0.7344036102294922,135781.62809562683,135782.36249923706,35.78236249923705,-0.5020071148492344
2017-08-01,17.069372177124023,17.072845185264278,17.002224408853873,17.045059353607094,3818400,0,7997.0,0.7344036102294922,136503.76930046082,136504.50370407104,36.504503704071034,0.5318372663003501
2017-08-02,17.092519760131836,17.22681524643905,16.972118067723837,17.22681524643905,3678400,0,7997.0,0.7344036102294922,136688.8805217743,136689.61492538452,36.68961492538452,0.13560814206889926
2017-08-03,17.04506492614746,17.111055635456914,17.005702976665898,17.108739707094543,2108000,0,7997.0,0.7344036102294922,136309.38421440125,136310.11861801147,36.31011861801148,-0.2776336063132545
2017-08-04,17.069372177124023,17.12609915443825,17.04158634546684,17.08094828207981,1963200,0,7997.0,0.7344036102294922,136503.76930046082,136504.50370407104,36.504503704071034,0.1426050303751092
2017-08-07,17.173564910888672,17.179353846282396,17.087895026587773,17.095998122910938,1896800,0,7997.0,0.7344036102294922,137336.9985923767,137337.73299598694,37.337732995986926,0.6104042499009754
2017-08-08,17.151567459106445,17.289335990940078,17.108732518347583,17.144621443473657,2433600,0,7997.0,0.7344036102294922,137161.08497047424,137161.81937408447,37.16181937408447,-0.12808833964632615
2017-08-09,17.135356903076172,17.145777691480774,17.024217136728115,17.03579323884972,2981600,0,7997.0,0.7344036102294922,137031.44915390015,137032.18355751038,37.032183557510365,-0.09451304828534957
2017-08-10,16.770681381225586,17.065899443644447,16.760262356637146,17.041586619736226,4036800,0,7997.0,0.7344036102294922,134115.139005661,134115.87340927124,34.115873409271245,-2.1281935911173777
2017-08-11,16.902664184570312,16.943184976558495,16.777630566289226,16.781103575141294,3209600,0,7997.0,0.7344036102294922,135170.6054840088,135171.33988761902,35.17133988761903,0.7869810273142708
2017-08-14,17.175884246826172,17.192092209223958,17.038115683177296,17.050850636956657,2333600,0,7997.0,0.7344036102294922,137355.5463218689,137356.28072547913,37.35628072547912,1.6164231557345365
2017-08-15,17.209455490112305,17.237241322749913,17.156201519059255,17.21640327317313,2092000,0,7997.0,0.7344036102294922,137624.0155544281,137624.74995803833,37.62474995803833,0.19545464622456876
2017-08-16,17.26849937438965,17.33564714196011,17.20829762302731,17.249975486811213,2132000,0,7997.0,0.7344036102294922,138096.18949699402,138096.92390060425,38.09692390060424,0.3430879567155598
2017-08-17,16.92581558227539,17.230295599759437,16.92581558227539,17.18977481395618,3412800,0,7997.0,0.7344036102294922,135355.7472114563,135356.48161506653,35.35648161506653,-1.9844339816795342
2017-08-18,16.92118263244629,17.028849405294157,16.85171894468092,16.922339712846227,2527200,0,7997.0,0.7344036102294922,135318.69751167297,135319.4319152832,35.3194319152832,-0.02737194358278794
2017-08-21,16.901500701904297,16.939705551341486,16.784570226390066,16.92465467432642,5631200,0,7997.0,0.7344036102294922,135161.30111312866,135162.0355167389,35.16203551673889,-0.11631470537273314
2017-08-22,17.15041160583496,17.167776646159442,16.986016080134384,16.991805015754256,2568800,0,7997.0,0.7344036102294922,137151.84161186218,137152.5760154724,37.15257601547242,1.4727068078868921
2017-08-23,17.11915397644043,17.161990689826425,17.04158717995127,17.070530093560745,2136800,0,7997.0,0.7344036102294922,136901.87434959412,136902.60875320435,36.90260875320435,-0.18225487958744013
2017-08-24,17.116844177246094,17.187464975111347,17.02654240509521,17.17241409090763,2223200,0,7997.0,0.7344036102294922,136883.402885437,136884.13728904724,36.884137289047246,-0.013492412106186347
2017-08-25,17.105268478393555,17.222197258096642,17.07632555372622,17.177046366277043,1762400,0,7997.0,0.7344036102294922,136790.83202171326,136791.5664253235,36.79156642532349,-0.06762716670981606
2017-08-28,17.149253845214844,17.17356490070498,17.09136802438205,17.152726853142006,1808800,0,7997.0,0.7344036102294922,137142.5830001831,137143.31740379333,37.14331740379333,0.25714376087788704
2017-08-29,17.218717575073242,17.24650340793798,16.983701259181665,17.002225147758153,6322400,0,7997.0,0.7344036102294922,137698.08444786072,137698.81885147095,37.698818851470946,0.4050517795497477
2017-08-30,17.378480911254883,17.385426926993368,17.22566149886811,17.244185385194086,2482400,0,7997.0,0.7344036102294922,138975.7118473053,138976.44625091553,38.97644625091552,0.9278419452694697
2017-08-31,17.506994247436523,17.53130531188823,17.40048450982668,17.41900840328988,2331200,0,7997.0,0.7344036102294922,140003.43299674988,140004.1674003601,40.0041674003601,0.7394930415684176
2017-09-01,17.49425506591797,17.564875846969866,17.466469232434584,17.545194877369866,2365600,0,7997.0,0.7344036102294922,139901.557762146,139902.29216575623,39.90229216575622,-0.07276585868516428
2017-09-05,17.346065521240234,17.48151813186718,17.217558926563118,17.424789390718423,7812000,0,7997.0,0.7344036102294922,138716.48597335815,138717.22037696838,38.717220376968385,-0.8470710311048846
2017-09-06,17.372699737548828,17.4236395644361,17.27660902165435,17.40627451733172,2108800,0,7997.0,0.7344036102294922,138929.47980117798,138930.2142047882,38.930214204788214,0.15354534011062793
2017-09-07,17.4537296295166,17.476885367851203,17.370373917809513,17.409737613057448,2196000,0,7997.0,0.7344036102294922,139577.47584724426,139578.2102508545,39.57821025085448,0.4664183739838679
2017-09-08,17.314807891845703,17.439841487277715,17.303231786632775,17.439841487277715,1678400,0,7997.0,0.7344036102294922,138466.5187110901,138467.25311470032,38.46725311470032,-0.7959388031681502
2017-09-11,17.57413673400879,17.584555758487404,17.454892076437513,17.456049156978967,1802400,0,7997.0,0.7344036102294922,140540.3714618683,140541.10586547852,40.54110586547852,1.4977207275573834
2017-09-12,17.60539436340332,17.638967362148712,17.527825809080245,17.632021346307255,1872000,0,7997.0,0.7344036102294922,140790.33872413635,140791.07312774658,40.79107312774659,0.17786060578413032
2017-09-13,17.572975158691406,17.581080020828818,17.52087827785131,17.581080020828818,3473600,0,7997.0,0.7344036102294922,140531.08234405518,140531.8167476654,40.531816747665395,-0.18414262660384484
2017-09-14,17.525516510009766,17.593821373446332,17.469944834791548,17.516254564140063,1851200,0,7997.0,0.7344036102294922,140151.5555305481,140152.28993415833,40.15228993415833,-0.2700646887590974
2017-09-15,17.575294494628906,17.599607319221636,17.47110071274062,17.509305570509056,1801600,0,7997.0,0.7344036102294922,140549.63007354736,140550.3644771576,40.550364477157586,0.28402999564707265
2017-09-18,17.593820571899414,17.670230296941693,17.539407746478588,17.603082517347158,3210400,0,7997.0,0.7344036102294922,140697.7831134796,140698.51751708984,40.69851751708984,0.10540921788668722
2017-09-19,17.654016494750977,17.681800555368806,17.581079802559408,17.634335529635052,4009600,0,7997.0,0.7344036102294922,141179.16990852356,141179.9043121338,41.179904312133786,0.3421406305759156
2017-09-20,17.566028594970703,17.648227228000444,17.437522017425657,17.648227228000444,4621600,0,7997.0,0.7344036102294922,140475.5306739807,140476.26507759094,40.476265077590945,-0.4983990023021745
2017-09-21,17.467628479003906,17.548668287014436,17.403953713233015,17.548668287014436,2000000,0,7997.0,0.7344036102294922,139688.62494659424,139689.35935020447,39.68935935020448,-0.5601698813332168
2017-09-22,17.48151969909668,17.502357748814315,17.39816396715565,17.405109983728195,2081600,0,7997.0,0.7344036102294922,139799.71303367615,139800.44743728638,39.800447437286365,0.07952508881039488
2017-09-25,17.24302864074707,17.431736982483205,17.160829997658215,17.431736982483205,5807200,0,7997.0,0.7344036102294922,137892.50004005432,137893.23444366455,37.89323444366455,-1.3642395490024328
2017-09-26,17.299760818481445,17.383116567110868,17.246506836406624,17.333335594017637,3912000,0,7997.0,0.7344036102294922,138346.18726539612,138346.92166900635,38.34692166900635,0.3290134045895732
2017-09-27,17.509782791137695,17.567831398553214,17.386718255354356,17.407616675205457,3042400,0,7997.0,0.7344036102294922,140025.73298072815,140026.46738433838,40.026467384338375,1.214010181845837
2017-09-28,17.535322189331055,17.53880673548727,17.43547851576198,17.485401238297957,2148000,0,7997.0,0.7344036102294922,140229.97154808044,140230.70595169067,40.23070595169067,0.14585711627768116
2017-09-29,17.645612716674805,17.665349026585574,17.5469293956184,17.57131058521556,6312800,0,7997.0,0.7344036102294922,141111.9648952484,141112.69929885864,41.11269929885864,0.6289587870090374
2017-10-02,17.69552993774414,17.7431302012568,17.600331182220994,17.694369603817798,4091200,0,7997.0,0.7344036102294922,141511.1529121399,141511.88731575012,41.51188731575013,0.2828859619828039
2017-10-03,17.740808486938477,17.74777403378555,17.69553066093025,17.725715287768317,3272000,0,7997.0,0.7344036102294922,141873.245470047,141873.97987365723,41.87397987365722,0.2558743048201917
2017-10-04,17.73036003112793,17.75706188433834,17.65373547339138,17.714106498108258,2831200,0,7997.0,0.7344036102294922,141789.68916893005,141790.42357254028,41.79042357254028,-0.05889473262916667
2017-10-05,17.897544860839844,17.90799318372805,17.770999337408828,17.80466674610506,2219200,0,7997.0,0.7344036102294922,143126.66625213623,143127.40065574646,43.12740065574645,0.9429248108016042
2017-10-06,17.95210838317871,17.95907393087702,17.836011197533637,17.86039061447772,2334400,0,7997.0,0.7344036102294922,143563.01074028015,143563.74514389038,43.56374514389039,0.30486439783352637
2017-10-09,17.991580963134766,18.035698460467497,17.96836188035529,17.986936083677392,2471200,0,7997.0,0.7344036102294922,143878.67296218872,143879.40736579895,43.87940736579894,0.21987600113955175
2017-10-10,18.003185272216797,18.1041892223095,17.91727274647585,18.05078375571337,1958400,0,7997.0,0.7344036102294922,143971.47262191772,143972.20702552795,43.97220702552795,0.06449822210699008
2017-10-11,18.07633209228516,18.080976971917217,17.98345398617175,17.991581639776594,2212800,0,7997.0,0.7344036102294922,144556.42774200442,144557.16214561465,44.55716214561465,0.40629725151255514
2017-10-12,18.09026527404785,18.154117312326804,18.056596096389164,18.06588408431216,5272000,0,7997.0,0.7344036102294922,144667.85139656067,144668.5858001709,44.6685858001709,0.07707930406382069
2017-10-13,18.172691345214844,18.211003626987544,18.121608302851246,18.16804823750105,2424800,0,7997.0,0.7344036102294922,145327.0126876831,145327.74709129333,45.327747091293325,0.45563540106277056
2017-10-16,18.221454620361328,18.237708156996938,18.16340602216234,18.215649406240903,2201600,0,7997.0,0.7344036102294922,145716.97259902954,145717.70700263977,45.71770700263977,0.2683313538889953
2017-10-17,18.2121696472168,18.21913519671345,18.16921424431883,18.21449208754999,2772800,0,7997.0,0.7344036102294922,145642.72066879275,145643.45507240298,45.64345507240299,-0.0509560106071727
2017-10-18,18.274852752685547,18.308520146625263,18.216804177857,18.27369064742775,2056000,0,7997.0,0.7344036102294922,146143.99746322632,146144.73186683655,46.144731866836544,0.3441807901250149
2017-10-19,18.21449089050293,18.21449089050293,18.06472627165861,18.17617859928629,2286400,0,7997.0,0.7344036102294922,145661.28365135193,145662.01805496216,45.66201805496215,-0.3302984689959487
2017-10-20,18.336387634277344,18.3712171401876,18.30271846234661,18.320134101052865,2576000,0,7997.0,0.7344036102294922,146636.09191131592,146636.82631492615,46.63682631492614,0.6692261119135123
2017-10-23,18.27020835876465,18.39211072343505,18.24698928251837,18.39211072343505,2684800,0,7997.0,0.7344036102294922,146106.8562450409,146107.59064865112,46.10759064865113,-0.36091593058513727
2017-10-24,18.32942581176757,18.35728800495531,18.24583568919914,18.29807907292876,12344800,0,7997.0,0.7344036102294922,146580.41821670526,146581.1526203155,46.5811526203155,0.32411866458270655
2017-10-25,18.2620849609375,18.36541137005139,18.12508938091445,18.28530404033908,4807200,0,7997.0,0.7344036102294922,146041.8934326172,146042.62783622742,46.04262783622741,-0.3673901961209203
2017-10-26,18.33870887756348,18.397917793697307,18.308522481042505,18.352639970418,5240800,0,7997.0,0.7344036102294922,146654.65489387515,146655.38929748538,46.655389297485385,0.41957712644360434
2017-10-27,18.80658721923828,18.854185727815683,18.62315341940709,18.633601742887294,6008800,0,7997.0,0.7344036102294922,150396.27799224854,150397.01239585876,50.397012395858766,2.5513028305994556
2017-10-30,18.86811637878418,18.91803732165509,18.63359955195381,18.63359955195381,4676800,0,7997.0,0.7344036102294922,150888.32668113708,150889.0610847473,50.88906108474731,0.3271665314690031
2017-10-31,18.95054626464844,18.994663769402592,18.855347477787543,18.933132392510093,5731200,0,7997.0,0.7344036102294922,151547.51847839358,151548.2528820038,51.54825288200382,0.43687182657081713
2017-11-01,18.94357681274414,19.05270844633348,18.84025039250576,19.039937685562336,6000000,0,7997.0,0.7344036102294922,151491.7837715149,151492.51817512512,51.49251817512513,-0.036776871932719946
2017-11-02,18.95751190185547,18.97028266531736,18.811230060703338,18.93081004061797,2616000,0,7997.0,0.7344036102294922,151603.22267913818,151603.9570827484,51.60395708274841,0.07356066752712831
2017-11-03,19.108434677124023,19.125850317249736,18.93893378418247,19.06547928685159,7180000,0,7997.0,0.7344036102294922,152810.15211296082,152810.88651657104,52.810886516571045,0.7961068147870787
2017-11-06,19.194345474243164,19.20015068708764,19.1153984768633,19.12120368970777,3505600,0,7997.0,0.7344036102294922,153497.18075752258,153497.9151611328,53.4979151611328,0.4495940441306523
2017-11-07,19.186222076416016,19.22105158970388,19.10959927298588,19.22105158970388,3400000,0,7997.0,0.7344036102294922,153432.21794509888,153432.9523487091,53.43295234870911,-0.04232162525172889
2017-11-08,19.29767417907715,19.29999661879142,19.13745949733924,19.19086498175269,2352800,0,7997.0,0.7344036102294922,154323.50041007996,154324.2348136902,54.324234813690175,0.5808937723856378
2017-11-09,19.1258487701416,19.165321383496394,18.926161492402667,19.152550623704872,4783200,0,7997.0,0.7344036102294922,152949.4126148224,152950.14701843262,52.95014701843262,-0.890390156099885
2017-11-10,19.13282012939453,19.14559089306569,19.055035213034863,19.09915094721476,2346400,0,7997.0,0.7344036102294922,153005.16257476807,153005.8969783783,53.005896978378296,0.036449758978629454
2017-11-13,19.12932777404785,19.14093642606934,19.04225491212808,19.072439533186248,1976000,0,7997.0,0.7344036102294922,152977.23420906067,152977.9686126709,52.9779686126709,-0.018253130277290364
2017-11-14,19.09566307067871,19.11888215164904,18.993498760108807,19.078249202826544,4284000,0,7997.0,0.7344036102294922,152708.01757621765,152708.75197982788,52.70875197982787,-0.17598392453795908
2017-11-15,18.95054626464844,19.02484840494332,18.890176993567,19.003951758377298,3724000,0,7997.0,0.7344036102294922,151547.51847839358,151548.2528820038,51.54825288200382,-0.7599427555909588
2017-11-16,19.211759567260746,19.25471672561333,19.068960541418697,19.08057096724421,4862400,0,7997.0,0.7344036102294922,153636.44125938418,153637.1756629944,53.637175662994416,1.3783879003983257
2017-11-17,19.11423683166504,19.19898726457328,19.09450052654953,19.196666596796483,2453600,0,7997.0,0.7344036102294922,152856.55194282532,152857.28634643555,52.85728634643554,-0.5076175822637863
2017-11-20,19.18157768249512,19.201313992018264,19.13049463596344,19.14442573174389,2966400,0,7997.0,0.7344036102294922,153395.07672691348,153395.8111305237,53.39581113052372,0.3523056028010618
2017-11-21,19.417255401611328,19.42073817565823,19.26632869740293,19.27909945940908,2856800,0,7997.0,0.7344036102294922,155279.7914466858,155280.52585029602,55.280525850296016,1.228661138711673
2017-11-22,19.36617851257324,19.431192677461784,19.34528186164612,19.431192677461784,2832000,0,7997.0,0.7344036102294922,154871.3295650482,154872.06396865842,54.87206396865842,-0.26304771921714654
2017-11-24,19.47762489318848,19.486912880411275,19.39403477968572,19.407965874768703,1537600,0,7997.0,0.7344036102294922,155762.56627082828,155763.3006744385,55.76330067443851,0.5754664094619777
2017-11-27,19.456727981567383,19.496200601685647,19.403324265290333,19.46253319546773,2608800,0,7997.0,0.7344036102294922,155595.45366859436,155596.1880722046,55.59618807220459,-0.10728624875714354
2017-11-28,19.505491256713867,19.53103278416577,19.39868203805262,19.495042933166125,3306400,0,7997.0,0.7344036102294922,155985.4135799408,155986.14798355103,55.986147983551014,0.2506230494319528
2017-11-29,18.999303817749023,19.497361738712144,18.85998754857491,19.48575131148827,7084000,0,7997.0,0.7344036102294922,151937.43263053894,151938.16703414917,51.938167034149174,-2.5950900139086186
2017-11-30,19.15719413757324,19.21059961733511,19.00278468281875,19.09566277677288,3742400,0,7997.0,0.7344036102294922,153200.0815181732,153200.81592178342,53.20081592178343,0.8310281164247924
2017-12-01,19.051544189453125,19.146742937097777,18.75317364537353,19.05734763010673,9050400,0,7997.0,0.7344036102294922,152355.19888305664,152355.93328666687,52.355933286666875,-0.551487033559861
2017-12-04,18.681196212768555,19.19782826947336,18.66726334762554,19.169964310689576,6482400,0,7997.0,0.7344036102294922,149393.52611351013,149394.26051712036,49.39426051712037,-1.9439169224699238
2017-12-05,18.724151611328125,18.938932086441543,18.57438704008579,18.65797714498921,11914400,0,7997.0,0.7344036102294922,149737.04043579102,149737.77483940125,49.73777483940125,0.2299380987541566
2017-12-06,18.843727111816406,18.88319971551671,18.60108450662698,18.63243123144867,10682400,0,7997.0,0.7344036102294922,150693.2857131958,150694.02011680603,50.69402011680604,0.6386132546916778
2017-12-07,18.979568481445312,19.01323765921873,18.857666075356573,18.857666075356573,6937600,0,7997.0,0.7344036102294922,151779.60914611816,151780.3435497284,51.7803435497284,0.720880252633993
2017-12-08,19.051544189453125,19.172284453380936,19.01787502185168,19.049221750290464,3776000,0,7997.0,0.7344036102294922,152355.19888305664,152355.93328666687,52.355933286666875,0.3792254803731465
2017-12-11,19.20363426208496,19.21059980918818,19.05038513980484,19.05038513980484,3516800,0,7997.0,0.7344036102294922,153571.46319389343,153572.19759750366,53.57219759750367,0.7983045258554533
2017-12-12,19.154874801635746,19.24426835678737,19.117722852869544,19.19783019233204,2660800,0,7997.0,0.7344036102294922,153181.53378868106,153182.2681922913,53.18226819229128,-0.2539062482092902
2017-12-13,19.174610137939453,19.26632612811451,19.154873830471463,19.22337073959608,3497600,0,7997.0,0.7344036102294922,153339.3572731018,153340.09167671204,53.340091676712035,0.1030298651947259
2017-12-14,19.15680313110352,19.274371734554048,19.14399848904833,19.21267712543421,2433600,0,7997.0,0.7344036102294922,153196.95463943484,153197.68904304507,53.197689043045074,-0.09286718959786722
2017-12-15,19.37681007385254,19.40823819850076,19.159131145401474,19.216170331952185,3888800,0,7997.0,0.7344036102294922,154956.35016059875,154957.08456420898,54.957084564208984,1.1484478206910564
2017-12-18,19.55956268310547,19.5770227500083,19.49786807844596,19.513001320563163,3600000,0,7997.0,0.7344036102294922,156417.82277679443,156418.55718040466,56.41855718040467,0.9431466914248121
2017-12-19,19.455963134765625,19.53395439791605,19.39776054051585,19.531625796809443,5018400,0,7997.0,0.7344036102294922,155589.3371887207,155590.07159233093,55.590071592330936,-0.5296593978412645
2017-12-20,19.435009002685547,19.53628093760951,19.33839249328136,19.530460323558263,4673600,0,7997.0,0.7344036102294922,155421.76699447632,155422.50139808655,55.42250139808655,-0.10769979891996906
2017-12-21,19.386117935180664,19.506016904930945,19.36865786862592,19.473421820358592,3453600,0,7997.0,0.7344036102294922,155030.78512763977,155031.51953125,55.031519531250005,-0.25156065776802405
2017-12-22,19.36283493041992,19.42452952644482,19.322094187947904,19.38262359554093,2173600,0,7997.0,0.7344036102294922,154844.5909385681,154845.32534217832,54.84532534217832,-0.12010086054413671
2017-12-26,19.227807998657227,19.24759844356956,19.143997897850497,19.24759844356956,2616000,0,7997.0,0.7344036102294922,153764.78056526184,153765.51496887207,53.765514968872075,-0.6973477377635207
2017-12-27,19.258075714111328,19.288340425329963,19.212677759182217,19.22664581417508,2235200,0,7997.0,0.7344036102294922,154006.8314857483,154007.56588935852,54.00756588935851,0.15741560813258282
2017-12-28,19.27552604675293,19.31743196676708,19.246424762748703,19.31743196676708,3792000,0,7997.0,0.7344036102294922,154146.38179588318,154147.1161994934,54.14711619949342,0.09061263278138387
2017-12-29,19.17541885375977,19.319761871601592,19.16959824132553,19.3092858349409,3431200,0,7997.0,0.7344036102294922,153345.82457351687,153346.5589771271,53.3465589771271,-0.5193462207429445
2018-01-02,19.43733787536621,19.43966647647247,19.2184973288378,19.262730092643405,9135200,0,7997.0,0.7344036102294922,155440.3909893036,155441.12539291382,55.44112539291382,1.3659037605787683
2018-01-03,19.63987922668457,19.661996491827978,19.474584108509944,19.47574752070629,5599200,0,7997.0,0.7344036102294922,157060.1141757965,157060.84857940674,57.060848579406745,1.042017151123087
2018-01-04,19.752796173095703,19.807506752269987,19.699249006341365,19.73184231612151,4270400,0,7997.0,0.7344036102294922,157963.11099624634,157963.84539985657,57.963845399856574,0.5749343828314268
2018-01-05,19.96349334716797,19.97862659272556,19.81565823437409,19.855237355355293,5935200,0,7997.0,0.7344036102294922,159648.05629730225,159648.79070091248,59.64879070091247,1.0666651579611663
2018-01-08,20.05893898010254,20.07989105732459,19.940205213905315,19.9751271188106,5086400,0,7997.0,0.7344036102294922,160411.33502388,160412.06942749023,60.412069427490245,0.47809865845316324
2018-01-09,20.00772285461425,20.10666619163501,19.959996304650204,20.09502673938661,4617600,0,7997.0,0.7344036102294922,160001.75966835016,160002.4940719604,60.002494071960385,-0.25532701933939084
2018-01-10,19.94254302978516,19.95185388427393,19.841269281142143,19.905292507019293,3386400,0,7997.0,0.7344036102294922,159480.51660919192,159481.25101280215,59.48125101280215,-0.3257718338589233
2018-01-11,20.07291030883789,20.07291030883789,19.9541765232553,19.9914270348899,3699200,0,7997.0,0.7344036102294922,160523.0637397766,160523.79814338684,60.52379814338684,0.6537114074312012
2018-01-12,20.18815040588379,20.20910426283373,20.021691843713672,20.047301126540177,3981600,0,7997.0,0.7344036102294922,161444.63879585266,161445.3731994629,61.445373199462885,0.5741049406598586
2018-01-16,20.09736061096192,20.38371823495128,20.040323189680635,20.319695008429,5488000,0,7997.0,0.7344036102294922,160718.59280586248,160719.3272094727,60.71932720947271,-0.449716195392702
2018-01-17,20.4046630859375,20.41746772670104,20.15090064779012,20.21608726396735,3756800,0,7997.0,0.7344036102294922,163176.0906982422,163176.82510185242,63.17682510185241,1.5290618340983553
2018-01-18,20.44540786743164,20.495463023655013,20.362759399519582,20.4081591295884,4218400,0,7997.0,0.7344036102294922,163501.92671585083,163502.66111946106,63.50266111946106,0.19968277811830415
2018-01-19,20.48847770690918,20.51874419434084,20.393026370753688,20.47683825314512,3587200,0,7997.0,0.7344036102294922,163846.3562221527,163847.09062576294,63.847090625762945,0.2106568198606995
2018-01-22,20.646785736083984,20.646785736083984,20.42678002196295,20.47916199652472,3824000,0,7997.0,0.7344036102294922,165112.34553146362,165113.07993507385,65.11307993507384,0.7726651138423302
2018-01-23,20.772510528564453,20.79113578949253,20.68404320346005,20.68753521785873,4268000,0,7997.0,0.7344036102294922,166117.76669692993,166118.50110054016,66.11850110054016,0.6089288418952954
2018-01-24,20.58742332458496,20.840022390306306,20.500119426359515,20.806265664521504,5635200,0,7997.0,0.7344036102294922,164637.62432670593,164638.35873031616,64.63835873031616,-0.8910159677687934
2018-01-25,20.533876419067383,20.735258692457577,20.481494434691665,20.70848421778804,5583200,0,7997.0,0.7344036102294922,164209.40972328186,164210.1441268921,64.2101441268921,-0.2600940672188745
2018-01-26,20.858646392822266,20.858646392822266,20.633983451285072,20.66657676256473,3272000,0,7997.0,0.7344036102294922,166806.59520339966,166807.3296070099,66.80732960700988,1.5816230440129475
2018-01-29,20.686368942260746,20.82488963871097,20.64446299907341,20.82372622613997,4627200,0,7997.0,0.7344036102294922,165428.89243125918,165429.6268348694,65.42962683486941,-0.825924601386685
2018-01-30,20.47916603088379,20.59906502126785,20.420963430748905,20.497791289215527,6538400,0,7997.0,0.7344036102294922,163771.89074897766,163772.6251525879,63.77262515258788,-1.0016353865898053
2018-01-31,20.62350845336914,20.66075896883097,20.4931352016574,20.59789916803972,6596800,0,7997.0,0.7344036102294922,164926.19710159302,164926.93150520325,64.92693150520326,0.704822525461668
2018-02-01,20.608375549316406,20.753882047359543,20.51990823793903,20.53154946826343,3925600,0,7997.0,0.7344036102294922,164805.1792678833,164805.91367149353,64.80591367149353,-0.07337663570482489
2018-02-02,20.028676986694336,20.39768123099927,20.01936435822012,20.387205190041623,6180800,0,7997.0,0.7344036102294922,160169.3298625946,160170.06426620483,60.17006426620484,-2.8129144774072246
2018-02-05,19.245267868041992,20.18814872335551,19.22431401283839,19.81681770572313,13896800,0,7997.0,0.7344036102294922,153904.4071407318,153905.14154434204,53.90514154434205,-3.9114192471387255
2018-02-06,19.73184394836425,19.7725864770608,18.81224361912129,18.950766085246755,13516000,0,7997.0,0.7344036102294922,157795.5560550689,157796.29045867914,57.79629045867913,2.5282774021009535
2018-02-07,19.51067352294922,19.89597440888868,19.504852908341228,19.70157795915677,10808000,0,7997.0,0.7344036102294922,156026.8561630249,156027.59056663513,56.02759056663513,-1.120875457149717
2018-02-08,18.70747375488281,19.602627929385022,18.694669116433406,19.585167866136626,7523200,0,7997.0,0.7344036102294922,149603.66761779782,149604.40202140805,49.604402021408056,-4.116700464257894
2018-02-09,19.15913200378418,19.275537207199164,18.387366712960475,18.985689387465413,10192800,0,7997.0,0.7344036102294922,153215.57863426208,153216.3130378723,53.21631303787231,2.414307980020136
2018-02-12,19.50136375427246,19.6142769446554,19.21849996011069,19.34770980806424,6020800,0,7997.0,0.7344036102294922,155952.40594291687,155953.1403465271,55.9531403465271,1.7862505985105415
2018-02-13,19.56189346313477,19.601470803324545,19.3407225259168,19.381465054831303,4084800,0,7997.0,0.7344036102294922,156436.46202468875,156437.19642829898,56.43719642829899,0.3103855944781353
2018-02-14,19.961162567138672,19.98910045368764,19.38612061313928,19.45247242761721,4979200,0,7997.0,0.7344036102294922,159629.41704940796,159630.1514530182,59.6301514530182,2.0410459261730907
2018-02-15,20.3464584350586,20.3464584350586,19.91808827146157,20.149735194097005,5687200,0,7997.0,0.7344036102294922,162710.62810516363,162711.36250877386,62.711362508773874,1.9302187135132431
2018-02-16,20.29524612426757,20.501282037156464,20.207942229456336,20.28826032067276,7195200,0,7997.0,0.7344036102294922,162301.08325576776,162301.817659378,62.30181765937799,-0.251700215081041
2018-02-20,20.345293045043945,20.500112115831453,20.17068531085977,20.183489949081345,12955200,0,7997.0,0.7344036102294922,162701.30848121643,162702.04288482666,62.70204288482666,0.24659318744575387
2018-02-21,20.24402618408203,20.604881192474696,20.239368982000894,20.42911000225841,4133600,0,7997.0,0.7344036102294922,161891.477394104,161892.21179771423,61.892211797714225,-0.49773873317969786
2018-02-22,20.25100517272949,20.42910491967669,20.195131195071987,20.31386317556897,3287200,0,7997.0,0.7344036102294922,161947.28836631772,161948.02276992795,61.948022769927945,0.03447415511466101
2018-02-23,20.6630859375,20.6630859375,20.368580930367187,20.409323459911427,3156000,0,7997.0,0.7344036102294922,165242.6982421875,165243.43264579773,65.24343264579772,2.034856504887017
2018-02-26,20.971553802490234,20.97620922730609,20.753874948061707,20.7573687369258,7978400,0,7997.0,0.7344036102294922,167709.5157585144,167710.25016212463,67.71025016212464,1.492838460705781
2018-02-27,20.77948951721192,21.07865170362225,20.77948951721192,20.99134781242577,10240800,0,7997.0,0.7344036102294922,166173.57766914373,166174.31207275396,66.17431207275398,-0.9158283932472089
2018-02-28,20.643291473388672,20.989014954506143,20.643291473388672,20.884251016798604,3654400,0,7997.0,0.7344036102294922,165084.4019126892,165085.13631629944,65.08513631629944,-0.6554417123012746
2018-03-01,20.31852531433105,20.7690128100637,20.143917537541387,20.701497589894103,10119200,0,7997.0,0.7344036102294922,162487.24693870542,162487.98134231564,62.487981342315635,-1.5732215703585184
2018-03-02,20.54551124572754,20.57810454923368,20.01586739945001,20.08687461984592,5247200,0,7997.0,0.7344036102294922,164302.45343208313,164303.18783569336,64.30318783569335,1.1171327739949
2018-03-05,20.75620460510254,20.821391213053168,20.396513072959483,20.436090402614955,3785600,0,7997.0,0.7344036102294922,165987.368227005,165988.10263061523,65.98810263061523,1.0254912379465297
2018-03-06,20.826047897338867,20.90753115525448,20.71662676119427,20.86213321325851,52516000,0,7997.0,0.7344036102294922,166545.90503501892,166546.63943862915,66.54663943862916,0.3364920733246013
2018-03-07,20.957582473754883,20.97969973649916,20.61535282395947,20.671226798754407,5213600,0,7997.0,0.7344036102294922,167597.7870426178,167598.52144622803,67.59852144622802,0.6315840482548296
2018-03-08,21.03907585144043,21.07748977942349,20.9180134524267,21.025106020045097,4468000,0,7997.0,0.7344036102294922,168249.48958396912,168250.22398757935,68.25022398757935,0.3888474288004984
2018-03-09,21.454639434814453,21.454639434814453,21.176431112783344,21.19621978115518,5372000,0,7997.0,0.7344036102294922,171572.75156021118,171573.4859638214,71.5734859638214,1.975190224107748
2018-03-12,21.53030204772949,21.60945671451356,21.452309017066,21.52331624518794,6228800,0,7997.0,0.7344036102294922,172177.82547569272,172178.55987930295,72.17855987930295,0.35266166685516964
2018-03-13,21.26955986022949,21.69327474854,21.197389199273,21.629251528561245,6681600,0,7997.0,0.7344036102294922,170092.67020225522,170093.40460586545,70.09340460586544,-1.2110423474904097
2018-03-14,21.27421188354492,21.3964376882772,21.16595590942924,21.37082840438273,3964000,0,7997.0,0.7344036102294922,170129.8724327087,170130.60683631894,70.13060683631893,0.02187164783942208
2018-03-15,21.27887535095215,21.39877258984927,21.17876678703581,21.287022793025287,3104800,0,7997.0,0.7344036102294922,170167.16618156433,170167.90058517456,70.16790058517456,0.02192065822201883
2018-03-16,21.25414276123047,21.380119315433618,21.223813556059064,21.31479761180741,2503200,0,7997.0,0.7344036102294922,169969.37966156006,169970.1140651703,69.97011406517029,-0.11623021693523139
2018-03-19,20.8365478515625,21.071006484369125,20.648747068706097,21.071006484369125,5984800,0,7997.0,0.7344036102294922,166629.8731689453,166630.60757255554,66.63060757255555,-1.9647609881195405
2018-03-20,20.85753631591797,20.92519142144728,20.73622487902967,20.77938346467264,3238400,0,7997.0,0.7344036102294922,166797.717918396,166798.45232200623,66.79845232200623,0.10072864277206328
2018-03-21,20.76655006408692,21.025505109911624,20.701228391245024,20.819040566914715,3920800,0,7997.0,0.7344036102294922,166070.1008625031,166070.83526611334,66.07083526611335,-0.4362253041102604
2018-03-22,20.20898628234864,20.63007980508378,20.198488534828325,20.49710299684545,5284000,0,7997.0,0.7344036102294922,161611.26329994207,161611.9977035523,61.611997703552305,-2.68490102757426
2018-03-23,19.670080184936523,20.252144498463743,19.66658093582821,20.176325061273715,6452800,0,7997.0,0.7344036102294922,157301.63123893738,157302.3656425476,57.302365642547606,-2.666653541966557
2018-03-26,20.41661262512207,20.43527647023817,19.78905462718052,20.059675041717263,4456800,0,7997.0,0.7344036102294922,163271.6511631012,163272.38556671143,63.27238556671142,3.7952512028522456
2018-03-27,19.723737716674805,20.55892629873423,19.57559808244909,20.55542704941442,7929600,0,7997.0,0.7344036102294922,157730.7305202484,157731.46492385864,57.73146492385863,-3.3936667389408703
2018-03-28,19.52894592285156,19.829893938564005,19.415798738576147,19.668921288794166,6789600,0,7997.0,0.7344036102294922,156172.98054504392,156173.71494865415,56.17371494865415,-0.9875962135750593
2018-03-29,19.946531295776367,20.1471632149432,19.535935533309065,19.671245763422984,4537600,0,7997.0,0.7344036102294922,159512.4107723236,159513.14517593384,59.51314517593384,2.138279305437285
2018-04-02,19.46595001220703,19.95469866806137,19.23965573222728,19.861381200662763,7639200,0,7997.0,0.7344036102294922,155669.20224761963,155669.93665122986,55.669936651229854,-2.40933655998391
2018-04-03,19.642087936401367,19.693412639042016,19.33880657346092,19.62225826126891,5156000,0,7997.0,0.7344036102294922,157077.77722740173,157078.51163101196,57.07851163101196,0.9048471465225472
2018-04-04,19.902204513549805,19.9616953056601,19.20232624313208,19.25715018337206,4648800,0,7997.0,0.7344036102294922,159157.9294948578,159158.66389846802,59.15866389846802,1.324275514108808
2018-04-05,19.98619079589844,20.130832951285587,19.852048167670933,20.079508258087483,3403200,0,7997.0,0.7344036102294922,159829.56779479983,159830.30219841006,59.83030219841006,0.42199292422466783
2018-04-06,19.503273010253903,19.962859999957026,19.40645630806772,19.780891944718352,3950400,0,7997.0,0.7344036102294922,155967.67426300046,155968.4086666107,55.96840866661068,-2.416246155253654
2018-04-09,19.636249542236328,20.02468216878484,19.619919121595355,19.647914891215176,3306400,0,7997.0,0.7344036102294922,157031.08758926392,157031.82199287415,57.03182199287416,0.6818132821605927
2018-04-10,20.11916732788086,20.20081943873166,19.85904639621241,19.951196254197768,4978400,-1,0.0,160893.71552467346,0.0,160893.71552467346,60.89371552467347,2.4593063258060877
2018-04-11,20.036352157592773,20.21948607576908,19.93603618474448,19.99785863290744,3116000,0,0.0,160893.71552467346,0.0,160893.71552467346,60.89371552467347,0.0
2018-04-12,20.28597640991211,20.37696046202748,20.133169906484586,20.164663153836383,2426400,0,0.0,160893.71552467346,0.0,160893.71552467346,60.89371552467347,0.0
2018-04-13,20.20548439025879,20.432944456192853,20.11333276105835,20.40961553812722,3796000,0,0.0,160893.71552467346,0.0,160893.71552467346,60.89371552467347,0.0
2018-04-16,20.345457077026367,20.430608418024963,20.20898105491668,20.3372927576944,2748000,0,0.0,160893.71552467346,0.0,160893.71552467346,60.89371552467347,0.0
2018-04-17,20.76772117614746,20.82954539642095,20.49126981893201,20.528597515709777,3832800,0,0.0,160893.71552467346,0.0,160893.71552467346,60.89371552467347,0.0
2018-04-18,20.73273086547852,20.802717634472653,20.58692287188731,20.75489218540288,3199200,0,0.0,160893.71552467346,0.0,160893.71552467346,60.89371552467347,0.0
2018-04-19,20.488937377929688,20.61141644153147,20.41428376066769,20.607917192275647,3040800,0,0.0,160893.71552467346,0.0,160893.71552467346,60.89371552467347,0.0
2018-04-20,20.201988220214844,20.445778743935424,20.126167000093847,20.436446819310564,6593600,0,0.0,160893.71552467346,0.0,160893.71552467346,60.89371552467347,0.0
2018-04-23,20.118003845214844,20.340798886362432,20.02585219662668,20.28714076162825,2988000,0,0.0,160893.71552467346,0.0,160893.71552467346,60.89371552467347,0.0
2018-04-24,19.737735748291016,20.26964298340254,19.588426736794045,20.20782054124421,5121600,0,0.0,160893.71552467346,0.0,160893.71552467346,60.89371552467347,0.0
2018-04-25,19.706241607666016,19.79022715169317,19.45661840177494,19.78206104996816,4559200,0,0.0,160893.71552467346,0.0,160893.71552467346,60.89371552467347,0.0
2018-04-26,20.106340408325195,20.183327463363923,19.90804187434175,19.97103193023995,2740000,0,0.0,160893.71552467346,0.0,160893.71552467346,60.89371552467347,0.0
2018-04-27,20.021190643310547,20.31280668145005,19.917375404928205,20.29880968118193,3090400,0,0.0,160893.71552467346,0.0,160893.71552467346,60.89371552467347,0.0
2018-04-30,19.941864013671875,20.215981912703928,19.88237322639809,20.070173951554217,4079200,0,0.0,160893.71552467346,0.0,160893.71552467346,60.89371552467347,0.0
2018-05-01,20.18215751647949,20.19848793876781,19.850880438815352,19.89637423649267,2947200,0,0.0,160893.71552467346,0.0,160893.71552467346,60.89371552467347,0.0
2018-05-02,20.1879940032959,20.407288032589747,20.162331652014245,20.30113937773226,3120800,0,0.0,160893.71552467346,0.0,160893.71552467346,60.89371552467347,0.0
2018-05-03,20.250974655151367,20.32096318318842,19.91853181679865,20.114498627373088,3070400,0,0.0,160893.71552467346,0.0,160893.71552467346,60.89371552467347,0.0
2018-05-04,20.63241195678711,20.67207129822486,20.155326916979245,20.16582644373364,4048800,0,0.0,160893.71552467346,0.0,160893.71552467346,60.89371552467347,0.0
2018-05-07,20.810884475708008,20.89603584862288,20.69190465034398,20.721066250098108,5992000,0,0.0,160893.71552467346,0.0,160893.71552467346,60.89371552467347,0.0
2018-05-08,20.890193939208984,20.897192435275382,20.69539475253878,20.77821444238255,5102400,0,0.0,160893.71552467346,0.0,160893.71552467346,60.89371552467347,0.0
2018-05-09,21.164316177368164,21.16781542583284,20.884363841018363,20.946188050286203,4032000,0,0.0,160893.71552467346,0.0,160893.71552467346,60.89371552467347,0.0
2018-05-10,21.416278839111328,21.42560898441677,21.20981422154444,21.23664239403373,4616800,0,0.0,160893.71552467346,0.0,160893.71552467346,60.89371552467347,0.0
2018-05-11,21.35445213317871,21.43493663459467,21.278630923602684,21.381280300317364,3166400,1,7534.0,9.273153305053711,160884.4423713684,160893.71552467346,60.89371552467347,0.0
2018-05-14,21.32762718200684,21.50959527980226,21.2961339357688,21.426777333184425,6256800,0,7534.0,9.273153305053711,160682.34318923953,160691.61634254458,60.691616342544584,-0.12561036425184913
2018-05-15,21.14215850830078,21.191149779258232,21.02901136589333,21.1899839560983,5376000,0,7534.0,9.273153305053711,159285.0222015381,159294.29535484314,59.29429535484314,-0.8695668258901557
2018-05-16,21.252973556518555,21.293800508149904,21.12349598234372,21.16898800678986,2639200,0,7534.0,9.273153305053711,160119.9027748108,160129.17592811584,60.12917592811584,0.5241120351566542
2018-05-17,21.147994995117188,21.31829776105863,21.04767900892098,21.17248974506897,2608800,0,7534.0,9.273153305053711,159328.9942932129,159338.26744651794,59.33826744651793,-0.49391903568712925
2018-05-18,21.066335678100582,21.182982051113584,21.054670328846324,21.10599501775323,2235200,0,7534.0,9.273153305053711,158713.77299880979,158723.04615211484,58.72304615211483,-0.38611019453289597
2018-05-21,21.23080825805664,21.36495267104218,21.125827221705016,21.25530478247608,2880000,0,7534.0,9.273153305053711,159952.90941619873,159962.18256950378,59.96218256950379,0.780690925123384
2018-05-22,21.18065071105957,21.359119536953656,21.14215719058873,21.32645869168432,2114400,0,7534.0,9.273153305053711,159575.0224571228,159584.29561042786,59.58429561042786,-0.23623518572067903
2018-05-23,21.34395408630371,21.34395408630371,20.99751419576319,21.018511469674817,2529600,0,7534.0,9.273153305053711,160805.35008621216,160814.6232395172,60.8146232395172,0.7709578341547951
2018-05-24,21.32878875732422,21.36844809463388,21.10249452226676,21.34161992879291,2330400,0,7534.0,9.273153305053711,160691.09449768066,160700.36765098572,60.70036765098572,-0.07104800933515065
2018-05-25,21.333457946777344,21.398779639633307,21.27863400172696,21.30313052648926,2542400,0,7534.0,9.273153305053711,160726.2721710205,160735.54532432556,60.73554532432557,0.021890225799769958
2018-05-29,21.213308334350582,21.33112052404378,21.067500375871845,21.235471428820524,2954400,0,7534.0,9.273153305053711,159821.06499099729,159830.33814430234,59.830338144302345,-0.5631655264532354
2018-05-30,21.369611740112305,21.41043867604785,21.28679382533852,21.324119733155435,2940000,0,7534.0,9.273153305053711,160998.6548500061,161007.92800331116,61.007928003311164,0.736774928140127
2018-05-31,21.34745407104492,21.52125782376694,21.32995782541765,21.371950594805668,2940800,0,7534.0,9.273153305053711,160831.7189712524,160840.99212455747,60.84099212455747,-0.1036817756888686
2018-06-01,21.733556747436523,21.733556747436523,21.481600111972057,21.481600111972057,16909600,0,7534.0,9.273153305053711,163740.61653518677,163749.88968849182,63.74988968849182,1.8085548500482274
2018-06-04,21.9155216217041,21.9353512919742,21.76504680041563,21.793042571322943,3601600,0,7534.0,9.273153305053711,165111.5398979187,165120.81305122375,65.12081305122375,0.837205671002228
2018-06-05,22.03567123413086,22.046168982665023,21.9318560122332,21.971515359950786,5015200,0,7534.0,9.273153305053711,166016.7470779419,166026.02023124695,66.02602023124695,0.5482090133255291
2018-06-06,22.16282081604004,22.16282081604004,21.961022998556025,22.05900556867602,4140000,0,7534.0,9.273153305053711,166974.69202804565,166983.9651813507,66.9839651813507,0.5769848297089153
2018-06-07,21.91202735900879,22.17798101355873,21.770884429238365,22.17798101355873,4134400,0,7534.0,9.273153305053711,165085.21412277222,165094.48727607727,65.09448727607727,-1.1315325415954702
2018-06-08,21.9155216217041,21.948182464488085,21.73238595763165,21.7743787240514,2836800,0,7534.0,9.273153305053711,165111.5398979187,165120.81305122375,65.12081305122375,0.01594588382740625
2018-06-11,21.91319274902344,21.977348624923376,21.8537037258523,21.920191248233827,3641600,0,7534.0,9.273153305053711,165093.9941711426,165103.26732444766,65.10326732444767,-0.01062599344798798
2018-06-12,22.060163497924805,22.07416227427762,21.926020868731413,21.95168321551525,2361600,0,7534.0,9.273153305053711,166201.27179336548,166210.54494667053,66.21054494667054,0.6706576073064241
2018-06-13,22.01700210571289,22.21646817946122,21.990173939262387,22.07299186435639,3336800,0,7534.0,9.273153305053711,165876.09386444092,165885.36701774597,65.88536701774596,-0.19564217723303523
2018-06-14,22.13481903076172,22.216472930268985,22.07882926014528,22.09865893349104,4594400,0,7534.0,9.273153305053711,166763.7265777588,166772.99973106384,66.77299973106385,0.5350880124483259
2018-06-15,22.050827026367188,22.075323545021057,21.9003540056946,22.07299011946302,2816000,0,7534.0,9.273153305053711,166130.9308166504,166140.20396995544,66.14020396995544,-0.37943537750645406
2018-06-18,22.08349609375,22.096325488360367,21.81404142939525,21.90036040142897,3100800,0,7534.0,9.273153305053711,166377.0595703125,166386.33272361755,66.38633272361756,0.1481452097570779
2018-06-19,21.930683135986328,21.931850738797888,21.63440214267091,21.80237319836061,4202400,0,7534.0,9.273153305053711,165225.766746521,165235.03989982605,65.23503989982603,-0.6919395391110084
2018-06-20,21.99133682250977,22.08348843825541,21.95867598601012,21.98550414887438,3215200,0,7534.0,9.273153305053711,165682.7316207886,165692.00477409366,65.69200477409365,0.27655446117520466
2018-06-21,21.79654693603516,22.08233026741199,21.749889086787743,22.055502093088872,5245600,0,7534.0,9.273153305053711,164215.1846160889,164224.45776939395,64.22445776939394,-0.8857077966438864
2018-06-22,21.68106460571289,21.844370624658744,21.608744411253888,21.844370624658744,2446400,0,7534.0,9.273153305053711,163345.14073944092,163354.41389274597,63.35441389274597,-0.5297894652632751
2018-06-25,21.17948532104492,21.520092557163075,21.00801498993343,21.520092557163075,7468800,0,7534.0,9.273153305053711,159566.2424087524,159575.51556205747,59.57551556205747,-2.3133126559834682
2018-06-26,21.29146385192871,21.43260675655364,21.21097756399142,21.25530375848037,4446400,0,7534.0,9.273153305053711,160409.8886604309,160419.16181373596,60.41916181373597,0.5286815140198575
2018-06-27,20.964862823486328,21.441948085319,20.957864322314776,21.35562908447548,4678400,0,7534.0,9.273153305053711,157949.276512146,157958.54966545105,57.958549665451045,-1.533864234462179
2018-06-28,21.204395294189453,21.272234604424444,20.933039837977866,20.933039837977866,6327200,0,7534.0,9.273153305053711,159753.91414642334,159763.1872997284,59.7631872997284,1.1424754393475345
2018-06-29,21.217262268066406,21.40674510257906,21.21141549767332,21.289781139062203,2836000,0,7534.0,9.273153305053711,159850.8539276123,159860.12708091736,59.860127080917366,0.060677170271450365
2018-07-02,21.439498901367188,21.439498901367188,21.014919062844,21.05234839487777,4277600,0,7534.0,9.273153305053711,161525.1847229004,161534.45787620544,61.53445787620544,1.0473723659937928
2018-07-03,21.200889587402344,21.543594964173693,21.188023478689523,21.521371523239853,2643200,0,7534.0,9.273153305053711,159727.50215148926,159736.7753047943,59.73677530479431,-1.1128786978619853
2018-07-05,21.47926521301269,21.49096232490265,21.264051918175618,21.33072045870801,4777600,0,7534.0,9.273153305053711,161824.78411483762,161834.05726814267,61.83405726814266,1.3129612509996669
2018-07-06,21.735410690307617,21.77050023168442,21.452358150063663,21.51200912109448,2593600,0,7534.0,9.273153305053711,163754.5841407776,163763.85729408264,63.76385729408265,1.192456061793279
2018-07-09,21.923725128173828,21.923725128173828,21.74359962884526,21.85588581664877,2747200,0,7534.0,9.273153305053711,165173.34511566162,165182.61826896667,65.18261826896668,0.8663456017259374
2018-07-10,21.968168258666992,22.04068533098515,21.923721389967167,21.95881092921818,6876800,0,7534.0,9.273153305053711,165508.17966079712,165517.45281410217,65.51745281410217,0.20270567729485656
2018-07-11,21.852378845214844,21.95413692854163,21.768164643589724,21.80910274719836,2871200,0,7534.0,9.273153305053711,164635.82221984863,164645.0953731537,64.64509537315368,-0.5270486139780428
2018-07-12,22.2231559753418,22.22900453122841,21.920219698539128,21.95413846711561,2724000,0,7534.0,9.273153305053711,167429.25711822513,167438.53027153018,67.43853027153017,1.6966402139373837
2018-07-13,22.1950798034668,22.25824133959692,22.121393724286115,22.229000350392173,2560800,0,7534.0,9.273153305053711,167217.73123931888,167227.00439262393,67.22700439262393,-0.12633046800113457
2018-07-16,22.11788558959961,22.23367876798132,22.083965041690814,22.2009290019008,2884000,0,7534.0,9.273153305053711,166636.15003204346,166645.4231853485,66.64542318534852,-0.34777948058554164
2018-07-17,22.29800796508789,22.33075772920332,21.92372367181992,21.981034866657776,3102400,0,7534.0,9.273153305053711,167993.19200897217,168002.46516227722,68.00246516227722,0.8143289812522214
2018-07-18,22.28514289855957,22.30502655736245,22.19040237761066,22.300348784296983,2403200,0,7534.0,9.273153305053711,167896.2665977478,167905.53975105286,67.90553975105284,-0.0576928505964136
2018-07-19,22.26175117492676,22.33426826049244,22.21028674592076,22.2465452887036,2442400,0,7534.0,9.273153305053711,167720.03335189822,167729.30650520328,67.72930650520328,-0.1049597566053384
2018-07-20,22.246545791625977,22.36701853282787,22.21613580322061,22.33543954727446,2615200,0,7534.0,9.273153305053711,167605.4759941101,167614.74914741516,67.61474914741517,-0.06829895155177068
2018-07-23,22.334264755249023,22.35181041769015,22.08630176502214,22.198586151841496,2787200,0,7534.0,9.273153305053711,168266.35066604614,168275.6238193512,68.2756238193512,0.3942819324060709
2018-07-24,22.300350189208984,22.557670557501527,22.231341877593565,22.46994758298849,3508800,0,7534.0,9.273153305053711,168010.8383255005,168020.11147880554,68.02011147880553,-0.15184156489590483
2018-07-25,22.62199783325196,22.6325241603406,22.30034697309208,22.32490840296557,2319200,0,7534.0,9.273153305053711,170434.13167572027,170443.40482902533,70.44340482902534,1.4422638628742268
2018-07-26,22.543630599975582,22.62433421998348,22.46760296759282,22.514389614765623,3770400,0,7534.0,9.273153305053711,169843.71294021604,169852.9860935211,69.85298609352108,-0.34640163173018657
2018-07-27,22.10501480102539,22.57403953963172,21.966996429149383,22.5716997611991,3990400,0,7534.0,9.273153305053711,166539.1815109253,166548.45466423035,66.54845466423033,-1.9455244828438079
2018-07-30,21.70850944519043,22.12490081417824,21.57633961294396,22.12373003247312,4684800,0,7534.0,9.273153305053711,163551.9101600647,163561.18331336975,63.56118331336975,-1.7936349856160994
2018-07-31,21.77401161193848,21.91670778847264,21.63482421148889,21.772840830091333,4324800,0,7534.0,9.273153305053711,164045.4034843445,164054.67663764957,64.05467663764956,0.30171787357047286
2018-08-01,22.024314880371094,22.0769483074697,21.88746725602333,21.93074335179109,3085600,0,7534.0,9.273153305053711,165931.18830871582,165940.46146202087,65.94046146202088,1.1494855636066337
2018-08-02,22.34245681762696,22.3740358027818,21.814948199776502,21.85003774578811,2952800,0,7534.0,9.273153305053711,168328.06966400152,168337.34281730658,68.33734281730656,1.444422495977138
2018-08-03,22.39976119995117,22.402100978234063,22.21378898283915,22.365842446124816,2857600,0,7534.0,9.273153305053711,168759.8008804321,168769.07403373715,68.76907403373716,0.25646788122295483
2018-08-06,22.53193664550781,22.534276424375943,22.356490709693105,22.389240474933583,2488000,0,7534.0,9.273153305053711,169755.61068725583,169764.88384056088,69.76488384056087,0.5900428218410747
2018-08-07,22.62199783325196,22.6781400291196,22.562345076959875,22.605622951760218,2771200,0,7534.0,9.273153305053711,170434.13167572027,170443.40482902533,70.44340482902534,0.3996827689651594
2018-08-08,22.66527938842773,22.694520382765653,22.527262751822523,22.60913717902296,3417600,0,7534.0,9.273153305053711,170760.21491241452,170769.48806571958,70.76948806571957,0.19131466953581366
2018-08-09,22.68633270263672,22.78107323401693,22.665278259703022,22.68399292348218,4003200,0,7534.0,9.273153305053711,170918.83058166504,170928.1037349701,70.9281037349701,0.09288290961526613
2018-08-10,22.537784576416016,22.64889997574373,22.45123060797457,22.52725824889333,2946400,0,7534.0,9.273153305053711,169799.66899871826,169808.94215202332,69.8089421520233,-0.6547557472948218
2018-08-13,22.495677947998047,22.733114636705643,22.48515162025712,22.57872135759203,3118400,0,7534.0,9.273153305053711,169482.43766021729,169491.71081352234,69.49171081352235,-0.18681662725216208
2018-08-14,22.643051147460938,22.66410558698017,22.45006133963076,22.57755161958472,3759200,0,7534.0,9.273153305053711,170592.7473449707,170602.02049827576,70.60202049827575,0.6550819974759703
2018-08-15,22.443038940429688,22.591581843089937,22.26759304948756,22.50502967911768,3533600,0,7534.0,9.273153305053711,169085.85537719727,169095.12853050232,69.09512853050232,-0.8832790862454476
2018-08-16,22.5810604095459,22.68164948019841,22.540124096961723,22.60913240067972,2669600,0,7534.0,9.273153305053711,170125.7091255188,170134.98227882385,70.13498227882384,0.6149519252022451
2018-08-17,22.66060256958008,22.700369895220646,22.443049491148685,22.50854903566932,3205600,0,7534.0,9.273153305053711,170724.97975921634,170734.2529125214,70.7342529125214,0.3522324601741511
2018-08-20,22.63954162597656,22.72024703614022,22.53310400431933,22.7155692634724,3512000,0,7534.0,9.273153305053711,170566.3066101074,170575.57976341245,70.57557976341245,-0.09293574452822195
2018-08-21,22.688671112060547,22.82200997065096,22.67229622713641,22.692179888492248,2760800,0,7534.0,9.273153305053711,170936.44815826416,170945.7213115692,70.94572131156922,0.21699562661323668
2018-08-22,22.80446434020996,22.841891880854952,22.61498328851013,22.64890205299241,2339200,0,7534.0,9.273153305053711,171808.83433914185,171818.1074924469,71.8181074924469,0.5103293455866353
2018-08-23,22.87697982788086,22.98107767779666,22.78340830571728,22.79159663934345,2604800,0,7534.0,9.273153305053711,172355.1660232544,172364.43917655945,72.36443917655946,0.3179709589901991
2018-08-24,23.13897705078125,23.14365482321944,22.94715625570904,22.94715625570904,2939200,0,7534.0,9.273153305053711,174329.05310058594,174338.326253891,74.33832625389098,1.145182316469362
2018-08-27,23.31676483154297,23.346005819902203,23.18810376887103,23.24541674855731,3593600,0,7534.0,9.273153305053711,175668.50624084473,175677.77939414978,75.6777793941498,0.7683067567759716
2018-08-28,23.427886962890625,23.446601629153403,23.320280308972865,23.39396640719824,2707200,0,7534.0,9.273153305053711,176505.70037841797,176514.97353172302,76.51497353172303,0.4765509562224768
2018-08-29,23.652448654174805,23.667654537850765,23.430217876761272,23.430217876761272,31328000,0,7534.0,9.273153305053711,178197.54816055298,178206.82131385803,78.20682131385803,0.9584726713459002
2018-08-30,23.59514617919922,23.75187928867781,23.53081562509184,23.605674295128736,3841600,0,7534.0,9.273153305053711,177765.8313140869,177775.10446739197,77.77510446739197,-0.2422560726257128
2018-08-31,23.720291137695312,23.75888945816276,23.57408618958912,23.57408618958912,2654400,0,7534.0,9.273153305053711,178708.67343139648,178717.94658470154,78.71794658470155,0.5303566661565506
2018-09-04,23.754209518432617,23.7647358461922,23.534318493631805,23.67818366053116,4084800,0,7534.0,9.273153305053711,178964.21451187134,178973.4876651764,78.9734876651764,0.14298568518620325
2018-09-05,23.384605407714844,23.73549731384776,23.261794668351143,23.73549731384776,4346400,0,7534.0,9.273153305053711,176179.61714172363,176188.8902950287,76.18889029502868,-1.5558714346323388
2018-09-06,23.259456634521484,23.42788504765984,23.10038555374956,23.384607162374035,4081600,0,7534.0,9.273153305053711,175236.74628448486,175246.01943778992,75.24601943778993,-0.5351477358532253
2018-09-07,23.188112258911133,23.408005142996668,23.094540704955865,23.134308035349942,3655200,0,7534.0,9.273153305053711,174699.23775863647,174708.51091194153,74.70851091194153,-0.3067165391674953
2018-09-10,23.27349281311035,23.30273380882956,23.133136390603887,23.28402092796312,2818400,0,7534.0,9.273153305053711,175342.4948539734,175351.76800727844,75.35176800727845,0.3681887573646181
2018-09-11,23.420862197875977,23.48168216741016,23.133130093047903,23.1845945170601,4108000,0,7534.0,9.273153305053711,176452.7757987976,176462.04895210266,76.46204895210266,0.6331735102768521
2018-09-12,23.375244140625,23.40682311944473,23.10388694294965,23.40331434402032,3530400,0,7534.0,9.273153305053711,176109.08935546875,176118.3625087738,76.1183625087738,-0.19476507575979518
2018-09-13,23.64543533325196,23.744853631573864,23.51092570414097,23.52145381726907,3360800,0,7534.0,9.273153305053711,178144.70980072027,178153.98295402533,78.15398295402534,1.1558252167772176
2018-09-14,23.667659759521484,23.783452946206392,23.55303378529176,23.67467731208075,2982400,0,7534.0,9.273153305053711,178312.14862823486,178321.42178153992,78.32142178153991,0.09398545277419235
2018-09-17,23.30974197387696,23.669991110209025,23.284011549957828,23.640750126267083,2941600,0,7534.0,9.273153305053711,175615.59603118902,175624.86918449408,75.62486918449407,-1.5121865730463702
2018-09-18,23.46297836303711,23.5682452457768,23.29571892033061,23.317942365176062,6394400,0,7534.0,9.273153305053711,176770.07898712158,176779.35214042664,76.77935214042664,0.657357332872821
2018-09-19,23.347177505493164,23.54718667418294,23.25594575408477,23.48051635637685,4063200,0,7534.0,9.273153305053711,175897.6353263855,175906.90847969055,75.90690847969054,-0.4935212456503635
2018-09-20,23.59982109069824,23.64192819193697,23.408000248328168,23.49338344802138,6365600,0,7534.0,9.273153305053711,177801.05209732053,177810.32525062558,77.8103252506256,1.0820591342237007
2018-09-21,23.56239318847656,23.740178936098545,23.51794809011757,23.69222327642277,5593600,0,7534.0,9.273153305053711,177519.0702819824,177528.34343528745,77.52834343528745,-0.15858573732469017
2018-09-24,23.64910316467285,23.66318542058655,23.340494957803227,23.448449370492963,3504800,0,7534.0,9.273153305053711,178172.34324264526,178181.61639595032,78.18161639595031,0.36798234469022084
2018-09-25,23.657320022583008,23.70660344632964,23.569313525071863,23.651452564649578,2476800,0,7534.0,9.273153305053711,178234.24905014038,178243.52220344543,78.24352220344544,0.03474309457243141
2018-09-26,23.545848846435547,23.774665414542643,23.50947310874891,23.683138787299804,4165600,0,7534.0,9.273153305053711,177394.4252090454,177403.69836235046,77.40369836235045,-0.4711665426676226
2018-09-27,23.663185119628903,23.74649692628254,23.64088985600434,23.645582747584807,3102400,0,7534.0,9.273153305053711,178278.43669128415,178287.7098445892,78.28770984458922,0.49830499048173493
2018-09-28,23.76878929138184,23.795777443295755,23.61741893704265,23.629152059811307,2500800,0,7534.0,9.273153305053711,179074.05852127078,179083.33167457583,79.08333167457585,0.4462572494089212
2018-10-01,23.812206268310547,23.961231078781967,23.75940273734717,23.88847962681005,4048800,0,7534.0,9.273153305053711,179401.16202545166,179410.4351787567,79.41043517875673,0.18265435488729054
2018-10-02,23.78170394897461,23.93894180602468,23.724205721920377,23.81221222570917,5172000,0,7534.0,9.273153305053711,179171.3575515747,179180.63070487976,79.18063070487975,-0.12808868873651624
2018-10-03,23.88613510131836,23.98939662505968,23.84623925459892,23.8790948684263,3349600,0,7534.0,9.273153305053711,179958.14185333252,179967.41500663757,79.96741500663758,0.4391012012083362
2018-10-04,23.46605491638184,23.820428291816,23.304124158339963,23.79578568162647,5644000,0,7534.0,9.273153305053711,176793.25774002078,176802.53089332583,76.80253089332582,-1.7585873049268397
2018-10-05,23.157442092895508,23.528241414916952,22.91806343423329,23.45783729627844,6021600,0,7534.0,9.273153305053711,174468.16872787476,174477.4418811798,74.47744188117981,-1.315076769771395
2018-10-08,22.853519439697266,23.0928980403004,22.596542051823736,23.05769509427097,6216000,0,7534.0,9.273153305053711,172178.4154586792,172187.68861198425,72.18768861198426,-1.3123491750612004
2018-10-09,22.913373947143555,23.05066387890957,22.79955205841074,22.84531536899941,5196000,0,7534.0,9.273153305053711,172629.35931777954,172638.6324710846,72.63863247108459,0.2618908835674727
2018-10-10,21.84907913208008,22.808937583168827,21.80683594221926,22.808937583168827,11228800,0,7534.0,9.273153305053711,164610.96218109134,164620.2353343964,64.62023533439638,-4.644613445968537
2018-10-11,21.543991088867188,22.11779337521218,21.38675145412791,21.75872536498376,15281600,0,7534.0,9.273153305053711,162312.4288635254,162321.70201683044,62.32170201683045,-1.3962641426777722
2018-10-12,22.208147048950195,22.27738019213924,21.79275714230041,22.128355345609457,9203200,0,7534.0,9.273153305053711,167316.17986679077,167325.45302009583,67.32545302009582,3.0826136869526843
2018-10-15,21.890155792236328,22.19407121657442,21.85612560126572,22.15534813227886,5240800,0,7534.0,9.273153305053711,164920.4337387085,164929.70689201355,64.92970689201354,-1.4317882216010158
2018-10-16,22.57073402404785,22.639965373125765,22.118966615698263,22.16355714788252,5463200,0,7534.0,9.273153305053711,170047.9101371765,170057.18329048157,70.05718329048156,3.1088858975691913
2018-10-17,22.490943908691406,22.62706107646736,22.294982957555696,22.62706107646736,4528800,-1,0.0,169456.0445613861,0.0,169456.0445613861,69.4560445613861,-0.35349211216125775
2018-10-18,22.036827087402344,22.39002584886825,21.9042300596824,22.39002584886825,8724000,0,0.0,169456.0445613861,0.0,169456.0445613861,69.4560445613861,0.0
2018-10-19,21.97346305847168,22.364212147256108,21.90305893026084,22.154170747589635,4030400,0,0.0,169456.0445613861,0.0,169456.0445613861,69.4560445613861,0.0
2018-10-22,22.15182113647461,22.28441816057285,21.93473773478238,22.064987417698376,6020800,0,0.0,169456.0445613861,0.0,169456.0445613861,69.4560445613861,0.0
2018-10-23,22.068510055541992,22.187024826968177,21.475932617417527,21.724697076073063,7120000,0,0.0,169456.0445613861,0.0,169456.0445613861,69.4560445613861,0.0
2018-10-24,21.07814216613769,22.06850884490369,21.053499560501606,22.02626565702516,7926400,0,0.0,169456.0445613861,0.0,169456.0445613861,69.4560445613861,0.0
2018-10-25,21.755203247070312,21.864332223898984,21.32221282754666,21.35976133159224,8926400,0,0.0,169456.0445613861,0.0,169456.0445613861,69.4560445613861,0.0
2018-10-26,21.31868934631348,21.70005076842209,20.999520818759315,21.23068286428841,6912800,0,0.0,169456.0445613861,0.0,169456.0445613861,69.4560445613861,0.0
2018-10-29,20.966665267944336,21.76459113346588,20.548928082890985,21.628475790035992,7790400,0,0.0,169456.0445613861,0.0,169456.0445613861,69.4560445613861,0.0
2018-10-30,21.23538017272949,21.26002098806645,20.817642972857723,20.9056494657688,7232800,0,0.0,169456.0445613861,0.0,169456.0445613861,69.4560445613861,0.0
2018-10-31,21.75403213500977,21.92535223358769,21.49940022360374,21.541643412945096,5440000,0,0.0,169456.0445613861,0.0,169456.0445613861,69.4560445613861,0.0
2018-11-01,22.052080154418945,22.06733518665424,21.62260981557045,21.803315699179223,5495200,0,0.0,169456.0445613861,0.0,169456.0445613861,69.4560445613861,0.0
2018-11-02,21.65076446533203,22.032125836570497,21.47944620585356,21.90891821056736,5134400,0,0.0,169456.0445613861,0.0,169456.0445613861,69.4560445613861,0.0
2018-11-05,21.59914207458496,21.631997690242603,21.29874506064876,21.631997690242603,4059200,0,0.0,169456.0445613861,0.0,169456.0445613861,69.4560445613861,0.0
2018-11-06,21.73056602478028,21.82561276161749,21.53812520968481,21.578021061357763,4181600,0,0.0,169456.0445613861,0.0,169456.0445613861,69.4560445613861,0.0
2018-11-07,22.353647232055664,22.36303480533291,21.942950301282988,21.962898223060936,4941600,0,0.0,169456.0445613861,0.0,169456.0445613861,69.4560445613861,0.0
2018-11-08,22.31258201599121,22.370080244260738,22.178812199024726,22.276206280135835,3847200,0,0.0,169456.0445613861,0.0,169456.0445613861,69.4560445613861,0.0
2018-11-09,21.927696228027344,22.14829973343049,21.730562552090014,22.106056547087263,3705600,0,0.0,169456.0445613861,0.0,169456.0445613861,69.4560445613861,0.0
2018-11-12,21.173185348510746,21.772802886695548,21.11686170426241,21.737599937604205,4714400,0,0.0,169456.0445613861,0.0,169456.0445613861,69.4560445613861,0.0
2018-11-13,21.18257713317871,21.541643346219672,21.126251687233548,21.20487239838658,6419200,0,0.0,169456.0445613861,0.0,169456.0445613861,69.4560445613861,0.0
2018-11-14,20.952587127685547,21.47123855020613,20.843459927675244,21.405527317017544,20489600,0,0.0,169456.0445613861,0.0,169456.0445613861,69.4560445613861,0.0
2018-11-15,21.47710418701172,21.52169471596418,20.86223151768005,20.980748072949137,16684000,0,0.0,169456.0445613861,0.0,169456.0445613861,69.4560445613861,0.0
2018-11-16,21.44659996032715,21.55455439613375,21.202528361352527,21.236556756896032,4176800,0,0.0,169456.0445613861,0.0,169456.0445613861,69.4560445613861,0.0
2018-11-19,20.601730346679688,21.35623834754196,20.546579478036985,21.32338273947776,6094400,0,0.0,169456.0445613861,0.0,169456.0445613861,69.4560445613861,0.0
2018-11-20,20.18281936645508,20.45622637854628,19.910585129515777,20.037314675281,13024000,0,0.0,169456.0445613861,0.0,169456.0445613861,69.4560445613861,0.0
2018-11-21,20.35296440124512,20.539537704402075,20.261437807602217,20.484388625588448,4322400,0,0.0,169456.0445613861,0.0,169456.0445613861,69.4560445613861,0.0
2018-11-23,20.216854095458984,20.4057748029955,20.11359434429715,20.152317422419205,1666400,0,0.0,169456.0445613861,0.0,169456.0445613861,69.4560445613861,0.0
2018-11-26,20.65571594238281,20.66041062593053,20.371748464649123,20.46444787399928,4443200,0,0.0,169456.0445613861,0.0,169456.0445613861,69.4560445613861,0.0
2018-11-27,20.67213630676269,20.717899607132576,20.401076620687515,20.519591375364254,3509600,0,0.0,169456.0445613861,0.0,169456.0445613861,69.4560445613861,0.0
2018-11-28,21.3937931060791,21.397313222643003,20.78478787357031,20.84228430444515,4894400,0,0.0,169456.0445613861,0.0,169456.0445613861,69.4560445613861,0.0
2018-11-29,21.22482109069824,21.38323171309935,21.099264293875983,21.33981574696299,3882400,0,0.0,169456.0445613861,0.0,169456.0445613861,69.4560445613861,0.0
2018-11-30,21.43486213684082,21.447769827986,21.15676218002736,21.26588937657556,3400000,0,0.0,169456.0445613861,0.0,169456.0445613861,69.4560445613861,0.0
2018-12-03,21.886627197265625,22.00396918040913,21.653116006231286,21.960551429108367,10689600,0,0.0,169456.0445613861,0.0,169456.0445613861,69.4560445613861,0.0
2018-12-04,21.0452880859375,21.76107320040668,21.012432469692847,21.744645392284347,5528000,0,0.0,169456.0445613861,0.0,169456.0445613861,69.4560445613861,0.0
2018-12-06,21.1086540222168,21.1086540222168,20.48204812106116,20.58648243792043,7357600,0,0.0,169456.0445613861,0.0,169456.0445613861,69.4560445613861,0.0
2018-12-07,20.3787841796875,21.120386451998275,20.283737449643787,21.027685272711047,5882400,0,0.0,169456.0445613861,0.0,169456.0445613861,69.4560445613861,0.0
2018-12-10,20.648670196533203,20.72376899877881,20.171087436106536,20.28842942652134,6880800,0,0.0,169456.0445613861,0.0,169456.0445613861,69.4560445613861,0.0
2018-12-11,20.65805435180664,21.000692692253097,20.50316209065469,20.97252997463555,6878400,0,0.0,169456.0445613861,0.0,169456.0445613861,69.4560445613861,0.0
2018-12-12,20.84346008300781,21.16497601786186,20.839939966239108,20.987790242015265,4840800,0,0.0,169456.0445613861,0.0,169456.0445613861,69.4560445613861,0.0
2018-12-13,20.84475517272949,21.063801824389977,20.73640976826043,20.96487799382885,3814400,0,0.0,169456.0445613861,0.0,169456.0445613861,69.4560445613861,0.0
2018-12-14,20.358379364013672,20.71639202656629,20.328937615967384,20.598625034381136,5430400,0,0.0,169456.0445613861,0.0,169456.0445613861,69.4560445613861,0.0
2018-12-17,19.88730239868164,20.39605643732325,19.73891670256828,20.28771106916384,30304800,0,0.0,169456.0445613861,0.0,169456.0445613861,69.4560445613861,0.0
2018-12-18,20.053361892700195,20.226479502946823,19.892021699646744,20.04982902693856,7756000,0,0.0,169456.0445613861,0.0,169456.0445613861,69.4560445613861,0.0
2018-12-19,19.64588737487793,20.37368640829964,19.46570225226372,20.046294365843856,9553600,0,0.0,169456.0445613861,0.0,169456.0445613861,69.4560445613861,0.0
2018-12-20,19.31024742126465,19.763650908968465,19.025251610729512,19.57522306543364,12953600,0,0.0,169456.0445613861,0.0,169456.0445613861,69.4560445613861,0.0
2018-12-21,18.713171005249023,19.508098060864384,18.623668754048587,19.246655241036823,11964800,0,0.0,169456.0445613861,0.0,169456.0445613861,69.4560445613861,0.0
2018-12-24,18.231502532958984,18.754388115501573,18.220903937983948,18.53769734343312,8798400,0,0.0,169456.0445613861,0.0,169456.0445613861,69.4560445613861,0.0
2018-12-26,19.332630157470703,19.332630157470703,18.26566147983593,18.36458532347506,12259200,0,0.0,169456.0445613861,0.0,169456.0445613861,69.4560445613861,0.0
2018-12-27,19.49161148071289,19.49161148071289,18.72848198213355,19.07589420068722,8209600,0,0.0,169456.0445613861,0.0,169456.0445613861,69.4560445613861,0.0
2018-12-28,19.45157051086425,19.77660670602365,19.289051514793872,19.611733664344545,9860800,0,0.0,169456.0445613861,0.0,169456.0445613861,69.4560445613861,0.0
2018-12-31,19.64706802368164,19.705951521278127,19.479839106145427,19.621159140980648,7727200,0,0.0,169456.0445613861,0.0,169456.0445613861,69.4560445613861,0.0
2019-01-02,19.65884017944336,19.757765803672424,19.236057172506715,19.26078902780933,6889600,0,0.0,169456.0445613861,0.0,169456.0445613861,69.4560445613861,0.0
2019-01-03,18.68726348876953,19.19837354671603,18.666066294960444,19.165398936136448,5640800,0,0.0,169456.0445613861,0.0,169456.0445613861,69.4560445613861,0.0
2019-01-04,19.49985313415528,19.590534195029885,18.968724800137743,19.024073617211616,5855200,0,0.0,169456.0445613861,0.0,169456.0445613861,69.4560445613861,0.0
2019-01-07,19.71772766113281,19.84727207804445,19.49043821698449,19.5340114313176,8864000,0,0.0,169456.0445613861,0.0,169456.0445613861,69.4560445613861,0.0
2019-01-08,19.90732765197754,19.98387726002745,19.66001809523045,19.910862314270883,34048000,0,0.0,169456.0445613861,0.0,169456.0445613861,69.4560445613861,0.0
2019-01-09,20.15581512451172,20.259450627632823,19.98858625164528,20.0097852395479,6369600,0,0.0,169456.0445613861,0.0,169456.0445613861,69.4560445613861,0.0
2019-01-10,20.25002861022949,20.26180602513692,19.91910373691689,20.02038339538456,3222400,0,0.0,169456.0445613861,0.0,169456.0445613861,69.4560445613861,0.0
2019-01-11,20.238252639770508,20.25591696484272,20.107531243292566,20.147571578110377,3130400,0,0.0,169456.0445613861,0.0,169456.0445613861,69.4560445613861,0.0
2019-01-14,20.038047790527344,20.1039987984648,19.968565714482835,20.05100222817812,4406400,0,0.0,169456.0445613861,0.0,169456.0445613861,69.4560445613861,0.0
2019-01-15,20.333642959594727,20.368973405626512,20.0733771973744,20.07573303963816,3492000,0,0.0,169456.0445613861,0.0,169456.0445613861,69.4560445613861,0.0
2019-01-16,20.35484504699707,20.48556647088329,20.29125166642233,20.3666224641687,29172800,0,0.0,169456.0445613861,0.0,169456.0445613861,69.4560445613861,0.0
2019-01-17,20.51029396057129,20.615106481945794,20.244139483814035,20.28064875047897,4660800,0,0.0,169456.0445613861,0.0,169456.0445613861,69.4560445613861,0.0
2019-01-18,20.815317153930664,20.868311944289715,20.570361579423395,20.688128578879866,5026400,0,0.0,169456.0445613861,0.0,169456.0445613861,69.4560445613861,0.0
2019-01-22,20.47261047363281,20.692835938517245,20.3148031586326,20.66221537499264,8316000,0,0.0,169456.0445613861,0.0,169456.0445613861,69.4560445613861,0.0
2019-01-23,20.520893096923828,20.70932095462638,20.306556363862644,20.552690679769643,4012000,0,0.0,169456.0445613861,0.0,169456.0445613861,69.4560445613861,0.0
2019-01-24,20.7317008972168,20.782341639223937,20.590380863376,20.590380863376,4652800,0,0.0,169456.0445613861,0.0,169456.0445613861,69.4560445613861,0.0
2019-01-25,21.053199768066406,21.10383869789621,20.81884287269329,20.885970901888548,5064000,0,0.0,169456.0445613861,0.0,169456.0445613861,69.4560445613861,0.0
2019-01-28,20.790584564208984,20.79647327337164,20.62100160040397,20.76232163539902,4514400,0,0.0,169456.0445613861,0.0,169456.0445613861,69.4560445613861,0.0
2019-01-29,20.58212852478028,20.82943801960435,20.54208639963466,20.81648358437684,4280800,0,0.0,169456.0445613861,0.0,169456.0445613861,69.4560445613861,0.0
2019-01-30,21.173324584960938,21.22867520942777,20.782339145026224,20.891861574089425,6815200,0,0.0,169456.0445613861,0.0,169456.0445613861,69.4560445613861,0.0
2019-01-31,21.21689224243164,21.33348036241852,21.04848458458932,21.102658167407508,5124800,1,7986.0,17.943113327026367,169438.10144805908,169456.0445613861,69.4560445613861,0.0
2019-02-01,21.360578536987305,21.450080807987003,21.21690265657873,21.24163271969231,4124800,0,7986.0,17.943113327026367,170585.58019638062,170603.52330970764,70.60352330970765,0.6771542150010745
2019-02-04,21.69621086120605,21.69621086120605,21.38530609672906,21.391194805298788,3494400,0,7986.0,17.943113327026367,173265.93993759152,173283.88305091855,73.28388305091855,1.5711045640863341
2019-02-05,21.875213623046875,21.92231968998368,21.739782332867627,21.75155795111119,4258400,0,7986.0,17.943113327026367,174695.45599365234,174713.39910697937,74.71339910697937,0.8249561533895111
2019-02-06,21.95176124572754,22.005934839530617,21.806908383987658,21.899945291327043,3295200,0,7986.0,17.943113327026367,175306.76530838013,175324.70842170715,75.32470842170716,0.3498926343671327
2019-02-07,21.654991149902344,21.839884359492828,21.5136693474606,21.753914974026475,4116800,0,7986.0,17.943113327026367,172936.75932312012,172954.70243644714,72.95470243644715,-1.351780936409408
2019-02-08,21.79513359069824,21.79513359069824,21.45478532869476,21.46891858677637,3611200,0,7986.0,17.943113327026367,174055.93685531613,174073.87996864316,74.07387996864317,0.647092860980325
2019-02-11,21.80690574645996,21.98237914751001,21.75744384348192,21.88345534155393,3044800,0,7986.0,17.943113327026367,174149.94929122925,174167.89240455627,74.16789240455628,0.054007204257211505
2019-02-12,22.10250663757324,22.121349786240227,21.93292369051506,21.954120885029248,4640000,0,7986.0,17.943113327026367,176510.61800765988,176528.5611209869,76.52856112098692,1.3553983365356848
2019-02-13,22.13665771484375,22.27915474365156,22.10957181462912,22.20731861633913,3289600,0,7986.0,17.943113327026367,176783.3485107422,176801.2916240692,76.80129162406921,0.1544965309581814
2019-02-14,22.18848419189453,22.263855011192977,22.036563733054457,22.068361330925043,3239200,0,7986.0,17.943113327026367,177197.23475646973,177215.17786979675,77.21517786979675,0.23409684506581208
2019-02-15,22.358060836791992,22.37572516418168,22.22969346882844,22.367480613412205,3117600,0,7986.0,17.943113327026367,178551.47384262085,178569.41695594788,78.56941695594787,0.7641778218037798
2019-02-19,22.37572860717773,22.440500812542226,22.28033763063263,22.307423535791703,5238400,0,7986.0,17.943113327026367,178692.56865692136,178710.51177024838,78.71051177024839,0.07901398610452581
2019-02-20,22.407516479492188,22.4911300017118,22.29563824437783,22.394562044038047,8564000,0,7986.0,17.943113327026367,178946.4266052246,178964.36971855164,78.96436971855164,0.1420498132922443
2019-02-21,22.40281105041504,22.482893527485484,22.26737974856625,22.36041486772632,2730400,0,7986.0,17.943113327026367,178908.8490486145,178926.79216194153,78.92679216194153,-0.020997227922636696
2019-02-22,22.70193672180176,22.70193672180176,22.494665728164705,22.499377412737083,3096800,0,7986.0,17.943113327026367,181297.66666030887,181315.6097736359,81.3156097736359,1.3350810031469873
2019-02-25,22.807924270629883,22.963377502271857,22.793792812110063,22.886827909000523,7432000,0,7986.0,17.943113327026367,182144.08322525024,182162.02633857727,82.16202633857728,0.4668194679973148
2019-02-26,22.844438552856445,22.9056778863501,22.730204437119724,22.74198185405442,5792800,0,7986.0,17.943113327026367,182435.68628311157,182453.6293964386,82.45362939643859,0.16007894934113587
2019-02-27,22.844438552856445,22.858571812574382,22.60772756711394,22.763179048159035,3204800,0,7986.0,17.943113327026367,182435.68628311157,182453.6293964386,82.45362939643859,0.0
2019-02-28,22.771419525146484,22.85621188035695,22.70664733755777,22.76435379504248,2187200,0,7986.0,17.943113327026367,181852.55632781982,181870.49944114685,81.87049944114686,-0.31960447003480663
2019-03-01,22.91744804382324,22.964554102677376,22.72784319191677,22.94806680238033,3285600,0,7986.0,17.943113327026367,183018.74007797238,183036.6831912994,83.0366831912994,0.6412165544912529
2019-03-04,22.785551071166992,23.042283980127003,22.522931251752283,23.01401926262333,4511200,0,7986.0,17.943113327026367,181965.4108543396,181983.35396766663,81.98335396766663,-0.5754743832043219
2019-03-05,22.709009170532227,22.784379973159687,22.637171233888733,22.78084710717572,2874400,0,7986.0,17.943113327026367,181354.14723587036,181372.0903491974,81.37209034919739,-0.33588985208935496
2019-03-06,22.56180000305176,22.71136458246727,22.53118123277793,22.709008739528777,2557600,0,7986.0,17.943113327026367,180178.53482437137,180196.4779376984,80.19647793769839,-0.6481771309111428
2019-03-07,22.366304397583008,22.527644583501505,22.288577760301106,22.500558681532898,4147200,0,7986.0,17.943113327026367,178617.3069190979,178635.25003242493,78.63525003242493,-0.8664031190516619
2019-03-08,22.3686580657959,22.37690081908005,22.03773317506208,22.084839243209167,3620800,0,7986.0,17.943113327026367,178636.10331344604,178654.04642677307,78.65404642677308,0.010522220191555576
2019-03-11,22.85974502563477,22.873876486016005,22.45462638954779,22.45462638954779,4517600,0,7986.0,17.943113327026367,182557.92377471927,182575.8668880463,82.5758668880463,2.1952038253332917
2019-03-12,22.972803115844727,23.05641665610739,22.838547048359143,22.91274081260511,10649600,0,7986.0,17.943113327026367,183460.805683136,183478.748796463,83.47874879646302,0.49452423466807005
2019-03-13,23.11648178100586,23.255447764265,23.03286822403733,23.081153121431363,5201600,0,7986.0,17.943113327026367,184608.2235031128,184626.16661643982,84.62616661643982,0.6253682388305704
2019-03-14,23.162410736083984,23.22953878295093,23.095284486198693,23.16712242199482,2948800,0,7986.0,17.943113327026367,184975.0121383667,184992.95525169373,84.99295525169373,0.19866557486183378
2019-03-15,23.42267227172852,23.5215960939028,23.22246878485733,23.23071153821452,3789600,0,7986.0,17.943113327026367,187053.46076202395,187071.40387535098,87.07140387535097,1.1235285261697703
2019-03-18,23.51217460632324,23.58519134893958,23.36143302999085,23.454469941669,4539200,0,7986.0,17.943113327026367,187768.22640609738,187786.1695194244,87.78616951942442,0.3820817234844176
2019-03-19,23.56870079040528,23.66762459927828,23.479196756393527,23.61345101043005,4298400,0,7986.0,17.943113327026367,188219.64451217657,188237.5876255036,88.2375876255036,0.24038943189184092
2019-03-20,23.49686622619629,23.684115276173955,23.340235941334164,23.553393868325497,5781600,0,7986.0,17.943113327026367,187645.97368240356,187663.9167957306,87.6639167957306,-0.3047589150549035
2019-03-21,24.082386016845703,24.124909429917867,23.4906017013936,23.4906017013936,3813600,0,7986.0,17.943113327026367,192321.93473052979,192339.8778438568,92.33987784385683,2.491667619415594
2019-03-22,23.47052001953125,24.04458515980351,23.46225252985784,23.9441839144891,7876000,0,7986.0,17.943113327026367,187435.57287597656,187453.5159893036,87.4535159893036,-2.54048297697268
2019-03-25,23.37484741210937,23.513048072859768,23.210660117470084,23.40083404599828,4335200,0,7986.0,17.943113327026367,186671.53143310544,186689.47454643247,86.68947454643248,-0.40758981704814845
2019-03-26,23.510683059692383,23.719756667348246,23.381932259346787,23.560295212593143,3634400,0,7986.0,17.943113327026367,187756.31491470337,187774.2580280304,87.7742580280304,0.581063010774141
2019-03-27,23.36303901672364,23.62408595962233,23.136248007796222,23.55085186990742,4343200,0,7986.0,17.943113327026367,186577.229587555,186595.17270088202,86.59517270088202,-0.627927032986797
2019-03-28,23.46107292175293,23.55911306857739,23.308698401067453,23.425638244180195,3490400,0,7986.0,17.943113327026367,187360.1283531189,187378.07146644592,87.37807146644592,0.4195707499994761
2019-03-29,23.69849967956543,23.70794952914661,23.56147956420008,23.641800582078343,3306400,0,7986.0,17.943113327026367,189256.21844100952,189274.16155433655,89.27416155433654,1.0119060747352027
2019-04-01,24.030414581298828,24.05049483311161,23.801260715804005,23.9489112165224,6349600,0,7986.0,17.943113327026367,191906.89084625244,191924.83395957947,91.92483395957947,1.4004407064732716
2019-04-02,24.09892845153809,24.13318258009211,23.95954541952187,24.028055479004475,3756800,0,7986.0,17.943113327026367,192454.04261398318,192471.9857273102,92.47198572731021,0.285086487476649
2019-04-03,24.30208969116211,24.42375354869074,24.208773573718368,24.24657296366371,4337600,0,7986.0,17.943113327026367,194076.4882736206,194094.43138694763,94.09443138694765,0.8429515877370619
2019-04-04,24.17215919494629,24.344615776350448,24.007971906890816,24.298548891280905,3371200,0,7986.0,17.943113327026367,193038.86333084106,193056.8064441681,93.05680644416809,-0.5345979971526971
2019-04-05,24.286731719970703,24.31389890305956,24.21349766017728,24.25365815733019,3260800,0,7986.0,17.943113327026367,193953.83951568604,193971.78262901306,93.97178262901306,0.4739414277577403
2019-04-08,24.38359260559082,24.387137875673183,24.11546060301174,24.23476155472592,4247200,0,7986.0,17.943113327026367,194727.3705482483,194745.31366157532,94.74531366157532,0.39878533984589737
2019-04-09,24.27138328552246,24.376510386744915,24.226498751743204,24.27610911163053,5589600,0,7986.0,17.943113327026367,193831.26691818237,193849.2100315094,93.84921003150939,-0.4601413062104043
2019-04-10,24.465097427368164,24.467460340105987,24.291460289811724,24.30445360630827,4413600,0,7986.0,17.943113327026367,195378.26805496216,195396.21116828918,95.39621116828918,0.7980435600064117
2019-04-11,24.45328521728516,24.51588888382697,24.39540557360296,24.502895567995225,2858400,0,7986.0,17.943113327026367,195283.9357452393,195301.8788585663,95.30187885856631,-0.04827745080564494
2019-04-12,24.6115665435791,24.616290566520505,24.453285640615288,24.58794282412356,3100800,0,7986.0,17.943113327026367,196547.9704170227,196565.91353034973,96.56591353034973,0.6472209479862823
2019-04-15,24.6115665435791,24.68480061460356,24.480452827870447,24.631646795235024,3164800,0,7986.0,17.943113327026367,196547.9704170227,196565.91353034973,96.56591353034973,0.0
2019-04-16,24.717878341674805,24.765127590910936,24.611570685049,24.70016099969536,3224000,0,7986.0,17.943113327026367,197396.976436615,197414.91954994202,97.41491954994201,0.4319192500591873
2019-04-17,24.80646705627441,24.874977111466897,24.706065787575948,24.85844032589453,4664800,0,7986.0,17.943113327026367,198104.44591140744,198122.38902473447,98.12238902473447,0.3583667720784778
2019-04-18,24.85135269165039,24.85725907255489,24.66826569785736,24.8395399298414,3068000,0,7986.0,17.943113327026367,198462.90259552002,198480.84570884705,98.48084570884706,0.18092689366260295
2019-04-22,24.92812728881836,24.932853113932943,24.7285053358948,24.75212905434516,3951200,0,7986.0,17.943113327026367,199076.02452850342,199093.96764183044,99.09396764183045,0.30890735617017384
2019-04-23,25.215164184570312,25.242331374332267,24.95293672895653,24.98128627634363,15756000,0,7986.0,17.943113327026367,201368.30117797852,201386.24429130554,101.38624429130556,1.1513541452943032
2019-04-24,25.2317008972168,25.354545330791247,25.198627326547737,25.2317008972168,3894400,0,7986.0,17.943113327026367,201500.36336517337,201518.3064785004,101.51830647850039,0.06557656788306332
2019-04-25,25.19980430603028,25.400608614420257,25.059240749445035,25.353361177989967,5010400,0,7986.0,17.943113327026367,201245.63718795782,201263.58030128485,101.26358030128486,-0.12640349240068405
2019-04-26,25.146648406982425,25.149011319320508,24.877334076409337,25.085225302810343,13605600,0,7986.0,17.943113327026367,200821.13417816165,200839.07729148868,100.83907729148866,-0.21091893981052268
2019-04-29,25.16319274902344,25.25060250805515,25.139569025666766,25.149018875484348,12077600,0,7986.0,17.943113327026367,200953.2572937012,200971.20040702823,100.97120040702822,0.06578556191423335
2019-04-30,25.20808219909668,25.238792863016684,25.00255199551725,25.16201530202928,11303200,0,7986.0,17.943113327026367,201311.74444198608,201329.6875553131,101.32968755531313,0.178377373254901
2019-05-01,25.111215591430664,25.48683940347747,25.111215591430664,25.44431598706414,3688000,0,7986.0,17.943113327026367,200538.16771316528,200556.1108264923,100.5561108264923,-0.38423380983406696
2019-05-02,24.99546241760254,25.2860394469781,24.848992446369586,25.110039370426986,6543200,0,7986.0,17.943113327026367,199613.76286697388,199631.7059803009,99.63170598030091,-0.46092080783872724
2019-05-03,25.24114799499512,25.26359115886873,25.05569810603881,25.11239719446928,2587200,0,7986.0,17.943113327026367,201575.80788803103,201593.75100135806,101.59375100135807,0.9828323669441419
2019-05-06,25.071054458618164,25.107671493593628,24.55723000671445,24.656452510772063,8004000,0,7986.0,17.943113327026367,200217.44090652466,200235.38401985168,100.23538401985168,-0.6738140318135244
2019-05-07,24.53833770751953,24.88797315575037,24.31272726348312,24.78402840749575,8403200,0,7986.0,17.943113327026367,195963.16493225098,195981.108045578,95.981108045578,-2.1246374586081695
2019-05-08,24.493453979492188,24.6942583626639,24.40486365141277,24.4733737214125,5636000,0,7986.0,17.943113327026367,195604.7234802246,195622.66659355164,95.62266659355163,-0.18289592073487126
2019-05-09,24.32926177978516,24.400134749030123,23.896940632614715,24.212321921243305,7343200,0,7986.0,17.943113327026367,194293.4845733643,194311.4276866913,94.31142768669132,-0.6702898645097766
2019-05-10,24.39776992797852,24.502897015966223,23.820161221641666,24.17452243540352,4191200,0,7986.0,17.943113327026367,194840.59064483645,194858.53375816348,94.85853375816349,0.28156144905400193
2019-05-13,23.451622009277344,23.84614549129968,23.38193141004816,23.72920565349414,12480000,0,7986.0,17.943113327026367,187284.65336608887,187302.5964794159,87.3025964794159,-3.877652742745752
2019-05-14,23.8449649810791,23.97962216729857,23.57447005347461,23.57683296618001,5300000,0,7986.0,17.943113327026367,190425.8903388977,190443.83345222473,90.44383345222474,1.677092059508123
2019-05-15,24.089473724365234,24.16743361789292,23.668965405154108,23.680776363268663,12253600,0,7986.0,17.943113327026367,192378.53716278076,192396.4802761078,92.39648027610778,1.0253137570731097
2019-05-16,24.338712692260746,24.49699362113027,24.09420255982274,24.11782628314476,6360000,0,7986.0,17.943113327026367,194368.95956039432,194386.90267372134,94.38690267372134,1.0345420013698314
2019-05-17,24.096559524536133,24.43084044402905,24.07175344962803,24.08238565451671,3237600,0,7986.0,17.943113327026367,192435.12436294556,192453.06747627258,92.45306747627258,-0.9948382174156611
2019-05-20,23.67486953735352,23.86858871242685,23.575648839662904,23.724481688572983,5127200,0,7986.0,17.943113327026367,189067.5081253052,189085.45123863223,89.08545123863223,-1.7498376522658177
2019-05-21,23.998516082763672,24.06230209382305,23.896932489395,23.928825494924684,2459200,0,7986.0,17.943113327026367,191652.14943695068,191670.0925502777,91.67009255027772,1.3669170709403655
2019-05-22,23.85323715209961,24.007974609047373,23.834337452924817,23.834337452924817,2517600,0,7986.0,17.943113327026367,190491.95189666748,190509.8950099945,90.50989500999451,-0.6053096363893395
2019-05-23,23.41973304748535,23.566201195186828,23.26499560634946,23.55202732344135,6333600,0,7986.0,17.943113327026367,187029.98811721802,187047.93123054504,87.04793123054503,-1.8172094311782794
2019-05-24,23.438629150390625,23.670145917987703,23.419731256966244,23.56501883837264,2337600,0,7986.0,17.943113327026367,187180.89239501953,187198.83550834656,87.19883550834655,0.0806767959467658
2019-05-28,23.36540031433105,23.666607749963514,23.36540031433105,23.511870286007618,3350400,-1,0.0,186614.0300235748,0.0,186614.0300235748,86.6140300235748,-0.31239803558803514
2019-05-29,23.208297729492188,23.35240477436248,23.0795469147329,23.21184119761405,6292800,0,0.0,186614.0300235748,0.0,186614.0300235748,86.6140300235748,0.0
2019-05-30,23.345314025878903,23.411461156517795,23.204750472084207,23.2838909178396,3237600,0,0.0,186614.0300235748,0.0,186614.0300235748,86.6140300235748,0.0
2019-05-31,22.96969413757324,23.189398157116653,22.961424844303803,23.06064554929133,3840000,0,0.0,186614.0300235748,0.0,186614.0300235748,86.6140300235748,0.0
2019-06-03,22.551549911499023,23.116165363426845,22.40626230251852,23.0086753508429,6700800,0,0.0,186614.0300235748,0.0,186614.0300235748,86.6140300235748,0.0
2019-06-04,23.30043029785156,23.31342361441646,22.739358377559284,22.84212435489052,3470400,0,0.0,186614.0300235748,0.0,186614.0300235748,86.6140300235748,0.0
2019-06-05,23.60163688659668,23.655973063758715,23.316966289412004,23.59454995096125,6544800,0,0.0,186614.0300235748,0.0,186614.0300235748,86.6140300235748,0.0
2019-06-06,23.86268615722656,23.91938345037,23.54848542846912,23.647706142063747,4420000,0,0.0,186614.0300235748,0.0,186614.0300235748,86.6140300235748,0.0
2019-06-07,24.279651641845703,24.419032866280343,23.95482050088842,23.9831682469432,3231200,0,0.0,186614.0300235748,0.0,186614.0300235748,86.6140300235748,0.0
2019-06-10,24.5454216003418,24.7993797613252,24.47218572040228,24.47927445900888,6394400,0,0.0,186614.0300235748,0.0,186614.0300235748,86.6140300235748,0.0
2019-06-11,24.51588630676269,24.841897921033816,24.38831607447208,24.81355018210748,9744000,0,0.0,186614.0300235748,0.0,186614.0300235748,86.6140300235748,0.0
2019-06-12,24.40958404541016,24.481637573626504,24.33989343025611,24.434390126627896,3164000,0,0.0,186614.0300235748,0.0,186614.0300235748,86.6140300235748,0.0
2019-06-13,24.480449676513672,24.553683738110745,24.40248979020929,24.496986458241206,8293600,0,0.0,186614.0300235748,0.0,186614.0300235748,86.6140300235748,0.0
2019-06-14,24.260746002197266,24.339886444512,24.17687973511428,24.297363033467988,1984000,0,0.0,186614.0300235748,0.0,186614.0300235748,86.6140300235748,0.0
2019-06-17,24.309186935424805,24.415494610575216,24.26075712240912,24.28320029441028,2195200,0,0.0,186614.0300235748,0.0,186614.0300235748,86.6140300235748,0.0
2019-06-18,24.716691970825195,24.8643424604956,24.491081590039027,24.552504698406675,3219200,0,0.0,186614.0300235748,0.0,186614.0300235748,86.6140300235748,0.0
2019-06-19,24.835994720458984,24.893874365465933,24.62810346476701,24.78638436861343,3016000,0,0.0,186614.0300235748,0.0,186614.0300235748,86.6140300235748,0.0
2019-06-20,25.178544998168945,25.282489724973875,24.978921232983552,25.2068927407638,3736800,0,0.0,186614.0300235748,0.0,186614.0300235748,86.6140300235748,0.0
2019-06-21,25.045616149902344,25.25531742176449,25.02902972097334,25.13802651219037,3852800,0,0.0,186614.0300235748,0.0,186614.0300235748,86.6140300235748,0.0
2019-06-24,25.0242919921875,25.13802699049753,25.0242919921875,25.093007715568024,2290400,0,0.0,186614.0300235748,0.0,186614.0300235748,86.6140300235748,0.0
2019-06-25,24.58593940734864,25.036144895276408,24.55868884809429,25.02311256930689,3762400,0,0.0,186614.0300235748,0.0,186614.0300235748,86.6140300235748,0.0
2019-06-26,24.82169914245605,25.01362989141532,24.813406831654632,24.813406831654632,2231200,0,0.0,186614.0300235748,0.0,186614.0300235748,86.6140300235748,0.0
2019-06-27,24.93661880493164,24.99467220878657,24.871457189948583,24.92358648193503,3140800,0,0.0,186614.0300235748,0.0,186614.0300235748,86.6140300235748,0.0
2019-06-28,24.98519897460937,25.04325239004296,24.861985738981847,25.021925944619923,5058400,1,7468.0,24.5640811920166,186589.46594238278,186614.0300235748,86.6140300235748,0.0
2019-07-01,25.351282119750977,25.550321076490384,25.23873122186959,25.515962311249474,7149600,0,7468.0,24.5640811920166,189323.3748703003,189347.9389514923,89.34793895149231,1.4650071742045023
2019-07-02,25.42591857910156,25.42591857910156,25.270716625935822,25.32403001177204,2842400,0,7468.0,24.5640811920166,189880.75994873044,189905.32402992246,89.90532402992247,0.29437081888328276
2019-07-03,25.60837173461914,25.60837173461914,25.42710512069311,25.475680306852404,1916000,0,7468.0,24.5640811920166,191243.32011413574,191267.88419532776,91.26788419532777,0.7174944527572169
2019-07-05,25.569286346435547,25.6024592160562,25.311009795490985,25.42830074665488,2205600,0,7468.0,24.5640811920166,190951.43043518066,190975.99451637268,90.97599451637268,-0.15260778367631733
2019-07-08,25.379714965820312,25.41170372240496,25.273088187584893,25.39511729450645,2008800,0,7468.0,24.5640811920166,189535.7113647461,189560.2754459381,89.56027544593812,-0.7413073428520378
2019-07-09,25.47568130493164,25.49937594542041,25.222144855352862,25.22925306672097,6789600,0,7468.0,24.5640811920166,190252.3879852295,190276.9520664215,90.2769520664215,0.37807321117118153
2019-07-10,25.67116355895996,25.82873553465136,25.60718785082987,25.608371950093066,4880800,0,7468.0,24.5640811920166,191712.249458313,191736.813539505,91.73681353950501,0.7672297970034103
2019-07-11,25.75646209716797,25.84531833964824,25.667605854687697,25.737507472688687,3052800,0,7468.0,24.5640811920166,192349.2589416504,192373.8230228424,92.3738230228424,0.332231182722853
2019-07-12,25.962615966796875,25.96498597339104,25.79082754831969,25.81926039630825,2436000,0,7468.0,24.5640811920166,193888.81604003906,193913.38012123108,93.91338012123107,0.8002944861192907
2019-07-15,26.026582717895508,26.064495579201925,25.960237018394004,26.015920403572352,2244800,0,7468.0,24.5640811920166,194366.51973724365,194391.08381843567,94.39108381843566,0.24634901258795416
2019-07-16,25.806224822998047,26.006446050232185,25.75290962789544,26.006446050232185,13224000,0,7468.0,24.5640811920166,192720.8869781494,192745.45105934143,92.74545105934142,-0.8465577364810017
2019-07-17,25.74343490600586,25.904560996790032,25.74343490600586,25.81807474305437,1744000,0,7468.0,24.5640811920166,192251.97187805176,192276.53595924377,92.27653595924377,-0.24328205803066938
2019-07-18,25.92588996887207,25.962616937420584,25.65221295003852,25.70908045592701,2784000,0,7468.0,24.5640811920166,193614.54628753662,193639.11036872864,93.63911036872862,0.7086535040207398
2019-07-19,25.78490447998047,26.17113241234474,25.7718721548628,26.143883662657046,2955200,0,7468.0,24.5640811920166,192561.66665649414,192586.23073768616,92.58623073768615,-0.5437329416756675
2019-07-22,26.06450080871582,26.132032428547973,25.887972402435977,25.887972402435977,2832800,0,7468.0,24.5640811920166,194649.69203948975,194674.25612068176,94.67425612068176,1.0842028399421944
2019-07-23,26.21259880065918,26.217337006146725,26.005267510710464,26.217337006146725,2532000,0,7468.0,24.5640811920166,195755.68784332275,195780.25192451477,95.78025192451479,0.568126379867806
2019-07-24,26.457839965820312,26.46376227006192,26.166390647283222,26.181792976995823,2662400,0,7468.0,24.5640811920166,197587.1488647461,197611.7129459381,97.61171294593811,0.9354677008636569
2019-07-25,26.270647048950195,26.40689257530796,26.21496365454328,26.40689257530796,3080000,0,7468.0,24.5640811920166,196189.19216156006,196213.75624275208,96.21375624275208,-0.7074260337839755
2019-07-26,26.453102111816406,26.48982907848036,26.36424584751898,26.36898586064129,2030400,0,7468.0,24.5640811920166,197551.76657104492,197576.33065223694,97.57633065223695,0.6944336806840035
2019-07-29,26.411630630493164,26.49930278046004,26.178236545880235,26.45309760321189,4230400,0,7468.0,24.5640811920166,197242.05754852295,197266.62162971497,97.26662162971496,-0.15675411194223665
2019-07-30,26.251697540283203,26.352400231786856,26.16876538028446,26.21141646368174,1840800,0,7468.0,24.5640811920166,196047.67723083496,196072.24131202698,96.07224131202699,-0.6054649832904491
2019-07-31,25.869016647338867,26.41518646277221,25.596523789213435,26.363057174183087,5316800,0,7468.0,24.5640811920166,193189.81632232666,193214.38040351868,93.21438040351867,-1.4575550773453627
2019-08-01,25.738698959350582,26.44362499046617,25.611929815956493,25.91522739588144,7044800,0,7468.0,24.5640811920166,192216.60382843015,192241.16790962216,92.24116790962216,-0.5036956834496564
2019-08-02,25.25886917114257,25.590599526562425,25.05035382580282,25.532546126833825,5492800,0,7468.0,24.5640811920166,188633.23497009272,188657.79905128473,88.65779905128473,-1.8639966128493723
2019-08-05,24.22102928161621,24.59659481456371,24.005403913947315,24.59304070918763,8776000,0,7468.0,24.5640811920166,180882.64667510986,180907.21075630188,80.90721075630188,-4.108278763962437
2019-08-06,24.575267791748047,24.67478816327332,24.30751494898445,24.520770305417177,5561600,0,7468.0,24.5640811920166,183528.0998687744,183552.66394996643,83.55266394996643,1.4623260082364586
2019-08-07,24.74350547790528,24.79089475671565,24.185487409819704,24.319364743747443,3699200,0,7468.0,24.5640811920166,184784.49890899664,184809.06299018866,84.80906299018866,0.6844896789755639
2019-08-08,25.356019973754883,25.365498190676966,24.89396638967473,24.941357474285148,8771200,0,7468.0,24.5640811920166,189358.75716400146,189383.32124519348,89.38332124519349,2.475126587946419
2019-08-09,25.066944122314453,25.273091301122456,24.89160160467373,25.22214610415326,2869600,0,7468.0,24.5640811920166,187199.93870544434,187224.50278663635,87.22450278663636,-1.1399200543970367
2019-08-12,24.734025955200195,24.959127729347,24.62147506812679,24.904630242369777,3288800,0,7468.0,24.5640811920166,184713.70583343506,184738.26991462708,84.73826991462707,-1.3279420348321747
2019-08-13,25.32877349853516,25.41762976272184,24.66176037133449,24.717443774847634,3389600,0,7468.0,24.5640811920166,189155.28048706058,189179.8445682526,89.17984456825259,2.4042525978391405
2019-08-14,24.55038833618164,24.94017026998235,24.47101030734639,24.853684030771543,18065600,0,7468.0,24.5640811920166,183342.3000946045,183366.8641757965,83.36686417579651,-3.072727121497798
2019-08-15,24.501813888549805,24.61555068131906,24.294482643391728,24.56697549858505,5145600,0,7468.0,24.5640811920166,182979.54611968994,183004.11020088196,83.00411020088197,-0.19782962235028734
2019-08-16,24.94254493713379,25.010076563891293,24.67716025088182,24.739953672431824,2837600,0,7468.0,24.5640811920166,186270.92559051514,186295.48967170715,86.29548967170714,1.7985276217087565
2019-08-19,25.31099510192871,25.40814545498124,25.187781915977816,25.334689736790256,5266400,0,7468.0,24.5640811920166,189022.5114212036,189047.07550239563,89.04707550239563,1.4770007773872385
2019-08-20,25.19845199584961,25.393935053429903,25.16290912871174,25.277830041379165,2715200,0,7468.0,24.5640811920166,188182.03950500488,188206.6035861969,88.20660358619689,-0.4445834001743587
2019-08-21,25.489898681640625,25.56098441355256,25.371423666977577,25.44250939888951,2976000,-1,0.0,190383.1274356842,0.0,190383.1274356842,90.3831274356842,1.1564545600497356
2019-08-22,25.42947769165039,25.60837431732729,25.2174082056862,25.55624682815103,2076000,0,0.0,190383.1274356842,0.0,190383.1274356842,90.3831274356842,0.0
2019-08-23,24.61792182922364,25.53254906207154,24.53025147774936,25.290860834183665,5007200,0,0.0,190383.1274356842,0.0,190383.1274356842,90.3831274356842,0.0
2019-08-26,24.92951393127441,24.96031678621512,24.744693186059443,24.923589818612832,3017600,0,0.0,190383.1274356842,0.0,190383.1274356842,90.3831274356842,0.0
2019-08-27,24.867908477783203,25.138031405947626,24.731662914184536,25.09656622944545,2899200,0,0.0,190383.1274356842,0.0,190383.1274356842,90.3831274356842,0.0
2019-08-28,24.87974548339844,24.924766553716644,24.543276978348427,24.734021766032537,2405600,0,0.0,190383.1274356842,0.0,190383.1274356842,90.3831274356842,0.0
2019-08-29,25.318113327026367,25.39512318052114,25.151063102325363,25.216224729810023,3327200,0,0.0,190383.1274356842,0.0,190383.1274356842,90.3831274356842,0.0
2019-08-30,25.3015193939209,25.49818831755355,25.11196048845763,25.470939575151537,2540000,0,0.0,190383.1274356842,0.0,190383.1274356842,90.3831274356842,0.0
2019-09-03,24.98993682861328,25.19252992224568,24.897526451247057,25.11196777081275,3684000,0,0.0,190383.1274356842,0.0,190383.1274356842,90.3831274356842,0.0
2019-09-04,25.42236328125,25.42236328125,25.242280792323665,25.26123722437588,2007200,0,0.0,190383.1274356842,0.0,190383.1274356842,90.3831274356842,0.0
2019-09-05,25.93655014038086,26.037254626530405,25.73277296938045,25.741067088190885,3510400,0,0.0,190383.1274356842,0.0,190383.1274356842,90.3831274356842,0.0
2019-09-06,25.899822235107425,26.00763492901953,25.85124704671381,25.99460260549405,2199200,0,0.0,190383.1274356842,0.0,190383.1274356842,90.3831274356842,0.0
2019-09-09,25.70078468322754,26.02540688203948,25.54676860667768,26.00408224662253,5603200,0,0.0,190383.1274356842,0.0,190383.1274356842,90.3831274356842,0.0
2019-09-10,25.57283401489257,25.57283401489257,25.270722349680028,25.55743168366589,3516800,0,0.0,190383.1274356842,0.0,190383.1274356842,90.3831274356842,0.0
2019-09-11,25.835840225219727,25.851240743605608,25.583487934748785,25.6368013151594,2323200,0,0.0,190383.1274356842,0.0,190383.1274356842,90.3831274356842,0.0
2019-09-12,25.956689834594727,26.18297754041884,25.86901948307088,26.005265023176168,13385600,0,0.0,190383.1274356842,0.0,190383.1274356842,90.3831274356842,0.0
2019-09-13,25.77305030822754,25.94602460099289,25.75290977547147,25.931808179702728,2279200,0,0.0,190383.1274356842,0.0,190383.1274356842,90.3831274356842,0.0
2019-09-16,25.74817657470703,25.80030587328145,25.526628863551103,25.575202248326946,2328000,0,0.0,190383.1274356842,0.0,190383.1274356842,90.3831274356842,0.0
2019-09-17,25.840585708618164,25.857172138480347,25.710262468425803,25.76002175801236,1571200,0,0.0,190383.1274356842,0.0,190383.1274356842,90.3831274356842,0.0
2019-09-18,25.85479736328125,25.86190557365609,25.501742388312728,25.819254503622084,2222400,0,0.0,190383.1274356842,0.0,190383.1274356842,90.3831274356842,0.0
2019-09-19,25.912851333618164,26.13084489292713,25.87138436180196,25.927067754682017,3739200,0,0.0,190383.1274356842,0.0,190383.1274356842,90.3831274356842,0.0
2019-09-20,25.63798713684082,25.998152119136872,25.53728447991765,25.99222800807436,2912000,0,0.0,190383.1274356842,0.0,190383.1274356842,90.3831274356842,0.0
2019-09-23,25.69485855102539,25.771866577829066,25.555057111126608,25.620218722613963,2369600,1,7409.0,9.920431137084961,190373.20700454712,190383.1274356842,90.3831274356842,0.0
2019-09-24,25.404598236083984,25.946029957267136,25.309819664203552,25.844141365488827,4344800,0,7409.0,9.920431137084961,188222.66833114624,188232.58876228333,88.23258876228333,-1.1295846971141832
2019-09-25,25.707895278930664,25.782533312347912,25.143953025907265,25.37853486746245,2808000,0,7409.0,9.920431137084961,190469.7961215973,190479.71655273438,90.47971655273437,1.193803796264481
2019-09-26,25.732152938842773,25.81302590741892,25.546619126452708,25.709555546222944,2096800,0,7409.0,9.920431137084961,190649.5211238861,190659.4415550232,90.6594415550232,0.09435387953187213
2019-09-27,25.35870361328125,25.77020768096481,25.167222851338813,25.760694709538512,4148800,0,7409.0,9.920431137084961,187882.63507080078,187892.55550193787,87.89255550193786,-1.4512190062650587
2019-09-30,25.63581657409668,25.689335660437266,25.415791445545427,25.457418409788087,2855200,0,7409.0,9.920431137084961,189935.7649974823,189945.68542861938,89.94568542861938,1.092714887610513
2019-10-01,25.405088424682617,25.91649686737805,25.378923214956803,25.74999082232652,4178400,0,7409.0,9.920431137084961,188226.3001384735,188236.2205696106,88.2362205696106,-0.8999756194257968
2019-10-02,24.929363250732425,25.24929096320752,24.739071121340764,25.235017873908987,4812800,0,7409.0,9.920431137084961,184701.65232467654,184711.57275581363,84.71157275581362,-1.8724599352511584
2019-10-03,25.251665115356445,25.254042450802075,24.60943066685909,24.918654862220027,4036000,0,7409.0,9.920431137084961,187089.5868396759,187099.507270813,87.09950727081299,1.2927909601831988
2019-10-04,25.67863273620605,25.703607463459228,25.407467666040123,25.40865633384646,3183200,0,7409.0,9.920431137084961,190252.98994255063,190262.91037368772,90.26291037368772,1.6907597187286738
2019-10-07,25.59775924682617,25.79637566609804,25.568026217328704,25.590623610108395,2777600,0,7409.0,9.920431137084961,189653.79825973508,189663.71869087216,89.66371869087217,-0.31492826512466987
2019-10-08,25.10061836242676,25.45384682060654,25.08753575972529,25.418166830078945,3850400,0,7409.0,9.920431137084961,185970.48144721988,185980.40187835696,85.98040187835696,-1.9420249892487584
2019-10-09,25.458608627319336,25.551375533226032,25.31470178228257,25.3515704481224,2898400,0,7409.0,9.920431137084961,188622.83131980896,188632.75175094604,88.63275175094604,1.426144822680775
2019-10-10,25.612037658691406,25.72145501221416,25.44434290192656,25.446722052913707,2614400,0,7409.0,9.920431137084961,189759.58701324463,189769.5074443817,89.76950744438173,0.6026290147834734
2019-10-11,25.98666763305664,26.21620574838736,25.91293030104534,25.91293030104534,6261600,0,7409.0,9.920431137084961,192535.22049331665,192545.14092445374,92.54514092445373,1.4626340751216382
2019-10-14,25.98547744750977,26.077053865865555,25.95693308770797,25.95931223804812,2265600,0,7409.0,9.920431137084961,192526.40240859988,192536.32283973697,92.53632283973697,-0.004579749286026669
2019-10-15,26.25545883178711,26.320871872383726,26.039003278529755,26.06041019285567,3079200,0,7409.0,9.920431137084961,194526.6944847107,194536.61491584778,94.53661491584778,1.0389167335328242
2019-10-16,26.02591896057129,26.098467634510275,25.92482592131259,26.098467634510275,2817600,0,7409.0,9.920431137084961,192826.03357887268,192835.95401000977,92.83595401000977,-0.8742112154946691
2019-10-17,26.00093650817871,26.184092968213864,25.86535397953707,26.13770951933014,2613600,0,7409.0,9.920431137084961,192640.93858909607,192650.85902023315,92.65085902023316,-0.09598572565311381
2019-10-18,25.72620964050293,25.980724334923057,25.54781143932732,25.949802633366343,2541600,0,7409.0,9.920431137084961,190605.4872264862,190615.4076576233,90.61540765762328,-1.0565493312418073
2019-10-21,25.98428726196289,26.0033168353816,25.795185639859504,25.872490786577995,1923200,0,7409.0,9.920431137084961,192517.58432388306,192527.50475502014,92.52750475502015,1.0031178071561175
2019-10-22,25.63224983215332,26.125817381558715,25.62392371305123,26.04375393216976,2826400,0,7409.0,9.920431137084961,189909.33900642395,189919.25943756104,89.91925943756102,-1.3547390648302127
2019-10-23,25.65842056274414,25.692910084884268,25.51094405568192,25.57041012574178,1973600,0,7409.0,9.920431137084961,190103.23794937134,190113.15838050842,90.11315838050842,0.10209546073505216
2019-10-24,26.050893783569336,26.06754420970741,25.8510886699124,25.927205162937945,2045600,0,7409.0,9.920431137084961,193011.0720424652,193020.9924736023,93.02099247360229,1.529528054693552
2019-10-25,26.3648738861084,26.380335643836546,26.04613664663182,26.04613664663182,2195200,0,7409.0,9.920431137084961,195337.35062217712,195347.2710533142,95.34727105331422,1.2051946008049041
2019-10-28,26.66695976257324,26.697881460078094,26.537324188915072,26.548027644040587,6900000,0,7409.0,9.920431137084961,197575.50488090512,197585.4253120422,97.58542531204222,1.1457310085059458
2019-10-29,26.45050430297852,26.69907382747672,26.45050430297852,26.6610146757747,2366400,0,7409.0,9.920431137084961,195971.78638076785,195981.70681190494,95.98170681190494,-0.8116582979764586
2019-10-30,26.62889862060547,26.65268649433976,26.367248342368,26.52661693373192,2786400,0,7409.0,9.920431137084961,197293.50988006592,197303.430311203,97.30343031120302,0.6744116687209978
2019-10-31,26.59798049926757,26.689558744121644,26.437421403787347,26.685990925534103,2745600,0,7409.0,9.920431137084961,197064.43751907343,197074.3579502105,97.07435795021051,-0.11610156023703633
2019-11-01,26.94407081604004,26.94407081604004,26.656255317649368,26.70977440604977,4552000,0,7409.0,9.920431137084961,199628.62067604065,199638.54110717773,99.63854110717773,1.3011247042169938
2019-11-04,27.066574096679688,27.17004446803765,27.024947125685426,27.158152344010908,2964800,0,7409.0,9.920431137084961,200536.2474822998,200546.1679134369,100.54616791343688,0.4546350625613371
2019-11-05,27.040407180786133,27.14387754562996,26.95001942188028,27.14387754562996,3814400,0,7409.0,9.920431137084961,200342.37680244446,200352.29723358154,100.35229723358152,-0.09667134599102845
2019-11-06,27.01304817199707,27.041590714253104,26.88222213745756,27.041590714253104,2830400,0,7409.0,9.920431137084961,200139.6739063263,200149.59433746338,100.14959433746338,-0.10117323280892654
2019-11-07,27.23188591003418,27.38173971828198,27.16052591671998,27.206909367946203,3541600,0,7409.0,9.920431137084961,201761.04270744324,201770.96313858032,101.77096313858031,0.8100784847873355
2019-11-08,27.378173828125,27.378173828125,27.052300978782824,27.14863570620909,2726400,0,7409.0,9.920431137084961,202844.88989257812,202854.8103237152,102.8548103237152,0.5371670771034065
2019-11-11,27.41266822814941,27.441210778872343,27.18907523543126,27.22237608778158,2585600,0,7409.0,9.920431137084961,203100.45890235898,203110.37933349606,103.11037933349607,0.12598617177133065
2019-11-12,27.49948501586914,27.59225192457267,27.375794594424345,27.436451137256743,3093600,0,7409.0,9.920431137084961,203743.68448257446,203753.60491371155,103.75360491371156,0.31668769578701017
2019-11-13,27.561328887939453,27.57916797922364,27.38055156563286,27.381740233465123,2385600,0,7409.0,9.920431137084961,204201.8857307434,204211.8061618805,104.2118061618805,0.22488006941667749
2019-11-14,27.52802848815918,27.53992061095511,27.39006679745384,27.46261546112129,3605600,0,7409.0,9.920431137084961,203955.16306877136,203965.08349990845,103.96508349990845,-0.120817041193233
2019-11-15,27.757568359375,27.75875702730183,27.633879748857773,27.708805752972168,2561600,0,7409.0,9.920431137084961,205655.82397460938,205665.74440574646,105.66574440574645,0.8338000194228146
2019-11-18,27.822978973388672,27.872930243378736,27.639822501998395,27.74448334279284,2736000,0,7409.0,9.920431137084961,206140.45121383667,206150.37164497375,106.15037164497375,0.23563828805208686
2019-11-19,27.91455841064453,27.98948441147474,27.789679322914026,27.926450533672128,4792800,0,7409.0,9.920431137084961,206818.96326446533,206828.88369560242,106.82888369560244,0.3291345270030277
2019-11-20,27.76827049255371,27.943100851761457,27.55062449813672,27.83844182161894,6476800,0,7409.0,9.920431137084961,205735.11607933044,205745.03651046753,105.74503651046751,-0.5240308634697377
2019-11-21,27.61722946166992,27.74448589136182,27.56133121790725,27.743297223429067,2904000,0,7409.0,9.920431137084961,204616.05308151242,204625.9735126495,104.62597351264952,-0.5439076523049424
2019-11-22,27.61009407043457,27.75043493166187,27.495920238522523,27.70999844180804,2763200,0,7409.0,9.920431137084961,204563.18696784973,204573.10739898682,104.57310739898679,-0.025835485473901798
2019-11-25,28.0156478881836,28.020406188908108,27.68620543127099,27.72664372838936,16280000,0,7409.0,9.920431137084961,207567.9352035523,207577.8556346894,107.5778556346894,1.468789458158004
2019-11-26,28.03111267089844,28.10604048994212,27.99186485210224,28.02754485234971,3693600,0,7409.0,9.920431137084961,207682.51377868655,207692.43420982364,107.69243420982365,0.05519787974681556
2019-11-27,28.20475196838379,28.20475196838379,28.050141661800293,28.1262581471873,2572000,0,7409.0,9.920431137084961,208969.0073337555,208978.92776489258,108.97892776489257,0.6194224454845854
2019-11-29,28.08582305908203,28.17145434178219,28.077498753276377,28.12507088154964,1516000,0,7409.0,9.920431137084961,208087.86304473877,208097.78347587585,108.09778347587584,-0.42164265002260226
2019-12-02,27.686208724975582,28.126259041583964,27.560140962178245,28.117932921705545,4124800,0,7409.0,9.920431137084961,205127.1204433441,205137.04087448117,105.13704087448117,-1.4227650828092187
2019-12-03,27.466182708740234,27.474507013048413,27.11771067090268,27.23426544929752,4631200,0,7409.0,9.920431137084961,203496.9476890564,203506.86812019348,103.50686812019347,-0.7946749876757586
2019-12-04,27.55895233154297,27.65171924447264,27.52208366291197,27.630312332916663,4181600,0,7409.0,9.920431137084961,204184.27782440186,204194.19825553894,104.19419825553895,0.3377429674459531
2019-12-05,27.63506507873535,27.68263719670491,27.52088945494444,27.654094651827165,2832000,0,7409.0,9.920431137084961,204748.19716835022,204758.1175994873,104.75811759948729,0.2761681520660364
2019-12-06,27.93834114074707,27.957370713034724,27.828923822232923,27.853898547945555,3120800,0,7409.0,9.920431137084961,206995.16951179504,207005.08994293213,107.00508994293214,1.0973788828436026
2019-12-09,27.794437408447266,27.96688862773112,27.780166134088944,27.895530441179293,2440000,0,7409.0,9.920431137084961,205928.9867591858,205938.90719032288,105.93890719032287,-0.5150514670451689
2019-12-10,27.78254127502441,27.921691624215853,27.736157825293937,27.824166424148714,5842400,0,7409.0,9.920431137084961,205840.84830665585,205850.76873779294,105.85076873779293,-0.042798349147532555
2019-12-11,27.9656982421875,27.9787808477992,27.787300064624485,27.85390176055306,2736800,0,7409.0,9.920431137084961,207197.8582763672,207207.77870750427,107.20777870750426,0.6592202584581264
2019-12-12,28.23805427551269,28.27730209551775,27.81584667298732,27.906234436939407,4911200,0,7409.0,9.920431137084961,209215.74412727353,209225.66455841062,109.22566455841061,0.9738465725047885
2019-12-13,28.421205520629883,28.48423939163936,28.16907003659199,28.263025601852927,4323200,0,7409.0,9.920431137084961,210572.7117023468,210582.6321334839,110.58263213348387,0.6485665025546705
2019-12-16,28.67654037475586,28.782679036978934,28.62168135148981,28.622873266447822,4234400,0,7409.0,9.920431137084961,212464.48763656616,212474.40806770325,112.47440806770324,0.8983532568916708
2019-12-17,28.621681213378903,28.73974630348239,28.57040157466933,28.733783089286103,3982400,0,7409.0,9.920431137084961,212058.0361099243,212067.95654106137,112.06795654106139,-0.19129434473461604
2019-12-18,28.631223678588867,28.73259104702652,28.60856455513881,28.665807411416395,3248000,0,7409.0,9.920431137084961,212128.73623466492,212138.656665802,112.13865666580199,0.033338428819607024
2019-12-19,28.81964874267578,28.82441822227913,28.64553271181437,28.65984479005946,4196800,0,7409.0,9.920431137084961,213524.77753448486,213534.69796562195,113.53469796562194,0.6580796361029373
2019-12-20,28.98064613342285,29.020001166159616,28.916248146946625,28.992572562634336,4156000,0,7409.0,9.920431137084961,214717.6072025299,214727.527633667,114.72752763366701,0.5586116352093162
2019-12-23,29.07843589782715,29.136872485677507,29.021193044652144,29.08916859160043,3445600,0,7409.0,9.920431137084961,215442.13156700134,215452.05199813843,115.45205199813844,0.3374156878979573
2019-12-24,29.080820083618164,29.1273302406787,29.011650805476297,29.11063433352152,1876800,0,7409.0,9.920431137084961,215459.79599952698,215469.71643066406,115.46971643066408,0.008198776647438955
2019-12-26,29.305021286010746,29.305021286010746,29.13687030366936,29.13687030366936,2412000,0,7409.0,9.920431137084961,217120.90270805362,217130.8231391907,117.13082313919072,0.7709235135421766
2019-12-27,29.294294357299805,29.42666972245701,29.20962107231623,29.421900242326736,2796000,0,7409.0,9.920431137084961,217041.42689323425,217051.34732437134,117.05134732437132,-0.03660273270755798
2019-12-30,29.12017250061035,29.293096601123395,28.8721195495082,29.277592609285502,4056000,0,7409.0,9.920431137084961,215751.3580570221,215761.27848815918,115.76127848815916,-0.5943611279612182
2019-12-31,29.20007705688477,29.22392809284245,28.97945087991205,29.01642025860407,2994400,0,7409.0,9.920431137084961,216343.37091445926,216353.29134559634,116.35329134559633,0.2743832728399731
2020-01-02,29.735536575317383,29.73792222456805,29.413543075730967,29.46243887692504,11320800,0,7409.0,9.920431137084961,220310.5904865265,220320.51091766357,120.32051091766358,1.8336765516222764
2020-01-03,29.42308616638184,29.62224513111702,29.32529455630492,29.3288721206036,13059200,0,7409.0,9.920431137084961,217995.64540672305,218005.56583786014,118.00556583786013,-1.0507170077635464
2020-01-06,29.52087783813477,29.53161235143228,29.07962728924155,29.14998848455629,4199200,0,7409.0,9.920431137084961,218720.1839027405,218730.1043338776,118.73010433387759,0.3323486229504402
2020-01-07,29.51729965209961,29.642519867049344,29.458864886249174,29.560232245233305,3097600,0,7409.0,9.920431137084961,218693.673122406,218703.5935535431,118.70359355354307,-0.012120316229558004
2020-01-08,29.82856178283692,29.95259008822028,29.50179875074853,29.538768131484005,4972000,0,7409.0,9.920431137084961,220999.81424903875,221009.73468017584,121.00973468017582,1.0544596406314444
2020-01-09,30.16367149353028,30.17440600628668,29.94304714006381,30.08973273741601,4615200,0,7409.0,9.920431137084961,223482.64209556585,223492.56252670294,123.49256252670293,1.1234020302861358
2020-01-10,30.09808921813965,30.323484927590886,30.042038269571336,30.28651554017728,4835200,0,7409.0,9.920431137084961,222996.74301719666,223006.66344833374,123.00666344833373,-0.21741174421011644
2020-01-13,30.50116920471192,30.51428754730269,30.218530701285825,30.23641852312897,4740800,0,7409.0,9.920431137084961,225983.16263771063,225993.0830688477,125.99308306884774,1.339161608148931
2020-01-14,30.338977813720703,30.55244884687196,30.305586001783738,30.519057034934992,7724800,0,7409.0,9.920431137084961,224781.4866218567,224791.40705299377,124.79140705299376,-0.5317313253732858
2020-01-15,30.3640251159668,30.52860035975701,30.26981288579485,30.37356589441872,5982400,0,7409.0,9.920431137084961,224967.06208419803,224976.9825153351,124.97698251533511,0.08255451788581336
2020-01-16,30.780229568481445,30.785000867079955,30.53217299344178,30.57271993294289,4518400,0,7409.0,9.920431137084961,228050.72087287903,228060.6413040161,128.06064130401614,1.3706552351286927
2020-01-17,30.96269416809082,30.97938825487073,30.74802939361076,30.914992098017915,4333600,0,7409.0,9.920431137084961,229402.6010913849,229412.52152252197,129.41252152252196,0.5927722603847885
2020-01-21,30.917383193969727,31.10104002832011,30.856560947657307,30.87325867779621,5878400,0,7409.0,9.920431137084961,229066.8920841217,229076.8125152588,129.07681251525878,-0.14633421272527425
2020-01-22,31.04498672485352,31.260841628808613,31.01517247138529,31.134429485258178,6104000,0,7409.0,9.920431137084961,230012.30664443973,230022.2270755768,130.02222707557684,0.4127063537934683
2020-01-23,31.198820114135746,31.198820114135746,30.93645691384962,31.062869034960165,3712800,0,7409.0,9.920431137084961,231152.05822563174,231161.97865676883,131.1619786567688,0.49549628124307965
2020-01-24,31.037830352783203,31.48265666748485,30.91737960897376,31.423028162935235,6326400,0,7409.0,9.920431137084961,229959.28508377075,229969.20551490784,129.96920551490786,-0.5159901938856626
2020-01-27,30.2972412109375,30.52382878302805,29.985980368179685,30.298433125839114,8578400,0,7409.0,9.920431137084961,224472.26013183594,224482.18056297302,124.48218056297304,-2.3859824795451234
2020-01-28,30.87325668334961,30.943617885599195,30.49163277886054,30.54649362625672,4979200,0,7409.0,9.920431137084961,228739.95876693726,228749.87919807434,128.74987919807435,1.9011302475762104
2020-01-29,30.90426254272461,31.17020333911181,30.81362605278008,31.10461344103197,5184000,0,7409.0,9.920431137084961,228969.68117904663,228979.60161018372,128.97960161018372,0.10042515122399287
2020-01-30,31.15111541748047,31.16900323699026,30.69436277530382,30.873248249270297,4530400,0,7409.0,9.920431137084961,230798.6141281128,230808.53455924988,130.8085345592499,0.7987318242345998
2020-01-31,30.312742233276367,31.006818820334328,30.204219750390376,31.00324125604783,7536800,0,7409.0,9.920431137084961,224587.1072063446,224597.0276374817,124.5970276374817,-2.6911946447862656
2020-02-03,30.693174362182617,30.75519033314741,30.31751552961131,30.34494413085404,7798400,0,7409.0,9.920431137084961,227405.728849411,227415.6492805481,127.4156492805481,1.2549683638805265
2020-02-04,31.49577522277832,31.54705486060816,31.13800421374888,31.21313670795465,6640800,0,7409.0,9.920431137084961,233352.19862556458,233362.11905670166,133.3621190567017,2.6148023651695995
2020-02-05,31.644847869873047,32.03481697668902,31.41826028206466,32.00261889465525,6062400,0,7409.0,9.920431137084961,234456.6778678894,234466.5982990265,134.4665982990265,0.473289858178072
2020-02-06,31.898860931396484,31.898860931396484,31.61980001208852,31.77363890848702,4151200,0,7409.0,9.920431137084961,236338.66064071655,236348.58107185364,136.34858107185366,0.8026656191032266
2020-02-07,31.60071563720703,31.85234611622018,31.531544551234745,31.73547296648704,4628800,0,7409.0,9.920431137084961,234129.7021560669,234139.62258720398,134.13962258720397,-0.9346188898752494
2020-02-10,31.994258880615234,32.00141400746251,31.418249332806607,31.43255958650116,4400800,0,7409.0,9.920431137084961,237045.46404647827,237055.38447761536,137.05538447761535,1.2453090417558155
2020-02-11,31.935834884643555,32.300761034463925,31.84162083018659,32.27690817731899,4290400,0,7409.0,9.920431137084961,236612.6006603241,236622.52109146118,136.6225210914612,-0.1826001071893124
2020-02-12,32.275718688964844,32.28525764834117,31.97280486681641,32.14334151636083,4111200,0,7409.0,9.920431137084961,239130.79976654053,239140.7201976776,139.14072019767764,1.0642263021291454
2020-02-13,32.21012496948242,32.37350648871865,31.99784764005867,32.05151474962513,4100000,0,7409.0,9.920431137084961,238644.81589889526,238654.73633003235,138.65473633003234,-0.20322087649629061
2020-02-14,32.340110778808594,32.40928187345338,32.18269067317008,32.28644731513726,3859200,0,7409.0,9.920431137084961,239607.88076019287,239617.80119132996,139.61780119132996,0.40353896851466065
2020-02-18,32.222049713134766,32.274523085253584,32.04674177433663,32.11233166976772,5774400,0,7409.0,9.920431137084961,238733.16632461548,238743.08675575256,138.74308675575256,-0.36504568159314577
2020-02-19,32.58220291137695,32.64421887863653,32.4045111516656,32.4045111516656,5274400,0,7409.0,9.920431137084961,241401.54137039185,241411.46180152893,141.41146180152893,1.117676361664155
2020-02-20,32.28048324584961,32.6179825872346,31.82253681167087,32.54404383101166,6850400,0,7409.0,9.920431137084961,239166.10036849976,239176.02079963684,139.17602079963683,-0.9259879316458886
2020-02-21,31.56494903564453,32.139768779299146,31.35744297326586,32.106376957313664,9121600,0,7409.0,9.920431137084961,233864.70740509033,233874.62783622742,133.8746278362274,-2.216523607042753
2020-02-24,30.273387908935547,30.678860950658905,29.694990774398704,30.07422713251108,15647200,0,7409.0,9.920431137084961,224295.53101730347,224305.45144844055,124.30545144844056,-4.091583801252597
2020-02-25,29.31098937988281,30.63474299137557,29.18934671349,30.5297962345098,14342400,0,7409.0,9.920431137084961,217165.12031555173,217175.0407466888,117.17504074668881,-3.1788842650535165
2020-02-26,29.37895965576172,30.0396425671236,29.160719149845374,29.375382091707124,14311200,0,7409.0,9.920431137084961,217668.71208953857,217678.63252067566,117.67863252067565,0.23188289605260426
2020-02-27,27.858436584472656,29.068894435114547,27.858436584472656,28.409403355148623,20147200,0,7409.0,9.920431137084961,206403.1566543579,206413.077085495,106.41307708549502,-5.175315236377475
2020-02-28,28.10290908813477,28.303261778461223,26.688521107779696,26.75769038064733,28288000,0,7409.0,9.920431137084961,208214.4534339905,208224.3738651276,108.22437386512757,0.8775106719049353
2020-03-02,29.578123092651367,29.578123092651367,28.023010717734955,28.54774263516732,17408000,0,7409.0,9.920431137084961,219144.31399345398,219154.23442459106,119.15423442459105,5.249078365121185
2020-03-03,28.49884605407715,29.957358686209822,28.201895462534274,29.7665485738992,16729600,0,7409.0,9.920431137084961,211147.9504146576,211157.87084579468,111.15787084579468,-3.648737885348896
2020-03-04,29.661598205566406,29.683063589945487,28.706350386635528,29.149984707924915,7608800,0,7409.0,9.920431137084961,219762.7811050415,219772.7015361786,119.7727015361786,4.079805624046662
2020-03-05,28.73378562927246,29.438595028187294,28.553706371100592,28.892397678383563,7584800,0,7409.0,9.920431137084961,212888.61772727966,212898.53815841675,112.89853815841676,-3.1278513344525805
2020-03-06,28.124378204345703,28.290145359647205,27.368289269788765,27.78568876497992,13494400,0,7409.0,9.920431137084961,208373.5181159973,208383.4385471344,108.38343854713442,-2.120775299980071
2020-03-09,25.95628929138184,27.084461484579023,25.69392421520412,25.94078711641906,20152800,-1,0.0,192320.06779098514,0.0,192320.06779098514,92.32006779098514,-7.708564014561015
2020-03-10,27.59775924682617,27.59775924682617,26.049784062789385,27.01831506705279,24196800,0,0.0,192320.06779098514,0.0,192320.06779098514,92.32006779098514,0.0
2020-03-11,26.27007293701172,27.001559821378905,25.87739276546948,26.85191031006628,12639200,0,0.0,192320.06779098514,0.0,192320.06779098514,92.32006779098514,0.0
2020-03-12,23.68533134460449,25.629578808534102,23.67575355491697,24.33900133325957,27701600,0,0.0,192320.06779098514,0.0,192320.06779098514,92.32006779098514,0.0
2020-03-13,26.29401588439941,26.325142322229475,23.85532643175795,25.215341137648192,16578400,0,0.0,192320.06779098514,0.0,192320.06779098514,92.32006779098514,0.0
2020-03-16,22.7479190826416,24.731673604546742,22.74672254435757,23.138206122802487,15118400,0,0.0,192320.06779098514,0.0,192320.06779098514,92.32006779098514,0.0
2020-03-17,24.11870574951172,24.489835326194065,22.45699750760836,23.23876616567368,12671200,0,0.0,192320.06779098514,0.0,192320.06779098514,92.32006779098514,0.0
2020-03-18,23.30820846557617,23.704480036528924,21.9098826326897,22.66052501201041,30476000,0,0.0,192320.06779098514,0.0,192320.06779098514,92.32006779098514,0.0
2020-03-19,23.345319747924805,24.13067995587853,22.40073226811827,22.934682436390684,10612800,0,0.0,192320.06779098514,0.0,192320.06779098514,92.32006779098514,0.0
2020-03-20,22.4055233001709,24.17378237397717,22.36242416938616,23.94392095205063,12592000,0,0.0,192320.06779098514,0.0,192320.06779098514,92.32006779098514,0.0
2020-03-23,22.20678901672364,22.78623143590677,21.48368161770406,22.38517004961957,13808000,0,0.0,192320.06779098514,0.0,192320.06779098514,92.32006779098514,0.0
2020-03-24,24.51498413085937,24.53653278299779,23.46623921749439,23.60870584033013,12481600,0,0.0,192320.06779098514,0.0,192320.06779098514,92.32006779098514,0.0
2020-03-25,24.526948928833008,25.63435500585239,24.03011341958326,24.767586445516404,14562400,0,0.0,192320.06779098514,0.0,192320.06779098514,92.32006779098514,0.0
2020-03-26,26.042604446411133,26.091689920845987,24.813083642698853,24.813083642698853,13282400,0,0.0,192320.06779098514,0.0,192320.06779098514,92.32006779098514,0.0
2020-03-27,24.89089775085449,25.68463730601794,24.81786873564224,25.25364792387292,11522400,0,0.0,192320.06779098514,0.0,192320.06779098514,92.32006779098514,0.0
2020-03-30,25.87619400024414,25.919293128864336,25.108790933845498,25.11717218261036,12260800,0,0.0,192320.06779098514,0.0,192320.06779098514,92.32006779098514,0.0
2020-03-31,25.36858367919922,26.24852351048939,25.2309068635605,25.85225190849892,11804000,0,0.0,192320.06779098514,0.0,192320.06779098514,92.32006779098514,0.0
2020-04-01,24.168994903564453,24.9974543667738,23.97025991704259,24.52575882178084,9640000,0,0.0,192320.06779098514,0.0,192320.06779098514,92.32006779098514,0.0
2020-04-02,24.641881942749023,24.70054519595036,23.94511309411903,24.044480567039248,6090400,0,0.0,192320.06779098514,0.0,192320.06779098514,92.32006779098514,0.0
2020-04-03,24.24441337585449,24.79272931416001,23.94391786429692,24.5485021557256,4012800,0,0.0,192320.06779098514,0.0,192320.06779098514,92.32006779098514,0.0
2020-04-06,26.3095760345459,26.490353781791345,25.161465622598733,25.330270680318648,9448800,0,0.0,192320.06779098514,0.0,192320.06779098514,92.32006779098514,0.0
2020-04-07,26.10964775085449,27.317618105357017,26.082112753692392,27.317618105357017,13883200,0,0.0,192320.06779098514,0.0,192320.06779098514,92.32006779098514,0.0
2020-04-08,26.85909080505371,26.97162568540425,26.223378246292835,26.423311569586264,8487200,0,0.0,192320.06779098514,0.0,192320.06779098514,92.32006779098514,0.0
2020-04-09,26.922542572021484,27.361913257708547,26.723807609852926,27.25296799000188,13693600,0,0.0,192320.06779098514,0.0,192320.06779098514,92.32006779098514,0.0
2020-04-13,26.98360252380371,26.989588869592183,26.41253947897705,26.85071368511515,8109600,0,0.0,192320.06779098514,0.0,192320.06779098514,92.32006779098514,0.0
2020-04-14,28.07902908325196,28.13410089303669,27.47683975070476,27.59895423203559,12955200,0,0.0,192320.06779098514,0.0,192320.06779098514,92.32006779098514,0.0
2020-04-15,27.470855712890625,27.664800848503468,27.24697885541228,27.521137717428186,7295200,0,0.0,192320.06779098514,0.0,192320.06779098514,92.32006779098514,0.0
2020-04-16,27.75578498840332,27.839588323008417,27.324795627530385,27.79768756909371,10008800,0,0.0,192320.06779098514,0.0,192320.06779098514,92.32006779098514,0.0
2020-04-17,28.202342987060547,28.29332921231701,27.780929544256548,28.258609510322827,8070400,0,0.0,192320.06779098514,0.0,192320.06779098514,92.32006779098514,0.0
2020-04-20,27.734241485595703,28.17002073313114,27.72825514056184,27.83360896747459,10504000,0,0.0,192320.06779098514,0.0,192320.06779098514,92.32006779098514,0.0
2020-04-21,26.59450912475586,27.41578556902116,26.440071660484705,27.35353087195232,8400000,0,0.0,192320.06779098514,0.0,192320.06779098514,92.32006779098514,0.0
2020-04-22,27.602548599243164,27.7438186664984,27.13444456016689,27.24458819141212,5391200,0,0.0,192320.06779098514,0.0,192320.06779098514,92.32006779098514,0.0
2020-04-23,27.46128273010254,27.986851706725865,27.42656302273173,27.670792032372503,4806400,0,0.0,192320.06779098514,0.0,192320.06779098514,92.32006779098514,0.0
2020-04-24,28.0012149810791,28.02515853385136,27.38106837843053,27.56423920596347,6852800,0,0.0,192320.06779098514,0.0,192320.06779098514,92.32006779098514,0.0
2020-04-27,28.319669723510746,28.374739712584468,28.13410399140373,28.2729791559152,7088000,0,0.0,192320.06779098514,0.0,192320.06779098514,92.32006779098514,0.0
2020-04-28,27.960508346557617,28.69199505531757,27.92698701021312,28.67283948404191,6744800,0,0.0,192320.06779098514,0.0,192320.06779098514,92.32006779098514,0.0
2020-04-29,29.154115676879883,29.23552412292679,28.46333311666275,28.54833483111856,7587200,1,6596.0,19.520786285429494,192300.5470046997,192320.06779098514,92.32006779098514,0.0
2020-04-30,28.972139358520508,29.222352850917883,28.772207872243,29.222352850917883,6699200,0,6596.0,19.520786285429494,191100.23120880127,191119.7519950867,91.1197519950867,-0.624124049916075
2020-05-01,28.14008903503418,28.651292178395,28.021565987337496,28.322063317124552,7437600,0,6596.0,19.520786285429494,185612.02727508545,185631.54806137088,85.63154806137088,-2.871604779948078
2020-05-04,28.4860782623291,28.5100218139026,27.84318467736245,27.934170904052102,4998400,0,6596.0,19.520786285429494,187894.17221832275,187913.69300460818,87.91369300460818,1.2293949854271569
2020-05-05,28.926647186279297,29.267848753621248,28.78657548308578,28.81051903609069,7199200,0,6596.0,19.520786285429494,190800.16484069824,190819.68562698367,90.81968562698368,1.5464507008035033
2020-05-06,29.13495635986328,29.41629809679468,28.99129323268001,29.170872598353043,5696000,0,6596.0,19.520786285429494,192174.1721496582,192193.69293594363,92.19369293594364,0.7200553257622921
2020-05-07,29.65933418273925,29.823349449181585,29.53242987301278,29.573135925117104,6497600,0,6596.0,19.520786285429494,195632.9682693481,195652.48905563352,95.65248905563351,1.79964080342776
2020-05-08,30.09869956970215,30.13461580848868,29.755103138334427,29.971797109195403,6192800,0,6596.0,19.520786285429494,198531.02236175537,198550.5431480408,98.55054314804079,1.4812252613782162
2020-05-11,30.305816650390625,30.487790936951736,29.85208021240101,29.90475529700664,11072000,0,6596.0,19.520786285429494,199897.16662597656,199916.687412262,99.91668741226198,0.6880586890173346
2020-05-12,29.6545467376709,30.517725920995524,29.6545467376709,30.4530763092417,28762400,0,6596.0,19.520786285429494,195601.39028167725,195620.91106796268,95.62091106796267,-2.1487832756255654
2020-05-13,29.127775192260746,29.901162682960496,28.751855771059343,29.706021002982084,9308000,0,6596.0,19.520786285429494,192126.80516815188,192146.3259544373,92.14632595443733,-1.7761828705103122
2020-05-14,29.47855567932129,29.510880481812865,28.562701498527176,28.88953548486091,6398400,0,6596.0,19.520786285429494,194440.55326080322,194460.07404708865,94.46007404708865,1.204159424416984
2020-05-15,29.652149200439453,29.652149200439453,28.98411545015645,29.064327361724107,5322400,0,6596.0,19.520786285429494,195585.57612609863,195605.09691238406,95.60509691238406,0.5888215721948864
2020-05-18,30.36686897277832,30.53926545025078,30.16334606395278,30.239966517632126,7204000,0,6596.0,19.520786285429494,200299.8677444458,200319.38853073123,100.31938853073123,2.4101067368703655
2020-05-19,30.27469062805176,30.764343314735644,30.27469062805176,30.41356396467212,5676800,0,6596.0,19.520786285429494,199691.85938262942,199711.38016891485,99.71138016891486,-0.30351947770802523
2020-05-20,30.967866897583008,31.027726690543187,30.673354085661607,30.71166523000856,5672000,0,6596.0,19.520786285429494,204264.05005645752,204283.57084274295,104.28357084274293,2.28939916691826
2020-05-21,30.584760665893555,31.0504679233718,30.52011107093111,30.94631247532493,5638400,0,6596.0,19.520786285429494,201737.0813522339,201756.60213851932,101.75660213851931,-1.2369906663560748
2020-05-22,30.73441696166992,30.75596561359109,30.409976030239285,30.536880345287763,4168800,0,6596.0,19.520786285429494,202724.21427917478,202743.7350654602,102.74373506546021,0.48926920679559505
2020-05-26,30.75596809387207,31.35456616363818,30.702096459724725,31.35456616363818,6104800,0,6596.0,19.520786285429494,202866.36554718018,202885.8863334656,102.88588633346562,0.07011376601082642
2020-05-27,30.927160263061523,30.93075170464104,30.038842945910325,30.738004917287235,6693600,0,6596.0,19.520786285429494,203995.5490951538,204015.06988143924,104.01506988143923,0.5565609162766938
2020-05-28,30.864910125732425,31.43237986688388,30.76793754094204,30.83857166729848,5620000,0,6596.0,19.520786285429494,203584.94718933108,203604.4679756165,103.60446797561652,-0.2012605765159159
2020-05-29,31.25041007995605,31.33062382731725,30.71287019283429,30.940336724237657,5908000,0,6596.0,19.520786285429494,206127.7048873901,206147.22567367554,106.14722567367552,1.2488712665988944
2020-06-01,31.350975036621094,31.42400590171433,31.018154652626468,31.124706863821583,8140800,0,6596.0,19.520786285429494,206791.03134155273,206810.55212783816,106.81055212783815,0.32177316575321413
2020-06-02,31.63111114501953,31.63111114501953,31.08638848409644,31.41082754276165,4565600,0,6596.0,19.520786285429494,208638.80911254883,208658.32989883426,108.65832989883427,0.893463970761954
2020-06-03,31.92562866210937,32.00703711662925,31.641890129371376,31.758018292324174,5732800,0,6596.0,19.520786285429494,210581.4466552734,210600.96744155884,110.60096744155885,0.931013654555013
2020-06-04,31.611949920654297,31.978291500095818,31.41561173238654,31.810684838513293,5651200,0,6596.0,19.520786285429494,208512.42167663574,208531.94246292117,108.5319424629212,-0.9824384967328403
2020-06-05,32.37576675415039,32.46436173217559,31.74005604499008,31.85139438307989,5710400,0,6596.0,19.520786285429494,213550.55751037598,213570.0782966614,113.57007829666142,2.416001967965209
2020-06-08,32.574493408203125,32.584073018628864,32.07286817851828,32.34822534821964,11107200,0,6596.0,19.520786285429494,214861.3585205078,214880.87930679324,114.88087930679325,0.613756861722492
2020-06-09,32.64752960205078,32.824712234984766,32.36259642864976,32.39851083977111,5110400,0,6596.0,19.520786285429494,215343.10525512695,215362.62604141238,115.36262604141237,0.22419246243465807
2020-06-10,33.13359069824219,33.37542292411409,32.815136190776336,32.90013606590905,5129600,0,6596.0,19.520786285429494,218549.16424560547,218568.6850318909,118.56868503189091,1.488679372744106
2020-06-11,31.24561882019043,32.58408679280077,31.21449420702677,32.43922343889313,10707200,0,6596.0,19.520786285429494,206096.10173797607,206115.6225242615,106.11562252426152,-5.697551095122522
2020-06-12,31.62992286682129,32.250069578462124,31.086394806807192,32.153096985286936,8929600,0,6596.0,19.520786285429494,208630.97122955322,208650.49201583865,108.65049201583865,1.2298288992037776
2020-06-15,32.02379608154297,32.138729533292725,30.96068540094843,31.02773174124533,5960000,0,6596.0,19.520786285429494,211228.95895385742,211248.47974014285,111.24847974014287,1.2451385564463457
2020-06-16,32.69781875610352,32.96598950891716,32.204574555655924,32.83190413251034,8829600,0,6596.0,19.520786285429494,215674.81251525885,215694.33330154428,115.69433330154428,2.1045612100358158
2020-06-17,32.67267227172852,32.98992844020929,32.636754204217326,32.945632778475414,4323200,0,6596.0,19.520786285429494,215508.94630432135,215528.46709060678,115.52846709060675,-0.0768987336842164
2020-06-18,32.851051330566406,32.88696939594218,32.56492344022936,32.637950628789106,5334400,0,6596.0,19.520786285429494,216685.53457641602,216705.05536270145,116.70505536270146,0.54590852335068
2020-06-19,32.633174896240234,33.284449970902834,32.49190661073886,33.24853554358999,5104800,0,6596.0,19.520786285429494,215248.4216156006,215267.94240188602,115.267942401886,-0.6631654062754233
2020-06-22,33.23745346069336,33.26625632115317,32.64096980785718,32.69017713622412,4426400,0,6596.0,19.520786285429494,219234.2430267334,219253.76381301883,119.25376381301885,1.851562925097161
2020-06-23,33.45587921142578,33.84953410857564,33.416271622429065,33.5038851915423,5562400,0,6596.0,19.520786285429494,220674.97927856445,220694.50006484988,120.69450006484988,0.6571090168649096
2020-06-24,32.69977569580078,33.512291760804644,32.51015076687252,33.32986388411102,7292800,0,6596.0,19.520786285429494,215687.72048950195,215707.24127578738,115.7072412757874,-2.2598020284134934
2020-06-25,33.13424301147461,33.16064685914247,32.382940187148805,32.7297869024073,5039200,0,6596.0,19.520786285429494,218553.46690368652,218572.98768997195,118.57298768997194,1.3285351002753965
2020-06-26,32.52215576171875,33.12703783344168,32.39373689887437,33.06463041218775,7037600,0,6596.0,19.520786285429494,214516.13940429688,214535.6601905823,114.5356601905823,-1.8471301243849325
2020-06-29,32.853389739990234,32.853389739990234,32.09968456419092,32.558149508698015,6948800,0,6596.0,19.520786285429494,216700.9587249756,216720.47951126102,116.72047951126103,1.0183944798444422
2020-06-30,33.449886322021484,33.54590197400302,32.82820008375932,32.837799817646165,5987200,0,6596.0,19.520786285429494,220635.4501800537,220654.97096633914,120.65497096633915,1.8154682307601977
2020-07-01,33.52909469604492,33.71152258627608,33.30826421126923,33.44268244873076,7564800,0,6596.0,19.520786285429494,221157.9086151123,221177.42940139773,121.17742940139773,0.23677619079711665
2020-07-02,33.71272277832031,34.00076240331103,33.63351124048892,33.839940309879736,6564800,0,6596.0,19.520786285429494,222369.11944580078,222388.6402320862,122.38864023208622,0.5476195441671106
2020-07-06,34.24558639526367,34.46761816319952,34.09916578216308,34.13997104645389,6245600,0,6596.0,19.520786285429494,225883.88786315918,225903.4086494446,125.9034086494446,1.580462209621114
2020-07-07,33.93114471435547,34.57923460388264,33.887936768322184,34.1987834564501,6304000,0,6596.0,19.520786285429494,223809.83053588867,223829.3513221741,123.82935132217412,-0.9181168799843209
2020-07-08,34.52042770385742,34.52042770385742,34.03795789458579,34.16517905352732,4528000,0,6596.0,19.520786285429494,227696.74113464355,227716.26192092898,127.71626192092897,1.7365508928094853
2020-07-09,34.65966033935547,34.81208039041736,34.13398605343437,34.804879673839494,4821600,0,6596.0,19.520786285429494,228615.11959838867,228634.6403846741,128.6346403846741,0.4032994639899812
2020-07-10,34.59244537353516,34.636851005814684,34.23839433015567,34.585244658172115,4669600,0,6596.0,19.520786285429494,228171.76968383795,228191.29047012338,128.19129047012336,-0.19391196093679897
2020-07-13,33.802730560302734,35.097712841471925,33.72472037381298,34.886482104102235,11260000,0,6596.0,19.520786285429494,222962.81077575684,222982.33156204227,122.98233156204228,-2.2827159166984523
2020-07-14,34.20718765258789,34.24679524839165,33.141441525402506,33.52909345252199,8337600,0,6596.0,19.520786285429494,225630.60975646973,225650.13054275516,125.65013054275514,1.1964172058047673
2020-07-15,34.42081451416016,34.66925015287197,33.976754580899666,34.53843228897885,6807200,0,6596.0,19.520786285429494,227039.69253540045,227059.21332168588,127.05921332168586,0.6244546703968012
2020-07-16,33.986351013183594,34.14477404242717,33.72231629373244,34.06196217089628,4161600,0,6596.0,19.520786285429494,224173.97128295898,224193.4920692444,124.19349206924441,-1.2621030481513418
2020-07-17,34.187984466552734,34.28760046330121,33.868742996275856,34.17478437638869,3877600,0,6596.0,19.520786285429494,225503.94554138184,225523.46632766727,125.52346632766725,0.5932260772369302
2020-07-20,35.08570861816406,35.16972183781488,34.12917463711825,34.28279598474291,5258400,0,6596.0,19.520786285429494,231425.33404541016,231444.8548316956,131.44485483169558,2.625619675171631
2020-07-21,34.74726104736328,35.397753685523774,34.63924666476844,35.397753685523774,6194400,0,6596.0,19.520786285429494,229192.9338684082,229212.45465469363,129.21245465469363,-0.9645494943602562
2020-07-22,35.00890350341797,35.15772316966332,34.75566614016069,34.80127311210613,4807200,0,6596.0,19.520786285429494,230918.72750854492,230938.24829483035,130.93824829483034,0.7529231527739766
2020-07-23,34.14838409423828,35.09651619657081,33.98516298452423,34.87688703751859,8460000,0,6596.0,19.520786285429494,225242.7414855957,225262.26227188113,125.26226227188113,-2.4577938322728143
2020-07-24,33.707916259765625,33.951553876773545,33.17144468672919,33.623906698410984,10396800,0,6596.0,19.520786285429494,222337.41564941406,222356.9364356995,122.35693643569947,-1.289752578563308
2020-07-27,34.27920150756836,34.32000678443144,33.87354409402854,33.92515410715821,5584800,0,6596.0,19.520786285429494,226105.6131439209,226125.13393020633,126.12513393020635,1.6946615450408986
2020-07-28,33.86994171142578,34.2888028539064,33.85193992309504,34.213191680295026,3546400,0,6596.0,19.520786285429494,223406.13552856445,223425.65631484988,123.42565631484987,-1.1937981278054788
2020-07-29,34.44961929321289,34.52042875746756,34.01995714808718,34.01995714808718,3221600,0,6596.0,19.520786285429494,227229.68885803223,227249.20964431766,127.24920964431767,1.7113313629835147
2020-07-30,34.622440338134766,34.6512431919026,33.93354156367663,34.127968151852095,3513600,0,6596.0,19.520786285429494,228369.6164703369,228389.13725662234,128.38913725662232,0.5016200558360051
2020-07-31,35.437355041503906,35.44455575564561,34.58043709504694,35.17931968443531,6256800,0,6596.0,19.520786285429494,233744.79385375977,233764.3146400452,133.7643146400452,2.3535170927955207
2020-08-03,36.26667404174805,36.393891550763655,35.85621865609297,35.942630894539604,7621600,0,6596.0,19.520786285429494,239214.98197937012,239234.50276565555,139.23450276565555,2.340044131215424
2020-08-04,36.385498046875,36.39389644001607,36.0566494955576,36.237876051432025,7245600,0,6596.0,19.520786285429494,239998.7451171875,240018.26590347293,140.01826590347295,0.3276129190216137
2020-08-05,36.54510498046875,36.62911818110444,36.379481258577314,36.51749980594651,4141600,0,6596.0,19.520786285429494,241051.51245117188,241071.0332374573,141.0710332374573,0.43861967339091645
2020-08-06,36.98557662963867,37.02158020241135,36.41309418420019,36.554713120601846,4428000,0,6596.0,19.520786285429494,243956.86344909668,243976.3842353821,143.9763842353821,1.2051846125631371
2020-08-07,36.38788986206055,36.861957634697696,36.089049235138646,36.861957634697696,8192000,0,6596.0,19.520786285429494,240014.52153015137,240034.0423164368,140.0340423164368,-1.6158702947010828
2020-08-10,36.272682189941406,36.5283149213526,35.79141360469275,36.47670857153408,5455200,0,6596.0,19.520786285429494,239254.61172485352,239274.13251113895,139.27413251113893,-0.3165841802955871
2020-08-11,35.63058853149414,36.342287283685074,35.586182901063175,36.15986306437832,5032800,0,6596.0,19.520786285429494,235019.36195373535,235038.88274002078,135.03888274002077,-1.7700408007626955
2020-08-12,36.411895751953125,36.48630557588854,35.88502028469794,35.93062725101235,8547200,0,6596.0,19.520786285429494,240172.8643798828,240192.38516616824,140.19238516616826,2.1926169687624952
2020-08-13,36.500709533691406,36.7851487602717,36.35188987550946,36.45510256421706,6112800,0,6596.0,19.520786285429494,240758.68008422852,240778.20087051395,140.77820087051393,0.24389436989871172
2020-08-14,36.41069412231445,36.56191644886502,36.237869652720015,36.51390680304965,3305600,0,6596.0,19.520786285429494,240164.93843078613,240184.45921707156,140.18445921707158,-0.24659277762512088
2020-08-17,36.72274398803711,36.78515140924123,36.61352825396319,36.62072896938588,3268800,0,6596.0,19.520786285429494,242223.21934509277,242242.7401313782,142.2427401313782,0.8569584064747726
2020-08-18,36.83195877075195,36.93997316192469,36.53671479555838,36.81155430249984,3289600,0,6596.0,19.520786285429494,242943.60005187988,242963.1208381653,142.96312083816528,0.29737968881808907
2020-08-19,36.77433776855469,37.09238146644057,36.72513045490124,36.90635694389063,3474400,0,6596.0,19.520786285429494,242563.53192138672,242583.05270767215,142.58305270767212,-0.1564303788912591
2020-08-20,37.248416900634766,37.31682736413207,36.583526383421,36.66993863662219,3662400,0,6596.0,19.520786285429494,245690.5578765869,245710.07866287234,145.71007866287235,1.2890537571758731
2020-08-21,37.63607406616211,37.69008310009907,37.272423248821866,37.2976257554352,5163200,0,6596.0,19.520786285429494,248247.54454040527,248267.0653266907,148.2670653266907,1.0406519251197288
2020-08-24,37.94210433959961,38.21574243528466,37.63605937115658,38.1905362758904,4545600,0,6596.0,19.520786285429494,250266.12022399902,250285.64101028445,150.28564101028445,0.813066236126625
2020-08-25,38.12333297729492,38.150938157804006,37.78848510444334,37.88930243211923,4108800,0,6596.0,19.520786285429494,251461.5043182373,251481.02510452273,151.48102510452276,0.47760794003726126
2020-08-26,38.911842346191406,39.02225940041876,38.45938038334349,38.51098672208577,5106400,0,6596.0,19.520786285429494,256662.51211547852,256682.03290176395,156.68203290176393,2.068151183605016
2020-08-27,38.887840270996094,39.19988466790169,38.56019676747381,39.085870911181686,5460000,0,6596.0,19.520786285429494,256504.19442749023,256523.71521377566,156.5237152137757,-0.06167852350182912
2020-08-28,39.263484954833984,39.37870002668618,39.03305481112959,39.061857663437365,5982400,0,6596.0,19.520786285429494,258981.94676208496,259001.4675483704,159.0014675483704,0.9658960118092308
2020-08-31,39.38351440429688,39.64395248651014,39.186688745781424,39.40031851530134,5144000,0,6596.0,19.520786285429494,259773.66101074225,259793.18179702768,159.79318179702767,0.30567944504384936
2020-09-01,40.32084655761719,40.36045415607958,39.636752936569465,39.81917716965771,6870400,0,6596.0,19.520786285429494,265956.30389404297,265975.82468032837,165.97582468032837,2.3798326193683828
2020-09-02,40.60888671875,40.89452731710794,39.879186113910094,40.89452731710794,9088800,0,6596.0,19.520786285429494,267856.216796875,267875.7375831604,167.8757375831604,0.7143178915284931
2020-09-03,38.20734405517578,39.93678635829775,37.91570414804495,39.93678635829775,17240800,0,6596.0,19.520786285429494,252015.64138793945,252035.16217422488,152.0351621742249,-5.913404308972892
2020-09-04,37.600059509277344,38.506184768836135,35.98223193275898,37.98411102279627,18643200,0,6596.0,19.520786285429494,248009.99252319336,248029.5133094788,148.0295133094788,-1.5893214384019583
2020-09-08,35.96183395385742,37.0851893889396,35.91022394878503,36.276277368482,16860000,0,6596.0,19.520786285429494,237204.25675964355,237223.77754592898,137.22377754592898,-4.356633055223124
2020-09-09,37.09718322753906,37.46563557942381,36.41068717721189,36.79593997183004,9693600,0,6596.0,19.520786285429494,244693.02056884766,244712.5413551331,144.71254135513308,3.156835240832545
2020-09-10,36.31468200683594,37.70687762987963,36.117856357912224,37.62526708429228,9372000,0,6596.0,19.520786285429494,239531.64251708984,239551.16330337527,139.5511633033753,-2.1091595972874466
2020-09-11,36.02320098876953,36.7437841022692,35.58291031531768,36.693257378246905,9997600,0,6596.0,19.520786285429494,237609.03372192383,237628.55450820926,137.62855450820925,-0.8025879601891828
2020-09-14,36.78950119018555,36.963930926018136,36.468304212143146,36.61627193682339,5763200,0,6596.0,19.520786285429494,242663.54985046387,242683.0706367493,142.68307063674928,2.127065974457798
2020-09-15,37.19129943847656,37.41385128911652,36.92544210574049,37.37415092599449,6196800,0,6596.0,19.520786285429494,245313.8110961914,245333.33188247684,145.33333188247687,1.0920668008583378
2020-09-16,36.634315490722656,37.38136434328874,36.615067388201126,37.333245922585,5390400,0,6596.0,19.520786285429494,241639.94497680664,241659.46576309207,141.65946576309207,-1.4974997857790773
2020-09-17,36.30589294433594,36.52243129663498,35.74049520093153,35.79462703560676,7145600,0,6596.0,19.520786285429494,239473.66986083984,239493.19064712527,139.4931906471253,-0.8964164135372488
2020-09-18,35.772979736328125,36.40815239140784,35.326675632606566,36.400934812354656,8876000,0,6596.0,19.520786285429494,235958.5743408203,235978.09512710574,135.97809512710572,-1.467722531284299
2020-09-21,36.10260009765625,36.11583477534725,35.02834075879733,35.17149554988832,10963200,0,6596.0,19.520786285429494,238132.75024414062,238152.27103042605,138.15227103042608,0.9213464928383486
2020-09-22,36.70167541503906,36.77145023303422,35.88966482136118,36.52243276988512,6552800,0,6596.0,19.520786285429494,242084.25103759766,242103.7718238831,142.10377182388308,1.659232883381656
2020-09-23,35.60456848144531,36.72333744750835,35.48427058525787,36.68604539338627,5964800,0,6596.0,19.520786285429494,234847.73370361328,234867.2544898987,134.8672544898987,-2.989014702029724
2020-09-24,35.71403503417969,36.15071692392225,35.19795610346575,35.21720420471941,5826400,0,6596.0,19.520786285429494,235569.77508544922,235589.29587173465,135.58929587173463,0.3074253085659562
2020-09-25,36.613861083984375,36.70649280137842,35.54681947317213,35.75734076368593,5176800,0,6596.0,19.520786285429494,241505.02770996094,241524.54849624637,141.52454849624635,2.5193218573661857
2020-09-28,37.2923469543457,37.2923469543457,36.91340932437226,37.19009301071468,5347200,0,6596.0,19.520786285429494,245980.32051086426,245999.8412971497,145.99984129714966,1.85293496200154
2020-09-29,37.19009399414063,37.430689787304985,37.14077141599788,37.27670862652781,4341600,0,6596.0,19.520786285429494,245305.85998535162,245325.38077163705,145.32538077163704,-0.27417112220732287
2020-09-30,37.466773986816406,37.84330324522213,37.13475068279631,37.19971256210453,5853600,0,6596.0,19.520786285429494,247130.84121704102,247150.36200332645,147.15036200332645,0.7439023332804551
2020-10-01,37.93352127075195,38.03577518246672,37.70495607887138,37.96479988805744,5610400,-1,0.0,250229.0270881653,0.0,250229.0270881653,150.2290270881653,1.2456648090191536
2020-10-02,37.06016540527344,37.66887232906823,36.91340185816088,37.046930730652015,8308000,0,0.0,250229.0270881653,0.0,250229.0270881653,150.2290270881653,0.0
2020-10-05,37.90225601196289,37.90225601196289,37.34166741986565,37.34166741986565,5771200,0,0.0,250229.0270881653,0.0,250229.0270881653,150.2290270881653,0.0
2020-10-06,37.380165100097656,38.22345082202872,37.22377563862549,37.82286045916906,5020000,0,0.0,250229.0270881653,0.0,250229.0270881653,150.2290270881653,0.0
2020-10-07,38.0875129699707,38.15728780163844,37.765115507727366,37.765115507727366,4263200,0,0.0,250229.0270881653,0.0,250229.0270881653,150.2290270881653,0.0
2020-10-08,38.25473403930664,38.45803779377764,38.15248008515011,38.4123240021876,9509600,0,0.0,250229.0270881653,0.0,250229.0270881653,150.2290270881653,0.0
2020-10-09,38.90072250366211,38.90072250366211,38.45080963459365,38.46885358125687,3540000,0,0.0,250229.0270881653,0.0,250229.0270881653,150.2290270881653,0.0
2020-10-12,39.88115310668945,40.11453129490448,39.24357579117424,39.49740256375858,5248000,0,0.0,250229.0270881653,0.0,250229.0270881653,150.2290270881653,0.0
2020-10-13,39.687477111816406,40.10370678098744,39.551539909473206,40.021905097326126,7586400,0,0.0,250229.0270881653,0.0,250229.0270881653,150.2290270881653,0.0
2020-10-14,39.46492004394531,39.97378136993076,39.16297120700362,39.80536508145323,8697600,1,6340.0,21.434009552031057,250207.59307861328,250229.0270881653,150.2290270881653,0.0
2020-10-15,39.31576156616211,39.37591051770283,38.631266203932704,38.763594631562405,4654400,0,6340.0,21.434009552031057,249261.92832946777,249283.3623390198,149.28336233901982,-0.3779196842788046
2020-10-16,39.19064712524414,39.66582526732229,39.19064712524414,39.526279272000096,3188000,0,6340.0,21.434009552031057,248468.70277404785,248490.13678359988,148.4901367835999,-0.31820236536329594
2020-10-19,38.59156036376953,39.57439570780544,38.45562683638549,39.43244508340079,4293600,0,6340.0,21.434009552031057,244670.49270629883,244691.92671585086,144.69192671585085,-1.5285154239569443
2020-10-20,38.6408805847168,39.0498926380084,38.45923328431724,38.72749520421854,6565600,0,6340.0,21.434009552031057,244983.1829071045,245004.61691665652,145.00461691665652,0.12778934107162687
2020-10-21,38.50252914428711,38.91514988405882,38.42313212363616,38.60117426126547,2576000,0,6340.0,21.434009552031057,244106.03477478027,244127.4687843323,144.1274687843323,-0.3580128992518583
2020-10-22,38.34976959228516,38.66013656723893,37.861360398948186,38.515781286107206,3617600,0,6340.0,21.434009552031057,243137.53921508795,243158.97322463998,143.15897322463996,-0.39671715948847996
2020-10-23,38.326908111572266,38.47246752910567,38.012928712733846,38.40870979488028,2091200,0,6340.0,21.434009552031057,242992.59742736816,243014.0314369202,143.0140314369202,-0.05960783013583271
2020-10-26,37.4992561340332,38.21021706118142,37.03249976186551,37.93713851794308,4809600,0,6340.0,21.434009552031057,237745.2838897705,237766.71789932254,137.76671789932254,-2.1592636057147674
2020-10-27,37.66767120361328,37.8084213370668,37.49324148216052,37.688123458327006,3296800,0,6340.0,21.434009552031057,238813.0354309082,238834.46944046023,138.83446944046023,0.4490752745259341
2020-10-28,36.163944244384766,36.96873726951772,36.0917647898366,36.95791090201543,6426400,0,6340.0,21.434009552031057,229279.4065093994,229300.84051895145,129.30084051895142,-3.9917307346146957
2020-10-29,36.67642211914063,37.08543422014047,36.26741001814078,36.32875944701053,5878400,0,6340.0,21.434009552031057,232528.51623535162,232549.95024490365,132.54995024490364,1.4169637226792764
2020-10-30,35.847564697265625,36.399731535330666,35.46261367742596,36.21567592264232,6740000,0,6340.0,21.434009552031057,227273.56018066406,227294.9941902161,127.29499419021609,-2.2597106768474706
2020-11-02,35.922149658203125,36.38409676700883,35.53599447549846,36.13507926410578,4953600,0,6340.0,21.434009552031057,227746.4288330078,227767.86284255984,127.76786284255985,0.20804182425064877
2020-11-03,36.57296371459961,36.81957659531557,36.0448578790377,36.18921314636382,7177600,0,6340.0,21.434009552031057,231872.58995056152,231894.02396011355,131.89402396011354,1.8115642242320318
2020-11-04,38.01893615722656,38.2751711827446,37.29233606530863,37.69533462477036,7357600,0,6340.0,21.434009552031057,241040.0552368164,241061.48924636844,141.06148924636847,3.953299498494922
2020-11-05,39.22914123535156,39.30011654732412,38.86824757848761,38.97531078766652,7440000,0,6340.0,21.434009552031057,248712.7554321289,248734.18944168094,148.73418944168094,3.182880940169963
2020-11-06,39.4119873046875,39.50341486002806,38.64448631209604,39.14011294561664,3914400,0,6340.0,21.434009552031057,249871.99951171875,249893.43352127078,149.8934335212708,0.46605739331289087
2020-11-09,39.00057601928711,40.450164073747295,38.93320949697926,40.450164073747295,7241600,0,6340.0,21.434009552031057,247263.65196228027,247285.0859718323,147.2850859718323,-1.043783949295518
2020-11-10,38.194580078125,38.87907536597702,37.84330862396815,38.597578743898026,10052800,0,6340.0,21.434009552031057,242153.6376953125,242175.07170486453,142.1750717048645,-2.066446606306793
2020-11-11,39.12808227539063,39.24356719056675,38.55065035711148,38.62162565243843,5468000,0,6340.0,21.434009552031057,248072.04162597662,248093.47563552865,148.09347563552865,2.4438534854143823
2020-11-12,38.823726654052734,39.350628155985945,38.65891551488836,39.16537210928573,2980000,0,6340.0,21.434009552031057,246142.42698669434,246163.86099624637,146.1638609962464,-0.7777772609050992
2020-11-13,39.12929153442383,39.20267515292674,38.75516687614199,39.10282585300967,2504800,0,6340.0,21.434009552031057,248079.70832824707,248101.1423377991,148.1011423377991,0.7869885261436727
2020-11-16,39.51424407958984,39.57800180799485,39.02463083570997,39.24718264394626,4412000,0,6340.0,21.434009552031057,250520.30746459955,250541.74147415158,150.5417414741516,0.9837113659998842
2020-11-17,39.39995956420898,39.599654481641394,39.16417675196344,39.35063699383111,2993600,0,6340.0,21.434009552031057,249795.7436370849,249817.17764663693,149.8171776466369,-0.2891988469671425
2020-11-18,38.989742279052734,39.52146049881194,38.989742279052734,39.3843228311273,2917600,0,6340.0,21.434009552031057,247194.96604919434,247216.40005874637,147.21640005874636,-1.0410723603519911
2020-11-19,39.41679763793945,39.45168504562027,38.80809075401586,39.00417685514686,2460000,0,6340.0,21.434009552031057,249902.49702453613,249923.93103408816,149.92393103408816,1.0952068611541854
2020-11-20,39.10042190551758,39.5178557185555,39.08598674652839,39.44086330901299,2560800,0,6340.0,21.434009552031057,247896.67488098145,247918.10889053348,147.91810889053346,-0.8025730610331627
2020-11-23,39.12567901611328,39.43965837347757,38.796064019076205,39.22311999948847,3307200,0,6340.0,21.434009552031057,248056.8049621582,248078.23897171023,148.07823897171022,0.06458990910076512
2020-11-24,39.59003448486328,39.65860516004992,38.97170159695584,39.28808562027657,3805600,0,6340.0,21.434009552031057,251000.8186340332,251022.25264358523,151.02225264358523,1.1867278984557528
2020-11-25,39.77529144287109,39.86310654269501,39.57800116425331,39.73799572384471,2536800,0,6340.0,21.434009552031057,252175.34774780268,252196.7817573547,152.19678175735473,0.46789840398617777
2020-11-27,40.07001876831055,40.19152079692061,39.97137362966079,40.003856405499015,1743200,0,6340.0,21.434009552031057,254043.91899108887,254065.3530006409,154.06535300064087,0.7409179571070013
2020-11-30,40.3394889831543,40.359941239348814,39.553943924956265,40.08806683892861,3122400,0,6340.0,21.434009552031057,255752.36015319824,255773.79416275027,155.77379416275025,0.6724416146994594
2020-12-01,40.67391204833984,40.89285505812891,40.39963304494686,40.60654553320471,5749600,0,6340.0,21.434009552031057,257872.60238647455,257894.03639602658,157.89403639602656,0.828952098168112
2020-12-02,40.62459945678711,40.665500299382025,40.196339256439984,40.51993720729977,2906400,0,6340.0,21.434009552031057,257559.96055603027,257581.3945655823,157.58139456558231,-0.12122879412541643
2020-12-03,40.64985656738281,40.93135316254893,40.5692553734541,40.69797498454627,2307200,0,6340.0,21.434009552031057,257720.09063720703,257741.52464675906,157.74152464675905,0.062166788656004
2020-12-04,41.10578536987305,41.10578536987305,40.66429055314592,40.7400788018135,2954400,0,6340.0,21.434009552031057,260610.67924499512,260632.11325454715,160.63211325454714,1.121506754392687
2020-12-07,41.20803451538086,41.329536540679136,41.08051906497264,41.121419900839456,3588800,0,6340.0,21.434009552031057,261258.93882751465,261280.37283706668,161.2803728370667,0.24872590504088077
2020-12-08,41.39449691772461,41.53404288449013,41.056460203935565,41.19600617070108,3334400,0,6340.0,21.434009552031057,262441.110458374,262462.544467926,162.462544467926,0.4524532853436014
2020-12-09,40.54519271850586,41.49193631164085,40.390007447510335,41.40532170355026,7505600,0,6340.0,21.434009552031057,257056.52183532715,257077.95584487918,157.07795584487917,-2.051564589516075
2020-12-10,40.72444152832031,40.88564024839643,40.19272327870808,40.28655915028669,6369600,0,6340.0,21.434009552031057,258192.95928955078,258214.3932991028,158.21439329910282,0.4420594719950932
2020-12-11,40.65225982666016,40.66068155895854,40.18911227584626,40.47903059377808,3390400,0,6340.0,21.434009552031057,257735.32730102545,257756.76131057748,157.75676131057747,-0.1772294652820694
2020-12-14,40.82669448852539,41.16112244305388,40.80143296204084,40.8242861813936,2468800,0,6340.0,21.434009552031057,258841.24305725098,258862.677066803,158.862677066803,0.42905402387989344
2020-12-15,41.50517272949219,41.50517272949219,41.04683810598111,41.23931544587236,3760800,0,6340.0,21.434009552031057,263142.79510498047,263164.22911453247,163.16422911453245,1.6617119534074076
2020-12-16,41.807125091552734,41.90577024132404,41.4378096923457,41.57374689389879,2983200,0,6340.0,21.434009552031057,265057.17308044434,265078.60708999634,165.07860708999632,0.7274461205860616
2020-12-17,42.188018798828125,42.24708084802543,41.98672006201797,42.0988224504888,3898400,0,6340.0,21.434009552031057,267472.0391845703,267493.4731941223,167.49347319412232,0.9109999975615235
2020-12-18,42.0747184753418,42.28565859408023,41.88065533178423,42.28083607567088,3024000,0,6340.0,21.434009552031057,266753.715133667,266775.149143219,166.775149143219,-0.268538907632343
2020-12-21,42.18681335449219,42.20730629698687,41.29122284337922,41.67814622451424,4828800,0,6340.0,21.434009552031057,267464.39666748047,267485.83067703247,167.48583067703245,0.266397202324109
2020-12-22,42.64244079589844,42.799141351521136,42.283242320454285,42.44837768379648,4200000,0,6340.0,21.434009552031057,270353.0746459961,270374.5086555481,170.3745086555481,1.0799368217763616
2020-12-23,42.25431060791016,42.773825604064456,42.2482852197936,42.72681801264722,3109600,0,6340.0,21.434009552031057,267892.32925415045,267913.7632637025,167.9137632637025,-0.9101247762156928
2020-12-24,42.53516387939453,42.63038928876714,42.34109709211633,42.34109709211633,1459200,0,6340.0,21.434009552031057,269672.9389953613,269694.37300491333,169.69437300491333,0.6646204806799005
2020-12-28,42.83409881591797,42.96910357361023,42.607491963567455,42.941378692579015,4860800,0,6340.0,21.434009552031057,271568.1864929199,271589.6205024719,171.58962050247192,0.7027389842961584
2020-12-29,42.55083084106445,43.11494395733785,42.46886276347978,43.06070075525269,4262400,0,6340.0,21.434009552031057,269772.26753234863,269793.70154190063,169.79370154190065,-0.6612620015627346
2020-12-30,42.60747909545898,42.8003356197667,42.53033354293397,42.73645106842673,2836000,0,6340.0,21.434009552031057,270131.4174652099,270152.85147476196,170.15285147476197,0.1331202065907089
2020-12-31,42.64485549926758,42.71717855239262,42.32061014853467,42.63400759307432,3288000,0,6340.0,21.434009552031057,270368.38386535645,270389.81787490845,170.38981787490846,0.08771567608962805
2021-01-04,41.93609619140625,42.85458903394829,41.362337962835305,42.83650919029653,6480800,0,6340.0,21.434009552031057,265874.8498535156,265896.2838630676,165.89628386306762,-1.6618724947400465
2021-01-05,42.28083038330078,42.2989139052753,41.8276130334402,41.83243187269704,3568000,0,6340.0,21.434009552031057,268060.46463012695,268081.89863967896,168.08189863967894,0.8219801889886025
2021-01-06,41.57931137084961,42.356774155344574,41.45154222465037,41.71431245524853,6245600,0,6340.0,21.434009552031057,263612.8340911865,263634.2681007385,163.63426810073852,-1.6590566395974227
2021-01-07,42.76298141479492,42.857000284303496,42.01203700785574,42.01806239649595,4467200,0,6340.0,21.434009552031057,271117.3021697998,271138.7361793518,171.1387361793518,2.846545000646783
2021-01-08,43.07516860961914,43.23307571331718,42.60989682020589,43.03177698674258,4316800,0,6340.0,21.434009552031057,273096.56898498535,273118.00299453735,173.11800299453733,0.7299830496651394
2021-01-11,42.70753860473633,43.02575860499632,42.47972519053069,42.74852081473883,5318400,0,6340.0,21.434009552031057,270765.7947540283,270787.2287635803,170.78722876358032,-0.8533945786809438
2021-01-12,42.64485549926758,42.77985656989923,42.21694624740468,42.71114948550528,14567200,0,6340.0,21.434009552031057,270368.38386535645,270389.81787490845,170.38981787490846,-0.14676131163440242
2021-01-13,42.85820770263672,43.01972711360652,42.612310777972105,42.68101786668044,3872800,0,6340.0,21.434009552031057,271721.0368347168,271742.4708442688,171.74247084426878,0.5002603204482092
2021-01-14,42.59060287475586,43.11132432794196,42.53033429022513,42.97511673834211,3349600,0,6340.0,21.434009552031057,270024.42222595215,270045.85623550415,170.04585623550415,-0.6243465011168459
2021-01-15,42.1422233581543,42.74852544330055,42.04338195235608,42.54120127239644,4156000,0,6340.0,21.434009552031057,267181.69609069824,267203.13010025024,167.20313010025026,-1.0526827461387889
2021-01-19,42.667762756347656,42.74852062677571,42.30373802930202,42.44115221385656,4024800,0,6340.0,21.434009552031057,270513.61587524414,270535.04988479614,170.53504988479614,1.2469613598073526
2021-01-20,43.47536087036133,43.59710463196389,43.00647302711156,43.00647302711156,3961600,0,6340.0,21.434009552031057,275633.7879180908,275655.2219276428,175.65522192764283,1.8926094955263872
2021-01-21,43.979190826416016,44.09370261125916,43.4693209429101,43.73450051430611,3644800,0,6340.0,21.434009552031057,278828.06983947754,278849.50384902954,178.84950384902956,1.1587960855772073
2021-01-22,43.8502311706543,44.01657310338082,43.68388923792778,43.76103113689301,3693600,0,6340.0,21.434009552031057,278010.46562194824,278031.89963150024,178.03189963150024,-0.29320626583289044
2021-01-25,44.145545959472656,44.54090785527711,43.081204029477455,44.37938843768969,6279200,0,6340.0,21.434009552031057,279882.76138305664,279904.19539260864,179.90419539260864,0.673410412110953
2021-01-26,44.00452423095703,44.35167201661022,43.92135325403995,44.30707015481811,6351200,0,6340.0,21.434009552031057,278988.6836242676,279010.1176338196,179.0101176338196,-0.319422778760059
2021-01-27,43.12096786499024,43.8755317586192,42.73886707969122,43.77307442403179,10807200,0,6340.0,21.434009552031057,273386.93626403814,273408.3702735902,173.4083702735902,-2.007721944901386
2021-01-28,43.35000228881836,43.99607994367944,43.22222946695041,43.363259615722406,3753600,0,6340.0,21.434009552031057,274839.0145111084,274860.4485206604,174.8604485206604,0.531102338094902
2021-01-29,42.34470748901367,43.28369309856067,42.09760775526569,43.148692053088446,7924000,0,6340.0,21.434009552031057,268465.4454803467,268486.8794898987,168.48687948989868,-2.3188381831817595
2021-02-01,43.40785217285156,43.58986450644744,42.54842142159844,42.84253245879174,5582400,0,6340.0,21.434009552031057,275205.7827758789,275227.2167854309,175.22721678543093,2.5104903853544913
2021-02-02,44.09973907470703,44.20822549959682,43.80321858698354,43.88759610000816,3616000,0,6340.0,21.434009552031057,279592.3457336426,279613.7797431946,179.61377974319456,1.5937969394878015
2021-02-03,43.93701553344727,44.28054360739452,43.80201445928501,44.25161585678929,3337600,0,6340.0,21.434009552031057,278560.6784820557,278582.1124916078,178.58211249160777,-0.36896151989873616
2021-02-04,44.67470169067383,44.67470169067383,44.05755183366109,44.17567593189198,3020800,0,6340.0,21.434009552031057,283237.60871887207,283259.0427284241,183.25904272842405,1.6788336462044695
2021-02-05,44.683143615722656,44.86635884408982,44.53005901027106,44.86635884408982,2907200,0,6340.0,21.434009552031057,283291.13052368164,283312.56453323364,183.31256453323363,0.018895003066465854
2021-02-08,45.1954231262207,45.20144851462133,44.83983692650436,44.91456939948801,3248800,0,6340.0,21.434009552031057,286538.98262023926,286560.41662979126,186.56041662979126,1.1463847718538478
2021-02-09,45.20987319946289,45.36416061615162,45.065227136972496,45.065227136972496,4436000,0,6340.0,21.434009552031057,286630.5960845947,286652.0300941467,186.65203009414674,0.03197003460315706
2021-02-10,45.12911987304688,45.46903560662652,44.74701906887992,45.41720550158857,3140000,0,6340.0,21.434009552031057,286118.61999511725,286140.0540046693,186.14005400466928,-0.17860542948510139
2021-02-11,45.62091445922852,45.64261026938162,45.21952357888156,45.40515187114267,4443200,0,6340.0,21.434009552031057,289236.59767150885,289258.0316810609,189.2580316810609,1.089668374893349
2021-02-12,45.877662658691406,45.899362150700405,45.3593541618187,45.53172147772949,2377600,0,6340.0,21.434009552031057,290864.3812561035,290885.8152656555,190.88581526565554,0.5627444725162967
2021-02-16,45.700469970703125,46.13319802233554,45.51845764469369,46.06087497581834,3397600,0,6340.0,21.434009552031057,289740.9796142578,289762.4136238098,189.7624136238098,-0.38620021427299145
2021-02-17,45.21109771728516,45.32199357542634,44.719307490646734,45.29185927118736,3560000,0,6340.0,21.434009552031057,286638.35952758795,286659.79353714,186.65979353714,-1.0707462185547079
2021-02-18,45.00376510620117,45.08693606456328,44.41674955841589,44.72532448159872,2912800,0,6340.0,21.434009552031057,285323.87077331543,285345.30478286743,185.34530478286743,-0.45855358299567994
2021-02-19,45.05801010131836,45.36176251878933,44.84586345378114,45.27618213740922,2415200,0,6340.0,21.434009552031057,285667.7840423584,285689.2180519104,185.6892180519104,0.12052529453907557
2021-02-22,43.96112060546875,44.60720190181716,43.92857688615679,44.484251605187474,3908800,0,6340.0,21.434009552031057,278713.5046386719,278734.9386482239,178.7349386482239,-2.434211361250227
2021-02-23,43.71039962768555,43.974376354957215,42.22538063778801,43.15231187713862,9191200,0,6340.0,21.434009552031057,277123.93363952637,277145.36764907837,177.14536764907837,-0.5702804990484589
2021-02-24,44.3118782043457,44.36009234138644,43.00766501385242,43.47294044862761,5368800,0,6340.0,21.434009552031057,280937.30781555176,280958.74182510376,180.95874182510374,1.375947290179469
2021-02-25,42.66655349731445,44.27210990922363,42.5086500571293,43.99005329824015,5407200,0,6340.0,21.434009552031057,270505.94917297363,270527.38318252563,170.52738318252563,-3.7127724073706236
2021-02-26,42.97151184082031,43.59348423483156,42.4893630403623,43.09687155892035,5277600,0,6340.0,21.434009552031057,272439.3850708008,272460.8190803528,172.4608190803528,0.7146913835789581
2021-03-01,44.3890266418457,44.43603423299206,43.50307756213344,43.69473125227477,5344000,0,6340.0,21.434009552031057,281426.42890930176,281447.86291885376,181.44786291885376,3.298472003730768
2021-03-02,43.60433578491211,44.54693765141026,43.57420148236552,44.4999263737558,3537600,0,6340.0,21.434009552031057,276451.4888763428,276472.9228858948,176.47292288589477,-1.7676240215024674
2021-03-03,42.40739440917969,43.571784087893086,42.354357752124194,43.489816004305375,4440000,0,6340.0,21.434009552031057,268862.8805541992,268884.3145637512,168.88431456375122,-2.7447925977458265
2021-03-04,41.3261833190918,42.552044688831,40.7970231997828,42.26998805793079,9154400,0,6340.0,21.434009552031057,262008.002243042,262029.43625259402,162.02943625259402,-2.549378279011494
2021-03-05,41.99516296386719,42.10726168562044,40.45228815698373,41.84449145231592,8107200,0,6340.0,21.434009552031057,266249.33319091797,266270.76720046997,166.27076720046995,1.618646747683461
2021-03-08,40.91153717041016,42.204902830142125,40.8765803475785,41.94212890201634,6212800,0,6340.0,21.434009552031057,259379.14566040045,259400.57966995248,159.40057966995246,-2.5801508752724134
2021-03-09,42.4773063659668,42.74369253432496,41.90716779344698,41.99515759069248,8612800,0,6340.0,21.434009552031057,269306.1223602295,269327.5563697815,169.3275563697815,3.8268907156875143
2021-03-10,42.29649353027344,43.03297757465678,42.26635923683801,43.03297757465678,5149600,0,6340.0,21.434009552031057,268159.7689819336,268181.2029914856,168.18120299148558,-0.4256353838230975
2021-03-11,43.34156799316406,43.57179451902071,42.9329450619122,42.9329450619122,4308000,0,6340.0,21.434009552031057,274785.54107666016,274806.97508621216,174.80697508621213,2.4706325502376503
2021-03-12,43.02575302124024,43.03057186049488,42.511056846805374,42.82083831931722,3212000,0,6340.0,21.434009552031057,272783.27415466314,272804.7081642152,172.8047081642152,-0.7286084792312186
2021-03-15,43.556114196777344,43.56575555340378,42.92088085335624,43.07034946983932,3540000,-1,0.0,276167.19801712036,0.0,276167.19801712036,176.16719801712034,1.2325629845365782
2021-03-16,43.78995513916016,44.24558555309438,43.54044228239778,43.86830357401468,5140000,0,0.0,276167.19801712036,0.0,276167.19801712036,176.16719801712034,0.0
2021-03-17,43.80321502685547,44.03585092558249,43.03057118136798,43.39459585702697,4605600,0,0.0,276167.19801712036,0.0,276167.19801712036,176.16719801712034,0.0
2021-03-18,42.39896011352539,43.2752642335437,42.34351403148866,43.18004249403579,3854400,0,0.0,276167.19801712036,0.0,276167.19801712036,176.16719801712034,0.0
2021-03-19,42.37364196777344,42.67377837367324,42.06747649567512,42.4423453658148,3244000,0,0.0,276167.19801712036,0.0,276167.19801712036,176.16719801712034,0.0
2021-03-22,43.14748764038086,43.36445677006229,42.53274729070432,42.5520336807984,7044800,0,0.0,276167.19801712036,0.0,276167.19801712036,176.16719801712034,0.0
2021-03-23,42.822052001953125,43.42112210518013,42.70151478744873,43.265628068488375,2420000,0,0.0,276167.19801712036,0.0,276167.19801712036,176.16719801712034,0.0
2021-03-24,42.16512298583984,43.083615977778685,42.16512298583984,43.07879713768993,2912800,0,0.0,276167.19801712036,0.0,276167.19801712036,176.16719801712034,0.0
2021-03-25,42.17475891113281,42.30734687650147,41.561221380785504,41.925246046551855,3504000,0,0.0,276167.19801712036,0.0,276167.19801712036,176.16719801712034,0.0
2021-03-26,43.18051910400391,43.22640631636987,42.154107805749305,42.1794651706939,2932800,0,0.0,276167.19801712036,0.0,276167.19801712036,176.16719801712034,0.0
2021-03-29,42.85569381713867,43.1974304978527,42.60935405075643,43.08029869725642,3452000,0,0.0,276167.19801712036,0.0,276167.19801712036,176.16719801712034,0.0
2021-03-30,42.58398818969727,42.65765020307202,42.20602677393014,42.58036570937572,2256800,0,0.0,276167.19801712036,0.0,276167.19801712036,176.16719801712034,0.0
2021-03-31,43.28920364379883,43.58263936513575,42.87018611589229,42.87018611589229,3500000,0,0.0,276167.19801712036,0.0,276167.19801712036,176.16719801712034,0.0
2021-04-01,44.19244766235352,44.20814630967536,43.83380727361877,43.86278712398005,3245600,0,0.0,276167.19801712036,0.0,276167.19801712036,176.16719801712034,0.0
2021-04-05,44.97493362426758,45.05945941025106,44.412218230192856,44.51486010650615,4255200,0,0.0,276167.19801712036,0.0,276167.19801712036,176.16719801712034,0.0
2021-04-06,44.89402389526367,45.16451229011378,44.70685624438578,44.920589982981305,2087200,0,0.0,276167.19801712036,0.0,276167.19801712036,176.16719801712034,0.0
2021-04-07,45.05583953857422,45.13916029245518,44.69116291392557,44.86625442118546,2060800,0,0.0,276167.19801712036,0.0,276167.19801712036,176.16719801712034,0.0
2021-04-08,45.74171447753906,45.74171447753906,45.402395284957606,45.45069993945008,3368800,0,0.0,276167.19801712036,0.0,276167.19801712036,176.16719801712034,0.0
2021-04-09,46.12210464477539,46.14142208914407,45.45795601946061,45.56663414839548,2572800,0,0.0,276167.19801712036,0.0,276167.19801712036,176.16719801712034,0.0
2021-04-12,45.969947814941406,46.11122826091932,45.70790940208336,45.99410014534308,2897600,0,0.0,276167.19801712036,0.0,276167.19801712036,176.16719801712034,0.0
2021-04-13,46.46504211425781,46.490399482139416,46.08828933664646,46.13779535032492,3532800,1,5943.0,25.45273208618164,276141.7452850342,276167.19801712036,176.16719801712034,0.0
2021-04-14,45.96149826049805,46.54836603880992,45.86972381887949,46.490402651714746,3935200,0,5943.0,25.45273208618164,273149.1841621399,273174.6368942261,173.17463689422604,-1.0836048395250653
2021-04-15,46.74277114868164,46.770545958150585,46.41431937832776,46.41431937832776,3339200,0,5943.0,25.45273208618164,277792.288936615,277817.7416687012,177.8177416687012,1.6996836995057274
2021-04-16,46.67032241821289,46.85749377099098,46.49039971285097,46.85749377099098,2580800,0,5943.0,25.45273208618164,277361.7261314392,277387.1788635254,177.38717886352538,-0.15498031284453262
2021-04-19,46.22956848144531,46.68964199710196,45.95424886825608,46.46745456234645,2954400,0,5943.0,25.45273208618164,274742.3254852295,274767.7782173157,174.76777821731568,-0.9443120828228513
2021-04-20,45.76103973388672,46.33220879016621,45.50987245943664,46.135378729234425,3850400,0,5943.0,25.45273208618164,271957.85913848877,271983.31187057495,171.98331187057497,-1.0133889660593587
2021-04-21,46.24284744262695,46.266996084647886,45.57024529942892,45.66081099854481,5244800,0,5943.0,25.45273208618164,274821.242351532,274846.69508361816,174.84669508361813,1.052779008149507
2021-04-22,45.812965393066406,46.48918637362728,45.59922797141774,46.18850941315904,4720000,0,5943.0,25.45273208618164,272266.45333099365,272291.90606307983,172.29190606307984,-0.9295323779538567
2021-04-23,46.480735778808594,46.64979102177961,45.891454344628535,45.891454344628535,1837600,0,5943.0,25.45273208618164,276235.0127334595,276260.46546554565,176.26046546554565,1.4574650638151665
2021-04-26,46.85749435424805,46.882851722571125,46.49402277272767,46.49402277272767,3492800,0,5943.0,25.45273208618164,278474.08894729614,278499.5416793823,178.49954167938233,0.8104946214665398
2021-04-27,46.69326019287109,46.94080865720236,46.559224722165375,46.93839121332292,3612800,0,5943.0,25.45273208618164,277498.04532623285,277523.49805831903,177.52349805831903,-0.3504650726452341
2021-04-28,46.32376480102539,46.549574756424605,46.24889772331323,46.53146234812793,3096800,0,5943.0,25.45273208618164,275302.1342124939,275327.5869445801,175.32758694458005,-0.791252318849589
2021-04-29,46.1812629699707,46.70774981439168,45.709113335568674,46.70774981439168,3200000,0,5943.0,25.45273208618164,274455.2458305359,274480.69856262207,174.48069856262208,-0.30759299907294757
2021-04-30,45.51711654663086,45.96149139257288,45.41568339821766,45.707906678975874,2964800,0,5943.0,25.45273208618164,270508.2236366272,270533.6763687134,170.5336763687134,-1.437996265157493
2021-05-03,45.334774017333984,45.82262229260565,45.2212647104372,45.72964283275522,4212000,0,5943.0,25.45273208618164,269424.56198501587,269450.01471710205,169.45001471710205,-0.40056441998532755
2021-05-04,44.41584396362305,44.95923827023053,43.906260710910445,44.95923827023053,5891200,0,5943.0,25.45273208618164,263963.36067581177,263988.81340789795,163.98881340789794,-2.0267956989862723
2021-05-05,44.28301239013672,44.804671795751545,44.20331411829598,44.74549968908179,1647200,0,5943.0,25.45273208618164,263173.9426345825,263199.3953666687,163.1993953666687,-0.2990346564456514
2021-05-06,44.553489685058594,44.57281080841739,43.81085174063109,44.24556780338517,3889600,0,5943.0,25.45273208618164,264781.3891983032,264806.8419303894,164.80684193038942,0.6107333800981385
2021-05-07,44.98097610473633,45.282861850405695,44.80467586110146,45.01116467930326,2437600,0,5943.0,25.45273208618164,267321.940990448,267347.3937225342,167.34739372253418,0.9593980932005586
2021-05-10,43.81809997558594,44.80345522975068,43.80481877516853,44.80345522975068,3597600,0,5943.0,25.45273208618164,260410.96815490723,260436.4208869934,160.4364208869934,-2.5850159746510615
2021-05-11,43.77946090698242,43.88089774084824,42.78203310183007,42.92935346466716,6448000,0,5943.0,25.45273208618164,260181.33617019653,260206.78890228271,160.20678890228274,-0.08817199373598594
2021-05-12,42.49102783203125,43.34355297865385,42.38355472565152,43.08996818681086,6810400,0,5943.0,25.45273208618164,252524.17840576172,252549.6311378479,152.54963113784788,-2.9427202098521565
2021-05-13,42.97403717041016,43.37735605543942,42.622641745475576,42.92694122860675,3992000,0,5943.0,25.45273208618164,255394.7029037476,255420.15563583377,155.42015563583377,1.136617972892262
2021-05-14,43.96904373168945,44.10911912560401,43.350782465534046,43.47515921489634,2633600,0,5943.0,25.45273208618164,261308.02689743042,261333.4796295166,161.33347962951657,2.3151360075568173
2021-05-17,43.63817596435547,43.74685406356122,43.221572284751154,43.72874166121487,2685600,0,5943.0,25.45273208618164,259341.67975616455,259367.13248825073,159.36713248825072,-0.752428331820898
2021-05-18,43.35200119018555,43.94611026562896,43.3326800605192,43.81207476530004,3141600,0,5943.0,25.45273208618164,257640.9430732727,257666.3958053589,157.6663958053589,-0.6557255989129152
2021-05-19,43.50414276123047,43.52225885117988,42.59003567005447,42.63350544162551,2688000,0,5943.0,25.45273208618164,258545.12042999268,258570.57316207886,158.5705731620789,0.3509100804138132
2021-05-20,44.36511993408203,44.5112315751151,43.66232916857932,43.686481497650185,2498400,0,5943.0,25.45273208618164,263661.9077682495,263687.3605003357,163.68736050033567,1.9788745779085515
2021-05-21,44.1525993347168,44.69116242372024,44.116370837484645,44.61146415196357,2177600,0,5943.0,25.45273208618164,262398.8978462219,262424.3505783081,162.42435057830812,-0.4789800768725039
2021-05-24,44.92058944702149,45.07998597142549,44.50157197332291,44.50640317606703,5909600,-1,0.0,266988.5158157349,0.0,266988.5158157349,166.98851581573493,1.739230840190209
2021-05-25,44.9350814819336,45.20677860829336,44.84210201422549,45.12466658342427,2137600,0,0.0,266988.5158157349,0.0,266988.5158157349,166.98851581573493,0.0
2021-05-26,45.02323913574219,45.16210583644887,44.87350130569112,45.04618274635174,2072800,0,0.0,266988.5158157349,0.0,266988.5158157349,166.98851581573493,0.0
2021-05-27,44.83366012573242,45.14399958725337,44.81554771623548,44.97735804962332,1900000,0,0.0,266988.5158157349,0.0,266988.5158157349,166.98851581573493,0.0
2021-05-28,44.95439910888672,45.22971869475856,44.9326642249008,45.0208124827752,1802400,0,0.0,266988.5158157349,0.0,266988.5158157349,166.98851581573493,0.0
2021-06-01,44.75275039672852,45.21886392185438,44.64165850181256,45.15969549271716,3530400,0,0.0,266988.5158157349,0.0,266988.5158157349,166.98851581573493,0.0
2021-06-02,45.00753402709961,45.17779799896289,44.75274058774288,44.84934621989655,3008800,0,0.0,266988.5158157349,0.0,266988.5158157349,166.98851581573493,0.0
2021-06-03,44.52573013305664,44.79138735672615,44.28663531513849,44.63078577444951,3086400,0,0.0,266988.5158157349,0.0,266988.5158157349,166.98851581573493,0.0
2021-06-04,45.36737823486328,45.42775536656519,44.826397808168245,44.826397808168245,2740000,0,0.0,266988.5158157349,0.0,266988.5158157349,166.98851581573493,0.0
2021-06-07,45.43017959594727,45.45433192824573,45.22127334546394,45.33840515536732,4038400,0,0.0,266988.5158157349,0.0,266988.5158157349,166.98851581573493,0.0
2021-06-08,45.50987243652344,45.88421143168267,45.320287337489546,45.66806024434385,1862400,0,0.0,266988.5158157349,0.0,266988.5158157349,166.98851581573493,0.0
2021-06-09,45.4857177734375,45.78156721051238,45.47485033129687,45.7284350366285,1462400,0,0.0,266988.5158157349,0.0,266988.5158157349,166.98851581573493,0.0
2021-06-10,45.89508819580078,45.92406804888184,45.45312701067056,45.56421890423383,2942400,0,0.0,266988.5158157349,0.0,266988.5158157349,166.98851581573493,0.0
2021-06-11,46.17644500732422,46.19093493415057,45.88301293370398,45.93855888158128,2219200,0,0.0,266988.5158157349,0.0,266988.5158157349,166.98851581573493,0.0
2021-06-14,46.68601989746094,46.68601989746094,46.11364578026421,46.25372118954032,2420000,0,0.0,266988.5158157349,0.0,266988.5158157349,166.98851581573493,0.0
2021-06-15,46.36481094360352,46.670319115549006,46.26216907161821,46.670319115549006,2441600,0,0.0,266988.5158157349,0.0,266988.5158157349,166.98851581573493,0.0
2021-06-16,46.17041015625,46.55199420972414,45.67531675904682,46.40587884452525,4434400,0,0.0,266988.5158157349,0.0,266988.5158157349,166.98851581573493,0.0
2021-06-17,46.76571273803711,46.94563541801773,45.98443247709964,46.0073760828173,11313600,1,5709.0,3.061794281064067,266985.45402145386,266988.5158157349,166.98851581573493,0.0
2021-06-18,46.39137268066406,46.731900592669206,46.295979464529125,46.52782558984449,7348000,0,5709.0,3.061794281064067,264848.34663391113,264851.4084281922,164.8514084281922,-0.8004491807496628
2021-06-21,46.80436325073242,46.829720619639176,46.05327142418576,46.405871885126885,4687200,0,5709.0,3.061794281064067,267206.1097984314,267209.17159271246,167.20917159271247,0.8902211162526319
2021-06-22,47.25357437133789,47.27168677962296,46.73070617969296,46.79591453464805,2716800,0,5709.0,3.061794281064067,269770.656085968,269773.7178802491,169.77371788024905,0.9597523439223821
2021-06-23,47.22096252441406,47.40451139939711,47.14489041900379,47.25598229952978,2051200,0,5709.0,3.061794281064067,269584.4750518799,269587.53684616095,169.58753684616096,-0.06901377775087036
2021-06-24,47.544578552246094,47.71388749385456,47.44903848529419,47.54578539745385,2784800,0,5709.0,3.061794281064067,271431.99895477295,271435.060749054,171.435060749054,0.6853150277297049
2021-06-25,47.53370666503906,47.648596890149605,47.41277113993716,47.64496897202292,2283200,0,5709.0,3.061794281064067,271369.931350708,271372.9931449891,171.3729931449891,-0.022866465331949914
2021-06-28,48.04041290283203,48.09604588554795,47.70905084099269,47.70905084099269,3522400,0,5709.0,3.061794281064067,274262.71726226807,274265.77905654913,174.26577905654912,1.0659815031831554
2021-06-29,48.38386917114258,48.39475661301191,47.964222873599326,48.04887919278535,6235200,0,5709.0,3.061794281064067,276223.509098053,276226.57089233404,176.22657089233402,0.714923984512339
2021-06-30,48.22544860839844,48.35243309937883,48.10572364291456,48.314943389163496,4003200,0,5709.0,3.061794281064067,275319.0861053467,275322.14789962774,175.32214789962774,-0.3274207074955182
2021-07-01,48.24117660522461,48.29317799135825,47.93520989730148,48.177080929356414,3461600,0,5709.0,3.061794281064067,275408.8772392273,275411.93903350836,175.41193903350836,0.03261311687621227
2021-07-02,48.8228759765625,48.8688320630026,48.47337425557058,48.51811980584362,3036800,0,5709.0,3.061794281064067,278729.7989501953,278732.8607444764,178.7328607444764,1.205801652107752
2021-07-06,49.06473922729492,49.24977038922181,48.584625158801714,48.92203622725373,3208800,0,5709.0,3.061794281064067,280110.5962486267,280113.6580429078,180.1136580429078,0.49538375014104297
2021-07-07,49.25339889526367,49.44447904869181,48.87003543373483,49.39852296898989,8687200,0,5709.0,3.061794281064067,281187.6542930603,281190.71608734137,181.1907160873414,0.3845075074020876
2021-07-08,48.77330017089844,48.92084167237937,48.16620510908525,48.40203088044449,4490400,0,5709.0,3.061794281064067,278446.7706756592,278449.83246994024,178.44983246994025,-0.974741860449535
2021-07-09,49.23405456542969,49.28122118667064,48.662031955149686,48.75394412536759,2294400,0,5709.0,3.061794281064067,281077.2175140381,281080.27930831915,181.08027930831915,0.9446753172900113
2021-07-12,49.22921371459961,49.48075792480227,49.08167226043831,49.46261833836,9924800,0,5709.0,3.061794281064067,281049.58109664917,281052.64289093023,181.0526428909302,-0.009832215001681632
2021-07-13,49.335636138916016,49.71537167005121,49.070787112418806,49.14092807488612,10911200,0,5709.0,3.061794281064067,281657.14671707153,281660.2085113526,181.6602085113526,0.21617502478286088
2021-07-14,49.54970169067383,49.91855355255887,49.38885907202689,49.72263859952305,3155200,0,5709.0,3.061794281064067,282879.2469520569,282882.30874633795,182.88230874633794,0.4338916886572175
2021-07-15,49.09859848022461,49.49526674041337,48.80351558891437,49.49526674041337,3946400,0,5709.0,3.061794281064067,280303.8987236023,280306.96051788336,180.30696051788334,-0.9103956482354403
2021-07-16,48.64992904663086,49.44447610621372,48.59187868246329,49.26670078727497,3323200,0,5709.0,3.061794281064067,277742.4449272156,277745.50672149664,177.74550672149664,-0.9138031362668553
2021-07-19,48.06097412109375,48.24721581139272,47.70179556370345,48.04283453549996,5864800,0,5709.0,3.061794281064067,274380.1012573242,274383.1630516053,174.3831630516053,-1.2105843617707501
2021-07-20,48.84222412109375,49.1227953917057,48.022281506086976,48.30527015827597,7271200,0,5709.0,3.061794281064067,278840.2575073242,278843.3193016053,178.84331930160528,1.6255211144865944
2021-07-21,49.34047317504883,49.35135692710607,48.75998425471163,48.86761492993888,11828800,0,5709.0,3.061794281064067,281684.76135635376,281687.8231506348,181.68782315063484,1.0201083017351564
2021-07-22,49.668212890625,49.72988748791969,49.42875926444602,49.42875926444602,2611200,0,5709.0,3.061794281064067,283555.8273925781,283558.8891868592,183.55888918685918,0.6642339080535242
2021-07-23,50.15558624267578,50.20637709096934,49.755289993030686,49.948783859789486,3440800,0,5709.0,3.061794281064067,286338.24185943604,286341.3036537171,186.3413036537171,0.9812474843715391
2021-07-26,50.16767120361328,50.23660532349537,49.8858931160837,50.06245791045563,2535200,0,5709.0,3.061794281064067,286407.2349014282,286410.2966957093,186.4102966957093,0.024094687392928194
2021-07-27,49.62104797363281,50.09148887109276,48.94743630856712,50.09148887109276,13480800,0,5709.0,3.061794281064067,283286.5628814697,283289.6246757508,183.28962467575082,-1.0895809459231853
2021-07-28,49.67305755615234,49.86776567524371,49.17722484421484,49.63315045582945,2940800,0,5709.0,3.061794281064067,283583.4855880737,283586.54738235474,183.58654738235472,0.10481241836646227
2021-07-29,49.918548583984375,50.09511708391307,49.60049129634267,49.66942173138234,4775200,0,5709.0,3.061794281064067,284984.9938659668,284988.05566024786,184.98805566024785,0.4942083081266535
2021-07-30,49.85082244873047,49.91612865346042,49.52429880639799,49.556950063433646,2056800,0,5709.0,3.061794281064067,284598.34535980225,284601.4071540833,184.60140715408332,-0.1356718285153269
2021-08-02,49.72747802734375,50.1882420749964,49.68273247431249,50.07577292429741,3688000,0,5709.0,3.061794281064067,283894.17205810547,283897.23385238653,183.89723385238653,-0.24742439214839873
2021-08-03,50.00441360473633,50.02497057368125,49.43480472268595,49.84114993593627,2352000,0,5709.0,3.061794281064067,285475.1972694397,285478.25906372076,185.47825906372077,0.5569005339996602
2021-08-04,50.12897491455078,50.24869987765287,49.83268146548291,50.00320096209838,3040800,0,5709.0,3.061794281064067,286186.3177871704,286189.3795814515,186.18937958145145,0.24909795935528223
2021-08-05,50.44582748413086,50.46880552519371,50.10116055884684,50.247491485621794,1587200,0,5709.0,3.061794281064067,287995.2291069031,287998.29090118414,187.99829090118413,0.6320679412975316
2021-08-06,50.36722183227539,50.43010696796277,50.18823595132986,50.27530966494406,1864000,0,5709.0,3.061794281064067,287546.4694404602,287549.53123474127,187.54953123474127,-0.15582025332117055
2021-08-09,50.24386215209961,50.47001094819428,50.14590469165923,50.42043064062303,1789600,0,5709.0,3.061794281064067,286842.20902633667,286845.27082061773,186.8452708206177,-0.24491794895280528
2021-08-10,49.86533737182617,50.418013540029,49.74198447987396,50.34787256789748,3052000,0,5709.0,3.061794281064067,284681.2110557556,284684.2728500367,184.68427285003668,-0.7533671252096252
2021-08-11,49.8218002319336,50.115672623853165,49.543650046197655,50.06729915989805,9620000,0,5709.0,3.061794281064067,284432.65752410894,284435.71931839,184.43571931839,-0.08730848710339911
2021-08-12,50.09149169921875,50.12535349573152,49.569049389599726,49.76496433304211,1752000,0,5709.0,3.061794281064067,285972.32611083984,285975.3879051209,185.97538790512093,0.541306341700154
2021-08-13,50.31884765625,50.35270945295751,50.06246495394181,50.127771165684536,1634400,0,5709.0,3.061794281064067,287270.30126953125,287273.3630638123,187.27336306381233,0.4538765269975098
2021-08-16,50.41196823120117,50.41801353045556,49.68635516904832,50.168886674369126,2447200,0,5709.0,3.061794281064067,287801.9266319275,287804.98842620855,187.80498842620855,0.18505905202153006
2021-08-17,49.981441497802734,50.17372852942925,49.64886882177101,50.11083969775777,2999200,0,5709.0,3.061794281064067,285344.0495109558,285347.1113052369,185.34711130523687,-0.8540078246773941
2021-08-18,49.34290313720703,50.07093364547641,49.29573651246908,49.87622922805267,2657600,0,5709.0,3.061794281064067,281698.63401031494,281701.695804596,181.701695804596,-1.277537201608936
2021-08-19,49.71417236328125,49.91613630730017,48.993397691295726,49.05023753380866,3270400,0,5709.0,3.061794281064067,283818.21002197266,283821.2718162537,183.82127181625373,0.7524186198467175
2021-08-20,50.343040466308594,50.390207092825165,49.82301918231501,49.92823249911739,3579200,0,5709.0,3.061794281064067,287408.41802215576,287411.4798164368,187.41147981643684,1.2649538130839577
2021-08-23,51.05050277709961,51.110970526592176,50.522015237039945,50.522015237039945,3030400,0,5709.0,3.061794281064067,291447.32035446167,291450.38214874273,191.45038214874273,1.4052682707334618
2021-08-24,51.12306594848633,51.27786324299422,51.0710608778688,51.160555658750525,2639200,0,5709.0,3.061794281064067,291861.58349990845,291864.6452941895,191.8646452941895,0.14213848079134284
2021-08-25,51.12670516967773,51.36373777196767,51.02390923240126,51.21740681598178,3656800,0,5709.0,3.061794281064067,291882.3598136901,291885.4216079712,191.88542160797118,0.007118475675849112
2021-08-26,50.82677459716797,51.211348622632016,50.767517379908696,51.08920627053961,1985600,0,5709.0,3.061794281064067,290170.05617523193,290173.117969513,190.17311796951302,-0.5866355465871775
2021-08-27,51.408470153808594,51.45321569734726,50.84733136493946,50.9077991136476,1859200,0,5709.0,3.061794281064067,293490.95610809326,293494.0179023743,193.4940179023743,1.1444547158948826
2021-08-30,51.917606353759766,51.985329935480806,51.54149873708253,51.54149873708253,2983200,0,5709.0,3.061794281064067,296397.6146736145,296400.67646789557,196.40067646789555,0.9903638194384223
2021-08-31,51.60075759887695,51.92728492099326,51.52577818033461,51.911562715687566,14336800,0,5709.0,3.061794281064067,294588.7251319885,294591.7869262696,194.59178692626958,-0.6102852271397952
2021-09-01,51.63462448120117,51.99138571310466,51.5983453043488,51.7773311883579,4304800,0,5709.0,3.061794281064067,294782.0711631775,294785.13295745855,194.78513295745853,0.06563184710826064
2021-09-02,51.674537658691406,51.92003660851496,51.44112930793913,51.85231301481598,2580800,0,5709.0,3.061794281064067,295009.93549346924,295012.9972877503,195.0129972877503,0.07729844717936363
2021-09-03,51.92366409301758,52.0312947822034,51.55601909410643,51.61527631543372,2078400,0,5709.0,3.061794281064067,296432.19830703735,296435.2601013184,196.4352601013184,0.48210174692095986
2021-09-07,51.869232177734375,52.03612374847729,51.65517768389276,51.9756560020144,3236000,0,5709.0,3.061794281064067,296121.44650268555,296124.5082969666,196.1245082969666,-0.10482956860313752
2021-09-08,51.56811141967773,51.86923965948777,51.22707239467669,51.86803281403211,2915200,0,5709.0,3.061794281064067,294402.3480949401,294405.4098892212,194.40540988922118,-0.5805322962398773
2021-09-09,51.400001525878906,51.79062449401543,51.38428301205823,51.599548040379005,1964000,0,5709.0,3.061794281064067,293442.6087112427,293445.67050552374,193.44567050552374,-0.32599244153107554
2021-09-10,50.88603591918945,51.81724087195632,50.84129036861618,51.69509481935213,3044000,0,5709.0,3.061794281064067,290508.3790626526,290511.44085693365,190.51144085693363,-0.9999226240193781
2021-09-13,50.8896598815918,51.35284494028226,50.55829777334281,51.23674788691877,9537600,0,5709.0,3.061794281064067,290529.06826400757,290532.13005828863,190.53213005828863,0.007121647703089984
2021-09-14,50.82555389404297,51.22101528378001,50.68164037463683,51.11338093285524,13045600,0,5709.0,3.061794281064067,290163.0871810913,290166.1489753724,190.16614897537235,-0.12596922854722914
2021-09-15,51.25971603393555,51.29116044296824,50.66108756098807,50.933192418871016,2414400,0,5709.0,3.061794281064067,292641.71883773804,292644.7806320191,192.64478063201912,0.854211170186181
2021-09-16,51.34559631347656,51.4000150848842,50.83645510013174,51.06865293011557,1963200,0,5709.0,3.061794281064067,293132.0093536377,293135.07114791876,193.13507114791878,0.1675377619381413
2021-09-17,50.65625381469727,51.25851395140828,50.546202063515565,51.25851395140828,2631200,0,5709.0,3.061794281064067,289196.55302810675,289199.6148223878,189.19961482238784,-1.3425402529010477
2021-09-20,49.68514251708984,50.119300537910256,49.01999723844163,49.80123956870581,18233600,0,5709.0,3.061794281064067,283652.47863006586,283655.5404243469,183.6555404243469,-1.9170407268508272
2021-09-21,49.710540771484375,50.09632535032866,49.50858053305027,49.99595049917753,2737600,0,5709.0,3.061794281064067,283797.4772644043,283800.53905868536,183.80053905868533,0.051117857286175905
2021-09-22,50.44582748413086,50.60788061696552,49.78309959212723,49.97417975563316,2617600,0,5709.0,3.061794281064067,287995.2291069031,287998.29090118414,187.99829090118413,1.4791204613007203
2021-09-23,51.09766387939453,51.22222729127845,50.52926926883988,50.70099560450278,2852000,0,5709.0,3.061794281064067,291716.5630874634,291719.62488174444,191.71962488174447,1.2921375223845066
2021-09-24,51.10250473022461,51.18716105672903,50.70099798332355,50.759048352125895,13228800,0,5709.0,3.061794281064067,291744.1995048523,291747.26129913336,191.74726129913338,0.009473622969347062
2021-09-27,50.60183334350586,50.76388647001713,50.28256185319097,50.67801960806602,3009600,0,5709.0,3.061794281064067,288885.86655807495,288888.928352356,188.888928352356,-0.9797291443454759
2021-09-28,49.01999282836914,50.033432861350086,48.99459740794444,49.933058024946845,11592000,0,5709.0,3.061794281064067,279855.1390571594,279858.2008514405,179.85820085144047,-3.12602063098133
2021-09-29,48.90812683105469,49.46322450616807,48.84025472314787,49.26930631143573,5506400,0,5709.0,3.061794281064067,279216.4960784912,279219.5578727723,179.21955787277227,-0.22820234558973418
2021-09-30,48.63664245605469,49.43050576586715,48.63664245605469,49.1965892423655,3704000,0,5709.0,3.061794281064067,277666.5917816162,277669.6535758973,177.66965357589726,-0.5550844320086012
2021-10-01,49.31172561645508,49.45353209335929,48.32030456524457,48.860862466432486,5496800,0,5709.0,3.061794281064067,281520.64154434204,281523.7033386231,181.52370333862308,1.3879981888882842
2021-10-04,48.11547088623047,49.08871248422044,47.760353677342685,49.08871248422044,6989600,-1,0.0,274694.2850837708,0.0,274694.2850837708,174.6942850837708,-2.425876817426531
2021-10-05,48.80995559692383,49.086293099012615,48.23061628558188,48.27182408779,3806400,0,0.0,274694.2850837708,0.0,274694.2850837708,174.6942850837708,0.0
2021-10-06,49.14690399169922,49.19174767727705,48.14336193237125,48.306983684178135,15153600,0,0.0,274694.2850837708,0.0,274694.2850837708,174.6942850837708,0.0
2021-10-07,49.67532730102539,50.06802016460741,49.56382470548862,49.622002384955145,13247200,0,0.0,274694.2850837708,0.0,274694.2850837708,174.6942850837708,0.0
2021-10-08,49.44140625,49.88863717943563,49.38686814808849,49.88863717943563,1992000,0,0.0,274694.2850837708,0.0,274694.2850837708,174.6942850837708,0.0
2021-10-11,49.16506576538086,49.82803377671826,49.14688639918828,49.20869994299506,2056800,0,0.0,274694.2850837708,0.0,274694.2850837708,174.6942850837708,0.0
2021-10-12,49.04872131347656,49.44989541419643,48.95782077043576,49.422017916113,1818400,0,0.0,274694.2850837708,0.0,274694.2850837708,174.6942850837708,0.0
2021-10-13,49.46079635620117,49.49594559708103,49.07537899345651,49.30081053435363,4864800,0,0.0,274694.2850837708,0.0,274694.2850837708,174.6942850837708,0.0
2021-10-14,50.53221893310547,50.56736818008195,49.94075878520321,50.000149657422654,4765600,0,0.0,274694.2850837708,0.0,274694.2850837708,174.6942850837708,0.0
2021-10-15,50.8873405456543,50.90431042453059,50.59525001931144,50.75280950064806,3180000,0,0.0,274694.2850837708,0.0,274694.2850837708,174.6942850837708,0.0
2021-10-18,51.3624382019043,51.38546663336177,50.531003082973406,50.6291753649754,2668800,0,0.0,274694.2850837708,0.0,274694.2850837708,174.6942850837708,0.0
2021-10-19,51.83512115478516,51.8920856390614,51.39031659988012,51.51878906250274,2967200,0,0.0,274694.2850837708,0.0,274694.2850837708,174.6942850837708,0.0
2021-10-20,51.73452377319336,51.987832813095935,51.49697141738198,51.905417218044335,5694400,0,0.0,274694.2850837708,0.0,274694.2850837708,174.6942850837708,0.0
2021-10-21,51.95753479003906,51.99631990652527,51.45333937197521,51.59756851867206,3289600,0,0.0,274694.2850837708,0.0,274694.2850837708,174.6942850837708,0.0
2021-10-22,51.73695373535156,52.15994308892072,51.53818646645114,51.907847204247645,2197600,0,0.0,274694.2850837708,0.0,274694.2850837708,174.6942850837708,0.0
2021-10-25,51.97935485839844,52.14782564323328,51.73937978770194,51.9393602461999,2136000,0,0.0,274694.2850837708,0.0,274694.2850837708,174.6942850837708,0.0
2021-10-26,52.04844284057617,52.50658146129893,51.98905566527504,52.329629427568136,3009600,0,0.0,274694.2850837708,0.0,274694.2850837708,174.6942850837708,0.0
2021-10-27,51.85209274291992,52.272659387849146,51.83997193121039,52.12115848836099,2315200,0,0.0,274694.2850837708,0.0,274694.2850837708,174.6942850837708,0.0
2021-10-28,52.381744384765625,52.46052412040265,52.03995743461418,52.090863369238924,2087200,0,0.0,274694.2850837708,0.0,274694.2850837708,174.6942850837708,0.0
2021-10-29,52.62050247192383,52.65322533317654,51.84966400697843,51.884813249714334,2259200,0,0.0,274694.2850837708,0.0,274694.2850837708,174.6942850837708,0.0
2021-11-01,52.68354034423828,52.70656878229845,52.352664668827,52.64718159927659,2984000,1,5214.0,2.3057289124117233,274691.9793548584,274694.2850837708,174.6942850837708,0.0
2021-11-02,53.043495178222656,53.15378827895712,52.736857499890405,52.736857499890405,2547200,0,5214.0,2.3057289124117233,276568.78385925293,276571.08958816534,176.5710895881653,0.6832339099527296
2021-11-03,53.36347579956055,53.45316316515507,52.841100896768005,53.09441000402388,2428000,0,5214.0,2.3057289124117233,278237.1628189087,278239.4685478211,178.2394685478211,0.6032369334553644
2021-11-04,54.12581634521485,54.24217170045187,53.48587668642108,53.565869606114354,2464000,0,5214.0,2.3057289124117233,282212.00642395025,282214.31215286267,182.21431215286268,1.4285692916921278
2021-11-05,54.308841705322266,54.70274412890862,53.98766046891788,54.49912776380168,2806400,0,5214.0,2.3057289124117233,283166.3006515503,283168.6063804627,183.16860638046268,0.33814522740545083
2021-11-08,54.6978874206543,54.806971035561936,54.45064059703717,54.54032795273636,2640000,0,5214.0,2.3057289124117233,285194.7850112915,285197.0907402039,185.1970907402039,0.7163521358069413
2021-11-09,54.55244827270508,54.89059933860898,54.245810579601255,54.82030084524769,2844000,0,5214.0,2.3057289124117233,284436.4652938843,284438.7710227967,184.4387710227967,-0.26589321631544927
2021-11-10,53.53314971923828,54.4082191212727,53.34892594466623,54.12218348051979,12805600,0,5214.0,2.3057289124117233,279121.8426361084,279124.1483650208,179.12414836502083,-1.8684592957090018
2021-11-11,53.82281494140625,53.97310635167906,53.75979189758378,53.94886472780369,2166400,0,5214.0,2.3057289124117233,280632.1571044922,280634.4628334046,180.6344628334046,0.5410905782357034
2021-11-12,54.46760177612305,54.551230567207824,53.91977586385603,53.9924970342018,2932000,0,5214.0,2.3057289124117233,283994.07566070557,283996.381389618,183.99638138961797,1.197970670554871
2021-11-15,54.39488983154297,54.72455598743881,54.10158611636353,54.65426118672524,3277600,0,5214.0,2.3057289124117233,283614.95558166504,283617.26131057745,183.61726131057745,-0.1334946865116593
2021-11-16,54.96210861206055,55.0384619653418,54.273685651600985,54.34277095570346,2513600,0,5214.0,2.3057289124117233,286572.4343032837,286574.7400321961,186.57474003219613,1.0427710598263085
2021-11-17,54.730613708496094,55.06148932920493,54.63122822369411,54.88695998473651,10189600,0,5214.0,2.3057289124117233,285365.41987609863,285367.72560501104,185.36772560501103,-0.42118660809025155
2021-11-18,55.12451171875,55.20814051048024,54.55729324342936,55.07360578948935,3549600,0,5214.0,2.3057289124117233,287419.2041015625,287421.5098304749,187.42150983047492,0.7196974433985481
2021-11-19,55.4456901550293,55.68203302415968,55.17056586890884,55.363274558141086,9458400,0,5214.0,2.3057289124117233,289093.82846832275,289096.13419723517,189.09613419723516,0.582637105952144
2021-11-22,54.61789321899414,56.1983479152579,54.5815307844199,55.62385769675802,7038400,0,5214.0,2.3057289124117233,284777.69524383545,284780.00097274786,184.78000097274787,-1.4929750743545522
2021-11-23,54.36822509765625,54.61790201928762,53.66162642681656,54.376710036965946,10875200,0,5214.0,2.3057289124117233,283475.9256591797,283478.2313880921,183.4782313880921,-0.45711411623330367
2021-11-24,54.820308685302734,54.84212393170605,53.76465123180619,54.07007577771216,3496800,0,5214.0,2.3057289124117233,285833.08948516846,285835.39521408087,185.83539521408085,0.8315149330679006
2021-11-26,53.585262298583984,54.51123758453104,53.357404350785394,54.11975792325984,4521600,0,5214.0,2.3057289124117233,279393.5576248169,279395.8633537293,179.3958633537293,-2.2528811925229153
2021-11-29,54.800907135009766,54.95967978905081,54.11006522092917,54.28943992694357,4714400,0,5214.0,2.3057289124117233,285731.9298019409,285734.23553085333,185.73423553085334,2.2685991485490664
2021-11-30,54.260353088378906,55.05664274251744,53.79494274636597,54.62031939102012,5407200,0,5214.0,2.3057289124117233,282913.4810028076,282915.78673172,182.91578673172003,-0.9863882057734585
2021-12-01,53.2701416015625,55.13905841837616,53.231360180409816,54.728186183056685,4491200,0,5214.0,2.3057289124117233,277750.5183105469,277752.8240394593,177.75282403945928,-1.8249114875857453
2021-12-02,53.84342575073242,54.09067628223352,52.708988662820666,52.80352508681331,6696800,0,5214.0,2.3057289124117233,280739.62186431885,280741.92759323126,180.74192759323125,1.0761739557857197
2021-12-03,52.84352111816406,54.10643442004488,52.20600406052288,54.01189799351754,8196000,0,5214.0,2.3057289124117233,275526.1191101074,275528.42483901983,175.52842483901983,-1.8570445814439562
2021-12-06,53.29316711425781,53.43497358293466,52.26659687640818,52.94047257812799,4181600,0,5214.0,2.3057289124117233,277870.57333374023,277872.87906265265,177.87287906265266,0.8508937780203896
2021-12-07,55.22026062011719,55.32570835796883,54.354889365741975,54.354889365741975,4040000,0,5214.0,2.3057289124117233,287918.438873291,287920.7446022034,187.92074460220346,3.6159936059414033
2021-12-08,55.58871841430664,55.62992622187322,54.877270665467606,55.26995987772218,2590400,0,5214.0,2.3057289124117233,289839.5778121948,289841.88354110724,189.84188354110722,0.6672457524927955
2021-12-09,54.86758041381836,55.82506558875977,54.82273302984834,55.47237096620634,2635200,0,5214.0,2.3057289124117233,286079.5642776489,286081.87000656134,186.08187000656136,-1.2972636972298113
2021-12-10,55.75718307495117,55.827477868643385,55.159660684180565,55.42630376112197,3232800,0,5214.0,2.3057289124117233,290717.9525527954,290720.2582817078,190.72025828170786,1.6213499565841394
2021-12-13,54.93906784057617,55.99472493078524,54.87967698080129,55.86140341739012,3591200,0,5214.0,2.3057289124117233,286452.29972076416,286454.6054496766,186.45460544967656,-1.4672705841839995
2021-12-14,54.03976440429688,54.60092432938259,53.40830968910164,54.2555015378258,4748000,0,5214.0,2.3057289124117233,281763.33160400396,281765.6373329164,181.76563733291638,-1.6368974446752005
2021-12-15,55.46993637084961,55.5547746574656,53.55738911510092,54.095516920893886,3964800,0,5214.0,2.3057289124117233,289220.24823760986,289222.5539665223,189.22255396652224,2.646496110806895
2021-12-16,53.861270904541016,55.76997070778319,53.51522728707265,55.7323312527484,5015200,0,5214.0,2.3057289124117233,280832.66649627686,280834.97222518927,180.83497222518926,-2.9000441446568104
2021-12-17,53.67427444458008,54.16116392988592,53.02468457563426,53.27359478244871,3288000,0,5214.0,2.3057289124117233,279857.6669540405,279859.97268295294,179.85997268295293,-0.34717881982821996
2021-12-20,53.04410552978516,53.195878672031846,52.65435313800737,52.92632942318576,4557600,0,5214.0,2.3057289124117233,276571.96623229986,276574.2719612123,176.57427196121228,-1.174051683862254
2021-12-21,54.47441864013672,54.52541604927111,53.13517250333136,53.65848603178083,3925600,0,5214.0,2.3057289124117233,284029.61878967285,284031.92451858526,184.03192451858524,2.696437562499976
2021-12-22,55.12523651123047,55.16044522248473,54.24859444091996,54.39186743916848,2871200,0,5214.0,2.3057289124117233,287422.98316955566,287425.2888984681,187.42528889846807,1.1947123146929028
2021-12-23,55.42634201049805,55.643682210579136,55.16893532702293,55.226002182729154,2410400,0,5214.0,2.3057289124117233,288992.9472427368,288995.2529716492,188.99525297164922,0.5462164025990646
2021-12-27,56.59318161010742,56.59318161010742,55.604832926830106,55.604832926830106,4098400,0,5214.0,2.3057289124117233,295076.8489151001,295079.1546440125,195.07915464401253,2.105190867256268
2021-12-28,56.19734954833984,56.70973587097983,56.04436102143333,56.68180827634472,4147200,0,5214.0,2.3057289124117233,293012.9805450439,293015.2862739563,193.0152862739563,-0.699428725335105
2021-12-29,56.20220565795898,56.40618788417769,55.85858916811038,56.18035121344967,2932800,0,5214.0,2.3057289124117233,293038.3003005981,293040.6060295105,193.04060602951049,0.008641103976581022
2021-12-30,55.90838241577149,56.46690846607508,55.8549579593268,56.19250136755464,2676000,0,5214.0,2.3057289124117233,291506.3059158326,291508.611644745,191.508611644745,-0.5227925254192356
2021-12-31,55.630332946777344,56.01887004346786,55.5987629413051,55.89380909808127,3200800,0,5214.0,2.3057289124117233,290056.55598449707,290058.8617134095,190.0588617134095,-0.497326622069838
2022-01-03,56.09536361694336,56.15607288492706,55.38263740367861,55.69832633827381,4452800,0,5214.0,2.3057289124117233,292481.2258987427,292483.5316276551,192.4835316276551,0.8359234053125775
2022-01-04,55.38628005981445,56.21678240490636,54.85568164812237,56.14393054191942,6572800,0,5214.0,2.3057289124117233,288784.06423187256,288786.36996078497,188.78636996078498,-1.2640580638149435
2022-01-05,53.54800033569336,55.120371827426005,53.52371885222156,55.01594996175856,7571200,0,5214.0,2.3057289124117233,279199.2737503052,279201.5794792176,179.20157947921757,-3.318989910385639
2022-01-06,53.34523391723633,53.84061990802522,52.90326867270344,53.0999661058902,5833600,0,5214.0,2.3057289124117233,278142.0496444702,278144.3553733826,178.1443553733826,-0.37865978688478297
2022-01-07,52.80005645751953,53.62206221916606,52.46737089448459,53.328227766890514,14682400,0,5214.0,2.3057289124117233,275299.49436950684,275301.80009841925,175.30180009841928,-1.0219712246712698
2022-01-10,52.85591506958008,52.92390914956308,51.23861936984273,51.96227276703293,21678400,0,5214.0,2.3057289124117233,275590.7411727905,275593.04690170294,175.59304690170293,0.10579182670784615
2022-01-11,53.55406951904297,53.63663322645112,52.38116612710016,52.73813688575229,4537600,0,5214.0,2.3057289124117233,279230.91847229004,279233.22420120245,179.23322420120246,1.3208523728821975
2022-01-12,53.72891616821289,54.32993568270405,53.47272113703902,53.9389678586308,9529600,0,5214.0,2.3057289124117233,280142.568901062,280144.8746299744,180.14487462997442,0.3264835090379892
2022-01-13,52.20996856689453,54.11988340213429,52.1031196662658,53.93411319707737,4798400,0,5214.0,2.3057289124117233,272222.7761077881,272225.0818367005,172.2250818367005,-2.827034691866015
2022-01-14,52.63129425048828,52.6737914802198,51.862716528965805,51.92827987214041,3944000,-1,0.0,274421.8739509583,0.0,274421.8739509583,174.4218739509583,0.8069763812489583
2022-01-18,51.28839874267578,52.19903766513313,51.17790744210304,51.84570931857176,5841600,0,0.0,274421.8739509583,0.0,274421.8739509583,174.4218739509583,0.0
2022-01-19,50.573238372802734,52.11647036142551,50.54652615137184,51.482665566927935,20037600,0,0.0,274421.8739509583,0.0,274421.8739509583,174.4218739509583,0.0
2022-01-20,49.944297790527344,51.69272388512237,49.87751908104677,51.046780120268295,5036000,0,0.0,274421.8739509583,0.0,274421.8739509583,174.4218739509583,0.0
2022-01-21,48.86246109008789,50.34012631982042,48.84546442166895,49.68567862499747,14998400,0,0.0,274421.8739509583,0.0,274421.8739509583,174.4218739509583,0.0
2022-01-24,49.17815017700195,49.2340016668327,46.21553859816653,47.82433422271074,49852800,0,0.0,274421.8739509583,0.0,274421.8739509583,174.4218739509583,0.0
2022-01-25,47.97003173828125,48.880670723461286,47.45036057228783,48.22379972956966,6684800,0,0.0,274421.8739509583,0.0,274421.8739509583,174.4218739509583,0.0
2022-01-26,48.13638687133789,49.826531055911104,47.59121504810313,49.368784444547565,31088800,0,0.0,274421.8739509583,0.0,274421.8739509583,174.4218739509583,0.0
2022-01-27,47.72840881347656,49.17450392922847,47.548708057766696,48.906170019373405,5246400,0,0.0,274421.8739509583,0.0,274421.8739509583,174.4218739509583,0.0
2022-01-28,49.76217651367188,49.78160392570551,47.52321822604473,48.30758099672801,7489600,0,0.0,274421.8739509583,0.0,274421.8739509583,174.4218739509583,0.0
2022-01-31,51.27019500732422,51.335758352470144,49.66018394598795,49.84231175997079,5448800,0,0.0,274421.8739509583,0.0,274421.8739509583,174.4218739509583,0.0
2022-02-01,51.4826774597168,51.556740992148505,50.63274766108488,51.36004354590053,12721600,0,0.0,274421.8739509583,0.0,274421.8739509583,174.4218739509583,0.0
2022-02-02,51.749794006347656,51.86392772841776,51.07106482406248,51.63080621064883,4036800,0,0.0,274421.8739509583,0.0,274421.8739509583,174.4218739509583,0.0
2022-02-03,50.13735961914063,51.28233562567336,49.9503777250375,50.89258312812595,5508000,0,0.0,274421.8739509583,0.0,274421.8739509583,174.4218739509583,0.0
2022-02-04,50.51982498168945,50.9630056212978,49.73181983519209,50.05722063624495,3656800,0,0.0,274421.8739509583,0.0,274421.8739509583,174.4218739509583,0.0
2022-02-07,50.27212905883789,50.97635504871871,50.07057385495075,50.61209945973219,2816000,0,0.0,274421.8739509583,0.0,274421.8739509583,174.4218739509583,0.0
2022-02-08,50.920501708984375,51.06741708701576,49.95401128556739,50.09121110655576,2191200,0,0.0,274421.8739509583,0.0,274421.8739509583,174.4218739509583,0.0
2022-02-09,52.17111206054688,52.17111206054688,51.37824922337262,51.57858905287373,9533600,0,0.0,274421.8739509583,0.0,274421.8739509583,174.4218739509583,0.0
2022-02-10,50.897438049316406,52.14562049157168,50.59753410747551,51.1876264329391,6132000,0,0.0,274421.8739509583,0.0,274421.8739509583,174.4218739509583,0.0
2022-02-11,49.29106521606445,51.2046224274016,49.096794827714575,50.93507314359853,11590400,0,0.0,274421.8739509583,0.0,274421.8739509583,174.4218739509583,0.0
2022-02-14,49.28256988525391,49.74031641837286,48.73861352625933,49.15872061077325,18080800,0,0.0,274421.8739509583,0.0,274421.8739509583,174.4218739509583,0.0
2022-02-15,50.70195770263672,50.72866993249759,49.91031007146932,50.04629825788824,2955200,0,0.0,274421.8739509583,0.0,274421.8739509583,174.4218739509583,0.0
2022-02-16,50.61210250854492,50.765091050862935,49.75731497071999,50.29155949773538,2640000,0,0.0,274421.8739509583,0.0,274421.8739509583,174.4218739509583,0.0
2022-02-17,48.94745635986328,50.14464137923388,48.87096208721064,50.11064433643267,3648800,0,0.0,274421.8739509583,0.0,274421.8739509583,174.4218739509583,0.0
2022-02-18,48.33549880981445,49.179359016932096,47.99431306061591,49.12229216357509,5171200,0,0.0,274421.8739509583,0.0,274421.8739509583,174.4218739509583,0.0
2022-02-22,47.86076736450195,48.68641580045169,47.37630849306672,47.91054941903396,17468000,0,0.0,274421.8739509583,0.0,274421.8739509583,174.4218739509583,0.0
2022-02-23,46.65021514892578,48.51763284427903,46.578578656612194,48.33793207524514,5747200,0,0.0,274421.8739509583,0.0,274421.8739509583,174.4218739509583,0.0
2022-02-24,48.33549880981445,48.398635107090605,44.80464983274012,45.03170187522465,18480000,0,0.0,274421.8739509583,0.0,274421.8739509583,174.4218739509583,0.0
2022-02-25,49.031227111816406,49.04701211211162,47.83282692508471,48.42898859116369,5364800,0,0.0,274421.8739509583,0.0,274421.8739509583,174.4218739509583,0.0
2022-02-28,49.04215621948242,49.298347525203866,48.2383661876294,48.58562138587919,4740000,0,0.0,274421.8739509583,0.0,274421.8739509583,174.4218739509583,0.0
2022-03-01,48.0987434387207,49.1720829149985,47.717487434822544,48.881890818418704,2845600,0,0.0,274421.8739509583,0.0,274421.8739509583,174.4218739509583,0.0
2022-03-02,49.10044860839844,49.29471532168589,48.02103593359984,48.39136102437909,2870400,0,0.0,274421.8739509583,0.0,274421.8739509583,174.4218739509583,0.0
2022-03-03,48.33672332763672,49.43313263673448,48.10845587101306,49.43313263673448,2960800,0,0.0,274421.8739509583,0.0,274421.8739509583,174.4218739509583,0.0
2022-03-04,47.372657775878906,48.1825173586347,47.03389901344865,48.01132047883637,3461600,0,0.0,274421.8739509583,0.0,274421.8739509583,174.4218739509583,0.0
2022-03-07,45.59630584716797,47.60335423862576,45.552596949759774,47.37265974526048,7074400,0,0.0,274421.8739509583,0.0,274421.8739509583,174.4218739509583,0.0
2022-03-08,45.371673583984375,46.80926847696126,44.75122669912481,45.47366470045173,14316000,0,0.0,274421.8739509583,0.0,274421.8739509583,174.4218739509583,0.0
2022-03-09,47.30587768554688,47.47586661339393,46.31753265299012,46.57129696817901,5316000,0,0.0,274421.8739509583,0.0,274421.8739509583,174.4218739509583,0.0
2022-03-10,46.488731384277344,46.61136529592287,45.77600514433313,46.46323452828167,7906400,0,0.0,274421.8739509583,0.0,274421.8739509583,174.4218739509583,0.0
2022-03-11,45.52224349975586,46.914914389041385,45.47124607938429,46.914914389041385,6370400,0,0.0,274421.8739509583,0.0,274421.8739509583,174.4218739509583,0.0
2022-03-14,44.53753280639648,45.77721501901375,44.4294722363762,45.336468846733695,8732000,0,0.0,274421.8739509583,0.0,274421.8739509583,174.4218739509583,0.0
2022-03-15,46.03461837768555,46.13903652385851,44.71115357623455,44.864142093594,4068800,0,0.0,274421.8739509583,0.0,274421.8739509583,174.4218739509583,0.0
2022-03-16,47.71990966796875,47.73933707755564,45.99212634516659,46.600430665145794,5332800,0,0.0,274421.8739509583,0.0,274421.8739509583,174.4218739509583,0.0
2022-03-17,48.23836898803711,48.23836898803711,47.23909314873745,47.40907835024542,3284000,0,0.0,274421.8739509583,0.0,274421.8739509583,174.4218739509583,0.0
2022-03-18,49.3432731628418,49.40276705075833,47.834038172457056,48.063520949390686,4051200,0,0.0,274421.8739509583,0.0,274421.8739509583,174.4218739509583,0.0
2022-03-21,49.21821594238281,49.51447746646225,48.56012955271429,49.16479519554522,3904800,0,0.0,274421.8739509583,0.0,274421.8739509583,174.4218739509583,0.0
2022-03-22,50.00621795654297,50.2794096251961,49.20121258004788,49.232782580819965,3306400,0,0.0,274421.8739509583,0.0,274421.8739509583,174.4218739509583,0.0
2022-03-23,49.244930267333984,50.0620783828539,49.14293913746133,49.49626753669863,3107200,0,0.0,274421.8739509583,0.0,274421.8739509583,174.4218739509583,0.0
2022-03-24,50.53253555297852,50.53253555297852,49.316320078702624,49.43915902931492,2732000,0,0.0,274421.8739509583,0.0,274421.8739509583,174.4218739509583,0.0
2022-03-25,50.4145622253418,50.62496883740481,49.82105219490979,50.55078147544896,2457600,0,0.0,274421.8739509583,0.0,274421.8739509583,174.4218739509583,0.0
2022-03-28,51.03726196289063,51.04577264940091,50.02050401552303,50.20050522079528,4117600,0,0.0,274421.8739509583,0.0,274421.8739509583,174.4218739509583,0.0
2022-03-29,52.16592025756836,52.24375612460967,51.27808065777095,51.633217240009,15691200,0,0.0,274421.8739509583,0.0,274421.8739509583,174.4218739509583,0.0
2022-03-30,51.3753776550293,52.01997039631852,51.11997165338057,51.88983444482959,3304800,0,0.0,274421.8739509583,0.0,274421.8739509583,174.4218739509583,0.0
2022-03-31,50.6529426574707,51.49942757576402,50.5945629793972,51.37658862697382,4216000,0,0.0,274421.8739509583,0.0,274421.8739509583,174.4218739509583,0.0
2022-04-01,50.50456237792969,50.83415571527969,49.9609139403933,50.65537190128196,2493600,0,0.0,274421.8739509583,0.0,274421.8739509583,174.4218739509583,0.0
2022-04-04,51.49820327758789,51.5140146702572,50.60428429462112,50.60428429462112,2381600,0,0.0,274421.8739509583,0.0,274421.8739509583,174.4218739509583,0.0
2022-04-05,50.28078079223633,51.36077699463855,50.108076565147854,51.28902072844394,5225600,0,0.0,274421.8739509583,0.0,274421.8739509583,174.4218739509583,0.0
2022-04-06,48.9307861328125,49.50484003535859,48.55254115719055,49.47321724255031,4793600,1,5608.0,18.02531814581016,274403.8486328125,274421.8739509583,174.4218739509583,0.0
2022-04-07,49.082801818847656,49.37955864937405,48.34577564298469,48.84320725596187,2644800,0,5608.0,18.02531814581016,275256.35260009766,275274.37791824347,175.2743779182435,0.31065452436838115
2022-04-08,48.36280059814453,48.922260377722665,48.24239647131421,48.829826827334806,3554400,0,5608.0,18.02531814581016,271218.58575439453,271236.61107254034,171.23661107254034,-1.4668153557329422
2022-04-11,47.21713638305664,47.78267585650661,47.17578550084345,47.74132497429342,3998400,0,5608.0,18.02531814581016,264793.70083618164,264811.72615432745,164.81172615432746,-2.36873808915663
2022-04-12,47.08821868896485,48.26551444074404,46.8899749621162,47.91646117466611,21755200,0,5608.0,18.02531814581016,264070.7304077149,264088.7557258607,164.0887557258607,-0.2730129964280348
2022-04-13,47.90916442871094,48.07213686650928,46.95686557754897,47.0991644295554,4736000,0,5608.0,18.02531814581016,268674.59411621094,268692.61943435675,168.69261943435677,1.7433016774387466
2022-04-14,46.72456741333008,48.057542308629046,46.702676424538936,47.95172843961468,3141600,0,5608.0,18.02531814581016,262031.37405395508,262049.3993721009,162.04939937210088,-2.472423722036343
2022-04-18,46.77928924560547,47.09671965440765,46.363341983746416,46.51172039743947,5383200,0,5608.0,18.02531814581016,262338.25408935547,262356.2794075013,162.35627940750126,0.11710770417170391
2022-04-19,47.721866607666016,47.79848878159339,46.49470555634674,46.68930078773787,2947200,0,5608.0,18.02531814581016,267624.227935791,267642.2532539368,167.64225325393681,2.0148074436690644
2022-04-20,47.52483749389648,48.31416015618898,47.39835004417173,48.177944615683145,3241600,0,5608.0,18.02531814581016,266519.2886657714,266537.31398391724,166.53731398391724,-0.41284186505904374
2022-04-21,46.61024475097656,48.468622010776855,46.44970711505421,47.96146219185789,3677600,0,5608.0,18.02531814581016,261390.25256347656,261408.27788162237,161.40827788162238,-1.924321974147436
2022-04-22,45.322265625,46.807263572322526,45.26632075648063,46.61145467670735,6024800,0,5608.0,18.02531814581016,254167.265625,254185.2909431458,154.18529094314582,-2.763105666358223
2022-04-25,46.06171798706055,46.084826371976,44.90874468180472,45.111854246168456,5153600,0,5608.0,18.02531814581016,258314.11447143555,258332.13978958136,158.33213978958133,1.6314275428954916
2022-04-26,44.30794143676758,45.69199510885131,44.30794143676758,45.67861480987608,5703200,0,5608.0,18.02531814581016,248478.93557739258,248496.9608955384,148.4969608955384,-3.807183613333587
2022-04-27,44.784698486328125,45.62875222328521,44.53780692250662,44.59861768907935,13649600,-1,0.0,251170.61442947394,0.0,251170.61442947394,151.17061442947394,1.075930073470599
2022-04-28,46.596866607666016,46.87173250759224,45.20673313534012,45.51078702053452,4564000,0,0.0,251170.61442947394,0.0,251170.61442947394,151.17061442947394,0.0
2022-04-29,44.659427642822266,46.72942476310873,44.59375097687258,46.07510033284012,4924000,0,0.0,251170.61442947394,0.0,251170.61442947394,151.17061442947394,0.0
2022-05-02,45.39767456054688,45.4378117504767,44.13645968289622,44.55970401240128,5693600,0,0.0,251170.61442947394,0.0,251170.61442947394,151.17061442947394,0.0
2022-05-03,45.4268684387207,45.66889414675465,45.01821808170553,45.33443486871583,3247200,0,0.0,251170.61442947394,0.0,251170.61442947394,151.17061442947394,0.0
2022-05-04,47.00185775756836,47.06996552079246,44.71415696261557,45.58983350634642,26319200,0,0.0,251170.61442947394,0.0,251170.61442947394,151.17061442947394,0.0
2022-05-05,44.60226440429688,46.33172268497975,44.0671267105653,46.29280290514572,6905600,0,0.0,251170.61442947394,0.0,251170.61442947394,151.17061442947394,0.0
2022-05-06,44.11822128295898,44.88078713477676,43.4261943034675,44.24592243745823,14176800,0,0.0,251170.61442947394,0.0,251170.61442947394,151.17061442947394,0.0
2022-05-09,42.21848678588867,43.57699734175443,42.02267417176639,43.33497165906425,17486400,0,0.0,251170.61442947394,0.0,251170.61442947394,151.17061442947394,0.0
2022-05-10,42.83146667480469,43.431060078412536,42.10903430715066,43.23768224224592,13925600,0,0.0,251170.61442947394,0.0,251170.61442947394,151.17061442947394,0.0
2022-05-11,41.36470031738281,43.28023957838201,41.25037948409204,42.41916070558697,18795200,0,0.0,251170.61442947394,0.0,251170.61442947394,151.17061442947394,0.0
2022-05-12,41.0606575012207,41.685794168345566,40.09011972357597,40.72741557873074,10019200,0,0.0,251170.61442947394,0.0,251170.61442947394,151.17061442947394,0.0
2022-05-13,42.6137580871582,42.82416098733362,41.49483837391585,41.611597730988215,5003200,0,0.0,251170.61442947394,0.0,251170.61442947394,151.17061442947394,0.0
2022-05-16,42.10538101196289,42.68064855324987,41.81956963449306,42.31213541468942,16830400,0,0.0,251170.61442947394,0.0,251170.61442947394,151.17061442947394,0.0
2022-05-17,43.29726791381836,43.34470209562654,42.46051113106692,43.00294215613394,3926400,0,0.0,251170.61442947394,0.0,251170.61442947394,151.17061442947394,0.0
2022-05-18,41.301456451416016,42.85091361308387,41.15064693636109,42.68307901322985,4623200,0,0.0,251170.61442947394,0.0,251170.61442947394,151.17061442947394,0.0
2022-05-19,41.013221740722656,41.71741159741548,40.72133074524024,41.02781573375747,5187200,0,0.0,251170.61442947394,0.0,251170.61442947394,151.17061442947394,0.0
2022-05-20,41.08011245727539,41.71741194737301,39.77754660565599,41.49970831852309,5229600,0,0.0,251170.61442947394,0.0,251170.61442947394,151.17061442947394,0.0
2022-05-23,41.949703216552734,42.01294508118861,41.02051286923989,41.21389067247916,4188000,0,0.0,251170.61442947394,0.0,251170.61442947394,151.17061442947394,0.0
2022-05-24,41.13849258422852,41.52646565674725,40.49997939555978,41.37200761204365,5150400,0,0.0,251170.61442947394,0.0,251170.61442947394,151.17061442947394,0.0
2022-05-25,41.72835159301758,42.03848503892256,40.86726900148759,40.86726900148759,3336800,0,0.0,251170.61442947394,0.0,251170.61442947394,151.17061442947394,0.0
2022-05-26,42.78646087646485,42.96767951438612,41.35132803517624,41.543488455884855,4561600,0,0.0,251170.61442947394,0.0,251170.61442947394,151.17061442947394,0.0
2022-05-27,44.27753448486328,44.28847997731284,43.21821198417295,43.21821198417295,9527200,0,0.0,251170.61442947394,0.0,251170.61442947394,151.17061442947394,0.0
2022-05-31,43.91754531860352,44.35659736124262,43.49065246248325,44.10484355709553,3847200,0,0.0,251170.61442947394,0.0,251170.61442947394,151.17061442947394,0.0
2022-06-01,43.74848175048828,44.68740015848545,43.399428535423645,44.35537574005555,8729600,0,0.0,251170.61442947394,0.0,251170.61442947394,151.17061442947394,0.0
2022-06-02,44.95132446289063,44.95619036401176,43.297270683234565,43.45537720951846,5162400,0,0.0,251170.61442947394,0.0,251170.61442947394,151.17061442947394,0.0
2022-06-03,43.80929946899414,44.41132765337906,43.618356447664674,44.10970485955382,7980800,0,0.0,251170.61442947394,0.0,251170.61442947394,151.17061442947394,0.0
2022-06-06,43.83483505249024,44.635103115575184,43.63172545698255,44.40280553952783,2684800,0,0.0,251170.61442947394,0.0,251170.61442947394,151.17061442947394,0.0
2022-06-07,44.41741180419922,44.48187108676692,43.28390161140083,43.36538598345653,4401600,0,0.0,251170.61442947394,0.0,251170.61442947394,151.17061442947394,0.0
2022-06-08,43.93942642211914,44.55604847297949,43.80564199615419,44.270237133780405,2250400,0,0.0,251170.61442947394,0.0,251170.61442947394,151.17061442947394,0.0
2022-06-09,42.703758239746094,44.02700130372431,42.69281274558686,43.62565167150522,2709600,0,0.0,251170.61442947394,0.0,251170.61442947394,151.17061442947394,0.0
2022-06-10,41.02781677246094,42.04092644988934,41.02295087079435,41.95943837125475,10926400,0,0.0,251170.61442947394,0.0,251170.61442947394,151.17061442947394,0.0
2022-06-13,39.097686767578125,40.07309043555736,38.96511969993627,39.72525452237526,11103200,0,0.0,251170.61442947394,0.0,251170.61442947394,151.17061442947394,0.0
2022-06-14,39.31538391113281,39.58903240190711,38.94322226060738,39.37497728363542,6220000,0,0.0,251170.61442947394,0.0,251170.61442947394,151.17061442947394,0.0
2022-06-15,40.18497467041016,40.7809194917926,39.27767899430721,39.75200227207712,6900800,0,0.0,251170.61442947394,0.0,251170.61442947394,151.17061442947394,0.0
2022-06-16,38.42875671386719,39.17186251408042,38.14781126383752,39.17064882261003,15525600,0,0.0,251170.61442947394,0.0,251170.61442947394,151.17061442947394,0.0
2022-06-17,38.895790100097656,39.24970927865987,38.25727692169679,38.47133205111884,6344000,0,0.0,251170.61442947394,0.0,251170.61442947394,151.17061442947394,0.0
2022-06-21,39.87849426269531,40.20808764421125,39.520926586785336,39.520926586785336,5421600,0,0.0,251170.61442947394,0.0,251170.61442947394,151.17061442947394,0.0
2022-06-22,39.74105453491211,40.2883514502702,39.293484458873934,39.43821438452954,4293600,0,0.0,251170.61442947394,0.0,251170.61442947394,151.17061442947394,0.0
2022-06-23,40.4277572631836,40.51304938080954,39.72106495682379,40.06832040947744,5216000,0,0.0,251170.61442947394,0.0,251170.61442947394,151.17061442947394,0.0
2022-06-24,41.917911529541016,41.92522185818109,40.87370954105519,40.87370954105519,4959200,0,0.0,251170.61442947394,0.0,251170.61442947394,151.17061442947394,0.0
2022-06-27,41.61452102661133,42.19083966204981,41.44272086974411,42.08240064348568,3886400,0,0.0,251170.61442947394,0.0,251170.61442947394,151.17061442947394,0.0
2022-06-28,40.32785415649414,42.05072320863153,40.314449407632175,41.72174724578413,4976800,0,0.0,251170.61442947394,0.0,251170.61442947394,151.17061442947394,0.0
2022-06-29,40.35952758789063,40.58859446136672,39.91601821619624,40.28642430348474,3051200,0,0.0,251170.61442947394,0.0,251170.61442947394,151.17061442947394,0.0
2022-06-30,39.7880859375,40.28155549074541,39.13134987926331,39.87459770084899,4476000,0,0.0,251170.61442947394,0.0,251170.61442947394,151.17061442947394,0.0
2022-07-01,39.90749740600586,40.01715607612228,39.2178610908425,39.57730176784478,3976800,0,0.0,251170.61442947394,0.0,251170.61442947394,151.17061442947394,0.0
2022-07-05,40.51793670654297,40.51793670654297,39.15206508479588,39.40428263333018,4280000,0,0.0,251170.61442947394,0.0,251170.61442947394,151.17061442947394,0.0
2022-07-06,40.79939270019531,41.11496766138853,40.35709915975049,40.57276132348808,3240000,0,0.0,251170.61442947394,0.0,251170.61442947394,151.17061442947394,0.0
2022-07-07,41.707130432128906,41.79242257780199,40.983377976897344,40.99678272819003,3207200,0,0.0,251170.61442947394,0.0,251170.61442947394,151.17061442947394,0.0
2022-07-08,41.73638153076172,41.90208733473531,41.12106803251768,41.19539469340154,5435200,0,0.0,251170.61442947394,0.0,251170.61442947394,151.17061442947394,0.0
2022-07-11,41.06866836547852,41.45613073286789,40.79939462544246,41.37815263929461,3113600,0,0.0,251170.61442947394,0.0,251170.61442947394,151.17061442947394,0.0
2022-07-12,40.50575637817383,41.513403345379615,40.290094173705896,41.21123307720461,5042400,0,0.0,251170.61442947394,0.0,251170.61442947394,151.17061442947394,0.0
2022-07-13,40.41193389892578,40.64099711448259,39.55902731756516,39.752758509126046,4746400,0,0.0,251170.61442947394,0.0,251170.61442947394,151.17061442947394,0.0
2022-07-14,40.68363952636719,40.83959942418991,39.52856281130982,40.030558616227424,4225600,0,0.0,251170.61442947394,0.0,251170.61442947394,151.17061442947394,0.0
2022-07-15,41.43054962158203,41.4390795804984,40.88347211702799,41.10278948267971,3084000,0,0.0,251170.61442947394,0.0,251170.61442947394,151.17061442947394,0.0
2022-07-18,41.05648422241211,42.01173913134181,40.91270943637128,41.82288273598119,3815200,0,0.0,251170.61442947394,0.0,251170.61442947394,151.17061442947394,0.0
2022-07-19,42.29197311401367,42.35289499873039,41.27945168749213,41.53897951132559,3294400,0,0.0,251170.61442947394,0.0,251170.61442947394,151.17061442947394,0.0
2022-07-20,43.082740783691406,43.255760583601074,42.22008847620516,42.313906846141776,4147200,0,0.0,251170.61442947394,0.0,251170.61442947394,151.17061442947394,0.0
2022-07-21,43.70902633666992,43.71024224613482,42.72087121622033,43.13026830488904,3533600,0,0.0,251170.61442947394,0.0,251170.61442947394,151.17061442947394,0.0
2022-07-22,43.02669143676758,43.87715857836104,42.77812910284795,43.65906090556013,3590400,0,0.0,251170.61442947394,0.0,251170.61442947394,151.17061442947394,0.0
2022-07-25,42.75011444091797,42.99867683730659,42.41991877975583,42.99867683730659,4684800,0,0.0,251170.61442947394,0.0,251170.61442947394,151.17061442947394,0.0
2022-07-26,41.94472503662109,42.656292329599154,41.822881245665045,42.62583138186014,2520800,0,0.0,251170.61442947394,0.0,251170.61442947394,151.17061442947394,0.0
2022-07-27,43.758975982666016,43.95148751479475,42.60267600710849,42.65506793895895,5748000,0,0.0,251170.61442947394,0.0,251170.61442947394,151.17061442947394,0.0
2022-07-28,44.38282012939453,44.481513301811255,43.36785927653781,43.77725634443975,3670400,1,5659.0,8.235317230282817,251162.37911224365,251170.61442947394,151.17061442947394,0.0
2022-07-29,45.106571197509766,45.22110465415756,44.33651757530937,44.54852457369357,4623200,0,5659.0,8.235317230282817,255258.08640670776,255266.32172393805,155.26632172393806,1.630647479908176
2022-08-01,45.02614974975586,45.48427981622728,44.55095976992749,44.74103576185883,4644000,0,5659.0,8.235317230282817,254802.9814338684,254811.2167510987,154.8112167510987,-0.1782863363117393
2022-08-02,44.79342651367188,45.31735324613602,44.41571007664159,44.60822160039474,4469600,0,5659.0,8.235317230282817,253486.00064086917,253494.23595809945,153.49423595809944,-0.516845690621881
2022-08-03,46.09228515625,46.187323157108565,45.02493244016373,45.02493244016373,3915200,0,5659.0,8.235317230282817,260836.24169921875,260844.47701644903,160.84447701644905,2.8995693060115624
2022-08-04,46.23850631713867,46.2433811106898,45.68411846838895,46.02527964940755,2700800,0,5659.0,8.235317230282817,261663.70724868774,261671.94256591803,161.67194256591802,0.3172256353416447
2022-08-05,46.16661071777344,46.31526028847466,45.45504343915723,45.49037917896696,2719200,0,5659.0,8.235317230282817,261256.85005187988,261265.08536911017,161.26508536911018,-0.15548369183883137
2022-08-08,45.84615707397461,46.568693504498135,45.60977984685174,46.1337103240154,4252800,0,5659.0,8.235317230282817,259443.4028816223,259451.6381988526,159.4516381988526,-0.6941023779337252
2022-08-09,45.28324508666992,45.51840271559006,45.04077712761385,45.47941552765755,3160000,0,5659.0,8.235317230282817,256257.8839454651,256266.11926269537,156.26611926269538,-1.227789100994514
2022-08-10,46.66495132446289,46.700287064240776,46.10568878197176,46.39689722103785,5209600,0,5659.0,8.235317230282817,264076.9595451355,264085.1948623658,164.0851948623658,3.051154644307541
2022-08-11,46.39445877075195,47.26198968256173,46.3384116682668,46.99149631891266,4467200,0,5659.0,8.235317230282817,262546.2421836853,262554.4775009156,162.5544775009156,-0.5796301311960961
2022-08-12,47.35823822021485,47.35823822021485,46.57965842090662,46.77460920723973,2770400,0,5659.0,8.235317230282817,268000.27008819586,268008.50540542614,168.00850540542615,2.0772938082884274
2022-08-15,47.64457321166992,47.71402505877809,47.15354292631445,47.20106378540227,2602400,0,5659.0,8.235317230282817,269620.6398048401,269628.87512207037,169.62887512207038,0.6045963780862307
2022-08-16,47.4788703918457,47.7067176799173,47.00124110794852,47.387487551065504,2853600,0,5659.0,8.235317230282817,268682.92754745483,268691.1628646851,168.69116286468514,-0.3477788708500573
2022-08-17,47.079227447509766,47.41307826807371,46.725877454453645,47.07800781963459,4396800,0,5659.0,8.235317230282817,266421.34812545776,266429.58344268805,166.42958344268806,-0.841702197379679
2022-08-18,47.32534408569336,47.51054529678542,46.94640798793238,47.09993234401826,2100000,0,5659.0,8.235317230282817,267814.1221809387,267822.357498169,167.82235749816897,0.5227550324870656
2022-08-19,46.4139518737793,46.95859373848548,46.3250082909772,46.88061565006814,2844800,0,5659.0,8.235317230282817,262656.55365371704,262664.7889709473,162.66478897094734,-1.925742337346481
2022-08-22,45.14068603515625,45.793766926791314,45.02371332632061,45.793766926791314,3716800,0,5659.0,8.235317230282817,255451.14227294922,255459.3775901795,155.45937759017949,-2.7431965315932727
2022-08-23,45.03468322753906,45.53424353007574,44.985946453276895,45.071238597018834,2160800,0,5659.0,8.235317230282817,254851.27238464355,254859.50770187384,154.8595077018738,-0.23482006961905721
2022-08-24,45.10778427124024,45.31248464542215,44.89577728618355,45.01518552792491,2732800,0,5659.0,8.235317230282817,255264.95119094852,255273.1865081788,155.2731865081788,0.1623164111220321
2022-08-25,45.92658233642578,45.94242262526096,45.23329082156221,45.32832883619562,1689600,0,5659.0,8.235317230282817,259898.5294418335,259906.76475906378,159.90676475906378,1.815144909759847
2022-08-26,43.9819564819336,46.00943537333336,43.9783013166814,45.92658248203185,4351200,0,5659.0,8.235317230282817,248893.89173126224,248902.12704849252,148.90212704849253,-4.234071291208085
2022-08-29,43.41415786743164,43.86132618552256,43.24966801729662,43.5238165280626,4378400,0,5659.0,8.235317230282817,245680.71937179565,245688.95468902594,145.6889546890259,-1.2909380878213916
2022-08-30,42.97674179077149,43.74070101604644,42.58440463793297,43.70414936636912,3971200,0,5659.0,8.235317230282817,243205.38179397586,243213.61711120614,143.21361711120613,-1.0075086936459532
2022-08-31,42.55760192871094,43.39832339739906,42.54663643301586,43.27160852378196,3450400,0,5659.0,8.235317230282817,240833.4693145752,240841.70463180548,140.84170463180547,-0.9752383553080946
2022-09-01,42.18474960327149,42.24079669553565,41.30260191079156,42.07874611980657,4958400,0,5659.0,8.235317230282817,238723.49800491336,238731.73332214364,138.73173332214367,-0.8760822021615877
2022-09-02,41.6888542175293,42.88292565393304,41.45978728523081,42.64532876347124,4327200,0,5659.0,8.235317230282817,235917.2260169983,235925.46133422857,135.92546133422857,-1.1754918162171113
2022-09-06,41.386680603027344,41.874055749103725,41.122277950194906,41.7680485313952,4844000,0,5659.0,8.235317230282817,234207.22553253174,234215.46084976202,134.21546084976202,-0.7248054003141435
2022-09-07,42.04584503173828,42.22008444265581,41.3050365723668,41.44759541432175,4394400,0,5659.0,8.235317230282817,237937.43703460693,237945.67235183722,137.9456723518372,1.592641018889851
2022-09-08,42.29928588867188,42.46743089515328,41.562128809947446,41.74123931010673,3164000,0,5659.0,8.235317230282817,239371.65884399417,239379.89416122445,139.37989416122446,0.6027517942274407
2022-09-09,43.2131233215332,43.29963137992356,42.63680079868358,42.64411112934317,2464000,0,5659.0,8.235317230282817,244543.0648765564,244551.30019378668,144.5513001937867,2.160334329949709
2022-09-12,43.89787292480469,43.90518325347092,43.45557944861386,43.45557944861386,2427200,0,5659.0,8.235317230282817,248418.06288146973,248426.2981987,148.42629819869998,1.5845337979567997
2022-09-13,41.59868621826172,42.79397342679275,41.492682722455775,42.65019865589222,5641600,0,5659.0,8.235317230282817,235406.96530914307,235415.20062637335,135.41520062637335,-5.23740749939442
2022-09-14,41.77901077270508,42.01051318478518,41.36595862051012,41.792411802164864,3512000,-1,0.0,236435.65727996832,0.0,236435.65727996832,136.43565727996832,0.43347101244093356
2022-09-15,40.84934616088867,41.733929459778565,40.619059635880376,41.41469935668143,4664800,0,0.0,236435.65727996832,0.0,236435.65727996832,136.43565727996832,0.0
2022-09-16,40.54352188110352,40.60444377724342,39.98791448577782,40.43142395612002,5660800,0,0.0,236435.65727996832,0.0,236435.65727996832,136.43565727996832,0.0
2022-09-19,40.86152267456055,40.893203242898345,40.14630037894567,40.15726587143724,21616800,0,0.0,236435.65727996832,0.0,236435.65727996832,136.43565727996832,0.0
2022-09-20,40.60809326171875,40.88102212836543,40.26936771529942,40.47284845602838,3777600,0,0.0,236435.65727996832,0.0,236435.65727996832,136.43565727996832,0.0
2022-09-21,39.992794036865234,41.42689430400855,39.992794036865234,40.80061535235597,4010400,0,0.0,236435.65727996832,0.0,236435.65727996832,136.43565727996832,0.0
2022-09-22,39.46641540527344,39.94769605865456,39.26780946816009,39.79905023108691,5844000,0,0.0,236435.65727996832,0.0,236435.65727996832,136.43565727996832,0.0
2022-09-23,38.90715789794922,39.173996081684365,38.42099867255902,39.10332460485721,20828800,0,0.0,236435.65727996832,0.0,236435.65727996832,136.43565727996832,0.0
2022-09-26,38.65372467041016,39.50785087063217,38.54894079062462,38.82308933174697,9041600,0,0.0,236435.65727996832,0.0,236435.65727996832,136.43565727996832,0.0
2022-09-27,38.79263305664063,39.5663419984813,38.40517063091514,39.1788758543778,18527200,0,0.0,236435.65727996832,0.0,236435.65727996832,136.43565727996832,0.0
2022-09-28,39.24256896972656,39.43310216023875,38.285016499446606,38.51463437706922,11395200,0,0.0,236435.65727996832,0.0,236435.65727996832,136.43565727996832,0.0
2022-09-29,38.23494338989258,38.73204131580231,37.781816672776365,38.67585940259177,21222400,0,0.0,236435.65727996832,0.0,236435.65727996832,136.43565727996832,0.0
2022-09-30,37.54120635986328,38.70150653907475,37.51433610135712,38.08959967287413,7930400,0,0.0,236435.65727996832,0.0,236435.65727996832,136.43565727996832,0.0
2022-10-03,38.680755615234375,38.89083122089122,37.65113877151942,37.87220625029921,6112000,0,0.0,236435.65727996832,0.0,236435.65727996832,136.43565727996832,0.0
2022-10-04,40.03524017333984,40.05478251713976,39.42211078449544,39.4502036025805,7688800,0,0.0,236435.65727996832,0.0,236435.65727996832,136.43565727996832,0.0
2022-10-05,40.16226196289063,40.42730058864413,39.22791573100402,39.44898314902813,4501600,0,0.0,236435.65727996832,0.0,236435.65727996832,136.43565727996832,0.0
2022-10-06,39.85813522338867,40.52133735846871,39.80561727766126,40.03523512922913,12241600,0,0.0,236435.65727996832,0.0,236435.65727996832,136.43565727996832,0.0
2022-10-07,38.19953155517578,39.07403205807218,38.01266227897602,39.07403205807218,6406400,0,0.0,236435.65727996832,0.0,236435.65727996832,136.43565727996832,0.0
2022-10-10,37.50945281982422,38.26181639559442,37.121058462984735,38.19464260719342,7816000,0,0.0,236435.65727996832,0.0,236435.65727996832,136.43565727996832,0.0
2022-10-11,36.89876174926758,37.53509741772879,36.61784848683364,37.25784438435981,8125600,0,0.0,236435.65727996832,0.0,236435.65727996832,136.43565727996832,0.0
2022-10-12,36.76686096191406,37.16136438456746,36.659379922471565,36.96716721311533,6149600,0,0.0,236435.65727996832,0.0,236435.65727996832,136.43565727996832,0.0
2022-10-13,37.81968307495117,38.0151028228785,35.617555340039225,35.76656247851012,10500800,0,0.0,236435.65727996832,0.0,236435.65727996832,136.43565727996832,0.0
2022-10-14,36.74365234375,38.23372351972881,36.683806475371895,38.19830278684409,4932800,0,0.0,236435.65727996832,0.0,236435.65727996832,136.43565727996832,0.0
2022-10-17,37.905181884765625,38.06029438229472,37.61205411489465,37.64258833524208,3719200,0,0.0,236435.65727996832,0.0,236435.65727996832,136.43565727996832,0.0
2022-10-18,38.29479217529297,39.0593663852578,37.81723660482528,38.87127830429701,10937600,0,0.0,236435.65727996832,0.0,236435.65727996832,136.43565727996832,0.0
2022-10-19,38.10670471191406,38.49265768127486,37.731743613941575,37.94670570505938,3305600,0,0.0,236435.65727996832,0.0,236435.65727996832,136.43565727996832,0.0
2022-10-20,38.1274642944336,38.96165738782564,37.94181388628511,38.14212012090404,3848800,0,0.0,236435.65727996832,0.0,236435.65727996832,136.43565727996832,0.0
2022-10-21,39.13143157958984,39.20593327738904,37.88685663935868,38.02853212131524,3866400,0,0.0,236435.65727996832,0.0,236435.65727996832,136.43565727996832,0.0
2022-10-24,39.59311294555664,39.73112448522757,38.73570968594653,39.28898958810477,3692800,0,0.0,236435.65727996832,0.0,236435.65727996832,136.43565727996832,0.0
2022-10-25,40.46028900146485,40.4871592682126,39.71281177943752,39.71281177943752,5120000,0,0.0,236435.65727996832,0.0,236435.65727996832,136.43565727996832,0.0
2022-10-26,39.6468505859375,40.500589906510605,39.46486782859012,39.50883904332933,4164800,0,0.0,236435.65727996832,0.0,236435.65727996832,136.43565727996832,0.0
2022-10-27,39.23646545410156,40.04501085401393,39.15585468090954,39.74944174629763,4268000,0,0.0,236435.65727996832,0.0,236435.65727996832,136.43565727996832,0.0
2022-10-28,40.815696716308594,40.90485796973663,39.401353457371854,39.401353457371854,4392800,0,0.0,236435.65727996832,0.0,236435.65727996832,136.43565727996832,0.0
2022-10-31,40.32959365844727,40.58852321166744,40.102417155032505,40.44440260786697,4328800,0,0.0,236435.65727996832,0.0,236435.65727996832,136.43565727996832,0.0
2022-11-01,40.01814651489258,40.935395642704265,39.849597030319394,40.838906467402495,3250400,0,0.0,236435.65727996832,0.0,236435.65727996832,136.43565727996832,0.0
2022-11-02,38.537845611572266,40.39676888200801,38.53662305015574,39.99616010613341,4452800,0,0.0,236435.65727996832,0.0,236435.65727996832,136.43565727996832,0.0
2022-11-03,37.44105911254883,38.114034514801375,37.41297001560515,38.01143998277181,16798400,0,0.0,236435.65727996832,0.0,236435.65727996832,136.43565727996832,0.0
2022-11-04,37.92715835571289,38.267921233093546,37.07830570190679,38.094485254757686,5880800,0,0.0,236435.65727996832,0.0,236435.65727996832,136.43565727996832,0.0
2022-11-07,38.48899459838867,38.55250443251532,37.69021838013386,38.08838579141066,5656000,0,0.0,236435.65727996832,0.0,236435.65727996832,136.43565727996832,0.0
2022-11-08,38.84684753417969,39.3732570773997,38.30211820830071,38.81142680282502,4400800,0,0.0,236435.65727996832,0.0,236435.65727996832,136.43565727996832,0.0
2022-11-09,37.81235504150391,38.56838260308821,37.75250916493096,38.45968272151765,5304800,0,0.0,236435.65727996832,0.0,236435.65727996832,136.43565727996832,0.0
2022-11-10,41.01600646972656,41.055091164486406,39.589448656887,39.73234671407782,10920800,0,0.0,236435.65727996832,0.0,236435.65727996832,136.43565727996832,0.0
2022-11-11,41.85264205932617,41.975997761020125,40.80592820946673,40.9585992939624,10211200,0,0.0,236435.65727996832,0.0,236435.65727996832,136.43565727996832,0.0
2022-11-14,41.4532585144043,41.95646189019147,41.20409822240373,41.48623785923086,7431200,0,0.0,236435.65727996832,0.0,236435.65727996832,136.43565727996832,0.0
2022-11-15,42.05172348022461,42.594011489336616,41.63401746586523,42.4010368718663,7284000,0,0.0,236435.65727996832,0.0,236435.65727996832,136.43565727996832,0.0
2022-11-16,41.33477783203125,41.78424059528771,41.1918797889937,41.68775515676536,4236000,1,5720.0,0.7280807495699264,236434.92919921875,236435.65727996832,136.43565727996832,0.0
2022-11-17,41.31157684326172,41.510660552803394,40.59219256271292,40.68868174096697,5818400,0,5720.0,0.7280807495699264,236302.21954345703,236302.9476242066,136.30294762420658,-0.056129290009998556
2022-11-18,41.35798645019531,41.85142045016253,41.03188309359264,41.83187810362386,3657600,0,5720.0,0.7280807495699264,236567.6824951172,236568.41057586676,136.56841057586675,0.11234009322740324
2022-11-21,40.86577987670898,41.24806892286704,40.76684929811292,41.10150317003927,8136800,0,5720.0,0.7280807495699264,233752.26089477536,233752.98897552493,133.75298897552494,-1.1901088541316218
2022-11-22,41.59737396240234,41.62302538903146,40.69844837928741,40.97081494395893,4137600,0,5720.0,0.7280807495699264,237936.97906494138,237937.70714569095,137.93770714569095,1.7902308708463988
2022-11-23,42.041954040527344,42.13722065116756,41.52043094126023,41.54363724502196,3524800,0,5720.0,0.7280807495699264,240479.9771118164,240480.70519256598,140.48070519256598,1.068766307526836
2022-11-25,41.77812957763672,41.90881689845556,41.65110621313426,41.74393140957692,1474400,0,5720.0,0.7280807495699264,238970.90118408203,238971.6292648316,138.97162926483162,-0.6275247432121378
2022-11-28,40.89508438110352,41.59126599424453,40.73264399260863,41.40683813754718,5042400,0,5720.0,0.7280807495699264,233919.88265991214,233920.6107406617,133.92061074066171,-2.113647774720695
2022-11-29,40.51646423339844,40.98424679400611,40.357684069899136,40.91585044666903,4314400,0,5720.0,0.7280807495699264,231754.17541503906,231754.90349578863,131.75490349578865,-0.925830023278329
2022-11-30,42.49629211425781,42.50362002642156,40.44317214622465,40.56164502929916,4823200,0,5720.0,0.7280807495699264,243078.7908935547,243079.51897430426,143.07951897430425,4.886462080281895
2022-12-01,42.646522521972656,42.85903943311813,42.09202021875288,42.55736128597731,11018400,0,5720.0,0.7280807495699264,243938.1088256836,243938.83690643316,143.93883690643315,0.3535130955313992
2022-12-02,42.40713882446289,42.53416220463205,41.77447077366465,41.86485085882977,4314400,0,5720.0,0.7280807495699264,242568.83407592773,242569.5621566773,142.56956215667728,-0.5613188810443814
2022-12-05,41.59981918334961,42.29599711459013,41.34333100770456,42.0908080650027,3923200,0,5720.0,0.7280807495699264,237950.96572875977,237951.69380950934,137.95169380950932,-1.9037295141693278
2022-12-06,40.69600296020508,41.64866897065825,40.42607781780906,41.64866897065825,6495200,0,5720.0,0.7280807495699264,232781.13693237305,232781.86501312262,132.78186501312263,-2.1726379474841573
2022-12-07,40.51035690307617,40.79737929839708,40.21722915506991,40.56654254799621,6806400,0,5720.0,0.7280807495699264,231719.2414855957,231719.96956634527,131.71996956634527,-0.4561761916966667
2022-12-08,41.21630859375,41.34210942529639,40.50669365163082,40.7924934904647,3288000,0,5720.0,0.7280807495699264,235757.28515625,235758.01323699957,135.75801323699957,1.7426394791140831
2022-12-09,40.965919494628906,41.53629647161221,40.83889613259491,41.04653025934352,11598400,0,5720.0,0.7280807495699264,234325.05950927734,234325.7875900269,134.32578759002692,-0.6074981831191817
2022-12-12,41.86485290527344,41.86973942364376,41.03798765069485,41.06119395380209,4852000,0,5720.0,0.7280807495699264,239466.95861816406,239467.68669891363,139.46768669891364,2.1943377046844237
2022-12-13,42.3643798828125,43.66025361234449,41.96010726589095,43.43674484914908,7354400,0,5720.0,0.7280807495699264,242324.2529296875,242324.98101043707,142.32498101043709,1.1931857491553677
2022-12-14,42.04806137084961,42.83095920096236,41.55340850912956,42.31432259590402,5572000,0,5720.0,0.7280807495699264,240514.91104125977,240515.63912200934,140.51563912200936,-0.7466592510946279
2022-12-15,40.45526885986328,41.478924055441325,40.33526944650416,41.387088799230014,5430400,0,5720.0,0.7280807495699264,231404.13787841797,231404.86595916754,131.40486595916755,-3.788016943970973
2022-12-16,39.926300048828125,40.53118861658104,39.72915840675503,40.34017156747869,5028800,0,5720.0,0.7280807495699264,228378.43627929688,228379.16436004644,128.37916436004645,-1.3075358578047314
2022-12-19,39.35079956054688,40.004666221215565,39.09611139445344,39.99854536472157,12659200,0,5720.0,0.7280807495699264,225086.57348632815,225087.30156707772,125.0873015670777,-1.4414024161061412
2022-12-20,39.43773651123047,39.63855142763672,38.94794840696548,39.102232855580695,6608800,0,5720.0,0.7280807495699264,225583.85284423828,225584.58092498785,125.58458092498785,0.22092732661862513
2022-12-21,40.06221389770508,40.25323094419732,39.50018254128141,39.611609774532944,4402400,0,5720.0,0.7280807495699264,229155.86349487305,229156.59157562262,129.15659157562263,1.583446278104672
2022-12-22,39.06916809082031,39.58834221363878,38.41774910557205,39.58589461869977,5084800,0,5720.0,0.7280807495699264,223475.6414794922,223476.36956024176,123.47636956024175,-2.47875130989037
2022-12-23,39.08386993408203,39.12427581199731,38.48142886947254,38.82795607585328,7944800,0,5720.0,0.7280807495699264,223559.73602294922,223560.4641036988,123.56046410369879,0.0376301725424133
2022-12-27,38.70182800292969,39.00059901133216,38.49856551447317,38.998147679547486,5281600,0,5720.0,0.7280807495699264,221374.4561767578,221375.18425750738,121.3751842575074,-0.977489403125309
2022-12-28,38.09326934814453,38.92468567505984,38.05041214302356,38.63938202077554,4907200,0,5720.0,0.7280807495699264,217893.50067138672,217894.2287521363,117.89422875213629,-1.5724235383682283
2022-12-29,39.131614685058594,39.27243173913068,38.4287700277422,38.51448443136988,4965600,0,5720.0,0.7280807495699264,223832.83599853516,223833.56407928473,123.83356407928474,2.7257882694565083
2022-12-30,39.110801696777344,39.110801696777344,38.50101421391537,38.72264301318334,4978400,-1,0.0,223714.51378631598,0.0,223714.51378631598,123.71451378631599,-0.053186971068641675
2023-01-03,38.736114501953125,39.81609808667671,38.48142261447504,39.4720185317148,5940000,0,0.0,223714.51378631598,0.0,223714.51378631598,123.71451378631599,0.0
2023-01-04,38.90386962890625,39.159783467323074,38.49612267254312,38.9393803130922,4561600,0,0.0,223714.51378631598,0.0,223714.51378631598,123.71451378631599,0.0
2023-01-05,38.0981674194336,38.69325814021097,38.04306476597503,38.68468595202204,4448800,0,0.0,223714.51378631598,0.0,223714.51378631598,123.71451378631599,0.0
2023-01-06,39.18794250488281,39.36304083404391,37.95857346631867,38.42632194586135,6175200,0,0.0,223714.51378631598,0.0,223714.51378631598,123.71451378631599,0.0
2023-01-09,39.67894744873047,40.38057007910199,39.55895178452709,39.59691005423866,5166400,0,0.0,223714.51378631598,0.0,223714.51378631598,123.71451378631599,0.0
2023-01-10,39.93609237670898,39.977723912541705,39.33977602376173,39.57365026603463,18122400,0,0.0,223714.51378631598,0.0,223714.51378631598,123.71451378631599,0.0
2023-01-11,40.60955810546875,40.62057789012157,39.91283418260727,40.07323949830988,4167200,0,0.0,223714.51378631598,0.0,223714.51378631598,123.71451378631599,0.0
2023-01-12,40.92669296264648,41.08097741188761,40.13691188338713,40.66588019818141,4303200,0,0.0,223714.51378631598,0.0,223714.51378631598,123.71451378631599,0.0
2023-01-13,41.09933853149414,41.12627702340965,40.44914520144642,40.54955264738478,3956800,0,0.0,223714.51378631598,0.0,223714.51378631598,123.71451378631599,0.0
2023-01-17,41.3050537109375,41.50586862759752,40.95240941432189,41.00628640480205,4362400,0,0.0,223714.51378631598,0.0,223714.51378631598,123.71451378631599,0.0
2023-01-18,40.784645080566406,41.814424798090734,40.75403333059286,41.58422384040394,5846400,0,0.0,223714.51378631598,0.0,223714.51378631598,123.71451378631599,0.0
2023-01-19,40.28384017944336,40.653632537104464,40.11853970719704,40.46261550255596,6995200,0,0.0,223714.51378631598,0.0,223714.51378631598,123.71451378631599,0.0
2023-01-20,41.41158676147461,41.41158676147461,40.3536426357507,40.52629339530093,4633600,0,0.0,223714.51378631598,0.0,223714.51378631598,123.71451378631599,0.0
2023-01-23,42.39482879638672,42.57972123689088,41.50586232523376,41.56218690244266,10939200,0,0.0,223714.51378631598,0.0,223714.51378631598,123.71451378631599,0.0
2023-01-24,42.32380294799805,42.48665954346171,42.08013462444717,42.17074420470514,4677600,0,0.0,223714.51378631598,0.0,223714.51378631598,123.71451378631599,0.0
2023-01-25,42.23442840576172,42.32748560131997,41.17158541652156,41.58913020929688,5066400,0,0.0,223714.51378631598,0.0,223714.51378631598,123.71451378631599,0.0
2023-01-26,42.90665817260742,42.93114533307793,42.19156806678734,42.68013045173412,3876800,0,0.0,223714.51378631598,0.0,223714.51378631598,123.71451378631599,0.0
2023-01-27,43.10379409790039,43.40991161567739,42.61155847455797,42.63482370485192,4538400,0,0.0,223714.51378631598,0.0,223714.51378631598,123.71451378631599,0.0
2023-01-30,42.2613639831543,42.80380335549019,42.23442549074465,42.59809326988176,4832000,0,0.0,223714.51378631598,0.0,223714.51378631598,123.71451378631599,0.0
2023-01-31,42.90298843383789,42.91278255147289,42.240549592271776,42.29687417644284,4666400,1,5214.0,18.332092285214458,223696.18169403076,223714.51378631598,123.71451378631599,0.0
2023-02-01,43.95602798461914,44.28908399363458,42.735231173510336,42.87971774516031,4440000,0,5214.0,18.332092285214458,229186.7299118042,229205.0620040894,129.20506200408943,2.4542655390779933
2023-02-02,45.26620864868164,45.47681765018262,44.57315814068175,44.7458088689575,11626400,0,5214.0,18.332092285214458,236018.01189422607,236036.3439865113,136.03634398651127,2.980423696881518
2023-02-03,44.78622055053711,45.53559567020152,44.260921819875776,44.260921819875776,6144800,0,5214.0,18.332092285214458,233515.3539505005,233533.6860427857,133.5336860427857,-1.0602849974106543
2023-02-06,44.19847106933594,44.597649512162505,44.02459841015149,44.31969614856661,2552800,0,5214.0,18.332092285214458,230450.82815551758,230469.1602478028,130.4691602478028,-1.3122414358763934
2023-02-07,45.25764083862305,45.40580442190187,44.20459946605549,44.25235186027289,4283200,0,5214.0,18.332092285214458,235973.33933258057,235991.67142486578,135.99167142486576,2.396203974156519
2023-02-08,44.6845932006836,45.57600741843293,44.61602316368647,45.241729422268655,10204000,0,5214.0,18.332092285214458,232985.4689483643,233003.8010406495,133.00380104064948,-1.2660914540653767
2023-02-09,44.49602127075195,45.47192036439273,44.28908552252236,45.39110862523254,3124000,0,5214.0,18.332092285214458,232002.25490570068,232020.5869979859,132.0205869979859,-0.42197339196714534
2023-02-10,44.21316909790039,44.32826959762309,43.79807563608958,44.12378516330631,2697600,0,5214.0,18.332092285214458,230527.46367645264,230545.79576873785,130.54579576873783,-0.635629470785215
2023-02-13,44.96499252319336,45.0727464931419,44.33561307907864,44.42132748338851,7828000,0,5214.0,18.332092285214458,234447.47101593018,234465.8031082154,134.4658031082154,1.7003161243546172
2023-02-14,45.20376205444336,45.45355125180565,44.46418110490641,44.74703338485048,4117600,0,5214.0,18.332092285214458,235692.41535186768,235710.7474441529,135.71074744415287,0.530970537892439
2023-02-15,45.52212524414063,45.52335091005748,44.89887038863061,44.97233934470195,3173600,0,5214.0,18.332092285214458,237352.36102294925,237370.69311523446,137.37069311523445,0.7042299466955226
2023-02-16,44.691932678222656,45.36661689447618,44.68703748834222,44.844991439675006,3686400,0,5214.0,18.332092285214458,233023.73698425293,233042.06907653814,133.04206907653816,-1.8235713861251335
2023-02-17,44.14459609985352,44.43112166392536,43.7576630875689,44.42867406889077,3313600,0,5214.0,18.332092285214458,230169.92406463626,230188.25615692147,130.18825615692145,-1.2245913070225045
2023-02-21,43.07686233520508,43.817669086006525,43.048701910714215,43.54583653829054,8300800,0,5214.0,18.332092285214458,224602.76021575928,224621.0923080445,124.6210923080445,-2.418526445190061
2023-02-22,43.06705856323242,43.379296915427815,42.84175653387656,43.14297510459533,3920800,0,5214.0,18.332092285214458,224551.64334869385,224569.97544097906,124.56997544097908,-0.022756931034473293
2023-02-23,43.72950744628906,43.86419992364177,43.07931403043621,43.837261428171225,3250400,0,5214.0,18.332092285214458,228005.65182495117,228023.9839172364,128.0239839172364,1.538054439145231
2023-02-24,42.96910858154297,43.11971601996933,42.698497985176346,43.01074011864867,3160000,0,5214.0,18.332092285214458,224040.93214416504,224059.26423645025,124.05926423645025,-1.7387292392124665
2023-02-27,43.161354064941406,43.60093847109295,43.10013054759239,43.407473800456295,4657600,0,5214.0,18.332092285214458,225043.3000946045,225061.6321868897,125.06163218688972,0.44736733107435533
2023-02-28,43.11603927612305,43.51154445185862,42.97889922690303,43.057267104620806,1655200,0,5214.0,18.332092285214458,224807.02878570557,224825.36087799078,124.82536087799079,-0.10498071421730648
2023-03-01,42.782989501953125,43.22379953636688,42.66666707105188,43.119718818454565,3965600,0,5214.0,18.332092285214458,223070.5072631836,223088.8393554688,123.08883935546882,-0.7723868498378028
2023-03-02,43.29114532470703,43.41114475758435,42.51483161434579,42.651971688041726,2244000,0,5214.0,18.332092285214458,225720.03172302246,225738.36381530768,125.7383638153077,1.187654419420392
2023-03-03,44.1996955871582,44.21438862988668,43.49439964190312,43.54582902823883,3400800,0,5214.0,18.332092285214458,230457.21279144287,230475.5448837281,130.47554488372808,2.0985272455931403
2023-03-06,44.360107421875,44.97846339441028,44.33072133207444,44.49479989477191,4308800,0,5214.0,18.332092285214458,231293.60009765625,231311.93218994146,131.31193218994147,0.3628963353293324
2023-03-07,43.8139877319336,44.50213929438904,43.69888724958845,44.358874655968464,2481600,0,5214.0,18.332092285214458,228446.1320343018,228464.464126587,128.464464126587,-1.2310078586937223
2023-03-08,44.1605110168457,44.220512589509866,43.7441919527561,43.93643464487047,3632800,0,5214.0,18.332092285214458,230252.9044418335,230271.2365341187,130.2712365341187,0.7908330139827058
2023-03-09,43.46501541137695,44.70050529733629,43.39032079193812,44.21316485092306,4271200,0,5214.0,18.332092285214458,226626.59035491943,226644.92244720465,126.64492244720465,-1.5748011525428929
2023-03-10,42.60544204711914,43.44420114357576,42.41564692429936,43.38665089478075,5624800,0,5214.0,18.332092285214458,222144.7748336792,222163.1069259644,122.16310692596441,-1.9774612520976453
2023-03-13,42.80379104614258,43.41112701143009,42.04706961804967,42.3384902871295,13410400,0,5214.0,18.332092285214458,223178.9665145874,223197.29860687262,123.19729860687261,0.4655100908598886
2023-03-14,43.76990509033203,43.92663710629138,43.1797133698391,43.39276996145005,4953600,0,5214.0,18.332092285214458,228216.2851409912,228234.61723327643,128.2346172332764,2.256890499054043
2023-03-15,43.75399017333984,43.798073041815925,43.04012572093116,43.36460956293511,11355200,0,5214.0,18.332092285214458,228133.30476379392,228151.63685607913,128.1516368560791,-0.03635748958821239
2023-03-16,44.94907760620117,44.996833739234106,43.447875895706666,43.653589736050655,11621600,0,5214.0,18.332092285214458,234364.4906387329,234382.82273101812,134.3828227310181,2.7311598377309565
2023-03-17,44.82662963867188,45.350702741058505,44.56826821704424,45.05070978054812,4109600,0,5214.0,18.332092285214458,233726.04693603519,233744.3790283204,133.74437902832042,-0.27239355480858096
2023-03-20,44.96376419067383,45.03478554701262,44.44948900567299,44.75070759522963,3489600,0,5214.0,18.332092285214458,234441.06649017334,234459.39858245855,134.45939858245856,0.30589807425980275
2023-03-21,45.470703125,45.53682556428242,44.884180833543134,45.246622978404375,11869600,0,5214.0,18.332092285214458,237084.24609375,237102.5781860352,137.1025781860352,1.1273506711854342
2023-03-22,44.9184684753418,46.299670837755535,44.9184684753418,45.43519509645827,4698400,0,5214.0,18.332092285214458,234204.89463043213,234223.22672271734,134.22322672271733,-1.2143906174899022
2023-03-23,45.55274200439453,46.22620065829219,45.163361352242525,45.426621715045165,4759200,0,5214.0,18.332092285214458,237511.9968109131,237530.3289031983,137.5303289031983,1.411944590958969
2023-03-24,45.635196685791016,45.635196685791016,45.071992849536365,45.42046881066511,2968800,0,5214.0,18.332092285214458,237941.91551971436,237960.24761199957,137.96024761199956,0.18099529049044882
2023-03-27,45.34929656982422,45.92353931963225,45.24009406247096,45.689178748781565,4939200,0,5214.0,18.332092285214458,236451.23231506348,236469.5644073487,136.46956440734868,-0.6264421135926401
2023-03-28,45.15420150756836,45.31494034924,44.77137300695936,45.3124876645898,4691200,0,5214.0,18.332092285214458,235434.00666046143,235452.33875274664,135.45233875274664,-0.43017191542238375
2023-03-29,46.07691192626953,46.17629994091516,45.63150818208847,45.694083463255794,3072000,0,5214.0,18.332092285214458,240245.01878356934,240263.35087585455,140.26335087585454,2.0433061521465845
2023-03-30,46.54196166992188,46.63398790565813,46.26097384833122,46.4560690187452,2971200,0,5214.0,18.332092285214458,242669.78814697269,242688.1202392579,142.6881202392579,1.0092131632078338
2023-03-31,47.29779815673828,47.33338267843389,46.49042306715024,46.54072744097522,4052800,0,5214.0,18.332092285214458,246610.7195892334,246629.0516815186,146.6290516815186,1.6238666476033004
2023-04-03,47.2352180480957,47.28061705169351,46.80330966208594,47.02417109644804,6167200,0,5214.0,18.332092285214458,246284.426902771,246302.7589950562,146.3027589950562,-0.13230099383577665
2023-04-04,46.93582534790039,47.39963735149745,46.7775429440183,47.28920663531844,3695200,0,5214.0,18.332092285214458,244723.39336395264,244741.72545623785,144.74172545623784,-0.6337864606907218
2023-04-05,46.37140274047852,46.70883223086114,46.03274503550909,46.703923117070616,9765600,0,5214.0,18.332092285214458,241780.493888855,241798.82598114022,141.79882598114025,-1.202451061261245
2023-04-06,46.61189270019531,46.640111676700336,45.82414664043709,46.03765000872091,2229600,0,5214.0,18.332092285214458,243034.40853881836,243052.74063110357,143.05274063110355,0.5185776419200483
2023-04-10,46.584903717041016,46.584903717041016,45.94685371004692,46.16035710364518,2392800,0,5214.0,18.332092285214458,242893.68798065186,242912.02007293707,142.91202007293705,-0.05789712874708641
2023-04-11,46.23888397216797,46.54686627619516,46.10882053782208,46.511281753347546,13228800,0,5214.0,18.332092285214458,241089.5410308838,241107.873123169,141.107873123169,-0.7427162102667251
2023-04-12,45.96157836914063,46.72601092948374,45.8990030794402,46.51373574560321,3059200,0,5214.0,18.332092285214458,239643.66961669925,239662.00170898446,139.66200170898446,-0.599678225126199
2023-04-13,46.85115814208984,46.92232717898329,46.14317113932861,46.20206926525184,8539200,0,5214.0,18.332092285214458,244281.93855285642,244300.27064514163,144.30027064514164,1.9353376434656067
2023-04-14,46.67201614379883,47.0303065336529,46.25851226985251,46.64502163672382,4209600,0,5214.0,18.332092285214458,243347.8921737671,243366.2242660523,143.3662242660523,-0.3823353844933264
2023-04-17,46.841346740722656,46.885517529652894,46.46588005658944,46.64870428503384,2506400,0,5214.0,18.332092285214458,244230.78190612793,244249.11399841314,144.24911399841312,0.362782360215963
2023-04-18,46.9738655090332,47.32602234863205,46.79472216953351,47.17386977418982,3436000,0,5214.0,18.332092285214458,244921.73476409912,244940.06685638434,144.9400668563843,0.28288858316010135
2023-04-19,46.87571334838867,46.95546867563303,46.53460289553527,46.60699642300675,2138400,0,5214.0,18.332092285214458,244409.96939849854,244428.30149078375,144.42830149078375,-0.20893493341808123
2023-04-20,46.53949737548828,46.97017750499965,46.34685493804236,46.47937103684059,2300800,0,5214.0,18.332092285214458,242656.9393157959,242675.2714080811,142.6752714080811,-0.7171960333606231
2023-04-21,46.40208053588867,46.47201762435744,46.135816331265445,46.39839963649558,2632800,0,5214.0,18.332092285214458,241940.44791412354,241958.78000640875,141.95878000640874,-0.29524697655226584
2023-04-24,46.20084381103516,46.49410249915172,45.867095233309776,46.25606104142188,2344000,0,5214.0,18.332092285214458,240891.19963073733,240909.53172302255,140.90953172302255,-0.4336475342446411
2023-04-25,45.20327758789063,46.03396997990115,45.20205311794748,46.013109056190864,3125600,0,5214.0,18.332092285214458,235689.88934326175,235708.22143554696,135.70822143554696,-2.159030508371751
2023-04-26,45.80452346801758,46.27201644495945,45.69164004938271,45.938271558868784,5786400,0,5214.0,18.332092285214458,238824.78536224365,238843.11745452887,138.84311745452885,1.3299901038195783
2023-04-27,46.67201614379883,46.71619067562902,45.95421089414846,46.00083811041951,3312800,0,5214.0,18.332092285214458,243347.8921737671,243366.2242660523,143.3662242660523,1.8937563952976522
2023-04-28,47.16160202026367,47.16896756388516,46.58613475575257,46.66220917579023,2912000,0,5214.0,18.332092285214458,245900.59293365479,245918.92502594,145.91892502594,1.0489133270593198
2023-05-01,47.2106819152832,47.43154335875028,47.084299381994114,47.12601748822426,2161600,0,5214.0,18.332092285214458,246156.49550628662,246174.82759857184,146.17482759857182,0.1040597313138214
2023-05-02,46.68183898925781,47.238901721514736,46.46220201198794,47.20945452708544,2672800,0,5214.0,18.332092285214458,243399.10848999023,243417.44058227545,143.41744058227545,-1.120093001869693
2023-05-03,46.35176849365234,47.11987814364034,46.34072579640715,46.71864516550551,2816800,0,5214.0,18.332092285214458,241678.1209259033,241696.4530181885,141.69645301818852,-0.7070107877111043
2023-05-04,46.164039611816406,46.437661873961495,45.99471074858287,46.19471502198025,3992000,0,5214.0,18.332092285214458,240699.30253601074,240717.63462829596,140.71763462829594,-0.40497838411343023
2023-05-05,47.38491821289063,47.52602434931335,46.648708376364894,46.66956930267148,3084000,0,5214.0,18.332092285214458,247064.96356201175,247083.29565429696,147.08329565429693,2.644451469386744
2023-05-08,47.43522262573242,47.46712624774572,47.1333776648322,47.29288828578554,1961600,0,5214.0,18.332092285214458,247327.25077056885,247345.58286285406,147.34558286285403,0.10615335523291858
2023-05-09,47.09043502807617,47.25240209080852,47.05116960476708,47.18982305644446,1658400,0,5214.0,18.332092285214458,245529.52823638916,245547.86032867437,145.5478603286744,-0.726805998866964
2023-05-10,47.60332107543945,47.69902819253176,47.13828461580906,47.48798124912868,3171200,0,5214.0,18.332092285214458,248203.7160873413,248222.04817962652,148.22204817962654,1.0890699057090725
2023-05-11,47.40209197998047,47.54687899668329,47.0977906063614,47.54196988327882,2362400,0,5214.0,18.332092285214458,247154.50758361816,247172.83967590338,147.1728396759034,-0.4226894876654508
2023-05-12,47.307613372802734,47.55179217015185,46.9579167124209,47.49412225253352,1940000,0,5214.0,18.332092285214458,246661.89612579346,246680.22821807867,146.68022821807867,-0.1992983769861678
2023-05-15,47.70639801025391,47.70639801025391,47.19227781887133,47.34565487490296,2128000,0,5214.0,18.332092285214458,248741.1592254639,248759.4913177491,148.7594913177491,0.8428981579473138
2023-05-16,47.67449569702149,47.92726077290349,47.608235763719776,47.608235763719776,2423200,0,5214.0,18.332092285214458,248574.82056427005,248593.15265655526,148.59315265655528,-0.06686726215457961
2023-05-17,48.3726692199707,48.43033914095204,47.668359255198325,47.878181757131216,8323200,0,5214.0,18.332092285214458,252215.09731292725,252233.42940521246,152.23342940521246,1.4643511736972314
2023-05-18,49.32237243652344,49.38249503461959,48.43769476721581,48.43769476721581,11084800,0,5214.0,18.332092285214458,257166.8498840332,257185.18197631842,157.1851819763184,1.9631626873498176
2023-05-19,49.23280715942383,49.39477423056329,49.07329651771673,49.34814700603311,2890400,0,5214.0,18.332092285214458,256699.85652923584,256718.18862152105,156.71818862152108,-0.1815786396435426
2023-05-22,49.35918426513672,49.505199507102326,49.02911657476639,49.068381995786325,2228800,0,5214.0,18.332092285214458,257358.78675842285,257377.11885070807,157.3771188507081,0.25667453978435173
2023-05-23,48.607025146484375,49.26347586648933,48.578802423752514,49.13464065376378,3291200,0,5214.0,18.332092285214458,253437.02911376953,253455.36120605475,153.45536120605473,-1.5237398188951423
2023-05-24,48.30641174316406,48.48433062927012,48.0241994526756,48.224199992007385,3039200,0,5214.0,18.332092285214458,251869.63082885742,251887.96292114264,151.88796292114262,-0.6184119670831656
2023-05-25,50.02668380737305,50.21932627783015,49.36409571072854,49.681892503972406,5887200,0,5214.0,18.332092285214458,260839.12937164307,260857.46146392828,160.8574614639283,3.5609079682754397
2023-05-26,51.35431671142578,51.427938443580224,50.186198458676095,50.186198458676095,4089600,0,5214.0,18.332092285214458,267761.407333374,267779.73942565924,167.77973942565922,2.653663009247742
2023-05-30,51.62303161621094,52.29052880486411,51.47578815755988,52.10647635382864,6355200,0,5214.0,18.332092285214458,269162.4868469238,269180.81893920904,169.18081893920905,0.5232208816674744
2023-05-31,51.15185546875,51.72609819121798,51.0782337427667,51.30891340338799,3402400,0,5214.0,18.332092285214458,266705.7744140625,266724.1065063477,166.7241065063477,-0.9126625153095147
2023-06-01,51.67947769165039,51.90279558316051,50.76535268757007,50.99234773407304,4220000,0,5214.0,18.332092285214458,269456.79668426514,269475.12877655035,169.47512877655035,1.031411185976605
2023-06-02,52.03776550292969,52.23286065829612,51.645118762916766,51.99113828129051,3809600,0,5214.0,18.332092285214458,271324.9093322754,271343.2414245606,171.34324142456057,0.6932412117183873
2023-06-05,51.75923156738281,52.33224987836882,51.6451199399642,51.98132498255067,3124000,0,5214.0,18.332092285214458,269872.633392334,269890.9654846192,169.8909654846192,-0.5352172887435502
2023-06-06,51.845123291015625,51.97763941331112,51.38622036017391,51.62058093962255,2842400,0,5214.0,18.332092285214458,270320.47283935547,270338.8049316407,170.33880493164068,0.16593347102868972
2023-06-07,51.07332611083984,52.213225320716624,50.96780450469584,51.84266774007771,4487200,0,5214.0,18.332092285214458,266296.3223419189,266314.6544342041,166.3146544342041,-1.4885582180679369
2023-06-08,51.58744430541992,51.6745651569484,51.1015469094263,51.1015469094263,1981600,0,5214.0,18.332092285214458,268976.9346084595,268995.2667007447,168.9952667007447,1.0065583030853587
2023-06-09,51.80216979980469,52.334694389141625,51.62179826595215,51.86474882518914,5760000,0,5214.0,18.332092285214458,270096.51333618164,270114.84542846686,170.11484542846685,0.416207594079232
2023-06-12,52.88318634033203,52.89054814024148,52.036545649729206,52.11998187840785,3579200,0,5214.0,18.332092285214458,275732.9335784912,275751.2656707764,175.75126567077643,2.0866754781170505
2023-06-13,53.26355743408203,53.45742813306542,52.83164898519183,53.31877467298976,5442400,0,5214.0,18.332092285214458,277716.1884613037,277734.5205535889,177.7345205535889,0.7192187778315873
2023-06-14,53.70405197143555,53.77644548844172,52.9580276606911,53.26478175540716,15332000,0,5214.0,18.332092285214458,280012.92697906494,280031.25907135016,180.03125907135015,0.8269546447388976
2023-06-15,54.40467834472656,54.61940620046946,53.45742159703848,53.50036417254175,5164000,0,5214.0,18.332092285214458,283665.9928894043,283684.3249816895,183.6843249816895,1.3045207604514442
2023-06-16,53.93473052978516,54.96051814838373,53.9150978187842,54.896710901491446,4972800,0,5214.0,18.332092285214458,281215.68498229986,281234.0170745851,181.23401707458507,-0.8637445538320021
2023-06-20,53.6206169128418,53.99731184797121,53.32367729514734,53.62184512750534,6056000,0,5214.0,18.332092285214458,279577.8965835571,279596.22867584234,179.59622867584235,-0.5823578583341815
2023-06-21,52.79850387573242,53.52612730459576,52.61199876742171,53.44391557425741,4289600,0,5214.0,18.332092285214458,275291.39920806885,275309.73130035406,175.3097313003541,-1.5331027159375399
2023-06-22,53.232872009277344,53.25005203399294,52.54942306615606,52.54942306615606,13495200,0,5214.0,18.332092285214458,277556.19465637207,277574.5267486573,177.5745267486573,0.8226354504819122
2023-06-23,52.61445999145508,52.948208590982766,52.41936483966394,52.593602810297774,4286400,0,5214.0,18.332092285214458,274331.7943954468,274350.126487732,174.35012648773198,-1.1616340658827773
2023-06-26,52.187461853027344,53.14208045201004,52.1690573561399,52.626732071820605,3320800,0,5214.0,18.332092285214458,272105.42610168457,272123.7581939698,172.12375819396976,-0.8115062027725273
2023-06-27,53.2426986694336,53.39361929406584,52.41936794741122,52.47213249985497,2600800,0,5214.0,18.332092285214458,277607.4308624268,277625.76295471203,177.62576295471203,2.0218759277976783
2023-06-28,53.38011932373047,53.66601248023859,52.92244088584385,53.00097172813764,3463200,0,5214.0,18.332092285214458,278323.94215393066,278342.2742462159,178.34227424621588,0.25808530299140653
2023-06-29,53.495147705078125,53.5860907800625,53.20020621281054,53.45828142493888,2787200,0,5214.0,18.332092285214458,278923.70013427734,278942.03222656256,178.94203222656256,0.21547498739489246
2023-06-30,54.33818817138672,54.47705739847261,53.99408666835232,54.07273972632049,3354400,0,5214.0,18.332092285214458,283319.31312561035,283337.64521789557,183.33764521789556,1.5758159343167044
2023-07-03,54.24602508544922,54.375060820217925,53.9818067354466,54.36523106201213,6659200,0,5214.0,18.332092285214458,282838.7747955322,282857.10688781744,182.85710688781745,-0.169599182526059
2023-07-05,53.909297943115234,54.2656857294086,53.813441866106885,53.95845423253768,3724000,0,5214.0,18.332092285214458,281083.07947540283,281101.41156768805,181.10141156768807,-0.6207004446332376
2023-07-06,53.700382232666016,53.7372485143388,53.11295572557664,53.382090832942026,3533600,0,5214.0,18.332092285214458,279993.7929611206,280012.1250534058,180.01212505340584,-0.3875065970701974
2023-07-07,53.51726913452149,54.16491176625069,53.49760586908658,53.58362843618181,2547200,0,5214.0,18.332092285214458,279039.0412673951,279057.3733596803,179.0573733596803,-0.3409679825626899
2023-07-10,53.73233413696289,53.73233413696289,53.089604473407945,53.29729327242033,2747200,0,5214.0,18.332092285214458,280160.3901901245,280178.7222824097,180.17872228240975,0.4018345436384907
2023-07-11,53.93510437011719,53.9768874036698,53.3894609313263,53.83064491104342,7304800,0,5214.0,18.332092285214458,281217.634185791,281235.96627807623,181.2359662780762,0.37734628349144206
2023-07-12,54.49918746948242,54.73636931349127,54.15385952551091,54.48321082966272,3728800,0,5214.0,18.332092285214458,284158.76346588135,284177.09555816656,184.17709555816657,1.045787037488033
2023-07-13,55.31150436401367,55.41350733072352,54.79412752503568,54.89858699381167,4013600,0,5214.0,18.332092285214458,288394.1837539673,288412.5158462525,188.4125158462525,1.4904157844835897
2023-07-14,55.1136474609375,55.787100295598606,54.942824937488886,55.444228872896346,6104800,0,5214.0,18.332092285214458,287362.5578613281,287380.88995361334,187.38088995361335,-0.3576910972854952
2023-07-17,55.847312927246094,56.00953205783728,55.194753527315335,55.194753527315335,6067200,0,5214.0,18.332092285214458,291187.88960266113,291206.22169494635,191.20622169494635,1.3311016407355547
2023-07-18,56.47898483276367,56.732147063210114,55.45160439917558,55.74777604340748,4876800,0,5214.0,18.332092285214458,294481.4269180298,294499.759010315,194.49975901031502,1.1309982651465544
2023-07-19,56.33028030395508,56.895587012446526,56.12873839072027,56.65840519520401,11340000,0,5214.0,18.332092285214458,293706.0815048218,293724.413597107,193.72441359710697,-0.263275398191698
2023-07-20,55.13821792602539,56.2073811684732,54.98460219431875,55.94684948756018,8937600,0,5214.0,18.332092285214458,287490.6682662964,287509.0003585816,187.50900035858157,-2.116069673068066
2023-07-21,55.04359817504883,55.73548415566064,54.98215187126994,55.540085359689954,2669600,0,5214.0,18.332092285214458,286997.3208847046,287015.6529769898,187.0156529769898,-0.17159371740588236
2023-07-24,55.10626983642578,55.387694933487786,54.90595430337928,55.29921211368763,4907200,0,5214.0,18.332092285214458,287324.090927124,287342.42301940924,187.3424230194092,0.11385094820790531
2023-07-25,55.73302459716797,55.923506628282304,55.24636719765117,55.24759732378241,4749600,0,5214.0,18.332092285214458,290591.9902496338,290610.322341919,190.61032234191902,1.1372839722622707
2023-07-26,55.091529846191406,55.32256855581741,54.6773823455976,55.17878255022766,2720000,0,5214.0,18.332092285214458,287247.236618042,287265.5687103272,187.26556871032722,-1.150941096874225
2023-07-27,54.83836364746094,55.9788067713607,54.59134833305245,55.79692438184794,2869600,0,5214.0,18.332092285214458,285927.2280578613,285945.56015014654,185.94556015014655,-0.4595081011994684
2023-07-28,55.61750411987305,55.75882985785932,55.2795494745046,55.37909217910964,3348000,0,5214.0,18.332092285214458,289989.66648101807,290007.9985733033,190.00799857330327,1.4207034447478728
2023-07-31,55.89278411865234,55.9431705356114,55.56466297092268,55.69738533115819,3742400,0,5214.0,18.332092285214458,291424.97639465326,291443.3084869385,191.44330848693846,0.4949208024248364
2023-08-01,55.92227554321289,56.02427850035819,55.49952470361685,55.65560070422568,2151200,0,5214.0,18.332092285214458,291578.744682312,291597.0767745972,191.59707677459724,0.052760960084152764
2023-08-02,54.434043884277344,55.39260458206724,54.191945332986485,55.39260458206724,5732000,0,5214.0,18.332092285214458,283819.10481262207,283837.4369049073,183.8374369049073,-2.661082873504972
2023-08-03,54.2189826965332,54.515154291835486,53.943704491936735,54.05676357580275,4239200,0,5214.0,18.332092285214458,282697.7757797241,282716.10787200934,182.71610787200933,-0.3950603011094733
2023-08-04,53.51112747192383,54.40087250527896,53.43124802669543,54.13788052362741,9602400,0,5214.0,18.332092285214458,279007.01863861084,279025.35073089605,179.02535073089604,-1.3054640462099698
2023-08-07,53.6008415222168,53.87611977000648,53.16334412824326,53.7188173783574,3883200,0,5214.0,18.332092285214458,279474.7876968384,279493.1197891236,179.4931197891236,0.16764392805250772
2023-08-08,53.101898193359375,53.28500698441995,52.56117145269244,53.15597124246456,3756800,0,5214.0,18.332092285214458,276873.2971801758,276891.629272461,176.891629272461,-0.9307887502294943
2023-08-09,52.35838317871094,53.19528136398257,52.15929779548459,53.19528136398257,6036800,0,5214.0,18.332092285214458,272996.6098937988,273014.94198608404,173.014941986084,-1.4000738471448337
2023-08-10,52.40754699707031,53.24444524278702,52.147011553504576,52.81800780147303,6748000,0,5214.0,18.332092285214458,273252.9500427246,273271.2821350098,173.27128213500984,0.09389235148120623
2023-08-11,52.06344985961914,52.368224861385215,51.8877143396197,52.00815043919164,5035200,0,5214.0,18.332092285214458,271458.8275680542,271477.1596603394,171.4771596603394,-0.6565353156223752
2023-08-14,52.83152770996094,52.84013109200763,51.84716053943872,51.98725615249638,4504000,0,5214.0,18.332092285214458,275463.5854797363,275481.91757202154,175.48191757202156,1.4751730556974652
2023-08-15,52.30923843383789,52.843822034731325,52.20723921821924,52.69880965575162,4636800,0,5214.0,18.332092285214458,272740.36919403076,272758.701286316,172.75870128631595,-0.9885281435917159
2023-08-16,51.81398391723633,52.46285677668759,51.79555077499894,52.206011660486574,4025600,0,5214.0,18.332092285214458,270158.1121444702,270176.44423675543,170.17644423675543,-0.9467184868467093
2023-08-17,51.247440338134766,52.07450507152791,51.1515842676095,51.98356575472769,3893600,0,5214.0,18.332092285214458,267204.15392303467,267222.4860153199,167.22248601531987,-1.093344103250904
2023-08-18,51.34698486328125,51.53869701115289,50.67230196751726,50.69811211270393,5096000,-1,0.0,267741.51116943365,0.0,267741.51116943365,167.74151116943364,0.19422959566508524
2023-08-21,52.2305793762207,52.34486858154668,51.54238014190552,51.63823620933764,4789600,0,0.0,267741.51116943365,0.0,267741.51116943365,167.74151116943364,0.0
2023-08-22,52.250247955322266,52.794661268678325,52.123668728395934,52.74919160712,3359200,0,0.0,267741.51116943365,0.0,267741.51116943365,167.74151116943364,0.0
2023-08-23,53.198974609375,53.369793357747085,52.33012310575539,52.34855624401365,5698400,0,0.0,267741.51116943365,0.0,267741.51116943365,167.74151116943364,0.0
2023-08-24,51.96390151977539,53.8343268613069,51.950385135264206,53.8343268613069,7540000,0,0.0,267741.51116943365,0.0,267741.51116943365,167.74151116943364,0.0
2023-08-25,52.48620223999024,52.71969743950488,51.65913365787736,52.070824634865765,4685600,0,0.0,267741.51116943365,0.0,267741.51116943365,167.74151116943364,0.0
2023-08-28,52.889286041259766,53.01463888966469,52.50954836894216,52.87085290190152,2807200,0,0.0,267741.51116943365,0.0,267741.51116943365,167.74151116943364,0.0
2023-08-29,53.95476531982422,54.01006473668859,52.63858294268739,52.740585895544434,3804000,0,0.0,267741.51116943365,0.0,267741.51116943365,167.74151116943364,0.0
2023-08-30,54.39963912963867,54.46845868606788,53.78886275354103,53.94493500644574,3728800,0,0.0,267741.51116943365,0.0,267741.51116943365,167.74151116943364,0.0
2023-08-31,54.672454833984375,54.90226337215668,54.51637884787924,54.55939200350784,2633600,0,0.0,267741.51116943365,0.0,267741.51116943365,167.74151116943364,0.0
2023-09-01,54.89243316650391,55.18122774396856,54.63804461279985,55.03007226308269,3005600,0,0.0,267741.51116943365,0.0,267741.51116943365,167.74151116943364,0.0
2023-09-05,54.98583221435547,55.12838807287389,54.48197183088514,54.720383762326456,2142400,0,0.0,267741.51116943365,0.0,267741.51116943365,167.74151116943364,0.0
2023-09-06,54.35662460327149,54.932991186670215,54.05430986295585,54.80641196102056,5174400,0,0.0,267741.51116943365,0.0,267741.51116943365,167.74151116943364,0.0
2023-09-07,53.54308319091797,53.64999916483116,53.090839272358416,53.33908100202335,4717600,0,0.0,267741.51116943365,0.0,267741.51116943365,167.74151116943364,0.0
2023-09-08,53.61189651489258,53.97197093122124,53.47179715132239,53.5615100990674,2540000,0,0.0,267741.51116943365,0.0,267741.51116943365,167.74151116943364,0.0
2023-09-11,53.86628341674805,54.099778598368665,53.41526594061586,54.07274207731464,2494400,0,0.0,267741.51116943365,0.0,267741.51116943365,167.74151116943364,0.0
2023-09-12,52.92246627807617,53.67825494964859,52.88190962352864,53.47302267603983,2743200,0,0.0,267741.51116943365,0.0,267741.51116943365,167.74151116943364,0.0
2023-09-13,52.993751525878906,53.25796988775896,52.71110002254394,52.88314892676456,2910400,0,0.0,267741.51116943365,0.0,267741.51116943365,167.74151116943364,0.0
2023-09-14,53.36487579345703,53.47179174411502,52.959331756398974,53.24813008600535,2732000,0,0.0,267741.51116943365,0.0,267741.51116943365,167.74151116943364,0.0
2023-09-15,52.39402770996094,53.19897644526928,52.21829220186063,53.19897644526928,4768000,0,0.0,267741.51116943365,0.0,267741.51116943365,167.74151116943364,0.0
2023-09-18,52.60663604736328,52.78974482077128,52.18142495217542,52.22689836438195,2419200,0,0.0,267741.51116943365,0.0,267741.51116943365,167.74151116943364,0.0
2023-09-19,52.51323318481445,52.64841578608442,52.05484246653946,52.40754735588429,3309600,0,0.0,267741.51116943365,0.0,267741.51116943365,167.74151116943364,0.0
2023-09-20,51.74023818969727,52.77376534757203,51.727951930696406,52.71846593091524,3230400,0,0.0,267741.51116943365,0.0,267741.51116943365,167.74151116943364,0.0
2023-09-21,50.88245391845703,51.47233690716437,50.86893378205398,51.25727485393373,4798400,0,0.0,267741.51116943365,0.0,267741.51116943365,167.74151116943364,0.0
2023-09-22,51.02377700805664,51.49568412456756,50.9451239467793,51.0790801761663,3599200,0,0.0,267741.51116943365,0.0,267741.51116943365,167.74151116943364,0.0
2023-09-25,51.2265510559082,51.32117700799505,50.77430718692384,50.88122314911685,8459200,0,0.0,267741.51116943365,0.0,267741.51116943365,167.74151116943364,0.0
2023-09-26,50.312232971191406,50.930382639490574,50.148787452700994,50.884912974586655,4268000,0,0.0,267741.51116943365,0.0,267741.51116943365,167.74151116943364,0.0
2023-09-27,50.46706771850586,50.743576025509306,49.95829063343523,50.55555052676232,4679200,0,0.0,267741.51116943365,0.0,267741.51116943365,167.74151116943364,0.0
2023-09-28,50.89701461791992,51.208601203629954,50.002898713700674,50.28123055458408,3564000,0,0.0,267741.51116943365,0.0,267741.51116943365,167.74151116943364,0.0
2023-09-29,51.0977668762207,51.707394674509935,50.949980938584105,51.39580805189386,4677600,0,0.0,267741.51116943365,0.0,267741.51116943365,167.74151116943364,0.0
2023-10-02,51.56822204589844,51.77266281107588,51.07313299957931,51.13594041987309,8020800,0,0.0,267741.51116943365,0.0,267741.51116943365,167.74151116943364,0.0
2023-10-03,50.58789825439453,51.5743818593862,50.35513005286239,51.23816613510377,5905600,0,0.0,267741.51116943365,0.0,267741.51116943365,167.74151116943364,0.0
2023-10-04,51.171653747558594,51.305894217326696,50.60882623271208,50.68395384001937,3691200,0,0.0,267741.51116943365,0.0,267741.51116943365,167.74151116943364,0.0
2023-10-05,51.21598815917969,51.30712675246737,50.64700430992256,51.20244271441047,3958400,0,0.0,267741.51116943365,0.0,267741.51116943365,167.74151116943364,0.0
2023-10-06,52.24311828613281,52.42538795248147,50.7406037588274,50.85637145642867,5261600,0,0.0,267741.51116943365,0.0,267741.51116943365,167.74151116943364,0.0
2023-10-09,52.483280181884766,52.57072047520238,51.64704428840945,51.84656150185307,3654400,0,0.0,267741.51116943365,0.0,267741.51116943365,167.74151116943364,0.0
2023-10-10,52.65692138671875,53.08058108164245,52.434007878211766,52.52883726167392,8475200,0,0.0,267741.51116943365,0.0,267741.51116943365,167.74151116943364,0.0
2023-10-11,53.07443237304688,53.09167237322357,52.589194208056185,52.83427507387739,2668800,0,0.0,267741.51116943365,0.0,267741.51116943365,167.74151116943364,0.0
2023-10-12,52.94881057739258,53.54366012111484,52.55594002197911,53.116305806532544,2935200,0,0.0,267741.51116943365,0.0,267741.51116943365,167.74151116943364,0.0
2023-10-13,52.10026168823242,53.1372399980109,51.94385012291764,53.05472703412872,7941600,0,0.0,267741.51116943365,0.0,267741.51116943365,167.74151116943364,0.0
2023-10-16,52.69879150390625,52.91431589382748,52.17044780424846,52.17044780424846,2080000,0,0.0,267741.51116943365,0.0,267741.51116943365,167.74151116943364,0.0
2023-10-17,52.473426818847656,52.766540649673416,51.66921294041838,51.973410433950015,3183200,0,0.0,267741.51116943365,0.0,267741.51116943365,167.74151116943364,0.0
2023-10-18,51.754188537597656,52.39583447671684,51.59408242668841,52.04729859350225,2546400,0,0.0,267741.51116943365,0.0,267741.51116943365,167.74151116943364,0.0
2023-10-19,51.38594436645508,52.28745308548524,51.31328230216391,52.00296116522164,3483200,0,0.0,267741.51116943365,0.0,267741.51116943365,167.74151116943364,0.0
2023-10-20,50.47951889038086,51.39703496080557,50.42163503360241,51.32314387423559,4617600,0,0.0,267741.51116943365,0.0,267741.51116943365,167.74151116943364,0.0
2023-10-23,50.48813247680664,51.02139977568145,49.83417015894626,50.12481840757428,3157600,0,0.0,267741.51116943365,0.0,267741.51116943365,167.74151116943364,0.0
2023-10-24,50.93642425537109,50.99676988916327,50.36744039833759,50.740605379797714,3522400,0,0.0,267741.51116943365,0.0,267741.51116943365,167.74151116943364,0.0
2023-10-25,50.09526824951172,51.08052278873501,49.97334044453833,51.02386794664726,3272800,0,0.0,267741.51116943365,0.0,267741.51116943365,167.74151116943364,0.0
2023-10-26,49.20853805541992,50.40562248051319,48.9868572856962,50.15684706040566,4044800,0,0.0,267741.51116943365,0.0,267741.51116943365,167.74151116943364,0.0
2023-10-27,49.4129753112793,49.917918982464,49.2097673270744,49.55091033671662,8012800,0,0.0,267741.51116943365,0.0,267741.51116943365,167.74151116943364,0.0
2023-10-30,49.84771347045898,50.04969242112647,49.44129754467784,49.678989260310765,2618400,0,0.0,267741.51116943365,0.0,267741.51116943365,167.74151116943364,0.0
2023-10-31,50.22335052490234,50.29355081549316,49.49549701407477,49.8859020352136,2146400,0,0.0,267741.51116943365,0.0,267741.51116943365,167.74151116943364,0.0
2023-11-01,51.04726791381836,51.08298444314046,50.300937902915805,50.300937902915805,3116800,0,0.0,267741.51116943365,0.0,267741.51116943365,167.74151116943364,0.0
2023-11-02,51.9573974609375,51.99064844778465,51.50664306921532,51.64334532914577,3441600,0,0.0,267741.51116943365,0.0,267741.51116943365,167.74151116943364,0.0
2023-11-03,52.69633865356445,52.89585209270217,51.86749193478664,51.95370320874754,2812000,0,0.0,267741.51116943365,0.0,267741.51116943365,167.74151116943364,0.0
2023-11-06,52.93525695800781,52.99314080465186,52.46356430678251,52.778845415774285,3851200,0,0.0,267741.51116943365,0.0,267741.51116943365,167.74151116943364,0.0
2023-11-07,53.57691192626953,53.72470161550238,53.02640078362664,53.10891750777869,3084800,0,0.0,267741.51116943365,0.0,267741.51116943365,167.74151116943364,0.0
2023-11-08,53.79981994628906,53.94268229561993,53.450055060043496,53.70252501489741,2946400,0,0.0,267741.51116943365,0.0,267741.51116943365,167.74151116943364,0.0
2023-11-09,53.477149963378906,54.30476387343224,53.425422449679765,53.978399079995874,2245600,0,0.0,267741.51116943365,0.0,267741.51116943365,167.74151116943364,0.0
2023-11-10,54.8897590637207,54.90823183356961,53.74563124407614,53.81829331111353,3232000,0,0.0,267741.51116943365,0.0,267741.51116943365,167.74151116943364,0.0
2023-11-13,54.61511993408203,54.7419713027448,54.34787175120938,54.681625666311824,4614400,0,0.0,267741.51116943365,0.0,267741.51116943365,167.74151116943364,0.0
2023-11-14,55.93659210205078,56.033887034781344,55.45012119684557,55.52524880569755,4656800,0,0.0,267741.51116943365,0.0,267741.51116943365,167.74151116943364,0.0
2023-11-15,56.00925827026367,56.356561403581225,55.792501065053074,56.1595097405214,3882400,1,4780.0,17.256637573300395,267724.25453186035,267741.51116943365,167.74151116943364,0.0
2023-11-16,56.13364791870117,56.23217187110883,55.72476637515844,55.865163195261744,3135200,0,4780.0,17.256637573300395,268318.8370513916,268336.0936889649,168.3360936889649,0.22207334116186583
2023-11-17,56.15827560424805,56.31591617917362,55.888561875191726,56.06221343762852,7441600,0,4780.0,17.256637573300395,268436.55738830566,268453.81402587896,168.45381402587898,0.04387048171405894
2023-11-20,56.950172424316406,57.09056923009517,56.19522059502533,56.19522059502533,3585600,0,4780.0,17.256637573300395,272221.8241882324,272239.0808258057,172.23908082580573,1.4100253384971007
2023-11-21,56.47724533081055,56.79006466426243,56.28758655938345,56.724791708704295,9712800,0,4780.0,17.256637573300395,269961.2326812744,269978.4893188477,169.97848931884772,-0.8303699454541125
2023-11-22,56.68415451049805,57.2001818445021,56.55607037587465,56.78267845500986,3091200,0,4780.0,17.256637573300395,270950.25856018066,270967.51519775396,170.96751519775398,0.36633506669421223
2023-11-24,56.6225814819336,56.658294254102735,56.402129718980426,56.589326734706425,1320000,0,4780.0,17.256637573300395,270655.93948364264,270673.19612121594,170.6731961212159,-0.1086178453248321
2023-11-27,56.593017578125,56.91569158654342,56.404587803835724,56.53636649628872,3514400,0,4780.0,17.256637573300395,270514.6240234375,270531.8806610108,170.5318806610108,-0.0522088859296721
2023-11-28,56.69770050048828,56.86642473027145,56.41813589245208,56.42675777125281,2889600,0,4780.0,17.256637573300395,271015.008392334,271032.2650299073,171.0322650299073,0.1849631798196416
2023-11-29,56.91815185546875,57.47359027219762,56.84671880081906,57.168160029847485,2759200,0,4780.0,17.256637573300395,272068.7658691406,272086.0225067139,172.08602250671393,0.38879410784924406
2023-11-30,56.902137756347656,57.21618610181413,56.427983311303336,57.15460770007973,2573600,0,4780.0,17.256637573300395,271992.2184753418,272009.4751129151,172.00947511291508,-0.02813352670365532
2023-12-01,57.22481536865234,57.26792100712147,56.5560747414999,56.786377392370426,3532000,0,4780.0,17.256637573300395,273534.61746215814,273551.87409973145,173.55187409973146,0.5670386982571385
2023-12-04,56.64228439331055,56.706324584504415,56.00802378499358,56.706324584504415,3263200,0,4780.0,17.256637573300395,270750.1194000244,270767.3760375977,170.7673760375977,-1.0179049481191083
2023-12-05,56.94894409179688,57.00313339184976,56.37996019968943,56.37996019968943,7185600,0,4780.0,17.256637573300395,272215.9527587891,272233.2093963624,172.2332093963624,0.5413626191661969
2023-12-06,56.453857421875,57.29132230781753,56.41198079497473,57.25067845184019,2566400,0,4780.0,17.256637573300395,269849.4384765625,269866.6951141358,169.86669511413578,-0.869296691419108
2023-12-07,57.0634765625,57.13860417187235,56.52528189785029,56.661984154496,3070400,0,4780.0,17.256637573300395,272763.41796875,272780.6746063233,172.78067460632332,1.0797847770563473
2023-12-08,57.57334899902344,57.623843743985255,56.89844830248097,56.93169928935684,2584000,0,4780.0,17.256637573300395,275200.60821533203,275217.86485290533,175.21786485290534,0.893461477833557
2023-12-11,57.96990966796875,57.97852778790631,57.28023080767144,57.3923039513339,5588800,0,4780.0,17.256637573300395,277096.1682128906,277113.4248504639,177.1134248504639,0.6887488930167107
2023-12-12,58.31598663330078,58.32460475422016,57.6903478873429,57.79010461016982,2745600,0,4780.0,17.256637573300395,278750.41610717773,278767.67274475103,178.76767274475105,0.5969569663323959
2023-12-13,58.989654541015625,59.117734926743886,58.28396461482501,58.46007796403725,4744800,0,4780.0,17.256637573300395,281970.5487060547,281987.805343628,181.987805343628,1.1551312844747974
2023-12-14,59.104190826416016,59.48474495492758,58.60786898468694,59.12759092324389,4762400,0,4780.0,17.256637573300395,282518.03215026855,282535.28878784186,182.53528878784184,0.19415146110546289
2023-12-15,59.38867568969727,59.66824028886542,59.07216179331842,59.07216179331842,4424000,0,4780.0,17.256637573300395,283877.869796753,283895.1264343263,183.8951264343263,0.4812983370390711
2023-12-18,59.5253791809082,59.66577974802652,59.130046874121085,59.343109507951525,9959200,0,4780.0,17.256637573300395,284531.3124847412,284548.5691223145,184.5485691223145,0.23017044927657881
2023-12-19,59.82946395874024,59.82946395874024,59.523530499103536,59.54450330786052,3066400,0,4780.0,17.256637573300395,285984.8377227784,286002.0943603517,186.00209436035166,0.5108179747733477
2023-12-20,58.86973190307617,59.99353726311054,58.86356542228541,59.7332500336395,3177600,0,4780.0,17.256637573300395,281397.3184967041,281414.5751342774,181.4145751342774,-1.6040159553147082
2023-12-21,59.60001373291016,59.69623415876657,59.057227982294805,59.45938185262172,3266400,0,4780.0,17.256637573300395,284888.0656433106,284905.3222808839,184.9053222808839,1.2404286966802847
2023-12-22,59.657997131347656,59.84180568873517,59.37303645663408,59.77272454120704,3160800,0,4780.0,17.256637573300395,285165.2262878418,285182.4829254151,185.1824829254151,0.09728166617328782
2023-12-26,59.95282745361328,60.086054302624106,59.74311441139686,59.77888978640463,2553600,0,4780.0,17.256637573300395,286574.5152282715,286591.7718658448,186.5917718658448,0.49417093433408166
2023-12-27,60.01080322265625,60.09345589161304,59.72830840936321,59.97996329261325,5111200,0,4780.0,17.256637573300395,286851.6394042969,286868.8960418702,186.86889604187016,0.09669648720938007
2023-12-28,60.0502815246582,60.17980772991804,59.996002944543214,60.13293043212418,2564000,0,4780.0,17.256637573300395,287040.3456878662,287057.6023254395,187.05760232543952,0.06578136778614407
2023-12-29,59.70610046386719,60.15019617892305,59.44827911816633,60.07371376001003,4263200,0,4780.0,17.256637573300395,285395.16021728516,285412.41685485846,185.41241685485846,-0.5731203275069152
2024-01-02,58.13820266723633,58.942506674943466,57.75825262683394,58.92523827200145,4973600,0,4780.0,17.256637573300395,277900.60874938965,277917.86538696295,177.91786538696294,-2.6258673503005814
2024-01-03,57.35979843139648,57.83349925877502,57.30551985865773,57.58307920190106,11001600,0,4780.0,17.256637573300395,274179.83650207514,274197.09313964844,174.19709313964842,-1.3388028301576926
2024-01-04,57.01438903808594,57.44614801682928,56.958879428174086,56.958879428174086,4190400,0,4780.0,17.256637573300395,272528.7796020508,272546.0362396241,172.5460362396241,-0.6021423790891434
2024-01-05,57.0279655456543,57.485629049005375,56.804684755454886,57.020564263686126,3491200,0,4780.0,17.256637573300395,272593.67530822754,272610.93194580084,172.61093194580087,0.023810915422628476
2024-01-08,58.47990417480469,58.50334282101749,57.264810271034335,57.30428628198638,5165600,0,4780.0,17.256637573300395,279533.9419555664,279551.1985931397,179.55119859313973,2.5458504535389226
2024-01-09,58.58353042602539,58.73402943539878,57.918623491124855,58.06542185947431,2758400,0,4780.0,17.256637573300395,280029.27543640137,280046.53207397467,180.04653207397467,0.17718882384614165
2024-01-10,59.08066940307617,59.1929271992862,58.44783344134347,58.58352988536878,2900000,0,4780.0,17.256637573300395,282405.5997467041,282422.8563842774,182.4228563842774,0.8485462371928376
2024-01-11,59.28791046142578,59.588908465380975,58.45893679568132,59.35082512038092,5998400,0,4780.0,17.256637573300395,283396.21200561523,283413.46864318853,183.41346864318854,0.35075498902370494
2024-01-12,59.41990661621094,59.637020919290265,59.17442198805175,59.41127053264761,3599200,0,4780.0,17.256637573300395,284027.1536254883,284044.4102630616,184.04441026306156,0.22262231322089931
2024-01-16,59.50749969482422,59.73448113762067,58.954846770206736,59.228705510959855,3924800,0,4780.0,17.256637573300395,284445.84854125977,284463.10517883307,184.46310517883308,0.1474047369507181
2024-01-17,59.18182373046875,59.2064971795161,58.45893760198662,59.01282152194974,3037600,0,4780.0,17.256637573300395,282889.1174316406,282906.3740692139,182.90637406921394,-0.547252378701435
2024-01-18,60.33277130126953,60.35374411049351,59.6555276308054,59.94788957019396,3996800,0,4780.0,17.256637573300395,288390.64682006836,288407.90345764166,188.40790345764168,1.944646672075967
2024-01-19,61.64285659790039,61.65765916268034,60.57086027761798,60.72012449200261,6459200,0,4780.0,17.256637573300395,294652.85453796387,294670.11117553717,194.67011117553716,2.171302395953667
2024-01-22,62.04499816894531,62.418777936535776,61.85872756835703,62.08570898110323,4952800,0,4780.0,17.256637573300395,296575.0912475586,296592.3478851319,196.59234788513191,0.6523351492712548
2024-01-23,62.30282974243164,62.35217664583632,61.82666299462596,62.1572661654523,3875200,0,4780.0,17.256637573300395,297807.52616882324,297824.78280639654,197.82478280639654,0.4155315975117313
2024-01-24,62.60135269165039,63.27613046140484,62.53350635645635,62.75185168965572,5020800,0,4780.0,17.256637573300395,299234.46586608887,299251.72250366217,199.25172250366217,0.47912053651801845
2024-01-25,62.7506217956543,63.378526086635176,62.46319530298628,63.12810223966565,3732000,0,4780.0,17.256637573300395,299947.97218322754,299965.22882080084,199.96522882080083,0.23843014542044294
2024-01-26,62.09928131103516,62.68030452892898,62.01663240814317,62.43728949843414,3080800,0,4780.0,17.256637573300395,296834.5646667481,296851.8213043214,196.85182130432142,-1.0379228048259526
2024-01-29,62.82463836669922,62.82587316859019,62.14986054432296,62.23991449564584,3292800,0,4780.0,17.256637573300395,300301.77139282227,300319.02803039557,200.31902803039557,1.167992404708773
2024-01-30,62.220176696777344,62.90359060539726,62.09188153280424,62.79996512684673,5047200,0,4780.0,17.256637573300395,297412.4446105957,297429.701248169,197.42970124816898,-0.9620858195951931
2024-01-31,60.92860412597656,61.92658388058212,60.92860412597656,61.694666988009615,6492000,0,4780.0,17.256637573300395,291238.72772216797,291255.98435974127,191.25598435974126,-2.075689436031314
2024-02-01,61.71440124511719,61.8106216771826,61.1222760885054,61.23699972584495,3940000,0,4780.0,17.256637573300395,294994.83795166016,295012.09458923346,195.01209458923347,1.2896250828112965
2024-02-02,62.3163948059082,62.4915634950472,61.2234257606841,61.29867714532195,4120800,0,4780.0,17.256637573300395,297872.3671722412,297889.6238098145,197.8896238098145,0.9753936443140265
2024-02-05,62.34600067138672,62.59395490904114,61.751405927617526,62.538441530132296,3382400,0,4780.0,17.256637573300395,298013.8832092285,298031.1398468018,198.0311398468018,0.0475061988321146
2024-02-06,62.23991775512695,62.54708227087174,61.76004660975785,62.50267457615013,2948800,0,4780.0,17.256637573300395,297506.80686950684,297524.06350708014,197.52406350708011,-0.17014206635667106
2024-02-07,63.04421615600586,63.05778768237816,62.38917636523557,62.680303487960245,3151200,0,4780.0,17.256637573300395,301351.353225708,301368.6098632813,201.36860986328128,1.2921799705487347
2024-02-08,63.36372375488281,63.53025636665628,63.04421876434989,63.12563663203289,3168800,0,4780.0,17.256637573300395,302878.59954833984,302895.85618591314,202.89585618591315,0.5067702052063972
2024-02-09,64.32469940185547,64.40488623992441,63.63018350353103,63.73627106676027,4076000,0,4780.0,17.256637573300395,307472.06314086914,307489.31977844244,207.48931977844242,1.5165158250662447
2024-02-12,63.92377471923828,64.59485190887565,63.825088447378654,64.33702677671045,4206400,0,4780.0,17.256637573300395,305555.643157959,305572.8997955323,205.5728997955323,-0.6232476576067736
2024-02-13,62.67413711547852,63.13797085310542,62.19426977704198,62.417550562207325,7037600,0,4780.0,17.256637573300395,299582.37541198736,299599.63204956066,199.59963204956068,-1.9547766670305222
2024-02-14,63.511749267578125,63.556164489336574,62.8172372014938,63.22185693529408,4721600,0,4780.0,17.256637573300395,303586.16149902344,303603.41813659674,203.60341813659676,1.3363788398691234
2024-02-15,63.4624137878418,63.67212683199968,63.059025066562114,63.66472554946613,2744800,0,4780.0,17.256637573300395,303350.3379058838,303367.5945434571,203.36759454345707,-0.07767488079911677
2024-02-16,62.79010009765625,63.68075369913241,62.71114806653768,63.56356798367088,3134400,0,4780.0,17.256637573300395,300136.6784667969,300153.9351043702,200.1539351043702,-1.0593285165883315
2024-02-20,62.04870223999024,62.56311391127158,61.40106373209834,62.4076794646928,4425600,0,4780.0,17.256637573300395,296592.7967071534,296610.0533447267,196.61005334472668,-1.1806880887339388
2024-02-21,61.51949691772461,61.51949691772461,60.88172547728586,61.39860303086479,5080000,0,4780.0,17.256637573300395,294063.19526672363,294080.45190429693,194.08045190429695,-0.8528373910137832
2024-02-22,63.5203857421875,63.67582019609835,62.95169923260184,63.0997324043874,5961600,0,4780.0,17.256637573300395,303627.44384765625,303644.70048522955,203.64470048522952,3.2522558092521914
2024-02-23,63.30574417114258,64.07921207335706,63.09973553403789,63.92130800781269,2765600,0,4780.0,17.256637573300395,302601.4571380615,302618.7137756348,202.61871377563483,-0.33789053718217277
2024-02-26,63.47104263305664,63.77944191891378,63.35137979491876,63.60180362908889,2452000,0,4780.0,17.256637573300395,303391.58378601074,303408.84042358404,203.40884042358405,0.26109642661922283
2024-02-27,63.56357192993164,63.67706077591034,63.12317678031708,63.67706077591034,2236800,0,4780.0,17.256637573300395,303833.87382507324,303851.13046264654,203.85113046264655,0.14577361636696207
2024-02-28,63.26873779296875,63.431573537169534,63.03312026112673,63.340288543287336,2093600,0,4780.0,17.256637573300395,302424.5666503906,302441.8232879639,202.44182328796393,-0.4638150177479372
2024-02-29,63.87442398071289,64.02739635157573,63.18730946614027,63.58700126646777,8284800,0,4780.0,17.256637573300395,305319.7466278076,305337.0032653809,205.3370032653809,0.9572683916339253
2024-03-01,65.05867767333984,65.14503097408446,64.05329304970832,64.05329304970832,3828000,0,4780.0,17.256637573300395,310980.47927856445,310997.73591613775,210.99773591613777,1.8539294583424182
2024-03-04,65.17957305908203,65.60146118295988,64.9858973999078,65.11789320059137,3336000,0,4780.0,17.256637573300395,311558.3592224121,311575.6158599854,211.5756158599854,0.18581483950208533
2024-03-05,63.6141357421875,64.538098785634,63.17744506976618,64.538098785634,4400000,0,4780.0,17.256637573300395,304075.56884765625,304092.82548522955,204.09282548522953,-2.4015969138350135
2024-03-06,64.31975555419922,64.78111966311046,63.83864967536884,64.46655390969636,3140000,0,4780.0,17.256637573300395,307448.43154907227,307465.68818664557,207.46568818664554,1.109155632341552
2024-03-07,65.40037536621094,65.53607555404179,64.5158884236901,64.8760966401921,2660800,0,4780.0,17.256637573300395,312613.7942504883,312631.0508880616,212.6310508880616,1.679980205882492
2024-03-08,64.33086395263672,66.19853205907886,64.26054800350443,65.61380814756646,4772800,0,4780.0,17.256637573300395,307501.5296936035,307518.7863311768,207.51878633117678,-1.6352388997710965
2024-03-11,64.05577087402344,64.30742199802691,63.66348785898275,63.95584979971383,2981600,0,4780.0,17.256637573300395,306186.58477783203,306203.84141540533,206.20384141540535,-0.4275982392683453
2024-03-12,65.38066101074219,65.38066101074219,64.00890132923664,64.6910767638019,3055200,0,4780.0,17.256637573300395,312519.55963134766,312536.81626892096,212.53681626892097,2.068221882600141
2024-03-13,64.6886215209961,65.23510431345834,64.46780274835129,65.14381930256276,3281600,0,4780.0,17.256637573300395,309211.6108703613,309228.8675079346,209.2288675079346,-1.0584189090030338
2024-03-14,64.44558715820312,65.08089277073827,64.0212293916278,64.88721709376985,3201600,0,4780.0,17.256637573300395,308049.90661621094,308067.16325378424,208.06716325378423,-0.37567781543570433
2024-03-15,63.59933471679688,63.96324738392015,63.37234952705559,63.62524296763111,3792000,0,4780.0,17.256637573300395,304004.8199462891,304022.0765838624,204.02207658386243,-1.313053500151684
2024-03-18,63.89787673950195,64.61583134131762,63.79425877263932,64.23094954869413,2567200,0,4780.0,17.256637573300395,305431.85081481934,305449.10745239264,205.4491074523926,0.4693839620349305
2024-03-19,64.16802978515625,64.27042047107263,63.06519724284527,63.499422144884136,2880800,0,4780.0,17.256637573300395,306723.1823730469,306740.4390106202,206.74043901062018,0.42276488184822547
2024-03-20,65.0377197265625,65.05006021836218,63.994101125360814,64.30250048113552,2555200,0,4780.0,17.256637573300395,310880.30029296875,310897.55693054205,210.89755693054207,1.3552559073497061
2024-03-21,65.22029876708984,65.86917223126812,65.13887711889278,65.86917223126812,2770400,0,4780.0,17.256637573300395,311753.02810668945,311770.28474426275,211.77028474426277,0.280712342141598
2024-03-22,65.32403564453125,65.55526836376322,64.98027339191759,65.18801151440796,2290400,0,4780.0,17.256637573300395,312248.8903808594,312266.1470184327,212.2661470184327,0.15904731734670552
2024-03-25,65.06065368652344,65.37967605583226,64.67113997750927,64.73296707117802,3000800,0,4780.0,17.256637573300395,310989.92462158203,311007.18125915533,211.00718125915532,-0.40317074754921967
2024-03-26,64.77500915527344,65.42666155358582,64.6575361744906,65.36854771150243,2565600,0,4780.0,17.256637573300395,309624.54376220703,309641.80039978033,209.64180039978032,-0.43901907790265815
2024-03-27,64.92833709716797,65.19666454688999,64.36323660500311,65.19666454688999,2699200,0,4780.0,17.256637573300395,310357.4513244629,310374.7079620362,210.3747079620362,0.23669529156258307
2024-03-28,64.83683776855469,65.05446279139093,64.65135649367265,64.82570557127072,2021600,0,4780.0,17.256637573300395,309920.0845336914,309937.3411712647,209.9373411712647,-0.14091573171128857
2024-04-01,64.97038269042969,65.36360211073787,64.63775261593509,64.91968779309163,2817600,0,4780.0,17.256637573300395,310558.4292602539,310575.6858978272,210.5756858978272,0.20595928330229274
2024-04-02,64.23710632324219,64.36447374649045,63.628729893956894,64.14436569176112,3368000,0,4780.0,17.256637573300395,307053.36822509766,307070.62486267096,207.07062486267094,-1.128569039467353
2024-04-03,64.36941528320312,64.73790229954788,63.84759830159415,63.889636493488304,2297600,0,4780.0,17.256637573300395,307685.80505371094,307703.06169128424,207.70306169128423,0.20595810129873104
2024-04-04,63.32949447631836,65.26467796184669,63.29857715614447,65.08167218140571,3272000,0,4780.0,17.256637573300395,302714.98359680176,302732.24023437506,202.73224023437507,-1.6154605123482213
2024-04-05,64.09984588623047,64.42381919085737,63.40243459267054,63.67199976346118,5892000,0,4780.0,17.256637573300395,306397.26333618164,306414.51997375494,206.41451997375495,1.2163487233897152
2024-04-08,64.00711822509766,64.31625369648319,63.7993800939969,64.20867515622123,1700000,0,4780.0,17.256637573300395,305954.0251159668,305971.2817535401,205.9712817535401,-0.14465313858259554
2024-04-09,64.15179443359375,64.42754841875781,63.39750686796805,64.30883767532936,2108000,0,4780.0,17.256637573300395,306645.5773925781,306662.8340301514,206.66283403015143,0.22601868797882396
2024-04-10,63.56814956665039,63.75857430660762,63.24664791055003,63.31836568199958,3272000,0,4780.0,17.256637573300395,303855.75492858887,303873.01156616217,203.87301156616218,-0.9097360861521797
2024-04-11,64.79478454589844,64.9382200611254,63.50754796759979,63.83028353729911,3924800,0,4780.0,17.256637573300395,309719.07012939453,309736.32676696783,209.73632676696786,1.9295281178759893
2024-04-12,63.642333984375,64.37065893339795,63.495185204752815,64.12582606624179,3587200,0,4780.0,17.256637573300395,304210.3564453125,304227.6130828858,204.22761308288582,-1.778517147659775
2024-04-15,62.431758880615234,64.18269869615294,62.29573853196621,64.15426065072586,4416800,0,4780.0,17.256637573300395,298423.8074493408,298441.0640869141,198.44106408691414,-1.9020459508371945
2024-04-16,62.46885681152344,62.865785681066434,62.225257920848826,62.46514733699037,4464800,0,4780.0,17.256637573300395,298601.13555908203,298618.39219665533,198.61839219665535,0.05941813345418101
2024-04-17,61.54145812988281,62.90412603389903,61.48952170630567,62.80273245945348,3184000,0,4780.0,17.256637573300395,294168.16986083984,294185.42649841314,194.18542649841314,-1.48449185116597
2024-04-18,60.957801818847656,61.78628634181809,60.86258945788882,61.56123482650508,4317600,0,4780.0,17.256637573300395,291378.2926940918,291395.5493316651,191.3955493316651,-0.9483396917226661
2024-04-19,59.34163284301758,60.900913821071896,59.13760422613138,60.67710008501255,9088000,-1,0.0,283670.2616271973,0.0,283670.2616271973,183.67026162719733,-2.6511344192408637
2024-04-22,60.152809143066406,60.42114036423416,59.2699202924881,59.87211552325231,8456000,0,0.0,283670.2616271973,0.0,283670.2616271973,183.67026162719733,0.0
2024-04-23,61.140811920166016,61.28424745077843,60.32469356262812,60.42114367383366,4154400,0,0.0,283670.2616271973,0.0,283670.2616271973,183.67026162719733,0.0
2024-04-24,61.23849868774414,61.88026422357462,60.94667661621401,61.674997819228665,4116000,0,0.0,283670.2616271973,0.0,283670.2616271973,183.67026162719733,0.0
2024-04-25,61.26322937011719,61.46849576888576,60.219587752758336,60.42609190093028,3838400,0,0.0,283670.2616271973,0.0,283670.2616271973,183.67026162719733,0.0
2024-04-26,62.31429290771485,62.67165155508668,61.62801366159465,61.82709509646459,2915200,0,0.0,283670.2616271973,0.0,283670.2616271973,183.67026162719733,0.0
2024-04-29,62.56159973144531,62.692672867898345,62.174561521991485,62.57643763011904,3152000,0,0.0,283670.2616271973,0.0,283670.2616271973,183.67026162719733,0.0
2024-04-30,61.175437927246094,62.569019270678446,61.16801897783928,62.33407706766796,2376800,0,0.0,283670.2616271973,0.0,283670.2616271973,183.67026162719733,0.0
2024-05-01,60.51264190673828,61.901279625039095,60.28511868174403,60.848981407518025,3247200,0,0.0,283670.2616271973,0.0,283670.2616271973,183.67026162719733,0.0
2024-05-02,61.33989334106445,61.50558949243356,60.38528290321135,61.23973375533854,2541600,0,0.0,283670.2616271973,0.0,283670.2616271973,183.67026162719733,0.0
2024-05-03,62.99686050415039,63.20336465503879,62.66052096749246,62.66423044212512,3508000,0,0.0,283670.2616271973,0.0,283670.2616271973,183.67026162719733,0.0
2024-05-06,63.908199310302734,63.942818560111846,63.23552019187319,63.24170139213341,2282400,0,0.0,283670.2616271973,0.0,283670.2616271973,183.67026162719733,0.0
2024-05-07,63.64109802246094,64.05163082711603,63.62997337214268,64.00464163248817,1946400,0,0.0,283670.2616271973,0.0,283670.2616271973,183.67026162719733,0.0
2024-05-08,63.73383712768555,63.7981397182075,63.268899963927446,63.390082422227415,1691200,0,0.0,283670.2616271973,0.0,283670.2616271973,183.67026162719733,0.0
2024-05-09,63.6707763671875,63.74744890932118,63.30970824156317,63.69922196333887,3096000,0,0.0,283670.2616271973,0.0,283670.2616271973,183.67026162719733,0.0
2024-05-10,63.83769989013672,64.32118435040393,63.67199998964864,63.99474309347791,1828800,0,0.0,283670.2616271973,0.0,283670.2616271973,183.67026162719733,0.0
2024-05-13,64.14932250976562,64.39786108499507,63.95889023227058,64.30265249350015,2197600,0,0.0,283670.2616271973,0.0,283670.2616271973,183.67026162719733,0.0
2024-05-14,64.80962371826172,64.86279410629997,64.12210682708425,64.12210682708425,1821600,0,0.0,283670.2616271973,0.0,283670.2616271973,183.67026162719733,0.0
2024-05-15,66.2934799194336,66.31697451607003,65.21768701896626,65.26343846285,2849600,0,0.0,283670.2616271973,0.0,283670.2616271973,183.67026162719733,0.0
2024-05-16,66.01278686523438,66.55810607416116,66.01278686523438,66.39858733748393,2904800,0,0.0,283670.2616271973,0.0,283670.2616271973,183.67026162719733,0.0
2024-05-17,65.8520278930664,66.23040935809344,65.48848432492265,66.20320906289133,2498400,0,0.0,283670.2616271973,0.0,283670.2616271973,183.67026162719733,0.0
2024-05-20,66.68669891357422,66.81159084508649,65.96208721762954,66.00413296034498,2975200,0,0.0,283670.2616271973,0.0,283670.2616271973,183.67026162719733,0.0
2024-05-21,66.74977111816406,66.81901716590664,66.24649763569884,66.3948841800767,2180000,0,0.0,283670.2616271973,0.0,283670.2616271973,183.67026162719733,0.0
2024-05-22,66.76583862304688,67.04406052959688,66.34912463790552,66.87713040456777,3800800,1,4248.0,48.97915649419883,283621.2824707031,283670.2616271973,183.67026162719733,0.0
2024-05-23,66.77079010009766,67.91830465751977,66.48762470929026,67.89728555750648,4152800,0,4248.0,48.97915649419883,283642.31634521484,283691.29550170904,183.69129550170905,0.007414902919711253
2024-05-24,67.41996765136719,67.50405158997403,66.73368844649708,66.91916972063778,2293600,0,4248.0,48.97915649419883,286400.0225830078,286449.001739502,186.449001739502,0.9720799620996257
2024-05-28,67.99990844726562,68.23485442162372,67.57083204077006,67.9702326499262,2983200,0,4248.0,48.97915649419883,288863.6110839844,288912.5902404786,188.9125902404786,0.8600443660184087
2024-05-29,67.76249694824219,67.98631073298769,67.29261252994948,67.40761002238473,2500000,0,4248.0,48.97915649419883,287855.0870361328,287904.066192627,187.904066192627,-0.34907583882450854
2024-05-30,66.16488647460938,67.25056634441052,65.89160799614466,67.1837957984419,4374400,0,4248.0,48.97915649419883,281068.4377441406,281117.4169006348,181.11741690063482,-2.3572606603796564
2024-05-31,66.10675048828125,66.40970469808141,64.62785152416075,66.40970469808141,4368000,0,4248.0,48.97915649419883,280821.47607421875,280870.45523071295,180.87045523071293,-0.08785000682087762
2024-06-03,66.4542236328125,66.7732535128265,65.56268187448423,66.76954026495049,3090400,0,4248.0,48.97915649419883,282297.5419921875,282346.5211486817,182.34652114868172,0.5255326398628357
2024-06-04,66.49503326416016,66.61374399034537,66.00536000930458,66.40229263199257,2493600,0,4248.0,48.97915649419883,282470.90130615234,282519.88046264654,182.51988046264654,0.061399486439417394
2024-06-05,68.18911743164062,68.24476333707476,66.99956450351151,67.14300007014324,3935200,0,4248.0,48.97915649419883,289667.3708496094,289716.3500061036,189.71635000610357,2.547243589255488
2024-06-06,67.9961929321289,68.50193425784035,67.7563035419224,68.38323108561546,3062400,0,4248.0,48.97915649419883,288847.8275756836,288896.8067321778,188.89680673217782,-0.2828778126980125
2024-06-07,67.99125671386719,68.21878375550662,67.60421847625304,67.88615366607236,2336800,0,4248.0,48.97915649419883,288826.8585205078,288875.837677002,188.875837677002,-0.007258320163860965
2024-06-10,68.2261962890625,68.42651546414643,67.63883891276336,67.70437925322109,2583200,0,4248.0,48.97915649419883,289824.8818359375,289873.8609924317,189.8738609924317,0.3454852172668055
2024-06-11,69.18328094482422,69.18328094482422,67.98754705131034,68.08894439188559,3842400,0,4248.0,48.97915649419883,293890.5774536133,293939.5566101075,193.93955661010747,1.4025740726522296
2024-06-12,70.67083740234375,71.39173581766356,69.93509354236497,70.01175852805163,3524800,0,4248.0,48.97915649419883,300209.71728515625,300258.69644165045,200.25869644165044,2.1498092684153036
2024-06-13,71.36947631835938,71.73797088293875,70.89217302592458,71.5945278170013,3267200,0,4248.0,48.97915649419883,303177.5354003906,303226.5145568848,203.22651455688484,0.988420368970444
2024-06-14,71.64646911621094,71.68851486055118,71.11228967034593,71.27921980377216,3114400,0,4248.0,48.97915649419883,304354.20080566406,304403.17996215826,204.40317996215828,0.3880483232124199
2024-06-17,72.51945495605469,72.79149563012244,71.52404043133642,71.83070789449067,3341600,0,4248.0,48.97915649419883,308062.6446533203,308111.6238098145,208.1116238098145,1.2182671180101634
2024-06-18,72.81006622314453,72.97823412212567,72.42302797722627,72.58625242526796,3729600,0,4248.0,48.97915649419883,309297.16131591797,309346.14047241217,209.34614047241217,0.40067188875667625
2024-06-20,71.8121566772461,73.33928260361287,71.49807781361051,73.30218786338054,4934400,0,4248.0,48.97915649419883,305058.0415649414,305107.0207214356,205.10702072143562,-1.370348356214457
2024-06-21,71.4399642944336,71.98528345125065,70.944109828205,71.60318871667295,3844800,0,4248.0,48.97915649419883,303476.9683227539,303525.9474792481,203.52594747924812,-0.5182028386134796
2024-06-24,70.12922668457031,71.22356305299576,70.10449434150813,71.04426299985927,4210400,0,4248.0,48.97915649419883,297908.9549560547,297957.9341125489,197.95793411254888,-1.834443945547659
2024-06-25,71.13329315185547,71.15183674746909,70.2887331274554,70.52244130074453,2475200,0,4248.0,48.97915649419883,302174.22930908203,302223.20846557623,202.22320846557622,1.4315021903112735
2024-06-26,71.27552032470703,71.46595263957701,70.8328436840767,71.11972235879624,4517600,0,4248.0,48.97915649419883,302778.41033935547,302827.38949584967,202.82738949584967,0.19991218852482007
2024-06-27,71.41770935058594,71.6860368134095,71.17781993461972,71.25572267338339,3978400,0,4248.0,48.97915649419883,303382.42932128906,303431.40847778326,203.43140847778324,0.1994598252619051
2024-06-28,71.39195251464844,72.57069025418433,71.31889684721396,71.85131071153864,3043200,0,4248.0,48.97915649419883,303273.01428222656,303321.99343872076,203.32199343872074,-0.036059233159613235
2024-07-01,72.0927734375,72.19678351181983,70.68991838365524,71.57026696809119,4725600,0,4248.0,48.97915649419883,306250.1015625,306299.0807189942,206.29908071899422,0.9814940375811876
2024-07-02,72.57192993164062,72.57192993164062,71.62968034398753,71.68168159045968,2933600,0,4248.0,48.97915649419883,308285.5583496094,308334.5375061036,208.33453750610354,0.6645324505484718
2024-07-03,73.41017150878906,73.4250290066644,72.48896885440922,72.50753694814254,3024000,0,4248.0,48.97915649419883,311846.40856933594,311895.38772583014,211.89538772583015,1.1548658312908078
2024-07-05,73.78410339355469,73.9735478481257,73.29626200708897,73.47951709640174,4101600,0,4248.0,48.97915649419883,313434.8712158203,313483.8503723145,213.48385037231452,0.5092934070191291
2024-07-08,74.27938079833984,74.35491524499392,73.85716629107456,74.04041384109637,3916800,0,4248.0,48.97915649419883,315538.80963134766,315587.78878784186,215.58778878784187,0.6711473056837169
2024-07-09,74.12089538574219,74.66816680250753,73.76182149292437,74.57406426192227,3110400,0,4248.0,48.97915649419883,314865.5635986328,314914.542755127,214.91454275512703,-0.2133308247764476
2024-07-10,75.13867950439453,75.17335204692766,74.28186414807837,74.56045364414229,3171200,0,4248.0,48.97915649419883,319189.11053466797,319238.08969116217,219.23808969116217,1.3729270481474876
2024-07-11,73.69124603271484,75.34792537310929,73.36684467258122,75.34792537310929,5791200,0,4248.0,48.97915649419883,313040.41314697266,313089.39230346686,213.08939230346687,-1.926053809444761
2024-07-12,74.377197265625,75.03590748065263,73.67143578115092,73.86335145535473,5523200,0,4248.0,48.97915649419883,315954.333984375,316003.3131408692,216.00331314086918,0.9306993175220546
2024-07-15,74.758544921875,75.42344439141529,74.38832419362025,74.97150742615594,4791200,0,4248.0,48.97915649419883,317574.298828125,317623.2779846192,217.62327798461916,0.512641727597285
2024-07-16,74.84893798828125,75.08047617012049,74.20137470982178,75.00370990433542,3372800,0,4248.0,48.97915649419883,317958.28857421875,318007.26773071295,218.00726773071295,0.1208947116629
2024-07-17,72.1521987915039,73.30741865380278,72.05686441652173,73.17617235254907,6105600,0,4248.0,48.97915649419883,306502.5404663086,306551.5196228028,206.5515196228028,-3.6023541819210303
2024-07-18,71.77703857421875,72.79110465802248,71.05889826236856,72.72176712909675,9515200,0,4248.0,48.97915649419883,304908.85986328125,304957.83901977545,204.95783901977543,-0.5198736594058673
2024-07-19,70.92516326904297,71.9082748264481,70.77163073054822,71.58015532672549,3268800,0,4248.0,48.97915649419883,301290.09356689453,301339.07272338873,201.3390727233887,-1.1866447860525597
2024-07-22,72.33792114257812,72.37383306687643,71.38453210180022,71.78074219588932,3532800,0,4248.0,48.97915649419883,307291.4890136719,307340.4681701661,207.3404681701661,1.9915756003823226
2024-07-23,72.20421600341797,72.78863128235184,71.9739095891844,72.12125279372295,3251200,0,4248.0,48.97915649419883,306723.50958251953,306772.48873901373,206.77248873901374,-0.18480463524180868
2024-07-24,69.3700180053711,71.56654001394442,69.15704790117911,71.37957431444087,5790400,0,4248.0,48.97915649419883,294683.8364868164,294732.8156433106,194.73281564331063,-3.9246260788221687
2024-07-25,68.7175064086914,70.35684969377922,67.76039908829439,69.27716419814976,5316000,0,4248.0,48.97915649419883,291911.9672241211,291960.9463806153,191.9609463806153,-0.9404684906379246
2024-07-26,69.53097534179688,70.07081798601666,69.13228650261023,69.71299104980753,3784000,0,4248.0,48.97915649419883,295367.5832519531,295416.5624084473,195.4165624084473,1.1835884458762935
2024-07-29,69.27468872070312,70.32961680024644,69.08029423541677,70.07579230165324,3352800,0,4248.0,48.97915649419883,294278.8776855469,294327.8568420411,194.32785684204106,-0.36853233871870783
2024-07-30,67.95230102539062,69.68203591767927,67.38274338774627,69.5470714794619,3631200,0,4248.0,48.97915649419883,288661.3747558594,288710.3539123536,188.71035391235358,-1.9085869037201886
2024-07-31,70.32960510253906,70.68124269908371,69.33906474031468,69.78604426503486,3399200,0,4248.0,48.97915649419883,298760.16247558594,298809.14163208014,198.80914163208013,3.4978959302555346
2024-08-01,67.78762817382812,70.87563809650129,67.22920982802714,70.25655036186131,5325600,0,4248.0,48.97915649419883,287961.8444824219,288010.8236389161,188.01082363891607,-3.6137843488268873
2024-08-02,66.124755859375,66.74013296417627,65.28279809711567,66.23743405304786,6441600,0,4248.0,48.97915649419883,280897.962890625,280946.9420471192,180.9469420471192,-2.4526444883380405
2024-08-05,63.81060791015625,65.0104002184691,61.18072447452886,61.29835265323074,11225600,0,4248.0,48.97915649419883,271067.46240234375,271116.44155883795,171.11644155883795,-3.499059436864249
2024-08-06,64.44454956054688,65.63320245600303,63.55554054732407,64.35788332999323,5969600,0,4248.0,48.97915649419883,273760.4465332031,273809.4256896973,173.80942568969732,0.9932942891163421
2024-08-07,63.695457458496094,66.26962144554483,63.591454954878415,65.69015625372005,5260000,-1,0.0,270627.2824401856,0.0,270627.2824401856,170.62728244018558,-1.1621744728094074
2024-08-08,65.90188598632812,66.04798977737376,63.89480093254163,64.88163066090917,3280000,0,0.0,270627.2824401856,0.0,270627.2824401856,170.62728244018558,0.0
2024-08-09,66.32162475585938,66.56802043576143,65.48461702910097,65.76815645721547,3380800,0,0.0,270627.2824401856,0.0,270627.2824401856,170.62728244018558,0.0
2024-08-12,66.66583251953125,67.20444331043879,66.18046991698552,66.49744249212877,3022400,0,0.0,270627.2824401856,0.0,270627.2824401856,170.62728244018558,0.0
2024-08-13,68.59243774414062,68.60977401331066,67.33816547118914,67.33816547118914,4967200,0,0.0,270627.2824401856,0.0,270627.2824401856,170.62728244018558,0.0
2024-08-14,68.89456176757812,69.23134944659476,68.08974766089,68.97504620113645,3368800,0,0.0,270627.2824401856,0.0,270627.2824401856,170.62728244018558,0.0
2024-08-15,70.74810791015625,70.8100166818327,69.70927690769174,69.77737504509122,3487200,0,0.0,270627.2824401856,0.0,270627.2824401856,170.62728244018558,0.0
2024-08-16,70.91154479980469,71.06631672206727,70.23921647636274,70.4843727829154,3006400,0,0.0,270627.2824401856,0.0,270627.2824401856,170.62728244018558,0.0
2024-08-19,71.89960479736328,71.89960479736328,70.43360185582948,70.82363011448888,4008800,0,0.0,270627.2824401856,0.0,270627.2824401856,170.62728244018558,0.0
2024-08-20,71.65940856933594,72.11010627454674,71.2830059300215,71.76712923552317,3181600,0,0.0,270627.2824401856,0.0,270627.2824401856,170.62728244018558,0.0
2024-08-21,72.06675720214844,72.30201354758105,71.51453581848469,71.67673649121261,2658400,0,0.0,270627.2824401856,0.0,270627.2824401856,170.62728244018558,0.0
2024-08-22,70.55865478515625,72.57811836720367,70.49055665611111,72.43820395580187,4973600,0,0.0,270627.2824401856,0.0,270627.2824401856,170.62728244018558,0.0
2024-08-23,71.81542205810547,72.07667528823526,71.00812917249989,71.27557932622547,3362400,0,0.0,270627.2824401856,0.0,270627.2824401856,170.62728244018558,0.0
2024-08-26,71.13565826416016,72.01228104023407,70.75429811011425,71.85750910921807,2830400,0,0.0,270627.2824401856,0.0,270627.2824401856,170.62728244018558,0.0
2024-08-27,71.46749114990234,71.58264056417856,70.34817566474906,70.63791205602925,2420000,0,0.0,270627.2824401856,0.0,270627.2824401856,170.62728244018558,0.0
2024-08-28,70.52523040771484,71.48357688306714,69.99033776996005,71.36346994892232,2856800,0,0.0,270627.2824401856,0.0,270627.2824401856,170.62728244018558,0.0
2024-08-29,70.3370361328125,71.6903610397003,70.18350358084696,70.72458566667235,3172000,0,0.0,270627.2824401856,0.0,270627.2824401856,170.62728244018558,0.0
2024-08-30,71.06754302978516,71.26813437810311,70.26396848096456,70.95487240430678,2256000,0,0.0,270627.2824401856,0.0,270627.2824401856,170.62728244018558,0.0
2024-09-03,67.93744659423828,70.47075619328226,67.55608645350391,70.47075619328226,4990400,0,0.0,270627.2824401856,0.0,270627.2824401856,170.62728244018558,0.0
2024-09-04,67.79133605957031,68.3398468025134,66.97290401207509,67.2576828154303,3815200,0,0.0,270627.2824401856,0.0,270627.2824401856,170.62728244018558,0.0
2024-09-05,67.64027404785156,68.42033051307907,67.25149275688442,67.36292399675827,2816000,0,0.0,270627.2824401856,0.0,270627.2824401856,170.62728244018558,0.0
2024-09-06,66.01580047607422,67.80868372428256,65.73102162485442,67.68981615665695,5536800,0,0.0,270627.2824401856,0.0,270627.2824401856,170.62728244018558,0.0
2024-09-09,66.90728759765625,67.01500825949942,66.10495230745231,66.66956002226681,2603200,0,0.0,270627.2824401856,0.0,270627.2824401856,170.62728244018558,0.0
2024-09-10,67.58580780029297,67.64524536422131,66.53955553068141,67.12397074920732,4584800,0,0.0,270627.2824401856,0.0,270627.2824401856,170.62728244018558,0.0
2024-09-11,69.53346252441406,69.62879689993356,66.7847113761121,67.8123955397086,3863200,0,0.0,270627.2824401856,0.0,270627.2824401856,170.62728244018558,0.0
2024-09-12,70.06834411621094,70.35312292728747,68.98494071531579,69.53345147313087,3340000,0,0.0,270627.2824401856,0.0,270627.2824401856,170.62728244018558,0.0
2024-09-13,70.48188018798828,70.69608206807017,70.01137514804974,70.22310581677166,2504800,0,0.0,270627.2824401856,0.0,270627.2824401856,170.62728244018558,0.0
2024-09-16,70.06834411621094,70.25159164456547,69.45296705474685,69.84794528261924,2271200,0,0.0,270627.2824401856,0.0,270627.2824401856,170.62728244018558,0.0
2024-09-17,70.03243255615234,70.69981086827451,69.64117247967741,70.58590085470168,2005600,0,0.0,270627.2824401856,0.0,270627.2824401856,170.62728244018558,0.0
2024-09-18,69.70928955078125,70.94622582406282,69.62137635845565,70.23427482065786,3574400,0,0.0,270627.2824401856,0.0,270627.2824401856,170.62728244018558,0.0
2024-09-19,71.77084350585938,72.1905792429826,71.31023830534222,71.56159155099351,4102400,0,0.0,270627.2824401856,0.0,270627.2824401856,170.62728244018558,0.0
2024-09-20,71.51948547363281,71.90579558641937,71.02793347676108,71.60863803047273,2511200,1,3783.0,69.0688934326754,270558.21354675293,270627.2824401856,170.62728244018558,0.0
2024-09-23,71.4947280883789,71.6532181809178,71.30653055001842,71.61607442711136,3056000,0,3783.0,69.0688934326754,270464.5563583374,270533.6252517701,170.5336252517701,-0.0346074451810785
2024-09-24,72.13980865478516,72.15590553838484,71.0105933772115,71.8030210408791,2599200,0,3783.0,69.0688934326754,272904.89614105225,272973.9650344849,172.9739650344849,0.9020467531323462
2024-09-25,72.18810272216797,72.55335840994333,71.90208451445395,71.90208451445395,2404000,0,3783.0,69.0688934326754,273087.5925979614,273156.6614913941,173.15666149139412,0.066928161770341
2024-09-26,73.08330535888672,73.57857553497405,72.32182444026319,73.50675924341891,3957600,0,3783.0,69.0688934326754,276474.14417266846,276543.21306610113,176.54321306610115,1.2397836304694154
2024-09-27,72.54102325439453,73.24911678829459,72.15782833241789,73.24911678829459,2637600,0,3783.0,69.0688934326754,274422.6909713745,274491.7598648072,174.4917598648072,-0.7418201222691323
2024-09-30,72.73445892333984,72.77537683629592,71.86390496911196,72.2086569297711,4309600,0,3783.0,69.0688934326754,275154.4581069946,275223.5270004273,175.22352700042728,0.266589837152309
2024-10-01,70.90655517578125,72.54596637248929,70.46879554045647,72.54596637248929,4868000,0,3783.0,69.0688934326754,268239.49822998047,268308.56712341314,168.30856712341316,-2.512488649636202
2024-10-02,71.35298919677734,71.69649987148075,70.44151725800744,70.86810507808244,2304000,0,3783.0,69.0688934326754,269928.3581314087,269997.42702484137,169.99742702484136,0.6294468788435648
2024-10-03,71.63325500488281,72.17517898289896,71.12729126066586,71.16077643732922,2632800,0,3783.0,69.0688934326754,270988.6036834717,271057.67257690436,171.05767257690437,0.39268727992931574
2024-10-04,72.55091857910156,72.66128946437118,71.71013342971155,72.66128946437118,2838400,0,3783.0,69.0688934326754,274460.1249847412,274529.1938781739,174.52919387817388,1.2807316126735246
2024-10-07,72.03008270263672,72.69973319294394,71.90854756849565,72.20369242872464,2870400,0,3783.0,69.0688934326754,272489.8028640747,272558.8717575074,172.55887175750738,-0.7177095058024552
2024-10-08,73.34335327148438,73.45248285537433,72.39715481940479,72.50504309023066,2664000,0,3783.0,69.0688934326754,277457.9054260254,277526.97431945807,177.52697431945808,1.8227631079903883
2024-10-09,74.16429901123047,74.23126936375367,73.23670513211383,73.3669143290461,3749600,0,3783.0,69.0688934326754,280563.54315948486,280632.61205291754,180.63261205291755,1.119039956773582
2024-10-10,74.23126983642578,74.35651378197933,73.44131788951174,73.65957705516001,4060800,0,3783.0,69.0688934326754,280816.89379119873,280885.9626846314,180.8859626846314,0.09027839988393627
2024-10-11,74.46067810058594,74.61196689788156,74.0030802009411,74.04524699550454,2566400,0,3783.0,69.0688934326754,281684.7452545166,281753.8141479493,181.7538141479493,0.30896932513935216
2024-10-14,75.3833236694336,75.57553797249092,74.9220017731138,74.9468053277946,3144000,0,3783.0,69.0688934326754,285175.1134414673,285244.18233489996,185.24418233489993,1.2388006875810653
2024-10-15,74.024169921875,75.65366584253388,73.75258726843185,75.50361076869228,3642400,0,3783.0,69.0688934326754,280033.4348144531,280102.5037078858,180.10250370788577,-1.8025533719658537
2024-10-16,74.29822540283203,74.41355397073058,73.4685969327401,74.29202640715644,2238400,0,3783.0,69.0688934326754,281070.1866989136,281139.25559234625,181.13925559234625,0.3701330301358663
2024-10-17,74.59090423583984,75.3920129627466,74.55990168158006,75.30148035739961,3032000,0,3783.0,69.0688934326754,282177.3907241821,282246.4596176148,182.24645961761482,0.39382761504995756
2024-10-18,74.84759521484375,75.1018146083492,74.72606764220781,75.1018146083492,2437600,0,3783.0,69.0688934326754,283148.4526977539,283217.5215911866,183.21752159118657,0.34404753026393564
2024-10-21,75.26551055908203,75.27419218144999,74.51029267187171,74.63306156010911,2782400,0,3783.0,69.0688934326754,284729.4264450073,284798.49533844,184.79849533844,0.5582189048089603
2024-10-22,75.21342468261719,75.44532314206354,74.66530173928777,74.90835687766956,3076800,0,3783.0,69.0688934326754,284532.3855743408,284601.4544677735,184.60145446777346,-0.06918606449530795
2024-10-23,74.0452651977539,75.01130208160052,73.36940798853894,74.90217248306018,3583200,0,3783.0,69.0688934326754,280113.238243103,280182.3071365357,180.18230713653568,-1.552749384047225
2024-10-24,74.2969970703125,74.46689045400454,73.82575978191888,74.3552858054017,2189600,0,3783.0,69.0688934326754,281065.5399169922,281134.60881042486,181.13460881042488,0.33988644166067505
2024-10-25,74.64918518066406,75.47013212624124,74.52517497657105,74.64297861527366,3286400,0,3783.0,69.0688934326754,282397.86753845215,282466.9364318848,182.46693643188482,0.4739109237021699
2024-10-28,74.8017349243164,75.1948452550586,74.7620507403227,75.1948452550586,2640800,0,3783.0,69.0688934326754,282974.96321868896,283044.03211212164,183.04403211212167,0.20430556847703674
2024-10-29,75.68589782714844,75.90043302741957,74.59460970127029,74.90215254128638,3360000,0,3783.0,69.0688934326754,286319.75148010254,286388.8203735352,186.38882037353522,1.1817201148719647
2024-10-30,74.6938247680664,75.4031594808144,74.61197379722198,75.18118394706605,3105600,0,3783.0,69.0688934326754,282566.7390975952,282635.8079910279,182.6358079910279,-1.310460505271227
2024-10-31,72.21114349365234,73.88032363871662,72.17394194459081,73.88032363871662,5942400,0,3783.0,69.0688934326754,273174.7558364868,273243.8247299195,173.2438247299195,-3.322998358865603
2024-11-01,72.72825622558594,73.2900260482037,72.29794447733123,72.34258633146487,3328800,0,3783.0,69.0688934326754,275130.9933013916,275200.0621948243,175.20006219482428,0.7159310798106278
2024-11-04,72.65757751464844,73.2143820886376,72.34011171280477,72.78158771175896,2911200,0,3783.0,69.0688934326754,274863.61573791504,274932.6846313477,174.9326846313477,-0.09715752291047375
2024-11-05,73.71041870117188,73.74389630558751,72.8373821188255,72.8373821188255,2513600,0,3783.0,69.0688934326754,278846.5139465332,278915.5828399659,178.91558283996588,1.4486812340841704
2024-11-06,76.0195083618164,76.16211557753213,75.07206843718393,75.26924802301326,5134400,0,3783.0,69.0688934326754,287581.80013275146,287650.86902618414,187.65086902618413,3.131874561211001
2024-11-07,77.57705688476562,77.5968951851765,76.57629372489289,76.61969426459378,4264000,0,3783.0,69.0688934326754,293474.00619506836,293543.07508850103,193.54307508850104,2.048388062328632
2024-11-08,77.4406509399414,77.68619629863647,77.14798866568033,77.54730547122504,3446400,0,3783.0,69.0688934326754,292957.98250579834,293027.051399231,193.02705139923103,-0.1757914708478303
2024-11-11,77.1244125366211,77.61673690949932,76.6618569662416,77.61673690949932,3454400,0,3783.0,69.0688934326754,291761.6526260376,291830.7215194703,191.8307215194703,-0.40826601982586475
2024-11-12,77.25960540771484,77.39601361688571,76.6606339487904,77.13311256609552,3238400,0,3783.0,69.0688934326754,292273.08725738525,292342.15615081793,192.34215615081794,0.17525044268293932
2024-11-13,76.94833374023438,77.58450671011623,76.78836329742113,77.13434905145171,5676800,0,3783.0,69.0688934326754,291095.54653930664,291164.6154327393,191.16461543273934,-0.4027953866055256
2024-11-14,76.63581848144531,77.21371023328001,76.4746067404849,77.04629192733591,2884800,0,3783.0,69.0688934326754,289913.3013153076,289982.3702087403,189.9823702087403,-0.4060401440751704
2024-11-15,74.7719497680664,75.8520737393998,74.44456103154849,75.8520737393998,4911200,0,3783.0,69.0688934326754,282862.2859725952,282931.3548660279,182.9313548660279,-2.4315324195870347
2024-11-18,74.991455078125,75.30644587465959,74.3937324906025,74.77196214010341,3436800,0,3783.0,69.0688934326754,283692.6745605469,283761.74345397955,183.76174345397956,0.2934947200690541
2024-11-19,75.91532897949219,75.94881415863848,74.5301370377235,74.60702276325878,3312800,0,3783.0,69.0688934326754,287187.68952941895,287256.7584228516,187.25675842285165,1.2316723622890047
2024-11-20,75.99592590332031,76.01576420346231,74.93439897466159,76.01328914655791,3030400,0,3783.0,69.0688934326754,287492.58769226074,287561.6565856934,187.5616565856934,0.10614133659232472
2024-11-21,76.79704284667969,77.29060103704242,75.58421941717776,76.83176176796533,3704000,0,3783.0,69.0688934326754,290523.21308898926,290592.28198242193,190.59228198242195,1.053904554839491
2024-11-22,77.08226013183594,77.13929997813095,76.51677393802663,76.7511474572046,4295200,0,3783.0,69.0688934326754,291602.19007873535,291671.258972168,191.67125897216803,0.3713027002593794
2024-11-25,77.04630279541016,77.82509056904745,76.76232213142173,77.68744104866327,5583200,0,3783.0,69.0688934326754,291466.1634750366,291535.2323684693,191.53523236846928,-0.046636958395585015
2024-11-26,77.2794418334961,77.65643772281173,77.0314214090443,77.34020562644955,2852800,0,3783.0,69.0688934326754,292348.1284561157,292417.1973495484,192.41719734954842,0.30252432061603773
2024-11-27,76.48453521728516,76.98677503354466,75.70823012324794,76.98677503354466,3337600,0,3783.0,69.0688934326754,289340.99672698975,289410.0656204224,189.41006562042242,-1.0283703408631384
2024-11-29,77.16535949707031,77.3637728217395,76.62095281399424,76.70032117145519,1688800,0,3783.0,69.0688934326754,291916.554977417,291985.62387084967,191.98562387084968,0.8899338884105212
2024-12-02,77.9242935180664,78.20951548165466,77.27323992838386,77.3253220962434,3457600,0,3783.0,69.0688934326754,294787.6023788452,294856.6712722779,194.8566712722779,0.9832838217740836
2024-12-03,78.32855987548828,78.3508808022541,77.50637167919683,77.71719052396057,2440800,0,3783.0,69.0688934326754,296316.94200897217,296386.01090240484,196.38601090240485,0.5186722157338286
2024-12-04,79.91588592529297,79.93573179434532,79.18423034484066,79.3342778307651,3933600,0,3783.0,69.0688934326754,302321.7964553833,302390.865348816,202.39086534881596,2.026024922069758
2024-12-05,79.5165786743164,79.96052971612544,79.44092670406917,79.93696747666775,3452000,0,3783.0,69.0688934326754,300811.21712493896,300880.28601837164,200.88028601837163,-0.49954529172098194
2024-12-06,79.92952728271484,80.1713486735005,79.65794465656754,79.73731299685294,2700800,0,3783.0,69.0688934326754,302373.40171051025,302442.47060394293,202.44247060394292,0.5192046997309463
2024-12-09,79.33303833007812,79.8749622678621,79.13958273179577,79.69886991315185,5318400,0,3783.0,69.0688934326754,300116.88400268555,300185.9528961182,200.1859528961182,-0.7460981598644834
2024-12-10,78.19462585449219,79.36032469885097,77.92800848034415,79.19538902248306,4460800,0,3783.0,69.0688934326754,295810.26960754395,295879.3385009766,195.87933850097664,-1.4346488746700081
2024-12-11,79.3913345336914,79.63191463348068,78.56666364514523,78.91761464363285,3643200,0,3783.0,69.0688934326754,300337.4185409546,300406.48743438727,200.40648743438726,1.5300659236115344
2024-12-12,79.04657745361328,79.35908557134145,78.73531064888908,78.96597536715505,2456000,0,3783.0,69.0688934326754,299033.20250701904,299102.2714004517,199.10227140045174,-0.4341504223407955
2024-12-13,79.41985321044922,80.13539450213462,78.80848381938861,79.90597108574006,2840000,0,3783.0,69.0688934326754,300445.3046951294,300514.37358856207,200.51437358856208,0.4721134953267425
2024-12-16,80.3548812866211,80.44044862272236,79.39380228893921,79.57610120888604,3426400,0,3783.0,69.0688934326754,303982.5159072876,304051.5848007203,204.05158480072026,1.1770522554109375
2024-12-17,79.86009216308594,80.08455033916005,79.31072784416384,79.79932837156603,3439200,0,3783.0,69.0688934326754,302110.7286529541,302179.7975463868,202.17979754638677,-0.6156150297852547
2024-12-18,77.13565063476562,80.39733659053063,76.8711892016968,80.15770109747939,8525600,0,3783.0,69.0688934326754,291804.16635131836,291873.23524475103,191.87323524475102,-3.4107383701101335
2024-12-19,77.20145416259766,78.18852781235375,77.10088485205652,77.99608130182764,6925600,0,3783.0,69.0688934326754,292053.10109710693,292122.1699905396,192.1221699905396,0.08528865128034635
2024-12-20,78.42070770263672,79.0154390430468,76.47139389068025,76.65267024636258,5290400,0,3783.0,69.0688934326754,296665.5372390747,296734.6061325074,196.7346061325074,1.5789408048410447
2024-12-23,79.14579772949219,79.15821069890308,78.16120978644592,78.72862192603098,3564000,0,3783.0,69.0688934326754,299408.55281066895,299477.6217041016,199.4776217041016,0.9244002940355767
2024-12-24,80.01492309570312,80.01492309570312,79.32831457599642,79.43633318267933,3484000,0,3783.0,69.0688934326754,302696.4540710449,302765.5229644776,202.76552296447758,1.097878780279804
2024-12-26,80.15397644042969,80.36132152975841,79.44254202698791,79.78646009244623,3670400,0,3783.0,69.0688934326754,303222.4928741455,303291.5617675782,203.29156176757817,0.1737446185912983
2024-12-27,78.90369415283203,79.69707851389015,78.13017963908794,79.69707851389015,4839200,0,3783.0,69.0688934326754,298492.6749801636,298561.74387359625,198.56174387359627,-1.5594953800945333
2024-12-30,77.91909790039062,78.57342357402068,77.23001136480211,77.74527085622165,3900000,0,3783.0,69.0688934326754,294767.94735717773,294837.0162506104,194.83701625061042,-1.2475568954885219
2024-12-31,77.20269012451172,78.17610790478375,76.95934136303774,78.15872368521407,5552000,0,3783.0,69.0688934326754,292057.77674102783,292126.8456344605,192.12684563446052,-0.9192097554827638
2025-01-02,77.14558410644531,78.12147996830235,76.3956527945025,77.84832643011542,7610400,0,3783.0,69.0688934326754,291841.7446746826,291910.8135681153,191.91081356811532,-0.07395145963939864
2025-01-03,78.58087921142578,78.63053867224808,77.54413850385413,77.60746132616929,3756800,0,3783.0,69.0688934326754,297271.46605682373,297340.5349502564,197.3405349502564,1.8600617482346538
2025-01-06,79.65857696533203,80.429605735111,79.37797414563381,79.58656204160965,5167200,0,3783.0,69.0688934326754,301348.3966598511,301417.46555328375,201.41746555328376,1.3711317912673326
2025-01-07,77.90668487548828,80.18626862440715,77.61242623145425,80.17509088812206,5126400,0,3783.0,69.0688934326754,294720.98888397217,294790.05777740484,194.79005777740483,-2.1987470977216206
2025-01-08,77.82349395751953,78.07057116874557,76.96679442212839,78.07057116874557,3906400,0,3783.0,69.0688934326754,294406.2776412964,294475.34653472906,194.47534653472906,-0.1067577533138575
2025-01-10,76.16472625732422,77.12448082832326,75.63331771130109,77.12448082832326,6786400,0,3783.0,69.0688934326754,288131.1594314575,288200.2283248902,188.20022832489022,-2.1309485781006776
2025-01-13,75.54142761230469,75.59233745776255,74.5767095330664,74.87593180872938,6135200,0,3783.0,69.0688934326754,285773.22065734863,285842.2895507813,185.84228955078132,-0.8181599257620187
2025-01-14,75.72146606445312,76.44159261987603,75.15778233696491,76.2193489260744,3345600,0,3783.0,69.0688934326754,286454.3061218262,286523.37501525885,186.52337501525884,0.23827316299065426
2025-01-15,77.40011596679688,77.602497403765,76.63156514701868,76.93078745806064,5856800,0,3783.0,69.0688934326754,292804.6387023926,292873.70759582525,192.87370759582524,2.2163401433576535
2025-01-16,76.75074768066406,78.07926129002044,76.72839978846234,78.07554043038292,3017600,0,3783.0,69.0688934326754,290348.07847595215,290417.1473693848,190.41714736938485,-0.8387779997754419
2025-01-17,77.90668487548828,78.26303110825707,77.53669043726224,78.23074829024046,3728800,0,3783.0,69.0688934326754,294720.98888397217,294790.05777740484,194.79005777740483,1.5057342335430546
2025-01-21,78.54362487792969,78.71745193553622,77.50316331391967,78.21336256222865,4209600,0,3783.0,69.0688934326754,297130.532913208,297199.6018066407,197.1996018066407,0.8173762871797052
2025-01-22,80.11672973632812,80.25703114977793,79.38418266748621,79.46240407775028,6322400,0,3783.0,69.0688934326754,303081.5885925293,303150.657485962,203.15065748596197,2.002376733732336
2025-01-23,80.24958038330078,80.24958038330078,79.37176824495045,79.54683051635399,3655200,0,3783.0,69.0688934326754,303584.16259002686,303653.23148345953,203.65323148345956,0.16578357496084273
2025-01-24,79.4785385131836,80.5500398804303,79.26001570863795,80.5500398804303,3360800,0,3783.0,69.0688934326754,300667.31119537354,300736.3800888062,200.73638008880624,-0.9605863176240237
2025-01-27,75.33781433105469,76.59554825757016,74.64872021464798,75.8183129623933,12632000,0,3783.0,69.0688934326754,285002.9516143799,285072.02050781256,185.07202050781254,-5.208667995660532
2025-01-28,77.68816375732422,77.8023888463724,75.09073085268572,75.8915644448932,4972800,-1,0.0,293963.3923873902,0.0,293963.3923873902,193.9633923873902,3.1189914267064855
2025-01-29,76.9593505859375,77.39142503309029,76.15851693658003,77.39142503309029,4616000,0,0.0,293963.3923873902,0.0,293963.3923873902,193.9633923873902,0.0
2025-01-30,76.966796875,77.33306285934398,76.15478552114695,76.80911122983262,4323200,0,0.0,293963.3923873902,0.0,293963.3923873902,193.9633923873902,0.0
2025-01-31,76.55830383300781,78.25433385513196,76.32861084010064,77.78624818090266,5211200,0,0.0,293963.3923873902,0.0,293963.3923873902,193.9633923873902,0.0
2025-02-03,75.47064971923828,75.90273165375929,74.26506102114686,74.68347959688117,7942400,0,0.0,293963.3923873902,0.0,293963.3923873902,193.9633923873902,0.0
2025-02-04,76.48257446289062,76.55955307119731,75.52157709366557,75.6134542985396,3393600,0,0.0,293963.3923873902,0.0,293963.3923873902,193.9633923873902,0.0
2025-02-05,77.56151580810547,77.60124792009557,76.42048502987956,76.5806487122963,5761600,0,0.0,293963.3923873902,0.0,293963.3923873902,193.9633923873902,0.0
2025-02-06,77.85205078125,78.01593531743377,77.29953724899148,77.65587585346913,2661600,0,0.0,293963.3923873902,0.0,293963.3923873902,193.9633923873902,0.0
2025-02-07,77.10956573486328,78.4691192372733,76.82772769072777,78.10408853769643,3814400,0,0.0,293963.3923873902,0.0,293963.3923873902,193.9633923873902,0.0
2025-02-10,78.07925415039062,78.33254539510007,77.6558718936089,77.6558718936089,3560800,0,0.0,293963.3923873902,0.0,293963.3923873902,193.9633923873902,0.0
2025-02-11,77.97745513916016,78.40705153046117,77.61863844576794,77.64470719960158,2773600,0,0.0,293963.3923873902,0.0,293963.3923873902,193.9633923873902,0.0
2025-02-12,77.8756332397461,77.91785097503036,76.80165376349026,76.97299517343053,3887200,0,0.0,293963.3923873902,0.0,293963.3923873902,193.9633923873902,0.0
2025-02-13,79.0837173461914,79.10978609745409,78.02215081039746,78.11029956466712,3339200,0,0.0,293963.3923873902,0.0,293963.3923873902,193.9633923873902,0.0
2025-02-14,79.4462661743164,79.49096195983117,78.84160752287137,78.96576753471841,2726400,0,0.0,293963.3923873902,0.0,293963.3923873902,193.9633923873902,0.0
2025-02-18,79.97146606445312,80.0534159216228,79.43633667994817,79.8274437752438,3441600,0,0.0,293963.3923873902,0.0,293963.3923873902,193.9633923873902,0.0
2025-02-19,79.91683197021484,80.24089536894203,79.30845244321212,79.94042267620455,2620800,0,0.0,293963.3923873902,0.0,293963.3923873902,193.9633923873902,0.0
2025-02-20,79.64988708496094,79.95904428904429,78.72985719186006,79.95904428904429,3352000,0,0.0,293963.3923873902,0.0,293963.3923873902,193.9633923873902,0.0
2025-02-21,77.49323272705078,79.80757719990218,77.46094991100632,79.80757719990218,4851200,0,0.0,293963.3923873902,0.0,293963.3923873902,193.9633923873902,0.0
2025-02-24,76.36337280273438,78.00725776492067,76.14982121469976,77.7477599995172,4652800,0,0.0,293963.3923873902,0.0,293963.3923873902,193.9633923873902,0.0
2025-02-25,75.2347640991211,76.22183775360065,74.63258346753557,76.21314564300292,6432000,0,0.0,293963.3923873902,0.0,293963.3923873902,193.9633923873902,0.0
2025-02-26,75.79595947265625,76.6042423695096,75.28318559101756,75.80341634843445,4005600,0,0.0,293963.3923873902,0.0,293963.3923873902,193.9633923873902,0.0
2025-02-27,73.12651824951172,76.48753066623253,73.09920668451423,76.48753066623253,7045600,0,0.0,293963.3923873902,0.0,293963.3923873902,193.9633923873902,0.0
2025-02-28,74.30728149414062,74.30728149414062,72.17297058653419,72.78507853580328,7008800,0,0.0,293963.3923873902,0.0,293963.3923873902,193.9633923873902,0.0
2025-03-03,71.8091812133789,74.74308284156893,71.26908820377264,74.61147353473812,7939200,0,0.0,293963.3923873902,0.0,293963.3923873902,193.9633923873902,0.0
2025-03-04,71.78932189941406,73.08803080108149,70.24477101591143,71.02946321692531,9321600,0,0.0,293963.3923873902,0.0,293963.3923873902,193.9633923873902,0.0
2025-03-05,72.87199401855469,73.02719403759568,71.04684027900747,71.96314179767555,5182400,0,0.0,293963.3923873902,0.0,293963.3923873902,193.9633923873902,0.0
2025-03-06,70.6296615600586,72.38528592245103,70.3093341900999,71.3038495058446,6288800,0,0.0,293963.3923873902,0.0,293963.3923873902,193.9633923873902,0.0
2025-03-07,71.5000228881836,71.64280992800967,69.54450277073117,70.62345353866009,6768000,0,0.0,293963.3923873902,0.0,293963.3923873902,193.9633923873902,0.0
2025-03-10,68.29669189453125,70.03617470155929,67.53434767817939,70.0150620453757,11074400,0,0.0,293963.3923873902,0.0,293963.3923873902,193.9633923873902,0.0
2025-03-11,68.08562469482422,69.27010847283944,67.34687111300036,68.03595765912361,7833600,0,0.0,293963.3923873902,0.0,293963.3923873902,193.9633923873902,0.0
2025-03-12,69.09008026123047,69.81020678660026,68.2880038874455,69.34087832238271,6600000,0,0.0,293963.3923873902,0.0,293963.3923873902,193.9633923873902,0.0
2025-03-13,67.84599304199219,69.07641535003376,67.54304232842351,68.99198745649826,6982400,0,0.0,293963.3923873902,0.0,293963.3923873902,193.9633923873902,0.0
2025-03-14,69.90332794189453,70.00761810579718,68.73746363759527,68.73746363759527,5034400,0,0.0,293963.3923873902,0.0,293963.3923873902,193.9633923873902,0.0
2025-03-17,70.31802368164062,70.86929446875125,69.64756412637169,69.87353627017335,3984000,0,0.0,293963.3923873902,0.0,293963.3923873902,193.9633923873902,0.0
2025-03-18,69.31977081298828,69.96167590515257,69.01309924378097,69.82013926143199,4282400,0,0.0,293963.3923873902,0.0,293963.3923873902,193.9633923873902,0.0
2025-03-19,70.25968170166016,71.07292842095191,69.40546004865728,69.65378012038772,4726400,0,0.0,293963.3923873902,0.0,293963.3923873902,193.9633923873902,0.0
2025-03-20,69.86608123779297,70.64704496454829,69.4551119120381,69.61899645480469,4427200,0,0.0,293963.3923873902,0.0,293963.3923873902,193.9633923873902,0.0
2025-03-21,70.10198974609375,70.16159171109192,68.73995791226676,69.00566218394705,3026400,0,0.0,293963.3923873902,0.0,293963.3923873902,193.9633923873902,0.0
2025-03-24,71.44043731689453,71.67013032775726,71.10396092707875,71.22936376257056,4049600,0,0.0,293963.3923873902,0.0,293963.3923873902,193.9633923873902,0.0
2025-03-25,71.74115753173828,71.85552752711061,71.40798748418283,71.53851936439182,2626400,0,0.0,293963.3923873902,0.0,293963.3923873902,193.9633923873902,0.0
2025-03-26,70.015625,71.59942890522038,69.71974871136115,71.5049463810851,4086400,0,0.0,293963.3923873902,0.0,293963.3923873902,193.9633923873902,0.0
2025-03-27,69.27468872070312,69.86644128799911,68.90919493429907,69.60164438214827,3712800,0,0.0,293963.3923873902,0.0,293963.3923873902,193.9633923873902,0.0
2025-03-28,67.53424835205078,69.17150796591504,67.2731845951415,68.94152358900635,6380000,0,0.0,293963.3923873902,0.0,293963.3923873902,193.9633923873902,0.0
2025-03-31,67.42733001708984,67.52429372687322,65.50289743785044,66.23512178700187,7151200,0,0.0,293963.3923873902,0.0,293963.3923873902,193.9633923873902,0.0
2025-04-01,67.99421691894531,68.0700487764185,66.60310372567324,67.13145312527027,3972000,0,0.0,293963.3923873902,0.0,293963.3923873902,193.9633923873902,0.0
2025-04-02,68.55364990234375,69.14912806002661,66.99471101567683,67.0133540900461,3593600,0,0.0,293963.3923873902,0.0,293963.3923873902,193.9633923873902,0.0
2025-04-03,63.588409423828125,65.37858468903737,63.47403563982384,65.08270839398557,14137600,0,0.0,293963.3923873902,0.0,293963.3923873902,193.9633923873902,0.0
2025-04-04,59.49836349487305,61.91012252941366,59.21367532296639,61.445176236905695,22274400,0,0.0,293963.3923873902,0.0,293963.3923873902,193.9633923873902,0.0
2025-04-07,59.66743469238281,62.57397886124897,56.067200444525575,56.87153493525171,21929600,0,0.0,293963.3923873902,0.0,293963.3923873902,193.9633923873902,0.0
2025-04-08,58.47522735595703,62.84250214785049,57.37501661892702,62.10778519863207,12530400,0,0.0,293963.3923873902,0.0,293963.3923873902,193.9633923873902,0.0
2025-04-09,66.35820770263672,66.8691508751886,58.492635993378414,58.51749722039535,16810400,0,0.0,293963.3923873902,0.0,293963.3923873902,193.9633923873902,0.0
2025-04-10,63.37333679199219,64.59910943439205,61.19653973445197,64.15529500556437,9768800,0,0.0,293963.3923873902,0.0,293963.3923873902,193.9633923873902,0.0
2025-04-11,64.66251373291016,64.90617120487512,62.56154470536965,63.0140622786459,5773600,0,0.0,293963.3923873902,0.0,293963.3923873902,193.9633923873902,0.0
2025-04-14,65.1187515258789,66.81692529345653,64.47975773368131,66.69509656750213,6408800,0,0.0,293963.3923873902,0.0,293963.3923873902,193.9633923873902,0.0
2025-04-15,65.36489868164062,65.87460500836501,65.05908247334439,65.20328744155276,5141600,0,0.0,293963.3923873902,0.0,293963.3923873902,193.9633923873902,0.0
2025-04-16,63.122215270996094,64.27588539802414,62.00211329951494,63.62197029198681,6376000,0,0.0,293963.3923873902,0.0,293963.3923873902,193.9633923873902,0.0
2025-04-17,62.84623336791992,63.53122409137087,62.45214517505323,63.53122409137087,4116000,0,0.0,293963.3923873902,0.0,293963.3923873902,193.9633923873902,0.0
2025-04-21,61.13314056396485,61.91882820222972,60.27659102865075,61.83802257286623,6149600,0,0.0,293963.3923873902,0.0,293963.3923873902,193.9633923873902,0.0
2025-04-22,62.63738250732422,63.03892566433812,61.66770358589243,61.9474180027511,5444000,0,0.0,293963.3923873902,0.0,293963.3923873902,193.9633923873902,0.0
2025-04-23,64.50587463378906,65.85223548428479,64.30074769308098,65.14113533253739,5252000,0,0.0,293963.3923873902,0.0,293963.3923873902,193.9633923873902,0.0
2025-04-24,66.93130493164062,67.00464801220345,65.02054544131454,65.0839485844123,4780800,0,0.0,293963.3923873902,0.0,293963.3923873902,193.9633923873902,0.0
2025-04-25,67.94573211669922,68.10983213691077,66.68639516037098,66.77715210038811,4045600,0,0.0,293963.3923873902,0.0,293963.3923873902,193.9633923873902,0.0
2025-04-28,67.81644439697266,68.21549873793325,66.83060747787272,67.9096825271393,3423200,0,0.0,293963.3923873902,0.0,293963.3923873902,193.9633923873902,0.0
2025-04-29,68.1446533203125,68.46414267745918,67.4658769126207,67.56408502428054,2860000,0,0.0,293963.3923873902,0.0,293963.3923873902,193.9633923873902,0.0
2025-04-30,68.30626678466797,68.51760809829217,66.28610696923307,66.82191520754037,3406400,0,0.0,293963.3923873902,0.0,293963.3923873902,193.9633923873902,0.0
2025-05-01,69.51213836669922,70.64342466633971,69.47235585319086,69.95967836512568,4720800,0,0.0,293963.3923873902,0.0,293963.3923873902,193.9633923873902,0.0
2025-05-02,70.5551528930664,70.8845973109811,69.99696851885578,70.26052101809225,4380000,0,0.0,293963.3923873902,0.0,293963.3923873902,193.9633923873902,0.0
2025-05-05,70.0777816772461,70.61234545096447,69.89751977078305,69.94476103144892,4140000,0,0.0,293963.3923873902,0.0,293963.3923873902,193.9633923873902,0.0
2025-05-06,69.48478698730469,70.07778395543563,68.85574067180464,69.06459318418825,3520800,0,0.0,293963.3923873902,0.0,293963.3923873902,193.9633923873902,0.0
2025-05-07,70.17848205566406,70.50668211842111,68.99622126641216,69.62775637121939,3141600,0,0.0,293963.3923873902,0.0,293963.3923873902,193.9633923873902,0.0
2025-05-08,71.00768280029297,71.69888793365472,70.39106514660568,71.03005904419531,5876000,0,0.0,293963.3923873902,0.0,293963.3923873902,193.9633923873902,0.0
2025-05-09,71.01016998291016,71.55219255700149,70.61235239552832,71.44776250006474,4076000,0,0.0,293963.3923873902,0.0,293963.3923873902,193.9633923873902,0.0
2025-05-12,74.36549377441406,74.40403190012596,73.34733303437648,74.11561435800449,6219200,0,0.0,293963.3923873902,0.0,293963.3923873902,193.9633923873902,0.0
2025-05-13,76.01891326904297,76.23646891238201,74.59050628767223,74.67131570457934,7194400,1,3866.0,74.27368927007774,293889.1186981201,293963.3923873902,193.9633923873902,0.0
2025-05-14,76.55845642089844,76.82325333152599,76.08480699823515,76.3520850994689,5814400,0,3866.0,74.27368927007774,295974.99252319336,296049.26621246344,196.04926621246346,0.7095692453856328
2025-05-15,76.52364349365234,76.91400230493818,75.85979222437196,76.14696537545728,8249600,0,3866.0,74.27368927007774,295840.40574645996,295914.67943573004,195.91467943573005,-0.04546093913869731
2025-05-16,76.66785430908203,76.70017048797541,75.98534480561158,76.70017048797541,3166400,0,3866.0,74.27368927007774,296397.92475891113,296472.1984481812,196.4721984481812,0.18840532464097226
2025-05-19,76.46521759033203,76.62558444961365,75.46072996637747,75.4831062080629,4616000,0,3866.0,74.27368927007774,295614.53120422363,295688.8048934937,195.6888048934937,-0.2642384543265819
2025-05-20,76.19669342041016,76.2252916101182,75.63353899166482,75.97043461995801,2764800,0,3866.0,74.27368927007774,294576.41676330566,294650.69045257574,194.65069045257573,-0.35108344439752637
2025-05-21,74.73719787597656,76.51866987414294,74.39408034294783,75.4880728859498,4540800,0,3866.0,74.27368927007774,288934.0069885254,289008.28067779547,189.00828067779548,-1.9149487707338042
2025-05-22,74.86275482177734,75.48683109312837,74.6501691674825,74.74838484757646,2884800,0,3866.0,74.27368927007774,289419.4101409912,289493.6838302613,189.49368383026132,0.16795475594244547
2025-05-23,73.98011779785156,74.44506411793007,73.3572857961327,73.43560644232126,4304000,0,3866.0,74.27368927007774,286007.13540649414,286081.4090957642,186.08140909576423,-1.178704381162865
2025-05-27,75.7976303100586,75.90578593467959,74.94232525052948,75.20587775969082,4448800,0,3866.0,74.27368927007774,293033.6387786865,293107.9124679566,193.10791246795662,2.4561202331886856
2025-05-28,75.45452117919922,76.13951193658656,75.37371175514215,75.88963250437556,3218400,0,3866.0,74.27368927007774,291707.1788787842,291781.45256805426,191.78145256805425,-0.45255001433894826
2025-05-29,75.72553253173828,76.84439022602763,75.37495621033223,76.84439022602763,3815200,0,3866.0,74.27368927007774,292754.9087677002,292829.1824569703,192.8291824569703,0.3590803595275194
2025-05-30,75.38240814208984,75.6360131316118,74.24489988731935,75.54650816627652,3508800,0,3866.0,74.27368927007774,291428.38987731934,291502.6635665894,191.50266356658943,-0.453000919939317
2025-06-02,76.06739807128906,76.08977431239731,75.0964786287766,75.21209300170513,3538400,0,3866.0,74.27368927007774,294076.5609436035,294150.8346328736,194.15083463287363,0.9084551866124668
2025-06-03,77.27950286865234,77.32176657757843,76.11340388926679,76.15069762883083,3753600,0,3866.0,74.27368927007774,298762.55809020996,298836.83177948004,198.83683177948,1.5930592726194348
2025-06-04,77.48834991455078,77.72952619698421,77.14026239035277,77.41624363133653,3828000,0,3866.0,74.27368927007774,299569.9607696533,299644.2344589234,199.64423445892342,0.27018178269242465
2025-06-05,77.1415023803711,78.38094429121925,76.86551356738728,77.73076615339842,4516800,0,3866.0,74.27368927007774,298229.04820251465,298303.3218917847,198.30332189178472,-0.44750154113927243
2025-06-06,77.8749771118164,78.28895656925452,77.75190398364973,77.89735335441588,3383200,0,3866.0,74.27368927007774,301064.6615142822,301138.9352035523,201.13893520355228,0.9505805345326523
2025-06-09,78.21311950683594,78.74146892058258,78.1285845111651,78.26657512522755,4663200,0,3866.0,74.27368927007774,302371.92001342773,302446.1937026978,202.44619370269783,0.4341047756783345
2025-06-10,78.54008483886719,78.61342792914829,77.88119588918272,78.26161479817647,4252800,0,3866.0,74.27368927007774,303635.96798706055,303710.2416763306,203.7102416763306,0.41794143882509793
2025-06-11,78.22928619384766,78.9963231476331,77.90730048685792,78.69423249245736,3296000,0,3866.0,74.27368927007774,302434.42042541504,302508.6941146851,202.5086941146851,-0.3956229974378056
2025-06-12,78.79119110107422,78.9751861735977,78.11988110679114,78.11988110679114,2780000,0,3866.0,74.27368927007774,304606.74479675293,304681.018486023,204.681018486023,0.7181031202079469
2025-06-13,77.4858627319336,78.37722479536154,77.24344964305949,77.85135653680328,4943200,0,3866.0,74.27368927007774,299560.3453216553,299634.61901092535,199.63461901092535,-1.6562894203825063
2025-06-16,78.79865264892578,79.01372710626644,78.06393948505779,78.06393948505779,4099200,0,3866.0,74.27368927007774,304635.59114074707,304709.86483001715,204.70986483001715,1.6938115615094285
2025-06-17,78.2193374633789,78.89935062741893,78.09750872691578,78.4058137356334,3063200,0,3866.0,74.27368927007774,302395.95863342285,302470.23232269293,202.47023232269294,-0.7350049229858713
2025-06-18,78.46797180175781,78.8894099943975,78.03037172531268,78.4493211396011,3744000,0,3866.0,74.27368927007774,303357.1789855957,303431.4526748658,203.43145267486577,0.31779006641134977
2025-06-20,78.13107299804688,79.00751758935938,77.74444732964523,78.85833504693986,3080800,0,3866.0,74.27368927007774,302054.7282104492,302129.0018997193,202.12900189971933,-0.429240529834618
2025-06-23,78.96027374267578,79.01869933339196,77.56542726010893,78.02664797850933,5113600,0,3866.0,74.27368927007774,305260.41828918457,305334.69197845465,205.33469197845466,1.061033551422974
2025-06-24,80.38121795654297,80.48315922554576,79.70741158735902,79.71238914392514,3944800,0,3866.0,74.27368927007774,310753.7886199951,310828.0623092652,210.8280623092652,1.799130749020228
2025-06-25,81.05751037597656,81.20668532713044,80.74422780307518,80.78276593007979,7573600,0,3866.0,74.27368927007774,313368.3351135254,313442.60880279547,213.44260880279546,0.841155227139323
2025-06-26,81.75605010986328,81.82076742118866,81.05912366454588,81.46981273396251,3713600,0,3866.0,74.27368927007774,316068.88972473145,316143.1634140015,216.1431634140015,0.8615786543893611
2025-06-27,81.70751953125,82.26257686916803,81.23585030461335,81.98878159943426,4291200,0,3866.0,74.27368927007774,315881.2705078125,315955.5441970826,215.9555441970826,-0.0593462831499747
2025-06-30,82.54632568359375,82.73051176546373,81.97881865007884,82.38080279881856,4687200,0,3866.0,74.27368927007774,319124.09509277344,319198.3687820435,219.19836878204353,1.026354702273613
2025-07-01,81.695068359375,82.44924530314093,81.11138962463714,82.24514270683939,3960800,0,3866.0,74.27368927007774,315833.13427734375,315907.4079666138,215.90740796661382,-1.0310080305193647
2025-07-02,82.73175811767578,82.76037957765953,81.51959978853357,81.57435124383157,3567200,0,3866.0,74.27368927007774,319840.97688293457,319915.25057220465,219.91525057220466,1.2686763603892315
2025-07-03,83.8829345703125,84.10445463931404,83.03292735975528,83.12751186406578,2817600,0,3866.0,74.27368927007774,324291.4250488281,324365.6987380982,224.3656987380982,1.3911334823624166
2025-07-07,83.14369201660156,83.71865825015976,82.74170786929619,83.51082604263492,4606400,0,3866.0,74.27368927007774,321433.51333618164,321507.7870254517,221.50778702545173,-0.8810770447568284
2025-07-08,83.53572082519531,83.70498092765813,83.22583727540072,83.44736497042499,2596800,0,3866.0,74.27368927007774,322949.0967102051,323023.37039947516,223.02337039947514,0.4713986519721436
2025-07-09,84.2351303100586,84.43798718922281,83.50335370461701,83.8916499978094,3379200,0,3866.0,74.27368927007774,325653.0137786865,325727.2874679566,225.72728746795661,0.8370654622102291
2025-07-10,83.95262908935547,84.50145773876318,83.45855189531889,84.44669868746315,3224000,0,3866.0,74.27368927007774,324560.86405944824,324635.1377487183,224.6351377487183,-0.33529574010459084
2025-07-11,83.4237060546875,84.0223183981925,83.38263486886224,83.51330762820236,2880000,0,3866.0,74.27368927007774,322516.0476074219,322590.32129669195,222.59032129669194,-0.6298814312605705
2025-07-14,83.42743682861328,83.65269409378303,82.63592586772243,83.2731179414378,3088000,0,3866.0,74.27368927007774,322530.47077941895,322604.744468689,222.60474446868903,0.004471049205401201
2025-07-15,84.13557434082031,84.647069029571,84.13059900711376,84.46288293534742,3740800,0,3866.0,74.27368927007774,325268.1304016113,325342.4040908814,225.3424040908814,0.8486110849674988
2025-07-16,84.50891876220703,84.56367780976527,83.23080506831174,84.26001538165657,3272000,0,3866.0,74.27368927007774,326711.4799346924,326785.75362396246,226.78575362396245,0.44364015109381594
2025-07-17,85.36390686035156,85.5717466657987,84.54874975481982,84.6595135894456,3196800,0,3866.0,74.27368927007774,330016.86392211914,330091.1376113892,230.09113761138923,1.0114835028060432
2025-07-18,85.31537628173828,85.7633993567221,85.06895675416123,85.7633993567221,3083200,0,3866.0,74.27368927007774,329829.2447052002,329903.5183944703,229.90351839447024,-0.056838610777798504
2025-07-21,85.43485260009766,86.07578194059994,85.35396354670686,85.44730232857052,3498400,0,3866.0,74.27368927007774,330291.14015197754,330365.4138412476,230.3654138412476,0.14000925150032817
2025-07-22,84.60101318359375,85.41990744587979,83.8966199473051,85.41493211272149,3466400,0,3866.0,74.27368927007774,327067.51696777344,327141.7906570435,227.14179065704352,-0.9757750203697624
2025-07-23,85.27306365966797,85.27306365966797,84.42181065918348,84.97437653067325,2812800,0,3866.0,74.27368927007774,329665.66410827637,329739.93779754644,229.73993779754642,0.7941960381413482
2025-07-24,85.51449584960938,85.7111316592984,85.02041865869414,85.47964572812549,3299200,0,3866.0,74.27368927007774,330599.04095458984,330673.3146438599,230.67331464385995,0.2830645424839462
2025-07-25,85.7086410522461,85.9314068593482,85.37386567745797,85.58045215598479,2243200,0,3866.0,74.27368927007774,331349.6063079834,331423.8799972535,231.4238799972535,0.2269809265383005
2025-07-28,86.38690948486328,86.39188481859516,85.84554000332922,86.08946808291985,3268800,0,3866.0,74.27368927007774,333971.79206848145,334046.0657577515,234.04606575775153,0.7911879374895348
2025-07-29,86.23632049560547,87.35887732442706,86.04715147010221,86.93573848188433,3548800,0,3866.0,74.27368927007774,333389.61503601074,333463.8887252808,233.4638887252808,-0.17428046372888195
2025-07-30,86.42548370361328,86.81626386065464,85.85673852889664,86.49268488639416,3504800,0,3866.0,74.27368927007774,334120.91999816895,334195.193687439,234.19519368743903,0.21930559406408978
2025-07-31,85.93016052246094,87.77080600264001,85.61032634208614,87.77080600264001,3914400,0,3866.0,74.27368927007774,332206.000579834,332280.27426910406,232.28027426910404,-0.5729943022836914
2025-08-01,83.93022918701172,85.03162368929179,83.52077823423372,85.02041969412728,6752000,0,3866.0,74.27368927007774,324474.2660369873,324548.5397262574,224.5485397262574,-2.3268713617904946
2025-08-04,85.83806610107422,85.83806610107422,84.75035949021881,84.75035949021881,4146400,0,3866.0,74.27368927007774,331849.96354675293,331924.237236023,231.92423723602303,2.2726022788414735
2025-08-05,85.06895446777344,86.15043999950419,84.82129681045133,86.06705949084191,5394400,0,3866.0,74.27368927007774,328876.5779724121,328950.8516616822,228.95085166168218,-0.8958024876702608
2025-08-06,86.1019058227539,86.18529393103206,85.20087672784085,85.26559404270057,3959200,0,3866.0,74.27368927007774,332869.9679107666,332944.2416000367,232.9442416000367,1.213977686387513
2025-08-07,86.2699203491211,87.20081663863142,85.43609243616645,87.11494466140613,4223200,0,3866.0,74.27368927007774,333519.51206970215,333593.7857589722,233.59378575897222,0.19509097253462837
2025-08-08,87.03529357910156,87.17841607283898,86.308499902964,86.59224582980625,3644000,0,3866.0,74.27368927007774,336478.44497680664,336552.7186660767,236.55271866607671,0.8869868185261698
2025-08-11,86.52629089355469,87.4049195991933,86.27240456199998,86.96436331197927,3946400,0,3866.0,74.27368927007774,334510.6405944824,334584.9142837525,234.5849142837525,-0.584694246453743
2025-08-12,87.87161254882812,87.88405468043082,86.39561721290285,86.93573333606588,6048000,0,3866.0,74.27368927007774,339711.65411376953,339785.9278030396,239.7859278030396,1.5544674303146433
2025-08-13,88.0234375,88.47022243171503,87.61399415390035,88.36692539697468,3821600,0,3866.0,74.27368927007774,340298.609375,340372.8830642701,240.3728830642701,0.17274266330731258
2025-08-14,87.67247772216797,87.95747695143183,87.18712069252317,87.41486941030085,3270400,0,3866.0,74.27368927007774,338941.79887390137,339016.07256317144,239.01607256317146,-0.3986247344041294
2025-08-15,87.1224136352539,87.62022044993537,86.77892571777502,87.62022044993537,3079200,0,3866.0,74.27368927007774,336815.2511138916,336889.5248031617,236.8895248031617,-0.627270484237441
2025-08-18,87.37504577636719,87.4285590922505,86.99795350472615,87.08133401124867,2436800,0,3866.0,74.27368927007774,337791.92697143555,337866.2006607056,237.8662006607056,0.2899098326416105
2025-08-19,85.72356414794922,87.3650821636649,85.54310768697258,87.3650821636649,4686400,0,3866.0,74.27368927007774,331407.2989959717,331481.57268524176,231.48157268524176,-1.8896912336832106
2025-08-20,85.11127471923828,85.60534432093395,83.74106029037969,85.49707194988405,4896000,0,3866.0,74.27368927007774,329040.1880645752,329114.4617538453,229.1144617538453,-0.7141003079661923
2025-08-21,84.88601684570312,85.28799340213622,84.45790269798721,84.81134126886461,5332000,0,3866.0,74.27368927007774,328169.3411254883,328243.61481475836,228.24361481475836,-0.26460306072427775
2025-08-22,86.39063262939453,86.86479329249823,84.55870729030406,84.80885641734586,4590400,0,3866.0,74.27368927007774,333986.18574523926,334060.45943450934,234.06045943450934,1.7721120403312751
2025-08-25,86.18030548095703,86.74407529330324,85.93763075763668,86.23631026169576,4037600,0,3866.0,74.27368927007774,333173.0609893799,333247.33467864996,233.24733467864996,-0.24340646517574394
2025-08-26,86.62211608886719,86.73536378802604,86.0981717233913,86.2450238105761,3585600,0,3866.0,74.27368927007774,334881.10079956055,334955.3744888306,234.95537448883064,0.5125441773833561
2025-08-27,87.23067474365234,87.34393003308544,86.4316970361393,86.72913839251896,2866400,0,3866.0,74.27368927007774,337233.78855895996,337308.06224823004,237.30806224823002,0.7023884190512808
2025-08-28,88.09561920166016,88.29350073548135,87.08009673030948,87.46963113656714,3871200,0,3866.0,74.27368927007774,340577.66383361816,340651.93752288824,240.65193752288826,0.991341639559562
2025-08-29,86.74532318115234,87.73097848211879,86.43170247796493,87.73097848211879,4680800,0,3866.0,74.27368927007774,335357.41941833496,335431.69310760504,235.43169310760504,-1.532427630749189
2025-09-02,85.8480224609375,85.87291431884395,84.6395937815112,85.07642044140879,4948000,0,3866.0,74.27368927007774,331888.4548339844,331962.72852325445,231.96272852325444,-1.0341791356124896
2025-09-03,86.23258209228516,86.48023974880451,85.61156175661921,86.26120355130138,3952800,0,3866.0,74.27368927007774,333375.1623687744,333449.4360580445,233.44943605804448,0.4478537519569503
2025-09-04,86.81002807617188,86.83367420082793,85.66009568958944,86.1579024436721,2380800,0,3866.0,74.27368927007774,335607.56854248047,335681.84223175055,235.68184223175055,0.6694886637377495
2025-09-05,86.9655990600586,87.61399513930287,86.01852346403308,87.6090198059316,2835200,0,3866.0,74.27368927007774,336209.0059661865,336283.2796554566,236.2832796554566,0.1791688879289488
2025-09-08,87.7284927368164,87.91766175690373,87.437280004239,87.437280004239,2408000,0,3866.0,74.27368927007774,339158.3529205322,339232.6266098023,239.23262660980228,0.8770424022768841
2025-09-09,87.83177947998047,87.9363222409111,87.17840811296679,87.86289240221922,2799200,0,3866.0,74.27368927007774,339557.6594696045,339631.93315887457,239.63193315887457,0.11770876907177819
2025-09-10,88.97425079345703,89.52432516714383,88.55360345007043,89.2492917782648,3751200,0,3866.0,74.27368927007774,343974.4535675049,344048.72725677496,244.04872725677498,1.3004649052933193
2025-09-11,89.4521484375,89.71473969442528,89.18581998362919,89.54673294230861,3550400,0,3866.0,74.27368927007774,345822.005859375,345896.2795486451,245.89627954864505,0.5370030886616917
2025-09-12,89.55171203613281,89.78568184334893,89.35632195266355,89.63011721599402,3712000,0,3866.0,74.27368927007774,346206.91873168945,346281.19242095953,246.28119242095954,0.11127985326027101
2025-09-15,90.43034362792967,90.43034362792967,89.60025287678444,89.71100912208279,3263200,0,3866.0,74.27368927007774,349603.7084655761,349677.9821548462,249.67798215484618,0.9809339369945658
2025-09-16,90.12419128417967,90.58590985554122,89.96738091670107,90.58590985554122,3315200,0,3866.0,74.27368927007774,348420.1235046386,348494.3971939087,248.4943971939087,-0.3384785492194342
2025-09-17,89.79190063476562,90.14907640245067,88.83860396469116,90.04204976456452,3433600,0,3866.0,74.27368927007774,347135.4878540039,347209.761543274,247.20976154327397,-0.3686244774603664
2025-09-18,91.38612365722656,91.61884771870724,90.54856618235527,90.91320873641824,4124800,0,3866.0,74.27368927007774,353298.7540588379,353373.02774810797,253.37302774810797,1.7750843690107043
2025-09-19,92.2398681640625,92.3182733459685,91.39608955316687,91.78064106829702,2748800,0,3866.0,74.27368927007774,356599.3303222656,356673.6040115357,256.6736040115357,0.9340204272128227
2025-09-22,93.73079681396484,93.78555586341876,91.9698022972363,92.0880329262764,5513600,0,3866.0,74.27368927007774,362363.2604827881,362437.53417205816,262.4375341720582,1.6160237527238053
2025-09-23,92.76753997802734,93.77435759085328,92.4551725861419,93.63123509497734,5915200,0,3866.0,74.27368927007774,358639.3095550537,358713.5832443238,258.7135832443238,-1.027473861458983
2025-09-24,92.08338928222656,93.05772530501856,91.52271051035572,93.05772530501856,3328000,0,3866.0,74.27368927007774,355994.3829650879,356068.65665435797,256.06865665435794,-0.737336614366324
2025-09-25,91.80554962158205,92.04102894001676,90.4885764942702,91.10781143505832,3679200,0,3866.0,74.27368927007774,354920.2548370362,354994.52852630627,254.99452852630625,-0.3016632067939562
2025-09-26,92.03853607177734,92.11204302931984,91.1688558347074,91.90771254698905,3420000,0,3866.0,74.27368927007774,355820.9804534912,355895.2541427613,255.8952541427613,0.2537294363927911
2025-09-29,92.59423065185548,93.13248320722909,92.4185546422808,92.71011096153464,4014400,0,3866.0,74.27368927007774,357969.2957000733,358043.5693893434,258.04356938934336,0.6036369469878622
2025-09-30,93.02657318115234,93.08264257728702,92.300180579852,92.58426146443178,3552800,0,3866.0,74.27368927007774,359640.73191833496,359715.00560760504,259.71500560760506,0.4668248116038942
2025-10-01,93.76043701171876,93.80404231527118,92.5319218437762,92.6004553274899,3445600,0,3866.0,74.27368927007774,362477.84948730475,362552.1231765748,262.5521231765748,0.7887125987912302
2025-10-02,94.44197082519533,94.75470618068834,93.94483689709271,94.69490288247812,3611200,0,3866.0,74.27368927007774,365112.65921020514,365186.9328994752,265.1869328994752,0.7267395650079056
2025-10-03,94.15291595458984,95.04502244498651,93.74922845193689,94.54788847950864,3508000,0,3866.0,74.27368927007774,363995.17308044434,364069.4467697144,264.0694467697144,-0.30600386516798084
2025-10-06,94.96402740478516,95.46365568279778,94.77713448910116,95.14718641659542,4390400,0,3866.0,74.27368927007774,367130.9299468994,367205.2036361695,267.2052036361695,0.8613073396511961
2025-10-07,94.09310913085938,95.54962824777472,93.53616427882376,95.45120071497166,4089600,0,3866.0,74.27368927007774,363763.95989990234,363838.2335891724,263.83823358917243,-0.9169178469303763
2025-10-08,95.69166564941406,95.70038823123718,94.33606844747456,94.33606844747456,3750400,0,3866.0,74.27368927007774,369943.97940063477,370018.25308990484,270.0182530899049,1.6985624187342951
2025-10-09,95.64432525634766,95.88852714501787,95.12974612708884,95.72655479739744,3928000,0,3866.0,74.27368927007774,369760.96144104004,369835.2351303101,269.83523513031014,-0.04946187331743568
2025-10-10,91.74324798583984,96.13523176545296,91.69091249095936,95.9533199123527,9368000,0,3866.0,74.27368927007774,354679.39671325684,354753.6704025269,254.75367040252692,-4.077914513058567
2025-10-13,94.13048553466795,94.36721960518548,93.28573350269566,93.91867204073527,4733600,0,3866.0,74.27368927007774,363908.4570770263,363982.7307662964,263.9827307662964,2.601540486754539
2025-10-14,92.92814636230467,93.78286815228552,91.76442310879116,92.81725473871712,5322400,0,3866.0,74.27368927007774,359260.21383666986,359334.48752593994,259.33448752593995,-1.277050488238951
2025-10-15,93.79158782958984,94.5304368996228,92.54563507647684,94.26380118533052,3564000,0,3866.0,74.27368927007774,362598.27854919434,362672.5522384644,262.6725522384644,0.9289575112891191
2025-10-16,93.49006652832033,94.61765991081526,92.85588080345732,94.32112253216324,3780800,0,3866.0,74.27368927007774,361432.5971984864,361506.87088775646,261.50687088775646,-0.3214142739816461
2025-10-17,93.715576171875,93.9236557508946,92.3711959285513,92.85587336036316,3243200,0,3866.0,74.27368927007774,362304.41748046875,362378.6911697388,262.37869116973883,0.24116285254591752
2025-10-20,94.96402740478516,95.28049667098752,94.23763480984624,94.30367395697353,3604800,0,3866.0,74.27368927007774,367130.9299468994,367205.2036361695,267.2052036361695,1.3318974277573892
2025-10-21,94.86808776855467,95.25059618656408,94.40459698224012,94.87930468969752,2718400,0,3866.0,74.27368927007774,366760.02731323236,366834.30100250244,266.83430100250246,-0.10100691112061577
2025-10-22,93.7467269897461,94.973995004413,92.55061539834614,94.74972503161204,4140000,0,3866.0,74.27368927007774,362424.8465423584,362499.1202316285,262.49912023162847,-1.1817817360662786
2025-10-23,94.97400665283205,95.15092983472316,93.704380347813,93.74300458339545,2950400,0,3866.0,74.27368927007774,367169.5097198487,367243.78340911877,267.24378340911875,1.3088757772594217
2025-10-24,96.45419311523438,96.73577966837864,95.99817012598706,96.10158633902068,5258400,0,3866.0,74.27368927007774,372891.9105834961,372966.1842727662,272.96618427276616,1.558202241172446
2025-10-27,98.1823272705078,98.22468540684751,97.63535216918466,97.82722616164196,4772000,0,3866.0,74.27368927007774,379572.87722778314,379647.1509170532,279.64715091705324,1.7913062701150784
2025-10-28,99.19529724121094,99.56783594620003,98.37545809348576,98.76170045541922,4772000,0,3866.0,74.27368927007774,383489.0191345215,383563.29282379156,283.5632928237916,1.0315214791626115
2025-10-29,99.86560821533205,100.5471407259075,99.1740983486544,100.09485926491703,5081600,0,3866.0,74.27368927007774,386080.4413604737,386154.71504974377,286.1547150497438,0.675617890042135
2025-10-30,98.54864501953124,99.62888404216464,98.50379254077046,99.18657228866108,3943200,0,3866.0,74.27368927007774,380989.06164550775,381063.33533477783,281.06333533477783,-1.3184818199902248
2025-10-31,98.83023071289062,99.74102196011896,98.25210675389698,99.73852762086784,3930400,0,3866.0,74.27368927007774,382077.67193603516,382151.94562530523,282.15194562530525,0.28567699633736954
2025-11-03,99.17161560058594,99.95656435127478,98.67946271886522,99.85190096899312,4188800,0,3866.0,74.27368927007774,383397.46591186523,383471.7396011353,283.4717396011353,0.34535843424021717
2025-11-04,96.49281311035156,98.02159197712604,96.35201983996308,97.3849119412903,5288000,0,3866.0,74.27368927007774,373041.21548461914,373115.4891738892,273.1154891738892,-2.7006554480437206
2025-11-05,96.89276885986328,97.7300531543286,96.27103958603011,96.46914944111876,4642400,0,3866.0,74.27368927007774,374587.44441223145,374661.7181015015,274.6617181015015,0.4144102757662971
2025-11-06,94.99144744873048,97.02110188494936,94.5192264559376,96.94385341733808,5976800,0,3866.0,74.27368927007774,367236.93583679205,367311.2095260621,267.31120952606216,-1.9619054256960533
2025-11-07,94.86310577392578,94.86310577392578,92.5244499829295,94.08313812041864,5781600,0,3866.0,74.27368927007774,366740.76692199707,366815.04061126715,266.81504061126714,-0.1350813429939146
2025-11-10,97.2304229736328,97.42105741194804,96.00814351906573,96.64482360701152,4790400,0,3866.0,74.27368927007774,375892.8152160644,375967.0889053345,275.96708890533444,2.4950035524214487
2025-11-11,96.34953308105467,96.7108624521,95.70039650841446,96.57380307477229,3946400,0,3866.0,74.27368927007774,372487.29489135736,372561.56858062744,272.5615685806274,-0.905802775083997
2025-11-12,96.45793151855467,97.09087770786994,95.91843939948365,97.09087770786994,2886400,0,3866.0,74.27368927007774,372906.36325073236,372980.63694000244,272.98063694000246,0.11248298126174117
2025-11-13,93.7405014038086,95.93836392987366,93.26081262603611,95.93836392987366,5619200,0,3866.0,74.27368927007774,362400.778427124,362475.0521163941,262.4750521163941,-2.8166568939873016
2025-11-14,94.22642517089844,95.066196119079,91.64605425283423,91.98495735988742,6139200,0,3866.0,74.27368927007774,364279.35971069336,364353.63339996344,264.3536333999634,0.5182649875076439
2025-11-17,92.66151428222656,94.27502473184424,91.90771433455436,93.2857378721575,4692800,0,3866.0,74.27368927007774,358229.4142150879,358303.68790435797,258.30368790435796,-1.6604597679321764
2025-11-18,91.27726745605467,92.26779393440786,90.39886457194066,91.87781006573093,5809600,0,3866.0,74.27368927007774,352877.91598510736,352952.18967437744,252.95218967437742,-1.4935649312683097
2025-11-19,91.89774322509766,92.98172370141538,91.0791513082999,91.39811492661458,4180000,0,3866.0,74.27368927007774,355276.67530822754,355350.9489974976,255.35094899749762,0.6796272677421777
2025-11-20,89.17284393310547,94.443222786674,88.93735702741621,94.13422892398698,9250400,0,3866.0,74.27368927007774,344742.21464538574,344816.4883346558,244.81648833465584,-2.964523013815279
2025-11-21,89.57029724121094,90.76640881491431,87.58549546354566,89.2725127149144,8729600,0,3866.0,74.27368927007774,346278.7691345215,346353.04282379156,246.35304282379158,0.44561514345116127
2025-11-24,91.82050323486328,92.01237724951709,90.11852726389068,90.21820958262882,5136000,0,3866.0,74.27368927007774,354978.06550598145,355052.3391952515,255.05233919525153,2.511684696209171
2025-11-25,92.10208129882812,92.30890612122906,89.68368261253875,90.9545560120011,4705600,0,3866.0,74.27368927007774,356066.64630126953,356140.9199905396,256.1409199905396,0.30659727457518215
2025-11-26,93.06394958496094,93.50875563759892,92.3799227291595,92.98172004798646,2913600,0,3866.0,74.27368927007774,359785.229095459,359859.50278472906,259.85950278472905,1.0441324165412436
2025-11-28,93.7205810546875,93.73179037244596,93.0240900197184,93.2957068462985,1737600,-1,0.0,362398.04004669195,0.0,362398.04004669195,262.39804004669196,0.705424545501443
2025-12-01,93.68195343017578,94.00963964777768,92.49330950917218,92.81227314400336,3324800,0,0.0,362398.04004669195,0.0,362398.04004669195,262.39804004669196,0.0
2025-12-02,94.65628051757812,95.30168313912654,94.08065094688112,94.33855647784286,5296000,0,0.0,362398.04004669195,0.0,362398.04004669195,262.39804004669196,0.0
2025-12-03,94.83196258544922,94.92540904907568,93.73427843023816,94.23016523038088,3023200,0,0.0,362398.04004669195,0.0,362398.04004669195,262.39804004669196,0.0
2025-12-04,95.27178192138672,95.43998250402736,94.54663649423692,94.97399738322584,3091200,0,0.0,362398.04004669195,0.0,362398.04004669195,262.39804004669196,0.0
2025-12-05,95.68543243408205,96.20873412501956,95.25309046769222,95.61565938226984,2863200,0,0.0,362398.04004669195,0.0,362398.04004669195,262.39804004669196,0.0
2025-12-08,96.52147674560548,96.90398519213176,96.0106391069455,96.20749418650531,3098400,0,0.0,362398.04004669195,0.0,362398.04004669195,262.39804004669196,0.0
2025-12-09,96.73079681396484,96.948838569875,96.0928695421917,96.31215846774364,2293600,0,0.0,362398.04004669195,0.0,362398.04004669195,262.39804004669196,0.0
2025-12-10,97.07965087890624,97.38865233132012,95.93836150883962,96.53143623309954,3363200,0,0.0,362398.04004669195,0.0,362398.04004669195,262.39804004669196,0.0
2025-12-11,96.72830200195312,96.78436379360843,94.89674988431533,96.14394984072328,4366400,0,0.0,362398.04004669195,0.0,362398.04004669195,262.39804004669196,0.0
2025-12-12,93.93611907958984,96.19378495783496,93.7031265130215,96.12401190482026,5752000,0,0.0,362398.04004669195,0.0,362398.04004669195,262.39804004669196,0.0
2025-12-15,92.88703155517578,94.71733658454686,92.72629877152944,94.55660380090052,3850400,0,0.0,362398.04004669195,0.0,362398.04004669195,262.39804004669196,0.0
2025-12-16,93.03279876708984,93.27576107360618,92.26902912507722,92.57428906892125,3084800,0,0.0,362398.04004669195,0.0,362398.04004669195,262.39804004669196,0.0
2025-12-17,91.0992431640625,93.22076099232316,91.06931116708834,93.2057949938361,4332000,0,0.0,362398.04004669195,0.0,362398.04004669195,262.39804004669196,0.0
2025-12-18,92.37140655517578,93.03243019805532,91.91991450405372,92.81167791360936,3403200,0,0.0,362398.04004669195,0.0,362398.04004669195,262.39804004669196,0.0
2025-12-19,94.23224639892578,94.30084943544364,93.03741779198272,93.07358435062636,4750400,0,0.0,362398.04004669195,0.0,362398.04004669195,262.39804004669196,0.0
2025-12-22,94.88579559326172,95.37719187145842,94.60641254074442,95.37595104865903,3509600,0,0.0,362398.04004669195,0.0,362398.04004669195,262.39804004669196,0.0
2025-12-23,95.4158706665039,95.4221052306467,94.3519906343434,94.54905310316434,2704800,0,0.0,362398.04004669195,0.0,362398.04004669195,262.39804004669196,0.0
2025-12-24,95.57675170898438,95.68650743424718,95.21006953876773,95.26744427183095,1401600,0,0.0,362398.04004669195,0.0,362398.04004669195,262.39804004669196,0.0
2025-12-26,95.6827621459961,95.94842002509982,95.47323056474988,95.75510287684378,2632800,0,0.0,362398.04004669195,0.0,362398.04004669195,262.39804004669196,0.0
2025-12-29,95.1751480102539,95.55679619511534,94.73613270220278,94.95938185583658,8392000,0,0.0,362398.04004669195,0.0,362398.04004669195,262.39804004669196,0.0
2025-12-30,94.8995132446289,95.46699555943,94.8995132446289,95.17514337936696,2807200,0,0.0,362398.04004669195,0.0,362398.04004669195,262.39804004669196,0.0
