Date,Close,High,Low,Open,Volume,Shares,Cash,Position_value,Total_value,Portfolio_return,Portfolio_return_1d%
2015-01-02,11.677470207214355,11.810780053154632,11.59905315353289,11.7659699419016,2624000,8563.0,5.822615623474121,99994.17738437653,100000.0,0.0,0.0
2015-01-05,11.47694492340088,11.633779875902702,11.447819079338135,11.628179146512974,4528800,8563.0,5.822615623474121,98277.07937908174,98282.90199470521,-1.7170980052947815,-1.7170980052947815
2015-01-06,11.329071044921877,11.516153165446545,11.26633741198808,11.501589390171452,3889600,8563.0,5.822615623474121,97010.83535766603,97016.6579732895,-2.9833420267105004,-1.2883665375325704
2015-01-07,11.42989444732666,11.4590211454424,11.346996303885252,11.411970917112008,3080800,8563.0,5.822615623474121,97874.18615245819,97880.00876808167,-2.119991231918339,0.8898995418187505
2015-01-08,11.68755340576172,11.716679252886406,11.518395634264824,11.51951612213326,5625600,8563.0,5.822615623474121,100080.51981353761,100086.34242916109,0.08634242916107926,2.254120824924666
2015-01-09,11.657307624816896,11.75700969011042,11.567688242194068,11.743567252792056,3383200,8563.0,5.822615623474121,99821.52519130708,99827.34780693056,-0.17265219306944468,-0.2587711928966119
2015-01-12,11.509429931640623,11.692030937841135,11.470221415017727,11.692030937841135,3072800,8563.0,5.822615623474121,98555.24850463866,98561.07112026213,-1.4389288797378663,-1.2684667222828017
2015-01-13,11.50719165802002,11.761487667798129,11.408609252196646,11.606893696868331,3674400,8563.0,5.822615623474121,98536.08216762543,98541.9047832489,-1.4580952167510985,-0.019446153329483185
2015-01-14,11.437736511230469,11.495989909291293,11.325711666155378,11.409730299961696,3972000,8563.0,5.822615623474121,97941.3377456665,97947.16036128998,-2.0528396387100245,-0.6035446780403908
2015-01-15,11.262980461120604,11.499353003700044,11.250657657123996,11.4836695903738,3420800,8563.0,5.822615623474121,96444.90168857573,96450.7243041992,-3.549275695800791,-1.527799327281143
2015-01-16,11.373881340026855,11.3873246278877,11.217046400376976,11.230489688237824,3829600,8563.0,5.822615623474121,97394.54591464996,97400.36853027344,-2.59963146972656,0.9845900411064923
2015-01-20,11.45902156829834,11.4881482674889,11.314509414795088,11.446698766897786,6254400,8563.0,5.822615623474121,98123.60168933868,98129.42430496216,-1.870575695037846,0.7485143903353197
2015-01-21,11.480305671691896,11.540798331551342,11.366039859331428,11.41869166946991,2766400,8563.0,5.822615623474121,98305.85746669771,98311.68008232118,-1.6883199176788155,0.18572999755162023
2015-01-22,11.697632789611816,11.706594981323985,11.42093131694055,11.53519712456658,4641600,8563.0,5.822615623474121,100166.82957744598,100172.65219306946,0.17265219306945578,1.8929308391332444
2015-01-23,11.73011875152588,11.776049337784634,11.6606630557254,11.692030723129244,3945600,8563.0,5.822615623474121,100445.00686931612,100450.82948493959,0.4508294849395966,0.27769784045847956
2015-01-26,11.695393562316896,11.730120989501966,11.64386223805844,11.730120989501966,3327200,8563.0,5.822615623474121,100147.65507411958,100153.47768974306,0.15347768974305342,-0.2960172620984802
2015-01-27,11.357080459594728,11.50495324660305,11.301068027323666,11.50495324660305,4848000,8563.0,5.822615623474121,97250.67997550966,97256.50259113313,-2.7434974088668684,-2.8925357016400532
2015-01-28,11.341398239135742,11.587853479844798,11.338037629595314,11.566568479846122,3857600,8563.0,5.822615623474121,97116.39312171936,97122.21573734283,-2.877784262657168,-0.13807493608405386
2015-01-29,11.452301025390623,11.471345045155834,11.242814243927928,11.332434467630486,5528000,8563.0,5.822615623474121,98066.05368041991,98071.87629604338,-1.928123703956619,0.977799519389877
2015-01-30,11.293225288391112,11.484787686680706,11.279782852871584,11.410851727277862,3404800,8563.0,5.822615623474121,96703.88814449309,96709.71076011656,-3.290289239883437,-1.3889461356025645
2015-02-02,11.391807556152344,11.400768894819295,11.13751066164279,11.31451013421252,29252800,8563.0,5.822615623474121,97548.04810333252,97553.870718956,-2.446129281044007,0.8728802435707061
2015-02-03,11.532957077026367,11.537438173242917,11.406369313965246,11.427654307323431,3702400,8563.0,5.822615623474121,98756.71145057678,98762.53406620026,-1.2374659337997418,1.2389701590891367
2015-02-04,11.550881385803224,11.628178799336531,11.52175468792837,11.53407748877228,3239200,8563.0,5.822615623474121,98910.19730663301,98916.01992225648,-1.0839800777435182,0.15540898935759717
2015-02-05,11.66850757598877,11.672987817404112,11.57552675500912,11.61249515679838,2684000,8563.0,5.822615623474121,99917.43037319183,99923.25298881531,-0.07674701118469685,1.018270920474218
2015-02-06,11.6214599609375,11.73796593016849,11.586732524178569,11.70547861478545,2925600,8563.0,5.822615623474121,99514.56164550781,99520.38426113129,-0.47961573886871056,-0.40317815486763386
2015-02-09,11.59456729888916,11.651700188658255,11.575523287193272,11.59008620413458,2535200,8563.0,5.822615623474121,99284.27978038788,99290.10239601135,-0.7098976039886518,-0.23139165592015454
2015-02-10,11.769330978393556,11.783894756522088,11.631540885534058,11.68419270406869,2587200,8563.0,5.822615623474121,100780.78116798402,100786.6037836075,0.7866037836074868,1.5072009711778245
2015-02-11,11.81861972808838,11.846625935974846,11.762607312315447,11.782771816180968,2228800,8563.0,5.822615623474121,101202.8407316208,101208.66334724428,1.2086633472442765,0.41876553806987626
2015-02-12,12.005701065063477,12.01130264854768,11.907119520385663,11.912720249188224,2700000,8563.0,5.822615623474121,102804.81822013855,102810.64083576202,2.810640835762035,1.5828462065756277
2015-02-13,12.103163719177246,12.103163719177246,12.018024602148603,12.052752028772185,2482400,8563.0,5.822615623474121,103639.39092731476,103645.21354293823,3.6452135429382304,0.8117571297988624
2015-02-17,12.108766555786133,12.118849237494658,12.070678514109543,12.10540594677724,2540000,8563.0,5.822615623474121,103687.36801719666,103693.19063282013,3.6931906328201203,0.04628973036175932
2015-02-18,12.131170272827148,12.134530881346407,12.076278339421895,12.098682966004771,2045600,8563.0,5.822615623474121,103879.21104621887,103885.03366184235,3.885033661842341,0.18501024787782594
2015-02-19,12.17934226989746,12.189424096515385,12.096444117205705,12.111007040547747,1850400,8563.0,5.822615623474121,104291.70785713194,104297.53047275542,4.297530472755429,0.3970704887633625
2015-02-20,12.256638526916504,12.261118768532684,12.119968081216358,12.18830330406643,2027200,8563.0,5.822615623474121,104953.59570598602,104959.4183216095,4.959418321609488,0.634615072719269
2015-02-23,12.256638526916504,12.256638526916504,12.189422937129612,12.252157430618595,2875200,8563.0,5.822615623474121,104953.59570598602,104959.4183216095,4.959418321609488,0.0
2015-02-24,12.286885261535645,12.30704976819668,12.19054382467533,12.257758561984868,2441600,8563.0,5.822615623474121,105212.59849452972,105218.4211101532,5.218421110153204,0.24676469504631982
2015-02-25,12.224153518676758,12.2712037566306,12.191666205418564,12.26448253826059,2842400,8563.0,5.822615623474121,104675.42658042908,104681.24919605255,4.68124919605255,-0.5105302934913625
2015-02-26,12.29920768737793,12.30704939224647,12.2252708803188,12.249916482671845,2742400,8563.0,5.822615623474121,105318.11542701721,105323.93804264069,5.323938042640686,0.6139483924045175
2015-02-27,12.234234809875488,12.307051139525202,12.224152982762469,12.298088945636838,6551200,8563.0,5.822615623474121,104761.7526769638,104767.57529258728,4.767575292587289,-0.5282396009805068
2015-03-02,12.349617958068848,12.35521954186704,12.235352998848246,12.247675799458918,4373600,8563.0,5.822615623474121,105749.77857494354,105755.60119056702,5.755601190567017,0.9430645838852891
2015-03-03,12.254399299621582,12.328336117062191,12.203988454771602,12.328336117062191,3115200,8563.0,5.822615623474121,104934.4212026596,104940.24381828308,4.9402438182830855,-0.7709826837584699
2015-03-04,12.212950706481934,12.23647668083036,12.14013522618736,12.224153877002866,11241600,8563.0,5.822615623474121,104579.4968996048,104585.31951522827,4.58531951522827,-0.33821562647539105
2015-03-05,12.20846939086914,12.244317311212413,12.164778909977748,12.211829999857285,2738400,8563.0,5.822615623474121,104541.12339401245,104546.94600963593,4.5469460096359215,-0.036691101361274736
2015-03-06,12.070676803588867,12.227511754339824,12.047151689178484,12.21967004953636,2740800,8563.0,5.822615623474121,103361.20546913147,103367.02808475494,3.3670280847549527,-1.1286010447136618
2015-03-09,12.121089935302734,12.170381148929932,12.069558600456975,12.114368716965163,2624000,8563.0,5.822615623474121,103792.89311599731,103798.71573162079,3.798715731620783,0.41762606013193704
2015-03-10,11.881356239318848,12.0460329183444,11.8779956303072,12.040432188218931,3148800,8563.0,5.822615623474121,101740.05347728729,101745.87609291077,1.7458760929107697,-1.9777119825044709
2015-03-11,11.816380500793455,11.91720217306118,11.805177333046643,11.888076330028229,2815200,8563.0,5.822615623474121,101183.66622829436,101189.48884391783,1.1894888439178297,-0.5468400984476873
2015-03-12,11.886956214904783,11.89255779895377,11.776051859125056,11.78837466028744,2910400,8563.0,5.822615623474121,101788.00606822966,101793.82868385313,1.793828683853138,0.5972357868784917
2015-03-13,11.826459884643556,11.89927618655684,11.754764070209973,11.86342827934005,2265600,8563.0,5.822615623474121,101269.97599220277,101275.79860782625,1.2757986078262507,-0.5089012592656927
2015-03-16,11.968731880187988,11.970972855307323,11.852226814430091,11.86118815086268,2652000,8563.0,5.822615623474121,102488.25109004974,102494.07370567322,2.4940737056732276,1.2029281571647177
2015-03-17,11.98105812072754,12.0034636049487,11.916084353190753,11.951932273262775,2145600,8563.0,5.822615623474121,102593.80068778993,102599.6233034134,2.599623303413412,0.1029811714219564
2015-03-18,12.125570297241213,12.171500898914823,11.918324482473388,11.95753301153511,1919200,8563.0,5.822615623474121,103831.2584552765,103837.08107089998,3.8370810708999725,1.2061036168009132
2015-03-19,12.115487098693848,12.155816111072015,12.09868320108932,12.122208315862965,2185600,8563.0,5.822615623474121,103744.91602611542,103750.73864173889,3.7507386417388933,-0.08315182617867345
2015-03-20,12.184940338134766,12.242073240535069,12.16589632222854,12.167016809835266,2705600,8563.0,5.822615623474121,104339.644115448,104345.46673107147,4.345466731071479,0.5732278122724921
2015-03-23,12.18830394744873,12.244316372106708,12.18830394744873,12.193904677105465,2020800,8563.0,5.822615623474121,104368.44670200348,104374.26931762695,4.374269317626944,0.027603102902129528
2015-03-24,12.154699325561523,12.230876277180894,12.147978106345166,12.205110179048196,2642400,8563.0,5.822615623474121,104080.69032478333,104086.5129404068,4.086512940406806,-0.27569666269420257
2015-03-25,11.82086181640625,12.158056854800956,11.818621695462353,12.153575758231383,2816000,8563.0,5.822615623474121,101222.03973388672,101227.8623495102,1.2278623495102003,-2.7464178692711894
2015-03-26,11.828702926635742,11.876873643982968,11.6886718709382,11.750285877317811,3288000,8563.0,5.822615623474121,101289.18316078186,101295.00577640533,1.2950057764053335,0.06632899810066206
2015-03-27,11.857829093933104,11.885835303817068,11.772689976574986,11.825341787905906,2111200,8563.0,5.822615623474121,101538.59053134917,101544.41314697264,1.5444131469726452,0.246218822592148
2015-03-30,11.992262840270996,12.002344668462298,11.92952833102466,11.939611013897904,3564800,8563.0,5.822615623474121,102689.74670124054,102695.56931686401,2.6955693168640105,1.1336479617300332
2015-03-31,11.93288516998291,12.307048567137835,11.87575311892035,11.955290650020684,8274400,8563.0,5.822615623474121,102181.29571056366,102187.11832618713,2.187118326187143,-0.4951050897902598
2015-04-01,11.837668418884276,11.893680856775864,11.76709305482639,11.885839149658322,3760000,8563.0,5.822615623474121,101365.95467090605,101371.77728652953,1.3717772865295297,-0.7978902360814111
2015-04-02,11.83654499053955,11.89255741047279,11.815259997466775,11.846626815880317,4303200,8563.0,5.822615623474121,101356.33475399017,101362.15736961365,1.362157369613648,-0.00948973883400095
2015-04-06,11.9474458694458,11.96873000164935,11.731237957170183,11.77156695617258,2370400,8563.0,5.822615623474121,102305.97898006439,102311.80159568787,2.311801595687868,0.936882413237683
2015-04-07,11.934008598327637,12.026989440362147,11.934008598327637,11.936249574224451,3284800,8563.0,5.822615623474121,102190.91562747955,102196.73824310303,2.1967382431030247,-0.11246342141402188
2015-04-08,11.976573944091797,12.01130136487386,11.885833258498891,11.885833258498891,1878400,8563.0,5.822615623474121,102555.40268325806,102561.22529888153,2.56122529888152,0.35665233748602976
2015-04-09,12.025869369506836,12.032591442748538,11.921686208420518,11.97545852094458,1864800,8563.0,5.822615623474121,102977.51941108704,102983.34202671051,2.9833420267105115,0.41157535569495973
2015-04-10,12.078516006469728,12.078516006469728,11.994497391829652,12.011301285693976,1397600,8563.0,5.822615623474121,103428.33256340028,103434.15517902376,3.434155179023768,0.43775346909631363
2015-04-13,12.02810764312744,12.134530901596282,12.022506059131516,12.0785184803639,2140800,8563.0,5.822615623474121,102996.68574810027,103002.50836372374,3.0025083637237326,-0.41731555166948375
2015-04-14,11.984417915344238,12.067316058713022,11.919443302174406,12.067316058713022,2583200,8563.0,5.822615623474121,102622.57060909271,102628.39322471619,2.6283932247161967,-0.3632097362973652
2015-04-15,12.093077659606934,12.126685443818042,12.011300028538136,12.020262218285293,2560000,8563.0,5.822615623474121,103553.02399921417,103558.84661483765,3.558846614837652,0.9066237528284393
2015-04-16,12.068435668945312,12.09644187727374,12.039308972972886,12.061713597762967,2086400,8563.0,5.822615623474121,103342.01463317871,103347.83724880219,3.347837248802188,-0.20375793370919215
2015-04-17,11.88359546661377,11.986658116322086,11.844386942777096,11.986658116322086,2243200,8563.0,5.822615623474121,101759.22798061371,101765.05059623718,1.765050596237172,-1.5315140545752892
2015-04-20,12.077399253845217,12.09532364075861,11.94184928286946,11.94184928286946,2413600,8563.0,5.822615623474121,103418.76981067659,103424.59242630006,3.424592426300066,1.6307581240707858
2015-04-21,12.087480545043944,12.162536983577906,12.078518352617936,12.137891381747243,1724000,8563.0,5.822615623474121,103505.09590721129,103510.91852283476,3.5109185228347606,0.08346766906159875
2015-04-22,12.203989028930664,12.219672441607706,12.062837460155398,12.119970380439987,2055200,8563.0,5.822615623474121,104502.75805473328,104508.58067035675,4.508580670356754,0.96382310364862
2015-04-23,12.233111381530762,12.27904197315703,12.146852636464123,12.159175436428164,1908000,8563.0,5.822615623474121,104752.13276004791,104757.95537567139,4.7579553756713855,0.23861648844052397
2015-04-24,12.302570343017578,12.345139483004091,12.25439961804358,12.341778873884351,2027200,8563.0,5.822615623474121,105346.90984725952,105352.732462883,5.352732462882992,0.5677631689914975
2015-04-27,12.330574035644531,12.401149376764373,12.301447338096567,12.33505513178127,4808000,8563.0,5.822615623474121,105586.70546722412,105592.5280828476,5.592528082847603,0.22761215049555972
2015-04-28,12.344019889831545,12.402272442353906,12.231995027173104,12.35634269309852,1901600,8563.0,5.822615623474121,105701.84231662752,105707.66493225099,5.707664932250989,0.10903882262678355
2015-04-29,12.286885261535645,12.34849926930041,12.201746138446628,12.277923068645904,1815200,8563.0,5.822615623474121,105212.59849452972,105218.4211101532,5.218421110153204,-0.46282719650589943
2015-04-30,12.086360931396484,12.247676988004024,12.043791796316947,12.221910896586296,1813600,8563.0,5.822615623474121,103495.5086555481,103501.33127117157,3.5013312711715594,-1.6319289159300365
2015-05-01,12.240957260131836,12.240957260131836,12.116610439811843,12.126692267939708,2328800,8563.0,5.822615623474121,104819.31701850891,104825.13963413239,4.8251396341323805,1.2790254450857796
2015-05-04,12.249917984008787,12.31377211853042,12.244317253948688,12.265601395668009,1974400,8563.0,5.822615623474121,104896.04769706725,104901.87031269072,4.901870312690715,0.07319873727442694
2015-05-05,12.058354377746582,12.217429454242174,12.044911088515867,12.211828724740688,1913600,8563.0,5.822615623474121,103255.68853664398,103261.51115226746,3.261511152267449,-1.5637082118113765
2015-05-06,11.990019798278809,12.130050863576248,11.904880671267064,12.08300063075994,2106400,8563.0,5.822615623474121,102670.53953266144,102676.36214828491,2.6763621482849054,-0.5666670935308038
2015-05-07,12.076279640197754,12.113247192573224,11.977697221378332,11.977697221378332,1782400,8563.0,5.822615623474121,103409.18255901337,103415.00517463684,3.4150051746368426,0.7193895565614117
2015-05-08,12.246557235717772,12.25663991720219,12.191665295534964,12.196146392341168,1459200,8563.0,5.822615623474121,104867.26960945128,104873.09222507475,4.873092225074749,1.4099376081601056
2015-05-11,12.198383331298828,12.259997327959056,12.197262843719114,12.239832824932218,3669600,8563.0,5.822615623474121,104454.75646591187,104460.57908153534,4.460579081535343,-0.3933450752592438
2015-05-12,12.13453197479248,12.184942816487348,12.03146931573349,12.137892583614564,1985600,8563.0,5.822615623474121,103907.99730014801,103913.81991577148,3.913819915771488,-0.5234119613075183
2015-05-13,12.19278049468994,12.255514972480912,12.16701526577635,12.16701526577635,1553600,8563.0,5.822615623474121,104406.77937602995,104412.60199165343,4.412601991653431,0.4799959007244947
2015-05-14,12.386587142944336,12.39330836018171,12.27008120096662,12.277922905970804,1894400,8563.0,5.822615623474121,106066.34570503235,106072.16832065582,6.072168320655824,1.5894310622917462
2015-05-15,12.351858139038086,12.425794083265163,12.32273144358784,12.422433475075064,1465600,8563.0,5.822615623474121,105768.96124458313,105774.7838602066,5.7747838602066,-0.28036049904272
2015-05-18,12.415714263916016,12.438118891922928,12.310410631983626,12.328335018134574,2245600,8563.0,5.822615623474121,106315.76124191284,106321.58385753632,6.321583857536317,0.5169474021827103
2015-05-19,12.400030136108398,12.450440973548876,12.385466359532735,12.425795371357808,1998400,8563.0,5.822615623474121,106181.45805549622,106187.28067111969,6.187280671119688,-0.12631789477156596
2015-05-20,12.396668434143066,12.460522554787,12.351858329991858,12.411231354752507,1648000,8563.0,5.822615623474121,106152.67180156708,106158.49441719055,6.158494417190541,-0.02710894727429025
2015-05-21,12.439237594604492,12.45604149053908,12.361940186114383,12.37874408204897,1892800,8563.0,5.822615623474121,106517.19152259827,106523.01413822174,6.523014138221739,0.34337310738288274
2015-05-22,12.443717002868652,12.473963327703547,12.42579262172091,12.42579262172091,1516800,8563.0,5.822615623474121,106555.54869556427,106561.37131118774,6.561371311187747,0.03600834362069705
2015-05-26,12.271202087402344,12.422435462928783,12.221910880242229,12.401150468076596,2333600,8563.0,5.822615623474121,105078.30347442627,105084.12609004974,5.084126090049734,-1.3862858585256488
2015-05-27,12.480687141418455,12.4963705497728,12.292485386484689,12.304807331893112,2331200,8563.0,5.822615623474121,106872.12399196623,106877.9466075897,6.877946607589713,1.7070328167384519
2015-05-28,12.473966598510742,12.48516891232468,12.43475807282108,12.46612489337281,1590400,8563.0,5.822615623474121,106814.57598304749,106820.39859867096,6.8203985986709625,-0.05384460568843563
2015-05-29,12.387707710266112,12.473966465866114,12.351859793633654,12.4627641521713,1908000,8563.0,5.822615623474121,106075.94112300871,106081.76373863219,6.081763738632184,-0.6914736040387393
2015-06-01,12.424674987792969,12.463883509509603,12.337294897662314,12.432516692136296,6289600,8563.0,5.822615623474121,106392.49192047119,106398.31453609467,6.398314536094674,0.29840265311049663
2015-06-02,12.395547866821287,12.45492089120028,12.31264973021751,12.4078706667507,1840800,8563.0,5.822615623474121,106143.07638359068,106148.89899921416,6.1488989992141585,-0.23441681192787334
2015-06-03,12.441476821899414,12.495249114092852,12.411230495134198,12.459401204191089,1481600,8563.0,5.822615623474121,106536.36602592468,106542.18864154816,6.542188641548163,0.3705075097735211
2015-06-04,12.324974060058594,12.432518672010197,12.29248760452112,12.40451245851238,1685600,8563.0,5.822615623474121,105538.75287628174,105544.57549190521,5.544575491905213,-0.9363550367820217
2015-06-05,12.320490837097168,12.341774973022217,12.240952457887555,12.308168037765064,1622400,8563.0,5.822615623474121,105500.36303806305,105506.18565368652,5.506185653686524,-0.036373104008202706
2015-06-08,12.165898323059082,12.333935595075594,12.140133086638338,12.333935595075594,1660000,8563.0,5.822615623474121,104176.58734035492,104182.4099559784,4.182409955978383,-1.2546901297837532
2015-06-09,12.144614219665527,12.18046213694965,12.042671197421502,12.156936166676594,2004000,8563.0,5.822615623474121,103994.33156299591,104000.15417861938,4.000154178619386,-0.17493910674174495
2015-06-10,12.328336715698242,12.358583053140553,12.183824537514107,12.191666243864477,2019200,8563.0,5.822615623474121,105567.54729652405,105573.36991214752,5.573369912147519,1.5127051935193814
2015-06-11,12.330574035644531,12.39890925603685,12.31713074723431,12.355219637055754,1453600,8563.0,5.822615623474121,105586.70546722412,105592.5280828476,5.592528082847603,0.01814678333751374
2015-06-12,12.242074966430664,12.28912519636685,12.224151435604291,12.258878864174084,1480800,8563.0,5.822615623474121,104828.88793754578,104834.71055316925,4.834710553169241,-0.7176810172437209
2015-06-15,12.174859046936035,12.186061359449049,12.063954700098378,12.152454421910008,2032800,8563.0,5.822615623474121,104253.31801891327,104259.14063453674,4.25914063453674,-0.5490260960281823
2015-06-16,12.251035690307615,12.273440314824745,12.160295849927122,12.192782299072464,2648800,8563.0,5.822615623474121,104905.61861610411,104911.44123172759,4.911441231727576,0.6256531496623197
2015-06-17,12.268960952758787,12.309289966333976,12.206227311500392,12.265600344074484,3784800,8563.0,5.822615623474121,105059.1126384735,105064.93525409697,5.064935254096969,0.14630818199357076
2015-06-18,12.372024536132812,12.392189043040784,12.26560041729783,12.26560041729783,2449600,8563.0,5.822615623474121,105941.64610290527,105947.46871852875,5.947468718528737,0.8399885863893619
2015-06-19,12.282404899597168,12.385467559947212,12.280164778581648,12.375385733354664,1612800,8563.0,5.822615623474121,105174.23315525055,105180.05577087402,5.180055770874015,-0.7243334427304848
2015-06-22,12.364179611206056,12.401147152009248,12.338413526712635,12.373140947190183,1528000,8563.0,5.822615623474121,105874.47001075746,105880.29262638093,5.880292626380945,0.6657506029777327
2015-06-23,12.370903968811035,12.400030668531256,12.329454467466173,12.400030668531256,1610400,8563.0,5.822615623474121,105932.0506849289,105937.87330055237,5.9378733005523765,0.054382806037955866
2015-06-24,12.302570343017578,12.400032280899447,12.299209733897836,12.342899361818224,1746400,8563.0,5.822615623474121,105346.90984725952,105352.732462883,5.352732462882992,-0.5523433871560623
2015-06-25,12.272319793701172,12.36081865241611,12.253274924090128,12.349616340968284,2116800,8563.0,5.822615623474121,105087.87439346313,105093.69700908661,5.093697009086617,-0.24587445217678638
2015-06-26,12.153572082519531,12.26111580361852,12.109882472531863,12.233109599540196,1914400,8563.0,5.822615623474121,104071.03774261475,104076.86035823822,4.076860358238221,-0.9675524601256202
2015-06-29,11.876873016357422,12.07851806777878,11.8667911911272,12.038189057494508,2638400,8563.0,5.822615623474121,101701.6636390686,101707.48625469208,1.707486254692081,-2.276561855719539
2015-06-30,11.900403022766112,11.970978387371147,11.857833022642014,11.970978387371147,2086400,8563.0,5.822615623474121,101903.15108394621,101908.97369956969,1.9089736995696827,0.1981048320996326
2015-07-01,11.964252471923828,12.072915841689277,11.914961272047211,12.019144400625375,2590400,8563.0,5.822615623474121,102449.89391708374,102455.71653270721,2.4557165327072195,0.5365011669623332
2015-07-02,11.97433376312256,12.01130216138296,11.922802444948188,11.98889668303653,1870400,8563.0,5.822615623474121,102536.22001361848,102542.04262924196,2.5420426292419585,0.0842569838523266
2015-07-06,11.925045013427734,11.978817317815988,11.846627959821722,11.885836486624727,4091200,8563.0,5.822615623474121,102114.16044998169,102119.98306560516,2.119983065605169,-0.4115966025397211
2015-07-07,11.927286148071287,11.939608950185342,11.698755347067683,11.929526269054849,2589600,8563.0,5.822615623474121,102133.35128593443,102139.17390155791,2.1391739015579114,0.018792439419446083
2015-07-08,11.72563934326172,11.851107466884748,11.716677151285433,11.823101257970098,2355200,8563.0,5.822615623474121,100406.64969635011,100412.47231197359,0.41247231197358847,-1.6905380410150217
2015-07-09,11.699874877929688,11.899278961746374,11.693152806165246,11.842146052498109,2257600,8563.0,5.822615623474121,100186.02857971191,100191.85119533539,0.19185119533537964,-0.21971485370139154
2015-07-10,11.873513221740724,11.911602113922733,11.80853946043547,11.816381165490332,2271200,8563.0,5.822615623474121,101672.89371776582,101678.7163333893,1.6787163333892963,1.4840180317210683
2015-07-13,12.048270225524902,12.063953632591671,11.967612215077756,11.968731847952824,2215200,8563.0,5.822615623474121,103169.33794116974,103175.16055679321,3.1751605567932106,1.4717379185800405
2015-07-14,12.106524467468262,12.139011773745068,12.056113631162496,12.056113631162496,1871200,8563.0,5.822615623474121,103668.16901493073,103673.9916305542,3.6739916305541964,0.4834798134250473
2015-07-15,12.109883308410645,12.153572921413966,12.076276374005865,12.121085619878905,1643200,8563.0,5.822615623474121,103696.93076992035,103702.75338554382,3.702753385543822,0.027742497937310873
2015-07-16,12.24879550933838,12.249915997041386,12.17485955989206,12.182701264449728,1649600,8563.0,5.822615623474121,104886.43594646455,104892.25856208803,4.8922585620880366,1.1470333599744365
2015-07-17,12.417951583862305,12.423553166941431,12.324970774710916,12.347376252345844,1808800,8563.0,5.822615623474121,106334.91941261292,106340.74202823639,6.340742028236379,1.3809250425196762
2015-07-20,12.472846031188965,12.516536507743709,12.422435192006825,12.468365789437366,3020000,8563.0,5.822615623474121,106804.9805650711,106810.80318069458,6.81080318069458,0.4420329814262214
2015-07-21,12.413474082946776,12.486290410653192,12.402271768226212,12.462765293335458,2304000,8563.0,5.822615623474121,106296.57857227324,106302.40118789671,6.302401187896711,-0.4759836811055407
2015-07-22,12.238712310791016,12.290243628485186,12.130048092197866,12.290243628485186,2449600,8563.0,5.822615623474121,104800.09351730347,104805.91613292694,4.805916132926935,-1.4077622313767302
2015-07-23,12.217430114746094,12.335056551499212,12.187183780693982,12.27232290772784,1948800,8563.0,5.822615623474121,104617.8540725708,104623.67668819427,4.623676688194278,-0.17388278396567314
2015-07-24,12.13341236114502,12.286886727638182,12.117728949057469,12.286886727638182,1952800,8563.0,5.822615623474121,103898.4100484848,103904.23266410828,3.904232664108287,-0.6876493417738772
2015-07-27,12.010181427001951,12.09307955847627,11.991137411810024,12.071795422836534,2407200,8563.0,5.822615623474121,102843.18355941771,102849.00617504118,2.84900617504118,-1.0155760376753142
2015-07-28,12.131170272827148,12.154695387143684,11.978816418954771,12.076278339421895,1585600,8563.0,5.822615623474121,103879.21104621887,103885.03366184235,3.885033661842341,1.0073286318760477
2015-07-29,12.195022583007812,12.21070599021705,12.067314350200254,12.130047979037204,1739200,8563.0,5.822615623474121,104425.9783782959,104431.80099391937,4.431800993919377,0.5263196370102863
2015-07-30,12.224153518676758,12.243197540513044,12.088603535229607,12.16477962257475,1436000,8563.0,5.822615623474121,104675.42658042908,104681.24919605255,4.68124919605255,0.23886230033292044
2015-07-31,12.170377731323242,12.253275868041252,12.151333714926691,12.253275868041252,3980000,8563.0,5.822615623474121,104214.94451332092,104220.7671289444,4.2207671289443915,-0.43988973254009966
2015-08-03,12.09756088256836,12.179339382704308,12.015783237114016,12.161415000056907,2959200,8563.0,5.822615623474121,103591.41383743286,103597.23645305634,3.5972364530563405,-0.5982787241592735
2015-08-04,12.02250862121582,12.08860373678988,11.979939479692831,12.080761175651586,2422400,8563.0,5.822615623474121,102948.74132347107,102954.56393909454,2.9545639390945455,-0.6203568125613179
2015-08-05,12.140130996704102,12.235351930184738,12.068435174694097,12.091960286164728,2360800,8563.0,5.822615623474121,103955.94172477722,103961.7643404007,3.9617643404006975,0.9782960198850388
2015-08-06,12.013545989990234,12.198387183663897,11.9776980682527,12.159178652807514,2198400,8563.0,5.822615623474121,102871.99431228638,102877.81692790985,2.8778169279098487,-1.0426404547557389
2015-08-07,12.023626327514648,12.037068761368882,11.940727330232246,12.007942918230238,1399200,8563.0,5.822615623474121,102958.31224250793,102964.13485813141,2.9641348581314064,0.0839033455405147
2015-08-10,12.207348823547363,12.230873940993138,12.1244506685458,12.1244506685458,2100800,8563.0,5.822615623474121,104531.52797603607,104537.35059165955,4.537350591659539,1.5279259478999885
2015-08-11,12.007940292358398,12.177097149032477,11.968730923039892,12.171496421045203,1635200,8563.0,5.822615623474121,102823.99272346497,102829.81533908844,2.8298153390884373,-1.633421205824348
2015-08-12,12.066192626953123,12.088598102587234,11.807415579820074,11.93960489467605,2879200,8563.0,5.822615623474121,103322.8074645996,103328.63008022307,3.3286300802230606,0.48508765623058725
2015-08-13,12.035948753356934,12.116606772696269,12.0157842485221,12.091961171822396,1441600,8563.0,5.822615623474121,103063.82917499542,103069.6517906189,3.069651790618888,-0.25063555899570433
2015-08-14,12.09980297088623,12.113245404426838,11.995619837538095,11.995619837538095,1348000,8563.0,5.822615623474121,103610.61283969879,103616.43545532227,3.6164354553222644,0.5304991869130804
2015-08-17,12.178221702575684,12.178221702575684,12.009063934741574,12.062836240398347,1436800,8563.0,5.822615623474121,104282.11243915558,104287.93505477905,4.287935054779046,0.6480628256569698
2015-08-18,12.102046966552734,12.152458672516458,12.083002943151351,12.13565477052855,1953600,8563.0,5.822615623474121,103629.82817459106,103635.65079021454,3.6356507902145285,-0.6254647426108262
2015-08-19,12.00234317779541,12.108766450668442,11.945210261094664,12.050513900762343,2479200,8563.0,5.822615623474121,102776.0646314621,102781.88724708557,2.7818872470855682,-0.8238125940437269
2015-08-20,11.69315242767334,11.92728478642953,11.69315242767334,11.892557359717276,3376800,8563.0,5.822615623474121,100128.46423816681,100134.28685379028,0.1342868537902886,-2.575940629432605
2015-08-21,11.254015922546388,11.655065076205616,11.2528954347759,11.494869512296022,5968000,8563.0,5.822615623474121,96368.13834476472,96373.9609603882,-3.626039039611806,-3.755283041954127
2015-08-24,10.844006538391112,11.260738289993997,8.638236822646574,11.14199221464601,10098400,8563.0,5.822615623474121,92857.22798824309,92863.05060386656,-7.13694939613344,-3.643007220554828
2015-08-25,10.727498054504396,11.336912553883256,10.72637756688368,10.964990149197895,16720800,8563.0,5.822615623474121,91859.56584072114,91865.38845634462,-8.134611543655378,-1.0743370382885087
2015-08-26,11.262980461120604,11.285385093106118,10.833925006610828,10.833925006610828,5229600,8563.0,5.822615623474121,96444.90168857573,96450.7243041992,-3.549275695800791,4.991363912899116
2015-08-27,11.534080505371094,11.534080505371094,11.283145036040136,11.377245516533522,4766400,8563.0,5.822615623474121,98766.33136749268,98772.15398311615,-1.227846016883849,2.4068556204879465
2015-08-28,11.558722496032717,11.573285416880363,11.467982653286471,11.485906182431142,2215200,8563.0,5.822615623474121,98977.34073352815,98983.16334915163,-1.016836650848374,0.21363244348355792
2015-08-31,11.464619636535645,11.592328717286016,11.433252823772287,11.51503131820379,2461600,8563.0,5.822615623474121,98171.53794765472,98177.3605632782,-1.8226394367218068,-0.8140806563547098
2015-09-01,11.099419593811035,11.350354956343756,11.035565479314892,11.350354956343756,4325600,8563.0,5.822615623474121,95044.3299818039,95050.15259742737,-4.949847402572627,-3.1852638407764644
2015-09-02,11.359319686889648,11.359319686889648,11.143111697418457,11.210326434860525,3312000,8563.0,5.822615623474121,97269.85447883606,97275.67709445953,-2.724322905540466,2.341421277310407
2015-09-03,11.370525360107422,11.50943597248644,11.333556944453342,11.405252799531675,2159200,8563.0,5.822615623474121,97365.80865859985,97371.63127422333,-2.6283687257766752,0.09864149253941967
2015-09-04,11.205843925476074,11.283141333863089,11.15319211713603,11.25849573381612,2839200,8563.0,5.822615623474121,95955.64153385162,95961.4641494751,-4.038535850524905,-1.4482320017591532
2015-09-08,11.51839542388916,11.530718226171391,11.39068715903858,11.445579098043735,2206400,8563.0,5.822615623474121,98632.02001476288,98637.84263038635,-1.362157369613648,2.789013803230822
2015-09-09,11.379484176635742,11.652824222450471,11.352597597953569,11.604653503997104,2152800,8563.0,5.822615623474121,97442.52300453186,97448.34562015533,-2.55165437984467,-1.2059235872466045
2015-09-10,11.49150848388672,11.5665649228143,11.3469963353159,11.366040353309756,2319200,8563.0,5.822615623474121,98401.78714752199,98407.60976314546,-1.592390236854535,0.9843821738434233
2015-09-11,11.54752254486084,11.54752254486084,11.408611105845424,11.428775614432706,1701600,8563.0,5.822615623474121,98881.43555164337,98887.25816726685,-1.112741832733155,0.4874098713258501
2015-09-14,11.513916015625,11.604655886935335,11.485909798091496,11.5945740588706,2047200,8563.0,5.822615623474121,98593.66284179688,98599.48545742035,-1.4005145425796561,-0.29101090997966095
2015-09-15,11.660666465759276,11.695394751156195,11.522876376050906,11.553122710112175,3069600,8563.0,5.822615623474121,99850.28694629668,99856.10956192015,-0.14389043807985225,1.2744732882429277
2015-09-16,11.724519729614258,11.739082650588497,11.640501102731733,11.670747432349506,1882400,8563.0,5.822615623474121,100397.06244468689,100402.88506031036,0.4028850603103651,0.5475633897504828
2015-09-17,11.660666465759276,11.84102654633836,11.64274293382566,11.704356944463902,2686400,8563.0,5.822615623474121,99850.28694629668,99856.10956192015,-0.14389043807985225,-0.5445814610424482
2015-09-18,11.515031814575195,11.63377785506419,11.488146096002168,11.527354613646498,1728000,8563.0,5.822615623474121,98603.2174282074,98609.04004383087,-1.3909599561691244,-1.248866517592473
2015-09-21,11.61025619506836,11.670749720847656,11.520635966947513,11.5777688837416,1271200,8563.0,5.822615623474121,99418.62379837036,99424.44641399384,-0.5755535860061611,0.8269083339626171
2015-09-22,11.428772926330566,11.471342909269849,11.348115765634232,11.43885560559363,2234400,8563.0,5.822615623474121,97864.58256816864,97870.40518379211,-2.1295948162078804,-1.5630373477070636
2015-09-23,11.445175170898438,11.4881593092332,11.382960491585228,11.458749518116049,1669600,8563.0,5.822615623474121,98005.03498840332,98010.8576040268,-1.989142395973209,0.14350857133054173
2015-09-24,11.433866500854492,11.463276299313796,11.240436535537288,11.330929617204273,2728000,8563.0,5.822615623474121,97908.19884681702,97914.02146244049,-2.0859785375595075,-0.09880144297638171
2015-09-25,11.40671730041504,11.562819305007435,11.347896843056548,11.53793342815855,2652800,8563.0,5.822615623474121,97675.720243454,97681.54285907747,-2.3184571409225363,-0.23743137079933474
2015-09-28,11.137494087219238,11.377302316698184,11.129575935741876,11.345629710788732,2740800,8563.0,5.822615623474121,95370.36186885834,95376.18448448181,-4.623815515518192,-2.3600757186252985
2015-09-29,11.079809188842772,11.23477978091273,11.000627638450345,11.179352695638029,3439200,8563.0,5.822615623474121,94876.40608406065,94882.22869968413,-5.1177713003158765,-0.5179026477810655
2015-09-30,11.311699867248535,11.323011394512942,11.180483734541632,11.216682002610469,3087200,8563.0,5.822615623474121,96862.0859632492,96867.90857887268,-3.1320914211273143,2.0927837661502524
2015-10-01,11.317353248596191,11.347894450918163,11.160120728574713,11.347894450918163,2484000,8563.0,5.822615623474121,96910.49586772919,96916.31848335266,-3.083681516647341,0.0499751725728359
2015-10-02,11.489294052124023,11.491556012475856,11.145418256690702,11.179353703067942,3675200,8563.0,5.822615623474121,98382.82496833801,98388.64758396149,-1.611352416038514,1.519175638993886
2015-10-05,11.71778678894043,11.751722225959492,11.550374152615216,11.550374152615216,3116000,8563.0,5.822615623474121,100339.4082736969,100345.23088932037,0.34523088932036927,1.9886270961181785
2015-10-06,11.7449369430542,11.764166623681058,11.677066923597325,11.700821387256523,1928800,8563.0,5.822615623474121,100571.89504337311,100577.71765899658,0.5777176589965904,0.2316869148795364
2015-10-07,11.80828094482422,11.842216382511484,11.655573201259593,11.817330509942693,2663200,8563.0,5.822615623474121,101114.3097305298,101120.13234615327,1.1201323461532686,0.5392990612450799
2015-10-08,11.865974426269531,11.891990855072503,11.713266636599272,11.787923413832033,1941600,8563.0,5.822615623474121,101608.339012146,101614.16162776947,1.6141616277694615,0.48855679888257786
2015-10-09,11.928186416625977,11.933842611410508,11.85918498272266,11.882940310406362,1888800,8563.0,5.822615623474121,102141.06028556824,102146.88290119171,2.1468829011917157,0.5242588876279708
2015-10-12,11.938365936279297,11.957595615375007,11.880676035978114,11.957595615375007,1952000,8563.0,5.822615623474121,102228.22751235962,102234.0501279831,2.2340501279831004,0.08533518039477439
2015-10-13,11.882936477661133,11.979085716886887,11.867100172989309,11.876148873506152,2026400,8563.0,5.822615623474121,101753.58505821228,101759.40767383575,1.7594076738357556,-0.4642704202300063
2015-10-14,11.875021934509276,11.93949858398782,11.817332028234537,11.860316173548853,1707200,8563.0,5.822615623474121,101685.81282520293,101691.6354408264,1.6916354408264,-0.0666004594155889
2015-10-15,12.015286445617676,12.024336011662198,11.904431419107576,11.90556283061667,5068000,8563.0,5.822615623474121,102886.89783382416,102892.72044944763,2.892720449447639,1.181105017550954
2015-10-16,12.04809284210205,12.04809284210205,11.974566613820874,12.03225652992017,1980800,8563.0,5.822615623474121,103167.81900691986,103173.64162254333,3.173641622543344,0.2730233702332052
2015-10-19,12.087679862976074,12.089941822720975,11.990399196678878,12.023203222571096,1884000,8563.0,5.822615623474121,103506.80266666412,103512.6252822876,3.512625282287596,0.3285564553245246
2015-10-20,12.044694900512695,12.07862947245109,12.001709901171187,12.046956860103004,1800800,8563.0,5.822615623474121,103138.72243309021,103144.54504871368,3.1445450487136872,-0.355589699874892
2015-10-21,11.930450439453123,12.083158220835776,11.923663695440547,12.063928537457317,1155200,8563.0,5.822615623474121,102160.4471130371,102166.26972866057,2.1662697286605637,-0.9484508556328319
2015-10-22,12.203058242797852,12.227944113933168,12.026596048222306,12.026596048222306,2230400,8563.0,5.822615623474121,104494.787733078,104500.61034870148,4.500610348701484,2.2848447205135347
2015-10-23,12.534494400024414,12.57974137228862,12.44060794661789,12.51639612892726,2675200,8563.0,5.822615623474121,107332.87554740906,107338.69816303253,7.338698163032542,2.7158576441427718
2015-10-26,12.477932929992676,12.520917931767205,12.431555420147646,12.520917931767205,2831200,8563.0,5.822615623474121,106848.53967952728,106854.36229515076,6.854362295150751,-0.45122204402566757
2015-10-27,12.39988613128662,12.480199099542348,12.382918408299808,12.44852647690789,2236000,8563.0,5.822615623474121,106180.22494220732,106186.0475578308,6.186047557830787,-0.625444504992656
2015-10-28,12.617071151733398,12.617071151733398,12.433821288438986,12.447395640058147,2062400,8563.0,5.822615623474121,108039.98027229309,108045.80288791656,8.045802887916565,1.7514121420452389
2015-10-29,12.55824851989746,12.574085693315189,12.497166101491937,12.528838722299003,1963200,8563.0,5.822615623474121,107536.28207588194,107542.10469150542,7.542104691505425,-0.4661895075495637
2015-10-30,12.494903564453123,12.59670903581763,12.494903564453123,12.580872725051398,2960800,8563.0,5.822615623474121,106993.8592224121,106999.68183803557,6.999681838035565,-0.5043818465575334
2015-11-02,12.614808082580566,12.628382433935329,12.486986176960045,12.55259424732,3410400,8563.0,5.822615623474121,108020.60161113739,108026.42422676086,8.026424226760852,0.9595751791855456
2015-11-03,12.697381019592283,12.749414726890397,12.558246754306197,12.583132628017047,2744800,8563.0,5.822615623474121,108727.67367076872,108733.4962863922,8.733496286392196,0.6545362069442451
2015-11-04,12.721136093139648,12.750546751030642,12.69059488676316,12.73584099057809,2237600,8563.0,5.822615623474121,108931.08836555481,108936.91098117828,8.936910981178281,0.18707638559722906
2015-11-05,12.682676315307615,12.792399062766831,12.65665902975674,12.782218948647412,2259200,8563.0,5.822615623474121,108601.75728797911,108607.57990360259,8.607579903602591,-0.30231358187914337
2015-11-06,12.757335662841797,12.758467074533751,12.64648148142943,12.663448341737464,2009600,8563.0,5.822615623474121,109241.0652809143,109246.88789653778,9.246887896537782,0.5886403080729963
2015-11-09,12.636297225952148,12.759595177979406,12.567295801875636,12.759595177979406,2307200,8563.0,5.822615623474121,108204.61314582825,108210.43576145172,8.210435761451729,-0.9487246319251019
2015-11-10,12.54354476928711,12.5899231561529,12.484724305691802,12.5899231561529,2147200,8563.0,5.822615623474121,107410.37385940552,107416.19647502899,7.416196475029002,-0.7339766084794475
2015-11-11,12.53675651550293,12.6295124150514,12.515264010712643,12.57295391866784,1604000,8563.0,5.822615623474121,107352.24604225159,107358.06865787506,7.358068657875072,-0.05411457402277886
2015-11-12,12.41119384765625,12.529966146062344,12.405537654059492,12.483588638022052,1709600,8563.0,5.822615623474121,106277.05291748047,106282.87553310394,6.282875533103938,-1.0015019254840607
2015-11-13,12.167994499206545,12.374998796659217,12.163469716074808,12.353506292537006,2661600,8563.0,5.822615623474121,104194.53689670564,104200.35951232912,4.20035951232911,-1.959408804409124
2015-11-16,12.330883026123049,12.336538357679071,12.12953492682917,12.152157979081512,1980800,8563.0,5.822615623474121,105589.35135269166,105595.17396831514,5.595173968315148,1.3385889093990855
2015-11-17,12.338804244995115,12.436084947264808,12.312786951730942,12.343329029172118,2424000,8563.0,5.822615623474121,105657.18074989317,105663.00336551665,5.663003365516639,0.06423531933557047
2015-11-18,12.535624504089355,12.543542658683595,12.3806539207288,12.411195990602389,1697600,8563.0,5.822615623474121,107342.55262851715,107348.37524414062,7.348375244140626,1.5950444573242128
2015-11-19,12.586524963378906,12.65100160222556,12.536754083067768,12.536754083067768,1988800,8563.0,5.822615623474121,107778.41326141357,107784.23587703705,7.784235877037049,0.406024433909824
2015-11-20,12.682676315307615,12.696249800800176,12.63177315566827,12.63516652704141,10272000,8563.0,5.822615623474121,108601.75728797911,108607.57990360259,8.607579903602591,0.7638816751503796
2015-11-23,12.615936279296877,12.7324466272713,12.575214098624294,12.7324466272713,3280800,8563.0,5.822615623474121,108030.26235961916,108036.08497524263,8.03608497524262,-0.5262016968495264
2015-11-24,12.6317720413208,12.660051284287675,12.49037582648642,12.534491376473628,2014400,8563.0,5.822615623474121,108165.86398983002,108171.68660545349,8.171686605453488,0.1255151278778177
2015-11-25,12.60349464416504,12.645348240570614,12.595576489495242,12.636298674372522,1795200,8563.0,5.822615623474121,107923.72463798524,107929.54725360872,7.929547253608726,-0.2238472556390425
2015-11-27,12.624987602233888,12.654398261928476,12.594445530970306,12.6114132524485,1084000,8563.0,5.822615623474121,108107.76883792879,108113.59145355226,8.11359145355226,0.17052253495615233
2015-11-30,12.64308738708496,12.679284794502117,12.606889979667804,12.672498050303355,1780000,8563.0,5.822615623474121,108262.7572956085,108268.57991123198,8.268579911231978,0.14335705214854055
2015-12-01,12.756202697753906,12.759596932416436,12.669102994393675,12.680414520892985,5337600,8563.0,5.822615623474121,109231.3637008667,109237.18631649017,9.237186316490176,0.8946329637391948
2015-12-02,12.68833065032959,12.818415341841824,12.67362575452922,12.762988266733034,2954400,8563.0,5.822615623474121,108650.17535877228,108655.99797439575,8.655997974395756,-0.5320425778915228
2015-12-03,12.511870384216309,12.757334046398856,12.44852514572124,12.755072086315808,2461600,8563.0,5.822615623474121,107139.14610004425,107144.96871566772,7.144968715667721,-1.390654254617485
2015-12-04,12.7844820022583,12.810499290034931,12.522050616444377,12.548067904221009,2862400,8563.0,5.822615623474121,109473.51938533783,109479.3420009613,9.4793420009613,2.1787054616519974
2015-12-07,12.701904296875,12.781085828375437,12.649870595744147,12.781085828375437,2180800,8563.0,5.822615623474121,108766.40649414062,108772.2291097641,8.772229109764096,-0.645887048892746
2015-12-08,12.680415153503418,12.7098258142802,12.548068474529195,12.584265878941313,3384000,8563.0,5.822615623474121,108582.39495944977,108588.21757507324,8.588217575073243,-0.16917142932243445
2015-12-09,12.490376472473145,12.699642708648216,12.430424612364972,12.63177269462036,3429600,8563.0,5.822615623474121,106955.09373378754,106960.91634941101,6.960916349411006,-1.4985983396745506
2015-12-10,12.519786834716797,12.608017937185268,12.477933243257688,12.54127933614364,2669600,8563.0,5.822615623474121,107206.93466567993,107212.7572813034,7.212757281303395,0.23545135970011177
2015-12-11,12.258485794067385,12.41119352404433,12.244911447597495,12.405537330595056,2622400,8563.0,5.822615623474121,104969.41385459901,104975.23647022249,4.975236470222488,-2.0869912012524194
2015-12-14,12.32070255279541,12.32070255279541,12.103518135432545,12.258488725047943,2764000,8563.0,5.822615623474121,105502.1759595871,105507.99857521057,5.507998575210582,0.5075121742061706
2015-12-15,12.379524230957031,12.466623937535523,12.367081292443793,12.413458811708807,2649600,8563.0,5.822615623474121,106005.86598968506,106011.68860530853,6.0116886053085405,0.47739511401962975
2015-12-16,12.544678688049316,12.568433160576346,12.358035417606152,12.470021034666274,2467200,8563.0,5.822615623474121,107420.0836057663,107425.90622138977,7.425906221389766,1.3340204600895467
2015-12-17,12.353507995605469,12.598971688996585,12.347852663171752,12.59670972862595,4037600,8563.0,5.822615623474121,105783.08896636963,105788.9115819931,5.788911581993106,-1.523836006580248
2015-12-18,12.109176635742188,12.335410662655526,12.106913812185033,12.329754466776963,2428800,8563.0,5.822615623474121,103690.87953186035,103696.70214748383,3.6967021474838324,-1.9777209191604972
2015-12-21,12.227944374084473,12.243780680959508,12.12953316179162,12.226812962732255,2839200,8563.0,5.822615623474121,104707.88767528534,104713.71029090881,4.713710290908812,0.9807526395376964
2015-12-22,12.30825901031494,12.325226730872656,12.209847784505596,12.273193020706012,2940000,8563.0,5.822615623474121,105395.62190532683,105401.4445209503,5.401444520950305,0.6567757250993012
2015-12-23,12.416460990905762,12.421002594823774,12.348338664580332,12.385805381014777,3539200,8563.0,5.822615623474121,106322.15546512604,106327.97808074951,6.327978080749519,0.8790520509565081
2015-12-24,12.41078281402588,12.450521628693654,12.402835224336789,12.423272007283355,1131200,8563.0,5.822615623474121,106273.53323650362,106279.35585212709,6.279355852127089,-0.045728536834865885
2015-12-28,12.408514022827148,12.408514022827148,12.29043491370491,12.380129646583027,1842400,8563.0,5.822615623474121,106254.10557746887,106259.92819309235,6.259928193092357,-0.018279805027965335
2015-12-29,12.562923431396484,12.598119776076356,12.466416738220436,12.48231191750956,1975200,8563.0,5.822615623474121,107576.3133430481,107582.13595867157,7.582135958671565,1.2443145671777067
2015-12-30,12.466416358947754,12.565193417778968,12.46187475554299,12.565193417778968,1965600,8563.0,5.822615623474121,106749.92328166962,106755.74589729309,6.755745897293086,-0.7681480331418022
2015-12-31,12.294971466064451,12.47436085811276,12.291565480910204,12.47436085811276,2280000,8563.0,5.822615623474121,105281.8406639099,105287.66327953337,5.287663279533361,-1.3751790176915857
2016-01-04,12.10423469543457,12.10423469543457,11.914627250897166,12.070173094017878,4084800,8563.0,5.822615623474121,103648.56169700623,103654.3843126297,3.6543843126296993,-1.5512538848615143
2016-01-05,12.046330451965332,12.165545192012022,12.00659249402394,12.14397278646276,3218400,8563.0,5.822615623474121,103152.72766017914,103158.55027580261,3.1585502758026074,-0.47835317349588236
2016-01-06,11.88283348083496,11.963444990457791,11.804492339752349,11.871479039467085,5246400,8563.0,5.822615623474121,101752.70309638976,101758.52571201323,1.7585257120132258,-1.3571580446277154
2016-01-07,11.500213623046877,11.767026578145623,11.494536401486783,11.639864264712196,5977600,8563.0,5.822615623474121,98476.3292541504,98482.15186977388,-1.5178481302261182,-3.2197536465021326
2016-01-08,11.40143585205078,11.637594066364034,11.383270301992596,11.603532468949128,3668800,8563.0,5.822615623474121,97630.49520111083,97636.3178167343,-2.363682183265703,-0.8588704013678061
2016-01-11,11.457066535949709,11.510428419327722,11.3071962436826,11.47069047799424,3653600,8563.0,5.822615623474121,98106.86074733736,98112.68336296083,-1.8873166370391714,0.4878979020088492
2016-01-12,11.58763599395752,11.629645177248902,11.435496172596087,11.579688404277777,3552800,8563.0,5.822615623474121,99224.92701625824,99230.74963188171,-0.7692503681182905,1.1395736316625715
2016-01-13,11.262921333312988,11.677333443364722,11.234536954079616,11.646678694930584,4821600,8563.0,5.822615623474121,96444.39537715912,96450.2179927826,-3.5497820072174058,-2.802086701364359
2016-01-14,11.479776382446287,11.560387901309769,11.153923454458122,11.293574956802296,4549600,8563.0,5.822615623474121,98301.32516288756,98307.14777851103,-1.6928522214889719,1.9252727721853269
2016-01-15,11.138031005859377,11.234537728662144,10.977943546381386,11.1175942167534,5220800,8563.0,5.822615623474121,95374.95950317384,95380.78211879732,-4.619217881202687,-2.976757769747229
2016-01-19,11.10850715637207,11.273137029944662,11.00291812651753,11.254970616492956,5468000,8563.0,5.822615623474121,95122.14678001404,95127.96939563751,-4.872030604362488,-0.2650562487996
2016-01-20,11.049468040466309,11.155057936498851,10.707719966994183,10.92457697981612,6693600,8563.0,5.822615623474121,94616.594830513,94622.41744613647,-5.377582553863524,-0.5314440670949772
2016-01-21,11.077855110168455,11.247025762017651,10.956370005891923,11.09942751483239,4530400,8563.0,5.822615623474121,94859.67330837248,94865.49592399596,-5.134504076004043,0.25689311731846853
2016-01-22,11.387809753417969,11.390080121912671,11.2810842434999,11.29016744992319,3721600,8563.0,5.822615623474121,97513.81491851807,97519.63753414154,-2.4803624658584544,2.7977944818546208
2016-01-25,11.219775199890137,11.396893414561776,11.210691992414066,11.369644658355911,14952800,8563.0,5.822615623474121,96074.93503665924,96080.75765228271,-3.919242347717289,-1.4754770610740597
2016-01-26,11.335578918457031,11.36964050092614,11.192522351019631,11.269727853890524,2981600,8563.0,5.822615623474121,97066.56227874756,97072.38489437103,-2.9276151056289668,1.0320768344448616
2016-01-27,11.06309413909912,11.292439505098532,11.024490939145336,11.250430318782843,3368800,8563.0,5.822615623474121,94733.27511310576,94739.09772872923,-5.260902271270762,-2.403656990791725
2016-01-28,11.185715675354004,11.234536841796364,11.06196019892018,11.198204871389668,3105600,8563.0,5.822615623474121,95783.28332805634,95789.10594367981,-4.210894056320191,1.1083156163858687
2016-01-29,11.572876930236816,11.572876930236816,11.27427362944666,11.27427362944666,5857600,8563.0,5.822615623474121,99098.54515361786,99104.36776924133,-0.8956322307586695,3.461000907045486
2016-02-01,11.601261138916016,11.651217913326557,11.48999401397136,11.51837838739147,2975200,8563.0,5.822615623474121,99341.59913253784,99347.42174816132,-0.6525782518386869,0.2452505216378853
2016-02-02,11.366238594055176,11.55811723611337,11.331042248105032,11.55811723611337,3023200,8563.0,5.822615623474121,97329.10108089447,97334.92369651794,-2.66507630348205,-2.025717443120878
2016-02-03,11.340124130249023,11.472963651185545,11.156193951790044,11.43549607178749,3451200,8563.0,5.822615623474121,97105.48292732239,97111.30554294586,-2.8886944570541417,-0.229740924510613
2016-02-04,11.367377281188965,11.445717584175704,11.24021494172528,11.311743270423408,3097600,8563.0,5.822615623474121,97338.8516588211,97344.67427444458,-2.655325725555424,0.24031056960254205
2016-02-05,10.941606521606444,11.310603306723609,10.9086805506801,11.295842880936734,3602400,8563.0,5.822615623474121,93692.97664451598,93698.79926013945,-6.301200739860546,-3.745325608698724
2016-02-08,10.744053840637209,10.776979821200388,10.55331079662382,10.757678653146172,12212000,8563.0,5.822615623474121,92001.33303737642,92007.15565299989,-7.992844347000105,-1.805405854180675
2016-02-09,10.694097518920898,10.882569320542494,10.600996802553569,10.620297969870874,5438400,8563.0,5.822615623474121,91573.55705451965,91579.37967014313,-8.420620329856876,-0.46493773209347333
2016-02-10,10.74291706085205,10.95863758773392,10.729292250915636,10.81330974663454,3738400,8563.0,5.822615623474121,91991.59879207611,91997.42140769958,-8.002578592300413,0.456480202270626
2016-02-11,10.705452919006348,10.783794085394623,10.565801387560622,10.604404594991996,4978400,8563.0,5.822615623474121,91670.79334545135,91676.61596107483,-8.323384038925175,-0.34871134616161203
2016-02-12,10.862133979797363,10.875758793597567,10.736107267368626,10.81444843083041,15480000,8563.0,5.822615623474121,93012.45326900482,93018.2758846283,-6.981724115371701,1.4634701657433746
2016-02-16,11.088072776794434,11.103967957655778,10.955233242135508,10.990430456519102,3775200,8563.0,5.822615623474121,94947.16718769073,94952.98980331421,-5.047010196685786,2.079928809995968
2016-02-17,11.36056137084961,11.373050564485638,11.15165279770574,11.170953963789662,3444000,8563.0,5.822615623474121,97280.4870185852,97286.30963420868,-2.7136903657913214,2.457342139228813
2016-02-18,11.28903579711914,11.410520910472282,11.275410982699356,11.402573318616378,3432800,8563.0,5.822615623474121,96668.0135307312,96673.83614635468,-3.3261638536453253,-0.6295577354685111
2016-02-19,11.334449768066406,11.360562910136393,11.231130218755062,11.254972991775576,2452000,8563.0,5.822615623474121,97056.89336395264,97062.71597957611,-2.9372840204238915,0.4022596482389673
2016-02-22,11.489995002746582,11.507025801508703,11.43663310375146,11.482047412153912,2424000,8563.0,5.822615623474121,98388.82720851898,98394.64982414246,-1.605350175857545,1.3722404438452074
2016-02-23,11.294707298278809,11.457065906424996,11.286759710448804,11.43662912825897,2686400,8563.0,5.822615623474121,96716.57859516144,96722.40121078491,-3.277598789215086,-1.6995320541780434
2016-02-24,11.403706550598145,11.421872099801554,11.107373612188525,11.170954333734006,2224800,8563.0,5.822615623474121,97649.93919277191,97655.76180839539,-2.3442381916046195,0.9649890676064032
2016-02-25,11.537681579589844,11.539951948553878,11.332178106336722,11.43436203416667,1993600,8563.0,5.822615623474121,98797.16736602783,98802.9899816513,-1.1970100183486987,1.17476752217327
2016-02-26,11.526324272155762,11.630779409218189,11.502481505956723,11.602395039997116,2134400,8563.0,5.822615623474121,98699.91474246979,98705.73735809326,-1.2942626419067405,-0.09843085070209145
2016-02-29,11.46047592163086,11.634188164014,11.46047592163086,11.526327015568272,1915200,8563.0,5.822615623474121,98136.05531692505,98141.87793254852,-1.8581220674514731,-0.5712529389240273
2016-03-01,11.807900428771973,11.807900428771973,11.54222308491136,11.555847031023754,2999200,8563.0,5.822615623474121,101111.0513715744,101116.87398719788,1.116873987197886,3.0313217123214553
2016-03-02,11.838556289672852,11.8396919073634,11.746591179855738,11.792006359030268,3316800,8563.0,5.822615623474121,101373.55750846863,101379.3801240921,1.379380124092111,0.2596066576657341
2016-03-03,11.843095779418944,11.853314604364147,11.74886031727063,11.843095779418944,2165600,8563.0,5.822615623474121,101412.42915916441,101418.25177478789,1.418251774787893,0.038342758308651526
2016-03-04,11.879429817199709,11.953229374787853,11.806765877297607,11.870347474378812,2956000,8563.0,5.822615623474121,101723.5575246811,101729.38014030458,1.7293801403045705,0.3067774883436014
2016-03-07,11.814708709716797,11.87034269303142,11.719337651843974,11.831739503257555,2402400,8563.0,5.822615623474121,101169.35068130493,101175.1732969284,1.1751732969284001,-0.5447854323026635
2016-03-08,11.69663429260254,11.805631068145566,11.68187472764603,11.738643484556048,2134400,8563.0,5.822615623474121,100158.27944755556,100164.10206317903,0.16410206317902798,-0.9993274049376555
2016-03-09,11.806764602661133,11.813577441819415,11.721611476072974,11.74091350976198,7812000,8563.0,5.822615623474121,101101.32529258728,101107.14790821075,1.1071479082107594,0.9415008227567245
2016-03-10,11.78065013885498,11.913488793516429,11.630780687544611,11.869209241962611,2203200,8563.0,5.822615623474121,100877.7071390152,100883.52975463867,0.8835297546386789,-0.22116948029736738
2016-03-11,11.986151695251465,11.989557681046332,11.878291436043613,11.89759259969601,1869600,8563.0,5.822615623474121,102637.4169664383,102643.23958206177,2.6432395820617627,1.7442984317687316
2016-03-14,11.99069595336914,12.021350698532755,11.941874791647518,11.94528077819654,2032800,8563.0,5.822615623474121,102676.32944869995,102682.15206432343,2.6821520643234287,0.037910419059361544
2016-03-15,12.016806602478027,12.02929579471618,11.928247505678211,11.961173479194954,2327200,8563.0,5.822615623474121,102899.91493701935,102905.73755264282,2.9057375526428286,0.21774523013438074
2016-03-16,12.150784492492676,12.175762884425955,11.986155441983318,12.003186242503508,2306400,8563.0,5.822615623474121,104047.16760921478,104052.99022483826,4.052990224838249,1.1148578295826717
2016-03-17,12.217768669128418,12.248423408536617,12.123532349927023,12.123532349927023,2169600,8563.0,5.822615623474121,104620.75311374664,104626.57572937012,4.626575729370108,0.5512436531544651
2016-03-18,12.25864601135254,12.28362440401878,12.197335647414276,12.27908279933196,2760000,8563.0,5.822615623474121,104970.7857952118,104976.60841083528,4.97660841083527,0.33455427459516685
2016-03-21,12.292492866516112,12.305029318494672,12.22753164694543,12.23892818433501,5217600,8563.0,5.822615623474121,105260.61641597746,105266.43903160094,5.2664390316009335,0.2760906692959475
2016-03-22,12.3073091506958,12.349477298476822,12.220694764794434,12.243487841189502,3734400,8563.0,5.822615623474121,105387.48825740814,105393.31087303162,5.393310873031609,0.12052449251427344
2016-03-23,12.211576461791992,12.297051797451529,12.188782517249404,12.297051797451529,4644000,8563.0,5.822615623474121,104567.72924232483,104573.5518579483,4.573551857948299,-0.7778093394094854
2016-03-24,12.228667259216309,12.23208613228034,12.131794551736686,12.160286319936631,3494400,8563.0,5.822615623474121,104714.07774066925,104719.90035629272,4.719900356292728,0.13994790818927516
2016-03-28,12.200180053710938,12.264001360107155,12.180804983269155,12.251464907850744,2606400,8563.0,5.822615623474121,104470.14179992676,104475.96441555023,4.4759644155502265,-0.2329413415334991
2016-03-29,12.407598495483398,12.42127399100944,12.16826688977804,12.179664295383033,2570400,8563.0,5.822615623474121,106246.26591682434,106252.08853244781,6.252088532447808,1.7000313199628359
2016-03-30,12.49193286895752,12.562592778142308,12.457742393981032,12.48281529303047,2327200,8563.0,5.822615623474121,106968.42115688324,106974.24377250671,6.974243772506705,0.6796621600886121
2016-03-31,12.482817649841309,12.5363823316511,12.46230353488224,12.48509747900346,1592800,8563.0,5.822615623474121,106890.36753559113,106896.1901512146,6.8961901512146095,-0.07296487316901246
2016-04-01,12.577406883239746,12.579685842235344,12.384802241868972,12.411015052567286,2105600,8563.0,5.822615623474121,107700.33514118195,107706.15775680542,7.70615775680541,0.7577141939717924
2016-04-04,12.511308670043944,12.58310850280172,12.491934470839473,12.571711096681431,3713600,8563.0,5.822615623474121,107134.33614158629,107140.15875720976,7.140158757209769,-0.5255029158812374
2016-04-05,12.381387710571287,12.464584089833002,12.364292468859968,12.423555857525873,2935200,8563.0,5.822615623474121,106021.82296562193,106027.64558124541,6.0276455812454,-1.0383717822235239
2016-04-06,12.517006874084473,12.519285833517667,12.34377639416244,12.39734107059228,1871200,8563.0,5.822615623474121,107183.12986278534,107188.95247840881,7.1889524784088055,1.0952868856014764
2016-04-07,12.336938858032228,12.44634717220226,12.292491757572526,12.440649338771523,1734400,8563.0,5.822615623474121,105641.20744132997,105647.03005695344,5.647030056953439,-1.4385087136344232
2016-04-08,12.340359687805176,12.454326808482357,12.300471369468188,12.407600741144778,1710400,8563.0,5.822615623474121,105670.50000667572,105676.3226222992,5.676322622299201,0.027726823300144865
2016-04-11,12.315288543701172,12.482820374180212,12.308450793722518,12.391647186297234,2105600,8563.0,5.822615623474121,105455.81579971313,105461.63841533661,5.4616384153366,-0.20315260943540858
2016-04-12,12.372269630432127,12.38594599714634,12.221833074576104,12.32896244008724,1967200,8563.0,5.822615623474121,105943.7448453903,105949.56746101378,5.949567461013783,0.4626602175054062
2016-04-13,12.566014289855955,12.578550742012585,12.44178968289484,12.46002483857724,2852800,8563.0,5.822615623474121,107602.78036403655,107608.60297966002,7.608602979660017,1.5658728566841251
2016-04-14,12.547779083251951,12.581969565267658,12.501053018630572,12.558036575656695,1885600,8563.0,5.822615623474121,107446.63228988646,107452.45490550993,7.452454905509942,-0.14510742619676664
2016-04-15,12.48509693145752,12.559174855477558,12.473699525146722,12.54549935910464,2588000,8563.0,5.822615623474121,106909.88502407074,106915.70763969421,6.915707639694224,-0.49952071014823796
2016-04-18,12.548917770385742,12.551196729863838,12.43495066748114,12.43495066748114,2108800,8563.0,5.822615623474121,107456.38286781311,107462.20548343658,7.46220548343659,0.5111483203048772
2016-04-19,12.471421241760254,12.580829566175623,12.39506348453808,12.580829566175623,4379200,8563.0,5.822615623474121,106792.78009319305,106798.60270881653,6.798602708816537,-0.6175220130972825
2016-04-20,12.502191543579102,12.563733886946862,12.440650069711385,12.473699766251436,3333600,8563.0,5.822615623474121,107056.26618766785,107062.08880329132,7.062088803291311,0.24671305409602606
2016-04-21,12.49307346343994,12.545498223624609,12.46914047745346,12.51586653499851,2495200,8563.0,5.822615623474121,106978.1880674362,106984.01068305968,6.9840106830596715,-0.07292788801748218
2016-04-22,12.30616855621338,12.371129772211033,12.230949848479243,12.31528526392356,2008000,8563.0,5.822615623474121,105377.72134685518,105383.54396247865,5.383543962478643,-1.4959868398675136
2016-04-25,12.282234191894531,12.30844700791731,12.229809429348956,12.26285999324725,1908000,8563.0,5.822615623474121,105172.77138519287,105178.59400081635,5.17859400081635,-0.1944800430466409
2016-04-26,12.260580062866213,12.33579789204028,12.212714092528174,12.299328457092264,2344000,8563.0,5.822615623474121,104987.34707832338,104993.16969394685,4.993169693946853,-0.1762947191213171
2016-04-27,12.171686172485352,12.186501581911152,12.04404271224021,12.081652062513324,2787200,8563.0,5.822615623474121,104226.14869499207,104231.97131061554,4.231971310615545,-0.7249980027750347
2016-04-28,12.008713722229004,12.244625586064007,11.977942118098364,12.186502121206114,2390400,8563.0,5.822615623474121,102830.61560344696,102836.43821907043,2.836438219070425,-1.3388723958662974
2016-04-29,11.89930248260498,11.966542638164304,11.796731943235049,11.955146104789812,3236000,8563.0,5.822615623474121,101893.72715854645,101899.54977416992,1.8995497741699285,-0.9110471551967536
2016-05-02,11.968825340270996,11.988200409516889,11.858277975515188,11.909562826489532,2281600,8563.0,5.822615623474121,102489.05138874054,102494.87400436401,2.4948740043640116,0.5842265559695248
2016-05-03,11.860560417175291,11.916404073219953,11.82067209142911,11.89475090752933,2705600,8563.0,5.822615623474121,101561.97885227202,101567.8014678955,1.5678014678955021,-0.9045062452870067
2016-05-04,11.80812931060791,11.857135190129249,11.775078752837723,11.806989396340022,1857600,8563.0,5.822615623474121,101113.01128673553,101118.83390235901,1.1188339023590066,-0.4420372982853249
2016-05-05,11.80927276611328,11.877652861194695,11.78989769574848,11.838903589965176,2041600,8563.0,5.822615623474121,101122.80269622801,101128.62531185149,1.1286253118514944,0.009683072000155057
2016-05-06,11.884488105773926,11.88676793451299,11.75798456525275,11.785337293122122,1984800,8563.0,5.822615623474121,101766.87164974213,101772.6942653656,1.772694265365593,0.6368809538624509
2016-05-09,11.895888328552246,11.952871891694478,11.886771619269618,11.910704611449336,2210400,8563.0,5.822615623474121,101864.49175739288,101870.31437301636,1.8703143730163685,0.09591974385214641
2016-05-10,12.05202293395996,12.058860682916494,11.91640178298789,11.93007815040108,1912000,8563.0,5.822615623474121,103201.47238349913,103207.2949991226,3.2072949991226007,1.3124339846549038
2016-05-11,11.974523544311523,12.098748139415353,11.973383629815158,12.026948307644334,1935200,8563.0,5.822615623474121,102537.84510993958,102543.66772556305,2.543667725563048,-0.6430042310140993
2016-05-12,11.91297721862793,12.018966624332108,11.83661949341624,12.018966624332108,2038400,8563.0,5.822615623474121,102010.82392311096,102016.64653873444,2.0166465387344346,-0.5139480560019338
2016-05-13,11.884488105773926,11.99503632312125,11.86169503538268,11.91297987851293,2046400,8563.0,5.822615623474121,101766.87164974213,101772.6942653656,1.772694265365593,-0.23912986913975365
2016-05-16,12.038344383239746,12.086211225754589,11.898165338053325,11.898165338053325,3205600,8563.0,5.822615623474121,103084.34295368195,103090.16556930542,3.090165569305414,1.2945233625284658
2016-05-17,11.9141206741333,12.062277381634884,11.882210025425266,12.03036673292685,1943200,8563.0,5.822615623474121,102020.61533260345,102026.43794822693,2.0264379482269224,-1.0318419950187896
2016-05-18,11.981361389160156,12.061138884050743,11.900444849263993,11.901584763769574,5429600,8563.0,5.822615623474121,102596.39757537842,102602.22019100189,2.6022201910018916,0.5643461188629795
2016-05-19,11.916401863098145,11.979084127288171,11.835485311734736,11.94033485410703,2304800,8563.0,5.822615623474121,102040.14915370941,102045.97176933289,2.045971769332877,-0.5421407262274691
2016-05-20,12.067975997924805,12.105585349132609,11.96426639036688,11.96654534975828,2188800,8563.0,5.822615623474121,103338.0784702301,103343.90108585358,3.3439010858535845,1.271906469227968
2016-05-23,12.06569766998291,12.136356718313683,12.06341784097224,12.071395503509583,1892800,8563.0,5.822615623474121,103318.56914806366,103324.39176368713,3.324391763687129,-0.018878058561222488
2016-05-24,12.322121620178224,12.342635730386338,12.139773587439477,12.139773587439477,2791200,8563.0,5.822615623474121,105514.32743358614,105520.15004920961,5.5201500492096045,2.1251112617671097
2016-05-25,12.407598495483398,12.445206977679982,12.35859260768182,12.404178752101918,2154400,8563.0,5.822615623474121,106246.26591682434,106252.08853244781,6.252088532447808,0.6936480690151292
2016-05-26,12.441789627075195,12.462303742375816,12.379108236073352,12.417856637474484,2715200,8563.0,5.822615623474121,106539.0445766449,106544.86719226837,6.5448671922683666,0.27555096926978884
2016-05-27,12.514725685119627,12.51700551380504,12.431530197599598,12.433809156785127,2178400,8563.0,5.822615623474121,107163.59604167937,107169.41865730284,7.169418657302851,0.5861863471164908
2016-05-31,12.535242080688477,12.545499572642782,12.461163285907512,12.523845543683722,2568800,8563.0,5.822615623474121,107339.27793693542,107345.1005525589,7.345100552558903,0.16392912965015327
2016-06-01,12.528401374816896,12.553474272008442,12.472557748026524,12.493071857592351,2609600,8563.0,5.822615623474121,107280.70097255708,107286.52358818056,7.28652358818056,-0.05456882901671012
2016-06-02,12.528401374816896,12.528401374816896,12.418993080299098,12.501049518562404,2580800,8563.0,5.822615623474121,107280.70097255708,107286.52358818056,7.28652358818056,0.0
2016-06-03,12.48509693145752,12.51928654188984,12.41557692656177,12.497633382799377,2052800,8563.0,5.822615623474121,106909.88502407074,106915.70763969421,6.915707639694224,-0.34563143262029694
2016-06-06,12.531821250915527,12.568290685339624,12.495351816491434,12.507888266090331,1832800,8563.0,5.822615623474121,107309.98537158966,107315.80798721313,7.315807987213141,0.3742203613965378
2016-06-07,12.55689811706543,12.602485141872291,12.550060367669465,12.558038031798151,1531200,8563.0,5.822615623474121,107524.71857643127,107530.54119205475,7.5305411920547405,0.20009466346952998
2016-06-08,12.597922325134276,12.610458774686013,12.543217738953985,12.576268299635842,1583200,8563.0,5.822615623474121,107876.0088701248,107881.83148574828,7.881831485748281,0.32668885490505506
2016-06-09,12.587665557861328,12.596783134331744,12.532961838038725,12.539799585641562,1993600,8563.0,5.822615623474121,107788.18017196655,107794.00278759003,7.7940027875900375,-0.08141194578240585
2016-06-10,12.436091423034668,12.49307497834082,12.40076102748482,12.471420949084466,1578400,8563.0,5.822615623474121,106490.25085544586,106496.07347106934,6.49607347106933,-1.2040830500359867
2016-06-13,12.323260307312012,12.433808516363753,12.316422560607723,12.368847314173532,1771200,8563.0,5.822615623474121,105524.07801151276,105529.90062713623,5.5299006271362305,-0.9072379970850086
2016-06-14,12.335797309875488,12.371127698267092,12.253740867739976,12.293630043972426,2241600,8563.0,5.822615623474121,105631.4323644638,105637.25498008728,5.6372549800872696,0.10172884870833787
2016-06-15,12.314144134521484,12.393920747857168,12.306166473187917,12.371127678189794,2036000,8563.0,5.822615623474121,105446.01622390747,105451.83883953094,5.451838839530954,-0.175521543598689
2016-06-16,12.336938858032228,12.349475308879834,12.171686907041028,12.256022319515848,2222400,8563.0,5.822615623474121,105641.20744132997,105647.03005695344,5.647030056953439,0.18509987077564016
2016-06-17,12.224113464355469,12.336940669046532,12.188783066098582,12.336940669046532,1708000,8563.0,5.822615623474121,104675.08359527588,104680.90621089935,4.68090621089936,-0.9144827313491533
2016-06-20,12.314144134521484,12.420133560524532,12.302746730187923,12.343774951189095,1579200,8563.0,5.822615623474121,105446.01622390747,105451.83883953094,5.451838839530954,0.7364596434410009
2016-06-21,12.377032279968262,12.401043046224906,12.332440732302242,12.340444321054456,1912800,8563.0,5.822615623474121,105984.52741336823,105990.3500289917,5.990350028991709,0.5106702693731258
2016-06-22,12.322148323059082,12.423909470306151,12.309572004342687,12.382747912773253,9171200,8563.0,5.822615623474121,105514.55609035492,105520.3787059784,5.52037870597839,-0.44340953953332374
2016-06-23,12.513092041015623,12.513092041015623,12.36330937356474,12.4067581671374,2180800,8563.0,5.822615623474121,107149.60714721678,107155.42976284026,7.155429762840249,1.549512119756291
2016-06-24,11.969989776611328,12.214671887784103,11.945979013065472,12.040878448320328,5963200,8563.0,5.822615623474121,102499.0224571228,102504.84507274628,2.5048450727462868,-4.340036431552563
2016-06-27,11.655562400817873,11.87166015730181,11.600680029370436,11.87166015730181,5035200,8563.0,5.822615623474121,99806.58083820344,99812.40345382692,-0.18759654617308552,-2.6266481521030283
2016-06-28,11.894527435302734,11.894527435302734,11.766470021046157,11.784763563514648,3574400,8563.0,5.822615623474121,101852.83842849731,101858.66104412079,1.8586610441207796,2.050103513678514
2016-06-29,12.092329025268556,12.117483403984208,11.9768479558583,11.988281526458453,2067200,8563.0,5.822615623474121,103546.61344337465,103552.43605899812,3.552436058998132,1.6628679363295928
2016-06-30,12.244400024414062,12.244400024414062,12.091188223560003,12.117486227160333,3306400,8563.0,5.822615623474121,104848.79740905762,104854.62002468109,4.854620024681089,1.257511667751654
2016-07-01,12.25240421295166,12.309572950326778,12.216959002597608,12.23067981360489,3220000,8563.0,5.822615623474121,104917.33727550507,104923.15989112854,4.923159891128548,0.06536656795028684
2016-07-05,12.15293025970459,12.196378185943088,12.096905141494949,12.18494461296724,2516000,8563.0,5.822615623474121,104065.5418138504,104071.36442947388,4.071364429473867,-0.8118278772184406
2016-07-06,12.219243049621582,12.226103017170937,12.053453231133217,12.099188383555024,2083200,8563.0,5.822615623474121,104633.3782339096,104639.20084953308,4.639200849533087,0.5456221537712302
2016-07-07,12.258121490478516,12.30728664323292,12.212386322653945,12.235254342729116,2324800,8563.0,5.822615623474121,104966.29432296753,104972.116938591,4.972116938591009,0.31815618463737483
2016-07-08,12.479936599731444,12.483366584692147,12.331297521045329,12.345018333213917,2088800,8563.0,5.822615623474121,106865.69710350035,106871.51971912383,6.871519719123831,1.8094355300503073
2016-07-11,12.556540489196776,12.5896984590369,12.521096153858483,12.521096153858483,1963200,8563.0,5.822615623474121,107521.65620899199,107527.47882461546,7.527478824615463,0.613782892968695
2016-07-12,12.681169509887695,12.714326609308438,12.622857154587026,12.64000794994907,2288800,8563.0,5.822615623474121,108588.85451316833,108594.67712879181,8.594677128791805,0.9924889115246582
2016-07-13,12.672024726867676,12.726906235734182,12.667451122407824,12.71089905628763,10911200,8563.0,5.822615623474121,108510.54773616791,108516.37035179138,8.51637035179138,-0.07210922217445459
2016-07-14,12.763490676879885,12.78750143942371,12.724616358187667,12.748627120731497,2484000,8563.0,5.822615623474121,109293.77066612245,109299.59328174593,9.29959328174592,0.7217555539458909
2016-07-15,12.741769790649414,12.798938533970956,12.7143281657805,12.797794914853302,1996800,8563.0,5.822615623474121,109107.77471733093,109113.5973329544,9.113597332954404,-0.17017076020774402
2016-07-18,12.83094882965088,12.85152960562583,12.74748210699538,12.765776517784456,2357600,8563.0,5.822615623474121,109871.41482830049,109877.23744392396,9.87723744392397,0.699857881726107
2016-07-19,12.811513900756836,12.842384633925894,12.788645883293023,12.811513900756836,2008000,8563.0,5.822615623474121,109704.99353218079,109710.81614780426,9.71081614780427,-0.15146112151266378
2016-07-20,12.985302925109863,13.015030903530226,12.90069346441776,12.902979829376818,2119200,8563.0,5.822615623474121,111193.14894771576,111198.97156333923,11.198971563339244,1.356434550199781
2016-07-21,12.90870189666748,13.012748551713567,12.881261145229336,13.000171358903218,1824000,8563.0,5.822615623474121,110537.21434116364,110543.03695678711,10.54303695678711,-0.589874705971094
2016-07-22,12.981876373291016,12.98416273885448,12.859535315992614,12.917847669606068,2045600,8563.0,5.822615623474121,111163.80738449097,111169.63000011444,11.169630000114438,0.5668317612553597
2016-07-25,12.97844696044922,13.002457725388684,12.94528898820166,12.980733326113391,11788000,8563.0,5.822615623474121,111134.44132232667,111140.26393795015,11.140263937950156,-0.026415543673452557
2016-07-26,13.037903785705566,13.06420179210907,12.962441496258924,12.994455853740885,2994400,8563.0,5.822615623474121,111643.57011699677,111649.39273262024,11.649392732620246,0.4580957221357096
2016-07-27,13.13737678527832,13.183111952296343,13.079064425522194,13.169391140493213,2643200,8563.0,5.822615623474121,112495.35741233826,112501.18002796173,12.501180027961723,0.7629126092798089
2016-07-28,13.169390678405762,13.195688682024253,13.108791954971611,13.165960693656768,5076800,8563.0,5.822615623474121,112769.49237918854,112775.31499481201,12.775314994812014,0.24367297016987255
2016-07-29,13.171677589416504,13.2128391527599,13.1385204872531,13.20597918297792,3302400,8563.0,5.822615623474121,112789.07519817352,112794.897813797,12.79489781379699,0.017364455143287216
2016-08-01,13.229989051818848,13.253999816752282,13.168246710993284,13.19225747592672,3925600,8563.0,5.822615623474121,113288.39625072479,113294.21886634827,13.294218866348274,0.44268053097185067
2016-08-02,13.106505393981934,13.226560100352875,13.043620301575157,13.213982907406368,2784800,8563.0,5.822615623474121,112231.0056886673,112236.82830429077,12.236828304290782,-0.9333137847968076
2016-08-03,13.15681266784668,13.159099033428571,13.084780375620552,13.089353979110005,1892000,8563.0,5.822615623474121,112661.78687477112,112667.60949039459,12.667609490394582,0.38381446857702617
2016-08-04,13.232276916503906,13.245996855786688,13.160243745966326,13.165960968884647,1828000,8563.0,5.822615623474121,113307.98723602295,113313.80985164642,13.313809851646429,0.5735458169163765
2016-08-05,13.387773513793944,13.398064339372924,13.267719697543452,13.286013238546824,1724800,8563.0,5.822615623474121,114639.50459861754,114645.32721424101,14.64532721424101,1.175070685857138
2016-08-08,13.39006233215332,13.420933067882885,13.360334343147477,13.40492589049337,1545600,8563.0,5.822615623474121,114659.10375022888,114664.92636585236,14.664926365852349,0.01709546484587321
2016-08-09,13.41292953491211,13.452948350877897,13.392348753564985,13.403783199455637,2788800,8563.0,5.822615623474121,114854.91560745239,114860.73822307587,14.860738223075876,0.17076874631982708
2016-08-10,13.37633991241455,13.422075073311564,13.350042783718576,13.422075073311564,5466400,8563.0,5.822615623474121,114541.5986700058,114547.42128562927,14.54742128562927,-0.2727798395637082
2016-08-11,13.426650047302246,13.450660812951066,13.39692205883554,13.406069266413873,2104800,8563.0,5.822615623474121,114972.40435504913,114978.22697067261,14.978226970672615,0.376093743716055
2016-08-12,13.416354179382324,13.430074985594104,13.382053472340974,13.40606422896754,2082400,8563.0,5.822615623474121,114884.24083805084,114890.06345367432,14.890063453674319,-0.07667844540756308
2016-08-15,13.492968559265137,13.524982919550666,13.414075405471587,13.440373414178069,1663200,8563.0,5.822615623474121,115540.28977298737,115546.11238861084,15.546112388610833,0.571023215772759
2016-08-16,13.423216819763184,13.46895197428041,13.420929582258289,13.46209113409124,2668000,8563.0,5.822615623474121,114943.00562763214,114948.82824325562,14.948828243255608,-0.51692275318308
2016-08-17,13.406068801879885,13.42436321640262,13.33174926945123,13.42436321640262,2596800,8563.0,5.822615623474121,114796.16715049745,114801.98976612093,14.801989766120926,-0.12774247408938733
2016-08-18,13.427789688110352,13.436936020653189,13.380910917404377,13.393488106016932,1434400,8563.0,5.822615623474121,114982.16309928894,114987.98571491241,14.987985714912423,0.16201456888544907
2016-08-19,13.457524299621582,13.471245114575035,13.38206199819247,13.40721638944416,1441600,8563.0,5.822615623474121,115236.7805776596,115242.60319328308,15.242603193283077,0.2214296361377599
2016-08-22,13.45180606842041,13.474673217822344,13.403784531280852,13.444945225739165,1495200,8563.0,5.822615623474121,115187.81536388397,115193.63797950745,15.193637979507457,-0.0424888126602907
2016-08-23,13.514688491821287,13.545560096964971,13.49982493488308,13.49982493488308,2255200,8563.0,5.822615623474121,115726.27755546568,115732.10017108916,15.732100171089147,0.46744091169124147
2016-08-24,13.4403715133667,13.514690179665026,13.409499904367475,13.513547432906366,1556000,8563.0,5.822615623474121,115089.90126895905,115095.72388458252,15.095723884582512,-0.5498701618357082
2016-08-25,13.467812538146973,13.4883933204551,13.403783825333146,13.416360146213758,1676800,8563.0,5.822615623474121,115324.87876415253,115330.701379776,15.330701379775991,0.2041583190606877
2016-08-26,13.480385780334473,13.569568853422082,13.409496245978035,13.468952209586798,2000000,8563.0,5.822615623474121,115432.54343700409,115438.36605262756,15.438366052627561,0.0933530027681373
2016-08-29,13.516976356506348,13.556994298061568,13.476958414951127,13.486104749931105,1525600,8563.0,5.822615623474121,115745.86854076385,115751.69115638733,15.751691156387327,0.27142198427940745
2016-08-30,13.491823196411133,13.543274715602728,13.44723164715821,13.497540419577213,1680000,8563.0,5.822615623474121,115530.48203086853,115536.304646492,15.536304646492006,-0.18607633957099523
2016-08-31,13.479244232177734,13.483817835644484,13.423219116279949,13.47352700976288,1501600,8563.0,5.822615623474121,115422.76836013794,115428.59097576141,15.428590975761413,-0.09322928499415628
2016-09-01,13.529556274414062,13.53184264053829,13.412931538583278,13.457523092775672,2492800,8563.0,5.822615623474121,115853.59037780762,115859.41299343109,15.8594129934311,0.37323683329042456
2016-09-02,13.586719512939451,13.624451081131054,13.53298077139242,13.570712339584022,2242400,8563.0,5.822615623474121,116343.07918930052,116348.901804924,16.348901804923987,0.4224851471676727
2016-09-06,13.645031929016112,13.645031929016112,13.575286881613328,13.61301758009009,3162400,8563.0,5.822615623474121,116842.40840816496,116848.23102378844,16.84823102378843,0.4291653905781123
2016-09-07,13.677045822143556,13.685049408597862,13.610729893050426,13.646174222730153,10180800,8563.0,5.822615623474121,117116.54337501527,117122.36599063875,17.122365990638745,0.2346077167351357
2016-09-08,13.561570167541504,13.640463317164244,13.530698555808325,13.632459727515984,5200800,8563.0,5.822615623474121,116127.7253446579,116133.54796028137,16.13354796028137,-0.8442606345882786
2016-09-09,13.242562294006348,13.49181794862826,13.242562294006348,13.466663572202815,4719200,8563.0,5.822615623474121,113396.06092357635,113401.88353919983,13.401883539199822,-2.352175119988409
2016-09-12,13.452948570251465,13.470098494715607,13.148810448976173,13.159100403654657,3336800,8563.0,5.822615623474121,115197.5986070633,115203.42122268677,15.203421222686764,1.5886311825360488
2016-09-13,13.358046531677246,13.452946839019866,13.299734179025972,13.404924439722883,7467200,8563.0,5.822615623474121,114384.95245075226,114390.77506637573,14.390775066375738,-0.7054010616058037
2016-09-14,13.42550277709961,13.496392308064088,13.36833405377114,13.36833405377114,4340800,8563.0,5.822615623474121,114962.58028030396,114968.40289592743,14.968402895927424,0.5049601501664114
2016-09-15,13.647320747375488,13.6656142893125,13.432366613742929,13.446086552114265,2824000,8563.0,5.822615623474121,116862.0075597763,116867.83017539978,16.86783017539979,1.6521298301340748
2016-09-16,13.597009658813477,13.651892019904812,13.53755456726294,13.651892019904812,1879200,8563.0,5.822615623474121,116431.1937084198,116437.01632404327,16.437016324043263,-0.36863339612784873
2016-09-19,13.582148551940918,13.722783155534936,13.554707802612326,13.64160365420715,1714400,8563.0,5.822615623474121,116303.93805027008,116309.76066589355,16.309760665893556,-0.10929141107117735
2016-09-20,13.579051971435549,13.665096994467474,13.565284452644152,13.634120296010646,2360000,8563.0,5.822615623474121,116277.4220314026,116283.24464702608,16.283244647026084,-0.0227977589461692
2016-09-21,13.732783317565918,13.745403322455402,13.58363915796446,13.638707474486656,2707200,8563.0,5.822615623474121,117593.82354831696,117599.64616394043,17.59964616394043,1.132064658937093
2016-09-22,13.826858520507812,13.840626036648526,13.794735191474553,13.808502707615265,7397600,8563.0,5.822615623474121,118399.3895111084,118405.21212673187,18.405212126731875,0.6850071314572048
2016-09-23,13.702953338623049,13.802764978374968,13.67771333192417,13.802764978374968,11072800,8563.0,5.822615623474121,117338.38943862916,117344.21205425264,17.34421205425265,-0.8960754796365045
2016-09-26,13.61575984954834,13.662797324323856,13.582489013587638,13.631821511695584,3640000,8563.0,5.822615623474121,116591.75159168243,116597.57420730591,16.597574207305897,-0.6362800805220226
2016-09-27,13.770645141601562,13.771792653640958,13.611175104639496,13.62723677201012,2636800,8563.0,5.822615623474121,117918.03434753418,117923.85696315765,17.923856963157657,1.137487434767448
2016-09-28,13.81424045562744,13.821123776580496,13.728195442533726,13.78211624882454,1854400,8563.0,5.822615623474121,118291.34102153777,118297.16363716124,18.29716363716125,0.31656586174944046
2016-09-29,13.732783317565918,13.83030169631104,13.68689334556246,13.803914174643454,2257600,8563.0,5.822615623474121,117593.82354831696,117599.64616394043,17.59964616394043,-0.5896316122677492
2016-09-30,13.809653282165527,13.850954964452514,13.73737490051567,13.764909938903836,3331200,8563.0,5.822615623474121,118252.06105518341,118257.88367080688,18.257883670806873,0.5597274552585185
2016-10-03,13.76949691772461,13.81538776868051,13.73622694795914,13.787853608225042,3120000,8563.0,5.822615623474121,117908.20210647583,117914.0247220993,17.91402472209931,-0.29077042310750034
2016-10-04,13.740814208984377,13.844068397024133,13.692629212997526,13.805061745595289,2856000,8563.0,5.822615623474121,117662.59207153322,117668.41468715669,17.668414687156698,-0.20829586261810196
2016-10-05,13.811945915222168,13.857836765537437,13.762613404309906,13.771791749431994,8971200,8563.0,5.822615623474121,118271.69287204742,118277.5154876709,18.277515487670893,0.5176417156070423
2016-10-06,13.832594871520996,13.846362387330403,13.74769737893392,13.815385695582997,2516800,8563.0,5.822615623474121,118448.50988483429,118454.33250045776,18.45433250045776,0.14949334373302037
2016-10-07,13.787850379943848,13.861275374163522,13.723603728825376,13.844066199672511,2225600,8563.0,5.822615623474121,118065.36280345917,118071.18541908264,18.071185419082635,-0.32345552356528584
2016-10-10,13.876190185546877,13.922081027941688,13.787851036055253,13.787851036055253,2013600,8563.0,5.822615623474121,118821.8165588379,118827.63917446138,18.827639174461375,0.6406760063378591
2016-10-11,13.692626953125,13.901429443235068,13.631821962230113,13.883073632443674,2281600,8563.0,5.822615623474121,117249.96459960938,117255.78721523285,17.255787215232843,-1.3227999564316528
2016-10-12,13.697216033935549,13.738517702061374,13.61805435747855,13.702952717123283,1602400,8563.0,5.822615623474121,117289.2608985901,117295.08351421358,17.295083514213584,0.033513313000566036
2016-10-13,13.608880043029783,13.647886696800548,13.480385837388418,13.605437507142511,1905600,8563.0,5.822615623474121,116532.83980846404,116538.66242408751,16.5386624240875,-0.6448872940479244
2016-10-14,13.659357070922852,13.75458041723878,13.642148770632648,13.663946242765247,3529600,8563.0,5.822615623474121,116965.07459831238,116970.89721393585,16.970897213935853,0.3708938998076228
2016-10-17,13.623794555664062,13.682305413154198,13.614616210313612,13.654770377102846,2007200,8563.0,5.822615623474121,116660.55278015137,116666.37539577484,16.666375395774846,-0.2603398156415304
2016-10-18,13.7098388671875,13.766054697794582,13.68804051692765,13.724753021141789,3046400,8563.0,5.822615623474121,117397.35021972656,117403.17283535004,17.403172835350045,0.6315422392062064
2016-10-19,13.723603248596191,13.744254082203778,13.690332412489806,13.697215731927352,1781600,8563.0,5.822615623474121,117515.21461772919,117521.03723335266,17.521037233352654,0.1003928557943734
2016-10-20,13.689187049865724,13.717868719084793,13.619203706947587,13.715574570677104,5438400,8563.0,5.822615623474121,117220.5087080002,117226.33132362367,17.22633132362368,-0.25076864250594966
2016-10-21,13.759169578552246,13.76490626217461,13.660504572253776,13.714426247241898,3087200,8563.0,5.822615623474121,117819.76910114288,117825.59171676636,17.825591716766365,0.5111994774350759
2016-10-24,13.91749095916748,13.927816813805928,13.836035134931786,13.836035134931786,1892800,8563.0,5.822615623474121,119175.47508335114,119181.29769897461,19.18129769897461,1.1506040092437164
2016-10-25,13.86586570739746,13.930112363898523,13.833742379146932,13.930112363898523,2868000,8563.0,5.822615623474121,118733.40805244444,118739.23066806792,18.739230668067908,-0.3709197998693181
2016-10-26,13.795886993408203,13.868164506209132,13.748848621771243,13.769499464756558,3596800,8563.0,5.822615623474121,118134.18032455444,118140.00294017792,18.140002940177922,-0.5046585905252532
2016-10-27,13.727044105529783,13.855537395755825,13.714424103769028,13.852095736238326,2659200,8563.0,5.822615623474121,117544.67867565154,117550.50129127501,17.550501291275,-0.49898563926853434
2016-10-28,13.733931541442873,13.873898239076793,13.698366548707916,13.766054873628658,3728800,8563.0,5.822615623474121,117603.65578937532,117609.4784049988,17.609478404998804,0.050171724557479536
2016-10-31,13.73508071899414,13.783265723116042,13.731639058027612,13.767204055075409,4361600,8563.0,5.822615623474121,117613.49619674683,117619.3188123703,17.61931881237031,0.008367018972421647
2016-11-01,13.623794555664062,13.77179209208312,13.517098698026844,13.748846228706991,2857600,8563.0,5.822615623474121,116660.55278015137,116666.37539577484,16.666375395774846,-0.8101929395762153
2016-11-02,13.518243789672852,13.654767932312565,13.48497295020577,13.614613772712648,2848800,8563.0,5.822615623474121,115756.72157096863,115762.5441865921,15.762544186592109,-0.7747143991716721
2016-11-03,13.414990425109863,13.520538758260544,13.392045439744962,13.48267874464288,2418400,8563.0,5.822615623474121,114872.56301021576,114878.38562583923,14.878385625839229,-0.7637691163108307
2016-11-04,13.377131462097168,13.494153172415963,13.347302278544024,13.405813133703422,8287200,8563.0,5.822615623474121,114548.37670993805,114554.19932556152,14.554199325561523,-0.28219956131138035
2016-11-07,13.684599876403809,13.691483197927274,13.57216820680955,13.577904016314037,2650400,8563.0,5.822615623474121,117181.22874164581,117187.05135726929,17.18705135726928,2.2983461516109305
2016-11-08,13.75228786468506,13.811945354968406,13.634118645445604,13.681157005816912,2680000,8563.0,5.822615623474121,117760.84098529817,117766.66360092165,17.76666360092165,0.4946043414688184
2016-11-09,13.732783317565918,13.763760011492874,13.46547081699485,13.471206625847728,4896000,8563.0,5.822615623474121,117593.82354831696,117599.64616394043,17.59964616394043,-0.14182064081155188
2016-11-10,13.54348373413086,13.841772900862903,13.359920362023422,13.806207037987196,5016000,8563.0,5.822615623474121,115972.85121536255,115978.67383098602,15.978673830986011,-1.37838198143444
2016-11-11,13.62608814239502,13.638708147907623,13.481533147915425,13.526276485534607,15759200,8563.0,5.822615623474121,116680.19276332855,116686.01537895203,16.686015378952025,0.6098893224083524
2016-11-14,13.43678855895996,13.637560241223827,13.365657704994536,13.636412729385414,3823200,8563.0,5.822615623474121,115059.22043037413,115065.0430459976,15.065043045997605,-1.3891744676430284
2016-11-15,13.61690902709961,13.666241531242864,13.519390655324653,13.522833190744452,5705600,8563.0,5.822615623474121,116601.59199905396,116607.41461467743,16.60741461467743,1.3404345297669984
2016-11-16,13.73508071899414,13.73966989204793,13.566432329272224,13.56987399023875,4983200,8563.0,5.822615623474121,117613.49619674683,117619.3188123703,17.61931881237031,0.8677871823474126
2016-11-17,13.844073295593262,13.844073295593262,13.705254067390513,13.743114095617289,3223200,8563.0,5.822615623474121,118546.7996301651,118552.62224578857,18.552622245788577,0.7934950166707866
2016-11-18,13.811945915222168,13.888812586205525,13.79359010027316,13.857836765537437,2699200,8563.0,5.822615623474121,118271.69287204742,118277.5154876709,18.277515487670893,-0.23205455341790415
2016-11-21,13.947321891784668,13.956500235886445,13.834889364775586,13.856687713193535,2871200,8563.0,5.822615623474121,119430.91735935211,119436.73997497559,19.43673997497559,0.9800886352110849
2016-11-22,13.965680122375488,13.993214282426656,13.932409277803378,13.993214282426656,3548800,8563.0,5.822615623474121,119588.1188879013,119593.94150352478,19.593941503524782,0.13161907180498922
2016-11-23,13.91634464263916,13.96797129113316,13.860127947271495,13.945026308534713,2254400,8563.0,5.822615623474121,119165.65917491913,119171.4817905426,19.1714817905426,-0.3532450788652386
2016-11-25,13.953058242797852,13.96108907487155,13.90487237506062,13.915198230752544,1176800,8563.0,5.822615623474121,119480.037733078,119485.86034870148,19.48586034870148,0.263803515266714
2016-11-28,13.943881034851074,14.016158529402423,13.927819369395218,13.94732269526374,2569600,8563.0,5.822615623474121,119401.45330142975,119407.27591705322,19.407275917053223,-0.06576881266027179
2016-11-29,13.961089134216309,14.026483302892974,13.904872434166418,13.942732446372656,1882400,8563.0,5.822615623474121,119548.80625629425,119554.62887191772,19.55462887191772,0.12340366508893919
2016-11-30,13.80735683441162,13.984036040357593,13.806209322439942,13.982888528385915,4689600,8563.0,5.822615623474121,118232.3965730667,118238.21918869017,18.238219188690174,-1.1010947009319594
2016-12-01,13.472355842590332,13.82456676158743,13.437937483937173,13.80850509429468,5433600,8563.0,5.822615623474121,115363.78308010101,115369.60569572449,15.369605695724498,-2.4261304954092844
2016-12-02,13.522835731506348,13.554959065766331,13.410403186301185,13.460883211735569,3889600,8563.0,5.822615623474121,115796.04236888885,115801.86498451233,15.801864984512326,0.37467345596020607
2016-12-05,13.674274444580078,13.715576122953513,13.552663558127112,13.599701921111649,3611200,8563.0,5.822615623474121,117092.81206893921,117098.63468456268,17.098634684562676,1.119817630073383
2016-12-06,13.717867851257324,13.744255370399362,13.645590364503956,13.712131167658397,3047200,8563.0,5.822615623474121,117466.10241031647,117471.92502593994,17.47192502593995,0.318782829862041
2016-12-07,13.959942817687988,13.978298631808258,13.704101929555437,13.722458618970837,3448800,8563.0,5.822615623474121,119538.99034786224,119544.81296348572,19.544812963485715,1.7645815688200006
2016-12-08,14.039103507995604,14.083846841136394,13.95650016210644,13.974855974917883,3229600,8563.0,5.822615623474121,120216.84333896636,120222.66595458983,20.222665954589836,0.5670283589060077
2016-12-09,14.11367416381836,14.120558359026578,14.054016682215492,14.079256688957283,3878400,8563.0,5.822615623474121,120855.39186477661,120861.21448040009,20.86121448040008,0.5311382181887758
2016-12-12,14.04483699798584,14.08499115247121,13.985179522078278,14.062046171420976,3736000,8563.0,5.822615623474121,120265.93921375275,120271.76182937622,20.271761829376224,-0.48771034906277544
2016-12-13,14.205459594726562,14.283473783737904,14.084996212697426,14.084996212697426,4452000,8563.0,5.822615623474121,121641.35050964355,121647.17312526703,21.647173125267027,1.143586220880377
2016-12-14,14.163203239440918,14.271425040664305,14.139026196727183,14.213860402288743,4297600,8563.0,5.822615623474121,121279.50933933258,121285.33195495605,21.285331954956057,-0.2974513595464856
2016-12-15,14.22537326812744,14.302510551726645,14.16550643021912,14.185078196615429,3705600,8563.0,5.822615623474121,121811.87129497527,121817.69391059874,21.817693910598734,0.43893350256105634
2016-12-16,14.12521266937256,14.25991372594008,14.09988408539574,14.256459987828103,3347200,8563.0,5.822615623474121,120954.19608783723,120960.01870346071,20.960018703460715,-0.7040645571303239
2016-12-19,14.208106994628906,14.26336856542111,14.122910682243443,14.165508838436176,3508800,8563.0,5.822615623474121,121664.02019500732,121669.8428106308,21.6698428106308,0.5868253946870405
2016-12-20,14.25645923614502,14.27948474125531,14.213861085487595,14.248400221519748,3043200,8563.0,5.822615623474121,122078.0604391098,122083.88305473328,22.083883054733278,0.3402981663639615
2016-12-21,14.215011596679688,14.26106348193799,14.193136753549496,14.26106348193799,2960000,8563.0,5.822615623474121,121723.14430236816,121728.96691799164,21.72896691799164,-0.29071498043892197
2016-12-22,14.160903930664062,14.238040351023049,14.118305773359754,14.238040351023049,2916800,8563.0,5.822615623474121,121259.82035827637,121265.64297389984,21.265642973899833,-0.3806193018987325
2016-12-23,14.180476188659668,14.18162772764449,14.130970552714963,14.141332646844589,1778400,8563.0,5.822615623474121,121427.41760349274,121433.24021911621,21.43324021911621,0.13820670150772596
2016-12-27,14.25185489654541,14.316327017786804,14.190836513460985,14.20004618909063,2497600,8563.0,5.822615623474121,122038.63347911835,122044.45609474182,22.044456094741815,0.503334897860519
2016-12-28,14.109095573425291,14.285243255732626,14.103338757279676,14.280637978489496,2376800,8563.0,5.822615623474121,120816.18539524077,120822.00801086424,20.822008010864245,-1.001641633708139
2016-12-29,14.11715316772461,14.156296702800098,14.065344462730495,14.098732060606686,2029600,8563.0,5.822615623474121,120885.18257522583,120891.0051908493,20.8910051908493,0.05710646687717702
2016-12-30,13.988207817077637,14.144783711472288,13.953668680997424,14.1367246968358,3452000,8563.0,5.822615623474121,119781.0235376358,119786.84615325928,19.786846153259276,-0.9133508616682495
2017-01-03,14.098732948303224,14.173567163539785,14.014689057294566,14.079161179533184,3480000,8563.0,5.822615623474121,120727.45023632051,120733.27285194398,20.733272851943973,0.7900923424211559
2017-01-04,14.183930397033691,14.20465370761243,14.116004526916496,14.116004526916496,3580800,8563.0,5.822615623474121,121456.9959897995,121462.81860542297,21.462818605422985,0.604262384548826
2017-01-05,14.194290161132812,14.247249528724462,14.145936070510016,14.16550783885256,4635200,8563.0,5.822615623474121,121545.70664978027,121551.52926540375,21.551529265403758,0.07303523909563125
2017-01-06,14.324385643005373,14.355471042305393,14.172415019668463,14.202348880158585,3136000,8563.0,5.822615623474121,122659.714261055,122665.53687667848,22.665536876678473,0.9164900005843135
2017-01-09,14.349711418151855,14.388855824726477,14.32898811546331,14.339350205990872,2568000,8563.0,5.822615623474121,122876.57887363434,122882.40148925781,22.88240148925782,0.17679343204388687
2017-01-10,14.34856128692627,14.406125924666531,14.31056929357636,14.350864364321213,2578400,8563.0,5.822615623474121,122866.73029994965,122872.55291557312,22.87255291557313,-0.008014633149522332
2017-01-11,14.436063766479492,14.436063766479492,14.324388197903094,14.350868325053264,3677600,8563.0,5.822615623474121,123616.01403236389,123621.83664798737,23.621836647987358,0.6098056194283608
2017-01-12,14.392312049865724,14.446422953926067,14.240341430003363,14.392312049865724,2613600,8563.0,5.822615623474121,123241.3680830002,123247.19069862367,23.247190698623665,-0.30305806767011445
2017-01-13,14.448722839355469,14.47174834113928,14.391158206529353,14.398065681391175,2994400,8563.0,5.822615623474121,123724.41367340088,123730.23628902435,23.730236289024354,0.3919323334370173
2017-01-17,14.36813259124756,14.416486671631551,14.328988184484384,14.41188139563785,2832800,8563.0,5.822615623474121,123034.31937885286,123040.14199447633,23.040141994476325,-0.557741030200587
2017-01-18,14.423398971557615,14.433761065601566,14.358926842810831,14.396919723693848,4045600,8563.0,5.822615623474121,123507.56539344786,123513.38800907134,23.513388009071345,0.38462733131130467
2017-01-19,14.381951332092283,14.472903580619032,14.364681762155111,14.410733655865302,2520000,8563.0,5.822615623474121,123152.64925670622,123158.4718723297,23.158471872329688,-0.28735033704652135
2017-01-20,14.45909023284912,14.493629378656768,14.418795148318177,14.452182755034377,2749600,8563.0,5.822615623474121,123813.18966388701,123819.01227951048,23.81901227951049,0.5363337147163749
2017-01-23,14.465994834899902,14.480961325736818,14.373891055559724,14.445271528466698,20626400,8563.0,5.822615623474121,123872.31377124786,123878.13638687134,23.87813638687133,0.04775042723437206
2017-01-24,14.620269775390623,14.646749901260238,14.485568703223947,14.49247618024782,3411200,8563.0,5.822615623474121,125193.37008666991,125199.19270229338,25.19919270229338,1.0664160391438138
2017-01-25,14.776847839355469,14.78260289954556,14.71467702735078,14.726190661198723,3676800,8563.0,5.822615623474121,126534.14804840088,126539.97066402435,26.53997066402436,1.0709158204551317
2017-01-26,14.740004539489746,14.804476668166432,14.6951041815375,14.797569191055896,5856800,8563.0,5.822615623474121,126218.6588716507,126224.48148727417,26.224481487274165,-0.24931978022014745
2017-01-27,14.781450271606444,14.80562819677576,14.750364869741226,14.7849040099544,2686400,8563.0,5.822615623474121,126573.55867576598,126579.38129138945,26.57938129138946,0.2811655868446339
2017-01-30,14.661713600158691,14.735396268927694,14.571912902494386,14.735396268927694,3616000,8563.0,5.822615623474121,125548.25355815887,125554.07617378235,25.55407617378236,-0.8100095822453302
2017-01-31,14.591486930847168,14.616815516856066,14.51319897335004,14.600697485462554,4251200,8563.0,5.822615623474121,124946.9025888443,124952.72520446777,24.95272520446776,-0.47895774286310644
2017-02-01,14.696255683898926,14.746911979861464,14.62142146137599,14.733097025674804,5345600,8563.0,5.822615623474121,125844.0374212265,125849.86003684998,25.849860036849968,0.717979404542124
2017-02-02,14.703163146972656,14.738853828110198,14.604151876350604,14.667473344201987,3100800,8563.0,5.822615623474121,125903.18602752686,125909.00864315033,25.909008643150333,0.046999342139142364
2017-02-03,14.820592880249023,14.837863327638171,14.769935712014512,14.781449343607278,2831200,8563.0,5.822615623474121,126908.73683357239,126914.55944919586,26.914559449195853,0.798632930940979
2017-02-06,14.841315269470217,14.841315269470217,14.769933924354984,14.806776135605856,3104000,8563.0,5.822615623474121,127086.18265247346,127092.00526809694,27.09200526809694,0.13981517933889798
2017-02-07,14.894278526306152,14.928817671241385,14.856285642550786,14.868949937135907,3644800,8563.0,5.822615623474121,127539.70702075958,127545.52963638306,27.54552963638306,0.35684728345375394
2017-02-08,14.919604301452637,14.94838662401431,14.845921625964095,14.89427571705968,2770400,8563.0,5.822615623474121,127756.57163333893,127762.3942489624,27.76239424896241,0.17002917561876885
2017-02-09,14.992133140563965,15.024369194465542,14.919601140918823,14.919601140918823,3020000,8563.0,5.822615623474121,128377.63608264923,128383.4586982727,28.3834586982727,0.4861089626264192
2017-02-10,15.027826309204102,15.054305554417,14.977169139764769,15.02897696969733,3051200,8563.0,5.822615623474121,128683.27668571472,128689.0993013382,28.689099301338207,0.23806852235053189
2017-02-13,15.1107177734375,15.136046355196408,15.0784817160595,15.0784817160595,3945600,8563.0,5.822615623474121,129393.07629394531,129398.89890956879,29.398898909568793,0.551561563554448
2017-02-14,15.164833068847656,15.167136146965804,15.06121739107144,15.100360935410553,4742400,8563.0,5.822615623474121,129856.46556854248,129862.28818416595,29.862288184165962,0.35810913269131994
2017-02-15,15.231606483459473,15.243118359224344,15.15101632617069,15.176344912280548,3335200,8563.0,5.822615623474121,130428.24631786346,130434.06893348694,30.434068933486948,0.44029776258840414
2017-02-16,15.25232982635498,15.29492886376116,15.210883206307802,15.260389720932883,3728800,8563.0,5.822615623474121,130605.7003030777,130611.52291870117,30.611522918701173,0.1360487997232651
2017-02-17,15.29723072052002,15.29723072052002,15.210883738793472,15.233911005974292,2294400,8563.0,5.822615623474121,130990.18665981293,130996.0092754364,30.9960092754364,0.2943739940729051
2017-02-21,15.388182640075684,15.392787039107008,15.328314912266269,15.338676127637022,4192000,8563.0,5.822615623474121,131769.00794696808,131774.83056259155,31.77483056259156,0.5945381782719528
2017-02-22,15.407753944396973,15.410057022209854,15.338675663879757,15.372064143598749,3135200,8563.0,5.822615623474121,131936.59702587128,131942.41964149475,31.94241964149476,0.12717836796882764
2017-02-23,15.372062683105469,15.431928646683325,15.300681331557286,15.431928646683325,2711200,8563.0,5.822615623474121,131630.97275543213,131636.7953710556,31.63679537105559,-0.2316345806523512
2017-02-24,15.403145790100098,15.403145790100098,15.24656989708044,15.271898479534608,3644000,8563.0,5.822615623474121,131897.13740062714,131902.9600162506,31.902960016250614,0.2021962358204954
2017-02-27,15.406598091125488,15.410051828313916,15.351334782644532,15.390478308602084,4453600,8563.0,5.822615623474121,131926.69945430756,131932.52206993103,31.932522069931025,0.022411971404423525
2017-02-28,15.312200546264648,15.39164006325882,15.29493184984597,15.39164006325882,4611200,8563.0,5.822615623474121,131118.37327766418,131124.19589328766,31.124195893287656,-0.6126815162488253
2017-03-01,15.52748680114746,15.550514064565448,15.387028926618797,15.393938159684325,3111200,8563.0,5.822615623474121,132961.86947822568,132967.69209384915,32.96769209384915,1.4059161148730848
2017-03-02,15.412353515625,15.520575301394256,15.404295380904468,15.520575301394256,2685600,8563.0,5.822615623474121,131975.98315429688,131981.80576992035,31.981805769920356,-0.7414480227519893
2017-03-03,15.438837051391602,15.439987711760178,15.36169888836236,15.410054731576729,2445600,8563.0,5.822615623474121,132202.76167106628,132208.58428668976,32.20858428668976,0.1718255902368515
2017-03-06,15.410057067871094,15.434233236410202,15.344432525511923,15.377821005329848,3236000,8563.0,5.822615623474121,131956.31867218018,131962.14128780365,31.962141287803657,-0.18640468787692877
2017-03-07,15.422719955444336,15.479132181384347,15.382424002572762,15.39163455627865,4864000,8563.0,5.822615623474121,132064.75097846985,132070.57359409332,32.07057359409333,0.08216925341730796
2017-03-08,15.44113826751709,15.488341693309698,15.419263423528642,15.433080131524878,2524800,8563.0,5.822615623474121,132222.46698474884,132228.2896003723,32.22828960037232,0.11941797630388162
2017-03-09,15.431929588317873,15.451503113961556,15.35133943494289,15.442292559756758,2770400,8563.0,5.822615623474121,132143.61306476596,132149.43568038943,32.14943568038944,-0.0596346819740301
2017-03-10,15.511367797851562,15.536696380635782,15.445745020080407,15.511367797851562,2215200,8563.0,5.822615623474121,132823.84245300293,132829.6650686264,32.82966506862641,0.5147425599925759
2017-03-13,15.53209114074707,15.542452354033756,15.502156404496626,15.50791321967812,2224000,8563.0,5.822615623474121,133001.29643821716,133007.11905384064,33.00711905384064,0.1335951461765461
2017-03-14,15.489490509033203,15.507911613012173,15.42271708139248,15.507911613012173,2187200,8563.0,5.822615623474121,132636.50722885132,132642.3298444748,32.642329844474794,-0.2742629206322289
2017-03-15,15.588504791259766,15.62074085115171,15.467620445031722,15.519428272948527,2779200,8563.0,5.822615623474121,133484.36652755737,133490.18914318085,33.49018914318085,0.6392071819758982
2017-03-16,15.631098747253418,15.67139293066949,15.596559620944683,15.658728642914054,3316000,8563.0,5.822615623474121,133849.09857273102,133854.9211883545,33.854921188354496,0.2732276038521775
2017-03-17,15.633405685424805,15.6921227482701,15.633405685424805,15.67945845596362,2272800,8563.0,5.822615623474121,133868.8528842926,133874.67549991608,33.87467549991607,0.014758001712755764
2017-03-20,15.65412712097168,15.693270651502106,15.610377435829871,15.650673383379775,3428800,8563.0,5.822615623474121,134046.2905368805,134052.11315250397,34.05211315250396,0.13254011778203179
2017-03-21,15.401994705200195,15.734718249104768,15.38817975396357,15.71399582224983,4324000,8563.0,5.822615623474121,131887.28066062927,131893.10327625275,31.893103276252745,-1.6105750409133979
2017-03-22,15.518275260925291,15.525184493551732,15.390481686704506,15.392784764246654,3051200,8563.0,5.822615623474121,132882.99105930325,132888.81367492673,32.88881367492673,0.7549374257943109
2017-03-23,15.480281829833984,15.535543385452028,15.445742698797764,15.48143249006636,2786400,8563.0,5.822615623474121,132557.6533088684,132563.47592449188,32.56347592449189,-0.24481951598325224
2017-03-24,15.491019248962402,15.590298522877704,15.433298781836967,15.54296731707752,3411200,8563.0,5.822615623474121,132649.59782886505,132655.42044448853,32.65542044448853,0.06935886325809548
2017-03-27,15.502562522888184,15.53257829360592,15.320167394088957,15.36749683912504,3182400,8563.0,5.822615623474121,132748.44288349152,132754.265499115,32.754265499115,0.07451263905784433
2017-03-28,15.609925270080566,15.651484082194456,15.462160996228752,15.504873583696968,4418400,8563.0,5.822615623474121,133667.7900876999,133673.61270332336,33.673612703323364,0.6925180149593757
2017-03-29,15.646867752075195,15.657258777744106,15.570678053269058,15.605308933867596,3664000,8563.0,5.822615623474121,133984.1285610199,133989.95117664337,33.98995117664336,0.23664990189358193
2017-03-30,15.66302490234375,15.69073136032618,15.630701582108667,15.659561815282052,2733600,8563.0,5.822615623474121,134122.48223876953,134128.304854393,34.128304854393,0.1032567565960596
2017-03-31,15.65725326538086,15.701119619191672,15.626083722326516,15.652634641934208,5124800,8563.0,5.822615623474121,134073.0597114563,134078.88232707977,34.07888232707976,-0.0368472019137811
2017-04-03,15.611080169677734,15.695353336817924,15.521036363861253,15.663028248188905,5156000,8563.0,5.822615623474121,133677.67949295044,133683.5021085739,33.68350210857392,-0.294886272650563
2017-04-04,15.601837158203123,15.612228178085982,15.55335219087381,15.556815277005306,2788000,8563.0,5.822615623474121,133598.53158569333,133604.3542013168,33.6043542013168,-0.059205441216547694
2017-04-05,15.545275688171388,15.729980114901052,15.521032318390825,15.6376287822806,3105600,8563.0,5.822615623474121,133114.1957178116,133120.0183334351,33.1200183334351,-0.36251503237081373
2017-04-06,15.552202224731444,15.597224116955138,15.50602655734415,15.560282173854262,3000800,8563.0,5.822615623474121,133173.50765037534,133179.3302659988,33.17933026599882,0.04455523166708719
2017-04-07,15.541815757751465,15.58799143343978,15.493330769831996,15.545278845353632,2336800,8563.0,5.822615623474121,133084.5683336258,133090.39094924927,33.09039094924926,-0.06678162187173653
2017-04-10,15.533732414245604,15.607614544480858,15.497946005122284,15.561438873642174,2972800,8563.0,5.822615623474121,133015.3506631851,133021.17327880856,33.02117327880856,-0.05200801496413332
2017-04-11,15.479474067687988,15.525651497138355,15.338635990469806,15.50833430053616,3040800,8563.0,5.822615623474121,132550.73644161224,132556.55905723572,32.55655905723571,-0.34927839690530593
2017-04-12,15.399819374084473,15.47601081072431,15.380194627341872,15.467930861589736,2018400,8563.0,5.822615623474121,131868.65330028534,131874.4759159088,31.874475915908818,-0.5145600837695219
2017-04-13,15.342100143432615,15.487556854446304,15.33979259291639,15.385968264086134,2114400,8563.0,5.822615623474121,131374.40352821347,131380.22614383695,31.380226143836953,-0.3747880464655129
2017-04-17,15.487554550170898,15.491017636918937,15.382502888177283,15.382502888177283,2530400,8563.0,5.822615623474121,132619.9296131134,132625.75222873688,32.62575222873687,0.9480316189563576
2017-04-18,15.484094619750977,15.51179931938269,15.419447971958256,15.442535808814364,2237600,8563.0,5.822615623474121,132590.3022289276,132596.1248445511,32.59612484455108,-0.022339088516298844
2017-04-19,15.486408233642578,15.574144514131014,15.461011074710637,15.525659509303592,2258400,8563.0,5.822615623474121,132610.1137046814,132615.93632030487,32.61593632030486,0.014941217759578684
2017-04-20,15.64340114593506,15.67110760567227,15.519880256104017,15.55104980312226,2336800,8563.0,5.822615623474121,133954.44401264194,133960.2666282654,33.960266628265416,1.0137019315036078
2017-04-21,15.631858825683594,15.664182149448168,15.601843052552894,15.65032979968879,2978400,8563.0,5.822615623474121,133855.6071243286,133861.4297399521,33.8614297399521,-0.0737807491736242
2017-04-24,15.83965301513672,15.84888674072934,15.77846769303452,15.802711066810035,3378400,8563.0,5.822615623474121,135634.94876861575,135640.77138423923,35.64077138423922,1.3292414758633742
2017-04-25,15.937773704528809,15.967789472157229,15.854656098231006,15.889288727769877,7231200,8563.0,5.822615623474121,136475.1562318802,136480.97884750366,36.48097884750365,0.6194357748706025
2017-04-26,15.900840759277344,15.964331887248704,15.885832868634909,15.941244044214615,5814400,8563.0,5.822615623474121,136158.8994216919,136164.72203731537,36.16472203731538,-0.23172226112303518
2017-04-27,15.998955726623535,16.001265038102737,15.936618408593382,15.95855246392446,3024800,8563.0,5.822615623474121,136999.05788707733,137004.8805027008,37.00488050270081,0.6170162526790035
2017-04-28,16.023204803466797,16.069380480574786,15.98510907718258,16.060144992855353,3768800,8563.0,5.822615623474121,137206.70273208618,137212.52534770966,37.212525347709644,0.15156018110227265
2017-05-01,16.166349411010742,16.18597592207249,16.053217776390312,16.079768700931126,3083200,8563.0,5.822615623474121,138432.45000648499,138438.27262210846,38.43827262210846,0.8933202499499471
2017-05-02,16.19867706298828,16.22407245473169,16.14326413148629,16.203293926535448,4432000,8563.0,5.822615623474121,138709.27169036865,138715.09430599213,38.71509430599214,0.19996037124740962
2017-05-03,16.16982078552246,16.18598245413334,16.09709239602861,16.16635593515106,5076800,8563.0,5.822615623474121,138462.17538642883,138467.9980020523,38.46799800205232,-0.1781322394481033
2017-05-04,16.19290542602539,16.217147043397475,16.138648028968646,16.179051311751923,5067200,8563.0,5.822615623474121,138659.84916305542,138665.6717786789,38.6656717786789,0.14275773426264404
2017-05-05,16.26793670654297,16.26793670654297,16.173276053735655,16.225224123330186,2594400,8563.0,5.822615623474121,139302.34201812744,139308.16463375092,39.308164633750906,0.4633395178710753
2017-05-08,16.322193145751953,16.333737943434834,16.251774107459536,16.27255439099096,2988000,8563.0,5.822615623474121,139766.93990707397,139772.76252269745,39.772762522697455,0.33350370394154005
2017-05-09,16.356828689575195,16.399541277926783,16.324505364094676,16.348746977460504,4132800,8563.0,5.822615623474121,140063.5240688324,140069.34668445587,40.06934668445587,0.21219024107810291
2017-05-10,16.42032241821289,16.434174769427294,16.338358563386162,16.375300515276862,3572800,8563.0,5.822615623474121,140607.22086715698,140613.04348278046,40.613043482780455,0.38816258602920595
2017-05-11,16.39838409423828,16.404156492907713,16.299104826185847,16.38222243485713,4152000,8563.0,5.822615623474121,140419.3629989624,140425.18561458588,40.42518561458588,-0.1335991765355593
2017-05-12,16.44340705871582,16.44571637063207,16.385686591231696,16.40531133879763,3113600,8563.0,5.822615623474121,140804.89464378357,140810.71725940704,40.810717259407035,0.27454593927283
2017-05-15,16.554227828979492,16.554227828979492,16.457257875389484,16.466493360705964,3164800,8563.0,5.822615623474121,141753.8528995514,141759.67551517487,41.75967551517488,0.6739247368647394
2017-05-16,16.64657974243164,16.64657974243164,16.532294362892642,16.585396197843053,3664000,8563.0,5.822615623474121,142544.66233444214,142550.4849500656,42.550484950065616,0.5578521762390043
2017-05-17,16.167505264282227,16.517291198931204,16.1594235523352,16.49882022432864,20567200,8563.0,5.822615623474121,138442.3475780487,138448.17019367218,38.44817019367217,-2.877797825682915
2017-05-18,16.246004104614258,16.30257080322085,16.080924394633392,16.13287246889014,6358400,8563.0,5.822615623474121,139114.5331478119,139120.35576343536,39.120355763435356,0.4855142316600336
2017-05-19,16.33835220336914,16.39722643460165,16.31988123461397,16.3233443210695,3265600,8563.0,5.822615623474121,139905.30991744995,139911.13253307343,39.911132533073435,0.5684119806182331
2017-05-22,16.505741119384766,16.513822828746523,16.385683345851763,16.387992657310626,3655200,8563.0,5.822615623474121,141338.66120529175,141344.48382091522,41.34448382091522,1.0244726505254764
2017-05-23,16.519601821899414,16.56924058840723,16.473424381728996,16.561160637308173,3413600,8563.0,5.822615623474121,141457.35040092468,141463.17301654816,41.46317301654816,0.08397157952291234
2017-05-24,16.600406646728516,16.61194968322493,16.53691378078723,16.568083326156383,2850400,8563.0,5.822615623474121,142149.28211593628,142155.10473155975,42.155104731559746,0.48912497878910166
2017-05-25,16.734315872192383,16.770102274129822,16.63503661448437,16.673130566458138,3344000,8563.0,5.822615623474121,143295.94681358337,143301.76942920685,43.30176942920685,0.8066292799069119
2017-05-26,16.734315872192383,16.740086508771782,16.676595414489782,16.735469647210547,2774400,8563.0,5.822615623474121,143295.94681358337,143301.76942920685,43.30176942920685,0.0
2017-05-30,16.775876998901367,16.78857381032787,16.715847221348128,16.725082707240073,2624000,8563.0,5.822615623474121,143651.8347415924,143657.65735721588,43.657657357215875,0.24834859292148792
2017-05-31,16.729703903198242,16.835909376234454,16.666211022174075,16.827829424916438,4096000,8563.0,5.822615623474121,143256.45452308655,143262.27713871002,43.262277138710026,-0.2752239078510854
2017-06-01,16.81166648864746,16.81166648864746,16.690453136135257,16.781650713622277,2329600,8563.0,5.822615623474121,143958.3001422882,143964.12275791168,43.96412275791168,0.48990259907855105
2017-06-02,16.96520233154297,16.975591594006634,16.808202573298818,16.867076822081977,2533600,8563.0,5.822615623474121,145273.02756500244,145278.85018062592,45.278850180625916,0.913232684316112
2017-06-05,16.983665466308594,17.035615283013563,16.945569756086215,16.966350035065886,2682400,8563.0,5.822615623474121,145431.1273880005,145436.95000362396,45.436950003623956,0.10882507866869506
2017-06-06,16.955968856811523,17.03908648936368,16.929416167600927,16.964048808079202,2756000,8563.0,5.822615623474121,145193.96132087708,145199.78393650055,45.19978393650055,-0.16307139768642065
2017-06-07,16.99290657043457,17.028692981164582,16.909788950002085,17.002142057314735,3537600,8563.0,5.822615623474121,145510.25896263123,145516.0815782547,45.516081578254706,0.21783616557753405
2017-06-08,17.06101417541504,17.071405197789137,16.946728782699083,17.035618791524996,3068800,8563.0,5.822615623474121,146093.46438407898,146099.28699970245,46.09928699970245,0.40078417115301246
2017-06-09,16.58771324157715,17.11527755788052,16.342978949142363,17.087572852466415,14231200,8563.0,5.822615623474121,142040.58848762512,142046.4111032486,42.0464111032486,-2.774055903819783
2017-06-12,16.46187973022461,16.501129229407727,16.1628863390639,16.42378400637427,10732000,8563.0,5.822615623474121,140963.07612991333,140968.8987455368,40.9688987455368,-0.7585635915352995
2017-06-13,16.605022430419922,16.66274289361923,16.46880298278415,16.581934597437947,4241600,8563.0,5.822615623474121,142188.8070716858,142194.62968730927,42.19462968730927,0.8695045167267823
2017-06-14,16.50920867919922,16.683525631061908,16.376452298903306,16.68121631897731,3848800,8563.0,5.822615623474121,141368.3539199829,141374.17653560638,41.37417653560638,-0.5769930647219867
2017-06-15,16.43186378479004,16.451488534176306,16.22753457921531,16.32104146337477,4173600,8563.0,5.822615623474121,140706.0495891571,140711.87220478058,40.71187220478058,-0.46847617227959715
2017-06-16,16.405315399169922,16.444564904016186,16.329123940475895,16.415704663131113,5252800,8563.0,5.822615623474121,140478.71576309204,140484.53837871552,40.484538378715506,-0.1615598048004263
2017-06-19,16.669673919677734,16.67775563239271,16.525372719675367,16.54384369603309,3422400,8563.0,5.822615623474121,142742.41777420044,142748.2403898239,42.74824038982392,1.6113531334003062
2017-06-20,16.531139373779297,16.683522233528635,16.528830062164978,16.661588176914233,4712000,8563.0,5.822615623474121,141556.14645767212,141561.9690732956,41.56196907329559,-0.8310234250795578
2017-06-21,16.643123626708984,16.647742251719155,16.55307981539321,16.57963074398906,2194400,8563.0,5.822615623474121,142515.06761550903,142520.8902311325,42.520890231132505,0.6773861398752024
2017-06-22,16.668514251708984,16.715845451335078,16.591169047228817,16.7043006548204,2057600,8563.0,5.822615623474121,142732.48753738403,142738.3101530075,42.73831015300751,0.1525530197870717
2017-06-23,16.778181076049805,16.831284668563452,16.621181371364468,16.650041598244208,3786400,8563.0,5.822615623474121,143671.56455421448,143677.38716983795,43.67738716983796,0.657901173009412
2017-06-26,16.688142776489258,16.92133397929267,16.67313488991859,16.884392031269183,3438400,8563.0,5.822615623474121,142900.56659507751,142906.389210701,42.90638921070098,-0.5366174694042769
2017-06-27,16.407617568969727,16.644270032014532,16.407617568969727,16.63388077257607,4551200,8563.0,5.822615623474121,140498.42924308777,140504.25185871124,40.50425185871125,-1.680916693268375
2017-06-28,16.621335983276367,16.64680412006012,16.358533853505346,16.46620063582457,4972800,8563.0,5.822615623474121,142328.50002479553,142334.322640419,42.33432264041901,1.302502064882738
2017-06-29,16.3272762298584,16.550716440780203,16.179088653992594,16.550716440780203,5286400,8563.0,5.822615623474121,139810.46635627747,139816.28897190094,39.816288971900946,-1.7690980093953868
2017-06-30,16.305280685424805,16.42105234908139,16.2890727231743,16.38400633530969,3128800,8563.0,5.822615623474121,139622.1185092926,139627.94112491608,39.62794112491608,-0.13471094703616515
2017-07-03,16.173297882080078,16.40600001089535,16.152459834652767,16.390949132285595,3362400,8563.0,5.822615623474121,138491.9497642517,138497.77237987518,38.49777237987517,-0.8094144595527708
2017-07-05,16.34001350402832,16.372429430446115,16.183721042236062,16.226557761566042,3208800,8563.0,5.822615623474121,139919.5356349945,139925.35825061798,39.92535825061798,1.0307644998268861
2017-07-06,16.192977905273438,16.278649550507623,16.142038103595542,16.22192081381452,3064800,8563.0,5.822615623474121,138660.46980285645,138666.29241847992,38.66629241847992,-0.8998124770800753
2017-07-07,16.404844284057617,16.460414187634733,16.24508059045649,16.24508059045649,2451200,8563.0,5.822615623474121,140474.68160438538,140480.50422000885,40.48050422000884,1.3083293494671633
2017-07-10,16.524089813232422,16.566926531984492,16.378218146320297,16.407161063555396,3103200,8563.0,5.822615623474121,141495.78107070923,141501.6036863327,41.501603686332714,0.7268620453730001
2017-07-11,16.587764739990234,16.605129783879924,16.461574043630506,16.50904085230965,2880000,8563.0,5.822615623474121,142041.02946853638,142046.85208415985,42.04685208415986,0.3853301896392658
2017-07-12,16.814678192138672,16.827413146655644,16.69774767342769,16.717428645583826,4400000,8563.0,5.822615623474121,143984.08935928345,143989.91197490692,43.98991197490692,1.3679007047589176
2017-07-13,16.855194091796875,16.90960690859472,16.8088861384322,16.84130205909451,2991200,8563.0,5.822615623474121,144331.02700805664,144336.84962368011,44.336849623680116,0.24094580239319985
2017-07-14,16.992965698242188,17.013805517584085,16.88992898189439,16.920028980348796,2996800,8563.0,5.822615623474121,145510.76527404785,145516.58788967133,45.51658788967132,0.8173507105545541
2017-07-17,17.00338363647461,17.045061505955633,16.96054868631245,17.017277437325212,6020000,8563.0,5.822615623474121,145599.97407913208,145605.79669475555,45.605796694755554,0.06130490439473224
2017-07-18,17.084426879882812,17.084426879882812,16.914242376786163,16.981388393546982,2869600,8563.0,5.822615623474121,146293.94737243652,146299.76998806,46.29976998806,0.47661103407803385
2017-07-19,17.187458038330078,17.207139004672563,17.10525939863148,17.117994349386613,2722400,8563.0,5.822615623474121,147176.20318222046,147182.02579784393,47.18202579784394,0.6030466143972291
2017-07-20,17.203670501708984,17.23377049931426,17.112209895099703,17.23377049931426,2308800,8563.0,5.822615623474121,147315.03050613403,147320.8531217575,47.32085312175751,0.0943235583020563
2017-07-21,17.166622161865234,17.182830124131026,17.10526332139221,17.13652216523888,5376800,8563.0,5.822615623474121,146997.785572052,147003.60818767548,47.00360818767548,-0.2153428570087379
2017-07-24,17.23492431640625,17.251132276129997,17.137676558063763,17.171251324549818,2801600,8563.0,5.822615623474121,147582.65692138672,147588.4795370102,47.5884795370102,0.39786190049704295
2017-07-25,17.214088439941406,17.246504363478643,17.12262783911215,17.179356588569984,2596000,8563.0,5.822615623474121,147404.23931121826,147410.06192684174,47.41006192684174,-0.1208885752655986
2017-07-26,17.24534797668457,17.275447973598673,17.187462144248318,17.266186028424624,2644000,8563.0,5.822615623474121,147671.91472434998,147677.73733997345,47.67773733997345,0.1815855781029052
2017-07-27,17.08905792236328,17.34028225843261,16.87719553390983,17.34028225843261,4290400,8563.0,5.822615623474121,146333.60298919678,146339.42560482025,46.33942560482025,-0.9062379741587079
2017-07-28,17.06473731994629,17.10294216930337,16.989486468098466,17.00222141788416,3172800,8563.0,5.822615623474121,146125.34567070007,146131.16828632355,46.13116828632356,-0.14231114932696798
2017-07-31,16.97907066345215,17.13073124275745,16.95244191196764,17.101788330171395,7762400,8563.0,5.822615623474121,145391.78209114075,145397.60470676422,45.39760470676421,-0.5019898137829215
2017-08-01,17.069372177124023,17.072845185264278,17.002224408853873,17.045059353607094,3818400,8563.0,5.822615623474121,146165.033952713,146170.8565683365,46.17085656833648,0.5318188446995054
2017-08-02,17.092519760131836,17.22681524643905,16.972118067723837,17.22681524643905,3678400,8563.0,5.822615623474121,146363.2467060089,146369.06932163239,46.36906932163238,0.13560346976775328
2017-08-03,17.04506492614746,17.111055635456914,17.005702976665898,17.108739707094543,2108000,8563.0,5.822615623474121,145956.8909626007,145962.71357822418,45.96271357822419,-0.27762405355962194
2017-08-04,17.069372177124023,17.12609915443825,17.04158634546684,17.08094828207981,1963200,8563.0,5.822615623474121,146165.033952713,146170.8565683365,46.17085656833648,0.14260010999367356
2017-08-07,17.173564910888672,17.179353846282396,17.087895026587773,17.095998122910938,1896800,8563.0,5.822615623474121,147057.2363319397,147063.05894756317,47.06305894756318,0.6103832187708047
2017-08-08,17.151567459106445,17.289335990940078,17.108732518347583,17.144621443473657,2433600,8563.0,5.822615623474121,146868.8721523285,146874.69476795197,46.874694767951965,-0.12808395320973442
2017-08-09,17.135356903076172,17.145777691480774,17.024217136728115,17.03579323884972,2981600,8563.0,5.822615623474121,146730.06116104126,146735.88377666473,46.735883776664735,-0.0945098074971562
2017-08-10,16.770681381225586,17.065899443644447,16.760262356637146,17.041586619736226,4036800,8563.0,5.822615623474121,143607.3446674347,143613.16728305817,43.613167283058175,-2.128120547772361
2017-08-11,16.902664184570312,16.943184976558495,16.777630566289226,16.781103575141294,3209600,8563.0,5.822615623474121,144737.5134124756,144743.33602809906,44.74333602809906,0.7869534294256963
2017-08-14,17.175884246826172,17.192092209223958,17.038115683177296,17.050850636956657,2333600,8563.0,5.822615623474121,147077.0968055725,147082.91942119598,47.08291942119598,1.6163669135294434
2017-08-15,17.209455490112305,17.237241322749913,17.156201519059255,17.21640327317313,2092000,8563.0,5.822615623474121,147364.56736183167,147370.38997745514,47.37038997745513,0.19544795370558532
2017-08-16,17.26849937438965,17.33564714196011,17.20829762302731,17.249975486811213,2132000,8563.0,5.822615623474121,147870.16014289856,147875.98275852203,47.87598275852203,0.343076232032935
2017-08-17,16.92581558227539,17.230295599759437,16.92581558227539,17.18977481395618,3412800,8563.0,5.822615623474121,144935.75883102417,144941.58144664764,44.94158144664764,-1.9843663975279813
2017-08-18,16.92118263244629,17.028849405294157,16.85171894468092,16.922339712846227,2527200,8563.0,5.822615623474121,144896.08688163757,144901.90949726105,44.90190949726105,-0.02737099249962016
2017-08-21,16.901500701904297,16.939705551341486,16.784570226390066,16.92465467432642,5631200,8563.0,5.822615623474121,144727.5505104065,144733.37312602997,44.73337312602996,-0.11631066272060897
2017-08-22,17.15041160583496,17.167776646159442,16.986016080134384,16.991805015754256,2568800,8563.0,5.822615623474121,146858.97458076477,146864.79719638824,46.86479719638825,1.472655562654701
2017-08-23,17.11915397644043,17.161990689826425,17.04158717995127,17.070530093560745,2136800,8563.0,5.822615623474121,146591.3155002594,146597.13811588287,46.59713811588286,-0.18224862977032075
2017-08-24,17.116844177246094,17.187464975111347,17.02654240509521,17.17241409090763,2223200,8563.0,5.822615623474121,146571.5366897583,146577.35930538177,46.57735930538178,-0.01349194858460967
2017-08-25,17.105268478393555,17.222197258096642,17.07632555372622,17.177046366277043,1762400,8563.0,5.822615623474121,146472.413980484,146478.23659610748,46.47823659610748,-0.06762484311630956
2017-08-28,17.149253845214844,17.17356490070498,17.09136802438205,17.152726853142006,1808800,8563.0,5.822615623474121,146849.0606765747,146854.88329219818,46.85488329219818,0.257134919728208
2017-08-29,17.218717575073242,17.24650340793798,16.983701259181665,17.002225147758153,6322400,8563.0,5.822615623474121,147443.87859535217,147449.70121097565,47.44970121097565,0.40503788872581215
2017-08-30,17.378480911254883,17.385426926993368,17.22566149886811,17.244185385194086,2482400,8563.0,5.822615623474121,148811.93204307556,148817.75465869904,48.817754658699045,0.9278102542682909
2017-08-31,17.506994247436523,17.53130531188823,17.40048450982668,17.41900840328988,2331200,8563.0,5.822615623474121,149912.39174079895,149918.21435642242,49.91821435642243,0.7394680159280798
2017-09-01,17.49425506591797,17.564875846969866,17.466469232434584,17.545194877369866,2365600,8563.0,5.822615623474121,149803.30612945557,149809.12874507904,49.809128745079036,-0.07276341424667931
2017-09-05,17.346065521240234,17.48151813186718,17.217558926563118,17.424789390718423,7812000,8563.0,5.822615623474121,148534.35905838013,148540.1816740036,48.540181674003605,-0.8470425545526905
2017-09-06,17.372699737548828,17.4236395644361,17.27660902165435,17.40627451733172,2108800,8563.0,5.822615623474121,148762.42785263062,148768.2504682541,48.76825046825408,0.1535401341779874
2017-09-07,17.4537296295166,17.476885367851203,17.370373917809513,17.409737613057448,2196000,8563.0,5.822615623474121,149456.28681755066,149462.10943317413,49.46210943317413,0.46640258437946613
2017-09-08,17.314807891845703,17.439841487277715,17.303231786632775,17.439841487277715,1678400,8563.0,5.822615623474121,148266.69997787476,148272.52259349823,48.27252259349824,-0.7959119834366923
2017-09-11,17.57413673400879,17.584555758487404,17.454892076437513,17.456049156978967,1802400,8563.0,5.822615623474121,150487.33285331726,150493.15546894073,50.49315546894073,1.497669855884598
2017-09-12,17.60539436340332,17.638967362148712,17.527825809080245,17.632021346307255,1872000,8563.0,5.822615623474121,150754.99193382263,150760.8145494461,50.760814549446096,0.17785465370259157
2017-09-13,17.572975158691406,17.581080020828818,17.52087827785131,17.581080020828818,3473600,8563.0,5.822615623474121,150477.3862838745,150483.208899498,50.48320889949798,-0.18413647523579657
2017-09-14,17.525516510009766,17.593821373446332,17.469944834791548,17.516254564140063,1851200,8563.0,5.822615623474121,150070.99787521362,150076.8204908371,50.07682049083711,-0.27005565048277
2017-09-15,17.575294494628906,17.599607319221636,17.47110071274062,17.509305570509056,1801600,8563.0,5.822615623474121,150497.24675750732,150503.0693731308,50.503069373130806,0.2840204642526656
2017-09-18,17.593820571899414,17.670230296941693,17.539407746478588,17.603082517347158,3210400,8563.0,5.822615623474121,150655.88555717468,150661.70817279816,50.66170817279816,0.10540569061356919
2017-09-19,17.654016494750977,17.681800555368806,17.581079802559408,17.634335529635052,4009600,8563.0,5.822615623474121,151171.3432445526,151177.1658601761,51.17716586017609,0.3421291936944737
2017-09-20,17.566028594970703,17.648227228000444,17.437522017425657,17.648227228000444,4621600,8563.0,5.822615623474121,150417.90285873413,150423.7254743576,50.4237254743576,-0.4983823989102576
2017-09-21,17.467628479003906,17.548668287014436,17.403953713233015,17.548668287014436,2000000,8563.0,5.822615623474121,149575.30266571045,149581.12528133392,49.58112528133392,-0.5601511266700498
2017-09-22,17.48151969909668,17.502357748814315,17.39816396715565,17.405109983728195,2081600,8563.0,5.822615623474121,149694.25318336487,149700.07579898834,49.700075798988344,0.07952241128732496
2017-09-25,17.24302864074707,17.431736982483205,17.160829997658215,17.431736982483205,5807200,8563.0,5.822615623474121,147652.05425071716,147657.87686634064,47.657876866340644,-1.3641936530412235
2017-09-26,17.299760818481445,17.383116567110868,17.246506836406624,17.333335594017637,3912000,8563.0,5.822615623474121,148137.85188865662,148143.6745042801,48.1436745042801,0.32900218278175686
2017-09-27,17.509782791137695,17.567831398553214,17.386718255354356,17.407616675205457,3042400,8563.0,5.822615623474121,149936.27004051208,149942.09265613556,49.942092656135564,1.2139689108383145
2017-09-28,17.535322189331055,17.53880673548727,17.43547851576198,17.485401238297957,2148000,8563.0,5.822615623474121,150154.96390724182,150160.7865228653,50.16078652286529,0.1458522172498089
2017-09-29,17.645612716674805,17.665349026585574,17.5469293956184,17.57131058521556,6312800,8563.0,5.822615623474121,151099.38169288635,151105.20430850983,51.10520430850982,0.6289376923986234
2017-10-02,17.69552993774414,17.7431302012568,17.600331182220994,17.694369603817798,4091200,8563.0,5.822615623474121,151526.82285690308,151532.64547252655,51.53264547252654,0.282876533586518
2017-10-03,17.740808486938477,17.74777403378555,17.69553066093025,17.725715287768317,3272000,8563.0,5.822615623474121,151914.54307365417,151920.36568927765,51.920365689277645,0.2558658007600023
2017-10-04,17.73036003112793,17.75706188433834,17.65373547339138,17.714106498108258,2831200,8563.0,5.822615623474121,151825.07294654846,151830.89556217194,51.83089556217193,-0.05889278024033828
2017-10-05,17.897544860839844,17.90799318372805,17.770999337408828,17.80466674610506,2219200,8563.0,5.822615623474121,153256.67664337158,153262.49925899506,53.262499258995064,0.9428935339691247
2017-10-06,17.95210838317871,17.95907393087702,17.836011197533637,17.86039061447772,2334400,8563.0,5.822615623474121,153723.9040851593,153729.72670078278,53.72972670078278,0.3048543799342385
2017-10-09,17.991580963134766,18.035698460467497,17.96836188035529,17.986936083677392,2471200,8563.0,5.822615623474121,154061.907787323,154067.73040294647,54.06773040294648,0.21986879793365333
2017-10-10,18.003185272216797,18.1041892223095,17.91727274647585,18.050783755713372,1958400,8563.0,5.822615623474121,154161.27548599243,154167.0981016159,54.167098101615906,0.06449611376084796
2017-10-11,18.07633209228516,18.080976971917217,17.98345398617175,17.991581639776594,2212800,8563.0,5.822615623474121,154787.63170623782,154793.4543218613,54.79345432186129,0.4062839788503636
2017-10-12,18.09026527404785,18.154117312326804,18.056596096389164,18.06588408431216,5272000,8563.0,5.822615623474121,154906.94154167175,154912.76415729523,54.91276415729522,0.07707679627451114
2017-10-13,18.172691345214844,18.211003626987544,18.121608302851246,18.16804823750105,2424800,8563.0,5.822615623474121,155612.7559890747,155618.57860469818,55.618578604698186,0.45562058829851093
2017-10-16,18.221454620361328,18.237708156996938,18.16340602216234,18.215649406240903,2201600,8563.0,5.822615623474121,156030.31591415405,156036.13852977753,56.03613852977753,0.26832266996861254
2017-10-17,18.2121696472168,18.21913519671345,18.16921424431883,18.21449208754999,2772800,8563.0,5.822615623474121,155950.80868911746,155956.63130474093,55.95663130474093,-0.050954365947364355
2017-10-18,18.274852752685547,18.308520146625263,18.216804177856996,18.27369064742775,2056000,8563.0,5.822615623474121,156487.56412124634,156493.3867368698,56.49338673686981,0.3441696756581347
2017-10-19,18.21449089050293,18.21449089050293,18.06472627165861,18.17617859928629,2286400,8563.0,5.822615623474121,155970.6854953766,155976.50811100006,55.97650811100006,-0.33028783940808326
2017-10-20,18.336387634277344,18.371217140187596,18.30271846234661,18.320134101052865,2576000,8563.0,5.822615623474121,157014.4873123169,157020.30992794037,57.02030992794036,0.669204503666343
2017-10-23,18.27020835876465,18.39211072343505,18.24698928251837,18.39211072343505,2684800,8563.0,5.822615623474121,156447.79417610168,156453.61679172516,56.45361679172516,-0.36090435465021553
2017-10-24,18.329425811767575,18.35728800495531,18.24583568919914,18.29807907292876,12344800,8563.0,5.822615623474121,156954.87322616574,156960.69584178922,56.960695841789224,0.3241082312204435
2017-10-25,18.2620849609375,18.36541137005139,18.12508938091445,18.28530404033908,4807200,8563.0,5.822615623474121,156378.2335205078,156384.0561361313,56.38405613613129,-0.3673784080564735
2017-10-26,18.33870887756348,18.397917793697307,18.308522481042505,18.352639970417997,5240800,8563.0,5.822615623474121,157034.36411857608,157040.18673419955,57.04018673419955,0.4195636142709569
2017-10-27,18.80658721923828,18.854185727815683,18.62315341940709,18.633601742887294,6008800,8563.0,5.822615623474121,161040.8063583374,161046.62897396088,61.04662897396087,2.5512210110539835
2017-10-30,18.86811637878418,18.91803732165509,18.633599551953814,18.633599551953814,4676800,8563.0,5.822615623474121,161567.68055152893,161573.5031671524,61.573503167152396,0.3271563003512057
2017-10-31,18.95054626464844,18.994663769402592,18.855347477787543,18.933132392510093,5731200,8563.0,5.822615623474121,162273.5276641846,162279.35027980807,62.279350279808064,0.4368582093101203
2017-11-01,18.94357681274414,19.05270844633348,18.84025039250576,19.039937685562336,6000000,8563.0,5.822615623474121,162213.84824752808,162219.67086315155,62.21967086315154,-0.03677573058655792
2017-11-02,18.95751190185547,18.97028266531736,18.811230060703338,18.93081004061797,2616000,8563.0,5.822615623474121,162333.17441558838,162338.99703121185,62.33899703121186,0.07355838378009238
2017-11-03,19.108434677124023,19.125850317249736,18.93893378418247,19.06547928685159,7180000,8563.0,5.822615623474121,163625.526140213,163631.3487558365,63.63134875583649,0.7960821172106725
2017-11-06,19.194345474243164,19.20015068708764,19.1153984768633,19.12120368970777,3505600,8563.0,5.822615623474121,164361.1802959442,164367.0029115677,64.3670029115677,0.44958020655865294
2017-11-07,19.186222076416016,19.22105158970388,19.10959927298588,19.22105158970388,3400000,8563.0,5.822615623474121,164291.61964035034,164297.44225597382,64.29744225597382,-0.04232032850979284
2017-11-08,19.29767417907715,19.29999661879142,19.137459497339236,19.19086498175269,2352800,8563.0,5.822615623474121,165245.98399543762,165251.8066110611,65.25180661106108,0.5808759661640961
2017-11-09,19.1258487701416,19.165321383496394,18.926161492402667,19.152550623704872,4783200,8563.0,5.822615623474121,163774.64301872253,163780.465634346,63.78046563434601,-0.8903630204649127
2017-11-10,19.13282012939453,19.14559089306569,19.055035213034863,19.099150947214756,2346400,8563.0,5.822615623474121,163834.33876800537,163840.16138362885,63.840161383628846,0.03644863815206456
2017-11-13,19.12932777404785,19.14093642606934,19.04225491212808,19.072439533186248,1976000,8563.0,5.822615623474121,163804.43372917175,163810.25634479523,63.81025634479522,-0.01825256919980589
2017-11-14,19.09566307067871,19.11888215164904,18.993498760108807,19.078249202826544,4284000,8563.0,5.822615623474121,163516.1628742218,163521.98548984528,63.521985489845264,-0.175978514033448
2017-11-15,18.95054626464844,19.024848404943317,18.890176993567,19.003951758377298,3724000,8563.0,5.822615623474121,162273.5276641846,162279.35027980807,62.279350279808064,-0.759919350486582
2017-11-16,19.211759567260746,19.25471672561333,19.068960541418697,19.08057096724421,4862400,8563.0,5.822615623474121,164510.29717445376,164516.11979007724,64.51611979007723,1.3783451230316324
2017-11-17,19.11423683166504,19.19898726457328,19.094500526549535,19.196666596796483,2453600,8563.0,5.822615623474121,163675.20998954773,163681.0326051712,63.6810326051712,-0.5076020428706918
2017-11-20,19.18157768249512,19.201313992018264,19.13049463596344,19.14442573174389,2966400,8563.0,5.822615623474121,164251.84969520572,164257.6723108292,64.2576723108292,0.3522947628568307
2017-11-21,19.417255401611328,19.42073817565823,19.26632869740293,19.27909945940908,2856800,8563.0,5.822615623474121,166269.9580039978,166275.78061962128,66.27578061962127,1.2286234672637786
2017-11-22,19.36617851257324,19.431192677461784,19.34528186164612,19.431192677461784,2832000,8563.0,5.822615623474121,165832.58660316464,165838.40921878812,65.83840921878812,-0.26303975191294127
2017-11-24,19.47762489318848,19.486912880411275,19.39403477968572,19.407965874768703,1537600,8563.0,5.822615623474121,166786.90196037295,166792.72457599643,66.79272457599643,0.5754489335153323
2017-11-27,19.456727981567383,19.496200601685647,19.403324265290333,19.46253319546773,2608800,8563.0,5.822615623474121,166607.9617061615,166613.78432178497,66.61378432178498,-0.10728300929572221
2017-11-28,19.505491256713867,19.53103278416577,19.39868203805262,19.495042933166125,3306400,8563.0,5.822615623474121,167025.52163124084,167031.34424686432,67.03134424686432,0.2506154738511235
2017-11-29,18.999303817749023,19.497361738712144,18.85998754857491,19.48575131148827,7084000,8563.0,5.822615623474121,162691.0385913849,162696.86120700836,62.69686120700837,-2.5950117682402185
2017-11-30,19.15719413757324,19.21059961733511,19.00278468281875,19.095662776772876,3742400,8563.0,5.822615623474121,164043.05340003964,164048.87601566312,64.04887601566311,0.8310023921939802
2017-12-01,19.051544189453125,19.146742937097777,18.75317364537353,19.05734763010673,9050400,8563.0,5.822615623474121,163138.3728942871,163144.19550991058,63.144195509910595,-0.5514701031332669
2017-12-04,18.681196212768555,19.19782826947336,18.66726334762554,19.169964310689576,6482400,8563.0,5.822615623474121,159967.08316993713,159972.9057855606,59.972905785560606,-1.9438569140863615
2017-12-05,18.724151611328125,18.938932086441543,18.57438704008579,18.657977144989214,11914400,8563.0,5.822615623474121,160334.91024780273,160340.7328634262,60.340732863426204,0.2299308598911587
2017-12-06,18.843727111816406,18.88319971551671,18.60108450662698,18.63243123144867,10682400,8563.0,5.822615623474121,161358.8352584839,161364.65787410736,61.364657874107365,0.6385931961239821
2017-12-07,18.979568481445312,19.01323765921873,18.857666075356573,18.857666075356573,6937600,8563.0,5.822615623474121,162522.0449066162,162527.86752223969,62.52786752223969,0.7208577537714866
2017-12-08,19.051544189453125,19.172284453380936,19.01787502185168,19.049221750290464,3776000,8563.0,5.822615623474121,163138.3728942871,163144.19550991058,63.144195509910595,0.3792137293541664
2017-12-11,19.20363426208496,19.21059980918818,19.05038513980484,19.05038513980484,3516800,8563.0,5.822615623474121,164440.72018623352,164446.542801857,64.44654280185699,0.7982798823310322
2017-12-12,19.154874801635746,19.24426835678737,19.117722852869544,19.19783019233204,2660800,8563.0,5.822615623474121,164023.1929264069,164029.01554203036,64.02901554203035,-0.25389847224074336
2017-12-13,19.174610137939453,19.26632612811451,19.154873830471463,19.22337073959608,3497600,8563.0,5.822615623474121,164192.18661117554,164198.009226799,64.19800922679902,0.10302670183699458
2017-12-14,19.15680313110352,19.274371734554048,19.14399848904833,19.21267712543421,2433600,8563.0,5.822615623474121,164039.70521163943,164045.5278272629,64.04552782726292,-0.0928643412025143
2017-12-15,19.37681007385254,19.40823819850076,19.159131145401474,19.216170331952185,3888800,8563.0,5.822615623474121,165923.6246623993,165929.44727802277,65.92944727802276,1.1484125630925934
2017-12-18,19.55956268310547,19.5770227500083,19.49786807844596,19.513001320563163,3600000,8563.0,5.822615623474121,167488.53525543213,167494.3578710556,67.4943578710556,0.9431180653610927
2017-12-19,19.455963134765625,19.53395439791605,19.39776054051585,19.531625796809443,5018400,8563.0,5.822615623474121,166601.41232299805,166607.23493862152,66.60723493862153,-0.529643472001029
2017-12-20,19.435009002685547,19.53628093760951,19.33839249328136,19.530460323558263,4673600,8563.0,5.822615623474121,166421.98208999634,166427.8047056198,66.42780470561982,-0.10769654335107681
2017-12-21,19.386117935180664,19.506016904930945,19.36865786862592,19.473421820358592,3453600,8563.0,5.822615623474121,166003.32787895203,166009.1504945755,66.0091504945755,-0.25155304534890677
2017-12-22,19.36283493041992,19.42452952644482,19.322094187947904,19.382623595540935,2173600,8563.0,5.822615623474121,165803.95550918576,165809.77812480924,65.80977812480924,-0.12009721703429843
2017-12-26,19.227807998657227,19.24759844356956,19.143997897850497,19.24759844356956,2616000,8563.0,5.822615623474121,164647.71989250183,164653.5425081253,64.6535425081253,-0.6973265568292364
2017-12-27,19.258075714111328,19.288340425329963,19.212677759182217,19.22664581417508,2235200,8563.0,5.822615623474121,164906.9023399353,164912.72495555878,64.91272495555877,0.15741079328475127
2017-12-28,19.27552604675293,19.31743196676708,19.246424762748703,19.31743196676708,3792000,8563.0,5.822615623474121,165056.32953834534,165062.1521539688,65.06215215396882,0.09060986558211415
2017-12-29,19.17541885375977,19.319761871601592,19.169598241325534,19.3092858349409,3431200,8563.0,5.822615623474121,164199.1116447449,164204.93426036838,64.20493426036838,-0.5193303749007394
2018-01-02,19.43733787536621,19.43966647647247,19.2184973288378,19.262730092643405,9135200,8563.0,5.822615623474121,166441.92422676086,166447.74684238434,66.44774684238435,1.3658618677436785
2018-01-03,19.63987922668457,19.661996491827978,19.474584108509944,19.47574752070629,5599200,8563.0,5.822615623474121,168176.28581809998,168182.10843372345,68.18210843372346,1.04198562265998
2018-01-04,19.752796173095703,19.807506752269987,19.699249006341365,19.73184231612151,4270400,8563.0,5.822615623474121,169143.1936302185,169149.01624584198,69.14901624584198,0.5749171663521846
2018-01-05,19.96349334716797,19.97862659272556,19.815658234374094,19.855237355355293,5935200,8563.0,5.822615623474121,170947.39353179932,170953.2161474228,70.95321614742278,1.0666333991316668
2018-01-08,20.05893898010254,20.07989105732459,19.940205213905315,19.9751271188106,5086400,8563.0,5.822615623474121,171764.69448661804,171770.51710224152,71.77051710224151,0.4780845738017181
2018-01-09,20.007722854614254,20.10666619163501,19.959996304650204,20.09502673938661,4617600,8563.0,5.822615623474121,171326.13080406186,171331.95341968533,71.33195341968535,-0.2553195332672509
2018-01-10,19.94254302978516,19.95185388427393,19.841269281142143,19.905292507019293,3386400,8563.0,5.822615623474121,170767.99596405032,170773.8185796738,70.7738185796738,-0.3257622579276642
2018-01-11,20.07291030883789,20.07291030883789,19.9541765232553,19.9914270348899,3699200,8563.0,5.822615623474121,171884.33097457886,171890.15359020233,71.89015359020232,0.653692129047112
2018-01-12,20.18815040588379,20.20910426283373,20.021691843713672,20.047301126540177,3981600,8563.0,5.822615623474121,172871.1319255829,172876.95454120636,72.87695454120635,0.5740881198795345
2018-01-16,20.097360610961918,20.38371823495128,20.040323189680635,20.319695008428997,5488000,8563.0,5.822615623474121,172093.6989116669,172099.52152729037,72.09952152729038,-0.4497030943072744
2018-01-17,20.4046630859375,20.417467726701037,20.150900647790117,20.21608726396735,3756800,8563.0,5.822615623474121,174725.1300048828,174730.9526205063,74.73095262050629,1.5290170884052268
2018-01-18,20.44540786743164,20.495463023655013,20.362759399519582,20.4081591295884,4218400,8563.0,5.822615623474121,175074.02756881714,175079.8501844406,75.07985018444062,0.19967702270362597
2018-01-19,20.48847770690918,20.518744194340837,20.393026370753688,20.47683825314512,3587200,8563.0,5.822615623474121,175442.8346042633,175448.65721988678,75.44865721988678,0.21065076024320284
2018-01-22,20.646785736083984,20.646785736083984,20.42678002196295,20.479161996524716,3824000,8563.0,5.822615623474121,176798.42625808716,176804.24887371063,76.80424887371062,0.7726429345793706
2018-01-23,20.772510528564453,20.79113578949253,20.68404320346005,20.68753521785873,4268000,8563.0,5.822615623474121,177875.0076560974,177880.8302717209,77.88083027172088,0.6089114966797204
2018-01-24,20.58742332458496,20.840022390306306,20.500119426359515,20.806265664521504,5635200,8563.0,5.822615623474121,176290.10592842102,176295.9285440445,76.2959285440445,-0.8909907409670792
2018-01-25,20.533876419067383,20.735258692457577,20.481494434691665,20.708484217788037,5583200,8563.0,5.822615623474121,175831.583776474,175837.40639209747,75.83740639209748,-0.2600866371298305
2018-01-26,20.858646392822266,20.858646392822266,20.633983451285072,20.66657676256473,3272000,8563.0,5.822615623474121,178612.58906173706,178618.41167736053,78.61841167736054,1.5815777440789436
2018-01-29,20.686368942260746,20.82488963871097,20.64446299907341,20.82372622613997,4627200,8563.0,5.822615623474121,177137.37725257876,177143.19986820224,77.14319986820225,-0.8259013140386573
2018-01-30,20.47916603088379,20.599065021267855,20.420963430748905,20.497791289215527,6538400,8563.0,5.822615623474121,175363.0987224579,175368.92133808136,75.36892133808135,-1.001606909800079
2018-01-31,20.62350845336914,20.66075896883097,20.4931352016574,20.597899168039717,6596800,8563.0,5.822615623474121,176599.10288619995,176604.92550182343,76.60492550182343,0.7048022844134749
2018-02-01,20.608375549316406,20.753882047359543,20.51990823793903,20.53154946826343,3925600,8563.0,5.822615623474121,176469.5198287964,176475.34244441986,76.47534244441987,-0.07337454322712267
2018-02-02,20.028676986694336,20.39768123099927,20.01936435822012,20.387205190041623,6180800,8563.0,5.822615623474121,171505.5610370636,171511.38365268707,71.51138365268707,-2.8128342027703757
2018-02-05,19.245267868041992,20.18814872335551,19.22431401283839,19.81681770572313,13896800,8563.0,5.822615623474121,164797.22875404358,164803.05136966705,64.80305136966706,-3.9113043928352242
2018-02-06,19.731843948364254,19.7725864770608,18.81224361912129,18.950766085246755,13516000,8563.0,5.822615623474121,168963.7797298431,168969.60234546658,68.96960234546658,2.528200140210757
2018-02-07,19.51067352294922,19.89597440888868,19.504852908341228,19.70157795915677,10808000,8563.0,5.822615623474121,167069.89737701416,167075.71999263763,67.07571999263764,-1.120842048830073
2018-02-08,18.70747375488281,19.602627929385022,18.694669116433406,19.585167866136626,7523200,8563.0,5.822615623474121,160192.0977630615,160197.92037868497,60.19792037868497,-4.1165763728300835
2018-02-09,19.15913200378418,19.275537207199164,18.387366712960475,18.985689387465413,10192800,8563.0,5.822615623474121,164059.64734840393,164065.4699640274,64.0654699640274,2.414232080042056
2018-02-12,19.50136375427246,19.6142769446554,19.21849996011069,19.34770980806424,6020800,8563.0,5.822615623474121,166990.17782783508,166996.00044345856,66.99600044345854,1.7861957668933615
2018-02-13,19.56189346313477,19.601470803324545,19.3407225259168,19.381465054831303,4084800,8563.0,5.822615623474121,167508.49372482303,167514.3163404465,67.51431634044651,0.3103762339286886
2018-02-14,19.961162567138672,19.98910045368764,19.38612061313928,19.45247242761721,4979200,8563.0,5.822615623474121,170927.43506240845,170933.25767803192,70.93325767803191,2.040984563156356
2018-02-15,20.346458435058597,20.346458435058597,19.91808827146157,20.149735194097005,5687200,8563.0,5.822615623474121,174226.72357940677,174232.54619503024,74.23254619503024,1.9301618431755596
2018-02-16,20.295246124267575,20.501282037156464,20.207942229456336,20.28826032067276,7195200,8563.0,5.822615623474121,173788.19256210324,173794.01517772672,73.79401517772672,-0.2516929396260137
2018-02-20,20.345293045043945,20.500112115831453,20.17068531085977,20.183489949081345,12955200,8563.0,5.822615623474121,174216.7443447113,174222.56696033478,74.22256696033477,0.24658604162508535
2018-02-21,20.24402618408203,20.604881192474696,20.239368982000894,20.429110002258412,4133600,8563.0,5.822615623474121,173349.59621429443,173355.4188299179,73.35541882991792,-0.4977243450983604
2018-02-22,20.25100517272949,20.42910491967669,20.195131195071987,20.31386317556897,3287200,8563.0,5.822615623474121,173409.3572940826,173415.1799097061,73.4151799097061,0.034473153589043015
2018-02-23,20.6630859375,20.6630859375,20.368580930367187,20.409323459911427,3156000,8563.0,5.822615623474121,176938.0048828125,176943.82749843597,76.94382749843598,2.0347974096426746
2018-02-26,20.971553802490234,20.97620922730609,20.753874948061707,20.7573687369258,7978400,8563.0,5.822615623474121,179579.41521072388,179585.23782634735,79.58523782634734,1.4927959710460792
2018-02-27,20.779489517211918,21.07865170362225,20.779489517211918,20.99134781242577,10240800,8563.0,5.822615623474121,177934.76873588565,177940.59135150912,77.94059135150913,-0.9158027100359734
2018-02-28,20.643291473388672,20.989014954506143,20.643291473388672,20.884251016798604,3654400,8563.0,5.822615623474121,176768.5048866272,176774.32750225067,76.77432750225066,-0.6554231614048001
2018-03-01,20.31852531433105,20.7690128100637,20.143917537541387,20.701497589894103,10119200,8563.0,5.822615623474121,173987.5322666168,173993.35488224027,73.99335488224025,-1.5731767498733618
2018-03-02,20.54551124572754,20.57810454923368,20.01586739945001,20.08687461984592,5247200,8563.0,5.822615623474121,175931.21279716492,175937.0354127884,75.9370354127884,1.1171004386136607
2018-03-05,20.75620460510254,20.821391213053168,20.396513072959483,20.436090402614955,3785600,8563.0,5.822615623474121,177735.38003349304,177741.20264911652,77.74120264911653,1.0254618830510154
2018-03-06,20.826047897338867,20.90753115525448,20.71662676119427,20.86213321325851,52516000,8563.0,5.822615623474121,178333.44814491272,178339.2707605362,78.3392707605362,0.33648253894194013
2018-03-07,20.957582473754883,20.97969973649916,20.61535282395947,20.671226798754407,5213600,8563.0,5.822615623474121,179459.77872276306,179465.60133838654,79.46560133838653,0.6315662125605082
2018-03-08,21.03907585144043,21.077489779423495,20.9180134524267,21.025106020045097,4468000,8563.0,5.822615623474121,180157.6065158844,180163.42913150787,80.16342913150787,0.3888365168128072
2018-03-09,21.454639434814453,21.454639434814453,21.176431112783344,21.19621978115518,5372000,8563.0,5.822615623474121,183716.07748031616,183721.90009593964,83.72190009593963,1.975135010243556
2018-03-12,21.53030204772949,21.60945671451356,21.452309017065996,21.52331624518794,6228800,8563.0,5.822615623474121,184363.9764347076,184369.7990503311,84.36979905033108,0.3526519995999955
2018-03-13,21.26955986022949,21.69327474854,21.197389199273,21.629251528561245,6681600,8563.0,5.822615623474121,182131.2410831451,182137.0636987686,82.13706369876859,-1.2110092667362404
2018-03-14,21.27421188354492,21.3964376882772,21.165955909429236,21.37082840438273,3964000,8563.0,5.822615623474121,182171.07635879514,182176.8989744186,82.17689897441862,0.021871043071119978
2018-03-15,21.27887535095215,21.39877258984927,21.17876678703581,21.287022793025287,3104800,8563.0,5.822615623474121,182211.00963020325,182216.83224582672,82.21683224582672,0.021920052231050313
2018-03-16,21.25414276123047,21.380119315433618,21.223813556059064,21.31479761180741,2503200,8563.0,5.822615623474121,181999.2244644165,182005.04708003998,82.00504708003997,-0.11622700448498113
2018-03-19,20.8365478515625,21.071006484369125,20.648747068706097,21.071006484369125,5984800,8563.0,5.822615623474121,178423.3592529297,178429.18186855316,78.42918186855317,-1.9647066215225717
2018-03-20,20.85753631591797,20.92519142144728,20.73622487902967,20.779383464672637,3238400,8563.0,5.822615623474121,178603.08347320557,178608.90608882904,78.60890608882904,0.10072579966671213
2018-03-21,20.766550064086918,21.025505109911624,20.701228391245024,20.819040566914715,3920800,8563.0,5.822615623474121,177823.96819877627,177829.79081439975,77.82979081439976,-0.436213003869923
2018-03-22,20.208986282348636,20.63007980508378,20.198488534828325,20.49710299684545,5284000,8563.0,5.822615623474121,173049.54953575137,173055.37215137485,73.05537215137485,-2.684824989761103
2018-03-23,19.670080184936523,20.252144498463743,19.666580935828215,20.176325061273715,6452800,8563.0,5.822615623474121,168434.89662361145,168440.71923923492,68.44071923923491,-2.6665759373845965
2018-03-26,20.41661262512207,20.43527647023817,19.78905462718052,20.059675041717263,4456800,8563.0,5.822615623474121,174827.4539089203,174833.27652454376,74.83327652454376,3.7951377280867282
2018-03-27,19.723737716674805,20.55892629873423,19.57559808244909,20.55542704941442,7929600,8563.0,5.822615623474121,168894.36606788635,168900.18868350983,68.90018868350982,-3.393568981246553
2018-03-28,19.52894592285156,19.829893938564005,19.415798738576147,19.668921288794166,6789600,8563.0,5.822615623474121,167226.3639373779,167232.18655300137,67.23218655300138,-0.9875667656203735
2018-03-29,19.946531295776367,20.1471632149432,19.535935533309065,19.671245763422984,4537600,8563.0,5.822615623474121,170802.14748573303,170807.9701013565,70.80797010135652,2.1382149106935477
2018-04-02,19.46595001220703,19.95469866806137,19.23965573222728,19.861381200662763,7639200,8563.0,5.822615623474121,166686.9299545288,166692.75257015228,66.69275257015228,-2.409265521253068
2018-04-03,19.642087936401367,19.693412639042016,19.33880657346092,19.62225826126891,5156000,8563.0,5.822615623474121,168195.1989994049,168201.02161502838,68.2010216150284,0.9048198086724524
2018-04-04,19.902204513549805,19.9616953056601,19.202326243132077,19.25715018337206,4648800,8563.0,5.822615623474121,170422.57724952698,170428.39986515045,70.42839986515045,1.3242358629782958
2018-04-05,19.98619079589844,20.130832951285587,19.852048167670933,20.079508258087483,3403200,8563.0,5.822615623474121,171141.75178527835,171147.57440090182,71.14757440090183,0.42198045414989505
2018-04-06,19.503273010253903,19.962859999957026,19.406456308067717,19.780891944718352,3950400,8563.0,5.822615623474121,167006.52678680417,167012.34940242764,67.01234940242765,-2.416175054159808
2018-04-09,19.636249542236328,20.02468216878484,19.619919121595355,19.647914891215176,3306400,8563.0,5.822615623474121,168145.20483016968,168151.02744579315,68.15102744579316,0.6817927221787645
2018-04-10,20.11916732788086,20.20081943873166,19.85904639621241,19.951196254197768,4978400,8563.0,5.822615623474121,172280.4298286438,172286.25244426727,72.28625244426728,2.4592326679699905
2018-04-11,20.036352157592773,20.21948607576908,19.936036184744477,19.99785863290744,3116000,8563.0,5.822615623474121,171571.28352546692,171577.1061410904,71.57710614109038,-0.41160933801510646
2018-04-12,20.28597640991211,20.376960462027476,20.133169906484586,20.164663153836383,2426400,8563.0,5.822615623474121,173708.8159980774,173714.63861370087,73.71463861370087,1.2458145032780532
2018-04-13,20.20548439025879,20.432944456192853,20.11333276105835,20.40961553812722,3796000,8563.0,5.822615623474121,173019.562833786,173025.38544940948,73.02538544940948,-0.39677321945452704
2018-04-16,20.345457077026367,20.430608418024963,20.20898105491668,20.3372927576944,2748000,8563.0,5.822615623474121,174218.14895057678,174223.97156620026,74.22397156620026,0.692722697121928
2018-04-17,20.76772117614746,20.82954539642095,20.49126981893201,20.528597515709777,3832800,8563.0,5.822615623474121,177833.9964313507,177839.81904697418,77.83981904697418,2.075401822303191
2018-04-18,20.73273086547852,20.802717634472653,20.58692287188731,20.75489218540288,3199200,8563.0,5.822615623474121,177534.37440109256,177540.19701671603,77.54019701671604,-0.1684785959993662
2018-04-19,20.488937377929688,20.61141644153147,20.41428376066769,20.607917192275647,3040800,8563.0,5.822615623474121,175446.7707672119,175452.5933828354,75.45259338283539,-1.1758484382464074
2018-04-20,20.201988220214844,20.445778743935424,20.126167000093847,20.436446819310564,6593600,8563.0,5.822615623474121,172989.6251296997,172995.44774532318,72.99544774532319,-1.400461281384846
2018-04-23,20.118003845214844,20.340798886362432,20.02585219662668,20.28714076162825,2988000,8563.0,5.822615623474121,172270.4669265747,172276.28954219818,72.27628954219819,-0.4157093221225816
2018-04-24,19.737735748291016,20.26964298340254,19.588426736794045,20.20782054124421,5121600,8563.0,5.822615623474121,169014.23121261597,169020.05382823944,69.02005382823944,-1.8901241271284452
2018-04-25,19.706241607666016,19.79022715169317,19.45661840177494,19.78206104996816,4559200,8563.0,5.822615623474121,168744.5468864441,168750.36950206757,68.75036950206757,-0.15955759098617017
2018-04-26,20.106340408325195,20.183327463363923,19.90804187434175,19.97103193023995,2740000,8563.0,5.822615623474121,172170.59291648865,172176.41553211212,72.17641553211212,2.0302450537760697
2018-04-27,20.021190643310547,20.31280668145005,19.917375404928205,20.29880968118193,3090400,8563.0,5.822615623474121,171441.4554786682,171447.2780942917,71.44727809429168,-0.42348276072947666
2018-04-30,19.941864013671875,20.215981912703928,19.882373226398094,20.070173951554217,4079200,8563.0,5.822615623474121,170762.18154907227,170768.00416469574,70.76800416469572,-0.3961998913872278
2018-05-01,20.18215751647949,20.19848793876781,19.850880438815352,19.89637423649267,2947200,8563.0,5.822615623474121,172819.81481361386,172825.63742923734,72.82563742923733,1.2049290349245512
2018-05-02,20.1879940032959,20.407288032589747,20.162331652014245,20.30113937773226,3120800,8563.0,5.822615623474121,172869.79265022278,172875.61526584625,72.87561526584625,0.028918068726557777
2018-05-03,20.250974655151367,20.32096318318842,19.91853181679865,20.114498627373088,3070400,8563.0,5.822615623474121,173409.09597206116,173414.91858768463,73.41491858768462,0.3119603195679499
2018-05-04,20.63241195678711,20.67207129822486,20.155326916979245,20.16582644373364,4048800,8563.0,5.822615623474121,176675.34358596802,176681.1662015915,76.6811662015915,1.8834870958667427
2018-05-07,20.810884475708008,20.89603584862288,20.69190465034398,20.721066250098108,5992000,8563.0,5.822615623474121,178203.60376548767,178209.42638111115,78.20942638111114,0.8649819402798853
2018-05-08,20.890193939208984,20.897192435275382,20.69539475253878,20.77821444238255,5102400,8563.0,5.822615623474121,178882.73070144653,178888.55331707,78.88855331707,0.3810836215288216
2018-05-09,21.164316177368164,21.16781542583284,20.884363841018363,20.946188050286203,4032000,8563.0,5.822615623474121,181230.0394268036,181235.86204242706,81.23586204242706,1.3121626184748658
2018-05-10,21.416278839111328,21.42560898441677,21.209814221544438,21.23664239403373,4616800,8563.0,5.822615623474121,183387.5956993103,183393.41831493378,83.39341831493378,1.1904687340531073
2018-05-11,21.35445213317871,21.43493663459467,21.278630923602684,21.381280300317364,3166400,8563.0,5.822615623474121,182858.1736164093,182863.99623203278,82.86399623203278,-0.28868107032710144
2018-05-14,21.32762718200684,21.50959527980226,21.296133935768797,21.426777333184425,6256800,8563.0,5.822615623474121,182628.47155952457,182634.29417514804,82.63429417514804,-0.12561360443708036
2018-05-15,21.14215850830078,21.191149779258232,21.02901136589333,21.1899839560983,5376000,8563.0,5.822615623474121,181040.3033065796,181046.12592220306,81.04612592220306,-0.8695892850342224
2018-05-16,21.252973556518555,21.293800508149904,21.12349598234372,21.16898800678986,2639200,8563.0,5.822615623474121,181989.21256446838,181995.03518009186,81.99503518009186,0.5241256906521885
2018-05-17,21.147994995117188,21.31829776105863,21.04767900892098,21.17248974506897,2608800,8563.0,5.822615623474121,181090.28114318848,181096.10375881195,81.09610375881195,-0.4939318374209356
2018-05-18,21.066335678100582,21.182982051113584,21.054670328846324,21.10599501775323,2235200,8563.0,5.822615623474121,180391.0324115753,180396.85502719876,80.39685502719875,-0.38612025167833464
2018-05-21,21.23080825805664,21.36495267104218,21.125827221705016,21.25530478247608,2880000,8563.0,5.822615623474121,181799.411113739,181805.2337293625,81.80523372936248,0.780711338870832
2018-05-22,21.18065071105957,21.359119536953656,21.14215719058873,21.32645869168432,2114400,8563.0,5.822615623474121,181369.9120388031,181375.73465442657,81.37573465442658,-0.23624131501917
2018-05-23,21.34395408630371,21.34395408630371,20.99751419576319,21.018511469674817,2529600,8563.0,5.822615623474121,182768.27884101868,182774.10145664215,82.77410145664214,0.7709778845995441
2018-05-24,21.32878875732422,21.36844809463388,21.10249452226676,21.34161992879291,2330400,8563.0,5.822615623474121,182638.41812896729,182644.24074459076,82.64424074459076,-0.07104984295720485
2018-05-25,21.333457946777344,21.398779639633307,21.278634001726957,21.30313052648926,2542400,8563.0,5.822615623474121,182678.4003982544,182684.22301387787,82.68422301387788,0.021890791149026256
2018-05-29,21.213308334350582,21.33112052404378,21.067500375871845,21.235471428820524,2954400,8563.0,5.822615623474121,181649.55926704404,181655.3818826675,81.65538188266753,-0.5631800678990162
2018-05-30,21.369611740112305,21.41043867604785,21.28679382533852,21.324119733155435,2940000,8563.0,5.822615623474121,182987.98533058167,182993.80794620514,82.99380794620515,0.736794060085777
2018-05-31,21.34745407104492,21.52125782376694,21.32995782541765,21.371950594805668,2940800,8563.0,5.822615623474121,182798.24921035764,182804.0718259811,82.80407182598111,-0.1036844483173982
2018-06-01,21.733556747436523,21.733556747436523,21.481600111972057,21.481600111972057,16909600,8563.0,5.822615623474121,186104.44642829895,186110.26904392242,86.11026904392243,1.8086015179621606
2018-06-04,21.9155216217041,21.9353512919742,21.76504680041563,21.793042571322943,3601600,8563.0,5.822615623474121,187662.61164665222,187668.4342622757,87.66843426227568,0.8372268904654367
2018-06-05,22.03567123413086,22.046168982665023,21.9318560122332,21.971515359950786,5015200,8563.0,5.822615623474121,188691.45277786255,188697.27539348602,88.69727539348602,0.5482227926367544
2018-06-06,22.16282081604004,22.16282081604004,21.961022998556025,22.05900556867602,4140000,8563.0,5.822615623474121,189780.23464775085,189786.05726337433,89.78605726337432,0.5769992532313362
2018-06-07,21.91202735900879,22.177981013558732,21.770884429238365,22.177981013558732,4134400,8563.0,5.822615623474121,187632.69027519226,187638.51289081573,87.63851289081575,-1.13156066548048
2018-06-08,21.9155216217041,21.948182464488085,21.73238595763165,21.7743787240514,2836800,8563.0,5.822615623474121,187662.61164665222,187668.4342622757,87.66843426227568,0.015946284693368895
2018-06-11,21.91319274902344,21.977348624923376,21.8537037258523,21.920191248233827,3641600,8563.0,5.822615623474121,187642.66950988772,187648.4921255112,87.6484921255112,-0.010626260533841414
2018-06-12,22.060163497924805,22.07416227427762,21.926020868731413,21.95168321551525,2361600,8563.0,5.822615623474121,188901.1800327301,188907.00264835358,88.90700264835358,0.6706744661718833
2018-06-13,22.01700210571289,22.21646817946122,21.990173939262387,22.07299186435639,3336800,8563.0,5.822615623474121,188531.58903121948,188537.41164684296,88.53741164684297,-0.19564706248534902
2018-06-14,22.13481903076172,22.216472930268985,22.078829260145277,22.09865893349104,4594400,8563.0,5.822615623474121,189540.4553604126,189546.27797603607,89.54627797603607,0.5351013999719489
2018-06-15,22.050827026367188,22.075323545021057,21.9003540056946,22.07299011946302,2816000,8563.0,5.822615623474121,188821.23182678223,188827.0544424057,88.82705444240571,-0.3794448201833278
2018-06-18,22.08349609375,22.096325488360367,21.81404142939525,21.90036040142897,3100800,8563.0,5.822615623474121,189100.97705078125,189106.79966640472,89.10679966640474,0.14814891056003088
2018-06-19,21.930683135986328,21.931850738797888,21.63440214267091,21.80237319836061,4202400,8563.0,5.822615623474121,187792.43969345093,187798.2623090744,87.79826230907439,-0.6919567988240782
2018-06-20,21.99133682250977,22.08348843825541,21.95867598601012,21.98550414887438,3215200,8563.0,5.822615623474121,188311.81721115115,188317.63982677463,88.31763982677462,0.27656140760528025
2018-06-21,21.79654693603516,22.08233026741199,21.749889086787743,22.055502093088872,5245600,8563.0,5.822615623474121,186643.83141326907,186649.65402889255,86.64965402889256,-0.8857299822875753
2018-06-22,21.68106460571289,21.844370624658744,21.608744411253888,21.844370624658744,2446400,8563.0,5.822615623474121,185654.95621871948,185660.77883434296,85.66077883434295,-0.5298028542804145
2018-06-25,21.17948532104492,21.520092557163075,21.00801498993343,21.520092557163075,7468800,8563.0,5.822615623474121,181359.93280410764,181365.7554197311,81.3657554197311,-2.313371430184563
2018-06-26,21.29146385192871,21.43260675655364,21.21097756399142,21.25530375848037,4446400,8563.0,5.822615623474121,182318.80496406555,182324.62757968903,82.32462757968904,0.5286952642955312
2018-06-27,20.964862823486328,21.441948085319,20.957864322314776,21.35562908447548,4678400,8563.0,5.822615623474121,179522.12035751343,179527.9429731369,79.5279429731369,-1.5339039183446368
2018-06-28,21.204395294189453,21.272234604424444,20.933039837977866,20.933039837977866,6327200,8563.0,5.822615623474121,181573.2369041443,181579.05951976776,81.57905951976775,1.1425054577368865
2018-06-29,21.217262268066406,21.40674510257906,21.21141549767332,21.289781139062203,2836000,8563.0,5.822615623474121,181683.41680145264,181689.2394170761,81.68923941707611,0.06067874654696048
2018-07-02,21.439498901367188,21.439498901367188,21.014919062843997,21.05234839487777,4277600,8563.0,5.822615623474121,183586.42909240723,183592.2517080307,83.5922517080307,1.047399558201767
2018-07-03,21.200889587402344,21.543594964173693,21.188023478689523,21.521371523239853,2643200,8563.0,5.822615623474121,181543.21753692627,181549.04015254974,81.54904015254974,-1.1129072912784532
2018-07-05,21.47926521301269,21.49096232490265,21.264051918175618,21.33072045870801,4777600,8563.0,5.822615623474121,183926.94801902768,183932.77063465115,83.93277063465116,1.312995364832803
2018-07-06,21.735410690307617,21.77050023168442,21.452358150063663,21.51200912109448,2593600,8563.0,5.822615623474121,186120.32174110413,186126.1443567276,86.12614435672761,1.1924866430861103
2018-07-09,21.923725128173828,21.923725128173828,21.74359962884526,21.85588581664877,2747200,8563.0,5.822615623474121,187732.8582725525,187738.68088817596,87.73868088817596,0.8663675578847174
2018-07-10,21.968168258666992,22.04068533098515,21.923721389967167,21.95881092921818,6876800,8563.0,5.822615623474121,188113.42479896545,188119.24741458893,88.11924741458893,0.2027107704243747
2018-07-11,21.852378845214844,21.95413692854163,21.768164643589724,21.80910274719836,2871200,8563.0,5.822615623474121,187121.9200515747,187127.74266719818,87.12774266719818,-0.527061829673181
2018-07-12,22.2231559753418,22.22900453122841,21.920219698539128,21.95413846711561,2724000,8563.0,5.822615623474121,190296.88461685184,190302.7072324753,90.30270723247531,1.6966829824499818
2018-07-13,22.1950798034668,22.25824133959692,22.121393724286115,22.229000350392173,2560800,8563.0,5.822615623474121,190056.4683570862,190062.29097270968,90.06229097270968,-0.1263335993806569
2018-07-16,22.11788558959961,22.23367876798132,22.083965041690814,22.2009290019008,2884000,8563.0,5.822615623474121,189395.45430374146,189401.27691936493,89.40127691936493,-0.34778811197202497
2018-07-17,22.29800796508789,22.33075772920332,21.92372367181992,21.981034866657776,3102400,8563.0,5.822615623474121,190937.8422050476,190943.66482067108,90.94366482067109,0.8143492622612047
2018-07-18,22.28514289855957,22.30502655736245,22.19040237761066,22.300348784296983,2403200,8563.0,5.822615623474121,190827.6786403656,190833.50125598907,90.83350125598908,-0.05769427584071396
2018-07-19,22.26175117492676,22.334268260492436,22.21028674592076,22.2465452887036,2442400,8563.0,5.822615623474121,190627.37531089786,190633.19792652133,90.63319792652133,-0.10496235102821494
2018-07-20,22.246545791625977,22.36701853282787,22.21613580322061,22.33543954727446,2615200,8563.0,5.822615623474121,190497.17161369324,190502.9942293167,90.50299422931671,-0.06830064155709525
2018-07-23,22.334264755249023,22.35181041769015,22.08630176502214,22.198586151841496,2787200,8563.0,5.822615623474121,191248.3090991974,191254.13171482086,91.25413171482086,0.3942916952790698
2018-07-24,22.300350189208984,22.557670557501527,22.231341877593565,22.46994758298849,3508800,8563.0,5.822615623474121,190957.89867019653,190963.72128582,90.96372128582,-0.15184530990101086
2018-07-25,22.621997833251957,22.632524160340598,22.30034697309208,22.32490840296557,2319200,8563.0,5.822615623474121,193712.1674461365,193717.99006175998,93.71799006175998,1.4422994888215301
2018-07-26,22.543630599975582,22.62433421998348,22.46760296759282,22.514389614765623,3770400,8563.0,5.822615623474121,193041.1088275909,193046.9314432144,93.04693144321439,-0.346410066680769
2018-07-27,22.10501480102539,22.574039539631716,21.966996429149383,22.5716997611991,3990400,8563.0,5.822615623474121,189285.24174118042,189291.0643568039,89.2910643568039,-1.9455720214414773
2018-07-30,21.70850944519043,22.124900814178236,21.576339612943958,22.12373003247312,4684800,8563.0,5.822615623474121,185889.96637916565,185895.78899478912,85.89578899478911,-1.7936796824253975
2018-07-31,21.77401161193848,21.91670778847264,21.63482421148889,21.772840830091333,4324800,8563.0,5.822615623474121,186450.8614330292,186456.68404865268,86.45668404865268,0.30172552960803234
2018-08-01,22.024314880371094,22.0769483074697,21.88746725602333,21.93074335179109,3085600,8563.0,5.822615623474121,188594.20832061768,188600.03093624115,88.60003093624115,1.1495146438564863
2018-08-02,22.342456817626957,22.374035802781798,21.814948199776502,21.85003774578811,2952800,8563.0,5.822615623474121,191318.45772933963,191324.2803449631,91.3242803449631,1.4444586224076073
2018-08-03,22.39976119995117,22.402100978234063,22.21378898283915,22.365842446124816,2857600,8563.0,5.822615623474121,191809.15515518186,191814.97777080533,91.81497777080534,0.256474204401802
2018-08-06,22.53193664550781,22.534276424375943,22.356490709693105,22.389240474933583,2488000,8563.0,5.822615623474121,192940.97349548337,192946.79611110684,92.94679611110683,0.590057332047289
2018-08-07,22.621997833251957,22.678140029119596,22.562345076959875,22.605622951760218,2771200,8563.0,5.822615623474121,193712.1674461365,193717.99006175998,93.71799006175998,0.3996925402218299
2018-08-08,22.66527938842773,22.694520382765653,22.527262751822523,22.60913717902296,3417600,8563.0,5.822615623474121,194082.78740310666,194088.61001873013,94.08861001873015,0.19131932808718055
2018-08-09,22.68633270263672,22.78107323401693,22.665278259703022,22.68399292348218,4003200,8563.0,5.822615623474121,194263.06693267822,194268.8895483017,94.2688895483017,0.09288516701426719
2018-08-10,22.537784576416016,22.64889997574373,22.45123060797457,22.52725824889333,2946400,8563.0,5.822615623474121,192991.04932785034,192996.87194347382,92.99687194347382,-0.654771645519503
2018-08-13,22.495677947998047,22.733114636705643,22.48515162025712,22.57872135759203,3118400,8563.0,5.822615623474121,192630.49026870728,192636.31288433075,92.63631288433074,-0.18682119327232405
2018-08-14,22.643051147460938,22.66410558698017,22.45006133963076,22.57755161958472,3759200,8563.0,5.822615623474121,193892.446975708,193898.26959133148,93.89826959133147,0.65509803842565
2018-08-15,22.443038940429688,22.591581843089937,22.26759304948756,22.505029679117676,3533600,8563.0,5.822615623474121,192179.7424468994,192185.5650625229,92.18556506252288,-0.8833005742745259
2018-08-16,22.5810604095459,22.68164948019841,22.540124096961723,22.60913240067972,2669600,8563.0,5.822615623474121,193361.62028694153,193367.442902565,93.367442902565,0.6149670188068557
2018-08-17,22.66060256958008,22.700369895220646,22.443049491148685,22.50854903566932,3205600,8563.0,5.822615623474121,194042.73980331424,194048.5624189377,94.0485624189377,0.35224105265534433
2018-08-20,22.63954162597656,22.72024703614022,22.53310400431933,22.7155692634724,3512000,8563.0,5.822615623474121,193862.39494323728,193868.21755886075,93.86821755886075,-0.0929380036774563
2018-08-21,22.688671112060547,22.82200997065096,22.67229622713641,22.692179888492248,2760800,8563.0,5.822615623474121,194283.09073257446,194288.91334819794,94.28891334819794,0.21700090640666136
2018-08-22,22.80446434020996,22.841891880854952,22.61498328851013,22.648902052992412,2339200,8563.0,5.822615623474121,195274.6281452179,195280.45076084137,95.28045076084138,0.5103417356946416
2018-08-23,22.87697982788086,22.98107767779666,22.783408305717277,22.79159663934345,2604800,8563.0,5.822615623474121,195895.5782661438,195901.40088176727,95.90140088176726,0.31797863969822426
2018-08-24,23.13897705078125,23.14365482321944,22.94715625570904,22.94715625570904,2939200,8563.0,5.822615623474121,198139.06048583984,198144.88310146332,98.14488310146332,1.145209891097232
2018-08-27,23.31676483154297,23.346005819902203,23.18810376887103,23.24541674855731,3593600,8563.0,5.822615623474121,199661.45725250244,199667.27986812592,99.66727986812592,0.7683250472246828
2018-08-28,23.427886962890625,23.446601629153403,23.320280308972865,23.39396640719824,2707200,8563.0,5.822615623474121,200612.99606323242,200618.8186788559,100.61881867885592,0.4765622145793902
2018-08-29,23.652448654174805,23.667654537850765,23.430217876761272,23.430217876761272,31328000,8563.0,5.822615623474121,202535.91782569885,202541.74044132233,102.54174044132233,0.9584952075430975
2018-08-30,23.59514617919922,23.75187928867781,23.53081562509184,23.605674295128736,3841600,8563.0,5.822615623474121,202045.2367324829,202051.05934810638,102.05105934810636,-0.24226171462079504
2018-08-31,23.720291137695312,23.75888945816276,23.574086189589117,23.574086189589117,2654400,8563.0,5.822615623474121,203116.85301208496,203122.67562770844,103.12267562770843,0.530369047833501
2018-09-04,23.754209518432617,23.7647358461922,23.534318493631805,23.67818366053116,4084800,8563.0,5.822615623474121,203407.2961063385,203413.11872196198,103.41311872196198,0.1429890057109473
2018-09-05,23.384605407714844,23.73549731384776,23.261794668351143,23.73549731384776,4346400,8563.0,5.822615623474121,200242.3761062622,200248.19872188568,100.24819872188569,-1.555907514697863
2018-09-06,23.259456634521484,23.42788504765984,23.10038555374956,23.384607162374035,4081600,8563.0,5.822615623474121,199170.72716140747,199176.54977703094,99.17654977703094,-0.5351603418630946
2018-09-07,23.188112258911133,23.408005142996668,23.094540704955865,23.134308035349942,3655200,8563.0,5.822615623474121,198559.80527305603,198565.6278886795,98.5656278886795,-0.30672380309596514
2018-09-10,23.27349281311035,23.30273380882956,23.133136390603887,23.284020927963116,2818400,8563.0,5.822615623474121,199290.91895866394,199296.7415742874,99.29674157428741,0.3681975039596441
2018-09-11,23.420862197875977,23.48168216741016,23.133130093047903,23.1845945170601,4108000,8563.0,5.822615623474121,200552.843000412,200558.66561603546,100.55866561603546,0.633188496600523
2018-09-12,23.375244140625,23.40682311944473,23.10388694294965,23.40331434402032,3530400,8563.0,5.822615623474121,200162.21557617188,200168.03819179535,100.16803819179536,-0.19476965656919365
2018-09-13,23.645435333251957,23.744853631573864,23.51092570414097,23.52145381726907,3360800,8563.0,5.822615623474121,202475.8627586365,202481.68537425998,102.48168537425997,1.1558524544501791
2018-09-14,23.667659759521484,23.783452946206392,23.55303378529176,23.67467731208075,2982400,8563.0,5.822615623474121,202666.17052078247,202671.99313640594,102.67199313640596,0.09398764228685241
2018-09-17,23.309741973876957,23.669991110209025,23.284011549957828,23.640750126267083,2941600,8563.0,5.822615623474121,199601.32052230838,199607.14313793185,99.60714313793187,-1.512221768308819
2018-09-18,23.46297836303711,23.568245245776797,23.29571892033061,23.317942365176062,6394400,8563.0,5.822615623474121,200913.48372268677,200919.30633831024,100.91930633831025,0.6573728673986645
2018-09-19,23.347177505493164,23.54718667418294,23.25594575408477,23.48051635637685,4063200,8563.0,5.822615623474121,199921.88097953796,199927.70359516144,99.92770359516143,-0.4935328322700494
2018-09-20,23.59982109069824,23.64192819193697,23.408000248328168,23.49338344802138,6365600,8563.0,5.822615623474121,202085.26799964902,202091.0906152725,102.0910906152725,1.0820846642102921
2018-09-21,23.56239318847656,23.740178936098545,23.517948090117574,23.69222327642277,5593600,8563.0,5.822615623474121,201764.77287292478,201770.59548854825,101.77059548854825,-0.15858943892503863
2018-09-24,23.64910316467285,23.66318542058655,23.340494957803227,23.448449370492963,3504800,8563.0,5.822615623474121,202507.27039909363,202513.0930147171,102.51309301471711,0.3679909475268417
2018-09-25,23.657320022583008,23.70660344632964,23.569313525071863,23.651452564649578,2476800,8563.0,5.822615623474121,202577.6313533783,202583.45396900177,102.58345396900177,0.03474390383220172
2018-09-26,23.545848846435547,23.774665414542643,23.50947310874891,23.683138787299804,4165600,8563.0,5.822615623474121,201623.1036720276,201628.92628765106,101.62892628765108,-0.47117751358743964
2018-09-27,23.663185119628903,23.74649692628254,23.64088985600434,23.645582747584807,3102400,8563.0,5.822615623474121,202627.8541793823,202633.67679500577,102.63367679500578,0.49831664823791755
2018-09-28,23.76878929138184,23.795777443295755,23.61741893704265,23.629152059811307,2500800,8563.0,5.822615623474121,203532.1427021027,203537.96531772616,103.53796531772615,0.4462676377506636
2018-10-01,23.812206268310547,23.961231078781967,23.75940273734717,23.88847962681005,4048800,8563.0,5.822615623474121,203903.9222755432,203909.7448911667,103.9097448911667,0.18265858797408274
2018-10-02,23.78170394897461,23.938941806024676,23.724205721920377,23.81221222570917,5172000,8563.0,5.822615623474121,203642.73091506958,203648.55353069305,103.64855353069306,-0.12809165183009785
2018-10-03,23.88613510131836,23.98939662505968,23.846239254598917,23.8790948684263,3349600,8563.0,5.822615623474121,204536.9748725891,204542.7974882126,104.54279748821259,0.4391113720259021
2018-10-04,23.46605491638184,23.820428291815997,23.304124158339963,23.79578568162647,5644000,8563.0,5.822615623474121,200939.8282489777,200945.65086460116,100.94565086460116,-1.758627860665063
2018-10-05,23.157442092895508,23.528241414916952,22.91806343423329,23.45783729627844,6021600,8563.0,5.822615623474121,198297.17664146423,198302.9992570877,98.30299925708769,-1.3151076403709272
2018-10-08,22.853519439697266,23.0928980403004,22.596542051823736,23.05769509427097,6216000,8563.0,5.822615623474121,195694.6869621277,195700.50957775116,95.70050957775116,-1.3123803921707644
2018-10-09,22.913373947143555,23.050663878909575,22.79955205841074,22.84531536899941,5196000,8563.0,5.822615623474121,196207.22110939026,196213.04372501373,96.21304372501373,0.26189719606168893
2018-10-10,21.84907913208008,22.808937583168827,21.80683594221926,22.808937583168827,11228800,8563.0,5.822615623474121,187093.66460800174,187099.4872236252,87.09948722362522,-4.644725105106096
2018-10-11,21.543991088867188,22.11779337521218,21.38675145412791,21.75872536498376,15281600,8563.0,5.822615623474121,184481.19569396973,184487.0183095932,84.4870183095932,-1.3962993446954397
2018-10-12,22.208147048950195,22.277380192139237,21.79275714230041,22.128355345609457,9203200,8563.0,5.822615623474121,190168.36318016052,190174.185795784,90.174185795784,3.082692505034146
2018-10-15,21.890155792236328,22.19407121657442,21.85612560126572,22.15534813227886,5240800,8563.0,5.822615623474121,187445.40404891968,187451.22666454315,87.45122666454314,-1.4318237356172325
2018-10-16,22.57073402404785,22.639965373125765,22.118966615698263,22.16355714788252,5463200,8563.0,5.822615623474121,193273.19544792175,193279.01806354523,93.27901806354521,3.1089641304035354
2018-10-17,22.490943908691406,22.62706107646736,22.294982957555696,22.62706107646736,4528800,8563.0,5.822615623474121,192589.9526901245,192595.775305748,92.59577530574799,-0.3535007393159484
2018-10-18,22.036827087402344,22.39002584886825,21.9042300596824,22.39002584886825,8724000,8563.0,5.822615623474121,188701.35034942627,188707.17296504974,88.70717296504975,-2.019048618550978
2018-10-19,21.97346305847168,22.364212147256108,21.90305893026084,22.154170747589635,4030400,8563.0,5.822615623474121,188158.764169693,188164.58678531647,88.16458678531647,-0.2875281162914578
2018-10-22,22.15182113647461,22.28441816057285,21.93473773478238,22.064987417698376,6020800,8563.0,5.822615623474121,189686.04439163208,189691.86700725555,89.69186700725555,0.8116725086435128
2018-10-23,22.068510055541992,22.187024826968177,21.475932617417527,21.724697076073063,7120000,8563.0,5.822615623474121,188972.65160560608,188978.47422122955,88.97847422122955,-0.3760797957662154
2018-10-24,21.07814216613769,22.06850884490369,21.053499560501606,22.02626565702516,7926400,8563.0,5.822615623474121,180492.13136863706,180497.95398426053,80.49795398426053,-4.487558846009742
2018-10-25,21.755203247070312,21.864332223898984,21.32221282754666,21.35976133159224,8926400,8563.0,5.822615623474121,186289.8054046631,186295.62802028656,86.29562802028656,3.2120441855709947
2018-10-26,21.31868934631348,21.70005076842209,20.999520818759315,21.23068286428841,6912800,8563.0,5.822615623474121,182551.93687248233,182557.7594881058,82.5577594881058,-2.006417741469335
2018-10-29,20.966665267944336,21.76459113346588,20.548928082890985,21.628475790035992,7790400,8563.0,5.822615623474121,179537.55468940735,179543.37730503082,79.54337730503083,-1.6511936778405567
2018-10-30,21.23538017272949,21.26002098806645,20.817642972857723,20.9056494657688,7232800,8563.0,5.822615623474121,181838.5604190826,181844.3830347061,81.8443830347061,1.2815876387164193
2018-10-31,21.75403213500977,21.92535223358769,21.49940022360374,21.541643412945096,5440000,8563.0,5.822615623474121,186279.77717208865,186285.59978771213,86.28559978771213,2.4423172598949217
2018-11-01,22.052080154418945,22.06733518665424,21.62260981557045,21.803315699179223,5495200,8563.0,5.822615623474121,188831.96236228943,188837.7849779129,88.8377849779129,1.3700389043002748
2018-11-02,21.65076446533203,22.032125836570497,21.47944620585356,21.90891821056736,5134400,8563.0,5.822615623474121,185395.49611663818,185401.31873226166,85.40131873226167,-1.8197980060257413
2018-11-05,21.59914207458496,21.631997690242603,21.29874506064876,21.631997690242603,4059200,8563.0,5.822615623474121,184953.45358467102,184959.2762002945,84.95927620029448,-0.23842469675500189
2018-11-06,21.730566024780277,21.82561276161749,21.53812520968481,21.578021061357763,4181600,8563.0,5.822615623474121,186078.8368701935,186084.65948581698,86.08465948581699,0.6084492265766572
2018-11-07,22.353647232055664,22.36303480533291,21.942950301282988,21.962898223060936,4941600,8563.0,5.822615623474121,191414.28124809265,191420.10386371613,91.42010386371612,2.8672134460959064
2018-11-08,22.31258201599121,22.370080244260738,22.178812199024726,22.276206280135835,3847200,8563.0,5.822615623474121,191062.63980293274,191068.4624185562,91.06846241855622,-0.1837014180131602
2018-11-09,21.927696228027344,22.14829973343049,21.730562552090014,22.106056547087263,3705600,8563.0,5.822615623474121,187766.86280059814,187772.68541622162,87.77268541622163,-1.7249194140238733
2018-11-12,21.173185348510746,21.772802886695548,21.11686170426241,21.737599937604205,4714400,8563.0,5.822615623474121,181305.9861392975,181311.808754921,81.31180875492099,-3.4407968587014115
2018-11-13,21.18257713317871,21.541643346219672,21.126251687233548,21.20487239838658,6419200,8563.0,5.822615623474121,181386.4079914093,181392.23060703278,81.39223060703277,0.044355551171237906
2018-11-14,20.952587127685547,21.47123855020613,20.843459927675244,21.405527317017544,20489600,8563.0,5.822615623474121,179417.00357437134,179422.8261899948,79.42282618999481,-1.085715970550294
2018-11-15,21.47710418701172,21.52169471596418,20.86223151768005,20.980748072949137,16684000,8563.0,5.822615623474121,183908.44315338135,183914.26576900482,83.91426576900483,2.5032710020150617
2018-11-16,21.44659996032715,21.55455439613375,21.202528361352527,21.236556756896032,4176800,8563.0,5.822615623474121,183647.23546028137,183653.05807590485,83.65305807590484,-0.14202687975714
2018-11-19,20.601730346679688,21.35623834754196,20.546579478036985,21.323382739477758,6094400,8563.0,5.822615623474121,176412.61695861816,176418.43957424164,76.41843957424163,-3.939285616835797
2018-11-20,20.18281936645508,20.45622637854628,19.910585129515777,20.037314675281,13024000,8563.0,5.822615623474121,172825.48223495486,172831.30485057834,72.83130485057833,-2.033310538467681
2018-11-21,20.35296440124512,20.539537704402075,20.261437807602217,20.484388625588448,4322400,8563.0,5.822615623474121,174282.43416786197,174288.25678348544,74.28825678348545,0.8429907615213006
2018-11-23,20.216854095458984,20.4057748029955,20.11359434429715,20.152317422419205,1666400,8563.0,5.822615623474121,173116.92161941528,173122.74423503876,73.12274423503875,-0.668726952668175
2018-11-26,20.65571594238281,20.66041062593053,20.371748464649123,20.46444787399928,4443200,8563.0,5.822615623474121,176874.895614624,176880.71823024747,76.88071823024747,2.170699183295488
2018-11-27,20.67213630676269,20.717899607132576,20.401076620687515,20.519591375364254,3509600,8563.0,5.822615623474121,177015.50319480893,177021.3258104324,77.0213258104324,0.07949288175204128
2018-11-28,21.3937931060791,21.397313222643003,20.78478787357031,20.84228430444515,4894400,8563.0,5.822615623474121,183195.05036735535,183200.87298297882,83.20087298297882,3.4908489947498955
2018-11-29,21.22482109069824,21.38323171309935,21.099264293875983,21.33981574696299,3882400,8563.0,5.822615623474121,181748.14299964902,181753.9656152725,81.75396561527248,-0.789792834579317
2018-11-30,21.43486213684082,21.447769827985997,21.156762180027357,21.26588937657556,3400000,8563.0,5.822615623474121,183546.72447776794,183552.54709339142,83.55254709339141,0.9895693180780762
2018-12-03,21.886627197265625,22.00396918040913,21.653116006231286,21.960551429108367,10689600,8563.0,5.822615623474121,187415.18869018555,187421.01130580902,87.42101130580902,2.107551365358784
2018-12-04,21.0452880859375,21.761073200406678,21.012432469692847,21.744645392284347,5528000,8563.0,5.822615623474121,180210.8018798828,180216.6244955063,80.21662449550628,-3.84395898843356
2018-12-06,21.1086540222168,21.1086540222168,20.48204812106116,20.58648243792043,7357600,8563.0,5.822615623474121,180753.40439224246,180759.22700786593,80.75922700786593,0.3010834954203512
2018-12-07,20.3787841796875,21.120386451998275,20.283737449643787,21.027685272711047,5882400,8563.0,5.822615623474121,174503.52893066406,174509.35154628754,74.50935154628753,-3.457569256647919
2018-12-10,20.648670196533203,20.72376899877881,20.171087436106536,20.28842942652134,6880800,8563.0,5.822615623474121,176814.56289291382,176820.3855085373,76.8203855085373,1.3243037933338364
2018-12-11,20.65805435180664,21.000692692253097,20.50316209065469,20.97252997463555,6878400,8563.0,5.822615623474121,176894.91941452026,176900.74203014374,76.90074203014375,0.04544528130925318
2018-12-12,20.84346008300781,21.16497601786186,20.839939966239108,20.987790242015265,4840800,8563.0,5.822615623474121,178482.54869079587,178488.37130641934,78.48837130641935,0.8974689750058218
2018-12-13,20.84475517272949,21.063801824389977,20.73640976826043,20.96487799382885,3814400,8563.0,5.822615623474121,178493.6385440826,178499.4611597061,78.4994611597061,0.0062132077319976275
2018-12-14,20.358379364013672,20.71639202656629,20.328937615967384,20.598625034381136,5430400,8563.0,5.822615623474121,174328.80249404907,174334.62510967255,74.33462510967254,-2.333248528020593
2018-12-17,19.88730239868164,20.39605643732325,19.73891670256828,20.28771106916384,30304800,8563.0,5.822615623474121,170294.9704399109,170300.79305553436,70.30079305553436,-2.3138444537914027
2018-12-18,20.053361892700195,20.226479502946823,19.892021699646744,20.049829026938557,7756000,8563.0,5.822615623474121,171716.93788719177,171722.76050281525,71.72276050281525,0.834974060759186
2018-12-19,19.64588737487793,20.37368640829964,19.465702252263718,20.046294365843856,9553600,8563.0,5.822615623474121,168227.7335910797,168233.5562067032,68.2335562067032,-2.031882253636874
2018-12-20,19.31024742126465,19.763650908968465,19.025251610729512,19.57522306543364,12953600,8563.0,5.822615623474121,165353.64866828918,165359.47128391266,65.35947128391267,-1.7083898049799484
2018-12-21,18.713171005249023,19.508098060864384,18.623668754048587,19.246655241036823,11964800,8563.0,5.822615623474121,160240.8833179474,160246.70593357086,60.246705933570865,-3.0919095898435
2018-12-24,18.231502532958984,18.754388115501573,18.220903937983948,18.537697343433116,8798400,8563.0,5.822615623474121,156116.35618972778,156122.17880535126,56.12217880535126,-2.5738607880834707
2018-12-26,19.332630157470703,19.332630157470703,18.26566147983593,18.36458532347506,12259200,8563.0,5.822615623474121,165545.31203842163,165551.1346540451,65.5511346540451,6.03947236763176
2018-12-27,19.49161148071289,19.49161148071289,18.72848198213355,19.07589420068722,8209600,8563.0,5.822615623474121,166906.66910934448,166912.49172496796,66.91249172496796,0.8223181760534048
2018-12-28,19.451570510864254,19.77660670602365,19.289051514793872,19.611733664344545,9860800,8563.0,5.822615623474121,166563.7982845306,166569.62090015408,66.56962090015408,-0.20541951130825797
2018-12-31,19.64706802368164,19.705951521278127,19.479839106145427,19.621159140980648,7727200,8563.0,5.822615623474121,168237.8434867859,168243.66610240936,68.24366610240938,1.0050123144956569
2019-01-02,19.65884017944336,19.757765803672424,19.236057172506715,19.260789027809334,6889600,8563.0,5.822615623474121,168338.6484565735,168344.47107219696,68.34447107219697,0.059916056350228786
2019-01-03,18.68726348876953,19.19837354671603,18.666066294960444,19.165398936136448,5640800,8563.0,5.822615623474121,160019.0372543335,160024.85986995697,60.024859869956984,-4.942016301011753
2019-01-04,19.499853134155277,19.590534195029885,18.968724800137743,19.024073617211616,5855200,8563.0,5.822615623474121,166977.24238777164,166983.0650033951,66.9830650033951,4.34820260995239
2019-01-07,19.71772766113281,19.84727207804445,19.49043821698449,19.5340114313176,8864000,8563.0,5.822615623474121,168842.90196228024,168848.72457790372,68.84872457790372,1.1172747215238088
2019-01-08,19.90732765197754,19.98387726002745,19.66001809523045,19.910862314270883,34048000,8563.0,5.822615623474121,170466.44668388367,170472.26929950714,70.47226929950713,0.9615380428025455
2019-01-09,20.15581512451172,20.259450627632823,19.98858625164528,20.0097852395479,6369600,8563.0,5.822615623474121,172594.24491119385,172600.06752681732,72.60006752681731,1.248178507890807
2019-01-10,20.25002861022949,20.261806025136917,19.91910373691689,20.02038339538456,3222400,8563.0,5.822615623474121,173400.9949893951,173406.8176050186,73.40681760501859,0.46741005942880776
2019-01-11,20.238252639770508,20.25591696484272,20.107531243292566,20.147571578110377,3130400,8563.0,5.822615623474121,173300.15735435486,173305.97996997833,73.30597996997834,-0.058150905733089786
2019-01-14,20.038047790527344,20.1039987984648,19.968565714482835,20.05100222817812,4406400,8563.0,5.822615623474121,171585.80323028564,171591.62584590912,71.59162584590912,-0.9892065607696843
2019-01-15,20.333642959594727,20.368973405626512,20.0733771973744,20.07573303963816,3492000,8563.0,5.822615623474121,174116.98466300964,174122.80727863312,74.12280727863312,1.4751194414330149
2019-01-16,20.35484504699707,20.48556647088329,20.29125166642233,20.3666224641687,29172800,8563.0,5.822615623474121,174298.5381374359,174304.3607530594,74.3043607530594,0.10426748641592098
2019-01-17,20.51029396057129,20.615106481945794,20.244139483814035,20.28064875047897,4660800,8563.0,5.822615623474121,175629.64718437195,175635.46979999542,75.63546979999542,0.7636693890991308
2019-01-18,20.815317153930664,20.868311944289715,20.570361579423395,20.688128578879866,5026400,8563.0,5.822615623474121,178241.56078910828,178247.38340473175,78.24738340473174,1.4871219393842505
2019-01-22,20.47261047363281,20.692835938517245,20.3148031586326,20.66221537499264,8316000,8563.0,5.822615623474121,175306.96348571774,175312.78610134122,75.31278610134122,-1.6463620656507416
2019-01-23,20.520893096923828,20.70932095462638,20.306556363862644,20.552690679769643,4012000,8563.0,5.822615623474121,175720.40758895874,175726.2302045822,75.72623020458222,0.2358322586933248
2019-01-24,20.7317008972168,20.782341639223937,20.590380863376,20.590380863376,4652800,8563.0,5.822615623474121,177525.55478286746,177531.37739849093,77.53137739849095,1.0272497121272872
2019-01-25,21.053199768066406,21.10383869789621,20.81884287269329,20.885970901888548,5064000,8563.0,5.822615623474121,180278.54961395264,180284.3722295761,80.28437222957612,1.5507088782991563
2019-01-28,20.790584564208984,20.79647327337164,20.62100160040397,20.76232163539902,4514400,8563.0,5.822615623474121,178029.77562332153,178035.598238945,78.03559823894501,-1.2473482658649337
2019-01-29,20.582128524780277,20.82943801960435,20.54208639963466,20.816483584376837,4280800,8563.0,5.822615623474121,176244.7665576935,176250.58917331698,76.25058917331697,-1.0026135690191174
2019-01-30,21.173324584960938,21.22867520942777,20.782339145026224,20.891861574089425,6815200,8563.0,5.822615623474121,181307.1784210205,181313.00103664398,81.31300103664398,2.872280817370121
2019-01-31,21.21689224243164,21.33348036241852,21.04848458458932,21.102658167407508,5124800,8563.0,5.822615623474121,181680.24827194214,181686.0708875656,81.6860708875656,0.20576012133086685
2019-02-01,21.360578536987305,21.450080807987003,21.21690265657873,21.24163271969231,4124800,8563.0,5.822615623474121,182910.6340122223,182916.45662784576,82.91645662784578,0.6772042205929862
2019-02-04,21.69621086120605,21.69621086120605,21.38530609672906,21.391194805298788,3494400,8563.0,5.822615623474121,185784.65360450742,185790.4762201309,85.7904762201309,1.5712198045321202
2019-02-05,21.875213623046875,21.92231968998368,21.739782332867627,21.75155795111119,4258400,8563.0,5.822615623474121,187317.4542541504,187323.27686977386,87.32327686977386,0.8250157278389514
2019-02-06,21.95176124572754,22.005934839530617,21.806908383987658,21.899945291327043,3295200,8563.0,5.822615623474121,187972.93154716492,187978.7541627884,87.97875416278839,0.34991769520997806
2019-02-07,21.654991149902344,21.839884359492828,21.5136693474606,21.753914974026475,4116800,8563.0,5.822615623474121,185431.68921661377,185437.51183223724,85.43751183223725,-1.3518774192696537
2019-02-08,21.79513359069824,21.79513359069824,21.45478532869476,21.46891858677637,3611200,8563.0,5.822615623474121,186631.72893714902,186637.5515527725,86.63755155277248,0.6471396799267337
2019-02-11,21.80690574645996,21.98237914751001,21.75744384348192,21.88345534155393,3044800,8563.0,5.822615623474121,186732.53390693665,186738.35652256012,86.73835652256012,0.054011086701977185
2019-02-12,22.10250663757324,22.121349786240227,21.93292369051506,21.954120885029248,4640000,8563.0,5.822615623474121,189263.76433753964,189269.58695316312,89.26958695316311,1.3554957201828088
2019-02-13,22.13665771484375,22.27915474365156,22.10957181462912,22.20731861633913,3289600,8563.0,5.822615623474121,189556.20001220703,189562.0226278305,89.5620226278305,0.1545074828845916
2019-02-14,22.18848419189453,22.263855011192977,22.036563733054457,22.068361330925043,3239200,8563.0,5.822615623474121,189999.99013519287,190005.81275081635,90.00581275081633,0.23411341408672293
2019-02-15,22.358060836791992,22.375725164181677,22.22969346882844,22.367480613412205,3117600,8563.0,5.822615623474121,191452.07494544983,191457.8975610733,91.4578975610733,0.7642317828251421
2019-02-19,22.37572860717773,22.440500812542226,22.28033763063263,22.307423535791703,5238400,8563.0,5.822615623474121,191603.3640632629,191609.18667888638,91.60918667888637,0.07901952321649475
2019-02-20,22.407516479492188,22.4911300017118,22.29563824437783,22.394562044038047,8564000,8563.0,5.822615623474121,191875.5636138916,191881.38622951508,91.88138622951507,0.14205975994505682
2019-02-21,22.40281105041504,22.482893527485484,22.26737974856625,22.360414867726316,2730400,8563.0,5.822615623474121,191835.27102470398,191841.09364032745,91.84109364032747,-0.020998696110852144
2019-02-22,22.70193672180176,22.70193672180176,22.494665728164705,22.499377412737083,3096800,8563.0,5.822615623474121,194396.68414878848,194402.50676441196,94.40250676441195,1.3351743755624979
2019-02-25,22.807924270629883,22.963377502271857,22.793792812110063,22.886827909000523,7432000,8563.0,5.822615623474121,195304.2555294037,195310.07814502716,95.31007814502716,0.46685168608193717
2019-02-26,22.844438552856445,22.9056778863501,22.730204437119724,22.74198185405442,5792800,8563.0,5.822615623474121,195616.92732810974,195622.74994373322,95.62274994373321,0.16008994603642357
2019-02-27,22.844438552856445,22.858571812574382,22.60772756711394,22.763179048159035,3204800,8563.0,5.822615623474121,195616.92732810974,195622.74994373322,95.62274994373321,0.0
2019-02-28,22.771419525146484,22.85621188035695,22.70664733755777,22.76435379504248,2187200,8563.0,5.822615623474121,194991.66539382935,194997.48800945282,94.99748800945282,-0.31962639031515305
2019-03-01,22.91744804382324,22.964554102677376,22.72784319191677,22.94806680238033,3285600,8563.0,5.822615623474121,196242.1075992584,196247.93021488187,96.24793021488188,0.6412606737623339
2019-03-04,22.785551071166992,23.042283980127003,22.522931251752283,23.01401926262333,4511200,8563.0,5.822615623474121,195112.67382240295,195118.49643802643,95.11849643802644,-0.5755137267530741
2019-03-05,22.709009170532227,22.784379973159687,22.637171233888733,22.78084710717572,2874400,8563.0,5.822615623474121,194457.24552726746,194463.06814289093,94.46306814289093,-0.3359129488493595
2019-03-06,22.56180000305176,22.71136458246727,22.53118123277793,22.709008739528777,2557600,8563.0,5.822615623474121,193196.69342613223,193202.5160417557,93.20251604175571,-0.6482218516726146
2019-03-07,22.366304397583008,22.527644583501505,22.288577760301106,22.500558681532898,4147200,8563.0,5.822615623474121,191522.6645565033,191528.48717212677,91.52848717212676,-0.8664632862582011
2019-03-08,22.3686580657959,22.37690081908005,22.037733175062076,22.084839243209167,3620800,8563.0,5.822615623474121,191542.81901741028,191548.64163303375,91.54864163303375,0.010522957291914103
2019-03-11,22.85974502563477,22.873876486016005,22.45462638954779,22.45462638954779,4517600,8563.0,5.822615623474121,195747.99665451053,195753.819270134,95.753819270134,2.1953575871117126
2019-03-12,22.972803115844727,23.05641665610739,22.838547048359143,22.91274081260511,10649600,8563.0,5.822615623474121,196716.1130809784,196721.93569660187,96.72193569660186,0.49455812922449827
2019-03-13,23.11648178100586,23.255447764265,23.03286822403733,23.081153121431363,5201600,8563.0,5.822615623474121,197946.43349075317,197952.25610637665,97.95225610637665,0.6254108904622857
2019-03-14,23.162410736083984,23.22953878295093,23.095284486198693,23.16712242199482,2948800,8563.0,5.822615623474121,198339.72313308716,198345.54574871063,98.34554574871063,0.19867904012300652
2019-03-15,23.42267227172852,23.521596093902797,23.22246878485733,23.23071153821452,3789600,8563.0,5.822615623474121,200568.3426628113,200574.16527843478,100.57416527843479,1.123604526288502
2019-03-18,23.51217460632324,23.58519134893958,23.36143302999085,23.454469941669,4539200,8563.0,5.822615623474121,201334.7511539459,201340.57376956937,101.34057376956935,0.3821072818977811
2019-03-19,23.568700790405277,23.667624599278277,23.479196756393527,23.613451010430055,4298400,8563.0,5.822615623474121,201818.7848682404,201824.60748386386,101.82460748386384,0.240405450939285
2019-03-20,23.49686622619629,23.684115276173955,23.340235941334164,23.553393868325497,5781600,8563.0,5.822615623474121,201203.66549491882,201209.4881105423,101.20948811054231,-0.3047791748440498
2019-03-21,24.082386016845703,24.124909429917867,23.490601701393597,23.490601701393597,3813600,8563.0,5.822615623474121,206217.47146224976,206223.29407787323,106.2232940778732,2.4918337670917445
2019-03-22,23.47052001953125,24.04458515980351,23.46225252985784,23.9441839144891,7876000,8563.0,5.822615623474121,200978.0629272461,200983.88554286957,100.98388554286957,-2.5406482611150527
2019-03-25,23.37484741210937,23.513048072859768,23.210660117470084,23.400834045998277,4335200,8563.0,5.822615623474121,200158.81838989255,200164.64100551602,100.164641005516,-0.40761702618133944
2019-03-26,23.510683059692383,23.719756667348246,23.381932259346787,23.560295212593143,3634400,8563.0,5.822615623474121,201321.97904014587,201327.80165576935,101.32780165576935,0.5811019590724165
2019-03-27,23.363039016723636,23.624085959622334,23.136248007796222,23.55085186990742,4343200,8563.0,5.822615623474121,200057.7031002045,200063.52571582797,100.06352571582795,-0.6279688793816129
2019-03-28,23.46107292175293,23.55911306857739,23.308698401067453,23.425638244180195,3490400,8563.0,5.822615623474121,200897.16742897034,200902.9900445938,100.90299004459382,0.41959888778437815
2019-03-29,23.69849967956543,23.70794952914661,23.56147956420008,23.641800582078343,3306400,8563.0,5.822615623474121,202930.25275611877,202936.07537174225,102.93607537174223,1.0119736529043966
2019-04-01,24.030414581298828,24.05049483311161,23.801260715804005,23.948911216522397,6349600,8563.0,5.822615623474121,205772.44005966187,205778.26267528534,105.77826267528532,1.4005332951949168
2019-04-02,24.09892845153809,24.13318258009211,23.95954541952187,24.028055479004475,3756800,8563.0,5.822615623474121,206359.12433052066,206364.94694614413,106.36494694614412,0.28510507535217666
2019-04-03,24.30208969116211,24.42375354869074,24.208773573718368,24.24657296366371,4337600,8563.0,5.822615623474121,208098.79402542114,208104.61664104462,108.1046166410446,0.8430063926285314
2019-04-04,24.17215919494629,24.344615776350448,24.007971906890816,24.298548891280905,3371200,8563.0,5.822615623474121,206986.19918632507,206992.02180194855,106.99202180194854,-0.5346324637358513
2019-04-05,24.286731719970703,24.31389890305956,24.21349766017728,24.25365815733019,3260800,8563.0,5.822615623474121,207967.28371810913,207973.1063337326,107.97310633373263,0.4739721479327219
2019-04-08,24.38359260559082,24.387137875673183,24.11546060301174,24.23476155472592,4247200,8563.0,5.822615623474121,208796.7034816742,208802.52609729767,108.80252609729766,0.398811066578042
2019-04-09,24.27138328552246,24.376510386744915,24.226498751743204,24.27610911163053,5589600,8563.0,5.822615623474121,207835.85507392883,207841.6776895523,107.84167768955233,-0.4601708732669407
2019-04-10,24.465097427368164,24.467460340105987,24.291460289811724,24.30445360630827,4413600,8563.0,5.822615623474121,209494.6292705536,209500.45188617706,109.50045188617707,0.7980950765334116
2019-04-11,24.45328521728516,24.51588888382697,24.39540557360296,24.502895567995225,2858400,8563.0,5.822615623474121,209393.48131561282,209399.3039312363,109.39930393123629,-0.04828054260986869
2019-04-12,24.6115665435791,24.616290566520505,24.453285640615288,24.58794282412356,3100800,8563.0,5.822615623474121,210748.84431266785,210754.66692829132,110.75466692829133,0.6472624175962505
2019-04-15,24.6115665435791,24.68480061460356,24.480452827870447,24.631646795235024,3164800,8563.0,5.822615623474121,210748.84431266785,210754.66692829132,110.75466692829133,0.0
2019-04-16,24.717878341674805,24.765127590910936,24.611570685049,24.70016099969536,3224000,8563.0,5.822615623474121,211659.19223976135,211665.01485538483,111.66501485538483,0.43194674659481347
2019-04-17,24.80646705627441,24.874977111466897,24.706065787575948,24.858440325894534,4664800,8563.0,5.822615623474121,212417.77740287778,212423.60001850125,112.42360001850128,0.35838948804776116
2019-04-18,24.85135269165039,24.85725907255489,24.66826569785736,24.839539929841397,3068000,8563.0,5.822615623474121,212802.1330986023,212807.95571422577,112.80795571422577,0.18093832120869013
2019-04-22,24.92812728881836,24.932853113932943,24.7285053358948,24.752129054345158,3951200,8563.0,5.822615623474121,213459.5539741516,213465.3765897751,113.46537658977508,0.3089268318672067
2019-04-23,25.215164184570312,25.242331374332267,24.95293672895653,24.98128627634363,15756000,8563.0,5.822615623474121,215917.4509124756,215923.27352809906,115.92327352809906,1.1514265112170463
2019-04-24,25.2317008972168,25.354545330791247,25.198627326547737,25.2317008972168,3894400,8563.0,5.822615623474121,216059.05478286746,216064.87739849093,116.06487739849092,0.06558064264130525
2019-04-25,25.199804306030277,25.400608614420257,25.059240749445035,25.353361177989967,5010400,8563.0,5.822615623474121,215785.92427253726,215791.74688816073,115.79174688816072,-0.12641134163905443
2019-04-26,25.146648406982425,25.149011319320508,24.877334076409337,25.085225302810343,13605600,8563.0,5.822615623474121,215330.7503089905,215336.57292461398,115.33657292461399,-0.21093205375581903
2019-04-29,25.16319274902344,25.25060250805515,25.139569025666766,25.149018875484348,12077600,8563.0,5.822615623474121,215472.41950988772,215478.2421255112,115.47824212551122,0.06578966079617832
2019-04-30,25.20808219909668,25.238792863016684,25.00255199551725,25.16201530202928,11303200,8563.0,5.822615623474121,215856.80787086487,215862.63048648834,115.86263048648834,0.17838848005509167
2019-05-01,25.111215591430664,25.48683940347747,25.111215591430664,25.44431598706414,3688000,8563.0,5.822615623474121,215027.33910942078,215033.16172504425,115.03316172504424,-0.3842576918361096
2019-05-02,24.99546241760254,25.2860394469781,24.848992446369586,25.110039370426986,6543200,8563.0,5.822615623474121,214036.14468193054,214041.96729755402,114.04196729755402,-0.46094956681966837
2019-05-03,25.24114799499512,25.26359115886873,25.05569810603881,25.11239719446928,2587200,8563.0,5.822615623474121,216139.95028114322,216145.7728967667,116.14577289676672,0.9828939743802945
2019-05-06,25.071054458618164,25.107671493593628,24.55723000671445,24.656452510772063,8004000,8563.0,5.822615623474121,214683.43932914734,214689.2619447708,114.6892619447708,-0.6738558577740639
2019-05-07,24.53833770751953,24.88797315575037,24.31272726348312,24.78402840749575,8403200,8563.0,5.822615623474121,210121.78578948975,210127.60840511322,110.12760840511322,-2.124770236916218
2019-05-08,24.493453979492188,24.6942583626639,24.40486365141277,24.4733737214125,5636000,8563.0,5.822615623474121,209737.4464263916,209743.26904201508,109.74326904201507,-0.182907598870663
2019-05-09,24.32926177978516,24.400134749030123,23.896940632614715,24.212321921243305,7343200,8563.0,5.822615623474121,208331.46862030032,208337.2912359238,108.33729123592381,-0.6703327417909355
2019-05-10,24.39776992797852,24.502897015966223,23.820161221641666,24.17452243540352,4191200,8563.0,5.822615623474121,208918.10389328006,208923.92650890353,108.92392650890352,0.28157958160039964
2019-05-13,23.451622009277344,23.846145491299676,23.38193141004816,23.72920565349414,12480000,8563.0,5.822615623474121,200816.2392654419,200822.06188106537,100.82206188106535,-3.877901762244018
2019-05-14,23.8449649810791,23.97962216729857,23.57447005347461,23.57683296618001,5300000,8563.0,5.822615623474121,204184.43513298035,204190.25774860382,104.19025774860384,1.6772041059578635
2019-05-15,24.089473724365234,24.16743361789292,23.668965405154108,23.680776363268663,12253600,8563.0,5.822615623474121,206278.1635017395,206283.98611736298,106.28398611736296,1.02538112828916
2019-05-16,24.338712692260746,24.49699362113027,24.09420255982274,24.11782628314476,6360000,8563.0,5.822615623474121,208412.39678382876,208418.21939945224,108.41821939945224,1.0346092889997882
2019-05-17,24.096559524536133,24.43084044402905,24.07175344962803,24.08238565451671,3237600,8563.0,5.822615623474121,206338.8392086029,206344.66182422638,106.34466182422639,-0.9949022600810653
2019-05-20,23.67486953735352,23.86858871242685,23.575648839662904,23.724481688572983,5127200,8563.0,5.822615623474121,202727.90784835818,202733.73046398166,102.73373046398166,-1.7499514299626928
2019-05-21,23.998516082763672,24.06230209382305,23.896932489395,23.928825494924684,2459200,8563.0,5.822615623474121,205499.29321670532,205505.1158323288,105.5051158323288,1.367007533479736
2019-05-22,23.85323715209961,24.007974609047373,23.834337452924817,23.834337452924817,2517600,8563.0,5.822615623474121,204255.26973342896,204261.09234905243,104.26109234905243,-0.6053491555370161
2019-05-23,23.41973304748535,23.566201195186828,23.26499560634946,23.55202732344135,6333600,8563.0,5.822615623474121,200543.17408561707,200548.99670124054,100.54899670124055,-1.8173287947899852
2019-05-24,23.438629150390625,23.670145917987703,23.419731256966244,23.56501883837264,2337600,8563.0,5.822615623474121,200704.98141479492,200710.8040304184,100.71080403041842,0.08068219329908644
2019-05-28,23.36540031433105,23.666607749963514,23.36540031433105,23.511870286007618,3350400,8563.0,5.822615623474121,200077.9228916168,200083.74550724027,100.08374550724027,-0.31241891845696923
2019-05-29,23.208297729492188,23.352404774362476,23.0795469147329,23.21184119761405,6292800,8563.0,5.822615623474121,198732.6534576416,198738.47607326508,98.73847607326508,-0.6723531841953179
2019-05-30,23.345314025878903,23.411461156517795,23.204750472084207,23.2838909178396,3237600,8563.0,5.822615623474121,199905.92400360105,199911.74661922452,99.91174661922453,0.5903590332084985
2019-05-31,22.96969413757324,23.189398157116653,22.961424844303803,23.06064554929133,3840000,8563.0,5.822615623474121,196689.49090003964,196695.31351566312,96.69531351566312,-1.608926517803777
2019-06-03,22.551549911499023,23.116165363426845,22.40626230251852,23.0086753508429,6700800,8563.0,5.822615623474121,193108.92189216614,193114.7445077896,93.11474450778961,-1.8203631514527085
2019-06-04,23.30043029785156,23.31342361441646,22.739358377559284,22.84212435489052,3470400,8563.0,5.822615623474121,199521.5846405029,199527.40725612637,99.52740725612637,3.3206489564954422
2019-06-05,23.60163688659668,23.655973063758715,23.316966289412004,23.59454995096125,6544800,8563.0,5.822615623474121,202100.81665992737,202106.63927555084,102.10663927555083,1.2926705433071728
2019-06-06,23.86268615722656,23.91938345037,23.54848542846912,23.647706142063747,4420000,8563.0,5.822615623474121,204336.18156433103,204342.0041799545,104.3420041799545,1.106032395776957
2019-06-07,24.279651641845703,24.419032866280343,23.95482050088842,23.9831682469432,3231200,8563.0,5.822615623474121,207906.65700912476,207912.47962474823,107.91247962474824,1.747303722072413
2019-06-10,24.5454216003418,24.7993797613252,24.472185720402276,24.47927445900888,6394400,8563.0,5.822615623474121,210182.44516372684,210188.2677793503,110.1882677793503,1.0945894920350918
2019-06-11,24.51588630676269,24.841897921033816,24.388316074472076,24.81355018210748,9744000,8563.0,5.822615623474121,209929.53444480893,209935.3570604324,109.93535706043241,-0.12032580200118659
2019-06-12,24.40958404541016,24.481637573626504,24.33989343025611,24.434390126627896,3164000,8563.0,5.822615623474121,209019.2681808472,209025.09079647067,109.02509079647066,-0.43359359600378955
2019-06-13,24.480449676513672,24.553683738110745,24.40248979020929,24.496986458241206,8293600,8563.0,5.822615623474121,209626.09057998657,209631.91319561005,109.63191319561005,0.2903107932292315
2019-06-14,24.260746002197266,24.339886444512,24.17687973511428,24.297363033467988,1984000,8563.0,5.822615623474121,207744.7680168152,207750.59063243866,107.75059063243866,-0.8974409165535269
2019-06-17,24.309186935424805,24.415494610575216,24.260757122409117,24.28320029441028,2195200,8563.0,5.822615623474121,208159.5677280426,208165.39034366608,108.16539034366608,0.19966234991903864
2019-06-18,24.716691970825195,24.8643424604956,24.491081590039027,24.552504698406675,3219200,8563.0,5.822615623474121,211649.03334617615,211654.85596179962,111.65485596179963,1.6762948021151303
2019-06-19,24.835994720458984,24.893874365465933,24.62810346476701,24.78638436861343,3016000,8563.0,5.822615623474121,212670.62279129028,212676.44540691376,112.67644540691376,0.4826676149110032
2019-06-20,25.178544998168945,25.282489724973875,24.978921232983552,25.2068927407638,3736800,8563.0,5.822615623474121,215603.88081932068,215609.70343494415,115.60970343494415,1.3792115165448537
2019-06-21,25.045616149902344,25.25531742176449,25.02902972097334,25.138026512190372,3852800,8563.0,5.822615623474121,214465.61109161377,214471.43370723724,114.47143370723722,-0.5279306587657184
2019-06-24,25.0242919921875,25.13802699049753,25.0242919921875,25.093007715568024,2290400,8563.0,5.822615623474121,214283.01232910156,214288.83494472504,114.28883494472504,-0.08513896669403165
2019-06-25,24.585939407348636,25.036144895276408,24.55868884809429,25.02311256930689,3762400,8563.0,5.822615623474121,210529.39914512637,210535.22176074985,110.53522176074986,-1.7516606429557657
2019-06-26,24.82169914245605,25.013629891415317,24.813406831654632,24.813406831654632,2231200,8563.0,5.822615623474121,212548.20975685117,212554.03237247464,112.55403237247465,0.9588944761076412
2019-06-27,24.93661880493164,24.99467220878657,24.871457189948583,24.92358648193503,3140800,8563.0,5.822615623474121,213532.26682662964,213538.0894422531,113.53808944225312,0.4629679610377968
2019-06-28,24.98519897460937,25.04325239004296,24.861985738981847,25.021925944619923,5058400,8563.0,5.822615623474121,213948.25881958005,213954.08143520352,113.95408143520353,0.1948092698763837
2019-07-01,25.351282119750977,25.550321076490384,25.23873122186959,25.515962311249474,7149600,8563.0,5.822615623474121,217083.0287914276,217088.8514070511,117.08885140705108,1.4651601646575418
2019-07-02,25.42591857910156,25.42591857910156,25.270716625935822,25.32403001177204,2842400,8563.0,5.822615623474121,217722.14079284665,217727.96340847012,117.72796340847012,0.29440111607605957
2019-07-03,25.60837173461914,25.60837173461914,25.42710512069311,25.475680306852404,1916000,8563.0,5.822615623474121,219284.4871635437,219290.30977916718,119.29030977916719,0.7175680818572561
2019-07-05,25.569286346435547,25.6024592160562,25.311009795490985,25.42830074665488,2205600,8563.0,5.822615623474121,218949.7989845276,218955.62160015106,118.95562160015105,-0.15262333267400674
2019-07-08,25.379714965820312,25.41170372240496,25.273088187584893,25.39511729450645,2008800,8563.0,5.822615623474121,217326.49925231934,217332.3218679428,117.33232186794282,-0.7413829890938639
2019-07-09,25.47568130493164,25.49937594542041,25.222144855352862,25.229253066720972,6789600,8563.0,5.822615623474121,218148.25901412964,218154.0816297531,118.1540816297531,0.378112079578119
2019-07-10,25.67116355895996,25.82873553465136,25.60718785082987,25.608371950093066,4880800,8563.0,5.822615623474121,219822.17355537415,219827.99617099762,119.82799617099764,0.767308376143716
2019-07-11,25.75646209716797,25.84531833964824,25.667605854687697,25.737507472688687,3052800,8563.0,5.822615623474121,220552.58493804932,220558.4075536728,120.5584075536728,0.3322649505056674
2019-07-12,25.962615966796875,25.96498597339104,25.79082754831969,25.81926039630825,2436000,8563.0,5.822615623474121,222317.88052368164,222323.70313930511,122.3237031393051,0.8003755582079775
2019-07-15,26.026582717895508,26.064495579201925,25.960237018394004,26.015920403572352,2244800,8563.0,5.822615623474121,222865.62781333923,222871.4504289627,122.8714504289627,0.24637377028322582
2019-07-16,25.806224822998047,26.006446050232185,25.75290962789544,26.006446050232185,13224000,8563.0,5.822615623474121,220978.70315933228,220984.52577495575,120.98452577495573,-0.8466426051318754
2019-07-17,25.74343490600586,25.904560996790032,25.74343490600586,25.81807474305437,1744000,8563.0,5.822615623474121,220441.03310012817,220446.85571575165,120.44685571575164,-0.24330665566676402
2019-07-18,25.92588996887207,25.962616937420584,25.652212950038518,25.70908045592701,2784000,8563.0,5.822615623474121,222003.39580345154,222009.218419075,122.009218419075,0.7087253289463691
2019-07-19,25.78490447998047,26.17113241234474,25.7718721548628,26.143883662657046,2955200,8563.0,5.822615623474121,220796.13706207275,220801.95967769623,120.80195967769623,-0.5437876634022953
2019-07-22,26.06450080871582,26.132032428547973,25.887972402435977,25.887972402435977,2832800,8563.0,5.822615623474121,223190.32042503357,223196.14304065704,123.19614304065705,1.084312551598554
2019-07-23,26.21259880065918,26.217337006146725,26.005267510710464,26.217337006146725,2532000,8563.0,5.822615623474121,224458.48353004456,224464.30614566803,124.46430614566802,0.5681832525125552
2019-07-24,26.457839965820312,26.46376227006192,26.166390647283222,26.181792976995823,2662400,8563.0,5.822615623474121,226558.48362731934,226564.3062429428,126.56430624294282,0.9355608173675423
2019-07-25,26.270647048950195,26.406892575307957,26.21496365454328,26.406892575307957,3080000,8563.0,5.822615623474121,224955.55068016052,224961.373295784,124.96137329578399,-0.7074957983187358
2019-07-26,26.453102111816406,26.48982907848036,26.36424584751898,26.36898586064129,2030400,8563.0,5.822615623474121,226517.9133834839,226523.73599910736,126.52373599910737,0.6945026519148856
2019-07-29,26.411630630493164,26.49930278046004,26.178236545880235,26.45309760321189,4230400,8563.0,5.822615623474121,226162.79308891296,226168.61570453644,126.16861570453644,-0.1567695733979635
2019-07-30,26.251697540283203,26.352400231786856,26.16876538028446,26.21141646368174,1840800,8563.0,5.822615623474121,224793.28603744507,224799.10865306854,124.79910865306856,-0.6055247971526678
2019-07-31,25.869016647338867,26.41518646277221,25.596523789213435,26.363057174183087,5316800,8563.0,5.822615623474121,221516.38955116272,221522.2121667862,121.52221216678618,-1.4576999463728146
2019-08-01,25.738698959350582,26.44362499046617,25.611929815956493,25.91522739588144,7044800,8563.0,5.822615623474121,220400.47918891904,220406.3018045425,120.40630180454252,-0.503746487238721
2019-08-02,25.258869171142575,25.590599526562425,25.05035382580282,25.532546126833825,5492800,8563.0,5.822615623474121,216291.69671249387,216297.51932811734,116.29751932811736,-1.864185571276844
2019-08-05,24.22102928161621,24.59659481456371,24.005403913947315,24.59304070918763,8776000,8563.0,5.822615623474121,207404.6737384796,207410.4963541031,107.41049635410307,-4.108703142606496
2019-08-06,24.575267791748047,24.67478816327332,24.30751494898445,24.520770305417177,5561600,8563.0,5.822615623474121,210438.01810073853,210443.840716362,110.44384071636202,1.4624835365516953
2019-08-07,24.743505477905277,24.79089475671565,24.185487409819704,24.319364743747443,3699200,8563.0,5.822615623474121,211878.6374073029,211884.46002292636,111.88446002292638,0.6845623524358802
2019-08-08,25.356019973754883,25.365498190676966,24.89396638967473,24.941357474285148,8771200,8563.0,5.822615623474121,217123.59903526306,217129.42165088654,117.12942165088656,2.475387589723499
2019-08-09,25.066944122314453,25.273091301122456,24.89160160467373,25.22214610415326,2869600,8563.0,5.822615623474121,214648.24251937866,214654.06513500214,114.65406513500214,-1.140037355169865
2019-08-12,24.734025955200195,24.959127729347,24.62147506812679,24.904630242369777,3288800,8563.0,5.822615623474121,211797.46425437927,211803.28687000275,111.80328687000274,-1.328080259372888
2019-08-13,25.32877349853516,25.41762976272184,24.66176037133449,24.717443774847634,3389600,8563.0,5.822615623474121,216890.28746795657,216896.11008358005,116.89611008358006,2.4045062231272674
2019-08-14,24.55038833618164,24.94017026998235,24.47101030734639,24.853684030771543,18065600,8563.0,5.822615623474121,210224.9753227234,210230.79793834686,110.23079793834687,-3.0730436533254246
2019-08-15,24.501813888549805,24.61555068131906,24.294482643391728,24.56697549858505,5145600,8563.0,5.822615623474121,209809.03232765198,209814.85494327545,109.81485494327545,-0.1978506475504127
2019-08-16,24.94254493713379,25.010076563891293,24.67716025088182,24.739953672431824,2837600,8563.0,5.822615623474121,213583.01229667664,213588.8349123001,113.58883491230011,1.7987191469569508
2019-08-19,25.31099510192871,25.40814545498124,25.187781915977816,25.334689736790256,5266400,8563.0,5.822615623474121,216738.05105781555,216743.87367343903,116.74387367343901,1.4771552840926239
2019-08-20,25.19845199584961,25.393935053429903,25.16290912871174,25.277830041379165,2715200,8563.0,5.822615623474121,215774.3444404602,215780.16705608368,115.78016705608367,-0.4446292303547761
2019-08-21,25.489898681640625,25.56098441355256,25.371423666977577,25.44250939888951,2976000,8563.0,5.822615623474121,218270.00241088867,218275.82502651215,118.27582502651212,1.1565743063772116
2019-08-22,25.42947769165039,25.60837431732729,25.217408205686198,25.55624682815103,2076000,8563.0,5.822615623474121,217752.6174736023,217758.44008922577,117.75844008922576,-0.23703263392707008
2019-08-23,24.617921829223636,25.53254906207154,24.53025147774936,25.290860834183665,5007200,8563.0,5.822615623474121,210803.264623642,210809.08723926547,110.80908723926548,-3.1913127441181244
2019-08-26,24.92951393127441,24.96031678621512,24.744693186059443,24.923589818612832,3017600,8563.0,5.822615623474121,213471.42779350278,213477.25040912625,113.47725040912624,1.265677492750794
2019-08-27,24.867908477783203,25.138031405947626,24.731662914184536,25.09656622944545,2899200,8563.0,5.822615623474121,212943.90029525757,212949.72291088104,112.94972291088104,-0.24711181038458152
2019-08-28,24.87974548339844,24.924766553716644,24.543276978348427,24.734021766032537,2405600,8563.0,5.822615623474121,213045.26057434085,213051.08318996432,113.0510831899643,0.04759822069630992
2019-08-29,25.318113327026367,25.39512318052114,25.151063102325363,25.216224729810023,3327200,8563.0,5.822615623474121,216799.00441932678,216804.82703495026,116.80482703495025,1.761898502829462
2019-08-30,25.3015193939209,25.49818831755355,25.11196048845763,25.470939575151537,2540000,8563.0,5.822615623474121,216656.91057014465,216662.73318576813,116.66273318576815,-0.06553998410709916
2019-09-03,24.98993682861328,25.19252992224568,24.897526451247057,25.11196777081275,3684000,8563.0,5.822615623474121,213988.82906341553,213994.651679039,113.99465167903901,-1.2314445901693172
2019-09-04,25.42236328125,25.42236328125,25.242280792323665,25.26123722437588,2007200,8563.0,5.822615623474121,217691.69677734375,217697.51939296722,117.69751939296724,1.7303552611595219
2019-09-05,25.93655014038086,26.037254626530405,25.73277296938045,25.741067088190885,3510400,8563.0,5.822615623474121,222094.6788520813,222100.50146770477,122.10050146770479,2.0225228505198034
2019-09-06,25.899822235107425,26.00763492901953,25.85124704671381,25.99460260549405,2199200,8563.0,5.822615623474121,221780.17779922488,221786.00041484836,121.78600041484837,-0.14160303591306267
2019-09-09,25.70078468322754,26.02540688203948,25.54676860667768,26.00408224662253,5603200,8563.0,5.822615623474121,220075.81924247742,220081.6418581009,120.08164185810091,-0.7684698554279668
2019-09-10,25.572834014892575,25.572834014892575,25.270722349680028,25.55743168366589,3516800,8563.0,5.822615623474121,218980.17766952512,218986.0002851486,118.9860002851486,-0.4978341508642181
2019-09-11,25.835840225219727,25.851240743605608,25.583487934748785,25.6368013151594,2323200,8563.0,5.822615623474121,221232.29984855652,221238.12246418,121.23812246418,1.0284320349697396
2019-09-12,25.956689834594727,26.182977540418836,25.86901948307088,26.005265023176168,13385600,8563.0,5.822615623474121,222267.13505363464,222272.95766925812,122.27295766925809,0.4677472370276936
2019-09-13,25.77305030822754,25.94602460099289,25.75290977547147,25.931808179702728,2279200,8563.0,5.822615623474121,220694.62978935242,220700.4524049759,120.7004524049759,-0.7074658477447815
2019-09-16,25.74817657470703,25.80030587328145,25.526628863551103,25.575202248326946,2328000,8563.0,5.822615623474121,220481.6360092163,220487.45862483978,120.48745862483976,-0.09650808496997065
2019-09-17,25.840585708618164,25.857172138480347,25.710262468425803,25.76002175801236,1571200,8563.0,5.822615623474121,221272.93542289734,221278.7580385208,121.27875803852079,0.3588863596216685
2019-09-18,25.85479736328125,25.86190557365609,25.501742388312728,25.819254503622084,2222400,8563.0,5.822615623474121,221394.62982177734,221400.45243740082,121.40045243740083,0.05499596977076582
2019-09-19,25.912851333618164,26.13084489292713,25.87138436180196,25.927067754682017,3739200,8563.0,5.822615623474121,221891.74596977234,221897.5685853958,121.8975685853958,0.2245325800025455
2019-09-20,25.63798713684082,25.998152119136872,25.537284479917652,25.99222800807436,2912000,8563.0,5.822615623474121,219538.08385276794,219543.90646839142,119.54390646839141,-1.060697569607938
2019-09-23,25.69485855102539,25.771866577829066,25.555057111126608,25.620218722613963,2369600,8563.0,5.822615623474121,220025.07377243042,220030.8963880539,120.0308963880539,0.22181891881958293
2019-09-24,25.404598236083984,25.946029957267136,25.309819664203552,25.844141365488827,4344800,8563.0,5.822615623474121,217539.57469558716,217545.39731121063,117.54539731121065,-1.1296136668278445
2019-09-25,25.707895278930664,25.782533312347912,25.143953025907265,25.37853486746245,2808000,8563.0,5.822615623474121,220136.70727348328,220142.52988910675,120.14252988910674,1.193834762764845
2019-09-26,25.732152938842773,25.81302590741892,25.546619126452708,25.709555546222944,2096800,8563.0,5.822615623474121,220344.42561531067,220350.24823093414,120.35024823093417,0.09435629813649982
2019-09-27,25.35870361328125,25.77020768096481,25.167222851338813,25.760694709538512,4148800,8563.0,5.822615623474121,217146.57904052734,217152.40165615082,117.15240165615084,-1.4512561707812899
2019-09-30,25.63581657409668,25.689335660437266,25.415791445545427,25.457418409788087,2855200,8563.0,5.822615623474121,219519.49732398987,219525.31993961334,119.52531993961335,1.0927432832264605
2019-10-01,25.405088424682617,25.916496867378054,25.378923214956803,25.74999082232652,4178400,8563.0,5.822615623474121,217543.77218055725,217549.59479618073,117.54959479618074,-0.8999987536636334
2019-10-02,24.929363250732425,25.24929096320752,24.739071121340764,25.235017873908987,4812800,8563.0,5.822615623474121,213470.13751602176,213475.96013164523,113.47596013164525,-1.87250850471683
2019-10-03,25.251665115356445,25.254042450802075,24.60943066685909,24.918654862220027,4036000,8563.0,5.822615623474121,216230.00838279724,216235.83099842072,116.2358309984207,1.2928251335998509
2019-10-04,25.67863273620605,25.703607463459228,25.407467666040123,25.40865633384646,3183200,8563.0,5.822615623474121,219886.13212013242,219891.9547357559,119.89195473575589,1.6908038415529125
2019-10-07,25.59775924682617,25.79637566609804,25.568026217328704,25.590623610108395,2777600,8563.0,5.822615623474121,219193.61243057248,219199.43504619595,119.19943504619597,-0.3149363469855615
2019-10-08,25.10061836242676,25.45384682060654,25.08753575972529,25.418166830078945,3850400,8563.0,5.822615623474121,214936.59503746036,214942.41765308383,114.94241765308382,-1.942074984004849
2019-10-09,25.458608627319336,25.551375533226032,25.31470178228257,25.3515704481224,2898400,8563.0,5.822615623474121,218002.06567573547,218007.88829135895,118.00788829135894,1.4261822639507038
2019-10-10,25.612037658691406,25.72145501221416,25.44434290192656,25.446722052913707,2614400,8563.0,5.822615623474121,219315.8784713745,219321.701086998,119.32170108699798,0.6026446134293817
2019-10-11,25.98666763305664,26.21620574838736,25.91293030104534,25.91293030104534,6261600,8563.0,5.822615623474121,222523.834941864,222529.6575574875,122.5296575574875,1.4626717076287044
2019-10-14,25.98547744750977,26.077053865865555,25.95693308770797,25.95931223804812,2265600,8563.0,5.822615623474121,222513.64338302615,222519.46599864963,122.51946599864962,-0.004579865420961671
2019-10-15,26.25545883178711,26.320871872383726,26.039003278529755,26.06041019285567,3079200,8563.0,5.822615623474121,224825.49397659302,224831.3165922165,124.8313165922165,1.0389430799644606
2019-10-16,26.02591896057129,26.098467634510275,25.92482592131259,26.098467634510275,2817600,8563.0,5.822615623474121,222859.94405937195,222865.76667499542,122.8657666749954,-0.8742331571122031
2019-10-17,26.00093650817871,26.184092968213864,25.86535397953707,26.13770951933014,2613600,8563.0,5.822615623474121,222646.0193195343,222651.84193515778,122.65184193515779,-0.09598815602290811
2019-10-18,25.72620964050293,25.980724334923057,25.54781143932732,25.949802633366343,2541600,8563.0,5.822615623474121,220293.5331516266,220299.35576725006,120.29935576725008,-1.0565761088977776
2019-10-21,25.98428726196289,26.0033168353816,25.795185639859504,25.872490786577995,1923200,8563.0,5.822615623474121,222503.45182418823,222509.2744398117,122.5092744398117,1.0031435021065072
2019-10-22,25.63224983215332,26.125817381558715,25.62392371305123,26.04375393216976,2826400,8563.0,5.822615623474121,219488.95531272888,219494.77792835236,119.49477792835235,-1.3547734219387597
2019-10-23,25.65842056274414,25.692910084884268,25.51094405568192,25.57041012574178,1973600,8563.0,5.822615623474121,219713.05527877808,219718.87789440155,119.71887789440157,0.10209808550540878
2019-10-24,26.050893783569336,26.06754420970741,25.851088669912397,25.927205162937945,2045600,8563.0,5.822615623474121,223073.80346870422,223079.6260843277,123.0796260843277,1.529567337195914
2019-10-25,26.3648738861084,26.380335643836546,26.04613664663182,26.04613664663182,2195200,8563.0,5.822615623474121,225762.41508674622,225768.2377023697,125.76823770236972,1.2052250872186976
2019-10-28,26.66695976257324,26.697881460078094,26.537324188915072,26.548027644040587,6900000,8563.0,5.822615623474121,228349.17644691464,228354.99906253812,128.3549990625381,1.1457596455966224
2019-10-29,26.45050430297852,26.699073827476717,26.45050430297852,26.6610146757747,2366400,8563.0,5.822615623474121,226495.66834640506,226501.49096202853,126.50149096202851,-0.8116783552445828
2019-10-30,26.62889862060547,26.65268649433976,26.367248342368,26.52661693373192,2786400,8563.0,5.822615623474121,228023.25888824463,228029.0815038681,128.0290815038681,0.6744284708022796
2019-10-31,26.597980499267575,26.689558744121644,26.437421403787347,26.685990925534103,2745600,8563.0,5.822615623474121,227758.50701522824,227764.32963085172,127.76432963085172,-0.11610443337767284
2019-11-01,26.94407081604004,26.94407081604004,26.656255317649368,26.70977440604977,4552000,8563.0,5.822615623474121,230722.07839775085,230727.90101337433,130.72790101337435,1.301156940301329
2019-11-04,27.066574096679688,27.17004446803765,27.024947125685426,27.158152344010908,2964800,8563.0,5.822615623474121,231771.07398986816,231776.89660549164,131.77689660549166,0.45464618171882076
2019-11-05,27.040407180786133,27.14387754562996,26.950019421880278,27.14387754562996,3814400,8563.0,5.822615623474121,231547.00668907166,231552.82930469513,131.5528293046951,-0.09667369961290362
2019-11-06,27.01304817199707,27.041590714253104,26.88222213745756,27.041590714253104,2830400,8563.0,5.822615623474121,231312.7314968109,231318.5541124344,131.31855411243438,-0.10117569842019725
2019-11-07,27.23188591003418,27.38173971828198,27.16052591671998,27.206909367946203,3541600,8563.0,5.822615623474121,233186.63904762268,233192.46166324615,133.19246166324615,0.8100982465509166
2019-11-08,27.378173828125,27.378173828125,27.052300978782824,27.14863570620909,2726400,8563.0,5.822615623474121,234439.30249023438,234445.12510585785,134.44512510585787,0.5371800759240042
2019-11-11,27.41266822814941,27.441210778872343,27.18907523543126,27.22237608778158,2585600,8563.0,5.822615623474121,234734.6780376434,234740.50065326688,134.74050065326688,0.1259892042010602
2019-11-12,27.49948501586914,27.59225192457267,27.375794594424345,27.436451137256743,3093600,8563.0,5.822615623474121,235478.09019088745,235483.91280651093,135.48391280651094,0.3166953087239577
2019-11-13,27.561328887939453,27.579167979223637,27.38055156563286,27.381740233465123,2385600,8563.0,5.822615623474121,236007.65926742554,236013.481883049,136.013481883049,0.22488545830017248
2019-11-14,27.52802848815918,27.53992061095511,27.390066797453837,27.462615461121292,3605600,8563.0,5.822615623474121,235722.50794410706,235728.33055973053,135.72833055973055,-0.12081992988001167
2019-11-15,27.757568359375,27.75875702730183,27.633879748857773,27.708805752972168,2561600,8563.0,5.822615623474121,237688.05786132812,237693.8804769516,137.6938804769516,0.8338199793609613
2019-11-18,27.822978973388672,27.872930243378736,27.639822501998395,27.74448334279284,2736000,8563.0,5.822615623474121,238248.1689491272,238253.99156475067,138.25399156475066,0.23564388223842325
2019-11-19,27.91455841064453,27.98948441147474,27.789679322914026,27.926450533672128,4792800,8563.0,5.822615623474121,239032.36367034912,239038.1862859726,139.03818628597259,0.32914232247345243
2019-11-20,27.76827049255371,27.943100851761457,27.55062449813672,27.83844182161894,6476800,8563.0,5.822615623474121,237779.70022773743,237785.5228433609,137.78552284336092,-0.5240432342944024
2019-11-21,27.61722946166992,27.74448589136182,27.56133121790725,27.743297223429067,2904000,8563.0,5.822615623474121,236486.3358802795,236492.158495903,136.492158495903,-0.543920560003941
2019-11-22,27.61009407043457,27.75043493166187,27.495920238522523,27.70999844180804,2763200,8563.0,5.822615623474121,236425.23552513123,236431.0581407547,136.43105814075471,-0.02583610193965802
2019-11-25,28.015647888183597,28.020406188908108,27.68620543127099,27.72664372838936,16280000,8563.0,5.822615623474121,239897.99286651614,239903.81548213962,139.9038154821396,1.4688245142977285
2019-11-26,28.03111267089844,28.106040489942117,27.99186485210224,28.02754485234971,3693600,8563.0,5.822615623474121,240030.41780090335,240036.24041652682,140.03624041652682,0.055199178104392566
2019-11-27,28.20475196838379,28.20475196838379,28.050141661800293,28.1262581471873,2572000,8563.0,5.822615623474121,241517.2911052704,241523.11372089386,141.5231137208939,0.6194370074230848
2019-11-29,28.08582305908203,28.17145434178219,28.077498753276377,28.12507088154964,1516000,8563.0,5.822615623474121,240498.90285491943,240504.7254705429,140.5047254705429,-0.42165250135347554
2019-12-02,27.686208724975582,28.126259041583964,27.560140962178245,28.117932921705545,4124800,8563.0,5.822615623474121,237077.0053119659,237082.8279275894,137.0828279275894,-1.4227984652936176
2019-12-03,27.466182708740234,27.474507013048413,27.11771067090268,27.234265449297517,4631200,8563.0,5.822615623474121,235192.92253494263,235198.7451505661,135.1987451505661,-0.794693902334731
2019-12-04,27.55895233154297,27.65171924447264,27.52208366291197,27.630312332916663,4181600,8563.0,5.822615623474121,235987.30881500244,235993.13143062592,135.99313143062594,0.33775107071736254
2019-12-05,27.63506507873535,27.68263719670491,27.52088945494444,27.654094651827165,2832000,8563.0,5.822615623474121,236639.06226921082,236644.8848848343,136.64488488483428,0.2761747557046945
2019-12-06,27.93834114074707,27.957370713034724,27.828923822232923,27.853898547945555,3120800,8563.0,5.822615623474121,239236.01518821716,239241.83780384064,139.24183780384064,1.0974050507240873
2019-12-09,27.794437408447266,27.96688862773112,27.780166134088944,27.895530441179293,2440000,8563.0,5.822615623474121,238003.76752853394,238009.5901441574,138.00959014415741,-0.515063615542688
2019-12-10,27.78254127502441,27.921691624215853,27.736157825293937,27.824166424148714,5842400,8563.0,5.822615623474121,237901.90093803403,237907.7235536575,137.90772355365752,-0.04279936385681582
2019-12-11,27.9656982421875,27.978780847799197,27.787300064624485,27.85390176055306,2736800,8563.0,5.822615623474121,239470.27404785156,239476.09666347504,139.47609666347503,0.6592358946529986
2019-12-12,28.23805427551269,28.27730209551775,27.81584667298732,27.906234436939407,4911200,8563.0,5.822615623474121,241802.45876121518,241808.28137683865,141.80828137683866,0.9738695201137126
2019-12-13,28.421205520629883,28.48423939163936,28.16907003659199,28.263025601852927,4323200,8563.0,5.822615623474121,243370.7828731537,243376.60548877716,143.37660548877716,0.6485816379028009
2019-12-16,28.67654037475586,28.782679036978934,28.62168135148981,28.622873266447822,4234400,8563.0,5.822615623474121,245557.21522903442,245563.0378446579,145.5630378446579,0.8983740863217626
2019-12-17,28.621681213378903,28.73974630348239,28.57040157466933,28.733783089286103,3982400,8563.0,5.822615623474121,245087.45623016355,245093.27884578702,145.093278845787,-0.19129874063866792
2019-12-18,28.631223678588867,28.732591047026517,28.60856455513881,28.665807411416395,3248000,8563.0,5.822615623474121,245169.16835975647,245174.99097537994,145.17499097537993,0.03333919639809668
2019-12-19,28.81964874267578,28.82441822227913,28.64553271181437,28.65984479005946,4196800,8563.0,5.822615623474121,246782.65218353271,246788.4747991562,146.78847479915618,0.6580947825703287
2019-12-20,28.98064613342285,29.020001166159616,28.916248146946625,28.992572562634336,4156000,8563.0,5.822615623474121,248161.27284049988,248167.09545612335,148.16709545612335,0.5586244082464331
2019-12-23,29.07843589782715,29.136872485677507,29.021193044652144,29.08916859160043,3445600,8563.0,5.822615623474121,248998.64659309387,249004.46920871735,149.00446920871735,0.3374233602786658
2019-12-24,29.080820083618164,29.1273302406787,29.011650805476297,29.11063433352152,1876800,8563.0,5.822615623474121,249019.06237602234,249024.8849916458,149.02488499164582,0.008198962449679215
2019-12-26,29.305021286010746,29.305021286010746,29.13687030366936,29.13687030366936,2412000,8563.0,5.822615623474121,250938.89727211,250944.7198877335,150.94471988773347,0.770940982927093
2019-12-27,29.294294357299805,29.42666972245701,29.20962107231623,29.421900242326736,2796000,8563.0,5.822615623474121,250847.04258155823,250852.8651971817,150.8528651971817,-0.036603555792236175
2019-12-30,29.12017250061035,29.293096601123395,28.8721195495082,29.277592609285502,4056000,8563.0,5.822615623474121,249356.03712272644,249361.8597383499,149.36185973834992,-0.5943744982381594
2019-12-31,29.20007705688477,29.22392809284245,28.97945087991205,29.01642025860407,2994400,8563.0,5.822615623474121,250040.25983810428,250046.08245372775,150.04608245372773,0.27438948205462665
2020-01-02,29.735536575317383,29.73792222456805,29.413543075730967,29.46243887692504,11320800,8563.0,5.822615623474121,254625.39969444275,254631.22231006622,154.63122231006622,1.8337179336480824
2020-01-03,29.42308616638184,29.62224513111702,29.32529455630492,29.3288721206036,13059200,8563.0,5.822615623474121,251949.8868427277,251955.70945835116,151.95570945835115,-1.0507402931354104
2020-01-06,29.52087783813477,29.53161235143228,29.07962728924155,29.14998848455629,4199200,8563.0,5.822615623474121,252787.27692794803,252793.0995435715,152.79309954357151,0.33235606647714633
2020-01-07,29.51729965209961,29.642519867049344,29.458864886249174,29.560232245233305,3097600,8563.0,5.822615623474121,252756.63692092896,252762.45953655243,152.76245953655243,-0.012120586785946408
2020-01-08,29.828561782836918,29.95259008822028,29.50179875074853,29.538768131484005,4972000,8563.0,5.822615623474121,255421.97454643252,255427.797162056,155.42779716205598,1.0544831817155709
2020-01-09,30.163671493530277,30.174406006286677,29.94304714006381,30.08973273741601,4615200,8563.0,5.822615623474121,258291.51899909976,258297.34161472323,158.29734161472322,1.1234268488196975
2020-01-10,30.09808921813965,30.323484927590886,30.042038269571336,30.28651554017728,4835200,8563.0,5.822615623474121,257729.9379749298,257735.76059055328,157.7357605905533,-0.217416493975231
2020-01-13,30.501169204711918,30.51428754730269,30.218530701285825,30.23641852312897,4740800,8563.0,5.822615623474121,261181.51189994815,261187.33451557162,161.18733451557162,1.3391909283793968
2020-01-14,30.338977813720703,30.55244884687196,30.305586001783738,30.519057034934992,7724800,8563.0,5.822615623474121,259792.66701889038,259798.48963451385,159.79848963451383,-0.5317428134996249
2020-01-15,30.3640251159668,30.52860035975701,30.26981288579485,30.37356589441872,5982400,8563.0,5.822615623474121,260007.1470680237,260012.96968364718,160.0129696836472,0.08255631102207506
2020-01-16,30.780229568481445,30.785000867079955,30.53217299344178,30.57271993294289,4518400,8563.0,5.822615623474121,263571.1057949066,263576.9284105301,163.5769284105301,1.370684982068049
2020-01-17,30.96269416809082,30.979388254870734,30.74802939361076,30.914992098017915,4333600,8563.0,5.822615623474121,265133.5501613617,265139.37277698517,165.13937277698517,0.5927849512008532
2020-01-21,30.917383193969727,31.10104002832011,30.856560947657307,30.87325867779621,5878400,8563.0,5.822615623474121,264745.55228996277,264751.37490558624,164.75137490558623,-0.14633732717067582
2020-01-22,31.04498672485352,31.260841628808613,31.01517247138529,31.134429485258178,6104000,8563.0,5.822615623474121,265838.2213249207,265844.0439405442,165.8440439405442,0.4127151503358961
2020-01-23,31.198820114135746,31.198820114135746,30.93645691384962,31.062869034960165,3712800,8563.0,5.822615623474121,267155.4966373444,267161.3192529679,167.1613192529679,0.4955067989856232
2020-01-24,31.037830352783203,31.48265666748485,30.91737960897376,31.423028162935235,6326400,8563.0,5.822615623474121,265776.94131088257,265782.76392650604,165.78276392650605,-0.5160010926419045
2020-01-27,30.2972412109375,30.52382878302805,29.985980368179685,30.298433125839114,8578400,8563.0,5.822615623474121,259435.2764892578,259441.0991048813,159.44109910488126,-2.3860331377163146
2020-01-28,30.87325668334961,30.943617885599195,30.49163277886054,30.54649362625672,4979200,8563.0,5.822615623474121,264367.6969795227,264373.5195951462,164.37351959514618,1.9011715982096167
2020-01-29,30.90426254272461,31.17020333911181,30.813626052780076,31.10461344103197,5184000,8563.0,5.822615623474121,264633.20015335083,264639.0227689743,164.63902276897429,0.10042729477397483
2020-01-30,31.15111541748047,31.16900323699026,30.69436277530382,30.873248249270297,4530400,8563.0,5.822615623474121,266747.00131988525,266752.8239355087,166.75282393550873,0.7987488558630851
2020-01-31,30.312742233276367,31.006818820334328,30.204219750390376,31.00324125604783,7536800,8563.0,5.822615623474121,259568.01174354553,259573.834359169,159.573834359169,-2.6912515753067856
2020-02-03,30.693174362182617,30.75519033314741,30.31751552961131,30.34494413085404,7798400,8563.0,5.822615623474121,262825.65206336975,262831.4746789932,162.8314746789932,1.2549956461777478
2020-02-04,31.49577522277832,31.54705486060816,31.13800421374888,31.21313670795465,6640800,8563.0,5.822615623474121,269698.32323265076,269704.14584827423,169.70414584827424,2.614858504931683
2020-02-05,31.644847869873047,32.03481697668902,31.41826028206466,32.00261889465525,6062400,8563.0,5.822615623474121,270974.8323097229,270980.6549253464,170.98065492534636,0.47329976076462277
2020-02-06,31.898860931396484,31.898860931396484,31.61980001208852,31.77363890848702,4151200,8563.0,5.822615623474121,273149.9461555481,273155.76877117157,173.15576877117155,0.8026823340671507
2020-02-07,31.60071563720703,31.85234611622018,31.531544551234745,31.73547296648704,4628800,8563.0,5.822615623474121,270596.9280014038,270602.7506170273,170.6027506170273,-0.9346381976955476
2020-02-10,31.994258880615234,32.00141400746251,31.418249332806607,31.43255958650116,4400800,8563.0,5.822615623474121,273966.83879470825,273972.6614103317,173.9726614103317,1.2453350106827799
2020-02-11,31.935834884643555,32.300761034463925,31.84162083018659,32.27690817731899,4290400,8563.0,5.822615623474121,273466.55411720276,273472.37673282623,173.47237673282626,-0.18260386818530483
2020-02-12,32.275718688964844,32.28525764834117,31.97280486681641,32.14334151636083,4111200,8563.0,5.822615623474121,276376.97913360596,276382.80174922943,176.38280174922946,1.064248261990497
2020-02-13,32.21012496948242,32.37350648871865,31.99784764005867,32.05151474962513,4100000,8563.0,5.822615623474121,275815.300113678,275821.12272930145,175.82112272930144,-0.20322502571545886
2020-02-14,32.340110778808594,32.40928187345338,32.18269067317008,32.28644731513726,3859200,8563.0,5.822615623474121,276928.368598938,276934.19121456146,176.93419121456145,0.40354722446416247
2020-02-18,32.222049713134766,32.274523085253584,32.04674177433663,32.11233166976772,5774400,8563.0,5.822615623474121,275917.411693573,275923.2343091965,175.92323430919646,-0.36505311999619483
2020-02-19,32.58220291137695,32.64421887863653,32.4045111516656,32.4045111516656,5274400,8563.0,5.822615623474121,279001.40353012085,279007.2261457443,179.0072261457443,1.1176992195923496
2020-02-20,32.28048324584961,32.6179825872346,31.82253681167087,32.54404383101166,6850400,8563.0,5.822615623474121,276417.7780342102,276423.6006498337,176.4236006498337,-0.9260066599712569
2020-02-21,31.56494903564453,32.139768779299146,31.35744297326586,32.106376957313664,9121600,8563.0,5.822615623474121,270290.6585922241,270296.4812078476,170.29648120784762,-2.216568855764156
2020-02-24,30.273387908935547,30.678860950658905,29.694990774398704,30.074227132511076,15647200,8563.0,5.822615623474121,259231.0206642151,259236.84327983856,159.23684327983855,-4.091669221363114
2020-02-25,29.31098937988281,30.63474299137557,29.189346713489996,30.5297962345098,14342400,8563.0,5.822615623474121,250990.0020599365,250995.82467555997,150.99582467555996,-3.1789534620210835
2020-02-26,29.37895965576172,30.0396425671236,29.160719149845374,29.375382091707124,14311200,8563.0,5.822615623474121,251572.0315322876,251577.85414791107,151.57785414791104,0.23188810933545412
2020-02-27,27.858436584472656,29.068894435114547,27.858436584472656,28.409403355148623,20147200,8563.0,5.822615623474121,238551.79247283936,238557.61508846283,138.55761508846282,-5.175431320673085
2020-02-28,28.10290908813477,28.303261778461223,26.688521107779696,26.75769038064733,28288000,8563.0,5.822615623474121,240645.21052169803,240651.0331373215,140.6510331373215,0.8775314290773606
2020-03-02,29.578123092651367,29.578123092651367,28.023010717734955,28.54774263516732,17408000,8563.0,5.822615623474121,253277.46804237366,253283.29065799713,153.28329065799716,5.249201449913299
2020-03-03,28.49884605407715,29.957358686209822,28.201895462534274,29.766548573899197,16729600,8563.0,5.822615623474121,244035.61876106262,244041.4413766861,144.0414413766861,-3.6488191768599965
2020-03-04,29.661598205566406,29.683063589945487,28.706350386635528,29.149984707924915,7608800,8563.0,5.822615623474121,253992.26543426514,253998.0880498886,153.99808804988862,4.079899961676636
2020-03-05,28.73378562927246,29.438595028187294,28.553706371100592,28.892397678383563,7584800,8563.0,5.822615623474121,246047.40634346008,246053.22895908356,146.05322895908355,-3.1279208248388812
2020-03-06,28.124378204345703,28.290145359647205,27.368289269788765,27.785688764979916,13494400,8563.0,5.822615623474121,240829.05056381226,240834.87317943573,140.83487317943573,-2.1208239378624816
2020-03-09,25.95628929138184,27.084461484579023,25.69392421520412,25.94078711641906,20152800,8563.0,5.822615623474121,222263.7052021027,222269.52781772616,122.26952781772616,-7.708744633455689
2020-03-10,27.59775924682617,27.59775924682617,26.049784062789385,27.01831506705279,24196800,8563.0,5.822615623474121,236319.61243057248,236325.43504619595,136.32543504619593,6.323812070180157
2020-03-11,26.27007293701172,27.001559821378905,25.87739276546948,26.851910310066277,12639200,8563.0,5.822615623474121,224950.63455963135,224956.45717525482,124.95645717525483,-4.810729690910664
2020-03-12,23.68533134460449,25.629578808534102,23.67575355491697,24.33900133325957,27701600,8563.0,5.822615623474121,202817.49230384824,202823.3149194717,102.82331491947173,-9.838856165191135
2020-03-13,26.29401588439941,26.325142322229475,23.85532643175795,25.215341137648192,16578400,8563.0,5.822615623474121,225155.65801811215,225161.48063373563,125.16148063373565,11.01360843211392
2020-03-16,22.7479190826416,24.731673604546742,22.746722544357574,23.138206122802487,15118400,8563.0,5.822615623474121,194790.43110466003,194796.2537202835,94.7962537202835,-13.485977631692004
2020-03-17,24.11870574951172,24.489835326194065,22.456997507608357,23.23876616567368,12671200,8563.0,5.822615623474121,206528.47733306885,206534.29994869232,106.53429994869232,6.025806967142189
2020-03-18,23.30820846557617,23.704480036528924,21.9098826326897,22.66052501201041,30476000,8563.0,5.822615623474121,199588.18909072873,199594.0117063522,99.5940117063522,-3.36035624303771
2020-03-19,23.345319747924805,24.13067995587853,22.40073226811827,22.934682436390684,10612800,8563.0,5.822615623474121,199905.9730014801,199911.79561710358,99.91179561710356,0.15921515281676069
2020-03-20,22.4055233001709,24.17378237397717,22.36242416938616,23.94392095205063,12592000,8563.0,5.822615623474121,191858.4960193634,191864.31863498688,91.86431863498687,-4.025513830874816
2020-03-23,22.206789016723636,22.78623143590677,21.48368161770406,22.38517004961957,13808000,8563.0,5.822615623474121,190156.7343502045,190162.55696582797,90.16255696582797,-0.8869609947623647
2020-03-24,24.51498413085937,24.53653278299779,23.46623921749439,23.60870584033013,12481600,8563.0,5.822615623474121,209921.8091125488,209927.63172817227,109.92763172817229,10.393778395552422
2020-03-25,24.526948928833008,25.63435500585239,24.03011341958326,24.767586445516404,14562400,8563.0,5.822615623474121,210024.26367759705,210030.08629322052,110.0300862932205,0.04880470674812898
2020-03-26,26.042604446411133,26.091689920845987,24.813083642698853,24.813083642698853,13282400,8563.0,5.822615623474121,223002.82187461853,223008.644490242,123.00864449024202,6.1793805002309465
2020-03-27,24.89089775085449,25.68463730601794,24.81786873564224,25.25364792387292,11522400,8563.0,5.822615623474121,213140.757440567,213146.58005619046,113.14658005619047,-4.4222789912895415
2020-03-30,25.87619400024414,25.919293128864336,25.108790933845498,25.11717218261036,12260800,8563.0,5.822615623474121,221577.84922409058,221583.67183971405,121.58367183971404,3.9583519385107513
2020-03-31,25.36858367919922,26.24852351048939,25.2309068635605,25.85225190849892,11804000,8563.0,5.822615623474121,217231.1820449829,217237.00466060638,117.23700466060637,-1.9616369487061691
2020-04-01,24.168994903564453,24.9974543667738,23.97025991704259,24.52575882178084,9640000,8563.0,5.822615623474121,206959.1033592224,206964.9259748459,106.96492597484588,-4.728512392172213
2020-04-02,24.641881942749023,24.70054519595036,23.94511309411903,24.044480567039248,6090400,8563.0,5.822615623474121,211008.4350757599,211014.25769138336,111.01425769138338,1.9565304108724257
2020-04-03,24.24441337585449,24.79272931416001,23.943917864296917,24.5485021557256,4012800,8563.0,5.822615623474121,207604.911737442,207610.73435306546,107.61073435306545,-1.612935246913827
2020-04-06,26.3095760345459,26.490353781791345,25.161465622598733,25.330270680318648,9448800,8563.0,5.822615623474121,225288.89958381653,225294.72219944,125.29472219944,8.517858145186707
2020-04-07,26.10964775085449,27.317618105357017,26.082112753692392,27.317618105357017,13883200,8563.0,5.822615623474121,223576.913690567,223582.73630619046,123.58273630619045,-0.7598872608005514
2020-04-08,26.85909080505371,26.97162568540425,26.223378246292835,26.423311569586264,8487200,8563.0,5.822615623474121,229994.39456367493,230000.2171792984,130.0002171792984,2.8702935562606946
2020-04-09,26.922542572021484,27.361913257708547,26.723807609852926,27.25296799000188,13693600,8563.0,5.822615623474121,230537.73204421997,230543.55465984344,130.54355465984347,0.23623346412819934
2020-04-13,26.98360252380371,26.989588869592183,26.41253947897705,26.85071368511515,8109600,8563.0,5.822615623474121,231060.58841133118,231066.41102695465,131.06641102695465,0.22679287993223607
2020-04-14,28.079029083251957,28.13410089303669,27.47683975070476,27.59895423203559,12955200,8563.0,5.822615623474121,240440.7260398865,240446.54865550998,140.44654865551,4.059498560117891
2020-04-15,27.470855712890625,27.664800848503468,27.24697885541228,27.521137717428186,7295200,8563.0,5.822615623474121,235232.93746948242,235238.7600851059,135.2387600851059,-2.1658820222307806
2020-04-16,27.75578498840332,27.839588323008417,27.324795627530385,27.79768756909371,10008800,8563.0,5.822615623474121,237672.78685569763,237678.6094713211,137.67860947132112,1.037180006106353
2020-04-17,28.202342987060547,28.29332921231701,27.780929544256548,28.258609510322827,8070400,8563.0,5.822615623474121,241496.66299819946,241502.48561382294,141.50248561382296,1.6088431983876994
2020-04-20,27.734241485595703,28.17002073313114,27.72825514056184,27.83360896747459,10504000,8563.0,5.822615623474121,237488.309841156,237494.13245677948,137.49413245677945,-1.6597564811208887
2020-04-21,26.59450912475586,27.415785569021157,26.440071660484705,27.35353087195232,8400000,8563.0,5.822615623474121,227728.78163528442,227734.6042509079,127.7346042509079,-4.109376558028299
2020-04-22,27.602548599243164,27.7438186664984,27.13444456016689,27.24458819141212,5391200,8563.0,5.822615623474121,236360.6236553192,236366.4462709427,136.36644627094267,3.7903076031978955
2020-04-23,27.46128273010254,27.986851706725865,27.42656302273173,27.670792032372503,4806400,8563.0,5.822615623474121,235150.96401786804,235156.78663349152,135.15678663349152,-0.5117729933903359
2020-04-24,28.0012149810791,28.02515853385136,27.38106837843053,27.56423920596347,6852800,8563.0,5.822615623474121,239774.40388298035,239780.22649860382,139.7802264986038,1.9661094758529174
2020-04-27,28.319669723510746,28.374739712584468,28.13410399140373,28.2729791559152,7088000,8563.0,5.822615623474121,242501.3318424225,242507.154458046,142.507154458046,1.1372613994332204
2020-04-28,27.960508346557617,28.69199505531757,27.92698701021312,28.67283948404191,6744800,8563.0,5.822615623474121,239425.83297157288,239431.65558719635,139.43165558719636,-1.2682095411670424
2020-04-29,29.154115676879883,29.23552412292679,28.46333311666275,28.54833483111856,7587200,8563.0,5.822615623474121,249646.69254112244,249652.5151567459,149.65251515674592,4.268800440978993
2020-04-30,28.972139358520508,29.222352850917883,28.772207872243,29.222352850917883,6699200,8563.0,5.822615623474121,248088.4293270111,248094.25194263458,148.09425194263457,-0.6241728480616215
2020-05-01,28.14008903503418,28.651292178394996,28.021565987337496,28.322063317124552,7437600,8563.0,5.822615623474121,240963.58240699768,240969.40502262115,140.96940502262117,-2.8718307112011843
2020-05-04,28.4860782623291,28.5100218139026,27.84318467736245,27.934170904052102,4998400,8563.0,5.822615623474121,243926.2881603241,243932.11077594757,143.93211077594756,1.2294945713329453
2020-05-05,28.926647186279297,29.267848753621248,28.78657548308578,28.81051903609069,7199200,8563.0,5.822615623474121,247698.87985610962,247704.7024717331,147.7047024717331,1.546574448023641
2020-05-06,29.13495635986328,29.416298096794677,28.99129323268001,29.170872598353043,5696000,8563.0,5.822615623474121,249482.63130950928,249488.45392513275,149.48845392513275,0.7201120671511019
2020-05-07,29.659334182739254,29.823349449181585,29.53242987301278,29.573135925117104,6497600,8563.0,5.822615623474121,253972.87860679624,253978.7012224197,153.97870122241972,1.799781603774897
2020-05-08,30.09869956970215,30.13461580848868,29.755103138334427,29.971797109195403,6192800,8563.0,5.822615623474121,257735.1644153595,257740.98703098297,157.74098703098298,1.481339100662793
2020-05-11,30.305816650390625,30.487790936951736,29.85208021240101,29.90475529700664,11072000,8563.0,5.822615623474121,259508.70797729492,259514.5305929184,159.5145305929184,0.6881107977297463
2020-05-12,29.6545467376709,30.517725920995524,29.6545467376709,30.4530763092417,28762400,8563.0,5.822615623474121,253931.8837146759,253937.70633029938,153.9377063302994,-2.1489448971807157
2020-05-13,29.127775192260746,29.901162682960496,28.751855771059343,29.706021002982084,9308000,8563.0,5.822615623474121,249421.13897132876,249426.96158695224,149.42696158695225,-1.7763194007430982
2020-05-14,29.47855567932129,29.510880481812865,28.562701498527176,28.88953548486091,6398400,8563.0,5.822615623474121,252424.8722820282,252430.69489765167,152.43069489765168,1.2042536587017372
2020-05-15,29.652149200439453,29.652149200439453,28.98411545015645,29.064327361724107,5322400,8563.0,5.822615623474121,253911.35360336304,253917.1762189865,153.9171762189865,0.5888671034786519
2020-05-18,30.36686897277832,30.53926545025078,30.16334606395278,30.239966517632126,7204000,8563.0,5.822615623474121,260031.49901390076,260037.32162952423,160.03732162952423,2.4102920100448344
2020-05-19,30.27469062805176,30.764343314735644,30.27469062805176,30.41356396467212,5676800,8563.0,5.822615623474121,259242.17584800723,259247.9984636307,159.24799846363072,-0.3035422611443739
2020-05-20,30.967866897583008,31.027726690543187,30.673354085661607,30.71166523000856,5672000,8563.0,5.822615623474121,265177.8442440033,265183.66685962677,165.18366685962675,2.2895715419877227
2020-05-21,30.584760665893555,31.0504679233718,30.52011107093111,30.94631247532493,5638400,8563.0,5.822615623474121,261897.3055820465,261903.12819766998,161.90312819767,-1.2370817180431093
2020-05-22,30.73441696166992,30.75596561359109,30.409976030239285,30.536880345287763,4168800,8563.0,5.822615623474121,263178.8124427795,263184.63505840296,163.18463505840296,0.489305671738971
2020-05-26,30.75596809387207,31.35456616363818,30.702096459724725,31.35456616363818,6104800,8563.0,5.822615623474121,263363.35478782654,263369.17740345,163.36917740345004,0.07011896610382706
2020-05-27,30.927160263061523,30.93075170464104,30.038842945910325,30.738004917287235,6693600,8563.0,5.822615623474121,264829.2733325958,264835.0959482193,164.8350959482193,0.5566021655311948
2020-05-28,30.864910125732425,31.43237986688388,30.76793754094204,30.838571667298478,5620000,8563.0,5.822615623474121,264296.2254066468,264302.04802227026,164.30204802227024,-0.20127541028521767
2020-05-29,31.25041007995605,31.33062382731725,30.71287019283429,30.940336724237657,5908000,8563.0,5.822615623474121,267597.26151466364,267603.0841302871,167.60308413028713,1.2489634994196974
2020-06-01,31.350975036621094,31.42400590171433,31.018154652626468,31.124706863821583,8140800,8563.0,5.822615623474121,268458.3992385864,268464.2218542099,168.46422185420988,0.32179663650795387
2020-06-02,31.63111114501953,31.63111114501953,31.08638848409644,31.410827542761652,4565600,8563.0,5.822615623474121,270857.20473480225,270863.0273504257,170.86302735042574,0.893528932700205
2020-06-03,31.92562866210937,32.00703711662925,31.641890129371376,31.758018292324174,5732800,8563.0,5.822615623474121,273379.1582336425,273384.980849266,173.38498084926601,0.9310807471621274
2020-06-04,31.611949920654297,31.978291500095818,31.41561173238654,31.810684838513293,5651200,8563.0,5.822615623474121,270693.12717056274,270698.9497861862,170.6989497861862,-0.9825086421118123
2020-06-05,32.37576675415039,32.46436173217559,31.74005604499008,31.85139438307989,5710400,8563.0,5.822615623474121,277233.6907157898,277239.51333141327,177.23951333141326,2.416176180363161
2020-06-08,32.574493408203125,32.584073018628864,32.07286817851828,32.34822534821964,11107200,8563.0,5.822615623474121,278935.38705444336,278941.20967006683,178.94120967006683,0.6138000742409888
2020-06-09,32.64752960205078,32.824712234984766,32.36259642864976,32.39851083977111,5110400,8563.0,5.822615623474121,279560.79598236084,279566.6185979843,179.56661859798433,0.22420815076309442
2020-06-10,33.13359069824219,33.37542292411409,32.815136190776336,32.90013606590905,5129600,8563.0,5.822615623474121,283722.93714904785,283728.7597646713,183.72875976467134,1.4887833131008277
2020-06-11,31.24561882019043,32.58408679280077,31.21449420702677,32.43922343889313,10707200,8563.0,5.822615623474121,267556.23395729065,267562.0565729141,167.56205657291412,-5.697943065470734
2020-06-12,31.62992286682129,32.250069578462124,31.086394806807192,32.153096985286936,8929600,8563.0,5.822615623474121,270847.0295085907,270852.8521242142,170.85285212421417,1.2299186190487532
2020-06-15,32.02379608154297,32.138729533292725,30.96068540094843,31.02773174124533,5960000,8563.0,5.822615623474121,274219.76584625244,274225.5884618759,174.22558846187593,1.2452282895344835
2020-06-16,32.69781875610352,32.96598950891716,32.204574555655924,32.83190413251034,8829600,8563.0,5.822615623474121,279991.42200851446,279997.24462413794,179.99724462413792,2.1047110135254288
2020-06-17,32.67267227172852,32.98992844020929,32.636754204217326,32.945632778475414,4323200,8563.0,5.822615623474121,279776.09266281134,279781.9152784348,179.78191527843478,-0.07690409453571245
2020-06-18,32.851051330566406,32.88696939594218,32.56492344022936,32.637950628789106,5334400,8563.0,5.822615623474121,281303.55254364014,281309.3751592636,181.3093751592636,0.5459466096329635
2020-06-19,32.633174896240234,33.284449970902834,32.49190661073886,33.24853554358999,5104800,8563.0,5.822615623474121,279437.8766365051,279443.6992521286,179.44369925212862,-0.663211421972254
2020-06-22,33.23745346069336,33.26625632115317,32.64096980785718,32.69017713622412,4426400,8563.0,5.822615623474121,284612.31398391724,284618.1365995407,184.6181365995407,1.8516922590347873
2020-06-23,33.45587921142578,33.84953410857564,33.416271622429065,33.5038851915423,5562400,8563.0,5.822615623474121,286482.69368743896,286488.51630306244,186.48851630306243,0.6571540822619237
2020-06-24,32.69977569580078,33.512291760804644,32.51015076687252,33.32986388411102,7292800,8563.0,5.822615623474121,280008.1792831421,280014.00189876556,180.01400189876557,-2.2599559967869
2020-06-25,33.13424301147461,33.16064685914247,32.382940187148805,32.7297869024073,5039200,8563.0,5.822615623474121,283728.5229072571,283734.34552288055,183.73434552288055,1.3286277110742484
2020-06-26,32.52215576171875,33.12703783344168,32.39373689887437,33.06463041218775,7037600,8563.0,5.822615623474121,278487.21978759766,278493.04240322113,178.49304240322112,-1.847257197573482
2020-06-29,32.853389739990234,32.853389739990234,32.09968456419092,32.558149508698015,6948800,8563.0,5.822615623474121,281323.5763435364,281329.39895915985,181.32939895915987,1.01846585877432
2020-06-30,33.449886322021484,33.54590197400302,32.82820008375932,32.837799817646165,5987200,8563.0,5.822615623474121,286431.37657546997,286437.19919109344,186.43719919109344,1.8155941934369535
2020-07-01,33.52909469604492,33.71152258627608,33.30826421126923,33.44268244873076,7564800,8563.0,5.822615623474121,287109.63788223267,287115.46049785614,187.11546049785613,0.2367923260938598
2020-07-02,33.71272277832031,34.00076240331103,33.63351124048892,33.839940309879736,6564800,8563.0,5.822615623474121,288682.04515075684,288687.8677663803,188.68786776638032,0.5476567739673976
2020-07-06,34.24558639526367,34.46761816319952,34.09916578216308,34.13997104645389,6245600,8563.0,5.822615623474121,293244.9563026428,293250.7789182663,193.2507789182663,1.5805690717763499
2020-07-07,33.93114471435547,34.57923460388264,33.887936768322184,34.1987834564501,6304000,8563.0,5.822615623474121,290552.3921890259,290558.21480464935,190.55821480464937,-0.9181779920753086
2020-07-08,34.52042770385742,34.52042770385742,34.03795789458579,34.16517905352732,4528000,8563.0,5.822615623474121,295598.4224281311,295604.2450437546,195.6042450437546,1.7366675530057885
2020-07-09,34.65966033935547,34.81208039041736,34.13398605343437,34.804879673839494,4821600,8563.0,5.822615623474121,296790.6714859009,296796.49410152435,196.79649410152433,0.4033260948581141
2020-07-10,34.59244537353516,34.636851005814684,34.23839433015567,34.585244658172115,4669600,8563.0,5.822615623474121,296215.1097335816,296220.9323492051,196.22093234920504,-0.19392471399019007
2020-07-13,33.802730560302734,35.097712841471925,33.72472037381298,34.886482104102235,11260000,8563.0,5.822615623474121,289452.7817878723,289458.6044034958,189.45860440349577,-2.2828663363119173
2020-07-14,34.20718765258789,34.24679524839165,33.141441525402506,33.52909345252199,8337600,8563.0,5.822615623474121,292916.1478691101,292921.9704847336,192.92197048473358,1.196497885552561
2020-07-15,34.42081451416016,34.66925015287197,33.976754580899666,34.53843228897885,6807200,8563.0,5.822615623474121,294745.4346847535,294751.25730037695,194.75125730037695,0.6244962822748334
2020-07-16,33.986351013183594,34.14477404242717,33.72231629373244,34.06196217089628,4161600,8563.0,5.822615623474121,291025.1237258911,291030.9463415146,191.0309463415146,-1.2621866291382955
2020-07-17,34.187984466552734,34.28760046330121,33.868742996275856,34.17478437638869,3877600,8563.0,5.822615623474121,292751.71098709106,292757.53360271454,192.75753360271452,0.5932658649894451
2020-07-20,35.08570861816406,35.16972183781488,34.12917463711825,34.28279598474291,5258400,8563.0,5.822615623474121,300438.92289733887,300444.74551296234,200.44474551296236,2.625794737251641
2020-07-21,34.74726104736328,35.397753685523774,34.63924666476844,35.397753685523774,6194400,8563.0,5.822615623474121,297540.7963485718,297546.61896419525,197.54661896419523,-0.9646121598229307
2020-07-22,35.00890350341797,35.15772316966332,34.75566614016069,34.80127311210613,4807200,8563.0,5.822615623474121,299781.24069976807,299787.06331539154,199.78706331539152,0.7529725456117076
2020-07-23,34.14838409423828,35.09651619657081,33.98516298452423,34.87688703751859,8460000,8563.0,5.822615623474121,292412.6129989624,292418.4356145859,192.4184356145859,-2.4579538620896013
2020-07-24,33.707916259765625,33.951553876773545,33.17144468672919,33.623906698410984,10396800,8563.0,5.822615623474121,288640.88693237305,288646.7095479965,188.64670954799655,-1.28983867199145
2020-07-27,34.27920150756836,34.32000678443144,33.87354409402854,33.92515410715821,5584800,8563.0,5.822615623474121,293532.80250930786,293538.62512493134,193.53862512493131,1.6947761450651022
2020-07-28,33.86994171142578,34.2888028539064,33.85193992309504,34.213191680295026,3546400,8563.0,5.822615623474121,290028.31087493896,290034.13349056244,190.03413349056243,-1.1938775119892164
2020-07-29,34.44961929321289,34.52042875746756,34.01995714808718,34.01995714808718,3221600,8563.0,5.822615623474121,294992.090007782,294997.91262340546,194.99791262340545,1.7114465366899756
2020-07-30,34.622440338134766,34.6512431919026,33.93354156367663,34.127968151852095,3513600,8563.0,5.822615623474121,296471.956615448,296477.7792310715,196.47777923107145,0.5016532471384672
2020-07-31,35.437355041503906,35.44455575564561,34.58043709504694,35.17931968443531,6256800,8563.0,5.822615623474121,303450.07122039795,303455.8938360214,203.4558938360214,2.3536720434995217
2020-08-03,36.26667404174805,36.393891550763655,35.85621865609297,35.942630894539604,7621600,8563.0,5.822615623474121,310551.5298194885,310557.352435112,210.557352435112,2.340194652119032
2020-08-04,36.385498046875,36.39389644001607,36.0566494955576,36.237876051432025,7245600,8563.0,5.822615623474121,311569.0197753906,311574.8423910141,211.57484239101413,0.327633510501002
2020-08-05,36.54510498046875,36.62911818110444,36.379481258577314,36.51749980594651,4141600,8563.0,5.822615623474121,312935.7339477539,312941.5565633774,212.9415565633774,0.4386471519571833
2020-08-06,36.98557662963867,37.02158020241135,36.41309418420019,36.554713120601846,4428000,8563.0,5.822615623474121,316707.49267959595,316713.3152952194,216.71331529521942,1.2052597850097824
2020-08-07,36.38788986206055,36.861957634697696,36.089049235138646,36.861957634697696,8192000,8563.0,5.822615623474121,311589.50088882446,311595.32350444794,211.59532350444792,-1.6159698830473301
2020-08-10,36.272682189941406,36.5283149213526,35.79141360469275,36.47670857153408,5455200,8563.0,5.822615623474121,310602.97759246826,310608.80020809174,210.60880020809174,-0.3166040123006253
2020-08-11,35.63058853149414,36.342287283685074,35.586182901063175,36.15986306437832,5032800,8563.0,5.822615623474121,305104.7295951843,305110.5522108078,205.11055221080778,-1.7701520348426647
2020-08-12,36.411895751953125,36.48630557588854,35.88502028469794,35.93062725101235,8547200,8563.0,5.822615623474121,311795.0633239746,311800.8859395981,211.80088593959806,2.192757241699006
2020-08-13,36.500709533691406,36.7851487602717,36.35188987550946,36.45510256421706,6112800,8563.0,5.822615623474121,312555.5757369995,312561.398352623,212.56139835262297,0.24390963827223278
2020-08-14,36.41069412231445,36.56191644886502,36.237869652720015,36.51390680304965,3305600,8563.0,5.822615623474121,311784.77376937866,311790.59638500214,211.79059638500215,-0.24660817736400498
2020-08-17,36.72274398803711,36.78515140924123,36.61352825396319,36.62072896938588,3268800,8563.0,5.822615623474121,314456.85676956177,314462.67938518524,214.46267938518525,0.8570120559003636
2020-08-18,36.83195877075195,36.93997316192469,36.53671479555838,36.81155430249984,3289600,8563.0,5.822615623474121,315392.062953949,315397.88556957245,215.39788556957245,0.2973981479187371
2020-08-19,36.77433776855469,37.09238146644057,36.72513045490124,36.90635694389063,3474400,8563.0,5.822615623474121,314898.6543121338,314904.47692775726,214.90447692775726,-0.15644006012409672
2020-08-20,37.248416900634766,37.31682736413207,36.583526383421,36.66993863662219,3662400,8563.0,5.822615623474121,318958.1939201355,318964.016535759,218.96401653575896,1.2891336597075531
2020-08-21,37.63607406616211,37.69008310009907,37.272423248821866,37.2976257554352,5163200,8563.0,5.822615623474121,322277.70222854614,322283.5248441696,222.2835248441696,1.040715609385523
2020-08-24,37.94210433959961,38.21574243528466,37.63605937115658,38.1905362758904,4545600,8563.0,5.822615623474121,324898.23945999146,324904.06207561493,224.90406207561492,0.8131154804492002
2020-08-25,38.12333297729492,38.150938157804006,37.78848510444334,37.88930243211923,4108800,8563.0,5.822615623474121,326450.1002845764,326455.9229001999,226.45592290019988,0.47763663361763964
2020-08-26,38.911842346191406,39.02225940041876,38.45938038334349,38.51098672208577,5106400,8563.0,5.822615623474121,333202.106010437,333207.9286260605,233.2079286260605,2.068274842703577
2020-08-27,38.887840270996094,39.19988466790169,38.56019676747381,39.085870911181686,5460000,8563.0,5.822615623474121,332996.57624053955,333002.398856163,233.002398856163,-0.061682136660112796
2020-08-28,39.263484954833984,39.37870002668618,39.03305481112959,39.061857663437365,5982400,8563.0,5.822615623474121,336213.2216682434,336219.0442838669,236.21904428386688,0.9659526293962939
2020-08-31,39.38351440429688,39.64395248651014,39.186688745781424,39.40031851530134,5144000,8563.0,5.822615623474121,337241.0338439942,337246.8564596177,237.2468564596177,0.3056971915258444
2020-09-01,40.32084655761719,40.36045415607958,39.636752936569465,39.81917716965771,6870400,8563.0,5.822615623474121,345267.409072876,345273.23168849945,245.27323168849944,2.3799703615155376
2020-09-02,40.60888671875,40.89452731710794,39.879186113910094,40.89452731710794,9088800,8563.0,5.822615623474121,347733.89697265625,347739.7195882797,247.73971958827974,0.714358274378335
2020-09-03,38.20734405517578,39.93678635829775,37.91570414804495,39.93678635829775,17240800,8563.0,5.822615623474121,327169.4871444702,327175.3097600937,227.1753097600937,-5.91373624288134
2020-09-04,37.600059509277344,38.506184768836135,35.98223193275898,37.98411102279627,18643200,8563.0,5.822615623474121,321969.3095779419,321975.13219356537,221.97513219356537,-1.589416258317733
2020-09-08,35.96183395385742,37.0851893889396,35.91022394878503,36.276277368482,16860000,8563.0,5.822615623474121,307941.1841468811,307947.0067625046,207.94700676250457,-4.356897172613738
2020-09-09,37.09718322753906,37.46563557942381,36.41068717721189,36.79593997183004,9693600,8563.0,5.822615623474121,317663.179977417,317669.00259304047,217.66900259304046,3.1570353395361073
2020-09-10,36.31468200683594,37.70687762987963,36.117856357912224,37.62526708429228,9372000,8563.0,5.822615623474121,310962.62202453613,310968.4446401596,210.96844464015962,-2.1092891966752014
2020-09-11,36.02320098876953,36.7437841022692,35.58291031531768,36.693257378246905,9997600,8563.0,5.822615623474121,308466.6700668335,308472.49268245697,208.47249268245696,-0.8026383386233515
2020-09-14,36.78950119018555,36.963930926018136,36.468304212143146,36.61627193682339,5763200,8563.0,5.822615623474121,315028.49869155884,315034.3213071823,215.03432130718232,2.127200570677834
2020-09-15,37.19129943847656,37.41385128911652,36.92544210574049,37.37415092599449,6196800,8563.0,5.822615623474121,318469.0970916748,318474.9197072983,218.47491970729828,1.0921344651718456
2020-09-16,36.634315490722656,37.38136434328874,36.615067388201126,37.333245922585,5390400,8563.0,5.822615623474121,313699.6435470581,313705.4661626816,213.7054661626816,-1.4975915682780228
2020-09-17,36.30589294433594,36.52243129663498,35.74049520093153,35.79462703560676,7145600,8563.0,5.822615623474121,310887.36128234863,310893.1838979721,210.89318389797208,-0.896472190653852
2020-09-18,35.772979736328125,36.40815239140784,35.326675632606566,36.400934812354656,8876000,8563.0,5.822615623474121,306324.02548217773,306329.8480978012,206.3298480978012,-1.4678146825079619
2020-09-21,36.10260009765625,36.11583477534725,35.02834075879733,35.17149554988832,10963200,8563.0,5.822615623474121,309146.56463623047,309152.38725185394,209.15238725185392,0.9214052014779872
2020-09-22,36.70167541503906,36.77145023303422,35.88966482136118,36.52243276988512,6552800,8563.0,5.822615623474121,314276.4465789795,314282.26919460297,214.28226919460295,1.6593376452143982
2020-09-23,35.60456848144531,36.72333744750835,35.48427058525787,36.68604539338627,5964800,8563.0,5.822615623474121,304881.9199066162,304887.7425222397,204.8877425222397,-2.989200344148657
2020-09-24,35.71403503417969,36.15071692392225,35.19795610346575,35.21720420471941,5826400,8563.0,5.822615623474121,305819.28199768066,305825.10461330414,205.82510461330412,0.30744499051025276
2020-09-25,36.613861083984375,36.70649280137842,35.54681947317213,35.75734076368593,5176800,8563.0,5.822615623474121,313524.4924621582,313530.3150777817,213.5303150777817,2.5194826547088933
2020-09-28,37.2923469543457,37.2923469543457,36.91340932437226,37.19009301071468,5347200,8563.0,5.822615623474121,319334.36697006226,319340.18958568573,219.34018958568572,1.8530503203375126
2020-09-29,37.19009399414063,37.430689787304985,37.14077141599788,37.27670862652781,4341600,8563.0,5.822615623474121,318458.77487182623,318464.5974874497,218.46459748744968,-0.27418788075876943
2020-09-30,37.466773986816406,37.84330324522213,37.13475068279631,37.19971256210453,5853600,8563.0,5.822615623474121,320827.9856491089,320833.80826473236,220.83380826473237,0.7439479288984474
2020-10-01,37.93352127075195,38.03577518246672,37.70495607887138,37.96479988805744,5610400,8563.0,5.822615623474121,324824.742641449,324830.56525707245,224.83056525707244,1.2457405950940803
2020-10-02,37.06016540527344,37.66887232906823,36.91340185816088,37.046930730652015,8308000,8563.0,5.822615623474121,317346.19636535645,317352.0189809799,217.35201898097992,-2.3022914331272903
2020-10-05,37.90225601196289,37.90225601196289,37.34166741986565,37.34166741986565,5771200,8563.0,5.822615623474121,324557.01823043823,324562.8408460617,224.56284084606173,2.2721840208346
2020-10-06,37.380165100097656,38.22345082202872,37.22377563862549,37.82286045916906,5020000,8563.0,5.822615623474121,320086.35375213623,320092.1763677597,220.0921763677597,-1.377441874321783
2020-10-07,38.0875129699707,38.15728780163844,37.765115507727366,37.765115507727366,4263200,8563.0,5.822615623474121,326143.37356185913,326149.1961774826,226.1491961774826,1.8922736189477707
2020-10-08,38.25473403930664,38.45803779377764,38.15248008515011,38.4123240021876,9509600,8563.0,5.822615623474121,327575.28757858276,327581.11019420624,227.58111019420625,0.43903650032128816
2020-10-09,38.90072250366211,38.90072250366211,38.45080963459365,38.46885358125687,3540000,8563.0,5.822615623474121,333106.88679885864,333112.7094144821,233.1127094144821,1.688619718333717
2020-10-12,39.88115310668945,40.11453129490448,39.24357579117424,39.49740256375858,5248000,8563.0,5.822615623474121,341502.3140525818,341508.13666820526,241.50813666820525,2.520296289048818
2020-10-13,39.687477111816406,40.10370678098744,39.551539909473206,40.021905097326126,7586400,8563.0,5.822615623474121,339843.8665084839,339849.68912410736,239.84968912410736,-0.48562460627671333
2020-10-14,39.46492004394531,39.97378136993076,39.16297120700362,39.80536508145323,8697600,8563.0,5.822615623474121,337938.1103363037,337943.9329519272,237.9439329519272,-0.5607644300313686
2020-10-15,39.31576156616211,39.37591051770283,38.631266203932704,38.763594631562405,4654400,8563.0,5.822615623474121,336660.86629104614,336666.6889066696,236.6666889066696,-0.37794554679555503
2020-10-16,39.19064712524414,39.66582526732229,39.19064712524414,39.526279272000096,3188000,8563.0,5.822615623474121,335589.5113334656,335595.33394908905,235.59533394908905,-0.3182242238042088
2020-10-19,38.59156036376953,39.57439570780544,38.45562683638549,39.43244508340079,4293600,8563.0,5.822615623474121,330459.5313949585,330465.35401058197,230.46535401058196,-1.5286207582627775
2020-10-20,38.6408805847168,39.0498926380084,38.45923328431724,38.72749520421854,6565600,8563.0,5.822615623474121,330881.86044692993,330887.6830625534,230.88768306255338,0.12779828410027783
2020-10-21,38.50252914428711,38.91514988405882,38.42313212363616,38.60117426126547,2576000,8563.0,5.822615623474121,329697.1570625305,329702.979678154,229.702979678154,-0.35803792194206707
2020-10-22,38.34976959228516,38.66013656723893,37.861360398948186,38.515781286107206,3617600,8563.0,5.822615623474121,328389.07701873785,328394.8996343613,228.3948996343613,-0.3967449869787587
2020-10-23,38.326908111572266,38.47246752910567,38.012928712733846,38.40870979488028,2091200,8563.0,5.822615623474121,328193.3141593933,328199.1367750168,228.19913677501677,-0.059612027946387425
2020-10-26,37.4992561340332,38.21021706118142,37.03249976186551,37.93713851794308,4809600,8563.0,5.822615623474121,321106.1302757263,321111.9528913498,221.1119528913498,-2.1594157599888253
2020-10-27,37.66767120361328,37.8084213370668,37.49324148216052,37.688123458327006,3296800,8563.0,5.822615623474121,322548.2685165405,322554.091132164,222.554091132164,0.44910761739913596
2020-10-28,36.163944244384766,36.96873726951772,36.0917647898366,36.95791090201543,6426400,8563.0,5.822615623474121,309671.85456466675,309677.6771802902,209.67767718029023,-3.992016937896403
2020-10-29,36.67642211914063,37.08543422014047,36.26741001814078,36.32875944701053,5878400,8563.0,5.822615623474121,314060.20260620123,314066.0252218247,214.06602522182473,1.4170695419481794
2020-10-30,35.847564697265625,36.399731535330666,35.46261367742596,36.21567592264232,6740000,8563.0,5.822615623474121,306962.69650268555,306968.519118309,206.968519118309,-2.259877074733796
2020-11-02,35.922149658203125,36.38409676700883,35.53599447549846,36.13507926410578,4953600,8563.0,5.822615623474121,307601.36752319336,307607.19013881683,207.60719013881683,0.2080574979943295
2020-11-03,36.57296371459961,36.81957659531557,36.0448578790377,36.18921314636382,7177600,8563.0,5.822615623474121,313174.28828811646,313180.11090373993,213.18011090373994,1.8117004229999178
2020-11-04,38.01893615722656,38.2751711827446,37.29233606530863,37.69533462477036,7357600,8563.0,5.822615623474121,325556.15031433105,325561.9729299545,225.56197292995455,3.953591430338421
2020-11-05,39.22914123535156,39.30011654732412,38.86824757848761,38.97531078766652,7440000,8563.0,5.822615623474121,335919.13639831543,335924.9590139389,235.92495901393892,3.183107041255706
2020-11-06,39.4119873046875,39.50341486002806,38.64448631209604,39.14011294561664,3914400,8563.0,5.822615623474121,337484.84729003906,337490.66990566254,237.49066990566251,0.4660894791264081
2020-11-09,39.00057601928711,40.450164073747295,38.93320949697926,40.450164073747295,7241600,8563.0,5.822615623474121,333961.9324531555,333967.755068779,233.967755068779,-1.0438554754323426
2020-11-10,38.194580078125,38.87907536597702,37.84330862396815,38.597578743898026,10052800,8563.0,5.822615623474121,327060.1892089844,327066.01182460785,227.06601182460787,-2.066589704970101
2020-11-11,39.12808227539063,39.24356719056675,38.55065035711148,38.62162565243843,5468000,8563.0,5.822615623474121,335053.76852417,335059.59113979345,235.05959113979347,2.4440262901644028
2020-11-12,38.823726654052734,39.350628155985945,38.65891551488836,39.16537210928573,2980000,8563.0,5.822615623474121,332447.57133865356,332453.39395427704,232.45339395427703,-0.7778309454299581
2020-11-13,39.12929153442383,39.20267515292674,38.75516687614199,39.10282585300967,2504800,8563.0,5.822615623474121,335064.12340927124,335069.9460248947,235.0699460248947,0.7870432722902221
2020-11-16,39.51424407958984,39.57800180799485,39.02463083570997,39.24718264394626,4412000,8563.0,5.822615623474121,338360.4720535278,338366.29466915125,238.36629466915124,0.9837792626175013
2020-11-17,39.39995956420898,39.599654481641394,39.16417675196344,39.35063699383111,2993600,8563.0,5.822615623474121,337381.8537483215,337387.67636394495,237.38767636394496,-0.2892186132673724
2020-11-18,38.989742279052734,39.52146049881194,38.989742279052734,39.3843228311273,2917600,8563.0,5.822615623474121,333869.16313552856,333874.98575115204,233.87498575115205,-1.0411437224528974
2020-11-19,39.41679763793945,39.45168504562027,38.80809075401586,39.00417685514686,2460000,8563.0,5.822615623474121,337526.03817367554,337531.860789299,237.53186078929903,1.0952827238374097
2020-11-20,39.10042190551758,39.5178557185555,39.08598674652839,39.44086330901299,2560800,8563.0,5.822615623474121,334816.912776947,334822.7353925705,234.82273539257048,-0.8026280512877793
2020-11-23,39.12567901611328,39.43965837347757,38.796064019076205,39.22311999948847,3307200,8563.0,5.822615623474121,335033.189414978,335039.0120306015,235.0390120306015,0.06459437044423755
2020-11-24,39.59003448486328,39.65860516004992,38.97170159695584,39.28808562027657,3805600,8563.0,5.822615623474121,339009.4652938843,339015.28790950775,239.01528790950778,1.1868098150143336
2020-11-25,39.77529144287109,39.86310654269501,39.57800116425331,39.73799572384471,2536800,8563.0,5.822615623474121,340595.8206253051,340601.6432409286,240.60164324092858,0.46793032290752823
2020-11-27,40.07001876831055,40.19152079692061,39.97137362966079,40.003856405499015,1743200,8563.0,5.822615623474121,343119.5707130432,343125.3933286667,243.1253933286667,0.7409682653682692
2020-11-30,40.3394889831543,40.359941239348814,39.553943924956265,40.08806683892861,3122400,8563.0,5.822615623474121,345427.04416275024,345432.8667783737,245.4328667783737,0.6724869375950737
2020-12-01,40.67391204833984,40.89285505812891,40.39963304494686,40.60654553320471,5749600,8563.0,5.822615623474121,348290.708869934,348296.5314855575,248.2965314855575,0.8290075967267718
2020-12-02,40.62459945678711,40.665500299382025,40.196339256439984,40.51993720729977,2906400,8563.0,5.822615623474121,347868.445148468,347874.2677640915,247.87426776409148,-0.12123684369320653
2020-12-03,40.64985656738281,40.93135316254893,40.5692553734541,40.69797498454627,2307200,8563.0,5.822615623474121,348084.721786499,348090.5444021225,248.0905444021225,0.06217092152893677
2020-12-04,41.10578536987305,41.10578536987305,40.66429055314592,40.7400788018135,2954400,8563.0,5.822615623474121,351988.8401222229,351994.6627378464,251.9946627378464,1.1215812662850544
2020-12-07,41.20803451538086,41.329536540679136,41.08051906497264,41.121419900839456,3588800,8563.0,5.822615623474121,352864.3995552063,352870.2221708298,252.8702221708298,0.24874224687760904
2020-12-08,41.39449691772461,41.53404288449013,41.056460203935565,41.19600617070108,3334400,8563.0,5.822615623474121,354461.07710647583,354466.8997220993,254.4668997220993,0.45248293875490564
2020-12-09,40.54519271850586,41.49193631164085,40.390007447510335,41.40532170355026,7505600,8563.0,5.822615623474121,347188.4852485657,347194.30786418915,247.19430786418917,-2.0516984416914075
2020-12-10,40.72444152832031,40.88564024839643,40.19272327870808,40.28655915028669,6369600,8563.0,5.822615623474121,348723.39280700684,348729.2154226303,248.7292154226303,0.44208891784065507
2020-12-11,40.65225982666016,40.66068155895854,40.18911227584626,40.47903059377808,3390400,8563.0,5.822615623474121,348105.300895691,348111.12351131445,248.11112351131445,-0.17724121868217813
2020-12-14,40.82669448852539,41.16112244305388,40.80143296204084,40.8242861813936,2468800,8563.0,5.822615623474121,349598.9849052429,349604.8075208664,249.6048075208664,0.4290825281552335
2020-12-15,41.50517272949219,41.50517272949219,41.04683810598111,41.23931544587236,3760800,8563.0,5.822615623474121,355408.7940826416,355414.6166982651,255.41461669826506,1.6618218778504446
2020-12-16,41.807125091552734,41.90577024132404,41.4378096923457,41.57374689389879,2983200,8563.0,5.822615623474121,357994.41215896606,358000.23477458954,258.00023477458956,0.7274934554871049
2020-12-17,42.188018798828125,42.24708084802543,41.98672006201797,42.0988224504888,3898400,8563.0,5.822615623474121,361256.00497436523,361261.8275899887,261.26182758998874,0.9110588481744397
2020-12-18,42.0747184753418,42.28565859408023,41.88065533178423,42.28083607567088,3024000,8563.0,5.822615623474121,360285.8143043518,360291.6369199753,260.2916369199753,-0.26855609862953544
2020-12-21,42.18681335449219,42.20730629698687,41.29122284337922,41.67814622451424,4828800,8563.0,5.822615623474121,361245.6827545166,361251.5053701401,261.2515053701401,0.26641430213880657
2020-12-22,42.64244079589844,42.799141351521136,42.283242320454285,42.44837768379648,4200000,8563.0,5.822615623474121,365147.2205352783,365153.0431509018,265.1530431509018,1.080005957833774
2020-12-23,42.25431060791016,42.773825604064456,42.2482852197936,42.72681801264722,3109600,8563.0,5.822615623474121,361823.6617355347,361829.4843511582,261.8294843511582,-0.910182418600336
2020-12-24,42.53516387939453,42.63038928876714,42.34109709211633,42.34109709211633,1459200,8563.0,5.822615623474121,364228.6082992554,364234.43091487885,264.2344309148788,0.6646629607958143
2020-12-28,42.83409881591797,42.96910357361023,42.607491963567455,42.941378692579015,4860800,8563.0,5.822615623474121,366788.38816070557,366794.21077632904,266.794210776329,0.7027836042354796
2020-12-29,42.55083084106445,43.11494395733785,42.46886276347978,43.06070075525269,4262400,8563.0,5.822615623474121,364362.7644920349,364368.5871076584,264.36858710765836,-0.6613036949347562
2020-12-30,42.60747909545898,42.8003356197667,42.53033354293397,42.73645106842673,2836000,8563.0,5.822615623474121,364847.8434944152,364853.6661100387,264.8536661100387,0.13312865585666245
2020-12-31,42.64485549926758,42.71717855239262,42.32061014853467,42.63400759307432,3288000,8563.0,5.822615623474121,365167.8976402283,365173.72025585175,265.1737202558517,0.08772123608495885
2021-01-04,41.93609619140625,42.85458903394829,41.362337962835305,42.83650919029653,6480800,8563.0,5.822615623474121,359098.7916870117,359104.6143026352,259.1046143026352,-1.6619777428026228
2021-01-05,42.28083038330078,42.2989139052753,41.8276130334402,41.83243187269704,3568000,8563.0,5.822615623474121,362050.7505722046,362056.57318782806,262.05657318782806,0.8220331256186819
2021-01-06,41.57931137084961,42.356774155344574,41.45154222465037,41.71431245524853,6245600,8563.0,5.822615623474121,356043.6432685852,356049.4658842087,256.0494658842087,-1.6591626139329962
2021-01-07,42.76298141479492,42.857000284303496,42.01203700785574,42.01806239649595,4467200,8563.0,5.822615623474121,366179.4098548889,366185.2324705124,266.1852324705124,2.846729894997213
2021-01-08,43.07516860961914,43.23307571331718,42.60989682020589,43.03177698674258,4316800,8563.0,5.822615623474121,368852.6688041687,368858.4914197922,268.8584914197922,0.7300291525259794
2021-01-11,42.70753860473633,43.02575860499632,42.47972519053069,42.74852081473883,5318400,8563.0,5.822615623474121,365704.6530723572,365710.47568798065,265.71047568798065,-0.853448085116415
2021-01-12,42.64485549926758,42.77985656989923,42.21694624740468,42.71114948550528,14567200,8563.0,5.822615623474121,365167.8976402283,365173.72025585175,265.1737202558517,-0.14677059253475067
2021-01-13,42.85820770263672,43.01972711360652,42.612310777972105,42.68101786668044,3872800,8563.0,5.822615623474121,366994.8325576782,367000.6551733017,267.0006551733017,0.5002920024392621
2021-01-14,42.59060287475586,43.11132432794196,42.53033429022513,42.97511673834211,3349600,8563.0,5.822615623474121,364703.3324165344,364709.1550321579,264.7091550321579,-0.624385844777775
2021-01-15,42.1422233581543,42.74852544330055,42.04338195235608,42.54120127239644,4156000,8563.0,5.822615623474121,360863.85861587524,360869.6812314987,260.86968123149876,-1.0527494985204444
2021-01-19,42.667762756347656,42.74852062677571,42.30373802930202,42.44115221385656,4024800,8563.0,5.822615623474121,365364.052482605,365369.87509822845,265.3698750982285,1.2470412730081426
2021-01-20,43.47536087036133,43.59710463196389,43.00647302711156,43.00647302711156,3961600,8563.0,5.822615623474121,372279.51513290405,372285.3377485275,272.2853377485275,1.8927292920468242
2021-01-21,43.979190826416016,44.09370261125916,43.4693209429101,43.73450051430611,3644800,8563.0,5.822615623474121,376593.81104660034,376599.6336622238,276.5996336622238,1.1588680714067046
2021-01-22,43.8502311706543,44.01657310338082,43.68388923792778,43.76103113689301,3693600,8563.0,5.822615623474121,375489.52951431274,375495.3521299362,275.49535212993624,-0.2932242715026234
2021-01-25,44.145545959472656,44.54090785527711,43.081204029477455,44.37938843768969,6279200,8563.0,5.822615623474121,378018.31005096436,378024.13266658783,278.02413266658783,0.6734518875686435
2021-01-26,44.00452423095703,44.35167201661022,43.92135325403995,44.30707015481811,6351200,8563.0,5.822615623474121,376810.74098968506,376816.56360530853,276.81656360530854,-0.3194423204574526
2021-01-27,43.12096786499024,43.8755317586192,42.73886707969122,43.77307442403179,10807200,8563.0,5.822615623474121,369244.84782791144,369250.6704435349,269.2506704435349,-2.0078451672571385
2021-01-28,43.35000228881836,43.99607994367944,43.22222946695041,43.363259615722406,3753600,8563.0,5.822615623474121,371206.0695991516,371211.8922147751,271.2118922147751,0.531135601970445
2021-01-29,42.34470748901367,43.28369309856067,42.09760775526569,43.148692053088446,7924000,8563.0,5.822615623474121,362597.7302284241,362603.55284404755,262.6035528440475,-2.3189826487958864
2021-02-01,43.40785217285156,43.58986450644744,42.54842142159844,42.84253245879174,5582400,8563.0,5.822615623474121,371701.43815612793,371707.2607717514,271.7072607717514,2.5106505041938343
2021-02-02,44.09973907470703,44.20822549959682,43.80321858698354,43.88759610000816,3616000,8563.0,5.822615623474121,377626.0656967163,377631.8883123398,277.63188831233975,1.5938961020797615
2021-02-03,43.93701553344727,44.28054360739452,43.80201445928501,44.25161585678929,3337600,8563.0,5.822615623474121,376232.664012909,376238.48662853247,276.2384866285325,-0.3689841157309304
2021-02-04,44.67470169067383,44.67470169067383,44.05755183366109,44.17567593189198,3020800,8563.0,5.822615623474121,382549.47057724,382555.29319286346,282.5552931928635,1.6789368416122885
2021-02-05,44.683143615722656,44.86635884408982,44.53005901027106,44.86635884408982,2907200,8563.0,5.822615623474121,382621.7587814331,382627.5813970566,282.6275813970566,0.018896145336211312
2021-02-08,45.1954231262207,45.20144851462133,44.83983692650436,44.91456939948801,3248800,8563.0,5.822615623474121,387008.4082298279,387014.23084545135,287.0142308454513,1.1464540617741603
2021-02-09,45.20987319946289,45.36416061615162,45.065227136972496,45.065227136972496,4436000,8563.0,5.822615623474121,387132.14420700073,387137.9668226242,287.1379668226242,0.0319719450374123
2021-02-10,45.12911987304688,45.46903560662652,44.74701906887992,45.41720550158857,3140000,8563.0,5.822615623474121,386440.65347290045,386446.4760885239,286.4464760885239,-0.17861609900355901
2021-02-11,45.62091445922852,45.64261026938162,45.21952357888156,45.40515187114267,4443200,8563.0,5.822615623474121,390651.89051437384,390657.7131299973,290.6577131299973,1.0897335859025192
2021-02-12,45.877662658691406,45.899362150700405,45.3593541618187,45.53172147772949,2377600,8563.0,5.822615623474121,392850.4253463745,392856.247961998,292.856247961998,0.5627777868215444
2021-02-16,45.700469970703125,46.13319802233554,45.51845764469369,46.06087497581834,3397600,8563.0,5.822615623474121,391333.12435913086,391338.94697475433,291.3389469747544,-0.3862229492632152
2021-02-17,45.21109771728516,45.32199357542634,44.719307490646734,45.29185927118736,3560000,8563.0,5.822615623474121,387142.62975311285,387148.4523687363,287.14845236873634,-1.0708094960679593
2021-02-18,45.00376510620117,45.08693606456328,44.41674955841589,44.72532448159872,2912800,8563.0,5.822615623474121,385367.24060440063,385373.0632200241,285.3730632200241,-0.45858097529504205
2021-02-19,45.05801010131836,45.36176251878933,44.84586345378114,45.27618213740922,2415200,8563.0,5.822615623474121,385831.7404975891,385837.5631132126,285.8375631132126,0.12053252744426146
2021-02-22,43.96112060546875,44.60720190181716,43.92857688615679,44.484251605187474,3908800,8563.0,5.822615623474121,376439.0757446289,376444.8983602524,276.44489836025235,-2.4343572660923685
2021-02-23,43.71039962768555,43.974376354957215,42.22538063778801,43.15231187713862,9191200,8563.0,5.822615623474121,374292.15201187134,374297.9746274948,274.2979746274948,-0.5703155341218125
2021-02-24,44.3118782043457,44.36009234138644,43.00766501385242,43.47294044862761,5368800,8563.0,5.822615623474121,379442.61306381226,379448.43567943573,279.44843567943576,1.3760323060969526
2021-02-25,42.66655349731445,44.27210990922363,42.5086500571293,43.99005329824015,5407200,8563.0,5.822615623474121,365353.69759750366,365359.52021312714,265.35952021312715,-3.712998695351355
2021-02-26,42.97151184082031,43.59348423483156,42.4893630403623,43.09687155892035,5277600,8563.0,5.822615623474121,367965.05589294434,367970.8785085678,267.9708785085678,0.7147366226880836
2021-03-01,44.3890266418457,44.43603423299206,43.50307756213344,43.69473125227477,5344000,8563.0,5.822615623474121,380103.23513412476,380109.05774974823,280.1090577497482,3.2986793113569224
2021-03-02,43.60433578491211,44.54693765141026,43.57420148236552,44.4999263737558,3537600,8563.0,5.822615623474121,373383.9273262024,373389.74994182587,273.38974994182587,-1.767731568329567
2021-03-03,42.40739440917969,43.571784087893086,42.354357752124194,43.489816004305375,4440000,8563.0,5.822615623474121,363134.51832580566,363140.34094142914,263.14034094142914,-2.7449626032834518
2021-03-04,41.3261833190918,42.552044688831,40.7970231997828,42.26998805793079,9154400,8563.0,5.822615623474121,353876.10776138306,353881.93037700653,253.88193037700654,-2.5495406377656904
2021-03-05,41.99516296386719,42.10726168562044,40.45228815698373,41.84449145231592,8107200,8563.0,5.822615623474121,359604.5804595947,359610.4030752182,259.6104030752182,1.6187525291581961
2021-03-08,40.91153717041016,42.204902830142125,40.8765803475785,41.94212890201634,6212800,8563.0,5.822615623474121,350325.4927902222,350331.3154058457,250.33131540584571,-2.580316806750338
2021-03-09,42.4773063659668,42.74369253432496,41.90716779344698,41.99515759069248,8612800,8563.0,5.822615623474121,363733.1744117737,363738.99702739716,263.73899702739715,3.8271433445848713
2021-03-10,42.29649353027344,43.03297757465678,42.26635923683801,43.03297757465678,5149600,8563.0,5.822615623474121,362184.87409973145,362190.6967153549,262.19069671535493,-0.42566244606585535
2021-03-11,43.34156799316406,43.57179451902071,42.9329450619122,42.9329450619122,4308000,8563.0,5.822615623474121,371133.84672546387,371139.66934108734,271.1396693410873,2.4707903065675385
2021-03-12,43.02575302124024,43.03057186049488,42.511056846805374,42.82083831931722,3212000,8563.0,5.822615623474121,368429.5231208802,368435.34573650366,268.4353457365037,-0.7286538809998078
2021-03-15,43.556114196777344,43.56575555340378,42.92088085335624,43.07034946983932,3540000,8563.0,5.822615623474121,372971.0058670044,372976.82848262787,272.97682848262787,1.2326403529622665
2021-03-16,43.78995513916016,44.24558555309438,43.54044228239778,43.86830357401468,5140000,8563.0,5.822615623474121,374973.3858566285,374979.20847225195,274.97920847225197,0.536864447523544
2021-03-17,43.80321502685547,44.03585092558249,43.03057118136798,43.39459585702697,4605600,8563.0,5.822615623474121,375086.9302749634,375092.75289058685,275.09275289058684,0.030280190413090047
2021-03-18,42.39896011352539,43.2752642335437,42.34351403148866,43.18004249403579,3854400,8563.0,5.822615623474121,363062.2954521179,363068.1180677414,263.0681180677414,-3.2057763660267247
2021-03-19,42.37364196777344,42.67377837367324,42.06747649567512,42.4423453658148,3244000,8563.0,5.822615623474121,362845.49617004395,362851.3187856674,262.8513187856674,-0.05971311478071284
2021-03-22,43.14748764038086,43.36445677006229,42.53274729070432,42.5520336807984,7044800,8563.0,5.822615623474121,369471.9366645813,369477.7592802048,269.47775928020474,1.8262137000669254
2021-03-23,42.822052001953125,43.42112210518013,42.70151478744873,43.265628068488375,2420000,8563.0,5.822615623474121,366685.2312927246,366691.0539083481,266.69105390834807,-0.7542281779789883
2021-03-24,42.16512298583984,43.083615977778685,42.16512298583984,43.07879713768993,2912800,8563.0,5.822615623474121,361059.9481277465,361065.77074337,261.06577074336997,-1.5340661041553738
2021-03-25,42.17475891113281,42.30734687650147,41.561221380785504,41.925246046551855,3504000,8563.0,5.822615623474121,361142.4605560303,361148.28317165375,261.14828317165376,0.022852464833178487
2021-03-26,43.18051910400391,43.22640631636987,42.154107805749305,42.1794651706939,2932800,8563.0,5.822615623474121,369754.7850875855,369760.607703209,269.760607703209,2.3847059318462316
2021-03-29,42.85569381713867,43.1974304978527,42.60935405075643,43.08029869725642,3452000,8563.0,5.822615623474121,366973.30615615845,366979.1287717819,266.9791287717819,-0.752237765051389
2021-03-30,42.58398818969727,42.65765020307202,42.20602677393014,42.58036570937572,2256800,8563.0,5.822615623474121,364646.69086837774,364652.5134840012,264.6525134840012,-0.6339911742576421
2021-03-31,43.28920364379883,43.58263936513575,42.87018611589229,42.87018611589229,3500000,8563.0,5.822615623474121,370685.45080184937,370691.27341747284,270.69127341747287,1.6560313477001598
2021-04-01,44.19244766235352,44.20814630967536,43.83380727361877,43.86278712398005,3245600,8563.0,5.822615623474121,378419.9293327332,378425.7519483567,278.4257519483567,2.0865013787830122
2021-04-05,44.97493362426758,45.05945941025106,44.412218230192856,44.51486010650615,4255200,8563.0,5.822615623474121,385120.3566246033,385126.17924022675,285.12617924022675,1.7706055302453283
2021-04-06,44.89402389526367,45.16451229011378,44.70685624438578,44.920589982981305,2087200,8563.0,5.822615623474121,384427.5266151428,384433.3492307663,284.4333492307663,-0.17989688751547384
2021-04-07,45.05583953857422,45.13916029245518,44.69116291392557,44.86625442118546,2060800,8563.0,5.822615623474121,385813.15396881104,385818.9765844345,285.8189765844345,0.36043370234157823
2021-04-08,45.74171447753906,45.74171447753906,45.402395284957606,45.45069993945008,3368800,8563.0,5.822615623474121,391686.301071167,391692.12368679047,291.69212368679047,1.5222545957561673
2021-04-09,46.12210464477539,46.14142208914407,45.45795601946061,45.56663414839548,2572800,8563.0,5.822615623474121,394943.58207321167,394949.40468883514,294.94940468883516,0.8315921625856593
2021-04-12,45.969947814941406,46.11122826091932,45.70790940208336,45.99410014534308,2897600,8563.0,5.822615623474121,393640.66313934326,393646.48575496674,293.6464857549667,-0.32989515072061604
2021-04-13,46.46504211425781,46.490399482139416,46.08828933664646,46.13779535032492,3532800,8563.0,5.822615623474121,397880.15562438965,397885.9782400131,297.8859782400131,1.0769796348913285
2021-04-14,45.96149826049805,46.54836603880992,45.86972381887949,46.490402651714746,3935200,8563.0,5.822615623474121,393568.3096046448,393574.13222026825,293.57413222026827,-1.083688859511378
2021-04-15,46.74277114868164,46.770545958150585,46.41431937832776,46.41431937832776,3339200,8563.0,5.822615623474121,400258.3493461609,400264.17196178436,300.2641719617843,1.6998169325244117
2021-04-16,46.67032241821289,46.85749377099098,46.49039971285097,46.85749377099098,2580800,8563.0,5.822615623474121,399637.970867157,399643.79348278046,299.6437934827805,-0.15499225822868112
2021-04-19,46.22956848144531,46.68964199710196,45.95424886825608,46.46745456234645,2954400,8563.0,5.822615623474121,395863.7949066162,395869.6175222397,295.8696175222397,-0.9443849803471016
2021-04-20,45.76103973388672,46.33220879016621,45.50987245943664,46.135378729234425,3850400,8563.0,5.822615623474121,391851.783241272,391857.60585689545,291.8576058568954,-1.0134679419086412
2021-04-21,46.24284744262695,46.266996084647886,45.57024529942892,45.66081099854481,5244800,8563.0,5.822615623474121,395977.5026512146,395983.3252668381,295.98332526683805,1.0528618937791778
2021-04-22,45.812965393066406,46.48918637362728,45.59922797141774,46.18850941315904,4720000,8563.0,5.822615623474121,392296.42266082764,392302.2452764511,292.3022452764511,-0.9296047978551658
2021-04-23,46.480735778808594,46.64979102177961,45.891454344628535,45.891454344628535,1837600,8563.0,5.822615623474121,398014.540473938,398020.36308956146,298.0203630895615,1.4575796804529695
2021-04-26,46.85749435424805,46.882851722571125,46.49402277272767,46.49402277272767,3492800,8563.0,5.822615623474121,401240.724155426,401246.5467710495,301.2465467710495,0.8105574439572383
2021-04-27,46.69326019287109,46.94080865720236,46.559224722165375,46.93839121332292,3612800,8563.0,5.822615623474121,399834.3870315551,399840.2096471786,299.8402096471786,-0.35049201923059714
2021-04-28,46.32376480102539,46.549574756424605,46.24889772331323,46.53146234812793,3096800,8563.0,5.822615623474121,396670.3979911804,396676.2206068039,296.6762206068039,-0.7913133707004194
2021-04-29,46.1812629699707,46.70774981439168,45.709113335568674,46.70774981439168,3200000,8563.0,5.822615623474121,395450.15481185913,395455.9774274826,295.4559774274826,-0.30761692179447353
2021-04-30,45.51711654663086,45.96149139257288,45.41568339821766,45.707906678975874,2964800,8563.0,5.822615623474121,389763.06898880005,389768.8916044235,289.7688916044235,-1.4381084488985785
2021-05-03,45.334774017333984,45.82262229260565,45.2212647104372,45.72964283275522,4212000,8563.0,5.822615623474121,388201.6699104309,388207.4925260544,288.2074925260544,-0.4005961255506785
2021-05-04,44.41584396362305,44.95923827023053,43.906260710910445,44.95923827023053,5891200,8563.0,5.822615623474121,380332.87186050415,380338.6944761276,280.3386944761276,-2.026956769619448
2021-05-05,44.28301239013672,44.804671795751545,44.20331411829598,44.74549968908179,1647200,8563.0,5.822615623474121,379195.4350967407,379201.2577123642,279.20125771236417,-0.2990589125647869
2021-05-06,44.553489685058594,44.57281080841739,43.81085174063109,44.24556780338517,3889600,8563.0,5.822615623474121,381511.53217315674,381517.3547887802,281.5173547887802,0.610783068175591
2021-05-07,44.98097610473633,45.282861850405695,44.80467586110146,45.01116467930326,2437600,8563.0,5.822615623474121,385172.0983848572,385177.92100048065,285.17792100048064,0.9594756741084565
2021-05-10,43.81809997558594,44.80345522975068,43.80481877516853,44.80345522975068,3597600,8563.0,5.822615623474121,375214.3900909424,375220.21270656586,275.22021270656586,-2.5852230231811157
2021-05-11,43.77946090698242,43.88089774084824,42.78203310183007,42.92935346466716,6448000,8563.0,5.822615623474121,374883.5237464905,374889.34636211395,274.88934636211394,-0.08817924334759697
2021-05-12,42.49102783203125,43.34355297865385,42.38355472565152,43.08996818681086,6810400,8563.0,5.822615623474121,363850.6713256836,363856.49394130707,263.85649394130706,-2.942962377530467
2021-05-13,42.97403717041016,43.37735605543942,42.622641745475576,42.92694122860675,3992000,8563.0,5.822615623474121,367986.6802902222,367992.5029058457,267.9925029058457,1.1367143457403195
2021-05-14,43.96904373168945,44.10911912560401,43.350782465534046,43.47515921489634,2633600,8563.0,5.822615623474121,376506.9214744568,376512.74409008026,276.5127440900803,2.315330099650037
2021-05-17,43.63817596435547,43.74685406356122,43.221572284751154,43.72874166121487,2685600,8563.0,5.822615623474121,373673.7007827759,373679.52339839935,273.67952339839934,-0.752489985041005
2021-05-18,43.35200119018555,43.94611026562896,43.3326800605192,43.81207476530004,3141600,8563.0,5.822615623474121,371223.18619155884,371229.0088071823,271.2290088071823,-0.6557797357829576
2021-05-19,43.50414276123047,43.52225885117988,42.59003567005447,42.63350544162551,2688000,8563.0,5.822615623474121,372525.9744644165,372531.79708004,272.53179708003995,0.3509392428796776
2021-05-20,44.36511993408203,44.5112315751151,43.66232916857932,43.686481497650185,2498400,8563.0,5.822615623474121,379898.52199554443,379904.3446111679,279.9043446111679,1.9790384576336972
2021-05-21,44.1525993347168,44.69116242372024,44.116370837484645,44.61146415196357,2177600,8563.0,5.822615623474121,378078.70810317993,378084.5307188034,278.08453071880336,-0.4790189736385009
2021-05-24,44.92058944702149,45.07998597142549,44.50157197332291,44.50640317606703,5909600,8563.0,5.822615623474121,384655.007434845,384660.8300504685,284.6608300504685,1.7393727585633956
2021-05-25,44.9350814819336,45.20677860829336,44.84210201422549,45.12466658342427,2137600,8563.0,5.822615623474121,384779.1027297974,384784.9253454209,284.7849253454209,0.03226096479231888
2021-05-26,45.02323913574219,45.16210583644887,44.87350130569112,45.04618274635174,2072800,8563.0,5.822615623474121,385533.99671936035,385539.8193349838,285.53981933498386,0.1961859573592406
2021-05-27,44.83366012573242,45.14399958725337,44.81554771623548,44.97735804962332,1900000,8563.0,5.822615623474121,383910.6316566467,383916.4542722702,283.9164542722702,-0.42106287893005634
2021-05-28,44.95439910888672,45.22971869475856,44.9326642249008,45.0208124827752,1802400,8563.0,5.822615623474121,384944.519569397,384950.34218502045,284.9503421850204,0.2693002347893714
2021-06-01,44.75275039672852,45.21886392185438,44.64165850181256,45.15969549271716,3530400,8563.0,5.822615623474121,383217.80164718634,383223.6242628098,283.2236242628098,-0.4485560169682157
2021-06-02,45.00753402709961,45.17779799896289,44.75274058774288,44.84934621989655,3008800,8563.0,5.822615623474121,385399.51387405396,385405.33648967743,285.4053364896774,0.5693052538356724
2021-06-03,44.52573013305664,44.79138735672615,44.28663531513849,44.63078577444951,3086400,8563.0,5.822615623474121,381273.827129364,381279.6497449875,281.27964974498747,-1.070479921805767
2021-06-04,45.36737823486328,45.42775536656519,44.826397808168245,44.826397808168245,2740000,8563.0,5.822615623474121,388480.8598251343,388486.68244075775,288.48668244075776,1.8902222294293836
2021-06-07,45.43017959594727,45.45433192824573,45.22127334546394,45.33840515536732,4038400,8563.0,5.822615623474121,389018.6278800965,389024.45049571997,289.02445049572,0.138426380946588
2021-06-08,45.50987243652344,45.88421143168267,45.320287337489546,45.66806024434385,1862400,8563.0,5.822615623474121,389701.0376739502,389706.86028957367,289.7068602895737,0.17541565651828517
2021-06-09,45.4857177734375,45.78156721051238,45.47485033129687,45.7284350366285,1462400,8563.0,5.822615623474121,389494.2012939453,389500.0239095688,289.50002390956877,-0.053074862436652825
2021-06-10,45.89508819580078,45.92406804888184,45.45312701067056,45.56421890423383,2942400,8563.0,5.822615623474121,392999.6402206421,393005.46283626556,293.00546283626556,0.8999842648304002
2021-06-11,46.17644500732422,46.19093493415057,45.88301293370398,45.93855888158128,2219200,8563.0,5.822615623474121,395408.8985977173,395414.72121334076,295.4147212133408,0.6130343226498525
2021-06-14,46.68601989746094,46.68601989746094,46.11364578026421,46.25372118954032,2420000,8563.0,5.822615623474121,399772.388381958,399778.2109975815,299.7782109975815,1.1035223400007066
2021-06-15,46.36481094360352,46.670319115549006,46.26216907161821,46.670319115549006,2441600,8563.0,5.822615623474121,397021.87611007696,397027.69872570044,297.0276987257004,-0.6880095503498329
2021-06-16,46.17041015625,46.55199420972414,45.67531675904682,46.40587884452525,4434400,8563.0,5.822615623474121,395357.22216796875,395363.0447835922,295.3630447835922,-0.41927904462361054
2021-06-17,46.76571273803711,46.94563541801773,45.98443247709964,46.0073760828173,11313600,8563.0,5.822615623474121,400454.79817581177,400460.62079143524,300.46062079143525,1.289340537791861
2021-06-18,46.39137268066406,46.731900592669206,46.295979464529125,46.52782558984449,7348000,8563.0,5.822615623474121,397249.32426452637,397255.14688014984,297.2551468801498,-0.8004467218150846
2021-06-21,46.80436325073242,46.829720619639176,46.05327142418576,46.405871885126885,4687200,8563.0,5.822615623474121,400785.7625160217,400791.5851316452,300.79158513164515,0.8902183594772461
2021-06-22,47.25357437133789,47.27168677962296,46.73070617969296,46.79591453464805,2716800,8563.0,5.822615623474121,404632.35734176636,404638.17995738983,304.6381799573898,0.9597493980521454
2021-06-23,47.22096252441406,47.40451139939711,47.14489041900379,47.25598229952978,2051200,8563.0,5.822615623474121,404353.1020965576,404358.9247121811,304.3589247121811,-0.06901356793324043
2021-06-24,47.544578552246094,47.71388749385456,47.44903848529419,47.54578539745385,2784800,8563.0,5.822615623474121,407124.2261428833,407130.0487585068,307.13004875850675,0.6853129427768057
2021-06-25,47.53370666503906,47.648596890149605,47.41277113993716,47.64496897202292,2283200,8563.0,5.822615623474121,407031.1301727295,407036.95278835297,307.03695278835295,-0.02286639623817477
2021-06-28,48.04041290283203,48.09604588554795,47.70905084099269,47.70905084099269,3522400,8563.0,5.822615623474121,411370.0556869507,411375.87830257416,311.37587830257416,1.065978281455271
2021-06-29,48.38386917114258,48.39475661301191,47.964222873599326,48.04887919278535,6235200,8563.0,5.822615623474121,414311.0717124939,414316.89432811737,314.3168943281173,0.7149218465794638
2021-06-30,48.22544860839844,48.35243309937883,48.10572364291456,48.314943389163496,4003200,8563.0,5.822615623474121,412954.5164337158,412960.3390493393,312.96033904933927,-0.3274197353158703
2021-07-01,48.24117660522461,48.29317799135825,47.93520989730148,48.177080929356414,3461600,8563.0,5.822615623474121,413089.19527053833,413095.0178861618,313.0950178861618,0.03261301972303787
2021-07-02,48.8228759765625,48.8688320630026,48.47337425557058,48.51811980584362,3036800,8563.0,5.822615623474121,418070.2869873047,418076.10960292816,318.07610960292817,1.205798061243879
2021-07-06,49.06473922729492,49.24977038922181,48.584625158801714,48.92203622725373,3208800,8563.0,5.822615623474121,420141.3620033264,420147.1846189499,320.14718461894984,0.4953822924703255
2021-07-07,49.25339889526367,49.44447904869181,48.87003543373483,49.39852296898989,8687200,8563.0,5.822615623474121,421756.8547401428,421762.6773557663,321.76267735576636,0.38450638156282135
2021-07-08,48.77330017089844,48.92084167237937,48.16620510908525,48.40203088044449,4490400,8563.0,5.822615623474121,417645.7693634033,417651.5919790268,317.6515919790268,-0.9747390173340809
2021-07-09,49.23405456542969,49.28122118667064,48.662031955149686,48.75394412536759,2294400,8563.0,5.822615623474121,421591.2092437744,421597.0318593979,321.59703185939793,0.9446725347497908
2021-07-12,49.22921371459961,49.48075792480227,49.08167226043831,49.46261833836,9924800,8563.0,5.822615623474121,421549.75703811646,421555.57965373993,321.55557965373987,-0.009832186311919955
2021-07-13,49.335636138916016,49.71537167005121,49.070787112418806,49.14092807488612,10911200,8563.0,5.822615623474121,422461.05225753784,422466.8748731613,322.4668748731613,0.21617439393635252
2021-07-14,49.54970169067383,49.91855355255887,49.38885907202689,49.72263859952305,3155200,8563.0,5.822615623474121,424294.09557724,424299.91819286346,324.2999181928635,0.4338904251966369
2021-07-15,49.09859848022461,49.49526674041337,48.80351558891437,49.49526674041337,3946400,8563.0,5.822615623474121,420431.29878616333,420437.1214017868,320.43712140178684,-0.9103930086832746
2021-07-16,48.64992904663086,49.44447610621372,48.59187868246329,49.26670078727497,3323200,8563.0,5.822615623474121,416589.34242630005,416595.1650419235,316.59516504192356,-0.9138004624933527
2021-07-19,48.06097412109375,48.24721581139272,47.70179556370345,48.04283453549996,5864800,8563.0,5.822615623474121,411546.1213989258,411551.94401454926,311.55194401454924,-1.2105807869533858
2021-07-20,48.84222412109375,49.1227953917057,48.022281506086976,48.30527015827597,7271200,8563.0,5.822615623474121,418235.9651489258,418241.78776454926,318.24178776454926,1.6255162555527836
2021-07-21,49.34047317504883,49.35135692710607,48.75998425471163,48.86761492993888,11828800,8563.0,5.822615623474121,422502.4717979431,422508.2944135666,322.5082944135666,1.0201053012472316
2021-07-22,49.668212890625,49.72988748791969,49.42875926444602,49.42875926444602,2611200,8563.0,5.822615623474121,425308.9069824219,425314.72959804535,325.31472959804535,0.6642319740430169
2021-07-23,50.15558624267578,50.20637709096934,49.755289993030686,49.948783859789486,3440800,8563.0,5.822615623474121,429482.2849960327,429488.1076116562,329.48810761165623,0.9812446461835433
2021-07-26,50.16767120361328,50.23660532349537,49.8858931160837,50.06245791045563,2535200,8563.0,5.822615623474121,429585.7685165405,429591.591132164,329.591591132164,0.024094618377978883
2021-07-27,49.62104797363281,50.09148887109276,48.94743630856712,50.09148887109276,13480800,8563.0,5.822615623474121,424905.0337982178,424910.85641384125,324.9108564138412,-1.0895778257639877
2021-07-28,49.67305755615234,49.86776567524371,49.17722484421484,49.63315045582945,2940800,8563.0,5.822615623474121,425350.39185333246,425356.21446895594,325.35621446895595,0.1048121149159087
2021-07-29,49.918548583984375,50.09511708391307,49.60049129634267,49.66942173138234,4775200,8563.0,5.822615623474121,427452.5315246582,427458.3541402817,327.45835414028164,0.4942068788039711
2021-07-30,49.85082244873047,49.91612865346042,49.52429880639799,49.556950063433646,2056800,8563.0,5.822615623474121,426872.592628479,426878.4152441025,326.8784152441024,-0.1356714380622126
2021-08-02,49.72747802734375,50.1882420749964,49.68273247431249,50.07577292429741,3688000,8563.0,5.822615623474121,425816.39434814453,425822.216963768,325.82221696376797,-0.24742367911259056
2021-08-03,50.00441360473633,50.02497057368125,49.43480472268595,49.84114993593627,2352000,8563.0,5.822615623474121,428187.7936973572,428193.61631298065,328.1936163129807,0.556898925124516
2021-08-04,50.12897491455078,50.24869987765287,49.83268146548291,50.00320096209838,3040800,8563.0,5.822615623474121,429254.41219329834,429260.2348089218,329.26023480892184,0.24909724370143493
2021-08-05,50.44582748413086,50.46880552519371,50.10116055884684,50.247491485621794,1587200,8563.0,5.822615623474121,431967.62074661255,431973.443362236,331.9734433622361,0.6320661298901742
2021-08-06,50.36722183227539,50.43010696796277,50.18823595132986,50.27530966494406,1864000,8563.0,5.822615623474121,431294.52054977417,431300.34316539764,331.3003431653977,-0.15581980956962393
2021-08-09,50.24386215209961,50.47001094819428,50.14590469165923,50.42043064062303,1789600,8563.0,5.822615623474121,430238.19160842896,430244.01422405243,330.2440142240524,-0.24491725037653067
2021-08-10,49.86533737182617,50.418013540029,49.74198447987396,50.34787256789748,3052000,8563.0,5.822615623474121,426996.8839149475,427002.706530571,327.002706530571,-0.7533649711146229
2021-08-11,49.8218002319336,50.115672623853165,49.543650046197655,50.06729915989805,9620000,8563.0,5.822615623474121,426624.0753860474,426629.8980016709,326.6298980016709,-0.08730823556815093
2021-08-12,50.09149169921875,50.12535349573152,49.569049389599726,49.76496433304211,1752000,8563.0,5.822615623474121,428933.44342041016,428939.26603603363,328.93926603603364,0.5413047808369154
2021-08-13,50.31884765625,50.35270945295751,50.06246495394181,50.127771165684536,1634400,8563.0,5.822615623474121,430880.29248046875,430886.1150960922,330.8861150960922,0.4538752252853939
2021-08-16,50.41196823120117,50.41801353045556,49.68635516904832,50.168886674369126,2447200,8563.0,5.822615623474121,431677.68396377563,431683.5065793991,331.6835065793991,0.18505852367256548
2021-08-17,49.981441497802734,50.17372852942925,49.64886882177101,50.11083969775777,2999200,8563.0,5.822615623474121,427991.0835456848,427996.9061613083,327.9969061613083,-0.8540053909640744
2021-08-18,49.34290313720703,50.07093364547641,49.29573651246908,49.87622922805267,2657600,8563.0,5.822615623474121,422523.2795639038,422529.1021795273,322.5291021795273,-1.2775335295812207
2021-08-19,49.71417236328125,49.91613630730017,48.993397691295726,49.05023753380866,3270400,8563.0,5.822615623474121,425702.45794677734,425708.2805624008,325.7082805624008,0.7524164291818902
2021-08-20,50.343040466308594,50.390207092825165,49.82301918231501,49.92823249911739,3579200,8563.0,5.822615623474121,431087.4555130005,431093.27812862396,331.0932781286239,1.2649501576781796
2021-08-23,51.05050277709961,51.110970526592176,50.522015237039945,50.522015237039945,3030400,8563.0,5.822615623474121,437145.45528030396,437151.27789592743,337.1512778959274,1.4052642605798082
2021-08-24,51.12306594848633,51.27786324299422,51.0710608778688,51.160555658750525,2639200,8563.0,5.822615623474121,437766.8137168884,437772.6363325119,337.7726363325119,0.14213808079783785
2021-08-25,51.12670516967773,51.36373777196767,51.02390923240126,51.21740681598178,3656800,8563.0,5.822615623474121,437797.9763679504,437803.79898357386,337.80379898357387,0.007118455672117108
2021-08-26,50.82677459716797,51.211348622632016,50.767517379908696,51.08920627053961,1985600,8563.0,5.822615623474121,435229.6708755493,435235.4934911728,335.23549349117275,-0.5866338981899588
2021-08-27,51.408470153808594,51.45321569734726,50.84733136493946,50.9077991136476,1859200,8563.0,5.822615623474121,440210.729927063,440216.55254268646,340.2165525426865,1.144451481095654
2021-08-30,51.917606353759766,51.985329935480806,51.54149873708253,51.54149873708253,2983200,8563.0,5.822615623474121,444570.4632072449,444576.28582286835,344.5762858228684,0.9903610518505301
2021-08-31,51.60075759887695,51.92728492099326,51.52577818033461,51.911562715687566,14336800,8563.0,5.822615623474121,441857.28731918335,441863.1099348068,341.8631099348068,-0.6102835384122374
2021-09-01,51.63462448120117,51.99138571310466,51.5983453043488,51.7773311883579,4304800,8563.0,5.822615623474121,442147.28943252563,442153.1120481491,342.1531120481491,0.06563166438244838
2021-09-02,51.674537658691406,51.92003660851496,51.44112930793913,51.85231301481598,2580800,8563.0,5.822615623474121,442489.0659713745,442494.888586998,342.49488858699794,0.07729823211368725
2021-09-03,51.92366409301758,52.0312947822034,51.55601909410643,51.61527631543372,2078400,8563.0,5.822615623474121,444622.3356285095,444628.158244133,344.628158244133,0.48210040661647025
2021-09-07,51.869232177734375,52.03612374847729,51.65517768389276,51.9756560020144,3236000,8563.0,5.822615623474121,444156.23513793945,444162.0577535629,344.1620577535629,-0.10482927856182434
2021-09-08,51.56811141967773,51.86923965948777,51.22707239467669,51.86803281403211,2915200,8563.0,5.822615623474121,441577.7380867004,441583.56070232386,341.58356070232384,-0.5805306883438721
2021-09-09,51.400001525878906,51.79062449401543,51.38428301205823,51.599548040379005,1964000,8563.0,5.822615623474121,440138.2130661011,440144.03568172455,340.1440356817245,-0.32599153336002606
2021-09-10,50.88603591918945,51.81724087195632,50.84129036861618,51.69509481935213,3044000,8563.0,5.822615623474121,435737.1255760193,435742.94819164276,335.74294819164277,-0.9999198292588662
2021-09-13,50.8896598815918,51.35284494028226,50.55829777334281,51.23674788691877,9537600,8563.0,5.822615623474121,435768.15756607056,435773.98018169403,335.773980181694,0.007121627597195257
2021-09-14,50.82555389404297,51.22101528378001,50.68164037463683,51.11338093285524,13045600,8563.0,5.822615623474121,435219.21799468994,435225.0406103134,335.2250406103134,-0.12596887293540027
2021-09-15,51.25971603393555,51.29116044296824,50.66108756098807,50.933192418871016,2414400,8563.0,5.822615623474121,438936.9483985901,438942.77101421356,338.9427710142136,0.8542087557018352
2021-09-16,51.34559631347656,51.4000150848842,50.83645510013174,51.06865293011557,1963200,8563.0,5.822615623474121,439672.3412322998,439678.1638479233,339.6781638479233,0.16753729239247228
2021-09-17,50.65625381469727,51.25851395140828,50.546202063515565,51.25851395140828,2631200,8563.0,5.822615623474121,433769.50141525274,433775.3240308762,333.7753240308762,-1.3425364965563236
2021-09-20,49.68514251708984,50.119300537910256,49.01999723844163,49.80123956870581,18233600,8563.0,5.822615623474121,425453.8753738403,425459.69798946375,325.4596979894638,-1.917035290098834
2021-09-21,49.710540771484375,50.09632535032866,49.50858053305027,49.99595049917753,2737600,8563.0,5.822615623474121,425671.3606262207,425677.1832418442,325.67718324184415,0.05111770948180716
2021-09-22,50.44582748413086,50.60788061696552,49.78309959212723,49.97417975563316,2617600,8563.0,5.822615623474121,431967.62074661255,431973.443362236,331.9734433622361,1.4791161866936742
2021-09-23,51.09766387939453,51.22222729127845,50.52926926883988,50.70099560450278,2852000,8563.0,5.822615623474121,437549.2957992554,437555.11841487885,337.55511841487885,1.2921338425802897
2021-09-24,51.10250473022461,51.18716105672903,50.70099798332355,50.759048352125895,13228800,8563.0,5.822615623474121,437590.74800491333,437596.5706205368,337.5965706205368,0.00947359633414191
2021-09-27,50.60183334350586,50.76388647001713,50.28256185319097,50.67801960806602,3009600,8563.0,5.822615623474121,433303.4989204407,433309.32153606415,333.3093215360641,-0.9797263900841569
2021-09-28,49.01999282836914,50.033432861350086,48.99459740794444,49.933058024946845,11592000,8563.0,5.822615623474121,419758.19858932495,419764.0212049484,319.76402120494845,-3.126011756012581
2021-09-29,48.90812683105469,49.46322450616807,48.84025472314787,49.26930631143573,5506400,8563.0,5.822615623474121,418800.2900543213,418806.11266994476,318.80611266994475,-0.2282016768025863
2021-09-30,48.63664245605469,49.43050576586715,48.63664245605469,49.1965892423655,3704000,8563.0,5.822615623474121,416475.5693511963,416481.39196681976,316.48139196681973,-0.5550828015151388
2021-10-01,49.31172561645508,49.45353209335929,48.32030456524457,48.860862466432486,5496800,8563.0,5.822615623474121,422256.30645370483,422262.1290693283,322.2621290693283,1.3879940890538345
2021-10-04,48.11547088623047,49.08871248422044,47.760353677342685,49.08871248422044,6989600,8563.0,5.822615623474121,412012.7771987915,412018.599814415,312.018599814415,-2.425869750027121
2021-10-05,48.80995559692383,49.086293099012615,48.23061628558188,48.27182408779,3806400,8563.0,5.822615623474121,417959.64977645874,417965.4723920822,317.96547239208223,1.443350513871433
2021-10-06,49.14690399169922,49.19174767727705,48.14336193237125,48.306983684178135,15153600,8563.0,5.822615623474121,420844.9388809204,420850.7614965439,320.85076149654384,0.6903175728723898
2021-10-07,49.67532730102539,50.06802016460741,49.56382470548862,49.622002384955145,13247200,8563.0,5.822615623474121,425369.8276786804,425375.6502943039,325.3756502943039,1.075176573678882
2021-10-08,49.44140625,49.88863717943563,49.38686814808849,49.88863717943563,1992000,8563.0,5.822615623474121,423366.76171875,423372.5843343735,323.3725843343735,-0.47089342291797287
2021-10-11,49.16506576538086,49.82803377671826,49.14688639918828,49.20869994299506,2056800,8563.0,5.822615623474121,421000.4581489563,421006.2807645798,321.0062807645798,-0.5589175249771983
2021-10-12,49.04872131347656,49.44989541419643,48.95782077043576,49.422017916113,1818400,8563.0,5.822615623474121,420004.2006072998,420010.0232229233,320.01002322292334,-0.23663721592163123
2021-10-13,49.46079635620117,49.49594559708103,49.07537899345651,49.30081053435363,4864800,8563.0,5.822615623474121,423532.79919815063,423538.6218137741,323.53862181377406,0.8401224722625278
2021-10-14,50.53221893310547,50.56736818008195,49.94075878520321,50.000149657422654,4765600,8563.0,5.822615623474121,432707.3907241821,432713.2133398056,332.7132133398056,2.1661758936509568
2021-10-15,50.8873405456543,50.90431042453059,50.59525001931144,50.75280950064806,3180000,8563.0,5.822615623474121,435748.29709243774,435754.1197080612,335.75411970806124,0.7027532958342242
2021-10-18,51.3624382019043,51.38546663336177,50.531003082973406,50.6291753649754,2668800,8563.0,5.822615623474121,439816.5583229065,439822.38093852997,339.82238093853,0.933613945679812
2021-10-19,51.83512115478516,51.8920856390614,51.39031659988012,51.51878906250274,2967200,8563.0,5.822615623474121,443864.14244842535,443869.9650640488,343.8699650640488,0.9202769801941013
2021-10-20,51.73452377319336,51.987832813095935,51.49697141738198,51.905417218044335,5694400,8563.0,5.822615623474121,443002.72706985474,443008.5496854782,343.0085496854782,-0.1940693100165758
2021-10-21,51.95753479003906,51.99631990652527,51.45333937197521,51.59756851867206,3289600,8563.0,5.822615623474121,444912.3704071045,444918.19302272797,344.91819302272796,0.43106241146035895
2021-10-22,51.73695373535156,52.15994308892072,51.53818646645114,51.907847204247645,2197600,8563.0,5.822615623474121,443023.53483581543,443029.3574514389,343.0293574514389,-0.42453547661346347
2021-10-25,51.97935485839844,52.14782564323328,51.73937978770194,51.9393602461999,2136000,8563.0,5.822615623474121,445099.2156524658,445105.0382680893,345.1050382680893,0.46851992576539825
2021-10-26,52.04844284057617,52.50658146129893,51.98905566527504,52.329629427568136,3009600,8563.0,5.822615623474121,445690.81604385376,445696.63865947723,345.6966386594773,0.1329125353624061
2021-10-27,51.85209274291992,52.272659387849146,51.83997193121039,52.12115848836099,2315200,8563.0,5.822615623474121,444009.4701576233,444015.29277324677,344.0152927732468,-0.3772399745457955
2021-10-28,52.381744384765625,52.46052412040265,52.03995743461418,52.090863369238924,2087200,8563.0,5.822615623474121,448544.87716674805,448550.6997823715,348.5506997823715,1.0214528830296166
2021-10-29,52.62050247192383,52.65322533317654,51.84966400697843,51.884813249714334,2259200,8563.0,5.822615623474121,450589.36266708374,450595.1852827072,350.59518528270723,0.4557980851055632
2021-11-01,52.68354034423828,52.70656878229845,52.352664668827,52.64718159927659,2984000,8563.0,5.822615623474121,451129.1559677124,451134.9785833359,351.13497858333585,0.11979562104951214
2021-11-02,53.043495178222656,53.15378827895712,52.736857499890405,52.736857499890405,2547200,8563.0,5.822615623474121,454211.4492111206,454217.2718267441,354.2172718267441,0.6832308266335962
2021-11-03,53.36347579956055,53.45316316515507,52.841100896768005,53.09441000402388,2428000,8563.0,5.822615623474121,456951.44327163696,456957.26588726044,356.95726588726046,0.6032342296224957
2021-11-04,54.12581634521485,54.24217170045187,53.48587668642108,53.565869606114354,2464000,8563.0,5.822615623474121,463479.36536407477,463485.18797969824,363.4851879796982,1.428562926943
2021-11-05,54.308841705322266,54.70274412890862,53.98766046891788,54.49912776380168,2806400,8563.0,5.822615623474121,465046.61152267456,465052.43413829803,365.05243413829805,0.3381437420754141
2021-11-08,54.6978874206543,54.806971035561936,54.45064059703717,54.54032795273636,2640000,8563.0,5.822615623474121,468378.00998306274,468383.8325986862,368.38383259868624,0.7163489997769723
2021-11-09,54.55244827270508,54.89059933860898,54.245810579601255,54.82030084524769,2844000,8563.0,5.822615623474121,467132.6145591736,467138.43717479706,367.1384371747971,-0.26589206057336945
2021-11-10,53.53314971923828,54.4082191212727,53.34892594466623,54.12218348051979,12805600,8563.0,5.822615623474121,458404.3610458374,458410.1836614609,358.4101836614609,-1.8684511525370762
2021-11-11,53.82281494140625,53.97310635167906,53.75979189758378,53.94886472780369,2166400,8563.0,5.822615623474121,460884.7643432617,460890.5869588852,360.89058695888514,0.5410881751388263
2021-11-12,54.46760177612305,54.551230567207824,53.91977586385603,53.9924970342018,2932000,8563.0,5.822615623474121,466406.07400894165,466411.8966245651,366.4118966245651,1.1979653787488775
2021-11-15,54.39488983154297,54.72455598743881,54.10158611636353,54.65426118672524,3277600,8563.0,5.822615623474121,465783.44162750244,465789.2642431259,365.7892642431259,-0.13349410380507631
2021-11-16,54.96210861206055,55.0384619653418,54.273685651600985,54.34277095570346,2513600,8563.0,5.822615623474121,470640.53604507446,470646.35866069794,370.64635866069796,1.042766502028436
2021-11-17,54.730613708496094,55.06148932920493,54.63122822369411,54.88695998473651,10189600,8563.0,5.822615623474121,468658.24518585205,468664.0678014755,368.66406780147554,-0.42118478614460164
2021-11-18,55.12451171875,55.20814051048024,54.55729324342936,55.07360578948935,3549600,8563.0,5.822615623474121,472031.19384765625,472037.0164632797,372.0370164632797,0.7196943170034054
2021-11-19,55.4456901550293,55.68203302415968,55.17056586890884,55.363274558141086,9458400,8563.0,5.822615623474121,474781.44479751587,474787.26741313934,374.7872674131394,0.5826345930380228
2021-11-22,54.61789321899414,56.1983479152579,54.5815307844199,55.62385769675802,7038400,8563.0,5.822615623474121,467693.0196342468,467698.8422498703,367.6988422498703,-1.4929686724519886
2021-11-23,54.36822509765625,54.61790201928762,53.66162642681656,54.376710036965946,10875200,8563.0,5.822615623474121,465555.11151123047,465560.93412685394,365.56093412685397,-0.4571121264127842
2021-11-24,54.820308685302734,54.84212393170605,53.76465123180619,54.07007577771216,3496800,8563.0,5.822615623474121,469426.3032722473,469432.1258878708,369.4321258878708,0.8315112968568128
2021-11-26,53.585262298583984,54.51123758453104,53.357404350785394,54.11975792325984,4521600,8563.0,5.822615623474121,458850.60106277466,458856.42367839813,358.8564236783982,-2.252871421927094
2021-11-29,54.800907135009766,54.95967978905081,54.11006522092917,54.28943992694357,4714400,8563.0,5.822615623474121,469260.1677970886,469265.9904127121,369.2659904127121,2.2685890830221433
2021-11-30,54.260353088378906,55.05664274251744,53.79494274636597,54.62031939102012,5407200,8563.0,5.822615623474121,464631.4034957886,464637.22611141205,364.637226111412,-0.9863839263589358
2021-12-01,53.2701416015625,55.13905841837616,53.231360180409816,54.728186183056685,4491200,8563.0,5.822615623474121,456152.2225341797,456158.04514980316,356.15804514980323,-1.8249034913908835
2021-12-02,53.84342575073242,54.09067628223352,52.708988662820666,52.80352508681331,6696800,8563.0,5.822615623474121,461061.2547035217,461067.0773191452,361.0670773191452,1.0761691526738115
2021-12-03,52.84352111816406,54.10643442004488,52.20600406052288,54.01189799351754,8196000,8563.0,5.822615623474121,452499.07133483887,452504.89395046234,352.50489395046236,-1.857036381445254
2021-12-06,53.29316711425781,53.43497358293466,52.26659687640818,52.94047257812799,4181600,8563.0,5.822615623474121,456349.38999938965,456355.2126150131,356.3552126150131,0.8508899497056799
2021-12-07,55.22026062011719,55.32570835796883,54.354889365741975,54.354889365741975,4040000,8563.0,5.822615623474121,472851.0916900635,472856.91430568695,372.856914305687,3.615977474238874
2021-12-08,55.58871841430664,55.62992622187322,54.877270665467606,55.26995987772218,2590400,8563.0,5.822615623474121,476006.19578170776,476012.01839733124,376.01201839733125,0.6672428796514529
2021-12-09,54.86758041381836,55.82506558875977,54.82273302984834,55.47237096620634,2635200,8563.0,5.822615623474121,469831.0910835266,469836.9136991501,369.8369136991501,-1.297258148853453
2021-12-10,55.75718307495117,55.827477868643385,55.159660684180565,55.42630376112197,3232800,8563.0,5.822615623474121,477448.7586708069,477454.58128643036,377.45458128643037,1.6213429309554162
2021-12-13,54.93906784057617,55.99472493078524,54.87967698080129,55.86140341739012,3591200,8563.0,5.822615623474121,470443.23791885376,470449.06053447723,370.4490605344772,-1.4672643276513964
2021-12-14,54.03976440429688,54.60092432938259,53.40830968910164,54.2555015378258,4748000,8563.0,5.822615623474121,462742.5025939942,462748.3252096177,362.74832520961763,-1.6368903609055518
2021-12-15,55.46993637084961,55.5547746574656,53.55738911510092,54.095516920893886,3964800,8563.0,5.822615623474121,474989.0651435852,474994.8877592087,374.99488775920867,2.646484467349186
2021-12-16,53.861270904541016,55.76997070778319,53.51522728707265,55.7323312527484,5015200,8563.0,5.822615623474121,461214.0627555847,461219.8853712082,361.2198853712082,-2.900031714653639
2021-12-17,53.67427444458008,54.16116392988592,53.02468457563426,53.27359478244871,3288000,8563.0,5.822615623474121,459612.8120689392,459618.6346845627,359.6186346845627,-0.3471772873272272
2021-12-20,53.04410552978516,53.195878672031846,52.65435313800737,52.92632942318576,4557600,8563.0,5.822615623474121,454216.67565155035,454222.4982671738,354.2224982671739,-1.1740464833616349
2021-12-21,54.47441864013672,54.52541604927111,53.13517250333136,53.65848603178083,3925600,8563.0,5.822615623474121,466464.4468154907,466470.2694311142,366.4702694311142,2.6964254766473905
2021-12-22,55.12523651123047,55.16044522248473,54.24859444091996,54.39186743916848,2871200,8563.0,5.822615623474121,472037.4002456665,472043.22286129,372.04322286129,1.194707100405834
2021-12-23,55.42634201049805,55.643682210579136,55.16893532702293,55.226002182729154,2410400,8563.0,5.822615623474121,474615.7666358948,474621.58925151825,374.62158925151823,0.5462140467983989
2021-12-27,56.59318161010742,56.59318161010742,55.604832926830106,55.604832926830106,4098400,8563.0,5.822615623474121,484607.41412734985,484613.2367429733,384.61323674297336,2.1051818370108277
2021-12-28,56.19734954833984,56.70973587097983,56.04436102143333,56.68180827634472,4147200,8563.0,5.822615623474121,481217.904182434,481223.7267980575,381.2237267980575,-0.6994257869835208
2021-12-29,56.20220565795898,56.40618788417769,55.85858916811038,56.18035121344967,2932800,8563.0,5.822615623474121,481259.4870491027,481265.3096647262,381.2653096647262,0.008641067418979631
2021-12-30,55.90838241577149,56.46690846607508,55.8549579593268,56.19250136755464,2676000,8563.0,5.822615623474121,478743.4786262513,478749.30124187475,378.7493012418747,-0.5227903138508405
2021-12-31,55.630332946777344,56.01887004346786,55.5987629413051,55.89380909808127,3200800,8563.0,5.822615623474121,476362.5410232544,476368.36363887787,376.36836363887784,-0.49732450717332455
2022-01-03,56.09536361694336,56.15607288492706,55.38263740367861,55.69832633827381,4452800,8563.0,5.822615623474121,480344.598651886,480350.42126750946,380.3504212675095,0.8359198327557937
2022-01-04,55.38628005981445,56.21678240490636,54.85568164812237,56.14393054191942,6572800,8563.0,5.822615623474121,474272.71615219116,474278.53876781464,374.2785387678146,-1.2640527062873885
2022-01-05,53.54800033569336,55.120371827426005,53.52371885222156,55.01594996175856,7571200,8563.0,5.822615623474121,458531.52687454224,458537.3494901657,358.5373494901657,-3.3189756632347023
2022-01-06,53.34523391723633,53.84061990802522,52.90326867270344,53.0999661058902,5833600,8563.0,5.822615623474121,456795.2380332947,456801.06064891815,356.80106064891817,-0.37865810564353675
2022-01-07,52.80005645751953,53.62206221916606,52.46737089448459,53.328227766890514,14682400,8563.0,5.822615623474121,452126.88344573975,452132.7060613632,352.1327060613632,-1.0219666698941587
2022-01-10,52.85591506958008,52.92390914956308,51.23861936984273,51.96227276703293,21678400,8563.0,5.822615623474121,452605.2007408142,452611.0233564377,352.61102335643767,0.10579135034074483
2022-01-11,53.55406951904297,53.63663322645112,52.38116612710016,52.73813688575229,4537600,8563.0,5.822615623474121,458583.49729156494,458589.3199071884,358.5893199071884,1.3208464315379143
2022-01-12,53.72891616821289,54.32993568270405,53.47272113703902,53.9389678586308,9529600,8563.0,5.822615623474121,460080.709148407,460086.53176403046,360.0865317640305,0.32648205962255705
2022-01-13,52.20996856689453,54.11988340213429,52.1031196662658,53.93411319707737,4798400,8563.0,5.822615623474121,447073.9608383179,447079.78345394135,347.0797834539414,-2.82702218215769
2022-01-14,52.63129425048828,52.6737914802198,51.862716528965805,51.92827987214041,3944000,8563.0,5.822615623474121,450681.77266693115,450687.5952825546,350.68759528255464,0.8069727064688337
2022-01-18,51.28839874267578,52.19903766513313,51.17790744210304,51.84570931857176,5841600,8563.0,5.822615623474121,439182.5584335327,439188.3810491562,339.1883810491562,-2.55148230254465
2022-01-19,50.573238372802734,52.11647036142551,50.54652615137184,51.482665566927935,20037600,8563.0,5.822615623474121,433058.6401863098,433064.4628019333,333.0644628019333,-1.3943716435743991
2022-01-20,49.944297790527344,51.69272388512237,49.87751908104677,51.046780120268295,5036000,8563.0,5.822615623474121,427673.02198028564,427678.8445959091,327.6788445959091,-1.2436065917713846
2022-01-21,48.86246109008789,50.34012631982042,48.84546442166895,49.68567862499747,14998400,8563.0,5.822615623474121,418409.2543144226,418415.0769300461,318.41507693004604,-2.1660570268833057
2022-01-24,49.17815017700195,49.2340016668327,46.21553859816653,47.82433422271074,49852800,8563.0,5.822615623474121,421112.4999656677,421118.3225812912,321.1183225812912,0.646067935954675
2022-01-25,47.97003173828125,48.880670723461286,47.45036057228783,48.22379972956966,6684800,8563.0,5.822615623474121,410767.38177490234,410773.2043905258,310.77320439052585,-2.456582303841315
2022-01-26,48.13638687133789,49.826531055911104,47.59121504810313,49.368784444547565,31088800,8563.0,5.822615623474121,412191.88077926636,412197.70339488983,312.1977033948898,0.3467847924690126
2022-01-27,47.72840881347656,49.17450392922847,47.548708057766696,48.906170019373405,5246400,8563.0,5.822615623474121,408698.3646697998,408704.1872854233,308.70418728542325,-0.8475341033425732
2022-01-28,49.76217651367188,49.78160392570551,47.52321822604473,48.30758099672801,7489600,8563.0,5.822615623474121,426113.5174865723,426119.3401021958,326.11934010219585,4.261065425446797
2022-01-31,51.27019500732422,51.335758352470144,49.66018394598795,49.84231175997079,5448800,8563.0,5.822615623474121,439026.6798477173,439032.50246334076,339.0325024633408,3.0304098279247293
2022-02-01,51.4826774597168,51.556740992148505,50.63274766108488,51.36004354590053,12721600,8563.0,5.822615623474121,440846.16708755493,440851.9897031784,340.8519897031784,0.4144311023964731
2022-02-02,51.749794006347656,51.86392772841776,51.07106482406248,51.63080621064883,4036800,8563.0,5.822615623474121,443133.486076355,443139.30869197845,343.13930869197844,0.5188405728507872
2022-02-03,50.13735961914063,51.28233562567336,49.9503777250375,50.89258312812595,5508000,8563.0,5.822615623474121,429326.21041870123,429332.0330343247,329.33203303432475,-3.1157867033752673
2022-02-04,50.51982498168945,50.9630056212978,49.73181983519209,50.05722063624495,3656800,8563.0,5.822615623474121,432601.2613182068,432607.08393383026,332.60708393383027,0.7628247248077313
2022-02-07,50.27212905883789,50.97635504871871,50.07057385495075,50.61209945973219,2816000,8563.0,5.822615623474121,430480.24113082886,430486.06374645233,330.4860637464524,-0.4902879000710847
2022-02-08,50.920501708984375,51.06741708701576,49.95401128556739,50.09121110655576,2191200,8563.0,5.822615623474121,436032.2561340332,436038.0787496567,336.0380787496567,1.289708418174107
2022-02-09,52.17111206054688,52.17111206054688,51.37824922337262,51.57858905287373,9533600,8563.0,5.822615623474121,446741.23257446295,446747.0551900864,346.7470551900864,2.455972760713432
2022-02-10,50.897438049316406,52.14562049157168,50.59753410747551,51.1876264329391,6132000,8563.0,5.822615623474121,435834.7620162964,435840.58463191986,335.8405846319199,-2.441307767216505
2022-02-11,49.29106521606445,51.2046224274016,49.096794827714575,50.93507314359853,11590400,8563.0,5.822615623474121,422079.3914451599,422085.2140607834,322.08521406078336,-3.1560554606802627
2022-02-14,49.28256988525391,49.74031641837286,48.73861352625933,49.15872061077325,18080800,8563.0,5.822615623474121,422006.64592742926,422012.46854305273,322.01246854305276,-0.017234794138076825
2022-02-15,50.70195770263672,50.72866993249759,49.91031007146932,50.04629825788824,2955200,8563.0,5.822615623474121,434160.8638076782,434166.6864233017,334.16668642330166,2.8800613219343907
2022-02-16,50.61210250854492,50.765091050862935,49.75731497071999,50.29155949773538,2640000,8563.0,5.822615623474121,433391.43378067017,433397.25639629364,333.3972563962936,-0.17721995976860416
2022-02-17,48.94745635986328,50.14464137923388,48.87096208721064,50.11064433643267,3648800,8563.0,5.822615623474121,419137.0688095093,419142.89142513275,319.14289142513275,-3.2889836658603233
2022-02-18,48.33549880981445,49.179359016932096,47.99431306061591,49.12229216357509,5171200,8563.0,5.822615623474121,413896.87630844116,413902.69892406464,313.9026989240646,-1.2502162408745354
2022-02-22,47.86076736450195,48.68641580045169,47.37630849306672,47.91054941903396,17468000,8563.0,5.822615623474121,409831.7509422302,409837.5735578537,309.83757355785366,-0.9821451700552264
2022-02-23,46.65021514892578,48.51763284427903,46.578578656612194,48.33793207524514,5747200,8563.0,5.822615623474121,399465.79232025146,399471.61493587494,299.4716149358749,-2.5292845973077904
2022-02-24,48.33549880981445,48.398635107090605,44.80464983274012,45.03170187522465,18480000,8563.0,5.822615623474121,413896.87630844116,413902.69892406464,313.9026989240646,3.6125430315008034
2022-02-25,49.031227111816406,49.04701211211162,47.83282692508471,48.42898859116369,5364800,8563.0,5.822615623474121,419854.3977584839,419860.22037410736,319.86022037410737,1.4393531294986106
2022-02-28,49.04215621948242,49.298347525203866,48.2383661876294,48.58562138587919,4740000,8563.0,5.822615623474121,419947.983707428,419953.80632305145,319.9538063230515,0.022289787029761143
2022-03-01,48.0987434387207,49.1720829149985,47.717487434822544,48.881890818418704,2845600,8563.0,5.822615623474121,411869.5400657654,411875.36268138885,311.8753626813889,-1.923650534899124
2022-03-02,49.10044860839844,49.29471532168589,48.02103593359984,48.39136102437909,2870400,8563.0,5.822615623474121,420447.1414337158,420452.9640493393,320.45296404933924,2.0825720946522797
2022-03-03,48.33672332763672,49.43313263673448,48.10845587101306,49.43313263673448,2960800,8563.0,5.822615623474121,413907.3618545532,413913.1844701767,313.9131844701767,-1.5554128852318327
2022-03-04,47.372657775878906,48.1825173586347,47.03389901344865,48.01132047883637,3461600,8563.0,5.822615623474121,405652.0685348511,405657.89115047455,305.65789115047454,-1.994450437781825
2022-03-07,45.59630584716797,47.60335423862576,45.552596949759774,47.37265974526048,7074400,8563.0,5.822615623474121,390441.1669692993,390446.9895849228,290.4469895849228,-3.7496870879086264
2022-03-08,45.371673583984375,46.80926847696126,44.75122669912481,45.47366470045173,14316000,8563.0,5.822615623474121,388517.6408996582,388523.4635152817,288.52346351528166,-0.4926471764287288
2022-03-09,47.30587768554688,47.47586661339393,46.31753265299012,46.57129696817901,5316000,8563.0,5.822615623474121,405080.23062133795,405086.0532369614,305.08605323696145,4.262957395629274
2022-03-10,46.488731384277344,46.61136529592287,45.77600514433313,46.46323452828167,7906400,8563.0,5.822615623474121,398083.0068435669,398088.82945919037,298.0888294591904,-1.7273425539728215
2022-03-11,45.52224349975586,46.914914389041385,45.47124607938429,46.914914389041385,6370400,8563.0,5.822615623474121,389806.9710884094,389812.7937040329,289.8127937040329,-2.0789419704141388
2022-03-14,44.53753280639648,45.77721501901375,44.4294722363762,45.336468846733695,8732000,8563.0,5.822615623474121,381374.89342117304,381380.7160367965,281.3807160367965,-2.1631095242190757
2022-03-15,46.03461837768555,46.13903652385851,44.71115357623455,44.864142093594,4068800,8563.0,5.822615623474121,394194.43716812134,394200.2597837448,294.2002597837448,3.3613507993181857
2022-03-16,47.71990966796875,47.73933707755564,45.99212634516659,46.600430665145794,5332800,8563.0,5.822615623474121,408625.5864868164,408631.4091024399,308.6314091024399,3.660867531292822
2022-03-17,48.23836898803711,48.23836898803711,47.23909314873745,47.40907835024542,3284000,8563.0,5.822615623474121,413065.15364456177,413070.97626018524,313.0709762601852,1.0864478497863983
2022-03-18,49.3432731628418,49.40276705075833,47.834038172457056,48.063520949390686,4051200,8563.0,5.822615623474121,422526.4480934143,422532.2707090378,322.5322707090378,2.2904766959209066
2022-03-21,49.21821594238281,49.51447746646225,48.56012955271429,49.16479519554522,3904800,8563.0,5.822615623474121,421455.583114624,421461.4057302475,321.46140573024746,-0.25343980874958927
2022-03-22,50.00621795654297,50.2794096251961,49.20121258004788,49.232782580819965,3306400,8563.0,5.822615623474121,428203.24436187744,428209.0669775009,328.2090669775009,1.601015218834112
2022-03-23,49.244930267333984,50.0620783828539,49.14293913746133,49.49626753669863,3107200,8563.0,5.822615623474121,421684.3378791809,421690.1604948044,321.6901604948044,-1.5223653550145544
2022-03-24,50.53253555297852,50.53253555297852,49.316320078702624,49.43915902931492,2732000,8563.0,5.822615623474121,432710.1019401551,432715.92455577856,332.71592455577854,2.6146600262232145
2022-03-25,50.4145622253418,50.62496883740481,49.82105219490979,50.55078147544896,2457600,8563.0,5.822615623474121,431699.8963356018,431705.7189512253,331.7057189512253,-0.23345699735695113
2022-03-28,51.03726196289063,51.04577264940091,50.02050401552303,50.20050522079528,4117600,8563.0,5.822615623474121,437032.0741882325,437037.89680385595,337.0378968038559,1.235141815027263
2022-03-29,52.16592025756836,52.24375612460967,51.27808065777095,51.633217240009,15691200,8563.0,5.822615623474121,446696.77516555786,446702.59778118134,346.70259778118134,2.211410279979198
2022-03-30,51.3753776550293,52.01997039631852,51.11997165338057,51.88983444482959,3304800,8563.0,5.822615623474121,439927.35886001587,439933.18147563934,339.9331814756393,-1.5154190593845596
2022-03-31,50.6529426574707,51.49942757576402,50.5945629793972,51.37658862697382,4216000,8563.0,5.822615623474121,433741.14797592163,433746.9705915451,333.7469705915451,-1.4061705605710961
2022-04-01,50.50456237792969,50.83415571527969,49.9609139403933,50.65537190128196,2493600,8563.0,5.822615623474121,432470.5676422119,432476.3902578354,332.4763902578354,-0.2929312294624009
2022-04-04,51.49820327758789,51.5140146702572,50.60428429462112,50.60428429462112,2381600,8563.0,5.822615623474121,440979.1146659851,440984.9372816086,340.9849372816086,1.9674015080223262
2022-04-05,50.28078079223633,51.36077699463855,50.108076565147854,51.28902072844394,5225600,8563.0,5.822615623474121,430554.3259239197,430560.14853954315,330.56014853954315,-2.3639784175685463
2022-04-06,48.9307861328125,49.50484003535859,48.55254115719055,49.47321724255031,4793600,8563.0,5.822615623474121,418994.32165527344,419000.1442708969,319.00014427089684,-2.6848755761204823
2022-04-07,49.082801818847656,49.37955864937405,48.34577564298469,48.84320725596187,2644800,8563.0,5.822615623474121,420296.0319747925,420301.85459041595,320.3018545904159,0.31067061367822113
2022-04-08,48.36280059814453,48.922260377722665,48.24239647131421,48.829826827334806,3554400,8563.0,5.822615623474121,414130.6615219116,414136.4841375351,314.1364841375351,-1.4668910892360998
2022-04-11,47.21713638305664,47.78267585650661,47.17578550084345,47.74132497429342,3998400,8563.0,5.822615623474121,404320.338848114,404326.1614637375,304.3261614637375,-2.368862210782563
2022-04-12,47.08821868896485,48.26551444074404,46.8899749621162,47.91646117466611,21755200,8563.0,5.822615623474121,403216.416633606,403222.2392492295,303.22223924922946,-0.27302764938870183
2022-04-13,47.90916442871094,48.07213686650928,46.95686557754897,47.0991644295554,4736000,8563.0,5.822615623474121,410246.17500305176,410251.99761867523,310.2519976186752,1.7433954988530953
2022-04-14,46.72456741333008,48.057542308629046,46.702676424538936,47.95172843961468,3141600,8563.0,5.822615623474121,400102.47076034546,400108.29337596893,300.1082933759689,-2.4725545034724683
2022-04-18,46.77928924560547,47.09671965440765,46.363341983746416,46.51172039743947,5383200,8563.0,5.822615623474121,400571.0538101196,400576.8764257431,300.57687642574314,0.11711405575236533
2022-04-19,47.721866607666016,47.79848878159339,46.49470555634674,46.68930078773787,2947200,8563.0,5.822615623474121,408642.3437614441,408648.16637706757,308.6481663770676,2.0149165931250934
2022-04-20,47.52483749389648,48.31416015618898,47.39835004417173,48.177944615683145,3241600,8563.0,5.822615623474121,406955.18346023554,406961.006075859,306.961006075859,-0.4128637884677988
2022-04-21,46.61024475097656,48.468622010776855,46.44970711505421,47.96146219185789,3677600,8563.0,5.822615623474121,399123.5258026123,399129.3484182358,299.1293484182358,-1.924424586311202
2022-04-22,45.322265625,46.807263572322526,45.26632075648063,46.61145467670735,6024800,8563.0,5.822615623474121,388094.560546875,388100.3831624985,288.1003831624985,-2.76325589672759
2022-04-25,46.06171798706055,46.084826371976,44.90874468180472,45.111854246168456,5153600,8563.0,5.822615623474121,394426.49112319946,394432.31373882294,294.4323137388229,1.6315187644824425
2022-04-26,44.30794143676758,45.69199510885131,44.30794143676758,45.67861480987608,5703200,8563.0,5.822615623474121,379408.9025230408,379414.72513866425,279.4147251386642,-3.807393075330723
2022-04-27,44.784698486328125,45.62875222328521,44.53780692250662,44.59861768907935,13649600,8563.0,5.822615623474121,383491.37313842773,383497.1957540512,283.49719575405123,1.0759916115261392
2022-04-28,46.596866607666016,46.87173250759224,45.20673313534012,45.51078702053452,4564000,8563.0,5.822615623474121,399008.9687614441,399014.79137706757,299.0147913770675,4.0463387463641975
2022-04-29,44.659427642822266,46.72942476310873,44.59375097687258,46.07510033284012,4924000,8563.0,5.822615623474121,382418.67890548706,382424.50152111053,282.4245015211105,-4.157813247649578
2022-05-02,45.39767456054688,45.4378117504767,44.13645968289622,44.55970401240128,5693600,8563.0,5.822615623474121,388740.28726196295,388746.1098775864,288.74610987758643,1.653034345689508
2022-05-03,45.4268684387207,45.66889414675465,45.01821808170553,45.33443486871583,3247200,8563.0,5.822615623474121,388990.2744407654,388996.09705638885,288.99609705638886,0.06430602710882916
2022-05-04,47.00185775756836,47.06996552079246,44.71415696261557,45.58983350634642,26319200,8563.0,5.822615623474121,402476.90797805786,402482.73059368134,302.4827305936813,3.4670356950490033
2022-05-05,44.60226440429688,46.33172268497975,44.0671267105653,46.29280290514572,6905600,8563.0,5.822615623474121,381929.1900939942,381935.0127096177,281.9350127096177,-5.1052421190232895
2022-05-06,44.11822128295898,44.88078713477676,43.4261943034675,44.24592243745823,14176800,8563.0,5.822615623474121,377784.3288459777,377790.1514616012,277.7901514616012,-1.085226834432118
2022-05-09,42.21848678588867,43.57699734175443,42.02267417176639,43.33497165906425,17486400,8563.0,5.822615623474121,361516.9023475647,361522.7249631882,261.5227249631882,-4.305942448599398
2022-05-10,42.83146667480469,43.431060078412536,42.10903430715066,43.23768224224592,13925600,8563.0,5.822615623474121,366765.84913635254,366771.671751976,266.771671751976,1.4518995422271974
2022-05-11,41.36470031738281,43.28023957838201,41.25037948409204,42.41916070558697,18795200,8563.0,5.822615623474121,354205.928817749,354211.7514333725,254.2117514333725,-3.424452128106825
2022-05-12,41.0606575012207,41.685794168345566,40.09011972357597,40.72741557873074,10019200,8563.0,5.822615623474121,351602.4101829529,351608.23279857635,251.60823279857632,-0.7350175775537093
2022-05-13,42.6137580871582,42.82416098733362,41.49483837391585,41.611597730988215,5003200,8563.0,5.822615623474121,364901.6105003357,364907.43311595917,264.9074331159591,3.7823916156711324
2022-05-16,42.10538101196289,42.68064855324987,41.81956963449306,42.31213541468942,16830400,8563.0,5.822615623474121,360548.37760543823,360554.2002210617,260.5542002210617,-1.1929690929354364
2022-05-17,43.29726791381836,43.34470209562654,42.46051113106692,43.00294215613394,3926400,8563.0,5.822615623474121,370754.5051460266,370760.3277616501,270.76032776165005,2.8306777550589635
2022-05-18,41.301456451416016,42.85091361308387,41.15064693636109,42.68307901322985,4623200,8563.0,5.822615623474121,353664.37159347534,353670.1942090988,253.6701942090988,-4.609482804087383
2022-05-19,41.013221740722656,41.71741159741548,40.72133074524024,41.02781573375747,5187200,8563.0,5.822615623474121,351196.2177658081,351202.0403814316,251.2020403814316,-0.6978687681574836
2022-05-20,41.08011245727539,41.71741194737301,39.77754660565599,41.49970831852309,5229600,8563.0,5.822615623474121,351769.00297164917,351774.82558727264,251.77482558727266,0.16309278989921072
2022-05-23,41.949703216552734,42.01294508118861,41.02051286923989,41.21389067247916,4188000,8563.0,5.822615623474121,359215.30864334106,359221.13125896454,259.22113125896453,2.116781853067695
2022-05-24,41.13849258422852,41.52646565674725,40.49997939555978,41.37200761204365,5150400,8563.0,5.822615623474121,352268.91199874884,352274.7346143723,252.27473461437233,-1.933738313291078
2022-05-25,41.72835159301758,42.03848503892256,40.86726900148759,40.86726900148759,3336800,8563.0,5.822615623474121,357319.8746910095,357325.697306633,257.325697306633,1.4338134972381233
2022-05-26,42.78646087646485,42.96767951438612,41.35132803517624,41.543488455884855,4561600,8563.0,5.822615623474121,366380.4644851685,366386.287100792,266.386287100792,2.5356670014090366
2022-05-27,44.27753448486328,44.28847997731284,43.21821198417295,43.21821198417295,9527200,8563.0,5.822615623474121,379148.5277938843,379154.35040950775,279.15435040950774,3.4848638604215276
2022-05-31,43.91754531860352,44.35659736124262,43.49065246248325,44.10484355709553,3847200,8563.0,5.822615623474121,376065.94056320196,376071.76317882544,276.07176317882545,-0.813016447616377
2022-06-01,43.74848175048828,44.68740015848545,43.399428535423645,44.35537574005555,8729600,8563.0,5.822615623474121,374618.24922943115,374624.0718450546,274.62407184505463,-0.3849508193685902
2022-06-02,44.95132446289063,44.95619036401176,43.297270683234565,43.45537720951846,5162400,8563.0,5.822615623474121,384918.1913757325,384924.01399135595,284.92401399135593,2.7494074514681444
2022-06-03,43.80929946899414,44.41132765337906,43.618356447664674,44.10970485955382,7980800,8563.0,5.822615623474121,375139.0313529968,375144.8539686203,275.14485396862034,-2.540542981804006
2022-06-06,43.83483505249024,44.635103115575184,43.63172545698255,44.40280553952783,2684800,8563.0,5.822615623474121,375357.69255447394,375363.5151700974,275.3635151700974,0.05828713873159419
2022-06-07,44.41741180419922,44.48187108676692,43.28390161140083,43.36538598345653,4401600,8563.0,5.822615623474121,380346.2972793579,380352.1198949814,280.3521198949814,1.3290062894427468
2022-06-08,43.93942642211914,44.55604847297949,43.80564199615419,44.270237133780405,2250400,8563.0,5.822615623474121,376253.3084526062,376259.1310682297,276.2591310682297,-1.0761051700939217
2022-06-09,42.703758239746094,44.02700130372431,42.69281274558686,43.62565167150522,2709600,8563.0,5.822615623474121,365672.2818069458,365678.1044225693,265.6781044225693,-2.8121647481670453
2022-06-10,41.02781677246094,42.04092644988934,41.02295087079435,41.95943837125475,10926400,8563.0,5.822615623474121,351321.195022583,351327.0176382065,251.32701763820648,-3.9245135573605427
2022-06-13,39.097686767578125,40.07309043555736,38.96511969993627,39.72525452237526,11103200,8563.0,5.822615623474121,334793.4917907715,334799.31440639496,234.79931440639496,-4.704364424608986
2022-06-14,39.31538391113281,39.58903240190711,38.94322226060738,39.37497728363542,6220000,8563.0,5.822615623474121,336657.6324310303,336663.45504665375,236.66345504665375,0.55679344611681
2022-06-15,40.18497467041016,40.7809194917926,39.27767899430721,39.75200227207712,6900800,8563.0,5.822615623474121,344103.9381027222,344109.7607183457,244.10976071834568,2.2117950612311255
2022-06-16,38.42875671386719,39.17186251408042,38.14781126383752,39.17064882261003,15525600,8563.0,5.822615623474121,329065.4437408447,329071.2663564682,229.0712663564682,-4.37026091049667
2022-06-17,38.895790100097656,39.24970927865987,38.25727692169679,38.47133205111884,6344000,8563.0,5.822615623474121,333064.65062713623,333070.4732427597,233.0704732427597,1.2153011505900757
2022-06-21,39.87849426269531,40.20808764421125,39.520926586785336,39.520926586785336,5421600,8563.0,5.822615623474121,341479.54637145996,341485.36898708344,241.4853689870834,2.526461040631034
2022-06-22,39.74105453491211,40.2883514502702,39.293484458873934,39.43821438452954,4293600,8563.0,5.822615623474121,340302.6499824524,340308.47259807587,240.3084725980759,-0.34464035530965553
2022-06-23,40.4277572631836,40.51304938080954,39.72106495682379,40.06832040947744,5216000,8563.0,5.822615623474121,346182.8854446412,346188.70806026465,246.18870806026462,1.7279133303077288
2022-06-24,41.917911529541016,41.92522185818109,40.87370954105519,40.87370954105519,4959200,8563.0,5.822615623474121,358943.0764274597,358948.8990430832,258.9488990430832,3.6859061794116244
2022-06-27,41.61452102661133,42.19083966204981,41.44272086974411,42.08240064348568,3886400,8563.0,5.822615623474121,356345.1435508728,356350.9661664963,256.3509661664963,-0.7237612048714204
2022-06-28,40.32785415649414,42.05072320863153,40.314449407632175,41.72174724578413,4976800,8563.0,5.822615623474121,345327.4151420593,345333.2377576828,245.3332377576828,-3.091819429406484
2022-06-29,40.35952758789063,40.58859446136672,39.91601821619624,40.28642430348474,3051200,8563.0,5.822615623474121,345598.6347351075,345604.45735073095,245.60445735073097,0.07853851393200273
2022-06-30,39.7880859375,40.28155549074541,39.13134987926331,39.87459770084899,4476000,8563.0,5.822615623474121,340705.3798828125,340711.202498436,240.71120249843597,-1.4158540922199814
2022-07-01,39.90749740600586,40.01715607612228,39.2178610908425,39.57730176784478,3976800,8563.0,5.822615623474121,341727.9002876282,341733.72290325165,241.73372290325165,0.3001135264462995
2022-07-05,40.51793670654297,40.51793670654297,39.15206508479588,39.40428263333018,4280000,8563.0,5.822615623474121,346955.09201812744,346960.9146337509,246.9609146337509,1.5296095703083878
2022-07-06,40.79939270019531,41.11496766138853,40.35709915975049,40.57276132348808,3240000,8563.0,5.822615623474121,349365.19969177246,349371.02230739594,249.37102230739595,0.6946337676648984
2022-07-07,41.707130432128906,41.79242257780199,40.983377976897344,40.99678272819003,3207200,8563.0,5.822615623474121,357138.1578903198,357143.9805059433,257.1439805059433,2.2248434192427835
2022-07-08,41.73638153076172,41.90208733473531,41.12106803251768,41.19539469340154,5435200,8563.0,5.822615623474121,357388.6350479126,357394.4576635361,257.39445766353606,0.07013338352725995
2022-07-11,41.06866836547852,41.45613073286789,40.79939462544246,41.37815263929461,3113600,8563.0,5.822615623474121,351671.0072135926,351676.82982921606,251.67682982921608,-1.599808758003407
2022-07-12,40.50575637817383,41.513403345379615,40.290094173705896,41.21123307720461,5042400,8563.0,5.822615623474121,346850.7918663025,346856.61448192596,246.856614481926,-1.3706377385257151
2022-07-13,40.41193389892578,40.64099711448259,39.55902731756516,39.752758509126046,4746400,8563.0,5.822615623474121,346047.38997650146,346053.21259212494,246.05321259212496,-0.2316236324341081
2022-07-14,40.68363952636719,40.83959942418991,39.52856281130982,40.030558616227424,4225600,8563.0,5.822615623474121,348374.0052642822,348379.8278799057,248.3798278799057,0.6723287642247833
2022-07-15,41.43054962158203,41.4390795804984,40.88347211702799,41.10278948267971,3084000,8563.0,5.822615623474121,354769.79640960693,354775.6190252304,254.7756190252304,1.835867244164735
2022-07-18,41.05648422241211,42.01173913134181,40.91270943637128,41.82288273598119,3815200,8563.0,5.822615623474121,351566.6743965149,351572.49701213837,251.57249701213837,-0.902858550960417
2022-07-19,42.29197311401367,42.35289499873039,41.27945168749213,41.53897951132559,3294400,8563.0,5.822615623474121,362146.1657752991,362151.98839092255,262.15198839092255,3.00919197852354
2022-07-20,43.082740783691406,43.255760583601074,42.22008847620516,42.313906846141776,4147200,8563.0,5.822615623474121,368917.5093307495,368923.331946373,268.92333194637297,1.8697518645517386
2022-07-21,43.70902633666992,43.71024224613482,42.72087121622033,43.13026830488904,3533600,8563.0,5.822615623474121,374280.39252090454,374286.215136528,274.28621513652797,1.4536579082329748
2022-07-22,43.02669143676758,43.87715857836104,42.77812910284795,43.65906090556013,3590400,8563.0,5.822615623474121,368437.5587730408,368443.38138866425,268.44338138866425,-1.561060362784794
2022-07-25,42.75011444091797,42.99867683730659,42.41991877975583,42.99867683730659,4684800,8563.0,5.822615623474121,366069.22995758057,366075.05257320404,266.075052573204,-0.6427931495292305
2022-07-26,41.94472503662109,42.656292329599154,41.822881245665045,42.62583138186014,2520800,8563.0,5.822615623474121,359172.68048858637,359178.50310420984,259.1785031042098,-1.8839168144666463
2022-07-27,43.758975982666016,43.95148751479475,42.60267600710849,42.65506793895895,5748000,8563.0,5.822615623474121,374708.1113395691,374713.93395519257,274.71393395519254,4.325267441318825
2022-07-28,44.38282012939453,44.481513301811255,43.36785927653781,43.77725634443975,3670400,8563.0,5.822615623474121,380050.0887680054,380055.91138362885,280.0559113836289,1.4256148342418173
2022-07-29,45.106571197509766,45.22110465415756,44.33651757530937,44.54852457369357,4623200,8563.0,5.822615623474121,386247.5691642761,386253.3917798996,286.2533917798996,1.6306759638886392
2022-08-01,45.02614974975586,45.48427981622728,44.55095976992749,44.74103576185883,4644000,8563.0,5.822615623474121,385558.9203071594,385564.7429227829,285.5647429227829,-0.17828940062981635
2022-08-02,44.79342651367188,45.31735324613602,44.41571007664159,44.60822160039474,4469600,8563.0,5.822615623474121,383566.1112365723,383571.9338521958,283.5719338521958,-0.5168545898363464
2022-08-03,46.09228515625,46.187323157108565,45.02493244016373,45.02493244016373,3915200,8563.0,5.822615623474121,394688.23779296875,394694.0604085922,294.69406040859224,2.8996194911075523
2022-08-04,46.23850631713867,46.2433811106898,45.68411846838895,46.02527964940755,2700800,8563.0,5.822615623474121,395940.32959365845,395946.1522092819,295.94615220928193,0.31723097109530585
2022-08-05,46.16661071777344,46.31526028847466,45.45504343915723,45.49037917896696,2719200,8563.0,5.822615623474121,395324.68757629395,395330.5101919174,295.3305101919174,-0.15548629881345644
2022-08-08,45.84615707397461,46.568693504498135,45.60977984685174,46.1337103240154,4252800,8563.0,5.822615623474121,392580.6430244446,392586.46564006805,292.58646564006807,-0.6941140339806418
2022-08-09,45.28324508666992,45.51840271559006,45.04077712761385,45.47941552765755,3160000,8563.0,5.822615623474121,387760.42767715454,387766.250292778,287.766250292778,-1.2278098633459522
2022-08-10,46.66495132446289,46.700287064240776,46.10568878197176,46.39689722103785,5209600,8563.0,5.822615623474121,399591.97819137573,399597.8008069992,299.5978008069992,3.0512068817974525
2022-08-11,46.39445877075195,47.26198968256173,46.3384116682668,46.99149631891266,4467200,8563.0,5.822615623474121,397275.750453949,397281.57306957245,297.28157306957246,-0.5796397609669213
2022-08-12,47.35823822021485,47.35823822021485,46.57965842090662,46.77460920723973,2770400,8563.0,5.822615623474121,405528.59387969977,405534.41649532324,305.5344164953232,2.07732852092426
2022-08-15,47.64457321166992,47.71402505877809,47.15354292631445,47.20106378540227,2602400,8563.0,5.822615623474121,407980.48041152954,407986.303027153,307.986303027153,0.6046062755953763
2022-08-16,47.4788703918457,47.7067176799173,47.00124110794852,47.387487551065504,2853600,8563.0,5.822615623474121,406561.56716537476,406567.38978099823,306.5673897809982,-0.34778452992828557
2022-08-17,47.079227447509766,47.41307826807371,46.725877454453645,47.07800781963459,4396800,8563.0,5.822615623474121,403139.4246330261,403145.2472486496,303.1452472486496,-0.8417159414069064
2022-08-18,47.32534408569336,47.51054529678542,46.94640798793238,47.09993234401826,2100000,8563.0,5.822615623474121,405246.92140579224,405252.7440214157,305.2527440214157,0.5227636409331771
2022-08-19,46.4139518737793,46.95859373848548,46.3250082909772,46.88061565006814,2844800,8563.0,5.822615623474121,397442.6698951721,397448.4925107956,297.4484925107956,-1.9257738845088967
2022-08-22,45.14068603515625,45.793766926791314,45.02371332632061,45.793766926791314,3716800,8563.0,5.822615623474121,386539.69451904297,386545.51713466644,286.54551713466645,-2.743242352550379
2022-08-23,45.03468322753906,45.53424353007574,44.985946453276895,45.071238597018834,2160800,8563.0,5.822615623474121,385631.992477417,385637.81509304047,285.63781509304044,-0.23482410256739916
2022-08-24,45.10778427124024,45.31248464542215,44.89577728618355,45.01518552792491,2732800,8563.0,5.822615623474121,386257.9567146302,386263.77933025366,286.26377933025367,0.16231920540836775
2022-08-25,45.92658233642578,45.94242262526096,45.23329082156221,45.32832883619562,1689600,8563.0,5.822615623474121,393269.32454681396,393275.14716243744,293.2751471624374,1.8151761069445493
2022-08-26,43.9819564819336,46.00943537333336,43.9783013166814,45.92658248203185,4351200,8563.0,5.822615623474121,376617.4933547974,376623.3159704209,276.6233159704209,-4.234142765481874
2022-08-29,43.41415786743164,43.86132618552256,43.24966801729662,43.5238165280626,4378400,8563.0,5.822615623474121,371755.43381881714,371761.2564344406,271.7612564344406,-1.2909608433170239
2022-08-30,42.97674179077149,43.74070101604644,42.58440463793297,43.70414936636912,3971200,8563.0,5.822615623474121,368009.8399543763,368015.66256999975,268.01566256999973,-1.0075266853692089
2022-08-31,42.55760192871094,43.39832339739906,42.54663643301586,43.27160852378196,3450400,8563.0,5.822615623474121,364420.74531555176,364426.56793117523,264.42656793117527,-0.9752559480105893
2022-09-01,42.18474960327149,42.24079669553565,41.30260191079156,42.07874611980657,4958400,8563.0,5.822615623474121,361228.0108528138,361233.83346843725,261.23383346843724,-0.8760981617950914
2022-09-02,41.6888542175293,42.88292565393304,41.45978728523081,42.64532876347124,4327200,8563.0,5.822615623474121,356981.65866470337,356987.48128032684,256.98748128032685,-1.1755134194763706
2022-09-06,41.386680603027344,41.874055749103725,41.122277950194906,41.7680485313952,4844000,8563.0,5.822615623474121,354394.14600372314,354399.9686193466,254.39996861934665,-0.7248188792783883
2022-09-07,42.04584503173828,42.22008444265581,41.3050365723668,41.44759541432175,4394400,8563.0,5.822615623474121,360038.5710067749,360044.3936223984,260.0443936223984,1.5926708529464761
2022-09-08,42.29928588867188,42.46743089515328,41.562128809947446,41.74123931010673,3164000,8563.0,5.822615623474121,362208.7850646973,362214.6076803208,262.2146076803208,0.6027629082313801
2022-09-09,43.2131233215332,43.29963137992356,42.63680079868358,42.64411112934317,2464000,8563.0,5.822615623474121,370033.9750022888,370039.7976179123,270.0397976179123,2.1603739252000986
2022-09-12,43.89787292480469,43.90518325347092,43.45557944861386,43.45557944861386,2427200,8563.0,5.822615623474121,375897.48585510254,375903.308470726,275.903308470726,1.58456222561989
2022-09-13,41.59868621826172,42.79397342679275,41.492682722455775,42.65019865589222,5641600,8563.0,5.822615623474121,356209.5500869751,356215.3727025986,256.21537270259853,-5.237499996534522
2022-09-14,41.77901077270508,42.01051318478518,41.36595862051012,41.792411802164864,3512000,8563.0,5.822615623474121,357753.6692466736,357759.49186229706,257.75949186229707,0.43347909102948723
2022-09-15,40.84934616088867,41.733929459778565,40.619059635880376,41.41469935668143,4664800,8563.0,5.822615623474121,349792.9511756897,349798.7737913132,249.79877379131318,-2.2251591507872592
2022-09-16,40.54352188110352,40.60444377724342,39.98791448577782,40.43142395612002,5660800,8563.0,5.822615623474121,347174.17786788946,347180.00048351294,247.1800004835129,-0.7486513687330887
2022-09-19,40.86152267456055,40.893203242898345,40.14630037894567,40.15726587143724,21616800,8563.0,5.822615623474121,349897.21866226196,349903.04127788544,249.90304127788545,0.784331122351567
2022-09-20,40.60809326171875,40.88102212836543,40.26936771529942,40.47284845602838,3777600,8563.0,5.822615623474121,347727.10260009766,347732.92521572113,247.7329252157211,-0.620204972851568
2022-09-21,39.992794036865234,41.42689430400855,39.992794036865234,40.80061535235597,4010400,8563.0,5.822615623474121,342458.295337677,342464.1179533005,242.46411795330047,-1.5151879158846082
2022-09-22,39.46641540527344,39.94769605865456,39.26780946816009,39.79905023108691,5844000,8563.0,5.822615623474121,337950.91511535645,337956.7377309799,237.9567377309799,-1.316161310346442
2022-09-23,38.90715789794922,39.173996081684365,38.42099867255902,39.10332460485721,20828800,8563.0,5.822615623474121,333161.99308013916,333167.81569576263,233.1678156957626,-1.4170222104077035
2022-09-26,38.65372467041016,39.50785087063217,38.54894079062462,38.82308933174697,9041600,8563.0,5.822615623474121,330991.8443527222,330997.6669683457,230.9976669683457,-0.651368056931001
2022-09-27,38.79263305664063,39.5663419984813,38.40517063091514,39.1788758543778,18527200,8563.0,5.822615623474121,332181.31686401373,332187.1394796372,232.18713947963718,0.3593597870903631
2022-09-28,39.24256896972656,39.43310216023875,38.285016499446606,38.51463437706922,11395200,8563.0,5.822615623474121,336034.11808776855,336039.940703392,236.03994070339206,1.1598285321310575
2022-09-29,38.23494338989258,38.73204131580231,37.781816672776365,38.67585940259177,21222400,8563.0,5.822615623474121,327405.82024765015,327411.6428632736,227.4116428632736,-2.5676405673854763
2022-09-30,37.54120635986328,38.70150653907475,37.51433610135712,38.08959967287413,7930400,8563.0,5.822615623474121,321465.3500595093,321471.17267513275,221.47117267513275,-1.814373531799418
2022-10-03,38.680755615234375,38.89083122089122,37.65113877151942,37.87220625029921,6112000,8563.0,5.822615623474121,331223.31033325195,331229.1329488754,231.22913294887542,3.035407558488523
2022-10-04,40.03524017333984,40.05478251713976,39.42211078449544,39.4502036025805,7688800,8563.0,5.822615623474121,342821.761604309,342827.5842199325,242.8275842199325,3.501639836990811
2022-10-05,40.16226196289063,40.42730058864413,39.22791573100402,39.44898314902813,4501600,8563.0,5.822615623474121,343909.4491882325,343915.27180385595,243.91527180385597,0.3172695646408874
2022-10-06,39.85813522338867,40.52133735846871,39.80561727766126,40.03523512922913,12241600,8563.0,5.822615623474121,341305.2119178772,341311.0345335007,241.3110345335007,-0.757232226616722
2022-10-07,38.19953155517578,39.07403205807218,38.01266227897602,39.07403205807218,6406400,8563.0,5.822615623474121,327102.5887069702,327108.4113225937,227.10841132259367,-4.161196613616358
2022-10-10,37.50945281982422,38.26181639559442,37.121058462984735,38.19464260719342,7816000,8563.0,5.822615623474121,321193.4444961548,321199.26711177826,221.19926711177825,-1.8064788327891268
2022-10-11,36.89876174926758,37.53509741772879,36.61784848683364,37.25784438435981,8125600,8563.0,5.822615623474121,315964.0968589783,315969.91947460175,215.96991947460174,-1.6280696043296627
2022-10-12,36.76686096191406,37.16136438456746,36.659379922471565,36.96716721311533,6149600,8563.0,5.822615623474121,314834.6304168701,314840.4530324936,214.84045303249357,-0.3574601164523017
2022-10-13,37.81968307495117,38.0151028228785,35.617555340039225,35.76656247851012,10500800,8563.0,5.822615623474121,323849.9461708069,323855.76878643036,223.85576878643033,2.8634553365371795
2022-10-14,36.74365234375,38.23372351972881,36.683806475371895,38.19830278684409,4932800,8563.0,5.822615623474121,314635.89501953125,314641.7176351547,214.64171763515472,-2.845109471356033
2022-10-17,37.905181884765625,38.06029438229472,37.61205411489465,37.64258833524208,3719200,8563.0,5.822615623474121,324582.07247924805,324587.8950948715,224.58789509487153,3.1611121164962563
2022-10-18,38.29479217529297,39.0593663852578,37.81723660482528,38.87127830429701,10937600,8563.0,5.822615623474121,327918.3053970337,327924.12801265717,227.92412801265715,1.027836517689762
2022-10-19,38.10670471191406,38.49265768127486,37.731743613941575,37.94670570505938,3305600,8563.0,5.822615623474121,326307.7124481201,326313.5350637436,226.31353506374361,-0.4911480465540574
2022-10-20,38.1274642944336,38.96165738782564,37.94181388628511,38.14212012090404,3848800,8563.0,5.822615623474121,326485.4767532349,326491.2993688584,226.49129936885842,0.05447653437975486
2022-10-21,39.13143157958984,39.20593327738904,37.88685663935868,38.02853212131524,3866400,8563.0,5.822615623474121,335082.4486160278,335088.27123165125,235.08827123165125,2.63313965162677
2022-10-24,39.59311294555664,39.73112448522757,38.73570968594653,39.28898958810477,3692800,8563.0,5.822615623474121,339035.8261528015,339041.648768425,239.041648768425,1.1798018242305863
2022-10-25,40.46028900146485,40.4871592682126,39.71281177943752,39.71281177943752,5120000,8563.0,5.822615623474121,346461.4547195435,346467.277335167,246.467277335167,2.190181823889703
2022-10-26,39.6468505859375,40.500589906510605,39.46486782859012,39.50883904332933,4164800,8563.0,5.822615623474121,339495.9815673828,339501.8041830063,239.50180418300627,-2.0104274221032448
2022-10-27,39.23646545410156,40.04501085401393,39.15585468090954,39.74944174629763,4268000,8563.0,5.822615623474121,335981.8536834717,335987.67629909515,235.98767629909517,-1.0350837140225777
2022-10-28,40.815696716308594,40.90485796973663,39.401353457371854,39.401353457371854,4392800,8563.0,5.822615623474121,349504.8109817505,349510.63359737396,249.51063359737398,4.024837293806183
2022-10-31,40.32959365844727,40.58852321166744,40.102417155032505,40.44440260786697,4328800,8563.0,5.822615623474121,345342.310497284,345348.13311290747,245.34813311290748,-1.1909510281914892
2022-11-01,40.01814651489258,40.935395642704265,39.849597030319394,40.838906467402495,3250400,8563.0,5.822615623474121,342675.38860702515,342681.2112226486,242.68121122264864,-0.7722415830714646
2022-11-02,38.537845611572266,40.39676888200801,38.53662305015574,39.99616010613341,4452800,8563.0,5.822615623474121,329999.5719718933,330005.3945875168,230.00539458751678,-3.6990112734532232
2022-11-03,37.44105911254883,38.114034514801375,37.41297001560515,38.01143998277181,16798400,8563.0,5.822615623474121,320607.7891807556,320613.6117963791,220.6136117963791,-2.8459482618084952
2022-11-04,37.92715835571289,38.267921233093546,37.07830570190679,38.094485254757686,5880800,8563.0,5.822615623474121,324770.2569999695,324776.07961559296,224.77607961559295,1.2982816905033445
2022-11-07,38.48899459838867,38.55250443251532,37.69021838013386,38.08838579141066,5656000,8563.0,5.822615623474121,329581.2607460022,329587.0833616257,229.58708336162567,1.4813294598934323
2022-11-08,38.84684753417969,39.3732570773997,38.30211820830071,38.81142680282502,4400800,8563.0,5.822615623474121,332645.55543518066,332651.37805080414,232.65137805080417,0.9297374939345904
2022-11-09,37.81235504150391,38.56838260308821,37.75250916493096,38.45968272151765,5304800,8563.0,5.822615623474121,323787.196220398,323793.0188360215,223.7930188360215,-2.6629558147899135
2022-11-10,41.01600646972656,41.055091164486406,39.589448656887,39.73234671407782,10920800,8563.0,5.822615623474121,351220.06340026855,351225.886015892,251.22588601589203,8.472346710403711
2022-11-11,41.85264205932617,41.975997761020125,40.80592820946673,40.9585992939624,10211200,8563.0,5.822615623474121,358384.17395401,358389.9965696335,258.38999656963347,2.039744460468751
2022-11-14,41.4532585144043,41.95646189019147,41.20409822240373,41.48623785923086,7431200,8563.0,5.822615623474121,354964.252658844,354970.07527446747,254.97007527446746,-0.9542457456681697
2022-11-15,42.05172348022461,42.594011489336616,41.63401746586523,42.4010368718663,7284000,8563.0,5.822615623474121,360088.90816116333,360094.7307767868,260.09473077678683,1.4436866257970804
2022-11-16,41.33477783203125,41.78424059528771,41.1918797889937,41.68775515676536,4236000,8563.0,5.822615623474121,353949.7025756836,353955.52519130707,253.9555251913071,-1.7048862593008196
2022-11-17,41.31157684326172,41.510660552803394,40.59219256271292,40.68868174096697,5818400,8563.0,5.822615623474121,353751.0325088501,353756.8551244736,253.7568551244736,-0.0561285395180966
2022-11-18,41.35798645019531,41.85142045016253,41.03188309359264,41.83187810362386,3657600,8563.0,5.822615623474121,354148.43797302246,354154.26058864594,254.15426058864594,0.11233859031014592
2022-11-21,40.86577987670898,41.24806892286704,40.76684929811292,41.10150317003927,8136800,8563.0,5.822615623474121,349933.673084259,349939.49569988245,249.93949569988243,-1.1900929503877888
2022-11-22,41.59737396240234,41.62302538903146,40.69844837928741,40.97081494395893,4137600,8563.0,5.822615623474121,356198.3132400512,356204.1358556747,256.2041358556747,1.79020665937204
2022-11-23,42.041954040527344,42.13722065116756,41.52043094126023,41.54363724502196,3524800,8563.0,5.822615623474121,360005.25244903564,360011.0750646591,260.0110750646591,1.0687521075069428
2022-11-25,41.77812957763672,41.90881689845556,41.65110621313426,41.74393140957692,1474400,8563.0,5.822615623474121,357746.1235733032,357751.9461889267,257.7519461889267,-0.6275164938541633
2022-11-28,40.89508438110352,41.59126599424453,40.73264399260863,41.40683813754718,5042400,8563.0,5.822615623474121,350184.60755538946,350190.43017101294,250.19043017101293,-2.1136198135231266
2022-11-29,40.51646423339844,40.98424679400611,40.357684069899136,40.91585044666903,4314400,8563.0,5.822615623474121,346942.4832305908,346948.3058462143,246.9483058462143,-0.9258175111225508
2022-11-30,42.49629211425781,42.50362002642156,40.44317214622465,40.56164502929916,4823200,8563.0,5.822615623474121,363895.74937438965,363901.5719900131,263.9015719900131,4.88639542494651
2022-12-01,42.646522521972656,42.85903943311813,42.09202021875288,42.55736128597731,11018400,8563.0,5.822615623474121,365182.17235565186,365187.99497127533,265.1879949712753,0.35350849797854966
2022-12-02,42.40713882446289,42.53416220463205,41.77447077366465,41.86485085882977,4314400,8563.0,5.822615623474121,363132.32975387573,363138.1523694992,263.1381523694992,-0.5613116066253365
2022-12-05,41.59981918334961,42.29599711459013,41.34333100770456,42.0908080650027,3923200,8563.0,5.822615623474121,356219.2516670227,356225.0742826462,256.2250742826462,-1.903704703497766
2022-12-06,40.69600296020508,41.64866897065825,40.42607781780906,41.64866897065825,6495200,8563.0,5.822615623474121,348479.8733482361,348485.69596385956,248.48569596385954,-2.1726090827188127
2022-12-07,40.51035690307617,40.79737929839708,40.21722915506991,40.56654254799621,6806400,8563.0,5.822615623474121,346890.18616104126,346896.00877666473,246.89600877666473,-0.45616999653256274
2022-12-08,41.21630859375,41.34210942529639,40.50669365163082,40.7924934904647,3288000,8563.0,5.822615623474121,352935.25048828125,352941.0731039047,252.94107310390476,1.742615704504069
2022-12-09,40.965919494628906,41.53629647161221,40.83889613259491,41.04653025934352,11598400,8563.0,5.822615623474121,350791.1686325073,350796.9912481308,250.7969912481308,-0.6074900370529268
2022-12-12,41.86485290527344,41.86973942364376,41.03798765069485,41.06119395380209,4852000,8563.0,5.822615623474121,358488.73542785645,358494.5580434799,258.4945580434799,2.1943081005231235
2022-12-13,42.3643798828125,43.66025361234449,41.96010726589095,43.43674484914908,7354400,8563.0,5.822615623474121,362766.18493652344,362772.0075521469,262.77200755214693,1.193169997338761
2022-12-14,42.04806137084961,42.83095920096236,41.55340850912956,42.31432259590402,5572000,8563.0,5.822615623474121,360057.5495185852,360063.3721342087,260.0633721342087,-0.7466495103123028
2022-12-15,40.45526885986328,41.478924055441325,40.33526944650416,41.387088799230014,5430400,8563.0,5.822615623474121,346418.4672470093,346424.28986263275,246.42428986263275,-3.787967154429739
2022-12-16,39.926300048828125,40.53118861658104,39.72915840675503,40.34017156747869,5028800,8563.0,5.822615623474121,341888.90731811523,341894.7299337387,241.89472993373872,-1.3075179949679994
2022-12-19,39.35079956054688,40.004666221215565,39.09611139445344,39.99854536472157,12659200,8563.0,5.822615623474121,336960.89663696295,336966.7192525864,236.96671925258644,-1.4413824635750805
2022-12-20,39.43773651123047,39.63855142763672,38.94794840696548,39.102232855580695,6608800,8563.0,5.822615623474121,337705.3377456665,337711.16036129,237.71116036128998,0.2209242237199982
2022-12-21,40.06221389770508,40.25323094419732,39.50018254128141,39.611609774532944,4402400,8563.0,5.822615623474121,343052.7376060486,343058.56022167206,243.05856022167208,1.5834240878096262
2022-12-22,39.06916809082031,39.58834221363878,38.41774910557205,39.58589461869977,5084800,8563.0,5.822615623474121,334549.28636169434,334555.1089773178,234.55510897731781,-2.4787171143199616
2022-12-23,39.08386993408203,39.12427581199731,38.48142886947254,38.82795607585328,7944800,8563.0,5.822615623474121,334675.17824554443,334681.0008611679,234.6810008611679,0.03762964022129278
2022-12-27,38.70182800292969,39.00059901133216,38.49856551447317,38.998147679547486,5281600,8563.0,5.822615623474121,331403.7531890869,331409.5758047104,231.40957580471039,-0.9774755806394197
2022-12-28,38.09326934814453,38.92468567505984,38.05041214302356,38.63938202077554,4907200,8563.0,5.822615623474121,326192.6654281616,326198.4880437851,226.19848804378512,-1.5724010835450386
2022-12-29,39.131614685058594,39.27243173913068,38.4287700277422,38.51448443136988,4965600,8563.0,5.822615623474121,335084.01654815674,335089.8391637802,235.0898391637802,2.725748722293786
2022-12-30,39.110801696777344,39.110801696777344,38.50101421391537,38.72264301318334,4978400,8563.0,5.822615623474121,334905.7949295044,334911.61754512787,234.91161754512788,-0.053186219879752805
2023-01-03,38.736114501953125,39.81609808667671,38.48142261447504,39.4720185317148,5940000,8563.0,5.822615623474121,331697.3484802246,331703.1710958481,231.7031710958481,-0.9579979556389895
2023-01-04,38.90386962890625,39.159783467323074,38.49612267254312,38.9393803130922,4561600,8563.0,5.822615623474121,333133.8356323242,333139.6582479477,233.1396582479477,0.43306403956100414
2023-01-05,38.0981674194336,38.69325814021097,38.04306476597503,38.68468595202204,4448800,8563.0,5.822615623474121,326234.6076126099,326240.4302282334,226.24043022823338,-2.070971692772572
2023-01-06,39.18794250488281,39.36304083404391,37.95857346631867,38.42632194586135,6175200,8563.0,5.822615623474121,335566.3516693115,335572.174284935,235.572174284935,2.8603885944403773
2023-01-09,39.67894744873047,40.38057007910199,39.55895178452709,39.59691005423866,5166400,8563.0,5.822615623474121,339770.827003479,339776.6496191025,239.7766496191025,1.2529272855017703
2023-01-10,39.93609237670898,39.977723912541705,39.33977602376173,39.57365026603463,18122400,8563.0,5.822615623474121,341972.759021759,341978.58163738245,241.97858163738246,0.6480527784202827
2023-01-11,40.60955810546875,40.62057789012157,39.91283418260727,40.07323949830988,4167200,8563.0,5.822615623474121,347739.6460571289,347745.4686727524,247.7454686727524,1.6863298887779044
2023-01-12,40.92669296264648,41.08097741188761,40.13691188338713,40.66588019818141,4303200,8563.0,5.822615623474121,350455.2718391418,350461.09445476526,250.46109445476526,0.7809234128564491
2023-01-13,41.09933853149414,41.12627702340965,40.44914520144642,40.54955264738478,3956800,8563.0,5.822615623474121,351933.6358451843,351939.4584608078,251.9394584608078,0.4218339865492027
2023-01-17,41.3050537109375,41.50586862759752,40.95240941432189,41.00628640480205,4362400,8563.0,5.822615623474121,353695.1749267578,353700.9975423813,253.70099754238126,0.5005233255962471
2023-01-18,40.784645080566406,41.814424798090734,40.75403333059286,41.58422384040394,5846400,8563.0,5.822615623474121,349238.91582489014,349244.7384405136,249.2447384405136,-1.2598944116163358
2023-01-19,40.28384017944336,40.653632537104464,40.11853970719704,40.46261550255596,6995200,8563.0,5.822615623474121,344950.5234565735,344956.34607219696,244.95634607219694,-1.2279046457408849
2023-01-20,41.41158676147461,41.41158676147461,40.3536426357507,40.52629339530093,4633600,8563.0,5.822615623474121,354607.4174385071,354613.24005413055,254.61324005413056,2.7994539285595588
2023-01-23,42.39482879638672,42.57972123689088,41.50586232523376,41.56218690244266,10939200,8563.0,5.822615623474121,363026.9189834595,363032.74159908295,263.03274159908295,2.3742772671621504
2023-01-24,42.32380294799805,42.48665954346171,42.08013462444717,42.17074420470514,4677600,8563.0,5.822615623474121,362418.7246437073,362424.54725933075,262.4245472593307,-0.1675315391865828
2023-01-25,42.23442840576172,42.32748560131997,41.17158541652156,41.58913020929688,5066400,8563.0,5.822615623474121,361653.4104385376,361659.2330541611,261.65923305416106,-0.2111651131130654
2023-01-26,42.90665817260742,42.93114533307793,42.19156806678734,42.68013045173412,3876800,8563.0,5.822615623474121,367409.71393203735,367415.5365476608,267.41553654766085,1.5916373667246297
2023-01-27,43.10379409790039,43.40991161567739,42.61155847455797,42.63482370485192,4538400,8563.0,5.822615623474121,369097.78886032104,369103.6114759445,269.1036114759445,0.4594457121071427
2023-01-30,42.2613639831543,42.80380335549019,42.23442549074465,42.59809326988176,4832000,8563.0,5.822615623474121,361884.05978775024,361889.8824033737,261.8898824033737,-1.9543913546998581
2023-01-31,42.90298843383789,42.91278255147289,42.240549592271776,42.29687417644284,4666400,8563.0,5.822615623474121,367378.28995895386,367384.11257457733,267.38411257457733,1.5182049674103748
2023-02-01,43.95602798461914,44.28908399363458,42.735231173510336,42.87971774516031,4440000,8563.0,5.822615623474121,376395.4676322937,376401.2902479172,276.4012902479172,2.454427767752043
2023-02-02,45.26620864868164,45.47681765018262,44.57315814068175,44.7458088689575,11626400,8563.0,5.822615623474121,387614.5446586609,387620.36727428436,287.6203672742844,2.980615985396251
2023-02-03,44.78622055053711,45.53559567020152,44.260921819875776,44.260921819875776,6144800,8563.0,5.822615623474121,383504.40657424927,383510.22918987274,283.51022918987275,-1.0603514240786094
2023-02-06,44.19847106933594,44.597649512162505,44.02459841015149,44.31969614856661,2552800,8563.0,5.822615623474121,378471.50776672363,378477.3303823471,278.47733038234713,-1.3123245286461138
2023-02-07,45.25764083862305,45.40580442190187,44.20459946605549,44.25235186027289,4283200,8563.0,5.822615623474121,387541.17850112915,387547.0011167526,287.54700111675265,2.3963577224673127
2023-02-08,44.6845932006836,45.57600741843293,44.61602316368647,45.241729422268655,10204000,8563.0,5.822615623474121,382634.1715774537,382639.99419307715,282.63999419307714,-1.2661707894875973
2023-02-09,44.49602127075195,45.47192036439273,44.28908552252236,45.39110862523254,3124000,8563.0,5.822615623474121,381019.430141449,381025.25275707245,281.02525275707245,-0.42200017261915246
2023-02-10,44.21316909790039,44.32826959762309,43.79807563608958,44.12378516330631,2697600,8563.0,5.822615623474121,378597.36698532104,378603.1896009445,278.6031896009445,-0.6356699821342682
2023-02-13,44.96499252319336,45.0727464931419,44.33561307907864,44.42132748338851,7828000,8563.0,5.822615623474121,385035.23097610474,385041.0535917282,285.0410535917282,1.7004251859497943
2023-02-14,45.20376205444336,45.45355125180565,44.46418110490641,44.74703338485048,4117600,8563.0,5.822615623474121,387079.8144721985,387085.63708782196,287.08563708782196,0.531004025939974
2023-02-15,45.52212524414063,45.52335091005748,44.89887038863061,44.97233934470195,3173600,8563.0,5.822615623474121,389805.95846557623,389811.7810811997,289.81178108119974,0.7042741275257391
2023-02-16,44.691932678222656,45.36661689447618,44.68703748834222,44.844991439675006,3686400,8563.0,5.822615623474121,382697.0195236206,382702.8421392441,282.70284213924407,-1.8236849902888874
2023-02-17,44.14459609985352,44.43112166392536,43.7576630875689,44.42867406889077,3313600,8563.0,5.822615623474121,378010.1764030457,378015.9990186692,278.0159990186692,-1.2246690132678983
2023-02-21,43.07686233520508,43.817669086006525,43.048701910714215,43.54583653829054,8300800,8563.0,5.822615623474121,368867.1721763611,368872.99479198456,268.8729947919846,-2.4186818151665235
2023-02-22,43.06705856323242,43.379296915427815,42.84175653387656,43.14297510459533,3920800,8563.0,5.822615623474121,368783.2224769592,368789.0450925827,268.78904509258274,-0.02275842921197757
2023-02-23,43.72950744628906,43.86419992364177,43.07931403043621,43.837261428171225,3250400,8563.0,5.822615623474121,374455.77226257324,374461.5948781967,274.4615948781967,1.538155718315859
2023-02-24,42.96910858154297,43.11971601996933,42.698497985176346,43.01074011864867,3160000,8563.0,5.822615623474121,367944.47678375244,367950.2993993759,267.9502993993759,-1.7388419981864245
2023-02-27,43.161354064941406,43.60093847109295,43.10013054759239,43.407473800456295,4657600,8563.0,5.822615623474121,369590.67485809326,369596.49747371674,269.59649747371674,0.4473968568657227
2023-02-28,43.11603927612305,43.51154445185862,42.97889922690303,43.057267104620806,1655200,8563.0,5.822615623474121,369202.64432144165,369208.4669370651,269.2084669370651,-0.10498761197790252
2023-03-01,42.782989501953125,43.22379953636688,42.66666707105188,43.119718818454565,3965600,8563.0,5.822615623474121,366350.7391052246,366356.5617208481,266.3565617208481,-0.7724376528729926
2023-03-02,43.29114532470703,43.41114475758435,42.51483161434579,42.651971688041726,2244000,8563.0,5.822615623474121,370702.0774154663,370707.9000310898,270.70790003108976,1.1877331443997052
2023-03-03,44.1996955871582,44.21438862988668,43.49439964190312,43.54582902823883,3400800,8563.0,5.822615623474121,378481.9933128357,378487.81592845917,278.48781592845916,2.0986647159979332
2023-03-06,44.360107421875,44.97846339441028,44.33072133207444,44.49479989477191,4308800,8563.0,5.822615623474121,379855.5998535156,379861.4224691391,279.8614224691391,0.3629196193040807
2023-03-07,43.8139877319336,44.50213929438904,43.69888724958845,44.358874655968464,2481600,8563.0,5.822615623474121,375179.1769485474,375184.9995641709,275.1849995641709,-1.2310865564002182
2023-03-08,44.1605110168457,44.220512589509866,43.7441919527561,43.93643464487047,3632800,8563.0,5.822615623474121,378146.45583724976,378152.27845287323,278.15227845287325,0.7908842017002815
2023-03-09,43.46501541137695,44.70050529733629,43.39032079193812,44.21316485092306,4271200,8563.0,5.822615623474121,372190.92696762085,372196.7495832443,272.19674958324435,-1.574902283808688
2023-03-10,42.60544204711914,43.44420114357576,42.41564692429936,43.38665089478075,5624800,8563.0,5.822615623474121,364830.4002494812,364836.2228651047,264.8362228651047,-1.9775902735263973
2023-03-13,42.80379104614258,43.41112701143009,42.04706961804967,42.3384902871295,13410400,8563.0,5.822615623474121,366528.8627281189,366534.68534374237,266.5346853437424,0.46554107629430685
2023-03-14,43.76990509033203,43.92663710629138,43.1797133698391,43.39276996145005,4953600,8563.0,5.822615623474121,374801.6972885132,374807.51990413666,274.80751990413665,2.257040026821988
2023-03-15,43.75399017333984,43.798073041815925,43.04012572093116,43.36460956293511,11355200,8563.0,5.822615623474121,374665.417854309,374671.2404699325,274.67124046993246,-0.03635984524510416
2023-03-16,44.94907760620117,44.996833739234106,43.447875895706666,43.653589736050655,11621600,8563.0,5.822615623474121,384898.95154190063,384904.7741575241,284.9047741575241,2.731336858082889
2023-03-17,44.82662963867188,45.350702741058505,44.56826821704424,45.05070978054812,4109600,8563.0,5.822615623474121,383850.4295959473,383856.2522115708,283.8562522115708,-0.2724107406171572
2023-03-20,44.96376419067383,45.03478554701262,44.44948900567299,44.75070759522963,3489600,8563.0,5.822615623474121,385024.71276474,385030.53538036346,285.03053538036346,0.3059174266478948
2023-03-21,45.470703125,45.53682556428242,44.884180833543134,45.246622978404375,11869600,8563.0,5.822615623474121,389365.630859375,389371.4534749985,289.3714534749985,1.127421774573456
2023-03-22,44.9184684753418,46.299670837755535,44.9184684753418,45.43519509645827,4698400,8563.0,5.822615623474121,384636.8455543518,384642.6681699753,284.64266816997525,-1.214466356693722
2023-03-23,45.55274200439453,46.22620065829219,45.163361352242525,45.426621715045165,4759200,8563.0,5.822615623474121,390068.1297836304,390073.95239925385,290.07395239925387,1.4120337338338285
2023-03-24,45.635196685791016,45.635196685791016,45.071992849536365,45.42046881066511,2968800,8563.0,5.822615623474121,390774.18922042847,390780.01183605194,290.7800118360519,0.18100655848853897
2023-03-27,45.34929656982422,45.92353931963225,45.24009406247096,45.689178748781565,4939200,8563.0,5.822615623474121,388326.0265274048,388331.84914302826,288.33184914302825,-0.6264810427537348
2023-03-28,45.15420150756836,45.31494034924,44.77137300695936,45.3124876645898,4691200,8563.0,5.822615623474121,386655.42750930786,386661.25012493134,286.66125012493137,-0.4301988162401793
2023-03-29,46.07691192626953,46.17629994091516,45.63150818208847,45.694083463255794,3072000,8563.0,5.822615623474121,394556.596824646,394562.41944026947,294.5624194402695,2.0434344824533657
2023-03-30,46.54196166992188,46.63398790565813,46.26097384833122,46.4560690187452,2971200,8563.0,5.822615623474121,398538.8177795411,398544.64039516455,298.54464039516455,1.0092752777987046
2023-03-31,47.29779815673828,47.33338267843389,46.49042306715024,46.54072744097522,4052800,8563.0,5.822615623474121,405011.0456161499,405016.8682317734,305.0168682317734,1.62396559396496
2023-04-03,47.2352180480957,47.28061705169351,46.80330966208594,47.02417109644804,6167200,8563.0,5.822615623474121,404475.1721458435,404480.994761467,304.480994761467,-0.13230892645186287
2023-04-04,46.93582534790039,47.39963735149745,46.7775429440183,47.28920663531844,3695200,8563.0,5.822615623474121,401911.47245407104,401917.2950696945,301.91729506969455,-0.6338245121465746
2023-04-05,46.37140274047852,46.70883223086114,46.03274503550909,46.703923117070616,9765600,8563.0,5.822615623474121,397078.3216667176,397084.14428234106,297.0841442823411,-1.2025237148641121
2023-04-06,46.61189270019531,46.640111676700336,45.82414664043709,46.03765000872091,2229600,8563.0,5.822615623474121,399137.63719177246,399143.45980739594,299.1434598073959,0.5186093564064853
2023-04-10,46.584903717041016,46.584903717041016,45.94685371004692,46.16035710364518,2392800,8563.0,5.822615623474121,398906.5305290222,398912.3531446457,298.9123531446457,-0.05790065127504462
2023-04-11,46.23888397216797,46.54686627619516,46.10882053782208,46.511281753347546,13228800,8563.0,5.822615623474121,395943.5634536743,395949.3860692978,295.9493860692978,-0.742761424155125
2023-04-12,45.96157836914063,46.72601092948374,45.8990030794402,46.51373574560321,3059200,8563.0,5.822615623474121,393568.99557495123,393574.8181905747,293.5748181905747,-0.5997150045605859
2023-04-13,46.85115814208984,46.92232717898329,46.14317113932861,46.20206926525184,8539200,8563.0,5.822615623474121,401186.4671707153,401192.28978633875,301.19228978633873,1.9354570576401997
2023-04-14,46.67201614379883,47.0303065336529,46.25851226985251,46.64502163672382,4209600,8563.0,5.822615623474121,399652.47423934937,399658.29685497284,299.65829685497283,-0.38235852742405374
2023-04-17,46.841346740722656,46.885517529652894,46.46588005658944,46.64870428503384,2506400,8563.0,5.822615623474121,401102.4521408081,401108.2747564316,301.1082747564315,0.3628044038792799
2023-04-18,46.9738655090332,47.32602234863205,46.79472216953351,47.17386977418982,3436000,8563.0,5.822615623474121,402237.2103538513,402243.0329694748,302.24303296947477,0.2829057101183752
2023-04-19,46.87571334838867,46.95546867563303,46.53460289553527,46.60699642300675,2138400,8563.0,5.822615623474121,401396.7334022522,401402.5560178757,301.40255601787567,-0.2089475473060376
2023-04-20,46.53949737548828,46.97017750499965,46.34685493804236,46.47937103684059,2300800,8563.0,5.822615623474121,398517.71602630615,398523.5386419296,298.52353864192963,-0.7172394228146972
2023-04-21,46.40208053588867,46.47201762435744,46.135816331265445,46.39839963649558,2632800,8563.0,5.822615623474121,397341.0156288147,397346.8382444382,297.3468382444382,-0.2952649676607244
2023-04-24,46.20084381103516,46.49410249915172,45.867095233309776,46.25606104142188,2344000,8563.0,5.822615623474121,395617.8255538941,395623.6481695176,295.6236481695176,-0.4336740371545411
2023-04-25,45.20327758789063,46.03396997990115,45.20205311794748,46.013109056190864,3125600,8563.0,5.822615623474121,387075.6659851075,387081.48860073095,287.08148860073095,-2.159163034947409
2023-04-26,45.80452346801758,46.27201644495945,45.69164004938271,45.938271558868784,5786400,8563.0,5.822615623474121,392224.1344566345,392229.957072258,292.229957072258,1.3300735434645494
2023-04-27,46.67201614379883,46.71619067562902,45.95421089414846,46.00083811041951,3312800,8563.0,5.822615623474121,399652.47423934937,399658.29685497284,299.65829685497283,1.8938736444718662
2023-04-28,47.16160202026367,47.16896756388516,46.58613475575257,46.66220917579023,2912000,8563.0,5.822615623474121,403844.7980995178,403850.6207151413,303.8506207151413,1.0489770619449335
2023-05-01,47.2106819152832,47.43154335875028,47.084299381994114,47.12601748822426,2161600,8563.0,5.822615623474121,404265.06924057007,404270.89185619354,304.27089185619354,0.10406598863412775
2023-05-02,46.68183898925781,47.238901721514736,46.46220201198794,47.20945452708544,2672800,8563.0,5.822615623474121,399736.58726501465,399742.4098806381,299.74240988063815,-1.1201602852886738
2023-05-03,46.35176849365234,47.11987814364034,46.34072579640715,46.71864516550551,2816800,8563.0,5.822615623474121,396910.19361114496,396916.01622676844,296.9160162267684,-0.7070537386097309
2023-05-04,46.164039611816406,46.437661873961495,45.99471074858287,46.19471502198025,3992000,8563.0,5.822615623474121,395302.6711959839,395308.49381160736,295.3084938116074,-0.40500316173753825
2023-05-05,47.38491821289063,47.52602434931335,46.648708376364894,46.66956930267148,3084000,8563.0,5.822615623474121,405757.0546569825,405762.87727260595,305.7628772726059,2.6446139216985465
2023-05-08,47.43522262573242,47.46712624774572,47.1333776648322,47.29288828578554,1961600,8563.0,5.822615623474121,406187.8113441467,406193.6339597702,306.19363395977024,0.10615970836456157
2023-05-09,47.09043502807617,47.25240209080852,47.05116960476708,47.18982305644446,1658400,8563.0,5.822615623474121,403235.39514541626,403241.21776103973,303.24121776103976,-0.7268494510730972
2023-05-10,47.60332107543945,47.69902819253176,47.13828461580906,47.48798124912868,3171200,8563.0,5.822615623474121,407627.23836898804,407633.0609846115,307.6330609846115,1.0891354926356733
2023-05-11,47.40209197998047,47.54687899668329,47.0977906063614,47.54196988327882,2362400,8563.0,5.822615623474121,405904.11362457275,405909.9362401962,305.90993624019626,-0.4227146689851913
2023-05-12,47.307613372802734,47.55179217015185,46.9579167124209,47.49412225253352,1940000,8563.0,5.822615623474121,405095.0933113098,405100.9159269333,305.1009159269332,-0.19931030039732622
2023-05-15,47.70639801025391,47.70639801025391,47.19227781887133,47.34565487490296,2128000,8563.0,5.822615623474121,408509.88616180426,408515.70877742773,308.51570877742773,0.8429486866700531
2023-05-16,47.67449569702149,47.92726077290349,47.608235763719776,47.608235763719776,2423200,8563.0,5.822615623474121,408236.706653595,408242.5292692185,308.2425292692185,-0.06687123710047427
2023-05-17,48.3726692199707,48.43033914095204,47.668359255198325,47.878181757131216,8323200,8563.0,5.822615623474121,414215.16653060913,414220.9891462326,314.2209891462326,1.4644382807729395
2023-05-18,49.32237243652344,49.38249503461959,48.43769476721581,48.43769476721581,11084800,8563.0,5.822615623474121,422347.4751739502,422353.29778957367,322.3532977895736,1.9632777808055835
2023-05-19,49.23280715942383,49.39477423056329,49.07329651771673,49.34814700603311,2890400,8563.0,5.822615623474121,421580.52770614624,421586.3503217697,321.5863503217697,-0.18158907999957785
2023-05-22,49.35918426513672,49.505199507102326,49.02911657476639,49.068381995786325,2228800,8563.0,5.822615623474121,422662.6948623657,422668.5174779892,322.66851747798916,0.2566893248307389
2023-05-23,48.607025146484375,49.26347586648933,48.578802423752514,49.13464065376378,3291200,8563.0,5.822615623474121,416221.9563293457,416227.7789449692,316.2277789449692,-1.5238273651066114
2023-05-24,48.30641174316406,48.48433062927012,48.0241994526756,48.224199992007385,3039200,8563.0,5.822615623474121,413647.80375671387,413653.62637233734,313.6536263723373,-0.6184480476427279
2023-05-25,50.02668380737305,50.21932627783015,49.36409571072854,49.681892503972406,5887200,8563.0,5.822615623474121,428378.4934425354,428384.3160581589,328.3843160581589,3.5611170183631247
2023-05-26,51.35431671142578,51.427938443580224,50.186198458676095,50.186198458676095,4089600,8563.0,5.822615623474121,439747.01399993896,439752.83661556244,339.75283661556244,2.6538134407003255
2023-05-30,51.62303161621094,52.29052880486411,51.47578815755988,52.10647635382864,6355200,8563.0,5.822615623474121,442048.01972961426,442053.84234523773,342.05384234523774,0.5232497753475229
2023-05-31,51.15185546875,51.72609819121798,51.0782337427667,51.30891340338799,3402400,8563.0,5.822615623474121,438013.33837890625,438019.1609945297,338.01916099452967,-0.9127126526720652
2023-06-01,51.67947769165039,51.90279558316051,50.76535268757007,50.99234773407304,4220000,8563.0,5.822615623474121,442531.3674736023,442537.19008922577,342.53719008922576,1.0314683687439041
2023-06-02,52.03776550292969,52.23286065829612,51.645118762916766,51.99113828129051,3809600,8563.0,5.822615623474121,445599.3860015869,445605.2086172104,345.6052086172104,0.6932792535167653
2023-06-05,51.75923156738281,52.33224987836882,51.6451199399642,51.98132498255067,3124000,8563.0,5.822615623474121,443214.299911499,443220.1225271225,343.2201225271225,-0.5352464567210169
2023-06-06,51.845123291015625,51.97763941331112,51.38622036017391,51.62058093962255,2842400,8563.0,5.822615623474121,443949.7907409668,443955.6133565903,343.9556133565903,0.16594256264228502
2023-06-07,51.07332611083984,52.213225320716624,50.96780450469584,51.84266774007771,4487200,8563.0,5.822615623474121,437340.8914871215,437346.714102745,337.346714102745,-1.4886396421204706
2023-06-08,51.58744430541992,51.6745651569484,51.1015469094263,51.1015469094263,1981600,8563.0,5.822615623474121,441743.2855873108,441749.10820293427,341.7491082029342,1.006614193780142
2023-06-09,51.80216979980469,52.334694389141625,51.62179826595215,51.86474882518914,5760000,8563.0,5.822615623474121,443581.97999572754,443587.802611351,343.58780261135104,0.4162304743289047
2023-06-12,52.88318634033203,52.89054814024148,52.036545649729206,52.11998187840785,3579200,8563.0,5.822615623474121,452838.7246322632,452844.54724788666,352.8445472478866,2.0867897137933467
2023-06-13,53.26355743408203,53.45742813306542,52.83164898519183,53.31877467298976,5442400,8563.0,5.822615623474121,456095.84230804443,456101.6649236679,356.1016649236679,0.7192573468259855
2023-06-14,53.70405197143555,53.77644548844172,52.9580276606911,53.26478175540716,15332000,8563.0,5.822615623474121,459867.7970314026,459873.61964702606,359.87361964702603,0.8269986745146785
2023-06-15,54.40467834472656,54.61940620046946,53.45742159703848,53.50036417254175,5164000,8563.0,5.822615623474121,465867.26066589355,465873.083281517,365.873083281517,1.3045896477157815
2023-06-16,53.93473052978516,54.96051814838373,53.9150978187842,54.896710901491446,4972800,8563.0,5.822615623474121,461843.09752655035,461848.9201421738,361.8489201421738,-0.8637895778390581
2023-06-20,53.6206169128418,53.99731184797121,53.32367729514734,53.62184512750534,6056000,8563.0,5.822615623474121,459153.3426246643,459159.1652402878,359.1591652402878,-0.5823884791282041
2023-06-21,52.79850387573242,53.52612730459576,52.61199876742171,53.44391557425741,4289600,8563.0,5.822615623474121,452113.5886878967,452119.4113035202,352.1194113035202,-1.5331837998014297
2023-06-22,53.232872009277344,53.25005203399294,52.54942306615606,52.54942306615606,13495200,8563.0,5.822615623474121,455833.0830154419,455838.90563106537,355.8389056310654,0.8226796360769839
2023-06-23,52.61445999145508,52.948208590982766,52.41936483966394,52.593602810297774,4286400,8563.0,5.822615623474121,450537.62090682983,450543.4435224533,350.5434435224533,-1.1616959507396607
2023-06-26,52.187461853027344,53.14208045201004,52.1690573561399,52.626732071820605,3320800,8563.0,5.822615623474121,446881.23584747314,446887.0584630966,346.8870584630966,-0.8115499430576989
2023-06-27,53.2426986694336,53.39361929406584,52.41936794741122,52.47213249985497,2600800,8563.0,5.822615623474121,455917.2287063599,455923.0513219834,355.9230513219834,2.02198579881967
2023-06-28,53.38011932373047,53.66601248023859,52.92244088584385,53.00097172813764,3463200,8563.0,5.822615623474121,457093.961769104,457099.7843847275,357.0997843847275,0.2580990496821922
2023-06-29,53.495147705078125,53.5860907800625,53.20020621281054,53.45828142493888,2787200,8563.0,5.822615623474121,458078.949798584,458084.77241420746,358.08477241420746,0.2154864349380059
2023-06-30,54.33818817138672,54.47705739847261,53.99408666835232,54.07273972632049,3354400,8563.0,5.822615623474121,465297.9053115845,465303.72792720795,365.30372792720794,1.5758994727013143
2023-07-03,54.24602508544922,54.375060820217925,53.9818067354466,54.36523106201213,6659200,8563.0,5.822615623474121,464508.71280670166,464514.53542232513,364.5145354223251,-0.16960803396062207
2023-07-05,53.909297943115234,54.2656857294086,53.813441866106885,53.95845423253768,3724000,8563.0,5.822615623474121,461625.31828689575,461631.1409025192,361.6311409025192,-0.6207328942213652
2023-07-06,53.700382232666016,53.7372485143388,53.11295572557664,53.382090832942026,3533600,8563.0,5.822615623474121,459836.3730583191,459842.19567394257,359.84219567394257,-0.38752698205739566
2023-07-07,53.51726913452149,54.16491176625069,53.49760586908658,53.58362843618181,2547200,8563.0,5.822615623474121,458268.3755989075,458274.198214531,358.27419821453105,-0.3409859891421063
2023-07-10,53.73233413696289,53.73233413696289,53.089604473407945,53.29729327242033,2747200,8563.0,5.822615623474121,460109.97721481323,460115.7998304367,360.1157998304367,0.4018558371998049
2023-07-11,53.93510437011719,53.9768874036698,53.3894609313263,53.83064491104342,7304800,8563.0,5.822615623474121,461846.2987213135,461852.12133693695,361.852121336937,0.3773661993654809
2023-07-12,54.49918746948242,54.73636931349127,54.15385952551091,54.48321082966272,3728800,8563.0,5.822615623474121,466676.542301178,466682.36491680145,366.6823649168014,1.0458420253396827
2023-07-13,55.31150436401367,55.41350733072352,54.79412752503568,54.89858699381167,4013600,8563.0,5.822615623474121,473632.4118690491,473638.23448467255,373.6382344846725,1.4904933399639386
2023-07-14,55.1136474609375,55.787100295598606,54.942824937488886,55.444228872896346,6104800,8563.0,5.822615623474121,471938.1632080078,471943.9858236313,371.94398582363124,-0.3577094367993028
2023-07-17,55.847312927246094,56.00953205783728,55.194753527315335,55.194753527315335,6067200,8563.0,5.822615623474121,478220.5405960083,478226.3632116318,378.2263632116318,1.331170133895565
2023-07-18,56.47898483276367,56.732147063210114,55.45160439917558,55.74777604340748,4876800,8563.0,5.822615623474121,483629.5471229553,483635.3697385788,383.6353697385788,1.1310556972689012
2023-07-19,56.33028030395508,56.895587012446526,56.12873839072027,56.65840519520401,11340000,8563.0,5.822615623474121,482356.19024276733,482362.0128583908,382.3620128583908,-0.2632886178023486
2023-07-20,55.13821792602539,56.2073811684732,54.98460219431875,55.94684948756018,8937600,8563.0,5.822615623474121,472148.5601005554,472154.3827161789,372.15438271617893,-2.1161762058590217
2023-07-21,55.04359817504883,55.73548415566064,54.98215187126994,55.540085359689954,2669600,8563.0,5.822615623474121,471338.3311729431,471344.1537885666,371.34415378856664,-0.17160254299690703
2023-07-24,55.10626983642578,55.387694933487786,54.90595430337928,55.29921211368763,4907200,8563.0,5.822615623474121,471874.98860931396,471880.81122493744,371.8808112249374,0.1138568139770646
2023-07-25,55.73302459716797,55.923506628282304,55.24636719765117,55.24759732378241,4749600,8563.0,5.822615623474121,477241.8896255493,477247.7122411728,377.2477122411728,1.1373425001757642
2023-07-26,55.091529846191406,55.32256855581741,54.6773823455976,55.17878255022766,2720000,8563.0,5.822615623474121,471748.770072937,471754.5926885605,371.7545926885605,-1.150999661541885
2023-07-27,54.83836364746094,55.9788067713607,54.59134833305245,55.79692438184794,2869600,8563.0,5.822615623474121,469580.907913208,469586.7305288315,369.5867305288314,-0.4595317551386646
2023-07-28,55.61750411987305,55.75882985785932,55.2795494745046,55.37909217910964,3348000,8563.0,5.822615623474121,476252.6877784729,476258.5103940964,376.2585103940964,1.4207769154276129
2023-07-31,55.89278411865234,55.9431705356114,55.56466297092268,55.69738533115819,3742400,8563.0,5.822615623474121,478609.91040801996,478615.73302364344,378.6157330236434,0.49494603835982254
2023-08-01,55.92227554321289,56.02427850035819,55.49952470361685,55.65560070422568,2151200,8563.0,5.822615623474121,478862.445476532,478868.26809215546,378.86826809215546,0.05276363710751131
2023-08-02,54.434043884277344,55.39260458206724,54.191945332986485,55.39260458206724,5732000,8563.0,5.822615623474121,466118.7177810669,466124.54039669037,366.12454039669035,-2.6612178222284344
2023-08-03,54.2189826965332,54.515154291835486,53.943704491936735,54.05676357580275,4239200,8563.0,5.822615623474121,464277.1488304138,464282.9714460373,364.28297144603727,-0.3950808831231778
2023-08-04,53.51112747192383,54.40087250527896,53.43124802669543,54.13788052362741,9602400,8563.0,5.822615623474121,458215.78454208374,458221.6071577072,358.22160715770724,-1.305532328582204
2023-08-07,53.6008415222168,53.87611977000648,53.16334412824326,53.7188173783574,3883200,8563.0,5.822615623474121,458984.00595474243,458989.8285703659,358.9898285703659,0.16765281266937215
2023-08-08,53.101898193359375,53.28500698441995,52.56117145269244,53.15597124246456,3756800,8563.0,5.822615623474121,454711.5542297363,454717.3768453598,354.71737684535987,-0.9308379966313618
2023-08-09,52.35838317871094,53.19528136398257,52.15929779548459,53.19528136398257,6036800,8563.0,5.822615623474121,448344.83515930176,448350.65777492523,348.3506577749252,-1.4001486186000278
2023-08-10,52.40754699707031,53.24444524278702,52.147011553504576,52.81800780147303,6748000,8563.0,5.822615623474121,448765.8249359131,448771.64755153656,348.77164755153655,0.09389743704193432
2023-08-11,52.06344985961914,52.368224861385215,51.8877143396197,52.00815043919164,5035200,8563.0,5.822615623474121,445819.3211479187,445825.1437635422,345.8251437635422,-0.6565708426702677
2023-08-14,52.83152770996094,52.84013109200763,51.84716053943872,51.98725615249638,4504000,8563.0,5.822615623474121,452396.3717803955,452402.194396019,352.40219439601896,1.4752534092077108
2023-08-15,52.30923843383789,52.843822034731325,52.20723921821924,52.69880965575162,4636800,8563.0,5.822615623474121,447924.00870895386,447929.83132457733,347.9298313245773,-0.9885812064666211
2023-08-16,51.81398391723633,52.46285677668759,51.79555077499894,52.206011660486574,4025600,8563.0,5.822615623474121,443683.1442832947,443688.96689891815,343.6889668989181,-0.9467698128339586
2023-08-17,51.247440338134766,52.07450507152791,51.1515842676095,51.98356575472769,3893600,8563.0,5.822615623474121,438831.831615448,438837.6542310715,338.83765423107144,-1.093403945055027
2023-08-18,51.34698486328125,51.53869701115289,50.67230196751726,50.69811211270393,5096000,8563.0,5.822615623474121,439684.23138427734,439690.0539999008,339.6900539999008,0.19424034392010459
2023-08-21,52.2305793762207,52.34486858154668,51.54238014190552,51.63823620933764,4789600,8563.0,5.822615623474121,447250.4511985779,447256.27381420135,347.25627381420134,1.720807588315898
2023-08-22,52.250247955322266,52.794661268678325,52.123668728395934,52.74919160712,3359200,8563.0,5.822615623474121,447418.87324142456,447424.69585704803,347.42469585704805,0.03765672002997711
2023-08-23,53.198974609375,53.369793357747085,52.33012310575539,52.34855624401365,5698400,8563.0,5.822615623474121,455542.8195800781,455548.6421957016,355.54864219570163,1.8157125464637103
2023-08-24,51.96390151977539,53.8343268613069,51.950385135264206,53.8343268613069,7540000,8563.0,5.822615623474121,444966.88871383667,444972.71132946014,344.97271132946014,-2.32158103144956
2023-08-25,52.48620223999024,52.71969743950488,51.65913365787736,52.070824634865765,4685600,8563.0,5.822615623474121,449439.34978103644,449445.1723966599,349.4451723966599,1.0051090669891183
2023-08-28,52.889286041259766,53.01463888966469,52.50954836894216,52.87085290190152,2807200,8563.0,5.822615623474121,452890.9563713074,452896.77898693085,352.8967789869308,0.7679705562005035
2023-08-29,53.95476531982422,54.01006473668859,52.63858294268739,52.740585895544434,3804000,8563.0,5.822615623474121,462014.6554336548,462020.47804927826,362.02047804927827,2.014520633764705
2023-08-30,54.39963912963867,54.46845868606788,53.78886275354103,53.94493500644574,3728800,8563.0,5.822615623474121,465824.10986709595,465829.9324827194,365.8299324827194,0.8245206899757385
2023-08-31,54.672454833984375,54.90226337215668,54.51637884787924,54.55939200350784,2633600,8563.0,5.822615623474121,468160.2307434082,468166.0533590317,368.16605335903165,0.50149651480349
2023-09-01,54.89243316650391,55.18122774396856,54.63804461279985,55.03007226308269,3005600,8563.0,5.822615623474121,470043.905204773,470049.7278203965,370.0497278203965,0.4023517826313272
2023-09-05,54.98583221435547,55.12838807287389,54.48197183088514,54.720383762326456,2142400,8563.0,5.822615623474121,470843.6812515259,470849.50386714935,370.84950386714934,0.17014711410672234
2023-09-06,54.35662460327149,54.932991186670215,54.05430986295585,54.80641196102056,5174400,8563.0,5.822615623474121,465455.7764778138,465461.59909343725,365.46159909343726,-1.1442944570315028
2023-09-07,53.54308319091797,53.64999916483116,53.090839272358416,53.33908100202335,4717600,8563.0,5.822615623474121,458489.42136383057,458495.24397945404,358.4952439794541,-1.4966551757548463
2023-09-08,53.61189651489258,53.97197093122124,53.47179715132239,53.5615100990674,2540000,8563.0,5.822615623474121,459078.66985702515,459084.4924726486,359.0844924726486,0.1285179074226095
2023-09-11,53.86628341674805,54.099778598368665,53.41526594061586,54.07274207731464,2494400,8563.0,5.822615623474121,461256.9848976135,461262.807513237,361.26280751323696,0.4744910961500537
2023-09-12,52.92246627807617,53.67825494964859,52.88190962352864,53.47302267603983,2743200,8563.0,5.822615623474121,453175.07873916626,453180.90135478973,353.1809013547897,-1.7521261256719378
2023-09-13,52.993751525878906,53.25796988775896,52.71110002254394,52.88314892676456,2910400,8563.0,5.822615623474121,453785.4943161011,453791.31693172455,353.7913169317245,0.1346957859675868
2023-09-14,53.36487579345703,53.47179174411502,52.959331756398974,53.24813008600535,2732000,8563.0,5.822615623474121,456963.43141937256,456969.25403499603,356.969254034996,0.7003080457243849
2023-09-15,52.39402770996094,53.19897644526928,52.21829220186063,53.19897644526928,4768000,8563.0,5.822615623474121,448650.0592803955,448655.881896019,348.65588189601897,-1.8192410245483126
2023-09-18,52.60663604736328,52.78974482077128,52.18142495217542,52.22689836438195,2419200,8563.0,5.822615623474121,450470.6244735718,450476.44708919525,350.4764470891953,0.4057820852548577
2023-09-19,52.51323318481445,52.64841578608442,52.05484246653946,52.40754735588429,3309600,8563.0,5.822615623474121,449670.81576156616,449676.63837718964,349.6766383771896,-0.17754728736067982
2023-09-20,51.74023818969727,52.77376534757203,51.727951930696406,52.71846593091524,3230400,8563.0,5.822615623474121,443051.65961837774,443057.4822340012,343.0574822340012,-1.4719813257535241
2023-09-21,50.88245391845703,51.47233690716437,50.86893378205398,51.25727485393373,4798400,8563.0,5.822615623474121,435706.45290374756,435712.27551937103,335.7122755193711,-1.6578450898953156
2023-09-22,51.02377700805664,51.49568412456756,50.9451239467793,51.0790801761663,3599200,8563.0,5.822615623474121,436916.602519989,436922.4251356125,336.9224251356125,0.27774053755977857
2023-09-25,51.2265510559082,51.32117700799505,50.77430718692384,50.88122314911685,8459200,8563.0,5.822615623474121,438652.95669174194,438658.7793073654,338.6587793073654,0.39740559693497435
2023-09-26,50.312232971191406,50.930382639490574,50.148787452700994,50.884912974586655,4268000,8563.0,5.822615623474121,430823.650932312,430829.4735479355,330.8294735479355,-1.7848282375180657
2023-09-27,50.46706771850586,50.743576025509306,49.95829063343523,50.55555052676232,4679200,8563.0,5.822615623474121,432149.5008735657,432155.32348918915,332.15532348918913,0.3077435557820918
2023-09-28,50.89701461791992,51.208601203629954,50.002898713700674,50.28123055458408,3564000,8563.0,5.822615623474121,435831.1361732483,435836.95878887177,335.8369587888718,0.8519240883017254
2023-09-29,51.0977668762207,51.707394674509935,50.949980938584105,51.39580805189386,4677600,8563.0,5.822615623474121,437550.1777610779,437556.00037670135,337.5560003767014,0.3944230871577581
2023-10-02,51.56822204589844,51.77266281107588,51.07313299957931,51.13594041987309,8020800,8563.0,5.822615623474121,441578.6853790283,441584.5079946518,341.5845079946518,0.9206838929147754
2023-10-03,50.58789825439453,51.5743818593862,50.35513005286239,51.23816613510377,5905600,8563.0,5.822615623474121,433184.1727523804,433189.99536800385,333.1899953680039,-1.9009979912496422
2023-10-04,51.171653747558594,51.305894217326696,50.60882623271208,50.68395384001937,3691200,8563.0,5.822615623474121,438182.87104034424,438188.6936559677,338.18869365596777,1.1539274547920586
2023-10-05,51.21598815917969,51.30712675246737,50.64700430992256,51.20244271441047,3958400,8563.0,5.822615623474121,438562.50660705566,438568.32922267914,338.56832922267915,0.08663746285737517
2023-10-06,52.24311828613281,52.42538795248147,50.7406037588274,50.85637145642867,5261600,8563.0,5.822615623474121,447357.8218841553,447363.64449977875,347.3636444997788,2.005460652548363
2023-10-09,52.483280181884766,52.57072047520238,51.64704428840945,51.84656150185307,3654400,8563.0,5.822615623474121,449414.32819747925,449420.1508131027,349.42015081310274,0.45969455466670084
2023-10-10,52.65692138671875,53.08058108164245,52.434007878211766,52.52883726167392,8475200,8563.0,5.822615623474121,450901.21783447266,450907.04045009613,350.90704045009613,0.33084623248496037
2023-10-11,53.07443237304688,53.09167237322357,52.589194208056185,52.83427507387739,2668800,8563.0,5.822615623474121,454476.36441040045,454482.1870260239,354.48218702602395,0.7928788542221676
2023-10-12,52.94881057739258,53.54366012111484,52.55594002197911,53.116305806532544,2935200,8563.0,5.822615623474121,453400.66497421265,453406.4875898361,353.4064875898361,-0.23668682005488773
2023-10-13,52.10026168823242,53.1372399980109,51.94385012291764,53.05472703412872,7941600,8563.0,5.822615623474121,446134.5408363342,446140.3634519577,346.1403634519577,-1.6025628959353444
2023-10-16,52.69879150390625,52.91431589382748,52.17044780424846,52.17044780424846,2080000,8563.0,5.822615623474121,451259.7516479492,451265.5742635727,351.26557426357266,1.1487888636570132
2023-10-17,52.473426818847656,52.766540649673416,51.66921294041838,51.973410433950015,3183200,8563.0,5.822615623474121,449329.9538497925,449335.77646541595,349.3357764654159,-0.4276412623112291
2023-10-18,51.754188537597656,52.39583447671684,51.59408242668841,52.04729859350225,2546400,8563.0,5.822615623474121,443171.11644744873,443176.9390630722,343.17693906307215,-1.370653690385093
2023-10-19,51.38594436645508,52.28745308548524,51.31328230216391,52.00296116522164,3483200,8563.0,5.822615623474121,440017.84160995483,440023.6642255783,340.02366422557833,-0.7115160017487132
2023-10-20,50.47951889038086,51.39703496080557,50.42163503360241,51.32314387423559,4617600,8563.0,5.822615623474121,432256.1202583313,432261.9428739548,332.26194287395475,-1.7639327115017367
2023-10-23,50.48813247680664,51.02139977568145,49.83417015894626,50.12481840757428,3157600,8563.0,5.822615623474121,432329.87839889526,432335.70101451874,332.33570101451875,0.017063297331598726
2023-10-24,50.93642425537109,50.99676988916327,50.36744039833759,50.740605379797714,3522400,8563.0,5.822615623474121,436168.6008987426,436174.4235143661,336.1744235143661,0.8879031944017957
2023-10-25,50.09526824951172,51.08052278873501,49.97334044453833,51.02386794664726,3272800,8563.0,5.822615623474121,428965.78202056885,428971.6046361923,328.97160463619235,-1.651362044601068
2023-10-26,49.20853805541992,50.40562248051319,48.9868572856962,50.15684706040566,4044800,8563.0,5.822615623474121,421372.7113685608,421378.53398418427,321.37853398418423,-1.77006369884265
2023-10-27,49.4129753112793,49.917918982464,49.2097673270744,49.55091033671662,8012800,8563.0,5.822615623474121,423123.3075904846,423129.1302061081,323.1291302061081,0.4154450406791632
2023-10-30,49.84771347045898,50.04969242112647,49.44129754467784,49.678989260310765,2618400,8563.0,5.822615623474121,426845.9704475402,426851.7930631637,326.85179306316365,0.8797935644946575
2023-10-31,50.22335052490234,50.29355081549316,49.49549701407477,49.8859020352136,2146400,8563.0,5.822615623474121,430062.5505447387,430068.3731603622,330.06837316036217,0.7535589985731894
2023-11-01,51.04726791381836,51.08298444314046,50.300937902915805,50.300937902915805,3116800,8563.0,5.822615623474121,437117.7551460266,437123.5777616501,337.12357776165004,1.6404844070357028
2023-11-02,51.9573974609375,51.99064844778465,51.50664306921532,51.64334532914577,3441600,8563.0,5.822615623474121,444911.1944580078,444917.0170736313,344.91701707363126,1.7828915456559402
2023-11-03,52.69633865356445,52.89585209270217,51.86749193478664,51.95370320874754,2812000,8563.0,5.822615623474121,451238.7478904724,451244.5705060959,351.24457050609584,1.422187326994817
2023-11-06,52.93525695800781,52.99314080465186,52.46356430678251,52.778845415774285,3851200,8563.0,5.822615623474121,453284.6053314209,453290.4279470444,353.29042794704435,0.45338106531762623
2023-11-07,53.57691192626953,53.72470161550238,53.02640078362664,53.10891750777869,3084800,8563.0,5.822615623474121,458779.096824646,458784.91944026947,358.7849194402695,1.2121349039091012
2023-11-08,53.79981994628906,53.94268229561993,53.450055060043496,53.70252501489741,2946400,8563.0,5.822615623474121,460687.85820007324,460693.6808156967,360.6936808156967,0.41604710498244213
2023-11-09,53.477149963378906,54.30476387343224,53.425422449679765,53.978399079995874,2245600,8563.0,5.822615623474121,457924.8351364136,457930.65775203705,357.930657752037,-0.5997527595272167
2023-11-10,54.8897590637207,54.90823183356961,53.74563124407614,53.81829331111353,3232000,8563.0,5.822615623474121,470021.0068626404,470026.82947826385,370.02682947826383,2.6414854566860546
2023-11-13,54.61511993408203,54.7419713027448,54.34787175120938,54.681625666311824,4614400,8563.0,5.822615623474121,467669.27199554443,467675.0946111679,367.6750946111679,-0.5003405592200805
2023-11-14,55.93659210205078,56.033887034781344,55.45012119684557,55.52524880569755,4656800,8563.0,5.822615623474121,478985.03816986084,478990.8607854843,378.99086078548436,2.4195785289196303
2023-11-15,56.00925827026367,56.356561403581225,55.792501065053074,56.1595097405214,3882400,8563.0,5.822615623474121,479607.2785682678,479613.1011838913,379.6131011838913,0.1299065283597578
2023-11-16,56.13364791870117,56.23217187110883,55.72476637515844,55.865163195261744,3135200,8563.0,5.822615623474121,480672.42712783813,480678.2497434616,380.6782497434616,0.22208495909328274
2023-11-17,56.15827560424805,56.31591617917362,55.888561875191726,56.06221343762852,7441600,8563.0,5.822615623474121,480883.313999176,480889.1366147995,380.88913661479944,0.0438727717450238
2023-11-20,56.950172424316406,57.09056923009517,56.19522059502533,56.19522059502533,3585600,8563.0,5.822615623474121,487664.3264694214,487670.14908504486,387.6701490850449,1.4100989092787675
2023-11-21,56.47724533081055,56.79006466426243,56.28758655938345,56.724791708704295,9712800,8563.0,5.822615623474121,483614.6517677307,483620.4743833542,383.6204743833542,-0.8304126691552893
2023-11-22,56.68415451049805,57.2001818445021,56.55607037587465,56.78267845500986,3091200,8563.0,5.822615623474121,485386.4150733948,485392.23768901825,385.3922376890183,0.3663540729790693
2023-11-24,56.6225814819336,56.658294254102735,56.402129718980426,56.589326734706425,1320000,8563.0,5.822615623474121,484859.1652297974,484864.9878454209,384.8649878454209,-0.10862346009231638
2023-11-27,56.593017578125,56.91569158654342,56.404587803835724,56.53636649628872,3514400,8563.0,5.822615623474121,484606.0095214844,484611.83213710785,384.61183213710785,-0.05221158769124212
2023-11-28,56.69770050048828,56.86642473027145,56.41813589245208,56.42675777125281,2889600,8563.0,5.822615623474121,485502.40938568115,485508.2320013046,385.5082320013047,0.1849727564933179
2023-11-29,56.91815185546875,57.47359027219762,56.84671880081906,57.168160029847485,2759200,8563.0,5.822615623474121,487390.1343383789,487395.9569540024,387.39595695400243,0.38881420092846675
2023-11-30,56.902137756347656,57.21618610181413,56.427983311303336,57.15460770007973,2573600,8563.0,5.822615623474121,487253.005607605,487258.82822322845,387.2588282232284,-0.028134975027471754
2023-12-01,57.22481536865234,57.26792100712147,56.5560747414999,56.786377392370426,3532000,8563.0,5.822615623474121,490016.09400176996,490021.91661739344,390.0219166173934,0.5670678978235255
2023-12-04,56.64228439331055,56.706324584504415,56.00802378499358,56.706324584504415,3263200,8563.0,5.822615623474121,485027.8812599182,485033.7038755417,385.03370387554173,-1.0179570694072715
2023-12-05,56.94894409179688,57.00313339184976,56.37996019968943,56.37996019968943,7185600,8563.0,5.822615623474121,487653.8082580567,487659.6308736802,387.65963087368016,0.5413906244363442
2023-12-06,56.453857421875,57.29132230781753,56.41198079497473,57.25067845184019,2566400,8563.0,5.822615623474121,483414.3811035156,483420.2037191391,383.42020371913907,-0.8693414189207771
2023-12-07,57.0634765625,57.13860417187235,56.52528189785029,56.661984154496,3070400,8563.0,5.822615623474121,488634.5498046875,488640.372420311,388.64037242031094,1.0798408219207856
2023-12-08,57.57334899902344,57.623843743985255,56.89844830248097,56.93169928935684,2584000,8563.0,5.822615623474121,493000.5874786377,493006.41009426117,393.0064100942611,0.8935073564070306
2023-12-11,57.96990966796875,57.97852778790631,57.28023080767144,57.3923039513339,5588800,8563.0,5.822615623474121,496396.3364868164,496402.1591024399,396.4021591024399,0.6887839465473666
2023-12-12,58.31598663330078,58.32460475422016,57.6903478873429,57.79010461016982,2745600,8563.0,5.822615623474121,499359.7935409546,499365.61615657806,399.3656161565781,0.5969871403251892
2023-12-13,58.989654541015625,59.117734926743886,58.28396461482501,58.46007796403725,4744800,8563.0,5.822615623474121,505128.4118347168,505134.2344503403,405.1342344503403,1.155189325641004
2023-12-14,59.104190826416016,59.48474495492758,58.60786898468694,59.12759092324389,4762400,8563.0,5.822615623474121,506109.18604660034,506115.0086622238,406.1150086622238,0.19416110510719342
2023-12-15,59.38867568969727,59.66824028886542,59.07216179331842,59.07216179331842,4424000,8563.0,5.822615623474121,508545.22993087774,508551.0525465012,408.55105254650124,0.48132219803487253
2023-12-18,59.5253791809082,59.66577974802652,59.130046874121085,59.343109507951525,9959200,8563.0,5.822615623474121,509715.82192611694,509721.6445417404,409.7216445417404,0.23018180561766854
2023-12-19,59.82946395874024,59.82946395874024,59.523530499103536,59.54450330786052,3066400,8563.0,5.822615623474121,512319.6998786927,512325.52249431616,412.32552249431615,0.5108431200556041
2023-12-20,58.86973190307617,59.99353726311054,58.86356542228541,59.7332500336395,3177600,8563.0,5.822615623474121,504101.51428604126,504107.33690166473,404.1073369016647,-1.6040945125357475
2023-12-21,59.60001373291016,59.69623415876657,59.057227982294805,59.45938185262172,3266400,8563.0,5.822615623474121,510354.9175949097,510360.7402105332,410.3607402105332,1.2404904374736958
2023-12-22,59.657997131347656,59.84180568873517,59.37303645663408,59.77272454120704,3160800,8563.0,5.822615623474121,510851.42943573,510857.25205135345,410.85725205135344,0.09728644891757732
2023-12-26,59.95282745361328,60.086054302624106,59.74311441139686,59.77888978640463,2553600,8563.0,5.822615623474121,513376.0614852905,513381.884100914,413.381884100914,0.4941952060820931
2023-12-27,60.01080322265625,60.09345589161304,59.72830840936321,59.97996329261325,5111200,8563.0,5.822615623474121,513872.50799560547,513878.33061122894,413.87833061122893,0.09670121320786151
2023-12-28,60.0502815246582,60.17980772991804,59.996002944543214,60.13293043212418,2564000,8563.0,5.822615623474121,514210.5606956482,514216.38331127167,414.21638331127167,0.06578457971571083
2023-12-29,59.70610046386719,60.15019617892305,59.44827911816633,60.07371376001003,4263200,8563.0,5.822615623474121,511263.3382720947,511269.1608877182,411.2691608877182,-0.5731482930541709
2024-01-02,58.13820266723633,58.942506674943466,57.75825262683394,58.92523827200145,4973600,8563.0,5.822615623474121,497837.4294395447,497843.25205516815,397.84325205516814,-2.6259962187507258
2024-01-03,57.35979843139648,57.83349925877502,57.30551985865773,57.58307920190106,11001600,8563.0,5.822615623474121,491171.95396804804,491177.7765836715,391.17777658367146,-1.3388703058604512
2024-01-04,57.01438903808594,57.44614801682928,56.958879428174086,56.958879428174086,4190400,8563.0,5.822615623474121,488214.2133331299,488220.03594875336,388.2200359487533,-0.6021731389173168
2024-01-05,57.0279655456543,57.485629049005375,56.804684755454886,57.020564263686126,3491200,8563.0,5.822615623474121,488330.46896743774,488336.2915830612,388.3362915830612,0.023812139147860734
2024-01-08,58.47990417480469,58.50334282101749,57.264810271034335,57.30428628198638,5165600,8563.0,5.822615623474121,500763.41944885254,500769.242064476,400.76924206447603,2.5459812624432088
2024-01-09,58.58353042602539,58.73402943539878,57.918623491124855,58.06542185947431,2758400,8563.0,5.822615623474121,501650.7710380554,501656.5936536789,401.65659365367884,0.17719770198838525
2024-01-10,59.08066940307617,59.1929271992862,58.44783344134347,58.58352988536878,2900000,8563.0,5.822615623474121,505907.77209854126,505913.59471416473,405.91359471416473,0.8485886788572206
2024-01-11,59.28791046142578,59.588908465380975,58.45893679568132,59.35082512038092,5998400,8563.0,5.822615623474121,507682.37728118896,507688.19989681244,407.6881998968124,0.3507723850849187
2024-01-12,59.41990661621094,59.637020919290265,59.17442198805175,59.41127053264761,3599200,8563.0,5.822615623474121,508812.66035461426,508818.48297023773,408.8184829702377,0.22263331581373613
2024-01-16,59.50749969482422,59.73448113762067,58.954846770206736,59.228705510959855,3924800,8563.0,5.822615623474121,509562.7198867798,509568.54250240326,409.56854250240326,0.14741200590573378
2024-01-17,59.18182373046875,59.2064971795161,58.45893760198662,59.01282152194974,3037600,8563.0,5.822615623474121,506773.9566040039,506779.7792196274,406.77977921962736,-0.5472793255801744
2024-01-18,60.33277130126953,60.35374411049351,59.6555276308054,59.94788957019396,3996800,8563.0,5.822615623474121,516629.520652771,516635.34326839447,416.6353432683945,1.9447429540190742
2024-01-19,61.64285659790039,61.65765916268034,60.57086027761798,60.72012449200261,6459200,8563.0,5.822615623474121,527847.781047821,527853.6036634445,427.8536036634446,2.1714078491184674
2024-01-22,62.04499816894531,62.418777936535776,61.85872756835703,62.08570898110323,4952800,8563.0,5.822615623474121,531291.3193206787,531297.1419363022,431.2971419363022,0.6523661577677142
2024-01-23,62.30282974243164,62.35217664583632,61.82666299462596,62.1572661654523,3875200,8563.0,5.822615623474121,533499.1310844421,533504.9537000656,433.5049537000656,0.415551221622823
2024-01-24,62.60135269165039,63.27613046140484,62.53350635645635,62.75185168965572,5020800,8563.0,5.822615623474121,536055.3830986023,536061.2057142258,436.06120571422576,0.47914307007490553
2024-01-25,62.7506217956543,63.378526086635176,62.46319530298628,63.12810223966565,3732000,8563.0,5.822615623474121,537333.5744361877,537339.3970518112,437.3393970518112,0.23844130557488796
2024-01-26,62.09928131103516,62.68030452892898,62.01663240814317,62.43728949843414,3080800,8563.0,5.822615623474121,531756.1458663942,531761.9684820176,431.7619684820176,-1.037971271117466
2024-01-29,62.82463836669922,62.82587316859019,62.14986054432296,62.23991449564584,3292800,8563.0,5.822615623474121,537967.3783340454,537973.2009496689,437.97320094966886,1.168047516707893
2024-01-30,62.220176696777344,62.90359060539726,62.09188153280424,62.79996512684673,5047200,8563.0,5.822615623474121,532791.3730545044,532797.1956701279,432.7971956701279,-0.9621306917154904
2024-01-31,60.92860412597656,61.92658388058212,60.92860412597656,61.694666988009615,6492000,8563.0,5.822615623474121,521731.6371307373,521737.4597463608,421.7374597463608,-2.075787187628997
2024-02-01,61.71440124511719,61.8106216771826,61.1222760885054,61.23699972584495,3940000,8563.0,5.822615623474121,528460.4178619385,528466.240477562,428.46624047756194,1.2896871032554102
2024-02-02,62.3163948059082,62.4915634950472,61.2234257606841,61.29867714532195,4120800,8563.0,5.822615623474121,533615.288722992,533621.1113386154,433.62111133861544,0.9754399555201632
2024-02-05,62.34600067138672,62.59395490904114,61.751405927617526,62.538441530132296,3382400,8563.0,5.822615623474121,533868.8037490845,533874.626364708,433.874626364708,0.04750843261365212
2024-02-06,62.23991775512695,62.54708227087174,61.76004660975785,62.50267457615013,2948800,8563.0,5.822615623474121,532960.4157371521,532966.2383527756,432.96623835277563,-0.1701500627811825
2024-02-07,63.04421615600586,63.05778768237816,62.38917636523557,62.680303487960245,3151200,8563.0,5.822615623474121,539847.6229438782,539853.4455595016,439.85344555950167,1.2922408045980882
2024-02-08,63.36372375488281,63.53025636665628,63.04421876434989,63.12563663203289,3168800,8563.0,5.822615623474121,542583.5665130615,542589.389128685,442.589389128685,0.506793758877988
2024-02-09,64.32469940185547,64.40488623992441,63.63018350353103,63.73627106676027,4076000,8563.0,5.822615623474121,550812.4009780884,550818.2235937119,450.8182235937118,1.5165859542961346
2024-02-12,63.92377471923828,64.59485190887565,63.825088447378654,64.33702677671045,4206400,8563.0,5.822615623474121,547379.2829208374,547385.1055364609,447.38510553646086,-0.6232760482854482
2024-02-13,62.67413711547852,63.13797085310542,62.19426977704198,62.417550562207325,7037600,8563.0,5.822615623474121,536678.6361198426,536684.4587354661,436.68445873546614,-1.954866271070288
2024-02-14,63.511749267578125,63.556164489336574,62.8172372014938,63.22185693529408,4721600,8563.0,5.822615623474121,543851.1089782715,543856.931593895,443.856931593895,1.3364413188577506
2024-02-15,63.4624137878418,63.67212683199968,63.059025066562114,63.66472554946613,2744800,8563.0,5.822615623474121,543428.6492652893,543434.4718809128,443.4344718809128,-0.0776784643976236
2024-02-16,62.79010009765625,63.68075369913241,62.71114806653768,63.56356798367088,3134400,8563.0,5.822615623474121,537671.6271362305,537677.449751854,437.67744975185394,-1.0593774276285606
2024-02-20,62.04870223999024,62.56311391127158,61.40106373209834,62.4076794646928,4425600,8563.0,5.822615623474121,531323.0372810365,531328.85989666,431.32885989666,-1.1807431868537388
2024-02-21,61.51949691772461,61.51949691772461,60.88172547728586,61.39860303086479,5080000,8563.0,5.822615623474121,526791.4521064758,526797.2747220993,426.7972747220993,-0.8528776651511083
2024-02-22,63.5203857421875,63.67582019609835,62.95169923260184,63.0997324043874,5961600,8563.0,5.822615623474121,543925.0631103516,543930.885725975,443.9308857259751,3.2524107139533243
2024-02-23,63.30574417114258,64.07921207335706,63.09973553403789,63.92130800781269,2765600,8563.0,5.822615623474121,542087.0873374939,542092.9099531174,442.0929099531174,-0.3379061239378922
2024-02-26,63.47104263305664,63.77944191891378,63.35137979491876,63.60180362908889,2452000,8563.0,5.822615623474121,543502.538066864,543508.3606824875,443.5083606824874,0.2611085117295797
2024-02-27,63.56357192993164,63.67706077591034,63.12317678031708,63.67706077591034,2236800,8563.0,5.822615623474121,544294.8664360046,544300.6890516281,444.30068905162807,0.14578034607337642
2024-02-28,63.26873779296875,63.431573537169534,63.03312026112673,63.340288543287336,2093600,8563.0,5.822615623474121,541770.2017211914,541776.0243368149,441.7760243368149,-0.46383639881333316
2024-02-29,63.87442398071289,64.02739635157573,63.18730946614027,63.58700126646777,8284800,8563.0,5.822615623474121,546956.6925468445,546962.515162468,446.962515162468,0.957312725678805
2024-03-01,65.05867767333984,65.14503097408446,64.05329304970832,64.05329304970832,3828000,8563.0,5.822615623474121,557097.4569168091,557103.2795324326,457.1032795324325,1.8540145053546064
2024-03-04,65.17957305908203,65.60146118295988,64.9858973999078,65.11789320059137,3336000,8563.0,5.822615623474121,558132.6841049194,558138.5067205429,458.13850672054286,0.18582320839668487
2024-03-05,63.6141357421875,64.538098785634,63.17744506976618,64.538098785634,4400000,8563.0,5.822615623474121,544727.8443603516,544733.666975975,444.7336669759751,-2.40170487847734
2024-03-06,64.31975555419922,64.78111966311046,63.83864967536884,64.46655390969636,3140000,8563.0,5.822615623474121,550770.0668106079,550775.8894262314,450.7758894262314,1.1092067218461121
2024-03-07,65.40037536621094,65.53607555404179,64.5158884236901,64.8760966401921,2660800,8563.0,5.822615623474121,560023.4142608643,560029.2368764877,460.0292368764877,1.6800567395744093
2024-03-08,64.33086395263672,66.19853205907886,64.26054800350443,65.61380814756646,4772800,8563.0,5.822615623474121,550865.1880264282,550871.0106420517,450.87101064205166,-1.6353121643282842
2024-03-11,64.05577087402344,64.30742199802691,63.66348785898275,63.95584979971383,2981600,8563.0,5.822615623474121,548509.5659942627,548515.3886098862,448.51538860988614,-0.4276177157008121
2024-03-12,65.38066101074219,65.38066101074219,64.00890132923664,64.6910767638019,3055200,8563.0,5.822615623474121,559854.6002349854,559860.4228506088,459.86042285060887,2.0683164914433227
2024-03-13,64.6886215209961,65.23510431345834,64.46780274835129,65.14381930256276,3281600,8563.0,5.822615623474121,553928.6660842896,553934.488699913,453.934488699913,-1.0584663442582798
2024-03-14,64.44558715820312,65.08089277073827,64.0212293916278,64.88721709376985,3201600,8563.0,5.822615623474121,551847.5628356934,551853.3854513168,451.85338545131685,-0.3756948323402898
2024-03-15,63.59933471679688,63.96324738392015,63.37234952705559,63.62524296763111,3792000,8563.0,5.822615623474121,544601.1031799318,544606.9257955552,444.60692579555524,-1.3131132012237812
2024-03-18,63.89787673950195,64.61583134131762,63.79425877263932,64.23094954869413,2567200,8563.0,5.822615623474121,547157.5185203552,547163.3411359787,447.16334113597867,0.4694055876518721
2024-03-19,64.16802978515625,64.27042047107263,63.06519724284527,63.499422144884136,2880800,8563.0,5.822615623474121,549470.839050293,549476.6616659164,449.4766616659164,0.4227842686125527
2024-03-20,65.0377197265625,65.05006021836218,63.994101125360814,64.30250048113552,2555200,8563.0,5.822615623474121,556917.9940185547,556923.8166341782,456.92381663417814,1.3553177937864147
2024-03-21,65.22029876708984,65.86917223126812,65.13887711889278,65.86917223126812,2770400,8563.0,5.822615623474121,558481.4183425903,558487.2409582138,458.48724095821376,0.2807249891887187
2024-03-22,65.32403564453125,65.55526836376322,64.98027339191759,65.18801151440796,2290400,8563.0,5.822615623474121,559369.7172241211,559375.5398397446,459.37553983974453,0.15905446291069048
2024-03-25,65.06065368652344,65.37967605583226,64.67113997750927,64.73296707117802,3000800,8563.0,5.822615623474121,557114.3775177002,557120.2001333237,457.1202001333237,-0.4031888321514798
2024-03-26,64.77500915527344,65.42666155358582,64.6575361744906,65.36854771150243,2565600,8563.0,5.822615623474121,554668.4033966064,554674.2260122299,454.6742260122299,-0.4390388502352627
2024-03-27,64.92833709716797,65.19666454688999,64.36323660500311,65.19666454688999,2699200,8563.0,5.822615623474121,555981.3505630493,555987.1731786728,455.98717317867283,0.2367059987413045
2024-03-28,64.83683776855469,65.05446279139093,64.65135649367265,64.82570557127072,2021600,8563.0,5.822615623474121,555197.8418121338,555203.6644277573,455.2036644277573,-0.1409220911403497
2024-04-01,64.97038269042969,65.36360211073787,64.63775261593509,64.91968779309163,2817600,8563.0,5.822615623474121,556341.3869781494,556347.2095937729,456.3472095937729,0.2059685912185527
2024-04-02,64.23710632324219,64.36447374649045,63.628729893956894,64.14436569176112,3368000,8563.0,5.822615623474121,550062.3414459229,550068.1640615463,450.0681640615463,-1.128619938043962
2024-04-03,64.36941528320312,64.73790229954788,63.84759830159415,63.889636493488304,2297600,8563.0,5.822615623474121,551195.3030700684,551201.1256856918,451.2011256856918,0.20596749606085485
2024-04-04,63.32949447631836,65.26467796184669,63.29857715614447,65.08167218140571,3272000,8563.0,5.822615623474121,542290.4612007141,542296.2838163376,442.2962838163376,-1.6155340499852344
2024-04-05,64.09984588623047,64.42381919085737,63.40243459267054,63.67199976346118,5892000,8563.0,5.822615623474121,548886.9803237915,548892.802939415,448.892802939415,1.2164050021982842
2024-04-08,64.00711822509766,64.31625369648319,63.7993800939969,64.20867515622123,1700000,8563.0,5.822615623474121,548092.9533615112,548098.7759771347,448.0987759771347,-0.14465975105305562
2024-04-09,64.15179443359375,64.42754841875781,63.39750686796805,64.30883767532936,2108000,8563.0,5.822615623474121,549331.8157348633,549337.6383504868,449.33763835048677,0.22602903484749692
2024-04-10,63.56814956665039,63.75857430660762,63.24664791055003,63.31836568199958,3272000,8563.0,5.822615623474121,544334.0647392273,544339.8873548508,444.33988735485076,-0.9097776388748646
2024-04-11,64.79478454589844,64.9382200611254,63.50754796759979,63.83028353729911,3924800,8563.0,5.822615623474121,554837.7400665283,554843.5626821518,454.8435626821518,1.9296170593601447
2024-04-12,63.642333984375,64.37065893339795,63.495185204752815,64.12582606624179,3587200,8563.0,5.822615623474121,544969.3059082031,544975.1285238266,444.9751285238266,-1.778597576336749
2024-04-15,62.431758880615234,64.18269869615294,62.29573853196621,64.15426065072586,4416800,8563.0,5.822615623474121,534603.1512947083,534608.9739103317,434.6089739103317,-1.902133523335947
2024-04-16,62.46885681152344,62.865785681066434,62.225257920848826,62.46514733699037,4464800,8563.0,5.822615623474121,534920.8208770752,534926.6434926987,434.9266434926987,0.059420922182318314
2024-04-17,61.54145812988281,62.90412603389903,61.48952170630567,62.80273245945348,3184000,8563.0,5.822615623474121,526979.5059661865,526985.32858181,426.98532858181,-1.484561482867519
2024-04-18,60.957801818847656,61.78628634181809,60.86258945788882,61.56123482650508,4317600,8563.0,5.822615623474121,521981.6569747925,521987.47959041595,421.98747959041594,-0.9483848449526988
2024-04-19,59.34163284301758,60.900913821071896,59.13760422613138,60.67710008501255,9088000,8563.0,5.822615623474121,508142.4020347595,508148.224650383,408.148224650383,-2.6512618561066126
2024-04-22,60.152809143066406,60.42114036423416,59.2699202924881,59.87211552325231,8456000,8563.0,5.822615623474121,515088.50469207764,515094.3273077011,415.0943273077012,1.3669441946977612
2024-04-23,61.140811920166016,61.28424745077843,60.32469356262812,60.42114367383366,4154400,8563.0,5.822615623474121,523548.7724723816,523554.59508800507,423.55459508800504,1.6424696083383594
2024-04-24,61.23849868774414,61.88026422357462,60.94667661621401,61.674997819228665,4116000,8563.0,5.822615623474121,524385.2642631531,524391.0868787766,424.3910868787766,0.15977164532972044
2024-04-25,61.26322937011719,61.46849576888576,60.219587752758336,60.42609190093028,3838400,8563.0,5.822615623474121,524597.0330963135,524602.855711937,424.6028557119369,0.04038375907966518
2024-04-26,62.31429290771485,62.67165155508668,61.62801366159465,61.82709509646459,2915200,8563.0,5.822615623474121,533597.2901687623,533603.1127843858,433.6031127843858,1.7156324969361147
2024-04-29,62.56159973144531,62.692672867898345,62.174561521991485,62.57643763011904,3152000,8563.0,5.822615623474121,535714.9785003662,535720.8011159897,435.7208011159897,0.39686581297353474
2024-04-30,61.175437927246094,62.569019270678446,61.16801897783928,62.33407706766796,2376800,8563.0,5.822615623474121,523845.2749710083,523851.0975866318,423.85109758663174,-2.215651045214495
2024-05-01,60.51264190673828,61.901279625039095,60.28511868174403,60.848981407518025,3247200,8563.0,5.822615623474121,518169.7526473999,518175.5752630234,418.17557526302335,-1.0834228180021777
2024-05-02,61.33989334106445,61.50558949243356,60.38528290321135,61.23973375533854,2541600,8563.0,5.822615623474121,525253.5066795349,525259.3292951584,425.2593292951584,1.3670567217567875
2024-05-03,62.99686050415039,63.20336465503879,62.66052096749246,62.66423044212512,3508000,8563.0,5.822615623474121,539442.1164970398,539447.9391126633,439.4479391126633,2.7012580312556267
2024-05-06,63.908199310302734,63.942818560111846,63.23552019187319,63.24170139213341,2282400,8563.0,5.822615623474121,547245.9106941223,547251.7333097458,447.2517333097458,1.446626009901708
2024-05-07,63.64109802246094,64.05163082711603,63.62997337214268,64.00464163248817,1946400,8563.0,5.822615623474121,544958.722366333,544964.5449819565,444.9645449819565,-0.41794081015632534
2024-05-08,63.73383712768555,63.7981397182075,63.268899963927446,63.390082422227415,1691200,8563.0,5.822615623474121,545752.8473243713,545758.6699399948,445.7586699399948,0.1457204813323454
2024-05-09,63.6707763671875,63.74744890932118,63.30970824156317,63.69922196333887,3096000,8563.0,5.822615623474121,545212.8580322266,545218.68064785,445.21868064785,-0.09894287015250747
2024-05-10,63.83769989013672,64.32118435040393,63.67199998964864,63.99474309347791,1828800,8563.0,5.822615623474121,546642.2241592407,546648.0467748642,446.6480467748642,0.2621638211874444
2024-05-13,64.14932250976562,64.39786108499507,63.95889023227058,64.30265249350015,2197600,8563.0,5.822615623474121,549310.648651123,549316.4712667465,449.3164712667466,0.48814305797406643
2024-05-14,64.80962371826172,64.86279410629997,64.12210682708425,64.12210682708425,1821600,8563.0,5.822615623474121,554964.8078994751,554970.6305150986,454.9706305150986,1.0293081573383933
2024-05-15,66.2934799194336,66.31697451607003,65.21768701896626,65.26343846285,2849600,8563.0,5.822615623474121,567671.0685501099,567676.8911657333,467.67689116573337,2.2895374911716226
2024-05-16,66.01278686523438,66.55810607416116,66.01278686523438,66.39858733748393,2904800,8563.0,5.822615623474121,565267.493927002,565273.3165426254,465.2733165426254,-0.4234054020011535
2024-05-17,65.8520278930664,66.23040935809344,65.48848432492265,66.20320906289133,2498400,8563.0,5.822615623474121,563890.9148483276,563896.7374639511,463.8967374639511,-0.24352451077893633
2024-05-20,66.68669891357422,66.81159084508649,65.96208721762954,66.00413296034498,2975200,8563.0,5.822615623474121,571038.202796936,571044.0254125595,471.04402541255956,1.2674816989990623
2024-05-21,66.74977111816406,66.81901716590664,66.24649763569884,66.3948841800767,2180000,8563.0,5.822615623474121,571578.2900848389,571584.1127004623,471.5841127004623,0.09457892279192137
2024-05-22,66.76583862304688,67.04406052959688,66.34912463790552,66.87713040456777,3800800,8563.0,5.822615623474121,571715.8761291504,571721.6987447739,471.72169874477385,0.02407100569354892
2024-05-23,66.77079010009766,67.91830465751977,66.48762470929026,67.89728555750648,4152800,8563.0,5.822615623474121,571758.2756271362,571764.0982427597,471.76409824275976,0.007416107885860335
2024-05-24,67.41996765136719,67.50405158997403,66.73368844649708,66.91916972063778,2293600,8563.0,5.822615623474121,577317.1829986572,577323.0056142807,477.32300561428065,0.972237919205754
2024-05-28,67.99990844726562,68.23485442162372,67.57083204077006,67.9702326499262,2983200,8563.0,5.822615623474121,582283.2160339355,582289.038649559,482.289038649559,0.8601827723796251
2024-05-29,67.76249694824219,67.98631073298769,67.29261252994948,67.40761002238473,2500000,8563.0,5.822615623474121,580250.2613677979,580256.0839834213,480.2560839834213,-0.3491315362646241
2024-05-30,66.16488647460938,67.25056634441052,65.89160799614466,67.1837957984419,4374400,8563.0,5.822615623474121,566569.9228820801,566575.7454977036,466.57574549770356,-2.357638095201542
2024-05-31,66.10675048828125,66.40970469808141,64.62785152416075,66.40970469808141,4368000,8563.0,5.822615623474121,566072.1044311523,566077.9270467758,466.0779270467758,-0.08786441263743949
2024-06-03,66.4542236328125,66.7732535128265,65.56268187448423,66.76954026495049,3090400,8563.0,5.822615623474121,569047.5169677734,569053.3395833969,469.05333958339696,0.5256188935229833
2024-06-04,66.49503326416016,66.61374399034537,66.00536000930458,66.40229263199257,2493600,8563.0,5.822615623474121,569396.9698410034,569402.7924566269,469.4027924566269,0.06140951101101244
2024-06-05,68.18911743164062,68.24476333707476,66.99956450351151,67.14300007014324,3935200,8563.0,5.822615623474121,583903.4125671387,583909.2351827621,483.90923518276213,2.5476592173966583
2024-06-06,67.9961929321289,68.50193425784035,67.7563035419224,68.38323108561546,3062400,8563.0,5.822615623474121,582251.4000778198,582257.2226934433,482.2572226934433,-0.2829228225516567
2024-06-07,67.99125671386719,68.21878375550662,67.60421847625304,67.88615366607236,2336800,8563.0,5.822615623474121,582209.1312408447,582214.9538564682,482.21495385646824,-0.007259478341814507
2024-06-10,68.2261962890625,68.42651546414643,67.63883891276336,67.70437925322109,2583200,8563.0,5.822615623474121,584220.9188232422,584226.7414388657,484.22674143886564,0.34554034881306706
2024-06-11,69.18328094482422,69.18328094482422,67.98754705131034,68.08894439188559,3842400,8563.0,5.822615623474121,592416.4347305298,592422.2573461533,492.4222573461533,1.402797120704058
2024-06-12,70.67083740234375,71.39173581766356,69.93509354236497,70.01175852805163,3524800,8563.0,5.822615623474121,605154.3806762695,605160.203291893,505.16020329189297,2.1501464179960683
2024-06-13,71.36947631835938,71.73797088293875,70.89217302592458,71.5945278170013,3267200,8563.0,5.822615623474121,611136.8257141113,611142.6483297348,511.14264832973475,0.988572117812625
2024-06-14,71.64646911621094,71.68851486055118,71.11228967034593,71.27921980377216,3114400,8563.0,5.822615623474121,613508.7150421143,613514.5376577377,513.5145376577377,0.3881073157773196
2024-06-17,72.51945495605469,72.79149563012244,71.52404043133642,71.83070789449067,3341600,8563.0,5.822615623474121,620984.0927886963,620989.9154043198,520.9899154043197,1.2184516075399499
2024-06-18,72.81006622314453,72.97823412212567,72.42302797722627,72.58625242526796,3729600,8563.0,5.822615623474121,623472.5970687866,623478.4196844101,523.4784196844101,0.40073183450493044
2024-06-20,71.8121566772461,73.33928260361287,71.49807781361051,73.30218786338054,4934400,8563.0,5.822615623474121,614927.4976272583,614933.3202428818,514.9333202428818,-1.3705525599191803
2024-06-21,71.4399642944336,71.98528345125065,70.944109828205,71.60318871667295,3844800,8563.0,5.822615623474121,611740.4142532349,611746.2368688583,511.7462368688583,-0.5182811321339131
2024-06-24,70.12922668457031,71.22356305299576,70.10449434150813,71.04426299985927,4210400,8563.0,5.822615623474121,600516.5680999756,600522.3907155991,500.52239071559904,-1.8347225494523722
2024-06-25,71.13329315185547,71.15183674746909,70.2887331274554,70.52244130074453,2475200,8563.0,5.822615623474121,609114.3892593384,609120.2118749619,509.1202118749618,1.4317236613138329
2024-06-26,71.27552032470703,71.46595263957701,70.8328436840767,71.11972235879624,4517600,8563.0,5.822615623474121,610332.2805404663,610338.1031560898,510.33810315608974,0.1999426808345639
2024-06-27,71.41770935058594,71.6860368134095,71.17781993461972,71.25572267338339,3978400,8563.0,5.822615623474121,611549.8451690674,611555.6677846909,511.5556677846908,0.1994901878655364
2024-06-28,71.39195251464844,72.57069025418433,71.31889684721396,71.85131071153864,3043200,8563.0,5.822615623474121,611329.2893829346,611335.111998558,511.33511199855803,-0.03606471131757383
2024-07-01,72.0927734375,72.19678351181983,70.68991838365524,71.57026696809119,4725600,8563.0,5.822615623474121,617330.4189453125,617336.241560936,517.336241560936,0.9816432010193665
2024-07-02,72.57192993164062,72.57192993164062,71.62968034398753,71.68168159045968,2933600,8563.0,5.822615623474121,621433.4360046387,621439.2586202621,521.4392586202622,0.6646324617118893
2024-07-03,73.41017150878906,73.4250290066644,72.48896885440922,72.50753694814254,3024000,8563.0,5.822615623474121,628611.2986297607,628617.1212453842,528.6171212453843,1.1550384893703969
2024-07-05,73.78410339355469,73.9735478481257,73.29626200708897,73.47951709640174,4101600,8563.0,5.822615623474121,631813.2773590088,631819.0999746323,531.8190999746323,0.5093686794442442
2024-07-08,74.27938079833984,74.35491524499392,73.85716629107456,74.04041384109637,3916800,8563.0,5.822615623474121,636054.3377761841,636060.1603918076,536.0601603918076,0.6712459970497298
2024-07-09,74.12089538574219,74.66816680250753,73.76182149292437,74.57406426192227,3110400,8563.0,5.822615623474121,634697.2271881104,634703.0498037338,534.7030498037338,-0.21336198563949305
2024-07-10,75.13867950439453,75.17335204692766,74.28186414807837,74.56045364414229,3171200,8563.0,5.822615623474121,643412.5125961304,643418.3352117538,543.4183352117539,1.3731280180101502
2024-07-11,73.69124603271484,75.34792537310929,73.36684467258122,75.34792537310929,5791200,8563.0,5.822615623474121,631018.1397781372,631023.9623937607,531.0239623937607,-1.9263319274098856
2024-07-12,74.377197265625,75.03590748065263,73.67143578115092,73.86335145535473,5523200,8563.0,5.822615623474121,636891.9401855469,636897.7628011703,536.8977628011703,0.9308363481360882
2024-07-15,74.758544921875,75.42344439141529,74.38832419362025,74.97150742615594,4791200,8563.0,5.822615623474121,640157.4201660156,640163.2427816391,540.1632427816392,0.5127165098063324
2024-07-16,74.84893798828125,75.08047617012049,74.20137470982178,75.00370990433542,3372800,8563.0,5.822615623474121,640931.4559936523,640937.2786092758,540.9372786092758,0.12091225736006184
2024-07-17,72.1521987915039,73.30741865380278,72.05686441652173,73.17617235254907,6105600,8563.0,5.822615623474121,617839.278251648,617845.1008672714,517.8451008672714,-3.602876367576946
2024-07-18,71.77703857421875,72.79110465802248,71.05889826236856,72.72176712909675,9515200,8563.0,5.822615623474121,614626.7813110352,614632.6039266586,514.6326039266587,-0.5199518351935439
2024-07-19,70.92516326904297,71.9082748264481,70.77163073054822,71.58015532672549,3268800,8563.0,5.822615623474121,607332.1730728149,607337.9956884384,507.3379956884384,-1.1868241599319096
2024-07-22,72.33792114257812,72.37383306687643,71.38453210180022,71.78074219588932,3532800,8563.0,5.822615623474121,619429.6187438965,619435.44135952,519.4354413595199,1.9918802638666966
2024-07-23,72.20421600341797,72.78863128235184,71.9739095891844,72.12125279372295,3251200,8563.0,5.822615623474121,618284.7016372681,618290.5242528915,518.2905242528915,-0.18483235381487884
2024-07-24,69.3700180053711,71.56654001394442,69.15704790117911,71.37957431444087,5790400,8563.0,5.822615623474121,594015.4641799927,594021.2867956161,494.02128679561616,-3.925215817693639
2024-07-25,68.7175064086914,70.35684969377922,67.76039908829439,69.27716419814976,5316000,8563.0,5.822615623474121,588428.0073776245,588433.829993248,488.433829993248,-0.9406155850927633
2024-07-26,69.53097534179688,70.07081798601666,69.13228650261023,69.71299104980753,3784000,8563.0,5.822615623474121,595393.7418518066,595399.5644674301,495.39956446743014,1.1837753234313686
2024-07-29,69.27468872070312,70.32961680024644,69.08029423541677,70.07579230165324,3352800,8563.0,5.822615623474121,593199.1595153809,593204.9821310043,493.20498213100433,-0.3685898457767234
2024-07-30,67.95230102539062,69.68203591767927,67.38274338774627,69.5470714794619,3631200,8563.0,5.822615623474121,581875.5536804199,581881.3762960434,481.8813762960434,-1.9088858280121856
2024-07-31,70.32960510253906,70.68124269908371,69.33906474031468,69.78604426503486,3399200,8563.0,5.822615623474121,602232.408493042,602238.2311086655,502.23823110866545,3.4984544345109114
2024-08-01,67.78762817382812,70.87563809650129,67.22920982802714,70.25655036186131,5325600,8563.0,5.822615623474121,580465.4600524902,580471.2826681137,480.4712826681137,-3.614341852804792
2024-08-02,66.124755859375,66.74013296417627,65.28279809711567,66.23743405304786,6441600,8563.0,5.822615623474121,566226.2844238281,566232.1070394516,466.23210703945165,-2.4530370500349785
2024-08-05,63.81060791015625,65.0104002184691,61.18072447452886,61.29835265323074,11225600,8563.0,5.822615623474121,546410.235534668,546416.0581502914,446.41605815029146,-3.499633567719873
2024-08-06,64.44454956054688,65.63320245600303,63.55554054732407,64.35788332999323,5969600,8563.0,5.822615623474121,551838.6778869629,551844.5005025864,451.8445005025864,0.9934631809085381
2024-08-07,63.695457458496094,66.26962144554483,63.591454954878415,65.69015625372005,5260000,8563.0,5.822615623474121,545424.202217102,545430.0248327255,445.43002483272556,-1.162370135793489
2024-08-08,65.90188598632812,66.04798977737376,63.89480093254163,64.88163066090917,3280000,8563.0,5.822615623474121,564317.8497009277,564323.6723165512,464.3236723165512,3.4639910939299856
2024-08-09,66.32162475585938,66.56802043576143,65.48461702910097,65.76815645721547,3380800,8563.0,5.822615623474121,567912.0727844238,567917.8954000473,467.91789540004726,0.6369080830406659
2024-08-12,66.66583251953125,67.20444331043879,66.18046991698552,66.49744249212877,3022400,8563.0,5.822615623474121,570859.5238647461,570865.3464803696,470.86534648036957,0.5189924642621246
2024-08-13,68.59243774414062,68.60977401331066,67.33816547118914,67.33816547118914,4967200,8563.0,5.822615623474121,587357.0444030762,587362.8670186996,487.36286701869966,2.88991452013061
2024-08-14,68.89456176757812,69.23134944659476,68.08974766089,68.97504620113645,3368800,8563.0,5.822615623474121,589944.1324157715,589949.955031395,489.94995503139495,0.4404582172221172
2024-08-15,70.74810791015625,70.8100166818327,69.70927690769174,69.77737504509122,3487200,8563.0,5.822615623474121,605816.048034668,605821.8706502914,505.82187065029143,2.6903833932917065
2024-08-16,70.91154479980469,71.06631672206727,70.23921647636274,70.4843727829154,3006400,8563.0,5.822615623474121,607215.5581207275,607221.380736351,507.22138073635097,0.23101016220450354
2024-08-19,71.89960479736328,71.89960479736328,70.43360185582948,70.82363011448888,4008800,8563.0,5.822615623474121,615676.3158798218,615682.1384954453,515.6821384954452,1.393356365158649
2024-08-20,71.65940856933594,72.11010627454674,71.2830059300215,71.76712923552317,3181600,8563.0,5.822615623474121,613619.5155792236,613625.3381948471,513.6253381948471,-0.33406853504380774
2024-08-21,72.06675720214844,72.30201354758105,71.51453581848469,71.67673649121261,2658400,8563.0,5.822615623474121,617107.6419219971,617113.4645376205,517.1134645376205,0.5684456174894548
2024-08-22,70.55865478515625,72.57811836720367,70.49055665611111,72.43820395580187,4973600,8563.0,5.822615623474121,604193.760925293,604199.5835409164,504.1995835409164,-2.092626678690279
2024-08-23,71.81542205810547,72.07667528823526,71.00812917249989,71.27557932622547,3362400,8563.0,5.822615623474121,614955.4590835571,614961.2816991806,514.9612816991806,1.781149549159755
2024-08-26,71.13565826416016,72.01228104023407,70.75429811011425,71.85750910921807,2830400,8563.0,5.822615623474121,609134.6417160034,609140.4643316269,509.14046433162684,-0.9465339592551913
2024-08-27,71.46749114990234,71.58264056417856,70.34817566474906,70.63791205602925,2420000,8563.0,5.822615623474121,611976.1267166138,611981.9493322372,511.98194933223726,0.46647451072359125
2024-08-28,70.52523040771484,71.48357688306714,69.99033776996005,71.36346994892232,2856800,8563.0,5.822615623474121,603907.5479812622,603913.3705968857,503.9133705968857,-1.3184341048221415
2024-08-29,70.3370361328125,71.6903610397003,70.18350358084696,70.72458566667235,3172000,8563.0,5.822615623474121,602296.0404052734,602301.8630208969,502.3018630208969,-0.26684416249900256
2024-08-30,71.06754302978516,71.26813437810311,70.26396848096456,70.95487240430678,2256000,8563.0,5.822615623474121,608551.3709640503,608557.1935796738,508.55719357967376,1.0385706807219064
2024-09-03,67.93744659423828,70.47075619328226,67.55608645350391,70.47075619328226,4990400,8563.0,5.822615623474121,581748.3551864624,581754.1778020859,481.75417780208585,-4.404354440365143
2024-09-04,67.79133605957031,68.3398468025134,66.97290401207509,67.2576828154303,3815200,8563.0,5.822615623474121,580497.2106781006,580503.0332937241,480.50303329372406,-0.21506412091250038
2024-09-05,67.64027404785156,68.42033051307907,67.25149275688442,67.36292399675827,2816000,8563.0,5.822615623474121,579203.6666717529,579209.4892873764,479.2094892873764,-0.2228315671337966
2024-09-06,66.01580047607422,67.80868372428256,65.73102162485442,67.68981615665695,5536800,8563.0,5.822615623474121,565293.2994766235,565299.122092247,465.299122092247,-2.4016124480701895
2024-09-09,66.90728759765625,67.01500825949942,66.10495230745231,66.66956002226681,2603200,8563.0,5.822615623474121,572927.1036987305,572932.926314354,472.93292631435395,1.3504008627951203
2024-09-10,67.58580780029297,67.64524536422131,66.53955553068141,67.12397074920732,4584800,8563.0,5.822615623474121,578737.2721939087,578743.0948095322,478.7430948095322,1.014109720060019
2024-09-11,69.53346252441406,69.62879689993356,66.7847113761121,67.8123955397086,3863200,8563.0,5.822615623474121,595415.0395965576,595420.8622121811,495.42086221218113,2.8817220546083044
2024-09-12,70.06834411621094,70.35312292728747,68.98494071531579,69.53345147313087,3340000,8563.0,5.822615623474121,599995.2306671143,600001.0532827377,500.00105328273776,0.7692359071094224
2024-09-13,70.48188018798828,70.69608206807017,70.01137514804974,70.22310581677166,2504800,8563.0,5.822615623474121,603536.3400497437,603542.1626653671,503.54216266536713,0.5901838610541166
2024-09-16,70.06834411621094,70.25159164456547,69.45296705474685,69.84794528261924,2271200,8563.0,5.822615623474121,599995.2306671143,600001.0532827377,500.00105328273776,-0.5867211276493256
2024-09-17,70.03243255615234,70.69981086827451,69.64117247967741,70.58590085470168,2005600,8563.0,5.822615623474121,599687.7199783325,599693.542593956,499.69354259395595,-0.05125169149274855
2024-09-18,69.70928955078125,70.94622582406282,69.62137635845565,70.23427482065786,3574400,8563.0,5.822615623474121,596920.6464233398,596926.4690389633,496.9264690389633,-0.4614145990339935
2024-09-19,71.77084350585938,72.1905792429826,71.31023830534222,71.56159155099351,4102400,8563.0,5.822615623474121,614573.7329406738,614579.5555562973,514.5795555562974,2.9573301625835047
2024-09-20,71.51948547363281,71.90579558641937,71.02793347676108,71.60863803047273,2511200,8563.0,5.822615623474121,612421.3541107178,612427.1767263412,512.4271767263413,-0.3502197250944694
2024-09-23,71.4947280883789,71.6532181809178,71.30653055001842,71.61607442711136,3056000,8563.0,5.822615623474121,612209.3566207886,612215.179236412,512.215179236412,-0.034615950758820624
2024-09-24,72.13980865478516,72.15590553838484,71.0105933772115,71.8030210408791,2599200,8563.0,5.822615623474121,617733.1815109253,617739.0041265488,517.7390041265488,0.9022685286938392
2024-09-25,72.18810272216797,72.55335840994333,71.90208451445395,71.90208451445395,2404000,8563.0,5.822615623474121,618146.7236099243,618152.5462255478,518.1525462255478,0.06694446946631238
2024-09-26,73.08330535888672,73.57857553497405,72.32182444026319,73.50675924341891,3957600,8563.0,5.822615623474121,625812.343788147,625818.1664037704,525.8181664037704,1.2400855136857514
2024-09-27,72.54102325439453,73.24911678829459,72.15782833241789,73.24911678829459,2637600,8563.0,5.822615623474121,621168.7821273804,621174.6047430038,521.1746047430038,-0.7419985404787055
2024-09-30,72.73445892333984,72.77537683629592,71.86390496911196,72.2086569297711,4309600,8563.0,5.822615623474121,622825.1717605591,622830.9943761826,522.8309943761825,0.2666544350865774
2024-10-01,70.90655517578125,72.54596637248929,70.46879554045647,72.54596637248929,4868000,8563.0,5.822615623474121,607172.8319702148,607178.6545858383,507.1786545858383,-2.513095836860424
2024-10-02,71.35298919677734,71.69649987148075,70.44151725800744,70.86810507808244,2304000,8563.0,5.822615623474121,610995.6464920044,611001.4691076279,511.0014691076278,0.6296029171837692
2024-10-03,71.63325500488281,72.17517898289896,71.12729126066586,71.16077643732922,2632800,8563.0,5.822615623474121,613395.5626068115,613401.385222435,513.401385222435,0.3927840170846464
2024-10-04,72.55091857910156,72.66128946437118,71.71013342971155,72.66128946437118,2838400,8563.0,5.822615623474121,621253.5157928467,621259.3384084702,521.2593384084702,1.2810458820835091
2024-10-07,72.03008270263672,72.69973319294394,71.90854756849565,72.20369242872464,2870400,8563.0,5.822615623474121,616793.5981826782,616799.4207983017,516.7994207983016,-0.7178833917561356
2024-10-08,73.34335327148438,73.45248285537433,72.39715481940479,72.50504309023066,2664000,8563.0,5.822615623474121,628039.1340637207,628044.9566793442,528.0449566793442,1.8232079184652639
2024-10-09,74.16429901123047,74.23126936375367,73.23670513211383,73.3669143290461,3749600,8563.0,5.822615623474121,635068.8924331665,635074.71504879,535.0747150487899,1.1193081473998667
2024-10-10,74.23126983642578,74.35651378197933,73.44131788951174,73.65957705516001,4060800,8563.0,5.822615623474121,635642.363609314,635648.1862249374,535.6481862249375,0.09029979663155441
2024-10-11,74.46067810058594,74.61196689788156,74.0030802009411,74.04524699550454,2566400,8563.0,5.822615623474121,637606.7865753174,637612.6091909409,537.6126091909408,0.30904248742846807
2024-10-14,75.3833236694336,75.57553797249092,74.9220017731138,74.9468053277946,3144000,8563.0,5.822615623474121,645507.4005813599,645513.2231969833,545.5132231969833,1.2390931252233894
2024-10-15,74.024169921875,75.65366584253388,73.75258726843185,75.50361076869228,3642400,8563.0,5.822615623474121,633868.9670410156,633874.7896566391,533.8747896566391,-1.8029736839012322
2024-10-16,74.29822540283203,74.41355397073058,73.4685969327401,74.29202640715644,2238400,8563.0,5.822615623474121,636215.7041244507,636221.5267400742,536.2215267400742,0.37022092087086733
2024-10-17,74.59090423583984,75.3920129627466,74.55990168158006,75.30148035739961,3032000,8563.0,5.822615623474121,638721.9129714966,638727.73558712,538.72773558712,0.3939207872904582
2024-10-18,74.84759521484375,75.1018146083492,74.72606764220781,75.1018146083492,2437600,8563.0,5.822615623474121,640919.957824707,640925.7804403305,540.9257804403305,0.3441286060938076
2024-10-21,75.26551055908203,75.27419218144999,74.51029267187171,74.63306156010911,2782400,8563.0,5.822615623474121,644498.5669174194,644504.3895330429,544.504389533043,0.5583499996292485
2024-10-22,75.21342468261719,75.44532314206354,74.66530173928777,74.90835687766956,3076800,8563.0,5.822615623474121,644052.555557251,644058.3781728745,544.0583781728744,-0.06920222226750594
2024-10-23,74.0452651977539,75.01130208160052,73.36940798853894,74.90217248306018,3583200,8563.0,5.822615623474121,634049.6058883667,634055.4285039902,534.0554285039902,-1.553112265577783
2024-10-24,74.2969970703125,74.46689045400454,73.82575978191888,74.3552858054017,2189600,8563.0,5.822615623474121,636205.1859130859,636211.0085287094,536.2110085287094,0.3399671271335336
2024-10-25,74.64918518066406,75.47013212624124,74.52517497657105,74.64297861527366,3286400,8563.0,5.822615623474121,639220.9727020264,639226.7953176498,539.2267953176498,0.4740230440077875
2024-10-28,74.8017349243164,75.1948452550586,74.7620507403227,75.1948452550586,2640800,8563.0,5.822615623474121,640527.2561569214,640533.0787725449,540.5330787725449,0.20435367610738275
2024-10-29,75.68589782714844,75.90043302741957,74.59460970127029,74.90215254128638,3360000,8563.0,5.822615623474121,648098.3430938721,648104.1657094955,548.1041657094955,1.1819978058680736
2024-10-30,74.6938247680664,75.4031594808144,74.61197379722198,75.18118394706605,3105600,8563.0,5.822615623474121,639603.2214889526,639609.0441045761,539.6090441045761,-1.310764851452484
2024-10-31,72.21114349365234,73.88032363871662,72.17394194459081,73.88032363871662,5942400,8563.0,5.822615623474121,618344.021736145,618349.8443517685,518.3498443517685,-3.323780354383443
2024-11-01,72.72825622558594,73.2900260482037,72.29794447733123,72.34258633146487,3328800,8563.0,5.822615623474121,622772.0580596924,622777.8806753159,522.7778806753158,0.7161053510394977
2024-11-04,72.65757751464844,73.2143820886376,72.34011171280477,72.78158771175896,2911200,8563.0,5.822615623474121,622166.8362579346,622172.658873558,522.172658873558,-0.09718100474306324
2024-11-05,73.71041870117188,73.74389630558751,72.8373821188255,72.8373821188255,2513600,8563.0,5.822615623474121,631182.3153381348,631188.1379537582,531.1881379537582,1.4490317039200562
2024-11-06,76.0195083618164,76.16211557753213,75.07206843718393,75.26924802301326,5134400,8563.0,5.822615623474121,650955.0501022339,650960.8727178574,550.9608727178573,3.1326214127217478
2024-11-07,77.57705688476562,77.5968951851765,76.57629372489289,76.61969426459378,4264000,8563.0,5.822615623474121,664292.338104248,664298.1607198715,564.2981607198715,2.0488616998328935
2024-11-08,77.4406509399414,77.68619629863647,77.14798866568033,77.54730547122504,3446400,8563.0,5.822615623474121,663124.2939987183,663130.1166143417,563.1301166143418,-0.17583130205629516
2024-11-11,77.1244125366211,77.61673690949932,76.6618569662416,77.61673690949932,3454400,8563.0,5.822615623474121,660416.3445510864,660422.1671667099,560.4221671667099,-0.40835868855685353
2024-11-12,77.25960540771484,77.39601361688571,76.6606339487904,77.13311256609552,3238400,8563.0,5.822615623474121,661574.0011062622,661579.8237218857,561.5798237218856,0.1752903843525111
2024-11-13,76.94833374023438,77.58450671011623,76.78836329742113,77.13434905145171,5676800,8563.0,5.822615623474121,658908.581817627,658914.4044332504,558.9144044332504,-0.4028870278480201
2024-11-14,76.63581848144531,77.21371023328001,76.4746067404849,77.04629192733591,2884800,8563.0,5.822615623474121,656232.5136566162,656238.3362722397,556.2383362722396,-0.406132897233058
2024-11-15,74.7719497680664,75.8520737393998,74.44456103154849,75.8520737393998,4911200,8563.0,5.822615623474121,640272.2058639526,640278.0284795761,540.2780284795762,-2.4320901280053264
2024-11-18,74.991455078125,75.30644587465959,74.3937324906025,74.77196214010341,3436800,8563.0,5.822615623474121,642151.8298339844,642157.6524496078,542.1576524496079,0.2935637155151438
2024-11-19,75.91532897949219,75.94881415863848,74.5301370377235,74.60702276325878,3312800,8563.0,5.822615623474121,650062.9620513916,650068.7846670151,550.068784667015,1.231961059286446
2024-11-20,75.99592590332031,76.01576420346231,74.93439897466159,76.01328914655791,3030400,8563.0,5.822615623474121,650753.1135101318,650758.9361257553,550.7589361257553,0.10616591274932308
2024-11-21,76.79704284667969,77.29060103704242,75.58421941717776,76.83176176796533,3704000,8563.0,5.822615623474121,657613.0778961182,657618.9005117416,557.6189005117416,1.0541483190114276
2024-11-22,77.08226013183594,77.13929997813095,76.51677393802663,76.7511474572046,4295200,8563.0,5.822615623474121,660055.3935089111,660061.2161245346,560.0612161245346,0.3713876853132403
2024-11-25,77.04630279541016,77.82509056904745,76.76232213142173,77.68744104866327,5583200,8563.0,5.822615623474121,659747.4908370972,659753.3134527206,559.7533134527207,-0.046647593328053016
2024-11-26,77.2794418334961,77.65643772281173,77.0314214090443,77.34020562644955,2852800,8563.0,5.822615623474121,661743.860420227,661749.6830358505,561.7496830358506,0.30259333942290745
2024-11-27,76.48453521728516,76.98677503354466,75.70823012324794,76.98677503354466,3337600,8563.0,5.822615623474121,654937.0750656128,654942.8976812363,554.9428976812362,-1.0286042485713631
2024-11-29,77.16535949707031,77.3637728217395,76.62095281399424,76.70032117145519,1688800,8563.0,5.822615623474121,660766.9733734131,660772.7959890366,560.7727959890366,0.8901384118280342
2024-12-02,77.9242935180664,78.20951548165466,77.27323992838386,77.3253220962434,3457600,8563.0,5.822615623474121,667265.7253952026,667271.5480108261,567.2715480108261,0.9835078049879931
2024-12-03,78.32855987548828,78.3508808022541,77.50637167919683,77.71719052396057,2440800,8563.0,5.822615623474121,670727.4582138062,670733.2808294296,570.7332808294296,0.5187892139149497
2024-12-04,79.91588592529297,79.93573179434532,79.18423034484066,79.3342778307651,3933600,8563.0,5.822615623474121,684319.7311782837,684325.5537939072,584.3255537939071,2.0264795788378587
2024-12-05,79.5165786743164,79.96052971612544,79.44092670406917,79.93696747666775,3452000,8563.0,5.822615623474121,680900.4631881714,680906.2858037949,580.9062858037948,-0.4996551672162286
2024-12-06,79.92952728271484,80.1713486735005,79.65794465656754,79.73731299685294,2700800,8563.0,5.822615623474121,684436.5421218872,684442.3647375107,584.4423647375107,0.5193194728025707
2024-12-09,79.33303833007812,79.8749622678621,79.13958273179577,79.69886991315185,5318400,8563.0,5.822615623474121,679328.807220459,679334.6298360825,579.3346298360825,-0.7462622369068361
2024-12-10,78.19462585449219,79.36032469885097,77.92800848034415,79.19538902248306,4460800,8563.0,5.822615623474121,669580.5811920166,669586.4038076401,569.5864038076401,-1.4349667454453985
2024-12-11,79.3913345336914,79.63191463348068,78.56666364514523,78.91761464363285,3643200,8563.0,5.822615623474121,679827.9976119995,679833.820227623,579.8338202276229,1.5304098711847125
2024-12-12,79.04657745361328,79.35908557134145,78.73531064888908,78.96597536715505,2456000,8563.0,5.822615623474121,676875.8427352905,676881.665350914,576.881665350914,-0.43424654509252036
2024-12-13,79.41985321044922,80.13539450213462,78.80848381938861,79.90597108574006,2840000,8563.0,5.822615623474121,680072.2030410767,680078.0256567001,580.0780256567001,0.4722184791530859
2024-12-16,80.3548812866211,80.44044862272236,79.39380228893921,79.57610120888604,3426400,8563.0,5.822615623474121,688078.8484573364,688084.6710729599,588.0846710729598,1.1773127662121352
2024-12-17,79.86009216308594,80.08455033916005,79.31072784416384,79.79932837156603,3439200,8563.0,5.822615623474121,683841.9691925049,683847.7918081284,583.8477918081284,-0.6157496951973651
2024-12-18,77.13565063476562,80.39733659053063,76.8711892016968,80.15770109747939,8525600,8563.0,5.822615623474121,660512.576385498,660518.3990011215,560.5183990011216,-3.4114890896002947
2024-12-19,77.20145416259766,78.18852781235375,77.10088485205652,77.99608130182764,6925600,8563.0,5.822615623474121,661076.0519943237,661081.8746099472,561.0818746099472,0.08530808675091262
2024-12-20,78.42070770263672,79.0154390430468,76.47139389068025,76.65267024636258,5290400,8563.0,5.822615623474121,671516.5200576782,671522.3426733017,571.5223426733016,1.57930030520268
2024-12-23,79.14579772949219,79.15821069890308,78.16120978644592,78.72862192603098,3564000,8563.0,5.822615623474121,677725.4659576416,677731.2885732651,577.7312885732651,0.9246074933628945
2024-12-24,80.01492309570312,80.01492309570312,79.32831457599642,79.43633318267933,3484000,8563.0,5.822615623474121,685167.7864685059,685173.6090841293,585.1736090841293,1.0981226094093355
2024-12-26,80.15397644042969,80.36132152975841,79.44254202698791,79.78646009244623,3670400,8563.0,5.822615623474121,686358.5002593994,686364.3228750229,586.3643228750229,0.17378278659698765
2024-12-27,78.90369415283203,79.69707851389015,78.13017963908794,79.69707851389015,4839200,8563.0,5.822615623474121,675652.3330307007,675658.1556463242,575.6581556463242,-1.5598373738094473
2024-12-30,77.91909790039062,78.57342357402068,77.23001136480211,77.74527085622165,3900000,8563.0,5.822615623474121,667221.2353210449,667227.0579366684,567.2270579366684,-1.2478348169409292
2024-12-31,77.20269012451172,78.17610790478375,76.95934136303774,78.15872368521407,5552000,8563.0,5.822615623474121,661086.6355361938,661092.4581518173,561.0924581518173,-0.9194171177382526
2025-01-02,77.14558410644531,78.12147996830235,76.3956527945025,77.84832643011542,7610400,8563.0,5.822615623474121,660597.6367034912,660603.4593191147,560.6034593191147,-0.0739682969716049
2025-01-03,78.58087921142578,78.63053867224808,77.54413850385413,77.60746132616929,3756800,8563.0,5.822615623474121,672888.068687439,672893.8913030624,572.8938913030624,1.8604855621881633
2025-01-06,79.65857696533203,80.429605735111,79.37797414563381,79.58656204160965,5167200,8563.0,5.822615623474121,682116.3945541382,682122.2171697617,582.1222171697617,1.3714384966147408
2025-01-07,77.90668487548828,80.18626862440715,77.61242623145425,80.17509088812206,5126400,8563.0,5.822615623474121,667114.9425888062,667120.7652044296,567.1207652044296,-2.1992322765230443
2025-01-08,77.82349395751953,78.07057116874557,76.96679442212839,78.07057116874557,3906400,8563.0,5.822615623474121,666402.5787582397,666408.4013738632,566.4084013738633,-0.10678184036860827
2025-01-10,76.16472625732422,77.12448082832326,75.63331771130109,77.12448082832326,6786400,8563.0,5.822615623474121,652198.5509414673,652204.3735570908,552.2043735570908,-2.1314298840605095
2025-01-13,75.54142761230469,75.59233745776255,74.5767095330664,74.87593180872938,6135200,8563.0,5.822615623474121,646861.244644165,646867.0672597885,546.8670672597885,-0.8183487436910108
2025-01-14,75.72146606445312,76.44159261987603,75.15778233696491,76.2193489260744,3345600,8563.0,5.822615623474121,648402.9139099121,648408.7365255356,548.4087365255356,0.23832860625874197
2025-01-15,77.40011596679688,77.602497403765,76.63156514701868,76.93078745806064,5856800,8563.0,5.822615623474121,662777.1930236816,662783.0156393051,562.7830156393051,2.2168546325876726
2025-01-16,76.75074768066406,78.07926129002044,76.72839978846234,78.07554043038292,3017600,8563.0,5.822615623474121,657216.6523895264,657222.4750051498,557.2224750051498,-0.8389684863592484
2025-01-17,77.90668487548828,78.26303110825707,77.53669043726224,78.23074829024046,3728800,8563.0,5.822615623474121,667114.9425888062,667120.7652044296,567.1207652044296,1.5060790791127765
2025-01-21,78.54362487792969,78.71745193553622,77.50316331391967,78.21336256222865,4209600,8563.0,5.822615623474121,672569.0598297119,672574.8824453354,572.5748824453353,0.8175607064538681
2025-01-22,80.11672973632812,80.25703114977793,79.38418266748621,79.46240407775028,6322400,8563.0,5.822615623474121,686039.5567321777,686045.3793478012,586.0453793478011,2.00282485326988
2025-01-23,80.24958038330078,80.24958038330078,79.37176824495045,79.54683051635399,3655200,8563.0,5.822615623474121,687177.1568222046,687182.9794378281,587.1829794378281,0.1658199478157485
2025-01-24,79.4785385131836,80.5500398804303,79.26001570863795,80.5500398804303,3360800,8563.0,5.822615623474121,680574.7252883911,680580.5479040146,580.5805479040146,-0.9607967210152446
2025-01-27,75.33781433105469,76.59554825757016,74.64872021464798,75.8183129623933,12632000,8563.0,5.822615623474121,645117.7041168213,645123.5267324448,545.1235267324447,-5.209819951623196
2025-01-28,77.68816375732422,77.8023888463724,75.09073085268572,75.8915644448932,4972800,8563.0,5.822615623474121,665243.7462539673,665249.5688695908,565.2495688695908,3.119719139539767
2025-01-29,76.9593505859375,77.39142503309029,76.15851693658003,77.39142503309029,4616000,8563.0,5.822615623474121,659002.9190673828,659008.7416830063,559.0087416830063,-0.9381181858094334
2025-01-30,76.966796875,77.33306285934398,76.15478552114695,76.80911122983262,4323200,8563.0,5.822615623474121,659066.681640625,659072.5042562485,559.0725042562485,0.009675527684094298
2025-01-31,76.55830383300781,78.25433385513196,76.32861084010064,77.78624818090266,5211200,8563.0,5.822615623474121,655568.7557220459,655574.5783376694,555.5745783376694,-0.5307346150825176
2025-02-03,75.47064971923828,75.90273165375929,74.26506102114686,74.68347959688117,7942400,8563.0,5.822615623474121,646255.1735458374,646260.9961614609,546.2609961614609,-1.4206747003254416
2025-02-04,76.48257446289062,76.55955307119731,75.52157709366557,75.6134542985396,3393600,8563.0,5.822615623474121,654920.2851257324,654926.1077413559,554.9261077413558,1.3408068305781118
2025-02-05,77.56151580810547,77.60124792009557,76.42048502987956,76.5806487122963,5761600,8563.0,5.822615623474121,664159.2598648071,664165.0824804306,564.1650824804306,1.4106896380932543
2025-02-06,77.85205078125,78.01593531743377,77.29953724899148,77.65587585346913,2661600,8563.0,5.822615623474121,666647.1108398438,666652.9334554672,566.6529334554673,0.3745832234578472
2025-02-07,77.10956573486328,78.4691192372733,76.82772769072777,78.10408853769643,3814400,8563.0,5.822615623474121,660289.2113876343,660295.0340032578,560.2950340032577,-0.9537045639707142
2025-02-10,78.07925415039062,78.33254539510007,77.6558718936089,77.6558718936089,3560800,8563.0,5.822615623474121,668592.6532897949,668598.4759054184,568.5984759054185,1.25753511302642
2025-02-11,77.97745513916016,78.40705153046117,77.61863844576794,77.64470719960158,2773600,8563.0,5.822615623474121,667720.9483566284,667726.7709722519,567.7267709722519,-0.1303779420056328
2025-02-12,77.8756332397461,77.91785097503036,76.80165376349026,76.97299517343053,3887200,8563.0,5.822615623474121,666849.0474319458,666854.8700475693,566.8548700475693,-0.13057750004736857
2025-02-13,79.0837173461914,79.10978609745409,78.02215081039746,78.11029956466712,3339200,8563.0,5.822615623474121,677193.871635437,677199.6942510605,577.1996942510606,1.5512856947049514
2025-02-14,79.4462661743164,79.49096195983117,78.84160752287137,78.96576753471841,2726400,8563.0,5.822615623474121,680298.3772506714,680304.1998662949,580.3041998662948,0.4584328140708527
2025-02-18,79.97146606445312,80.0534159216228,79.43633667994817,79.8274437752438,3441600,8563.0,5.822615623474121,684795.6639099121,684801.4865255356,584.8014865255356,0.6610699537243248
2025-02-19,79.91683197021484,80.24089536894203,79.30845244321212,79.94042267620455,2620800,8563.0,5.822615623474121,684327.8321609497,684333.6547765732,584.3336547765732,-0.06831640382909399
2025-02-20,79.64988708496094,79.95904428904429,78.72985719186006,79.95904428904429,3352000,8563.0,5.822615623474121,682041.9831085205,682047.805724144,582.0478057241439,-0.3340255205153575
2025-02-21,77.49323272705078,79.80757719990218,77.46094991100632,79.80757719990218,4851200,8563.0,5.822615623474121,663574.5518417358,663580.3744573593,563.5803744573593,-2.707644700532008
2025-02-24,76.36337280273438,78.00725776492067,76.14982121469976,77.7477599995172,4652800,8563.0,5.822615623474121,653899.5613098145,653905.3839254379,553.905383925438,-1.4579982929472712
2025-02-25,75.2347640991211,76.22183775360065,74.63258346753557,76.21314564300292,6432000,8563.0,5.822615623474121,644235.2849807739,644241.1075963974,544.2411075963973,-1.4779319098162547
2025-02-26,75.79595947265625,76.6042423695096,75.28318559101756,75.80341634843445,4005600,8563.0,5.822615623474121,649040.8009643555,649046.623579979,549.0466235799789,0.7459188690256857
2025-02-27,73.12651824951172,76.48753066623253,73.09920668451423,76.48753066623253,7045600,8563.0,5.822615623474121,626182.3757705688,626188.1983861923,526.1881983861923,-3.5218464072280797
2025-02-28,74.30728149414062,74.30728149414062,72.17297058653419,72.78507853580328,7008800,8563.0,5.822615623474121,636293.2514343262,636299.0740499496,536.2990740499496,1.614670428126086
2025-03-03,71.8091812133789,74.74308284156893,71.26908820377264,74.61147353473812,7939200,8563.0,5.822615623474121,614902.0187301636,614907.841345787,514.9078413457871,-3.3618204986549105
2025-03-04,71.78932189941406,73.08803080108149,70.24477101591143,71.02946321692531,9321600,8563.0,5.822615623474121,614731.9634246826,614737.7860403061,514.7377860403061,-0.02765541338825006
2025-03-05,72.87199401855469,73.02719403759568,71.04684027900747,71.96314179767555,5182400,8563.0,5.822615623474121,624002.8847808838,624008.7073965073,524.0087073965072,1.5081098911972957
2025-03-06,70.6296615600586,72.38528592245103,70.3093341900999,71.3038495058446,6288800,8563.0,5.822615623474121,604801.7919387817,604807.6145544052,504.80761455440523,-3.0770552741504087
2025-03-07,71.5000228881836,71.64280992800967,69.54450277073117,70.62345353866009,6768000,8563.0,5.822615623474121,612254.6959915161,612260.5186071396,512.2605186071396,1.2322768221470382
2025-03-10,68.29669189453125,70.03617470155929,67.53434767817939,70.0150620453757,11074400,8563.0,5.822615623474121,584824.5726928711,584830.3953084946,484.8303953084946,-4.4801391670733715
2025-03-11,68.08562469482422,69.27010847283944,67.34687111300036,68.03595765912361,7833600,8563.0,5.822615623474121,583017.2042617798,583023.0268774033,483.02302687740325,-0.3090414666525598
2025-03-12,69.09008026123047,69.81020678660026,68.2880038874455,69.34087832238271,6600000,8563.0,5.822615623474121,591618.3572769165,591624.17989254,491.62417989254,1.4752681487047559
2025-03-13,67.84599304199219,69.07641535003376,67.54304232842351,68.99198745649826,6982400,8563.0,5.822615623474121,580965.2384185791,580971.0610342026,480.9710610342026,-1.8006564336623954
2025-03-14,69.90332794189453,70.00761810579718,68.73746363759527,68.73746363759527,5034400,8563.0,5.822615623474121,598582.1971664429,598588.0197820663,498.5880197820664,3.0323298231934803
2025-03-17,70.31802368164062,70.86929446875125,69.64756412637169,69.87353627017335,3984000,8563.0,5.822615623474121,602133.2367858887,602139.0594015121,502.13905940151216,0.5932359990663771
2025-03-18,69.31977081298828,69.96167590515257,69.01309924378097,69.82013926143199,4282400,8563.0,5.822615623474121,593585.1974716187,593591.0200872421,493.59102008724216,-1.4196121611453338
2025-03-19,70.25968170166016,71.07292842095191,69.40546004865728,69.65378012038772,4726400,8563.0,5.822615623474121,601633.6544113159,601639.4770269394,501.6394770269394,1.3558926377481795
2025-03-20,69.86608123779297,70.64704496454829,69.4551119120381,69.61899645480469,4427200,8563.0,5.822615623474121,598263.2536392212,598269.0762548447,498.26907625484466,-0.560202729506698
2025-03-21,70.10198974609375,70.16159171109192,68.73995791226676,69.00566218394705,3026400,8563.0,5.822615623474121,600283.3381958008,600289.1608114243,500.28916081142427,0.3376548507613375
2025-03-24,71.44043731689453,71.67013032775726,71.10396092707875,71.22936376257056,4049600,8563.0,5.822615623474121,611744.4647445679,611750.2873601913,511.75028736019135,1.9092676158394717
2025-03-25,71.74115753173828,71.85552752711061,71.40798748418283,71.53851936439182,2626400,8563.0,5.822615623474121,614319.5319442749,614325.3545598984,514.3253545598983,0.42093436699783826
2025-03-26,70.015625,71.59942890522038,69.71974871136115,71.5049463810851,4086400,8563.0,5.822615623474121,599543.796875,599549.6194906235,499.54961949062346,-2.405197011583582
2025-03-27,69.27468872070312,69.86644128799911,68.90919493429907,69.60164438214827,3712800,8563.0,5.822615623474121,593199.1595153809,593204.9821310043,493.20498213100433,-1.0582339064795887
2025-03-28,67.53424835205078,69.17150796591504,67.2731845951415,68.94152358900635,6380000,8563.0,5.822615623474121,578295.7686386108,578301.5912542343,478.30159125423427,-2.512350928549467
2025-03-31,67.42733001708984,67.52429372687322,65.50289743785044,66.23512178700187,7151200,8563.0,5.822615623474121,577380.2269363403,577386.0495519638,477.38604955196377,-0.15831561180470466
2025-04-01,67.99421691894531,68.0700487764185,66.60310372567324,67.13145312527027,3972000,8563.0,5.822615623474121,582234.4794769287,582240.3020925522,482.2403020925522,0.8407291004614903
2025-04-02,68.55364990234375,69.14912806002661,66.99471101567683,67.0133540900461,3593600,8563.0,5.822615623474121,587024.9041137695,587030.726729393,487.03072672939305,0.8227573082152162
2025-04-03,63.588409423828125,65.37858468903737,63.47403563982384,65.08270839398557,14137600,8563.0,5.822615623474121,544507.5498962402,544513.3725118637,444.51337251186374,-7.242781728720105
2025-04-04,59.49836349487305,61.91012252941366,59.21367532296639,61.445176236905695,22274400,8563.0,5.822615623474121,509484.4866065979,509490.3092222214,409.49030922222136,-6.431993236103539
2025-04-07,59.66743469238281,62.57397886124897,56.067200444525575,56.87153493525171,21929600,8563.0,5.822615623474121,510932.243270874,510938.0658864975,410.9380658864975,0.28415784129167676
2025-04-08,58.47522735595703,62.84250214785049,57.37501661892702,62.10778519863207,12530400,8563.0,5.822615623474121,500723.37184906006,500729.19446468353,400.7291944646835,-1.9980643650226337
2025-04-09,66.35820770263672,66.8691508751886,58.492635993378414,58.51749722039535,16810400,8563.0,5.822615623474121,568225.3325576782,568231.1551733017,468.2311551733017,13.480731991427565
2025-04-10,63.37333679199219,64.59910943439205,61.19653973445197,64.15529500556437,9768800,8563.0,5.822615623474121,542665.8829498291,542671.7055654526,442.67170556545256,-4.49807254937542
2025-04-11,64.66251373291016,64.90617120487512,62.56154470536965,63.0140622786459,5773600,8563.0,5.822615623474121,553705.1050949097,553710.9277105331,453.71092771053316,2.0342358062648502
2025-04-14,65.1187515258789,66.81692529345653,64.47975773368131,66.69509656750213,6408800,8563.0,5.822615623474121,557611.8693161011,557617.6919317245,457.61769193172455,0.7055602527739513
2025-04-15,65.36489868164062,65.87460500836501,65.05908247334439,65.20328744155276,5141600,8563.0,5.822615623474121,559719.6274108887,559725.4500265121,459.72545002651214,0.37799340395492376
2025-04-16,63.122215270996094,64.27588539802414,62.00211329951494,63.62197029198681,6376000,8563.0,5.822615623474121,540515.5293655396,540521.351981163,440.521351981163,-3.4309853240440447
2025-04-17,62.84623336791992,63.53122409137087,62.45214517505323,63.53122409137087,4116000,8563.0,5.822615623474121,538152.2963294983,538158.1189451218,438.1581189451218,-0.4372136322421616
2025-04-21,61.13314056396485,61.91882820222972,60.27659102865075,61.83802257286623,6149600,8563.0,5.822615623474121,523483.082649231,523488.9052648545,423.4889052648545,-2.7258185213337227
2025-04-22,62.63738250732422,63.03892566433812,61.66770358589243,61.9474180027511,5444000,8563.0,5.822615623474121,536363.9064102173,536369.7290258408,436.3697290258408,2.460572446032905
2025-04-23,64.50587463378906,65.85223548428479,64.30074769308098,65.14113533253739,5252000,8563.0,5.822615623474121,552363.8044891357,552369.6271047592,452.3696271047593,2.9829979607495005
2025-04-24,66.93130493164062,67.00464801220345,65.02054544131454,65.0839485844123,4780800,8563.0,5.822615623474121,573132.7641296387,573138.5867452621,473.1385867452621,3.7599749554231066
2025-04-25,67.94573211669922,68.10983213691077,66.68639516037098,66.77715210038811,4045600,8563.0,5.822615623474121,581819.3041152954,581825.1267309189,481.8251267309189,1.5156089969418751
2025-04-28,67.81644439697266,68.21549873793325,66.83060747787272,67.9096825271393,3423200,8563.0,5.822615623474121,580712.2133712769,580718.0359869003,480.71803598690036,-0.19027895035040876
2025-04-29,68.1446533203125,68.46414267745918,67.4658769126207,67.56408502428054,2860000,8563.0,5.822615623474121,583522.6663818359,583528.4889974594,483.5284889974594,0.4839617226254811
2025-04-30,68.30626678466797,68.51760809829217,66.28610696923307,66.82191520754037,3406400,8563.0,5.822615623474121,584906.5624771118,584912.3850927353,484.9123850927353,0.23715998813589323
2025-05-01,69.51213836669922,70.64342466633971,69.47235585319086,69.95967836512568,4720800,8563.0,5.822615623474121,595232.4408340454,595238.2634496689,495.2382634496689,1.7653718095397286
2025-05-02,70.5551528930664,70.8845973109811,69.99696851885578,70.26052101809225,4380000,8563.0,5.822615623474121,604163.7742233276,604169.5968389511,504.1695968389512,1.5004635853752335
2025-05-05,70.0777816772461,70.61234545096447,69.89751977078305,69.94476103144892,4140000,8563.0,5.822615623474121,600076.0445022583,600081.8671178818,500.0818671178818,-0.6765864655316256
2025-05-06,69.48478698730469,70.07778395543563,68.85574067180464,69.06459318418825,3520800,8563.0,5.822615623474121,594998.23097229,595004.0535879135,495.0040535879135,-0.8461867968709624
2025-05-07,70.17848205566406,70.50668211842111,68.99622126641216,69.62775637121939,3141600,8563.0,5.822615623474121,600938.3418426514,600944.1644582748,500.9441644582749,0.9983311600218592
2025-05-08,71.00768280029297,71.69888793365472,70.39106514660568,71.03005904419531,5876000,8563.0,5.822615623474121,608038.7878189087,608044.6104345322,508.0446104345322,1.1815483694159967
2025-05-09,71.01016998291016,71.55219255700149,70.61235239552832,71.44776250006474,4076000,8563.0,5.822615623474121,608060.0855636597,608065.9081792831,508.0659081792831,0.0035026615458066956
2025-05-12,74.36549377441406,74.40403190012596,73.34733303437648,74.11561435800449,6219200,8563.0,5.822615623474121,636791.7231903076,636797.5458059311,536.7975458059311,4.725086086914221
2025-05-13,76.01891326904297,76.23646891238201,74.59050628767223,74.67131570457934,7194400,8563.0,5.822615623474121,650949.9543228149,650955.7769384384,550.9557769384384,2.2233488847053673
2025-05-14,76.55845642089844,76.82325333152599,76.08480699823515,76.3520850994689,5814400,8563.0,5.822615623474121,655570.0623321533,655575.8849477768,555.5758849477768,0.7097422241288953
2025-05-15,76.52364349365234,76.91400230493818,75.85979222437196,76.14696537545728,8249600,8563.0,5.822615623474121,655271.959236145,655277.7818517685,555.2777818517685,-0.04547194350079664
2025-05-16,76.66785430908203,76.70017048797541,75.98534480561158,76.70017048797541,3166400,8563.0,5.822615623474121,656506.8364486694,656512.6590642929,556.512659064293,0.18845095114239374
2025-05-19,76.46521759033203,76.62558444961365,75.46072996637747,75.4831062080629,4616000,8563.0,5.822615623474121,654771.6582260132,654777.4808416367,554.7774808416366,-0.2643023251264309
2025-05-20,76.19669342041016,76.2252916101182,75.63353899166482,75.97043461995801,2764800,8563.0,5.822615623474121,652472.2857589722,652478.1083745956,552.4781083745956,-0.3511685319546154
2025-05-21,74.73719787597656,76.51866987414294,74.39408034294783,75.4880728859498,4540800,8563.0,5.822615623474121,639974.6254119873,639980.4480276108,539.9804480276107,-1.9154145076404339
2025-05-22,74.86275482177734,75.48683109312837,74.6501691674825,74.74838484757646,2884800,8563.0,5.822615623474121,641049.7695388794,641055.5921545029,541.0555921545028,0.16799640210971578
2025-05-23,73.98011779785156,74.44506411793007,73.3572857961327,73.43560644232126,4304000,8563.0,5.822615623474121,633491.7487030029,633497.5713186264,533.4975713186263,-1.1789961632617474
2025-05-27,75.7976303100586,75.90578593467959,74.94232525052948,75.20587775969082,4448800,8563.0,5.822615623474121,649055.1083450317,649060.9309606552,549.0609309606552,2.4567354867097047
2025-05-28,75.45452117919922,76.13951193658656,75.37371175514215,75.88963250437556,3218400,8563.0,5.822615623474121,646117.0648574829,646122.8874731064,546.1228874731064,-0.4526606590232296
2025-05-29,75.72553253173828,76.84439022602763,75.37495621033223,76.84439022602763,3815200,8563.0,5.822615623474121,648437.7350692749,648443.5576848984,548.4435576848985,0.35916855087239075
2025-05-30,75.38240814208984,75.6360131316118,74.24489988731935,75.54650816627652,3508800,8563.0,5.822615623474121,645499.5609207153,645505.3835363388,545.5053835363387,-0.4531117803143192
2025-06-02,76.06739807128906,76.08977431239731,75.0964786287766,75.21209300170513,3538400,8563.0,5.822615623474121,651365.1296844482,651370.9523000717,551.3709523000717,0.9086785197048197
2025-06-03,77.27950286865234,77.32176657757843,76.11340388926679,76.15069762883083,3753600,8563.0,5.822615623474121,661744.38306427,661750.2056798935,561.7502056798935,1.593447380969537
2025-06-04,77.48834991455078,77.72952619698421,77.14026239035277,77.41624363133653,3828000,8563.0,5.822615623474121,663532.7403182983,663538.5629339218,563.5385629339219,0.27024657320520173
2025-06-05,77.1415023803711,78.38094429121925,76.86551356738728,77.73076615339842,4516800,8563.0,5.822615623474121,660562.6848831177,660568.5074987411,560.5685074987412,-0.44760856430833273
2025-06-06,77.8749771118164,78.28895656925452,77.75190398364973,77.89735335441588,3383200,8563.0,5.822615623474121,666843.4290084839,666849.2516241074,566.8492516241074,0.9508088947728366
2025-06-09,78.21311950683594,78.74146892058258,78.1285845111651,78.26657512522755,4663200,8563.0,5.822615623474121,669738.9423370361,669744.7649526596,569.7447649526597,0.4342080794872638
2025-06-10,78.54008483886719,78.61342792914829,77.88119588918272,78.26161479817647,4252800,8563.0,5.822615623474121,672538.7464752197,672544.5690908432,572.5445690908432,0.4180404662635251
2025-06-11,78.22928619384766,78.9963231476331,77.90730048685792,78.69423249245736,3296000,8563.0,5.822615623474121,669877.3776779175,669883.200293541,569.883200293541,-0.39571634648688514
2025-06-12,78.79119110107422,78.9751861735977,78.11988110679114,78.11988110679114,2780000,8563.0,5.822615623474121,674688.9693984985,674694.792014122,574.694792014122,0.7182732330759389
2025-06-13,77.4858627319336,78.37722479536154,77.24344964305949,77.85135653680328,4943200,8563.0,5.822615623474121,663511.4425735474,663517.2651891708,563.5172651891709,-1.6566789839274731
2025-06-16,78.79865264892578,79.01372710626644,78.06393948505779,78.06393948505779,4099200,8563.0,5.822615623474121,674752.8626327515,674758.6852483749,574.758685248375,1.6942166615663279
2025-06-17,78.2193374633789,78.89935062741893,78.09750872691578,78.4058137356334,3063200,8563.0,5.822615623474121,669792.1866989136,669798.009314537,569.7980093145371,-0.7351777816704819
2025-06-18,78.46797180175781,78.8894099943975,78.03037172531268,78.4493211396011,3744000,8563.0,5.822615623474121,671921.2425384521,671927.0651540756,571.9270651540756,0.3178653579035684
2025-06-20,78.13107299804688,79.00751758935938,77.74444732964523,78.85833504693986,3080800,8563.0,5.822615623474121,669036.3780822754,669042.2006978989,569.0422006978989,-0.42934190417158735
2025-06-23,78.96027374267578,79.01869933339196,77.56542726010893,78.02664797850933,5113600,8563.0,5.822615623474121,676136.8240585327,676142.6466741562,576.1426466741563,1.0612852177113163
2025-06-24,80.38121795654297,80.48315922554576,79.70741158735902,79.71238914392514,3944800,8563.0,5.822615623474121,688304.3693618774,688310.1919775009,588.310191977501,1.799553003082277
2025-06-25,81.05751037597656,81.20668532713044,80.74422780307518,80.78276593007979,7573600,8563.0,5.822615623474121,694095.4613494873,694101.2839651108,594.1012839651107,0.841349155527138
2025-06-26,81.75605010986328,81.82076742118866,81.05912366454588,81.46981273396251,3713600,8563.0,5.822615623474121,700077.0570907593,700082.8797063828,600.0828797063828,0.861775634112294
2025-06-27,81.70751953125,82.26257686916803,81.23585030461335,81.98878159943426,4291200,8563.0,5.822615623474121,699661.4897460938,699667.3123617172,599.6673123617172,-0.05935973535587946
2025-06-30,82.54632568359375,82.73051176546373,81.97881865007884,82.38080279881856,4687200,8563.0,5.822615623474121,706844.1868286133,706850.0094442368,606.8500094442368,1.0265874874552106
2025-07-01,81.695068359375,82.44924530314093,81.11138962463714,82.24514270683939,3960800,8563.0,5.822615623474121,699554.8703613281,699560.6929769516,599.5606929769516,-1.0312394949271386
2025-07-02,82.73175811767578,82.76037957765953,81.51959978853357,81.57435124383157,3567200,8563.0,5.822615623474121,708432.0447616577,708437.8673772812,608.4378673772812,1.2689641498514037
2025-07-03,83.8829345703125,84.10445463931404,83.03292735975528,83.12751186406578,2817600,8563.0,5.822615623474121,718289.5687255859,718295.3913412094,618.2953913412094,1.3914450960141211
2025-07-07,83.14369201660156,83.71865825015976,82.74170786929619,83.51082604263492,4606400,8563.0,5.822615623474121,711959.4347381592,711965.2573537827,611.9652573537826,-0.881271697373287
2025-07-08,83.53572082519531,83.70498092765813,83.22583727540072,83.44736497042499,2596800,8563.0,5.822615623474121,715316.3774261475,715322.2000417709,615.3222000417709,0.47150372203066393
2025-07-09,84.2351303100586,84.43798718922281,83.50335370461701,83.8916499978094,3379200,8563.0,5.822615623474121,721305.4208450317,721311.2434606552,621.3112434606552,0.8372511601813182
2025-07-10,83.95262908935547,84.50145773876318,83.45855189531889,84.44669868746315,3224000,8563.0,5.822615623474121,718886.3628921509,718892.1855077744,618.8921855077743,-0.335369505856431
2025-07-11,83.4237060546875,84.0223183981925,83.38263486886224,83.51330762820236,2880000,8563.0,5.822615623474121,714357.1949462891,714363.0175619125,614.3630175619126,-0.6300204727726633
2025-07-14,83.42743682861328,83.65269409378303,82.63592586772243,83.2731179414378,3088000,8563.0,5.822615623474121,714389.1415634155,714394.964179039,614.394964179039,0.004472042412762001
2025-07-15,84.13557434082031,84.647069029571,84.13059900711376,84.46288293534742,3740800,8563.0,5.822615623474121,720452.9230804443,720458.7456960678,620.4587456960678,0.8487995886137245
2025-07-16,84.50891876220703,84.56367780976527,83.23080506831174,84.26001538165657,3272000,8563.0,5.822615623474121,723649.8713607788,723655.6939764023,623.6556939764023,0.4437378683280091
2025-07-17,85.36390686035156,85.5717466657987,84.54874975481982,84.6595135894456,3196800,8563.0,5.822615623474121,730971.1344451904,730976.9570608139,630.9769570608139,1.0117053103226636
2025-07-18,85.31537628173828,85.7633993567221,85.06895675416123,85.7633993567221,3083200,8563.0,5.822615623474121,730555.5671005249,730561.3897161484,630.5613897161484,-0.056850950040410186
2025-07-21,85.43485260009766,86.07578194059994,85.35396354670686,85.44730232857052,3498400,8563.0,5.822615623474121,731578.6428146362,731584.4654302597,631.5844654302597,0.14003966381372912
2025-07-22,84.60101318359375,85.41990744587979,83.8966199473051,85.41493211272149,3466400,8563.0,5.822615623474121,724438.4758911133,724444.2985067368,624.4442985067368,-0.9759866783562221
2025-07-23,85.27306365966797,85.27306365966797,84.42181065918348,84.97437653067325,2812800,8563.0,5.822615623474121,730193.2441177368,730199.0667333603,630.1990667333603,0.7943700072573723
2025-07-24,85.51449584960938,85.7111316592984,85.02041865869414,85.47964572812549,3299200,8563.0,5.822615623474121,732260.6279602051,732266.4505758286,632.2664505758286,0.2831260592699669
2025-07-25,85.7086410522461,85.9314068593482,85.37386567745797,85.58045215598479,2243200,8563.0,5.822615623474121,733923.0933303833,733928.9159460068,633.9289159460068,0.22703011572779985
2025-07-28,86.38690948486328,86.39188481859516,85.84554000332922,86.08946808291985,3268800,8563.0,5.822615623474121,739731.1059188843,739736.9285345078,639.7369285345078,0.7913590079789534
2025-07-29,86.23632049560547,87.35887732442706,86.04715147010221,86.93573848188433,3548800,8563.0,5.822615623474121,738441.6124038696,738447.4350194931,638.4474350194931,-0.1743178507485399
2025-07-30,86.42548370361328,86.81626386065464,85.85673852889664,86.49268488639416,3504800,8563.0,5.822615623474121,740061.4169540405,740067.239569664,640.067239569664,0.21935272212409984
2025-07-31,85.93016052246094,87.77080600264001,85.61032634208614,87.77080600264001,3914400,8563.0,5.822615623474121,735819.964553833,735825.7871694565,635.8257871694565,-0.5731171673906021
2025-08-01,83.93022918701172,85.03162368929179,83.52077823423372,85.02041969412728,6752000,8563.0,5.822615623474121,718694.5525283813,718700.3751440048,618.7003751440049,-2.327373180454706
2025-08-04,85.83806610107422,85.83806610107422,84.75035949021881,84.75035949021881,4146400,8563.0,5.822615623474121,735031.3600234985,735037.182639122,635.0371826391221,2.2731040723116047
2025-08-05,85.06895446777344,86.15043999950419,84.82129681045133,86.06705949084191,5394400,8563.0,5.822615623474121,728445.457107544,728451.2797231674,628.4512797231674,-0.8959958858554828
2025-08-06,86.1019058227539,86.18529393103206,85.20087672784085,85.26559404270057,3959200,8563.0,5.822615623474121,737290.6195602417,737296.4421758652,637.2964421758652,1.2142421461678543
2025-08-07,86.2699203491211,87.20081663863142,85.43609243616645,87.11494466140613,4223200,8563.0,5.822615623474121,738729.3279495239,738735.1505651474,638.7351505651475,0.19513296239928035
2025-08-08,87.03529357910156,87.17841607283898,86.308499902964,86.59224582980625,3644000,8563.0,5.822615623474121,745283.2189178467,745289.0415334702,645.2890415334701,0.8871773548759565
2025-08-11,86.52629089355469,87.4049195991933,86.27240456199998,86.96436331197927,3946400,8563.0,5.822615623474121,740924.6289215088,740930.4515371323,640.9304515371323,-0.5848187419165374
2025-08-12,87.87161254882812,87.88405468043082,86.39561721290285,86.93573333606588,6048000,8563.0,5.822615623474121,752444.6182556152,752450.4408712387,652.4504408712387,1.5548003608445438
2025-08-13,88.0234375,88.47022243171503,87.61399415390035,88.36692539697468,3821600,8563.0,5.822615623474121,753744.6953125,753750.5179281235,653.7505179281235,0.17277909431210325
2025-08-14,87.67247772216797,87.95747695143183,87.18712069252317,87.41486941030085,3270400,8563.0,5.822615623474121,750739.4267349243,750745.2493505478,650.7452493505479,-0.39870865838160796
2025-08-15,87.1224136352539,87.62022044993537,86.77892571777502,87.62022044993537,3079200,8563.0,5.822615623474121,746029.2279586792,746035.0505743027,646.0350505743027,-0.6274030745209269
2025-08-18,87.37504577636719,87.4285590922505,86.99795350472615,87.08133401124867,2436800,8563.0,5.822615623474121,748192.5169830322,748198.3395986557,648.1983395986557,0.2899714996886127
2025-08-19,85.72356414794922,87.3650821636649,85.54310768697258,87.3650821636649,4686400,8563.0,5.822615623474121,734050.8797988892,734056.7024145126,634.0567024145126,-1.8900920298391521
2025-08-20,85.11127471923828,85.60534432093395,83.74106029037969,85.49707194988405,4896000,8563.0,5.822615623474121,728807.8454208374,728813.6680364609,628.8136680364609,-0.7142546837057617
2025-08-21,84.88601684570312,85.28799340213622,84.45790269798721,84.81134126886461,5332000,8563.0,5.822615623474121,726878.9622497559,726884.7848653793,626.8847848653794,-0.26466067469319565
2025-08-22,86.39063262939453,86.86479329249823,84.55870729030406,84.80885641734586,4590400,8563.0,5.822615623474121,739762.9872055054,739768.8098211288,639.7688098211288,1.7724989192249518
2025-08-25,86.18030548095703,86.74407529330324,85.93763075763668,86.23631026169576,4037600,8563.0,5.822615623474121,737961.9558334351,737967.7784490585,637.9677784490585,-0.24345867900348317
2025-08-26,86.62211608886719,86.73536378802604,86.0981717233913,86.2450238105761,3585600,8563.0,5.822615623474121,741745.1800689697,741751.0026845932,641.7510026845932,0.5126543930529914
2025-08-27,87.23067474365234,87.34393003308544,86.4316970361393,86.72913839251896,2866400,8563.0,5.822615623474121,746956.267829895,746962.0904455185,646.9620904455186,0.7025386877894224
2025-08-28,88.09561920166016,88.29350073548135,87.08009673030948,87.46963113656714,3871200,8563.0,5.822615623474121,754362.7872238159,754368.6098394394,654.3686098394394,0.9915522472503824
2025-08-29,86.74532318115234,87.73097848211879,86.43170247796493,87.73097848211879,4680800,8563.0,5.822615623474121,742800.2024002075,742806.025015831,642.806025015831,-1.5327499942063283
2025-09-02,85.8480224609375,85.87291431884395,84.6395937815112,85.07642044140879,4948000,8563.0,5.822615623474121,735116.6163330078,735122.4389486313,635.1224389486313,-1.0344000732944947
2025-09-03,86.23258209228516,86.48023974880451,85.61156175661921,86.26120355130138,3952800,8563.0,5.822615623474121,738409.6004562378,738415.4230718613,638.4154230718613,0.4479504295828107
2025-09-04,86.81002807617188,86.83367420082793,85.66009568958944,86.1579024436721,2380800,8563.0,5.822615623474121,743354.2704162598,743360.0930318832,643.3600930318833,0.6696325409146775
2025-09-05,86.9655990600586,87.61399513930287,86.01852346403308,87.6090198059316,2835200,8563.0,5.822615623474121,744686.4247512817,744692.2473669052,644.6922473669052,0.17920713628689633
2025-09-08,87.7284927368164,87.91766175690373,87.437280004239,87.437280004239,2408000,8563.0,5.822615623474121,751219.0833053589,751224.9059209824,651.2249059209823,0.8772292953465488
2025-09-09,87.83177947998047,87.9363222409111,87.17840811296679,87.86289240221922,2799200,8563.0,5.822615623474121,752103.5276870728,752109.3503026962,652.1093503026962,0.1177336340612456
2025-09-10,88.97425079345703,89.52432516714383,88.55360345007043,89.2492917782648,3751200,8563.0,5.822615623474121,761886.5095443726,761892.332159996,661.892332159996,1.3007392945404206
2025-09-11,89.4521484375,89.71473969442528,89.18581998362919,89.54673294230861,3550400,8563.0,5.822615623474121,765978.7470703125,765984.569685936,665.984569685936,0.537114937794203
2025-09-12,89.55171203613281,89.78568184334893,89.35632195266355,89.63011721599402,3712000,8563.0,5.822615623474121,766831.3101654053,766837.1327810287,666.8371327810288,0.11130290724294944
2025-09-15,90.43034362792967,90.43034362792967,89.60025287678444,89.71100912208279,3263200,8563.0,5.822615623474121,774355.0324859618,774360.8551015853,674.3608551015852,0.9811369323327934
2025-09-16,90.12419128417967,90.58590985554122,89.96738091670107,90.58590985554122,3315200,8563.0,5.822615623474121,771733.4499664305,771739.272582054,671.739272582054,-0.33854791370973025
2025-09-17,89.79190063476562,90.14907640245067,88.83860396469116,90.04204976456452,3433600,8563.0,5.822615623474121,768888.045135498,768893.8677511215,668.8938677511215,-0.3687002763786307
2025-09-18,91.38612365722656,91.61884771870724,90.54856618235527,90.91320873641824,4124800,8563.0,5.822615623474121,782539.376876831,782545.1994924545,682.5451994924546,1.775450723942007
2025-09-19,92.2398681640625,92.3182733459685,91.39608955316687,91.78064106829702,2748800,8563.0,5.822615623474121,789849.9910888672,789855.8137044907,689.8558137044906,0.9342098343683825
2025-09-22,93.73079681396484,93.78555586341876,91.9698022972363,92.0880329262764,5513600,8563.0,5.822615623474121,802616.813117981,802622.6357336044,702.6226357336045,1.616348428105674
2025-09-23,92.76753997802734,93.77435759085328,92.4551725861419,93.63123509497734,5915200,8563.0,5.822615623474121,794368.4448318481,794374.2674474716,694.3742674474717,-1.0276770077128128
2025-09-24,92.08338928222656,93.05772530501856,91.52271051035572,93.05772530501856,3328000,8563.0,5.822615623474121,788510.062423706,788515.8850393295,688.5158850393295,-0.737483910067549
2025-09-25,91.80554962158205,92.04102894001676,90.4885764942702,91.10781143505832,3679200,8563.0,5.822615623474121,786130.921409607,786136.7440252305,686.1367440252305,-0.30172391694814893
2025-09-26,92.03853607177734,92.11204302931984,91.1688558347074,91.90771254698905,3420000,8563.0,5.822615623474121,788125.9843826294,788131.8069982529,688.1318069982528,0.25378065434356056
2025-09-29,92.59423065185548,93.13248320722909,92.4185546422808,92.71011096153464,4014400,8563.0,5.822615623474121,792884.3970718385,792890.219687462,692.8902196874619,0.6037584889934111
2025-09-30,93.02657318115234,93.08264257728702,92.300180579852,92.58426146443178,3552800,8563.0,5.822615623474121,796586.5461502075,796592.368765831,696.592368765831,0.46691824245586044
2025-10-01,93.76043701171876,93.80404231527118,92.5319218437762,92.6004553274899,3445600,8563.0,5.822615623474121,802870.6221313478,802876.4447469712,702.8764447469712,0.7888697190102656
2025-10-02,94.44197082519533,94.75470618068834,93.94483689709271,94.69490288247812,3611200,8563.0,5.822615623474121,808706.5961761476,808712.418791771,708.7124187917711,0.7268832063741737
2025-10-03,94.15291595458984,95.04502244498651,93.74922845193689,94.54788847950864,3508000,8563.0,5.822615623474121,806231.4193191528,806237.2419347763,706.2372419347763,-0.3060639109131902
2025-10-06,94.96402740478516,95.46365568279778,94.77713448910116,95.14718641659542,4390400,8563.0,5.822615623474121,813176.9666671753,813182.7892827988,713.1827892827987,0.8614768689368502
2025-10-07,94.09310913085938,95.54962824777472,93.53616427882376,95.45120071497166,4089600,8563.0,5.822615623474121,805719.2934875488,805725.1161031723,705.7251161031724,-0.9170967804426722
2025-10-08,95.69166564941406,95.70038823123718,94.33606844747456,94.33606844747456,3750400,8563.0,5.822615623474121,819407.7329559326,819413.5555715561,719.4135555715561,1.6988969556499534
2025-10-09,95.64432525634766,95.88852714501787,95.12974612708884,95.72655479739744,3928000,8563.0,5.822615623474121,819002.357170105,819008.1797857285,719.0081797857285,-0.04947145224426519
2025-10-10,91.74324798583984,96.13523176545296,91.69091249095936,95.9533199123527,9368000,8563.0,5.822615623474121,785597.4325027466,785603.25511837,685.60325511837,-4.078704644451525
2025-10-13,94.13048553466795,94.36721960518548,93.28573350269566,93.91867204073527,4733600,8563.0,5.822615623474121,806039.3476333617,806045.1702489852,706.0451702489852,2.602065991635305
2025-10-14,92.92814636230467,93.78286815228552,91.76442310879116,92.81725473871712,5322400,8563.0,5.822615623474121,795743.7173004149,795749.5399160384,695.7495399160383,-1.2773019072574443
2025-10-15,93.79158782958984,94.5304368996228,92.54563507647684,94.26380118533052,3564000,8563.0,5.822615623474121,803137.3665847778,803143.1892004013,703.1431892004014,0.9291427658435047
2025-10-16,93.49006652832033,94.61765991081526,92.85588080345732,94.32112253216324,3780800,8563.0,5.822615623474121,800555.439682007,800561.2622976304,700.5612622976305,-0.32147778098465807
2025-10-17,93.715576171875,93.9236557508946,92.3711959285513,92.85587336036316,3243200,8563.0,5.822615623474121,802486.4787597656,802492.3013753891,702.4923013753892,0.2412106566606287
2025-10-20,94.96402740478516,95.28049667098752,94.23763480984624,94.30367395697353,3604800,8563.0,5.822615623474121,813176.9666671753,813182.7892827988,713.1827892827987,1.3321608056659606
2025-10-21,94.86808776855467,95.25059618656408,94.40459698224012,94.87930468969752,2718400,8563.0,5.822615623474121,812355.4355621337,812361.2581777571,712.3612581777571,-0.10102662228822501
2025-10-22,93.7467269897461,94.973995004413,92.55061539834614,94.74972503161204,4140000,8563.0,5.822615623474121,802753.2232131958,802759.0458288193,702.7590458288194,-1.1820125901224054
2025-10-23,94.97400665283205,95.15092983472316,93.704380347813,93.74300458339545,2950400,8563.0,5.822615623474121,813262.4189682008,813268.2415838243,713.2682415838243,1.309134516715993
2025-10-24,96.45419311523438,96.73577966837864,95.99817012598706,96.10158633902068,5258400,8563.0,5.822615623474121,825937.255645752,825943.0782613754,725.9430782613754,1.5585062872819355
2025-10-27,98.1823272705078,98.22468540684751,97.63535216918466,97.82722616164196,4772000,8563.0,5.822615623474121,840735.2684173583,840741.0910329818,740.7410910329818,1.791650437068415
2025-10-28,99.19529724121094,99.56783594620003,98.37545809348576,98.76170045541922,4772000,8563.0,5.822615623474121,849409.3302764893,849415.1528921127,749.4151528921128,1.0317161789336948
2025-10-29,99.86560821533205,100.5471407259075,99.1740983486544,100.09485926491703,5081600,8563.0,5.822615623474121,855149.2031478883,855155.0257635118,755.1550257635117,0.6757441107396955
2025-10-30,98.54864501953124,99.62888404216464,98.50379254077046,99.18657228866108,3943200,8563.0,5.822615623474121,843872.047302246,843877.8699178695,743.8778699178695,-1.318726488869515
2025-10-31,98.83023071289062,99.74102196011896,98.25210675389698,99.73852762086784,3930400,8563.0,5.822615623474121,846283.2655944824,846289.0882101059,746.2890882101059,0.2857307174640278
2025-11-03,99.17161560058594,99.95656435127478,98.67946271886522,99.85190096899312,4188800,8563.0,5.822615623474121,849206.5443878174,849212.3670034409,749.2123670034408,0.3454231933342822
2025-11-04,96.49281311035156,98.02159197712604,96.35201983996308,97.3849119412903,5288000,8563.0,5.822615623474121,826267.9586639404,826273.7812795639,726.2737812795639,-2.701160112024603
2025-11-05,96.89276885986328,97.7300531543286,96.27103958603011,96.46914944111876,4642400,8563.0,5.822615623474121,829692.7797470093,829698.6023626328,729.6986023626328,0.4144898653041018
2025-11-06,94.99144744873048,97.02110188494936,94.5192264559376,96.94385341733808,5976800,8563.0,5.822615623474121,813411.7645034791,813417.5871191026,713.4175871191026,-1.9622806639867374
2025-11-07,94.86310577392578,94.86310577392578,92.5244499829295,94.08313812041864,5781600,8563.0,5.822615623474121,812312.7747421265,812318.5973577499,712.3185973577499,-0.13510769606605022
2025-11-10,97.2304229736328,97.42105741194804,96.00814351906573,96.64482360701152,4790400,8563.0,5.822615623474121,832584.1119232177,832589.9345388411,732.5899345388411,2.495490962170299
2025-11-11,96.34953308105467,96.7108624521,95.70039650841446,96.57380307477229,3946400,8563.0,5.822615623474121,825041.0517730712,825046.8743886946,725.0468743886946,-0.9059754192589975
2025-11-12,96.45793151855467,97.09087770786994,95.91843939948365,97.09087770786994,2886400,8563.0,5.822615623474121,825969.2675933837,825975.0902090071,725.9750902090072,0.11250461629834785
2025-11-13,93.7405014038086,95.93836392987366,93.26081262603611,95.93836392987366,5619200,8563.0,5.822615623474121,802699.913520813,802705.7361364365,702.7057361364365,-2.8171980424594345
2025-11-14,94.22642517089844,95.066196119079,91.64605425283423,91.98495735988742,6139200,8563.0,5.822615623474121,806860.8787384033,806866.7013540268,706.8667013540268,0.5183674452879483
2025-11-17,92.66151428222656,94.27502473184424,91.90771433455436,93.2857378721575,4692800,8563.0,5.822615623474121,793460.546798706,793466.3694143295,693.4663694143295,-1.6607863377196996
2025-11-18,91.27726745605467,92.26779393440786,90.39886457194066,91.87781006573093,5809600,8563.0,5.822615623474121,781607.2412261962,781613.0638418196,681.6130638418197,-1.4938636380088854
2025-11-19,91.89774322509766,92.98172370141538,91.0791513082999,91.39811492661458,4180000,8563.0,5.822615623474121,786920.3752365112,786926.1978521347,686.9261978521347,0.6797652516450592
2025-11-20,89.17284393310547,94.443222786674,88.93735702741621,94.13422892398698,9250400,8563.0,5.822615623474121,763587.0625991821,763592.8852148056,663.5928852148056,-2.96512083356939
2025-11-21,89.57029724121094,90.76640881491431,87.58549546354566,89.2725127149144,8729600,8563.0,5.822615623474121,766990.4552764893,766996.2778921127,666.9962778921127,0.4457077512383778
2025-11-24,91.82050323486328,92.01237724951709,90.11852726389068,90.21820958262882,5136000,8563.0,5.822615623474121,786258.9692001343,786264.7918157578,686.2647918157577,2.5122043586182086
2025-11-25,92.10208129882812,92.30890612122906,89.68368261253875,90.9545560120011,4705600,8563.0,5.822615623474121,788670.1221618652,788675.9447774887,688.6759447774887,0.3066591543750441
2025-11-26,93.06394958496094,93.50875563759892,92.3799227291595,92.98172004798646,2913600,8563.0,5.822615623474121,796906.6002960205,796912.422911644,696.912422911644,1.0443425070456591
2025-11-28,93.7205810546875,93.73179037244596,93.0240900197184,93.2957068462985,1737600,8563.0,5.822615623474121,802529.3355712891,802535.1581869125,702.5351581869126,0.7055650173861006
2025-12-01,93.68195343017578,94.00963964777768,92.49330950917218,92.81227314400336,3324800,8563.0,5.822615623474121,802198.5672225952,802204.3898382187,702.2043898382186,-0.041215434030472675
2025-12-02,94.65628051757812,95.30168313912654,94.08065094688112,94.33855647784286,5296000,8563.0,5.822615623474121,810541.7300720215,810547.552687645,710.5475526876451,1.04002956791458
2025-12-03,94.83196258544922,94.92540904907568,93.73427843023816,94.23016523038088,3023200,8563.0,5.822615623474121,812046.0956192017,812051.9182348251,712.0519182348252,0.18559867859595514
2025-12-04,95.27178192138672,95.43998250402736,94.54663649423692,94.97399738322584,3091200,8563.0,5.822615623474121,815812.2685928345,815818.091208458,715.818091208458,0.4637847518197402
2025-12-05,95.68543243408205,96.20873412501956,95.25309046769222,95.61565938226984,2863200,8563.0,5.822615623474121,819354.3579330446,819360.180548668,719.3601805486682,0.4341763658321396
2025-12-08,96.52147674560548,96.90398519213176,96.0106391069455,96.20749418650531,3098400,8563.0,5.822615623474121,826513.4053726197,826519.2279882432,726.5192279882433,0.8737363139591725
2025-12-09,96.73079681396484,96.948838569875,96.0928695421917,96.31215846774364,2293600,8563.0,5.822615623474121,828305.813117981,828311.6357336044,728.3116357336045,0.216862195659262
2025-12-10,97.07965087890624,97.38865233132012,95.93836150883962,96.53143623309954,3363200,8563.0,5.822615623474121,831293.0504760741,831298.8730916976,731.2988730916976,0.36064172338319267
2025-12-11,96.72830200195312,96.78436379360843,94.89674988431533,96.14394984072328,4366400,8563.0,5.822615623474121,828284.4500427246,828290.2726583481,728.2902726583482,-0.3619156155186598
2025-12-12,93.93611907958984,96.19378495783496,93.7031265130215,96.12401190482026,5752000,8563.0,5.822615623474121,804374.9876785278,804380.8102941513,704.3808102941514,-2.886604268267068
2025-12-15,92.88703155517578,94.71733658454686,92.72629877152944,94.55660380090052,3850400,8563.0,5.822615623474121,795391.6512069702,795397.4738225937,695.3974738225937,-1.1168014398892145
2025-12-16,93.03279876708984,93.27576107360618,92.26902912507722,92.57428906892125,3084800,8563.0,5.822615623474121,796639.8558425903,796645.6784582138,696.6456784582138,0.15692841336563124
2025-12-17,91.0992431640625,93.22076099232316,91.06931116708834,93.2057949938361,4332000,8563.0,5.822615623474121,780082.8192138672,780088.6418294907,680.0886418294906,-2.0783438706109325
2025-12-18,92.37140655517578,93.03243019805532,91.91991450405372,92.81167791360936,3403200,8563.0,5.822615623474121,790976.3543319702,790982.1769475937,690.9821769475938,1.3964483693231555
2025-12-19,94.23224639892578,94.30084943544364,93.03741779198272,93.07358435062636,4750400,8563.0,5.822615623474121,806910.7259140015,806916.5485296249,706.916548529625,2.014504504200354
2025-12-22,94.88579559326172,95.37719187145842,94.60641254074442,95.37595104865903,3509600,8563.0,5.822615623474121,812507.0676651001,812512.8902807236,712.5128902807236,0.6935465335661251
2025-12-23,95.4158706665039,95.4221052306467,94.3519906343434,94.54905310316434,2704800,8563.0,5.822615623474121,817046.100517273,817051.9231328964,717.0519231328964,0.5586413343675822
2025-12-24,95.57675170898438,95.68650743424718,95.21006953876773,95.26744427183095,1401600,8563.0,5.822615623474121,818423.7248840332,818429.5474996567,718.4295474996567,0.1686091578461557
2025-12-26,95.6827621459961,95.94842002509982,95.47323056474988,95.75510287684378,2632800,8563.0,5.822615623474121,819331.4922561646,819337.314871788,719.337314871788,0.11091576237742817
2025-12-29,95.1751480102539,95.55679619511534,94.73613270220278,94.95938185583658,8392000,8563.0,5.822615623474121,814984.7924118042,814990.6150274277,714.9906150274276,-0.5305140832064459
2025-12-30,94.8995132446289,95.46699555943,94.8995132446289,95.17514337936696,2807200,8563.0,5.822615623474121,812624.5319137573,812630.3545293808,712.6303545293808,-0.2896058499971099
