Date,Close,High,Low,Open,Volume,RSI,Trade,Shares,Cash,Position_value,Total_value,Portfolio_return,Portfolio_return_1d%
2015-01-22,11.697633743286133,11.706595935728965,11.420932248056191,11.535198064997983,4641600,57.300763776755936,0,0.0,100000.0,0.0,100000.0,0.0,0.0
2015-01-23,11.730117797851562,11.7760483803761,11.660662107697926,11.692029772551535,3945600,58.72815228215243,0,0.0,100000.0,0.0,100000.0,0.0,0.0
2015-01-26,11.695394515991213,11.730121946008053,11.643863187530751,11.730121946008053,3327200,56.5519228369637,0,0.0,100000.0,0.0,100000.0,0.0,0.0
2015-01-27,11.357078552246094,11.504951314420136,11.301066129381962,11.504951314420136,4848000,40.71950498527046,0,0.0,100000.0,0.0,100000.0,0.0,0.0
2015-01-28,11.341391563415527,11.587846659057265,11.338030955853206,11.566561671587264,3857600,40.15810186244906,0,0.0,100000.0,0.0,100000.0,0.0,0.0
2015-01-29,11.452300071716309,11.471344089895656,11.24281330769833,11.33243352393789,5528000,45.84316829208805,0,0.0,100000.0,0.0,100000.0,0.0,0.0
2015-01-30,11.293221473693848,11.48478380727628,11.27977904271499,11.410847872847992,3404800,39.97679458029763,0,0.0,100000.0,0.0,100000.0,0.0,0.0
2015-02-02,11.391804695129396,11.400766031545729,11.137507864485846,11.314507292602617,29252800,44.69959253545315,0,0.0,100000.0,0.0,100000.0,0.0,0.0
2015-02-03,11.532957077026367,11.537438173242917,11.406369313965246,11.427654307323431,3702400,50.682977175419154,0,0.0,100000.0,0.0,100000.0,0.0,0.0
2015-02-04,11.550881385803224,11.628178799336531,11.52175468792837,11.53407748877228,3239200,51.402054166689645,0,0.0,100000.0,0.0,100000.0,0.0,0.0
2015-02-05,11.668509483337402,11.672989725485092,11.575528647158992,11.612497054991156,2684000,55.94205675208956,0,0.0,100000.0,0.0,100000.0,0.0,0.0
2015-02-06,11.62145709991455,11.737963040463582,11.586729671704976,11.705475733078412,2925600,53.77785903921872,0,0.0,100000.0,0.0,100000.0,0.0,0.0
2015-02-09,11.59457302093506,11.65170593889986,11.575528999840742,11.59009192396901,2535200,52.52747548883485,0,0.0,100000.0,0.0,100000.0,0.0,0.0
2015-02-10,11.769330978393556,11.783894756522088,11.631540885534058,11.68419270406869,2587200,59.172795086675706,0,0.0,100000.0,0.0,100000.0,0.0,0.0
2015-02-11,11.81861972808838,11.846625935974846,11.762607312315447,11.782771816180968,2228800,60.83787587374009,0,0.0,100000.0,0.0,100000.0,0.0,0.0
2015-02-12,12.00570297241211,12.011304556786238,11.907121412072623,11.912722141764972,2700000,66.4336652226163,0,0.0,100000.0,0.0,100000.0,0.0,0.0
2015-02-13,12.10316276550293,12.10316276550293,12.018023655182862,12.052751079070076,2482400,68.92473150350287,0,0.0,100000.0,0.0,100000.0,0.0,0.0
2015-02-17,12.108769416809082,12.118852100899913,12.070681366133169,12.105408807006151,2540000,69.06695350983331,0,0.0,100000.0,0.0,100000.0,0.0,0.0
2015-02-18,12.131168365478516,12.134528973469395,12.076276440703763,12.098681063764026,2045600,69.66428433531334,0,0.0,100000.0,0.0,100000.0,0.0,0.0
2015-02-19,12.17934226989746,12.189424096515385,12.096444117205705,12.111007040547747,1850400,70.96299654839811,0,0.0,100000.0,0.0,100000.0,0.0,0.0
2015-02-20,12.256637573242188,12.261117814509769,12.119967138176206,12.188302355709196,2027200,72.96305307784063,0,0.0,100000.0,0.0,100000.0,0.0,0.0
2015-02-23,12.256637573242188,12.256637573242188,12.18942198868526,12.25215647729295,2875200,72.96305307784064,0,0.0,100000.0,0.0,100000.0,0.0,0.0
2015-02-24,12.286885261535645,12.30704976819668,12.19054382467533,12.257758561984868,2441600,73.78262693765723,0,0.0,100000.0,0.0,100000.0,0.0,0.0
2015-02-25,12.22415256500244,12.271202799285634,12.191665254278766,12.264481581439984,2842400,69.1039831521303,0,0.0,100000.0,0.0,100000.0,0.0,0.0
2015-02-26,12.299208641052246,12.307050346528827,12.225271828260093,12.249917432524144,2742400,71.43763773187567,0,0.0,100000.0,0.0,100000.0,0.0,0.0
2015-02-27,12.234233856201172,12.30705018017476,12.22415202987404,12.29808798698501,6551200,66.73813583055286,0,0.0,100000.0,0.0,100000.0,0.0,0.0
2015-03-02,12.349617958068848,12.35521954186704,12.235352998848246,12.247675799458918,4373600,70.45513574202423,0,0.0,100000.0,0.0,100000.0,0.0,0.0
2015-03-03,12.254399299621582,12.328336117062191,12.203988454771602,12.328336117062191,3115200,64.09014219141675,0,0.0,100000.0,0.0,100000.0,0.0,0.0
2015-03-04,12.212947845458984,12.236473814296184,12.140132382222268,12.224151013355446,11241600,61.48600428841104,0,0.0,100000.0,0.0,100000.0,0.0,0.0
2015-03-05,12.208466529846191,12.244314441788598,12.164776059193548,12.211827138046786,2738400,61.196503469213,0,0.0,100000.0,0.0,100000.0,0.0,0.0
2015-03-06,12.07067584991455,12.227510788274364,12.047150737362829,12.219669084090455,2740800,52.94229744766797,0,0.0,100000.0,0.0,100000.0,0.0,0.0
2015-03-09,12.121087074279783,12.170378276272444,12.069555751597315,12.114365857528671,2624000,55.31686441924493,0,0.0,100000.0,0.0,100000.0,0.0,0.0
2015-03-10,11.881354331970217,12.046030984559742,11.877993723498054,12.040430255333376,3148800,43.95713738177898,0,0.0,100000.0,0.0,100000.0,0.0,0.0
2015-03-11,11.816381454467772,11.917203134872594,11.805178285816774,11.888077289488956,2815200,41.4714365815561,0,0.0,100000.0,0.0,100000.0,0.0,0.0
2015-03-12,11.886958122253418,11.892559707201215,11.776053748678278,11.788376551817946,2910400,45.1029071468536,0,0.0,100000.0,0.0,100000.0,0.0,0.0
2015-03-13,11.826459884643556,11.89927618655684,11.754764070209973,11.86342827934005,2265600,42.65949551993083,0,0.0,100000.0,0.0,100000.0,0.0,0.0
2015-03-16,11.968731880187988,11.970972855307323,11.852226814430091,11.86118815086268,2652000,49.57745824955061,0,0.0,100000.0,0.0,100000.0,0.0,0.0
2015-03-17,11.98105525970459,12.003460738575422,11.916081507683243,11.951929419194949,2145600,50.13860469928402,0,0.0,100000.0,0.0,100000.0,0.0,0.0
2015-03-18,12.125568389892578,12.17149898434132,11.91832260772446,11.957531130618694,1919200,56.28281215569932,0,0.0,100000.0,0.0,100000.0,0.0,0.0
2015-03-19,12.11548900604248,12.15581802476967,12.098685105792503,12.122210224269722,2185600,55.76664858632786,0,0.0,100000.0,0.0,100000.0,0.0,0.0
2015-03-20,12.184940338134766,12.242073240535069,12.16589632222854,12.167016809835266,2705600,58.58503257602072,0,0.0,100000.0,0.0,100000.0,0.0,0.0
2015-03-23,12.188302040100098,12.244314455992686,12.188302040100098,12.193902768880372,2020800,58.72213050756306,0,0.0,100000.0,0.0,100000.0,0.0,0.0
2015-03-24,12.154696464538574,12.230873398227102,12.147975246904286,12.205107306159334,2642400,56.70141897960694,0,0.0,100000.0,0.0,100000.0,0.0,0.0
2015-03-25,11.8208589553833,12.158053912166128,11.818618834981583,12.153572816681123,2816000,41.444216093055616,0,0.0,100000.0,0.0,100000.0,0.0,0.0
2015-03-26,11.828704833984377,11.876875559099007,11.688673755707176,11.750287772021892,3288000,41.84030642296568,0,0.0,100000.0,0.0,100000.0,0.0,0.0
2015-03-27,11.857829093933104,11.885835303817068,11.772689976574986,11.825341787905906,2111200,43.37159405580167,0,0.0,100000.0,0.0,100000.0,0.0,0.0
2015-03-30,11.99226188659668,12.002343713986232,11.92952738233925,11.939610064410678,3564800,49.925314350559965,0,0.0,100000.0,0.0,100000.0,0.0,0.0
2015-03-31,11.93288516998291,12.307048567137835,11.87575311892035,11.955290650020684,8274400,47.320376317999,0,0.0,100000.0,0.0,100000.0,0.0,0.0
2015-04-01,11.837663650512695,11.89367606584172,11.76708831488351,11.885834361882925,3760000,43.40874899780184,0,0.0,100000.0,0.0,100000.0,0.0,0.0
2015-04-02,11.836544036865234,11.892556452285536,11.815259045507398,11.846625861393704,4303200,43.363360065440105,0,0.0,100000.0,0.0,100000.0,0.0,0.0
2015-04-06,11.947447776794434,11.968731912395883,11.73123983000233,11.771568835443045,2370400,49.04674794384803,0,0.0,100000.0,0.0,100000.0,0.0,0.0
2015-04-07,11.934009552001951,12.026990401466778,11.934009552001951,11.93625052807785,3284800,48.41280459155353,0,0.0,100000.0,0.0,100000.0,0.0,0.0
2015-04-08,11.976574897766112,12.011302321313462,11.885834204947685,11.885834204947685,1878400,50.5912325530848,0,0.0,100000.0,0.0,100000.0,0.0,0.0
2015-04-09,12.02586555480957,12.032587625918982,11.921682426770944,11.97545472223802,1864800,53.06301151646572,0,0.0,100000.0,0.0,100000.0,0.0,0.0
2015-04-10,12.078519821166992,12.078519821166992,11.994501179991738,12.011305079163153,1397600,55.61731683574388,0,0.0,100000.0,0.0,100000.0,0.0,0.0
2015-04-13,12.028108596801758,12.134531863708592,12.022507012361697,12.078519438035146,2140800,52.66245582858239,0,0.0,100000.0,0.0,100000.0,0.0,0.0
2015-04-14,11.984419822692873,12.067317979255092,11.919445199182173,12.067317979255092,2583200,50.17452888307194,0,0.0,100000.0,0.0,100000.0,0.0,0.0
2015-04-15,12.093080520629885,12.12668831279204,12.011302870213845,12.020265062081307,2560000,55.77119085314772,0,0.0,100000.0,0.0,100000.0,0.0,0.0
2015-04-16,12.068436622619627,12.096442833161166,12.039309924345549,12.06171455090609,2086400,54.28198418130643,0,0.0,100000.0,0.0,100000.0,0.0,0.0
2015-04-17,11.883596420288086,11.986659078267316,11.844387893304877,11.986659078267316,2243200,44.65141423248758,0,0.0,100000.0,0.0,100000.0,0.0,0.0
2015-04-20,12.077400207519531,12.095324595848298,11.941850225840271,11.941850225840271,2413600,53.88887313446087,0,0.0,100000.0,0.0,100000.0,0.0,0.0
2015-04-21,12.087481498718262,12.162537943174003,12.078519305585155,12.137892339398858,1724000,54.31599201809747,0,0.0,100000.0,0.0,100000.0,0.0,0.0
2015-04-22,12.203988075256348,12.219671486707815,12.062836517511297,12.119969433331264,2055200,59.03816025907952,0,0.0,100000.0,0.0,100000.0,0.0,0.0
2015-04-23,12.233116149902344,12.279046759432,12.146857371212718,12.15918017598009,1908000,60.14728698493795,0,0.0,100000.0,0.0,100000.0,0.0,0.0
2015-04-24,12.302569389343262,12.345138526029888,12.254398668103374,12.341777917170656,2027200,62.73807798761201,0,0.0,100000.0,0.0,100000.0,0.0,0.0
2015-04-27,12.330574989318848,12.401150335897144,12.30144828951816,12.335056085802169,4808000,63.76110360599241,0,0.0,100000.0,0.0,100000.0,0.0,0.0
2015-04-28,12.344016075134276,12.402268609654737,12.231991247095106,12.356338874593114,1901600,64.26815370291106,0,0.0,100000.0,0.0,100000.0,0.0,0.0
2015-04-29,12.286885261535645,12.34849926930041,12.201746138446628,12.277923068645904,1815200,60.39975003530596,0,0.0,100000.0,0.0,100000.0,0.0,0.0
2015-04-30,12.086359024047852,12.247675055198105,12.043789895686151,12.221908967846526,1813600,49.20465817617486,0,0.0,100000.0,0.0,100000.0,0.0,0.0
2015-05-01,12.240952491760254,12.240952491760254,12.11660571987862,12.126687544079182,2328800,55.97886393514342,0,0.0,100000.0,0.0,100000.0,0.0,0.0
2015-05-04,12.24991512298584,12.313769242594054,12.244314394233816,12.265598530982128,1974400,56.34238001350816,0,0.0,100000.0,0.0,100000.0,0.0,0.0
2015-05-05,12.058354377746582,12.217429454242174,12.044911088515867,12.211828724740688,1913600,47.34367494445231,0,0.0,100000.0,0.0,100000.0,0.0,0.0
2015-05-06,11.990019798278809,12.130050863576248,11.904880671267064,12.08300063075994,2106400,44.606742782379904,0,0.0,100000.0,0.0,100000.0,0.0,0.0
2015-05-07,12.07628059387207,12.113248149166902,11.97769816726751,11.97769816726751,1782400,48.64283194207536,0,0.0,100000.0,0.0,100000.0,0.0,0.0
2015-05-08,12.246557235717772,12.25663991720219,12.191665295534964,12.196146392341168,1459200,55.53077721690767,0,0.0,100000.0,0.0,100000.0,0.0,0.0
2015-05-11,12.198381423950195,12.25999541097641,12.197260936545682,12.23983091110251,3669600,53.350625178603806,0,0.0,100000.0,0.0,100000.0,0.0,0.0
2015-05-12,12.134530067443848,12.18494090121496,12.031467424584612,12.1378906757377,1985600,50.51963104324516,0,0.0,100000.0,0.0,100000.0,0.0,0.0
2015-05-13,12.192782402038574,12.255516889643264,12.16701716909446,12.16701716909446,1553600,52.97145288338218,0,0.0,100000.0,0.0,100000.0,0.0,0.0
2015-05-14,12.38658618927002,12.39330740598991,12.270080256262386,12.27792196066282,1894400,60.0619466605362,0,0.0,100000.0,0.0,100000.0,0.0,0.0
2015-05-15,12.351861953735352,12.425797920796503,12.322735249289735,12.422437311568528,1465600,58.36403403622515,0,0.0,100000.0,0.0,100000.0,0.0,0.0
2015-05-18,12.415709495544434,12.43811411494664,12.310405904054893,12.328330283321812,2245600,60.571155116208296,0,0.0,100000.0,0.0,100000.0,0.0,0.0
2015-05-19,12.400029182434082,12.450440015997511,12.385465406978504,12.425794415701912,1998400,59.733679798561326,0,0.0,100000.0,0.0,100000.0,0.0,0.0
2015-05-20,12.396673202514648,12.460527347720037,12.35186308112726,12.411236128725708,1648000,59.54392493102502,0,0.0,100000.0,0.0,100000.0,0.0,0.0
2015-05-21,12.439236640930176,12.456040535576465,12.361939238366196,12.378743133012486,1892800,61.22626328751916,0,0.0,100000.0,0.0,100000.0,0.0,0.0
2015-05-22,12.443717956542969,12.473964283695912,12.42579357402152,12.42579357402152,1516800,61.40822410324417,0,0.0,100000.0,0.0,100000.0,0.0,0.0
2015-05-26,12.27120304107666,12.422436428356423,12.221911830085809,12.40115143185004,2333600,51.40670849778587,0,0.0,100000.0,0.0,100000.0,0.0,0.0
2015-05-27,12.48068618774414,12.496369594900084,12.292484447191248,12.304806391658126,2331200,59.93904053853653,0,0.0,100000.0,0.0,100000.0,0.0,0.0
2015-05-28,12.473966598510742,12.48516891232468,12.43475807282108,12.46612489337281,1590400,59.57766956800482,0,0.0,100000.0,0.0,100000.0,0.0,0.0
2015-05-29,12.387704849243164,12.473963584921137,12.35185694089002,12.462761273813571,1908000,54.993944459062895,0,0.0,100000.0,0.0,100000.0,0.0,0.0
2015-06-01,12.424674034118652,12.463882552825782,12.337293950694988,12.432515737860076,6289600,56.537272777178615,0,0.0,100000.0,0.0,100000.0,0.0,0.0
2015-06-02,12.395550727844238,12.454923765927148,12.312652572106696,12.40787353061788,1840800,54.93899032000144,0,0.0,100000.0,0.0,100000.0,0.0,0.0
2015-06-03,12.441478729248049,12.49525102968508,12.411232397845898,12.459403114287632,1481600,57.003302294911215,0,0.0,100000.0,0.0,100000.0,0.0,0.0
2015-06-04,12.32497215270996,12.43251674801852,12.292485702199922,12.4045105388548,1685600,50.66283224724241,0,0.0,100000.0,0.0,100000.0,0.0,0.0
2015-06-05,12.320489883422852,12.341774017700391,12.240951510369952,12.308167085044602,1622400,50.430426817518,0,0.0,100000.0,0.0,100000.0,0.0,0.0
2015-06-08,12.16589641571045,12.333933661382366,12.140131183329132,12.333933661382366,1660000,43.08870210703868,0,0.0,100000.0,0.0,100000.0,0.0,0.0
2015-06-09,12.14461612701416,12.180464049928307,12.042673088759674,12.156938075960428,2004000,42.17843884923754,0,0.0,100000.0,0.0,100000.0,0.0,0.0
2015-06-10,12.32833194732666,12.35857827307025,12.183819825037151,12.191661528354494,2019200,51.67066622910803,0,0.0,100000.0,0.0,100000.0,0.0,0.0
2015-06-11,12.330574989318848,12.398910214996366,12.317131699868892,12.355220592636217,1453600,51.77476083876866,0,0.0,100000.0,0.0,100000.0,0.0,0.0
2015-06-12,12.242074012756348,12.289124239027256,12.224150483326245,12.258877909190725,1480800,47.43366424009222,0,0.0,100000.0,0.0,100000.0,0.0,0.0
2015-06-15,12.174860954284668,12.186063268552669,12.063956590072417,12.152456325748666,2032800,44.38960626270244,0,0.0,100000.0,0.0,100000.0,0.0,0.0
2015-06-16,12.251039505004885,12.273444136498307,12.16029963637004,12.192786095630932,2648800,48.42916682821214,0,0.0,100000.0,0.0,100000.0,0.0,0.0
2015-06-17,12.268960952758787,12.309289966333976,12.206227311500392,12.265600344074484,3784800,49.36110571939366,0,0.0,100000.0,0.0,100000.0,0.0,0.0
2015-06-18,12.372024536132812,12.392189043040784,12.26560041729783,12.26560041729783,2449600,54.45806958218814,0,0.0,100000.0,0.0,100000.0,0.0,0.0
2015-06-19,12.282401084899902,12.38546371324051,12.280160964580125,12.3753818897792,1612800,49.76701938363562,0,0.0,100000.0,0.0,100000.0,0.0,0.0
2015-06-22,12.364180564880373,12.401148108534946,12.338414478399562,12.373141901555703,1528000,53.68728458411,0,0.0,100000.0,0.0,100000.0,0.0,0.0
2015-06-23,12.370903968811035,12.400030668531256,12.329454467466173,12.400030668531256,1610400,54.00509328576844,0,0.0,100000.0,0.0,100000.0,0.0,0.0
2015-06-24,12.302569389343262,12.400031319670047,12.299208780484028,12.342898405017667,1746400,50.232125480281816,0,0.0,100000.0,0.0,100000.0,0.0,0.0
2015-06-25,12.272323608398438,12.360822494622145,12.253278732867535,12.349620179692216,2116800,48.6132552316868,0,0.0,100000.0,0.0,100000.0,0.0,0.0
2015-06-26,12.153573989868164,12.261117727844772,12.109884373023968,12.23311151937123,1914400,42.783398635164,0,0.0,100000.0,0.0,100000.0,0.0,0.0
2015-06-29,11.876870155334473,12.078515158181505,11.866788332532863,12.038186157612095,2638400,32.886686730926954,0,0.0,100000.0,0.0,100000.0,0.0,0.0
2015-06-30,11.900400161743164,11.970975509380896,11.857830171853486,11.970975509380896,2086400,34.278919630160544,0,0.0,100000.0,0.0,100000.0,0.0,0.0
2015-07-01,11.964253425598145,12.072916804025184,11.914962221792514,12.019145358675145,2590400,38.0354936091485,0,0.0,100000.0,0.0,100000.0,0.0,0.0
2015-07-02,11.974336624145508,12.011305031238754,11.92280529365878,11.988899547538994,1870400,38.63201907395352,0,0.0,100000.0,0.0,100000.0,0.0,0.0
2015-07-06,11.925042152404783,11.97881444389214,11.84662511761237,11.885833635008575,4091200,36.76844835714347,0,0.0,100000.0,0.0,100000.0,0.0,0.0
2015-07-07,11.927287101745604,11.939609904844955,11.69875628246928,11.929527222908275,2589600,36.91769310251404,0,0.0,100000.0,0.0,100000.0,0.0,0.0
2015-07-08,11.725642204284668,11.851110358521565,11.71668001012163,11.82310414277348,2355200,30.05560795831839,0,0.0,100000.0,0.0,100000.0,0.0,0.0
2015-07-09,11.699873924255373,11.899277991818332,11.693151853038856,11.842145087227056,2257600,29.30595492522646,1,8547.0,1.1775693893287098,99998.82243061067,100000.0,0.0,0.0
2015-07-10,11.873510360717772,11.911599243721945,11.808536615068496,11.816378318233832,2271200,40.14044308521866,0,8547.0,1.1775693893287098,101482.8930530548,101484.07062244412,1.4840706224441336,1.4840706224441336
2015-07-13,12.04827117919922,12.0639545875074,11.967613162367634,11.968732795331324,2215200,48.66761298093507,0,8547.0,1.1775693893287098,102976.57376861574,102977.75133800507,2.9777513380050635,1.4718376060396166
2015-07-14,12.106524467468262,12.139011773745068,12.056113631162496,12.056113631162496,1871200,51.16487865696597,0,8547.0,1.1775693893287098,103474.46462345123,103475.64219284056,3.4756421928405556,0.48349361718071915
2015-07-15,12.109886169433594,12.153575792758812,12.076279227089,12.121088483548458,1643200,51.31208208941804,0,8547.0,1.1775693893287098,103503.19709014893,103504.37465953825,3.5043746595382563,0.027767372193876483
2015-07-16,12.248796463012695,12.249916950802945,12.174860507809829,12.182702212978038,1649600,57.07047919444417,0,8547.0,1.1775693893287098,104690.4633693695,104691.64093875884,4.691640938758845,1.1470686945608932
2015-07-17,12.417953491210938,12.423555075150446,12.32497266777806,12.34737814885438,1808800,62.83490388162002,0,8547.0,1.1775693893287098,106136.24848937988,106137.42605876921,6.137426058769213,1.3809938473083205
2015-07-20,12.472844123840332,12.516534593713926,12.42243329236702,12.468363882773852,3020000,64.50066609323507,0,8547.0,1.1775693893287098,106605.39872646332,106606.57629585265,6.60657629585264,0.4420214946833756
2015-07-21,12.413472175598145,12.486288492116223,12.402269862598832,12.462763378413158,2304000,61.3002409450606,0,8547.0,1.1775693893287098,106097.94668483734,106099.12425422667,6.099124254226673,-0.4760044448080758
2015-07-22,12.238717079162598,12.290248416934082,12.130052818232365,12.290248416934082,2449600,52.96918586307065,0,8547.0,1.1775693893287098,104604.31487560272,104605.49244499205,4.605492444992043,-1.4077701580794355
2015-07-23,12.217429161071776,12.33505558864315,12.187182829380648,12.272321949768674,1948800,52.041343184182686,0,8547.0,1.1775693893287098,104422.36703968047,104423.5446090698,4.423544609069796,-0.17393717258005204
2015-07-24,12.133410453796388,12.28688479616368,12.117727044174236,12.28688479616368,1952800,48.43522576428574,0,8547.0,1.1775693893287098,103704.25914859773,103705.43671798706,3.705436717987065,-0.6876877181014263
2015-07-27,12.010184288024902,12.09308243924692,11.991140268296377,12.071798298536953,2407200,43.65709705128108,0,8547.0,1.1775693893287098,102651.04510974884,102652.22267913817,2.652222679138161,-1.0155822801392378
2015-07-28,12.131168365478516,12.154693476096266,11.978814535560293,12.076276440703763,1585600,48.97887235985267,0,8547.0,1.1775693893287098,103685.09601974487,103686.2735891342,3.6862735891342036,1.007334164821927
2015-07-29,12.195022583007812,12.21070599021705,12.067314350200254,12.130047979037204,1739200,51.578445813266505,0,8547.0,1.1775693893287098,104230.85801696777,104232.0355863571,4.232035586357097,0.5263589656867573
2015-07-30,12.22415256500244,12.243196585352996,12.088602592130302,12.164778673532524,1436000,52.760912335734425,0,8547.0,1.1775693893287098,104479.83197307585,104481.00954246518,4.481009542465175,0.2388651000697406
2015-07-31,12.17037582397461,12.253273947700777,12.151331810562649,12.253273947700777,3980000,50.31797551501768,0,8547.0,1.1775693893287098,104020.20216751099,104021.37973690032,4.02137973690031,-0.43991707926410717
2015-08-03,12.097564697265623,12.179343223188608,12.015787026024515,12.161418834889153,2959200,47.13569946625494,0,8547.0,1.1775693893287098,103397.88546752928,103399.06303691861,3.3990630369186148,-0.5982584556710524
2015-08-04,12.02250862121582,12.08860373678988,11.979939479692831,12.080761175651586,2422400,44.043488018205565,0,8547.0,1.1775693893287098,102756.38118553162,102757.55875492094,2.7575587549209413,-0.6204159526751352
2015-08-05,12.140131950378418,12.235352891339184,12.06843612273631,12.091961236054969,2360800,49.62123765482492,0,8547.0,1.1775693893287098,103761.70777988434,103762.88534927367,3.7628853492736702,0.9783480714547155
2015-08-06,12.013542175292969,12.198383310273456,11.977694264938334,12.159174791867072,2198400,44.4821715261974,0,8547.0,1.1775693893287098,102679.744972229,102680.92254161833,2.6809225416183358,-1.0427262156534778
2015-08-07,12.023627281188965,12.037069716109407,11.940728277331289,12.007943870660595,1399200,44.97113195247292,0,8547.0,1.1775693893287098,102765.94237232208,102767.11994171141,2.7671199417114156,0.08394685006665181
2015-08-10,12.20734691619873,12.2308720299688,12.124448774149664,12.124448774149664,2100800,53.07838910743544,0,8547.0,1.1775693893287098,104336.19409275055,104337.37166213988,4.337371662139877,1.5279709320637824
2015-08-11,12.007941246032717,12.177098116141282,11.96873187360019,12.1714973877092,1635200,45.28074291462266,0,8547.0,1.1775693893287098,102631.87382984163,102633.05139923096,2.6330513992309568,-1.6334705731593124
2015-08-12,12.066195487976074,12.08860096892276,11.807418379484226,11.9396077256837,2879200,47.69808502417133,0,8547.0,1.1775693893287098,103129.7728357315,103130.95040512084,3.130950405120836,0.48512540463510057
2015-08-13,12.035945892333984,12.116603892500386,12.015781392292382,12.091958297484933,1441600,46.54814030929049,0,8547.0,1.1775693893287098,102871.22954177856,102872.4071111679,2.872407111167896,-0.25069418340210037
2015-08-14,12.099803924560549,12.113246359160652,11.995620783000977,11.995620783000977,1348000,49.32558490361396,0,8547.0,1.1775693893287098,103417.02414321901,103418.20171260834,3.4182017126083375,0.5305549046311642
2015-08-17,12.17821979522705,12.17821979522705,12.009062053886367,12.062834351121344,1436800,52.58381895046687,0,8547.0,1.1775693893287098,104087.2445898056,104088.42215919493,4.088422159194938,0.648068169323901
2015-08-18,12.102046012878418,12.15245771486956,12.083001990977758,12.135653814205847,1953600,49.26976010381041,0,8547.0,1.1775693893287098,103436.18727207184,103437.36484146117,3.437364841461177,-0.6254848562677107
2015-08-19,12.002342224121094,12.108765488538015,11.945209311959976,12.050512943260513,2479200,45.249852388064014,0,8547.0,1.1775693893287098,102584.01898956299,102585.19655895232,2.5851965589523074,-0.8238495671413992
2015-08-20,11.693151473999023,11.927283813659765,11.693151473999023,11.892556389779822,3376800,35.560355213714985,0,8547.0,1.1775693893287098,99941.36564826965,99942.54321765898,-0.05745678234101437,-2.5760571992223924
2015-08-21,11.25401496887207,11.655064088546071,11.252894481196536,11.49486853821158,5968000,26.78699741869565,0,8547.0,1.1775693893287098,96188.06593894958,96189.24350833891,-3.8107564916610825,-3.7554574743470126
2015-08-24,10.844002723693848,11.260734328699115,8.638233783893483,11.141988295123546,10098400,21.46266298967997,0,8547.0,1.1775693893287098,92683.69127941132,92684.86884880064,-7.31513115119935,-3.6432084625288352
2015-08-25,10.727499961853027,11.336914569585758,10.72637947403309,10.964992098772614,16720800,20.23209337240978,0,8547.0,1.1775693893287098,91687.94217395782,91689.11974334715,-8.310880256652842,-1.0743383659288397
2015-08-26,11.262975692749023,11.28538031524916,10.833920419887065,10.833920419887065,5229600,37.86573473632657,0,8547.0,1.1775693893287098,96264.6532459259,96265.83081531523,-3.7341691846847658,4.9915530706140965
2015-08-27,11.534076690673828,11.534076690673828,11.28314130433543,11.377241753706713,4766400,44.5491442017685,0,8547.0,1.1775693893287098,98581.75347518921,98582.93104457854,-1.4170689554214633,2.4069809709621914
2015-08-28,11.558724403381348,11.57328732663208,11.467984545661777,11.485908077764078,2215200,45.12704782659341,0,8547.0,1.1775693893287098,98792.41747570038,98793.5950450897,-1.2064049549102895,0.2136921658536517
2015-08-31,11.46462345123291,11.592332574476751,11.433256628032671,11.515035149674862,2461600,43.27281448452385,0,8547.0,1.1775693893287098,97988.13663768768,97989.31420707701,-2.0106857929229838,-0.8141022073805737
2015-09-01,11.0994234085083,11.35035885728359,11.035569272066494,11.35035885728359,4325600,36.930669961690896,0,8547.0,1.1775693893287098,94866.77187252045,94867.94944190978,-5.132050558090229,-3.185413420254146
2015-09-02,11.35932159423828,11.35932159423828,11.143113568463503,11.210328317191632,3312000,43.29957030293644,0,8547.0,1.1775693893287098,97088.12166595458,97089.2992353439,-2.9107007646560934,2.3415176637651802
2015-09-03,11.370519638061523,11.509430180535867,11.333551241011245,11.405247060009716,2159200,43.56400959437895,0,8547.0,1.1775693893287098,97183.83134651184,97185.00891590117,-2.814991084098828,0.09857902087155868
2015-09-04,11.20584487915039,11.283142294115809,11.15319306632941,11.258496691971372,2839200,40.56768141600684,0,8547.0,1.1775693893287098,95776.35618209839,95777.53375148772,-4.22246624851228,-1.4482430779333533
2015-09-08,11.518392562866213,11.530715362087616,11.39068432973674,11.445576255107438,2206400,47.89307420657795,0,8547.0,1.1775693893287098,98447.70123481752,98448.87880420685,-1.551121195793148,2.7891144698405146
2015-09-09,11.37948513031006,11.65282519903245,11.352598549374614,11.604654476542065,2152800,45.22509979403152,0,8547.0,1.1775693893287098,97260.45940876009,97261.63697814941,-2.738363021850587,-1.2059475338653591
2015-09-10,11.491509437561035,11.56656588271751,11.346997276997229,11.366041296571536,2319200,47.75289920145221,0,8547.0,1.1775693893287098,98217.93116283417,98219.1087322235,-1.7808912677765076,0.984428993611508
2015-09-11,11.547517776489258,11.547517776489258,11.408606394835184,11.42877089509584,1701600,49.01964359026244,0,8547.0,1.1775693893287098,98696.63443565369,98697.81200504302,-1.3021879949569826,0.48738303472557476
2015-09-14,11.513912200927734,11.60465204217487,11.485905992673024,11.594570217450366,2047200,48.26352629666003,0,8547.0,1.1775693893287098,98409.40758132935,98410.58515071867,-1.5894148492813231,-0.29101643540959676
2015-09-15,11.660663604736328,11.695391881612426,11.52287354883568,11.55311987547581,3069600,51.7626408093159,0,8547.0,1.1775693893287098,99663.6918296814,99664.86939907073,-0.3351306009292787,1.2745420082921788
2015-09-16,11.724519729614258,11.739082650588497,11.640501102731733,11.670747432349506,1882400,53.244473798304426,0,8547.0,1.1775693893287098,100209.47012901306,100210.64769840239,0.21064769840239972,0.5476135198113852
2015-09-17,11.660663604736328,11.841023641062852,11.642740077200369,11.7043540727212,2686400,51.53941293574853,0,8547.0,1.1775693893287098,99663.6918296814,99664.86939907073,-0.3351306009292787,-0.5446310465672899
2015-09-18,11.515032768249512,11.633778818573049,11.488147047449807,11.527355568341386,1728000,47.78138865704224,0,8547.0,1.1775693893287098,98418.98507022858,98420.1626396179,-1.579837360382097,-1.2488921793183283
2015-09-21,11.610255241394045,11.67074876220436,11.520635020634662,11.577767932735812,1271200,50.33157155586306,0,8547.0,1.1775693893287098,99232.8515481949,99234.02911758423,-0.7659708824157674,0.8269306371159191
2015-09-22,11.42877197265625,11.471341952043275,11.348114818690355,11.438854651077964,2234400,45.74612014100608,0,8547.0,1.1775693893287098,97681.71405029297,97682.8916196823,-2.3171083803177006,-1.5631104689541098
2015-09-23,11.44517421722412,11.48815835197721,11.382959543094978,11.458748563310644,1669600,46.22297885229276,0,8547.0,1.1775693893287098,97821.90403461455,97823.08160400388,-2.176918395996119,0.14351539148471648
2015-09-24,11.43386459350586,11.46327438705915,11.240434660455811,11.33092772702713,2728000,45.923255114925645,0,8547.0,1.1775693893287098,97725.24068069458,97726.41825008391,-2.273581749916087,-0.09881446416835082
2015-09-25,11.406716346740724,11.562818338281996,11.347895894299995,11.537932463513728,2652800,45.16615271412682,0,8547.0,1.1775693893287098,97493.20461559297,97494.3821849823,-2.505617815017702,-0.2374343286661973
2015-09-28,11.137497901916504,11.37730621353204,11.1295797477271,11.34563359677442,2740800,38.40451429834661,0,8547.0,1.1775693893287098,95192.19456768036,95193.37213706969,-4.806627862930313,-2.36014629391339
2015-09-29,11.079811096191406,11.234781714938984,11.00062953216816,11.17935462012271,3439200,37.12210173340695,0,8547.0,1.1775693893287098,94699.14543914795,94700.32300853728,-5.299676991462721,-0.5179448079877469
2015-09-30,11.311697006225586,11.323008530629014,11.180480906706654,11.216679165620008,3087200,45.06337299545008,0,8547.0,1.1775693893287098,96681.07431221008,96682.25188159941,-3.3177481184005875,2.092842780360371
2015-10-01,11.317352294921877,11.347893494670243,11.16011978814984,11.347893494670243,2484000,45.24500020010807,0,8547.0,1.1775693893287098,96729.41006469728,96730.58763408661,-3.2694123659133933,0.04999444215096904
2015-10-02,11.489293098449709,11.491555058613784,11.145417331559958,11.179352775120371,3675200,50.59327629376313,0,8547.0,1.1775693893287098,98198.98811244966,98200.16568183899,-1.7998343181610088,1.5192485476378081
2015-10-05,11.71778964996338,11.751725095268142,11.55037697276258,11.55037697276258,3116000,56.652775262283264,0,8547.0,1.1775693893287098,100151.94813823701,100153.12570762634,0.1531257076263337,1.9887543083326298
2015-10-06,11.744937896728516,11.7641675789168,11.67706787176068,11.700822337348711,1928800,57.32250016983836,0,8547.0,1.1775693893287098,100383.98420333862,100385.16177272795,0.38516177272795993,0.23168130146928867
2015-10-07,11.808279991149902,11.842215426096432,11.65557225991844,11.817329555537505,2663200,58.91738224442766,0,8547.0,1.1775693893287098,100925.36908435822,100926.54665374754,0.9265466537475398,0.5393076740218827
2015-10-08,11.865973472595217,11.891989899307235,11.713265695198158,11.787922466430716,1941600,60.37006886310305,0,8547.0,1.1775693893287098,101418.47527027132,101419.65283966064,1.4196528396606345,0.48857927102650134
2015-10-09,11.92818546295166,11.93384165728397,11.8591840345651,11.882939360349532,1888800,61.93318899274151,0,8547.0,1.1775693893287098,101950.20115184784,101951.37872123717,1.9513787212371625,0.5242828847157988
2015-10-12,11.93836498260498,11.957594660164563,11.880675086912248,11.957594660164563,1952000,62.19594057978867,0,8547.0,1.1775693893287098,102037.20550632477,102038.3830757141,2.0383830757140897,0.08533906610015407
2015-10-13,11.882938385009766,11.979087639668586,11.867102077796032,11.876150779765297,2026400,59.776553582687846,0,8547.0,1.1775693893287098,101563.47437667847,101564.6519460678,1.5646519460677855,-0.46426757791211415
2015-10-14,11.875022888183594,11.939499542840208,11.81733297727582,11.86031712604216,1707200,59.42106278742647,0,8547.0,1.1775693893287098,101495.82062530518,101496.9981946945,1.49699819469451,-0.06661151303822832
2015-10-15,12.01528549194336,12.0243350572696,11.904430474232017,11.90556188565131,5068000,63.55688088516949,0,8547.0,1.1775693893287098,102694.64509963989,102695.82266902922,2.695822669029213,1.1811427881198044
2015-10-16,12.048090934753418,12.048090934753418,11.974564718112273,12.032254625078606,1980800,64.46901090469773,0,8547.0,1.1775693893287098,102975.03321933746,102976.21078872679,2.9762107887267852,0.27302777504516484
2015-10-19,12.08768081665039,12.089942776573755,11.990400142678102,12.02320417115844,1884000,65.58837001537836,0,8547.0,1.1775693893287098,103313.40793991089,103314.58550930022,3.3145855093002163,0.3285950395549797
2015-10-20,12.044699668884276,12.07863425425702,12.001714652525449,12.046961629370072,1800800,63.25835602814385,0,8547.0,1.1775693893287098,102946.0480699539,102947.22563934323,2.9472256393432428,-0.35557406357102916
2015-10-21,11.93044662475586,12.08315435731102,11.923659882913308,12.063924680081149,1155200,57.41903887941698,0,8547.0,1.1775693893287098,101969.52730178833,101970.70487117766,1.9707048711776531,-0.9485644339621513
2015-10-22,12.2030611038208,12.227946980790644,12.026598867873464,12.026598867873464,2230400,65.58272754285382,0,8547.0,1.1775693893287098,104299.56325435638,104300.74082374571,4.300740823745719,2.285005242938798
2015-10-23,12.53449535369873,12.579742329405509,12.440608893148951,12.51639708122459,2675200,72.48857791791495,-1,0.0,107133.50935745238,0.0,107133.50935745238,7.133509357452383,2.715962045268361
2015-10-26,12.477931022644045,12.52091601784798,12.431553519888174,12.52091601784798,2831200,69.91040245957535,0,0.0,107133.50935745238,0.0,107133.50935745238,7.133509357452383,0.0
2015-10-27,12.399883270263672,12.480196219988803,12.382915551191818,12.448523604662164,2236000,66.4011015956511,0,0.0,107133.50935745238,0.0,107133.50935745238,7.133509357452383,0.0
2015-10-28,12.617072105407717,12.617072105407717,12.433822228262173,12.447396580907364,2062400,70.79454077964473,0,0.0,107133.50935745238,0.0,107133.50935745238,7.133509357452383,0.0
2015-10-29,12.558245658874512,12.57408282868421,12.497163254384796,12.528835867976202,1963200,68.19352767513276,0,0.0,107133.50935745238,0.0,107133.50935745238,7.133509357452383,0.0
2015-10-30,12.494901657104492,12.59670711292838,12.494901657104492,12.58087080457956,2960800,65.40686949928198,0,0.0,107133.50935745238,0.0,107133.50935745238,7.133509357452383,0.0
2015-11-02,12.614805221557615,12.628379569833733,12.486983344926948,12.552591400407072,3410400,68.06693554948868,0,0.0,107133.50935745238,0.0,107133.50935745238,7.133509357452383,0.0
2015-11-03,12.697385787963867,12.749419514802703,12.55825147042733,12.583137353483815,2744800,69.7899332088819,0,0.0,107133.50935745238,0.0,107133.50935745238,7.133509357452383,0.0
2015-11-04,12.721135139465332,12.750545795151476,12.690593935378448,12.73584003580138,2237600,70.28647617097133,0,0.0,107133.50935745238,0.0,107133.50935745238,7.133509357452383,0.0
2015-11-05,12.682677268981934,12.792400024691752,12.656659981474686,12.78221990980684,2259200,68.32798367935911,0,0.0,107133.50935745238,0.0,107133.50935745238,7.133509357452383,0.0
2015-11-06,12.757336616516112,12.758468028292649,12.646482426816844,12.663449288393236,2009600,70.07147236499576,0,0.0,107133.50935745238,0.0,107133.50935745238,7.133509357452383,0.0
2015-11-09,12.636298179626465,12.759596140959143,12.567296750342344,12.759596140959143,2307200,63.92742658970093,0,0.0,107133.50935745238,0.0,107133.50935745238,7.133509357452383,0.0
2015-11-10,12.543540954589844,12.58991932735121,12.484720508882802,12.58991932735121,2147200,59.61355377712167,0,0.0,107133.50935745238,0.0,107133.50935745238,7.133509357452383,0.0
2015-11-11,12.536754608154297,12.629510493590836,12.515262106633893,12.572952005812116,1604000,59.29827471211722,0,0.0,107133.50935745238,0.0,107133.50935745238,7.133509357452383,0.0
2015-11-12,12.411194801330566,12.529967108863106,12.405538607299189,12.483589597259174,1709600,53.64525227113888,0,0.0,107133.50935745238,0.0,107133.50935745238,7.133509357452383,0.0
2015-11-13,12.16799545288086,12.374999766557629,12.163470669394492,12.353507260750929,2661600,44.74709718884007,0,0.0,107133.50935745238,0.0,107133.50935745238,7.133509357452383,0.0
2015-11-16,12.330883979797363,12.336539311790771,12.12953586493116,12.152158918933178,1980800,50.651250217004666,0,0.0,107133.50935745238,0.0,107133.50935745238,7.133509357452383,0.0
2015-11-17,12.3388032913208,12.436083986071605,12.312786000067518,12.34332807514808,2424000,50.92581021240612,0,0.0,107133.50935745238,0.0,107133.50935745238,7.133509357452383,0.0
2015-11-18,12.535627365112305,12.543545521513716,12.380656746382598,12.411198823226844,1697600,57.2864683982466,0,0.0,107133.50935745238,0.0,107133.50935745238,7.133509357452383,0.0
2015-11-19,12.586524963378906,12.65100160222556,12.536754083067768,12.536754083067768,1988800,58.774521340460176,0,0.0,107133.50935745238,0.0,107133.50935745238,7.133509357452383,0.0
2015-11-20,12.682677268981934,12.696250755495152,12.63177410551492,12.635167477143224,10272000,61.50303710207275,0,0.0,107133.50935745238,0.0,107133.50935745238,7.133509357452383,0.0
2015-11-23,12.615939140319824,12.73244951471629,12.57521695041233,12.73244951471629,3280800,58.60378848933175,0,0.0,107133.50935745238,0.0,107133.50935745238,7.133509357452383,0.0
2015-11-24,12.631772994995115,12.660052240097022,12.490376769485596,12.53449232280344,2014400,59.09644840436267,0,0.0,107133.50935745238,0.0,107133.50935745238,7.133509357452383,0.0
2015-11-25,12.603497505187988,12.645351111094428,12.59557934872075,12.636301542842064,1795200,57.77415331387896,0,0.0,107133.50935745238,0.0,107133.50935745238,7.133509357452383,0.0
2015-11-27,12.624984741210938,12.654395394240604,12.594442676868676,12.611410394501714,1084000,58.53346460123994,0,0.0,107133.50935745238,0.0,107133.50935745238,7.133509357452383,0.0
2015-11-30,12.64308738708496,12.679284794502117,12.606889979667804,12.672498050303355,1780000,59.19913168143077,0,0.0,107133.50935745238,0.0,107133.50935745238,7.133509357452383,0.0
2015-12-01,12.756203651428224,12.75959788634451,12.669103941556278,12.680415468901254,5337600,63.17696508657034,0,0.0,107133.50935745238,0.0,107133.50935745238,7.133509357452383,0.0
2015-12-02,12.688335418701172,12.818420159100228,12.67363051737459,12.762993063161518,2954400,59.433006350543714,0,0.0,107133.50935745238,0.0,107133.50935745238,7.133509357452383,0.0
2015-12-03,12.511870384216309,12.757334046398856,12.44852514572124,12.755072086315808,2461600,50.97435972499143,0,0.0,107133.50935745238,0.0,107133.50935745238,7.133509357452383,0.0
2015-12-04,12.7844820022583,12.810499290034931,12.522050616444377,12.548067904221009,2862400,60.36023244418862,0,0.0,107133.50935745238,0.0,107133.50935745238,7.133509357452383,0.0
2015-12-07,12.701906204223633,12.781087747614158,12.649872495279274,12.781087747614158,2180800,56.81221143085037,0,0.0,107133.50935745238,0.0,107133.50935745238,7.133509357452383,0.0
2015-12-08,12.680415153503418,12.7098258142802,12.548068474529195,12.584265878941313,3384000,55.89140183767055,0,0.0,107133.50935745238,0.0,107133.50935745238,7.133509357452383,0.0
2015-12-09,12.490378379821776,12.699644647952944,12.430426510558627,12.631774623560968,3429600,48.41827823722512,0,0.0,107133.50935745238,0.0,107133.50935745238,7.133509357452383,0.0
2015-12-10,12.519787788391112,12.60801889758044,12.477934193743875,12.541280291455111,2669600,49.542662652130815,0,0.0,107133.50935745238,0.0,107133.50935745238,7.133509357452383,0.0
2015-12-11,12.258488655090332,12.411196420707922,12.24491430545231,12.40554022593854,2622400,40.99273826265569,0,0.0,107133.50935745238,0.0,107133.50935745238,7.133509357452383,0.0
2015-12-14,12.32070255279541,12.32070255279541,12.103518135432545,12.258488725047943,2764000,43.49318652290346,0,0.0,107133.50935745238,0.0,107133.50935745238,7.133509357452383,0.0
2015-12-15,12.379523277282717,12.466622977151358,12.367080339728034,12.41345785542029,2649600,45.83038606923881,0,0.0,107133.50935745238,0.0,107133.50935745238,7.133509357452383,0.0
2015-12-16,12.54467487335205,12.56842933865561,12.358031659665029,12.47001724267157,2467200,51.8519680726073,0,0.0,107133.50935745238,0.0,107133.50935745238,7.133509357452383,0.0
2015-12-17,12.353508949279783,12.59897266162037,12.347853616409484,12.596710701075116,4037600,45.54133395871467,0,0.0,107133.50935745238,0.0,107133.50935745238,7.133509357452383,0.0
2015-12-18,12.109175682067873,12.335409691163848,12.106912858688927,12.329753495730746,2428800,39.00692545163761,0,0.0,107133.50935745238,0.0,107133.50935745238,7.133509357452383,0.0
2015-12-21,12.227944374084473,12.243780680959508,12.12953316179162,12.226812962732255,2839200,43.26812366457387,0,0.0,107133.50935745238,0.0,107133.50935745238,7.133509357452383,0.0
2015-12-22,12.308258056640623,12.32522577588364,12.209846838456423,12.273192069748696,2940000,46.01474396218456,0,0.0,107133.50935745238,0.0,107133.50935745238,7.133509357452383,0.0
2015-12-23,12.416460037231444,12.421001640800627,12.348337716138303,12.385804429695032,3539200,49.557935917723626,0,0.0,107133.50935745238,0.0,107133.50935745238,7.133509357452383,0.0
2015-12-24,12.410785675048828,12.45052449887748,12.4028380835276,12.423274871185404,1131200,49.37491849597963,0,0.0,107133.50935745238,0.0,107133.50935745238,7.133509357452383,0.0
2015-12-28,12.408512115478516,12.408512115478516,12.29043302450656,12.38012774359744,1842400,49.29636453577273,0,0.0,107133.50935745238,0.0,107133.50935745238,7.133509357452383,0.0
2015-12-29,12.562926292419434,12.59812264511476,12.466419577265391,12.482314760174413,1975200,54.581542218450096,0,0.0,107133.50935745238,0.0,107133.50935745238,7.133509357452383,0.0
2015-12-30,12.466416358947754,12.565193417778968,12.46187475554299,12.565193417778968,1965600,51.00315708122385,0,0.0,107133.50935745238,0.0,107133.50935745238,7.133509357452383,0.0
2015-12-31,12.294974327087402,12.474363760879374,12.291568341140586,12.474363760879374,2280000,45.31916864923329,0,0.0,107133.50935745238,0.0,107133.50935745238,7.133509357452383,0.0
2016-01-04,12.104232788085938,12.104232788085938,11.9146253734263,12.070171192036568,4084800,39.98067306873976,0,0.0,107133.50935745238,0.0,107133.50935745238,7.133509357452383,0.0
2016-01-05,12.046327590942385,12.16554230267538,12.00658964243882,12.1439699022496,3218400,38.49804382774813,0,0.0,107133.50935745238,0.0,107133.50935745238,7.133509357452383,0.0
2016-01-06,11.882834434509276,11.963445950601706,11.804493287139282,11.871479992230132,5246400,34.59694519396567,0,0.0,107133.50935745238,0.0,107133.50935745238,7.133509357452383,0.0
2016-01-07,11.500215530395508,11.76702852974607,11.494538307893832,11.63986619522235,5977600,27.558775758066147,1,9315.0,9.001691818222753,107124.50766563416,107133.50935745238,7.133509357452383,0.0
2016-01-08,11.401436805725098,11.63759503979183,11.383271254147452,11.603533439527835,3668800,26.083511898354203,0,9315.0,9.001691818222753,106204.38384532928,106213.38553714751,6.213385537147498,-0.858857164134208
2016-01-11,11.457069396972656,11.510431293676032,11.307199067280406,11.470693342419318,3653600,28.40798707917027,0,9315.0,9.001691818222753,106722.6014328003,106731.60312461852,6.731603124618513,0.4879023343905775
2016-01-12,11.587636947631836,11.629646134380618,11.43549711374914,11.579689357298,3552800,33.67935109148604,0,9315.0,9.001691818222753,107938.83816719055,107947.83985900877,7.947839859008776,1.13952821730805
2016-01-13,11.262917518615724,11.677329488308068,11.234533148996004,11.646674750256548,4821600,28.13166827933236,0,9315.0,9.001691818222753,104914.07668590547,104923.0783777237,4.9230783777237,-2.802058369334426
2016-01-14,11.479775428771973,11.560386940938706,11.153922527853808,11.293574018596532,4549600,35.7439305081172,0,9315.0,9.001691818222753,106934.10811901093,106943.10981082915,6.943109810829151,1.9252498728957734
2016-01-15,11.13802719116211,11.234533880912004,10.977939786512948,11.117590409055593,5220800,30.29764134534271,0,9315.0,9.001691818222753,103750.72328567505,103759.72497749327,3.7597249774932617,-2.976708680874296
2016-01-19,11.108508110046388,11.273137997752585,11.002919071126945,11.254971582741277,5468000,29.874216683223807,0,9315.0,9.001691818222753,103475.7530450821,103484.75473690033,3.4847547369003307,-0.26500671686686683
2016-01-20,11.049468994140623,11.155058899286583,10.707720891172388,10.924577922711148,6693600,29.00123424922677,0,9315.0,9.001691818222753,102925.80368041991,102934.80537223813,2.934805372238136,-0.5314303213651006
2016-01-21,11.077851295471191,11.247021889065897,10.956366233028469,11.099423692706596,4530400,30.05934497847737,0,9315.0,9.001691818222753,103190.18481731415,103199.18650913237,3.199186509132379,0.2568432863288228
2016-01-22,11.387811660766602,11.390082029641569,11.281086132973035,11.290169340917677,3721600,40.49003940609807,0,9315.0,9.001691818222753,106077.4656200409,106086.46731185912,6.086467311859112,2.7977747697373934
2016-01-25,11.21977424621582,11.396892445832515,11.210691039511818,11.36964369194278,14952800,37.24695115471646,0,9315.0,9.001691818222753,104512.19710350037,104521.19879531859,4.521198795318582,-1.4754648318518804
2016-01-26,11.335583686828612,11.369645283625909,11.192527059213708,11.269732594561509,2981600,40.768134467842536,0,9315.0,9.001691818222753,105590.96204280852,105599.96373462674,5.599963734626745,1.0321015753183893
2016-01-27,11.063093185424805,11.292438531653907,11.024489988798742,11.250429348959546,3368800,35.69319039644712,0,9315.0,9.001691818222753,103052.71302223206,103061.71471405028,3.0617147140502787,-2.4036457313139747
2016-01-28,11.185711860656738,11.234533010449471,11.061956426427605,11.198201052433172,3105600,39.35181749880014,0,9315.0,9.001691818222753,104194.90598201752,104203.90767383574,4.203907673835738,1.1082611646376472
2016-01-29,11.572875022888184,11.572875022888184,11.274271771311426,11.274271771311426,5857600,49.18274469755065,0,9315.0,9.001691818222753,107801.33083820343,107810.33253002165,7.8103325300216575,3.460930531966455
2016-02-01,11.601262092590332,11.651218871107536,11.489994958499032,11.518379334252462,2975200,49.82495267995982,0,9315.0,9.001691818222753,108065.75639247894,108074.75808429717,8.074758084297162,0.24526921313583472
2016-02-02,11.366236686706545,11.558115296565918,11.331040346662636,11.558115296565918,3023200,44.77926477696174,0,9315.0,9.001691818222753,105876.49473667146,105885.49642848969,5.885496428489678,-2.0256919327081735
2016-02-03,11.34012508392334,11.47296461603131,11.15619488999632,11.435497033482337,3451200,44.24319249913879,0,9315.0,9.001691818222753,105633.26515674591,105642.26684856413,5.642266848564126,-0.2297100057417345
2016-02-04,11.367371559143066,11.445711822695309,11.24020928368964,11.311737576382242,3097600,44.98331278236877,0,9315.0,9.001691818222753,105887.06607341766,105896.06776523589,5.8960677652358795,0.2402456178222323
2016-02-05,10.941605567932127,11.3106023208874,10.908679599875622,11.29584189638705,3602400,36.76961352718488,0,9315.0,9.001691818222753,101921.05586528777,101930.05755710599,1.9300575571059797,-3.7451911972050445
2016-02-08,10.744054794311523,10.776980777797313,10.553311733367211,10.757679608029868,12212000,33.69529362733839,0,9315.0,9.001691818222753,100080.87040901184,100089.87210083006,0.08987210083006847,-1.8053413295140763
2016-02-09,10.694097518920898,10.882569320542494,10.600996802553569,10.620297969870874,5438400,32.94513015749007,0,9315.0,9.001691818222753,99615.51838874817,99624.52008056639,-0.3754799194336078,-0.46493417415388594
2016-02-10,10.74292278289795,10.958643424679968,10.729297965704491,10.813315506173998,3738400,34.480412862481714,0,9315.0,9.001691818222753,100070.3257226944,100079.32741451262,0.07932741451261993,0.45652148043315854
2016-02-11,10.705450057983398,10.783791203435069,10.565798563859422,10.604401760974124,4978400,33.84002358857603,0,9315.0,9.001691818222753,99721.26729011536,99730.26898193358,-0.2697310180664214,-0.34878175303206804
2016-02-12,10.86212921142578,10.875754019244823,10.73610255432155,10.814443683392325,15480000,38.94586475929671,0,9315.0,9.001691818222753,101180.73360443114,101189.73529624936,1.1897352962493501,1.4634135947033
2016-02-16,11.08807373046875,11.103968912697225,10.955234184384423,10.990431401795298,3775200,45.48020106118579,0,9315.0,9.001691818222753,103285.4067993164,103294.40849113463,3.294408491134626,2.0799275625373426
2016-02-17,11.360563278198242,11.373052473931107,11.151654669980273,11.170955839304709,3444000,52.133685007409085,0,9315.0,9.001691818222753,105823.64693641663,105832.64862823485,5.832648628234849,2.457287063431002
2016-02-18,11.289033889770508,11.41051898259803,11.275409077652716,11.402571392084916,3432800,50.395074474753706,0,9315.0,9.001691818222753,105157.35068321228,105166.3523750305,5.166352375030514,-0.6295753360051393
2016-02-19,11.334446907043455,11.360560042522009,11.23112738381186,11.254970150814025,2452000,51.500928582273104,0,9315.0,9.001691818222753,105580.37293910979,105589.37463092801,5.589374630928012,0.402241065078468
2016-02-22,11.489995956420898,11.507026756596584,11.436634052996718,11.482048365168575,2424000,55.18609817355124,0,9315.0,9.001691818222753,107029.31233406067,107038.31402587889,7.038314025878889,1.3722397731925629
2016-02-23,11.294710159301758,11.45706880857444,11.286762569458578,11.436632025231642,2686400,50.04481929887384,0,9315.0,9.001691818222753,105210.22513389587,105219.2268257141,5.219226825714096,-1.699472956688186
2016-02-24,11.403705596923828,11.42187114460808,11.107372683296072,11.170953399524397,2224800,52.69381782340644,0,9315.0,9.001691818222753,106225.51763534546,106234.51932716368,6.234519327163679,0.9649305854825485
2016-02-25,11.537681579589844,11.539951948553878,11.332178106336722,11.43436203416667,1993600,55.79665931168562,0,9315.0,9.001691818222753,107473.5039138794,107482.50560569762,7.482505605697609,1.1747464820644593
2016-02-26,11.526327133178713,11.630782296168618,11.502484361061509,11.602397919902078,2134400,55.46462613766981,0,9315.0,9.001691818222753,107367.7372455597,107376.73893737793,7.376738937377936,-0.09840361249829899
2016-02-29,11.460478782653809,11.634191068402924,11.460478782653809,11.52632989303046,1915200,53.47713575027356,0,9315.0,9.001691818222753,106754.35986042023,106763.36155223845,6.763361552238445,-0.5712386045707785
2016-03-01,11.807899475097656,11.807899475097656,11.542222152694684,11.555846097706729,2999200,61.34700567458725,0,9315.0,9.001691818222753,109990.58361053467,109999.58530235289,9.999585302352898,3.031211928008637
2016-03-02,11.838555335998535,11.839690953597604,11.746590233589822,11.792005409105858,3316800,61.95851223615571,0,9315.0,9.001691818222753,110276.14295482635,110285.14464664458,10.285144646644584,0.2596003825894311
2016-03-03,11.843097686767578,11.85331651335854,11.7488622094425,11.843097686767578,2165600,62.054304916620616,0,9315.0,9.001691818222753,110318.45495223999,110327.45664405821,10.32745664405821,0.03836599892867998
2016-03-04,11.879426956176758,11.953226495991135,11.806763033774924,11.87034461554324,2956000,62.85983059997121,0,9315.0,9.001691818222753,110656.8620967865,110665.86378860472,10.665863788604725,0.30672976142129826
2016-03-07,11.814712524414062,11.870346525691618,11.71934143574812,11.831743323453672,2402400,60.40012092787058,0,9315.0,9.001691818222753,110054.04716491699,110063.04885673521,10.063048856735213,-0.5447162397078542
2016-03-08,11.696630477905272,11.805627217900494,11.681870917762394,11.73863965615806,2134400,56.08747370401361,0,9315.0,9.001691818222753,108954.11290168761,108963.11459350583,8.963114593505829,-0.9993674304453637
2016-03-09,11.806763648986816,11.8135764875948,11.72161052927678,11.74091256140669,7812000,59.026024393663526,0,9315.0,9.001691818222753,109980.0033903122,109989.00508213042,9.989005082130408,0.9415025373051611
2016-03-10,11.78065013885498,11.913488793516429,11.630780687544611,11.869209241962611,2203200,58.03436665557534,0,9315.0,9.001691818222753,109736.75604343414,109745.75773525237,9.745757735252369,-0.2211560570953619
2016-03-11,11.986154556274414,11.98956054288227,11.87829427132096,11.89759543958043,1869600,63.26483796447985,0,9315.0,9.001691818222753,111651.02969169617,111660.03138351439,11.66003138351439,1.7442803145794272
2016-03-14,11.990697860717772,12.02135261075761,11.941876691230217,11.945282678321025,2032800,63.37352494598405,0,9315.0,9.001691818222753,111693.35057258605,111702.35226440427,11.702352264404258,0.03790154844620641
2016-03-15,12.016805648803713,12.0292948400507,11.928246559032097,11.961172529935778,2327200,64.03208257172517,0,9315.0,9.001691818222753,111936.54461860658,111945.5463104248,11.945546310424815,0.21771613676038193
2016-03-16,12.150785446166992,12.175763840060744,11.98615638273645,12.003187184593331,2306400,67.2831369665578,0,9315.0,9.001691818222753,113184.56643104553,113193.56812286375,13.193568122863763,1.1148472213250882
2016-03-17,12.217769622802734,12.248424364603732,12.1235332962456,12.1235332962456,2169600,68.80144874472364,0,9315.0,9.001691818222753,113808.52403640747,113817.5257282257,13.8175257282257,0.5512306182314797
2016-03-18,12.258642196655272,12.28362058154863,12.197331851795829,12.27907897827509,2760000,69.7247047465433,0,9315.0,9.001691818222753,114189.25206184386,114198.25375366208,14.198253753662083,0.3345073818820321
2016-03-21,12.292492866516112,12.305029318494672,12.22753164694543,12.23892818433501,5217600,70.50324647458159,-1,0.0,114513.5727434158,0.0,114513.5727434158,14.513572743415804,0.27611542154917235
2016-03-22,12.307310104370115,12.349478255418685,12.220695711757134,12.243488789918404,3734400,70.85652682596736,0,0.0,114513.5727434158,0.0,114513.5727434158,14.513572743415804,0.0
2016-03-23,12.21157455444336,12.297049876752345,12.188780613461,12.297049876752345,4644000,65.40582575807304,0,0.0,114513.5727434158,0.0,114513.5727434158,14.513572743415804,0.0
2016-03-24,12.22866916656494,12.232088040162228,12.13179644397574,12.160288216619646,3494400,65.91010245343061,0,0.0,114513.5727434158,0.0,114513.5727434158,14.513572743415804,0.0
2016-03-28,12.200178146362305,12.263999442780843,12.180803078949577,12.251462992484353,2606400,64.22961723586897,0,0.0,114513.5727434158,0.0,114513.5727434158,14.513572743415804,0.0
2016-03-29,12.407597541809082,12.421273036283996,12.168265954499256,12.179663359228222,2570400,70.1888172638052,0,0.0,114513.5727434158,0.0,114513.5727434158,14.513572743415804,0.0
2016-03-30,12.491931915283203,12.562591819073589,12.457741442916928,12.48281434005222,2327200,72.21559192883404,0,0.0,114513.5727434158,0.0,114513.5727434158,14.513572743415804,0.0
2016-03-31,12.482817649841309,12.5363823316511,12.46230353488224,12.48509747900346,1592800,71.64865333069409,0,0.0,114513.5727434158,0.0,114513.5727434158,14.513572743415804,0.0
2016-04-01,12.577409744262695,12.579688703776696,12.38480505907953,12.411017875740557,2105600,73.935670667457,0,0.0,114513.5727434158,0.0,114513.5727434158,14.513572743415804,0.0
2016-04-04,12.511306762695312,12.583106584507204,12.491932566444431,12.571709180124447,3713600,69.70406894233408,0,0.0,114513.5727434158,0.0,114513.5727434158,14.513572743415804,0.0
2016-04-05,12.381385803222656,12.464582169667992,12.364290564144849,12.423553943681249,2935200,62.17239949020221,0,0.0,114513.5727434158,0.0,114513.5727434158,14.513572743415804,0.0
2016-04-06,12.517010688781738,12.519289648909472,12.343780156065788,12.397344848820058,1871200,66.26970299498831,0,0.0,114513.5727434158,0.0,114513.5727434158,14.513572743415804,0.0
2016-04-07,12.336939811706545,12.446348134334096,12.292492707810975,12.440650300462902,1734400,57.38263315775698,0,0.0,114513.5727434158,0.0,114513.5727434158,14.513572743415804,0.0
2016-04-08,12.340360641479492,12.454327770964158,12.300472320059898,12.407601700015546,1710400,57.499237027125325,0,0.0,114513.5727434158,0.0,114513.5727434158,14.513572743415804,0.0
2016-04-11,12.31528663635254,12.48281844088484,12.308448887432892,12.391645267122444,2105600,56.28365143352176,0,0.0,114513.5727434158,0.0,114513.5727434158,14.513572743415804,0.0
2016-04-12,12.372267723083496,12.385944087689316,12.221831190419252,12.328960539414982,1967200,58.43420966168354,0,0.0,114513.5727434158,0.0,114513.5727434158,14.513572743415804,0.0
2016-04-13,12.566015243530272,12.578551696638332,12.441790627141362,12.460025784207684,2852800,64.77877521195043,0,0.0,114513.5727434158,0.0,114513.5727434158,14.513572743415804,0.0
2016-04-14,12.547775268554688,12.581965740176017,12.501049218138672,12.55803275784101,1885600,63.79158238819056,0,0.0,114513.5727434158,0.0,114513.5727434158,14.513572743415804,0.0
2016-04-15,12.485098838806152,12.559176774143078,12.473701430754172,12.545501275680952,2588000,60.38615718953276,0,0.0,114513.5727434158,0.0,114513.5727434158,14.513572743415804,0.0
2016-04-18,12.548917770385742,12.551196729863838,12.43495066748114,12.43495066748114,2108800,62.576834705153175,0,0.0,114513.5727434158,0.0,114513.5727434158,14.513572743415804,0.0
2016-04-19,12.47141933441162,12.58082764209435,12.395061588867415,12.58082764209435,4379200,58.35648268728974,0,0.0,114513.5727434158,0.0,114513.5727434158,14.513572743415804,0.0
2016-04-20,12.502191543579102,12.563733886946862,12.440650069711385,12.473699766251436,3333600,59.523790367425015,0,0.0,114513.5727434158,0.0,114513.5727434158,14.513572743415804,0.0
2016-04-21,12.493074417114258,12.545499181300832,12.469141429300825,12.515867490412766,2495200,58.99614086920743,0,0.0,114513.5727434158,0.0,114513.5727434158,14.513572743415804,0.0
2016-04-22,12.30616855621338,12.371129772211033,12.230949848479243,12.31528526392356,2008000,49.33999762711533,0,0.0,114513.5727434158,0.0,114513.5727434158,14.513572743415804,0.0
2016-04-25,12.282233238220217,12.308446052207657,12.229808479745246,12.262859041077276,1908000,48.25085176707064,0,0.0,114513.5727434158,0.0,114513.5727434158,14.513572743415804,0.0
2016-04-26,12.260581016540527,12.335798851565324,12.212715042479294,12.299329413780578,2344000,47.23507224975277,0,0.0,114513.5727434158,0.0,114513.5727434158,14.513572743415804,0.0
2016-04-27,12.171686172485352,12.186501581911152,12.04404271224021,12.081652062513324,2787200,43.2128491193647,0,0.0,114513.5727434158,0.0,114513.5727434158,14.513572743415804,0.0
2016-04-28,12.00871467590332,12.244626558473309,11.97794306932895,12.186503088999531,2390400,36.99347761528872,0,0.0,114513.5727434158,0.0,114513.5727434158,14.513572743415804,0.0
2016-04-29,11.899306297302246,11.966546474417523,11.796735725050087,11.955149937389516,3236000,33.506957285990026,0,0.0,114513.5727434158,0.0,114513.5727434158,14.513572743415804,0.0
2016-05-02,11.968826293945312,11.988201364735009,11.858278920381109,11.90956377544182,2281600,37.53546672420016,0,0.0,114513.5727434158,0.0,114513.5727434158,14.513572743415804,0.0
2016-05-03,11.860557556152344,11.916401198726309,11.820669240028083,11.894748038258896,2705600,34.07321017392151,0,0.0,114513.5727434158,0.0,114513.5727434158,14.513572743415804,0.0
2016-05-04,11.808130264282228,11.857136147761484,11.775079703842737,11.806990349922271,1857600,32.50946397012413,0,0.0,114513.5727434158,0.0,114513.5727434158,14.513572743415804,0.0
2016-05-05,11.809267044067385,11.877647106016015,11.789891983090545,11.838897853562004,2041600,32.58171341720019,0,0.0,114513.5727434158,0.0,114513.5727434158,14.513572743415804,0.0
2016-05-06,11.88448715209961,11.886766980655729,11.757983621729748,11.785336347404192,1984800,37.36013800709899,0,0.0,114513.5727434158,0.0,114513.5727434158,14.513572743415804,0.0
2016-05-09,11.89588737487793,11.95287093345188,11.886770666326177,11.910703656587222,2210400,38.07649030414147,0,0.0,114513.5727434158,0.0,114513.5727434158,14.513572743415804,0.0
2016-05-10,12.052021026611328,12.058858774485724,11.916399897102613,11.930076262351385,1912000,47.01379463177498,0,0.0,114513.5727434158,0.0,114513.5727434158,14.513572743415804,0.0
2016-05-11,11.974525451660156,12.098750066550965,11.97338553698222,12.026950223343386,1935200,43.64661258092753,0,0.0,114513.5727434158,0.0,114513.5727434158,14.513572743415804,0.0
2016-05-12,11.91298007965088,12.018969510809493,11.8366223361011,12.018969510809493,2038400,41.12734036563274,0,0.0,114513.5727434158,0.0,114513.5727434158,14.513572743415804,0.0
2016-05-13,11.88448715209961,11.99503536057596,11.861694083537405,11.912978922552284,2046400,39.976910526966925,0,0.0,114513.5727434158,0.0,114513.5727434158,14.513572743415804,0.0
2016-05-16,12.038344383239746,12.086211225754589,11.898165338053325,11.898165338053325,3205600,48.374577588190114,0,0.0,114513.5727434158,0.0,114513.5727434158,14.513572743415804,0.0
2016-05-17,11.914121627807615,12.06227834716851,11.882210976545272,12.030367695906168,1943200,43.12809203091436,0,0.0,114513.5727434158,0.0,114513.5727434158,14.513572743415804,0.0
2016-05-18,11.98136043548584,12.061137924026417,11.900443902030348,11.901583816445196,5429600,46.50974833536517,0,0.0,114513.5727434158,0.0,114513.5727434158,14.513572743415804,0.0
2016-05-19,11.91639804840088,11.979080292524962,11.835481522940604,11.9403310317483,2304800,43.79997958439694,0,0.0,114513.5727434158,0.0,114513.5727434158,14.513572743415804,0.0
2016-05-20,12.067977905273438,12.105587262425413,11.964268281324165,11.966547241075755,2188800,50.9771174104346,0,0.0,114513.5727434158,0.0,114513.5727434158,14.513572743415804,0.0
2016-05-23,12.06569480895996,12.136353840536035,12.063414980489885,12.071392641135562,1892800,50.87173726213063,0,0.0,114513.5727434158,0.0,114513.5727434158,14.513572743415804,0.0
2016-05-24,12.322125434875488,12.342639551434386,12.139777345685218,12.139777345685218,2791200,60.698726814734464,0,0.0,114513.5727434158,0.0,114513.5727434158,14.513572743415804,0.0
2016-05-25,12.407597541809082,12.445206021114997,12.3585916577742,12.40417779869045,2154400,63.33154517309324,0,0.0,114513.5727434158,0.0,114513.5727434158,14.513572743415804,0.0
2016-05-26,12.44178867340088,12.462302787129076,12.37910728720362,12.41785568563465,2715200,64.36009322349729,0,0.0,114513.5727434158,0.0,114513.5727434158,14.513572743415804,0.0
2016-05-27,12.514728546142578,12.517008375349189,12.431533039603016,12.433811999309546,2178400,66.51775214272959,0,0.0,114513.5727434158,0.0,114513.5727434158,14.513572743415804,0.0
2016-05-31,12.53524398803711,12.545501481552185,12.461165181984397,12.52384744929827,2568800,67.12068581910255,0,0.0,114513.5727434158,0.0,114513.5727434158,14.513572743415804,0.0
2016-06-01,12.528406143188477,12.553479049922892,12.472562495143745,12.493076612517344,2609600,66.68962725828683,0,0.0,114513.5727434158,0.0,114513.5727434158,14.513572743415804,0.0
2016-06-02,12.528406143188477,12.528406143188477,12.41899780702934,12.501054276523734,2580800,66.68962725828683,0,0.0,114513.5727434158,0.0,114513.5727434158,14.513572743415804,0.0
2016-06-03,12.485098838806152,12.51928845446162,12.41557882328983,12.497635292063205,2052800,63.685411463821794,0,0.0,114513.5727434158,0.0,114513.5727434158,14.513572743415804,0.0
2016-06-06,12.531822204589844,12.56829164178927,12.495352767390417,12.507889217943342,1832800,65.49156928577973,0,0.0,114513.5727434158,0.0,114513.5727434158,14.513572743415804,0.0
2016-06-07,12.556893348693848,12.60248035618944,12.550055601894456,12.558033262993696,1531200,66.45566137290405,0,0.0,114513.5727434158,0.0,114513.5727434158,14.513572743415804,0.0
2016-06-08,12.597923278808594,12.61045972930935,12.543218688487114,12.57626925167093,1583200,68.02982415738582,0,0.0,114513.5727434158,0.0,114513.5727434158,14.513572743415804,0.0
2016-06-09,12.587666511535645,12.596784088696833,12.532962787568543,12.539800535689428,1993600,67.1810896526818,0,0.0,114513.5727434158,0.0,114513.5727434158,14.513572743415804,0.0
2016-06-10,12.436091423034668,12.49307497834082,12.40076102748482,12.471420949084466,1578400,56.05187182633778,0,0.0,114513.5727434158,0.0,114513.5727434158,14.513572743415804,0.0
2016-06-13,12.32326602935791,12.43381428974038,12.31642827947866,12.368853057386795,1771200,49.48104298364592,0,0.0,114513.5727434158,0.0,114513.5727434158,14.513572743415804,0.0
2016-06-14,12.33579921722412,12.371129611078477,12.253742762401124,12.293631944801197,2241600,50.17971859916094,0,0.0,114513.5727434158,0.0,114513.5727434158,14.513572743415804,0.0
2016-06-15,12.31414794921875,12.393924587267772,12.306170285413849,12.371131510539522,2036000,48.92101594621518,0,0.0,114513.5727434158,0.0,114513.5727434158,14.513572743415804,0.0
2016-06-16,12.336939811706545,12.349476263523249,12.171687847940982,12.256023266935124,2222400,50.33336115163488,0,0.0,114513.5727434158,0.0,114513.5727434158,14.513572743415804,0.0
2016-06-17,12.224111557006836,12.336938744093285,12.18878116426261,12.336938744093285,1708000,43.86700876035246,0,0.0,114513.5727434158,0.0,114513.5727434158,14.513572743415804,0.0
2016-06-20,12.31414794921875,12.42013740805539,12.302750541354484,12.343778775065449,1579200,49.44817747166693,0,0.0,114513.5727434158,0.0,114513.5727434158,14.513572743415804,0.0
2016-06-21,12.377032279968262,12.401043046224906,12.332440732302242,12.340444321054456,1912800,52.96565331398771,0,0.0,114513.5727434158,0.0,114513.5727434158,14.513572743415804,0.0
2016-06-22,12.322149276733398,12.423910431856283,12.309572957043658,12.382748871137682,9171200,49.714359184857486,0,0.0,114513.5727434158,0.0,114513.5727434158,14.513572743415804,0.0
2016-06-23,12.513094902038574,12.513094902038574,12.363312200341026,12.40676100384792,2180800,59.11720004882436,0,0.0,114513.5727434158,0.0,114513.5727434158,14.513572743415804,0.0
2016-06-24,11.96998691558838,12.214668968278136,11.945976157781493,12.04087557035383,5963200,37.58807622059142,0,0.0,114513.5727434158,0.0,114513.5727434158,14.513572743415804,0.0
2016-06-27,11.655560493469238,11.871658214590338,11.600678131002908,11.871658214590338,5035200,30.632769452465453,0,0.0,114513.5727434158,0.0,114513.5727434158,14.513572743415804,0.0
2016-06-28,11.894524574279783,11.894524574279783,11.766467190825203,11.7847607288935,3574400,39.756540340711645,0,0.0,114513.5727434158,0.0,114513.5727434158,14.513572743415804,0.0
2016-06-29,12.092330932617188,12.117485315300492,11.976849844991856,11.988283417395452,2067200,46.07879400604288,0,0.0,114513.5727434158,0.0,114513.5727434158,14.513572743415804,0.0
2016-06-30,12.244400024414062,12.244400024414062,12.091188223560003,12.117486227160333,3306400,50.38924979259617,0,0.0,114513.5727434158,0.0,114513.5727434158,14.513572743415804,0.0
2016-07-01,12.252400398254396,12.30956911783044,12.21695519893595,12.23067600567136,3220000,50.61293169953011,0,0.0,114513.5727434158,0.0,114513.5727434158,14.513572743415804,0.0
2016-07-05,12.152929306030272,12.196377228859292,12.096904192217078,12.18494365678067,2516000,47.73135543458255,0,0.0,114513.5727434158,0.0,114513.5727434158,14.513572743415804,0.0
2016-07-06,12.219245910644531,12.226105879800084,12.05345605333801,12.09919121646828,2083200,49.78403208183147,0,0.0,114513.5727434158,0.0,114513.5727434158,14.513572743415804,0.0
2016-07-07,12.258123397827148,12.30728855823159,12.212388222886242,12.235256246519649,2324800,50.99894546913703,0,0.0,114513.5727434158,0.0,114513.5727434158,14.513572743415804,0.0
2016-07-08,12.479935646057127,12.483365630755722,12.331296578729503,12.345017389849591,2088800,57.34044316789091,0,0.0,114513.5727434158,0.0,114513.5727434158,14.513572743415804,0.0
2016-07-11,12.556541442871094,12.589699415229578,12.52109710484079,12.52109710484079,1963200,59.29949963908062,0,0.0,114513.5727434158,0.0,114513.5727434158,14.513572743415804,0.0
2016-07-12,12.681170463562012,12.7143275654763,12.62285810387602,12.640008900527873,2288800,62.33034959472104,0,0.0,114513.5727434158,0.0,114513.5727434158,14.513572743415804,0.0
2016-07-13,12.67202091217041,12.726902404515773,12.667447309087365,12.710895229887909,10911200,61.965528327808144,0,0.0,114513.5727434158,0.0,114513.5727434158,14.513572743415804,0.0
2016-07-14,12.7634916305542,12.787502394892089,12.724617308957338,12.748628073295226,2484000,64.22021053515306,0,0.0,114513.5727434158,0.0,114513.5727434158,14.513572743415804,0.0
2016-07-15,12.74176788330078,12.798936618064586,12.714326262539675,12.797792999118125,1996800,63.26107093054098,0,0.0,114513.5727434158,0.0,114513.5727434158,14.513572743415804,0.0
2016-07-18,12.83094882965088,12.85152960562583,12.74748210699538,12.765776517784456,2357600,65.53663858664527,0,0.0,114513.5727434158,0.0,114513.5727434158,14.513572743415804,0.0
2016-07-19,12.811514854431152,12.842385589898193,12.788646835265071,12.811514854431152,2008000,64.59766296417055,0,0.0,114513.5727434158,0.0,114513.5727434158,14.513572743415804,0.0
2016-07-20,12.985307693481444,13.015035682818308,12.900698201719653,12.902984567518292,2119200,68.89027156651453,0,0.0,114513.5727434158,0.0,114513.5727434158,14.513572743415804,0.0
2016-07-21,12.908699035644531,13.012745667630217,12.881258290288224,13.000168477607415,1824000,65.1407751680947,0,0.0,114513.5727434158,0.0,114513.5727434158,14.513572743415804,0.0
2016-07-22,12.9818754196167,12.9841617850122,12.859534371305712,12.917846720635428,2045600,66.98898669393166,0,0.0,114513.5727434158,0.0,114513.5727434158,14.513572743415804,0.0
2016-07-25,12.978442192077637,13.00245294819538,12.945284232012549,12.980728556901784,11788000,66.81001191938502,0,0.0,114513.5727434158,0.0,114513.5727434158,14.513572743415804,0.0
2016-07-26,13.037899017333984,13.06419701411948,12.962436755486276,12.994451101259576,2994400,68.38530451055723,0,0.0,114513.5727434158,0.0,114513.5727434158,14.513572743415804,0.0
2016-07-27,13.137373924255373,13.183109081313312,13.079061577198354,13.16938827249826,2643200,70.8758997843154,0,0.0,114513.5727434158,0.0,114513.5727434158,14.513572743415804,0.0
2016-07-28,13.169390678405762,13.195688682024253,13.108791954971611,13.165960693656768,5076800,71.65003205476746,0,0.0,114513.5727434158,0.0,114513.5727434158,14.513572743415804,0.0
2016-07-29,13.171675682067873,13.212837239450792,13.13851858470584,13.205977270662183,3302400,71.70783143407175,0,0.0,114513.5727434158,0.0,114513.5727434158,14.513572743415804,0.0
2016-08-01,13.229990005493164,13.254000772157395,13.16824766021695,13.192258426881184,3925600,73.20901011137367,0,0.0,114513.5727434158,0.0,114513.5727434158,14.513572743415804,0.0
2016-08-02,13.1065034866333,13.22655817553306,13.043618403377994,13.21398098441687,2784800,65.30671930874814,0,0.0,114513.5727434158,0.0,114513.5727434158,14.513572743415804,0.0
2016-08-03,13.15681266784668,13.159099033428571,13.084780375620552,13.089353979110005,1892000,66.87545845445163,0,0.0,114513.5727434158,0.0,114513.5727434158,14.513572743415804,0.0
2016-08-04,13.232277870178224,13.245997810449824,13.160244694449082,13.165961917779454,1828000,69.13032864331944,0,0.0,114513.5727434158,0.0,114513.5727434158,14.513572743415804,0.0
2016-08-05,13.387775421142578,13.398066248187686,13.267721587788085,13.286015131397727,1724800,73.18139493124625,0,0.0,114513.5727434158,0.0,114513.5727434158,14.513572743415804,0.0
2016-08-08,13.390060424804688,13.420931156136866,13.36033244003345,13.404923981027498,1545600,73.23697519082687,0,0.0,114513.5727434158,0.0,114513.5727434158,14.513572743415804,0.0
2016-08-09,13.41292953491211,13.452948350877897,13.392348753564985,13.403783199455637,2788800,73.82172812284126,0,0.0,114513.5727434158,0.0,114513.5727434158,14.513572743415804,0.0
2016-08-10,13.376338958740234,13.422074116376532,13.350041831919128,13.422074116376532,5466400,71.14332444397061,0,0.0,114513.5727434158,0.0,114513.5727434158,14.513572743415804,0.0
2016-08-11,13.426650047302246,13.450660812951066,13.39692205883554,13.406069266413873,2104800,72.61458728067515,0,0.0,114513.5727434158,0.0,114513.5727434158,14.513572743415804,0.0
2016-08-12,13.416358947753906,13.430079758842265,13.382058228521576,13.40606899368192,2082400,71.8080951697159,0,0.0,114513.5727434158,0.0,114513.5727434158,14.513572743415804,0.0
2016-08-15,13.492963790893556,13.524978139865311,13.41407066498059,13.44036866439344,1663200,74.11292255231982,0,0.0,114513.5727434158,0.0,114513.5727434158,14.513572743415804,0.0
2016-08-16,13.423219680786133,13.468954845051345,13.420932442793736,13.462094003399857,2668000,68.61300220420219,0,0.0,114513.5727434158,0.0,114513.5727434158,14.513572743415804,0.0
2016-08-17,13.406067848205566,13.424362261426886,13.33174832106382,13.424362261426886,2596800,67.29047764252263,0,0.0,114513.5727434158,0.0,114513.5727434158,14.513572743415804,0.0
2016-08-18,13.4277925491333,13.436938883624924,13.380913768438994,13.393490959731338,1434400,68.12844770085621,0,0.0,114513.5727434158,0.0,114513.5727434158,14.513572743415804,0.0
2016-08-19,13.457521438598633,13.47124225063509,13.382059153212545,13.407213539116496,1441600,69.28795271135327,0,0.0,114513.5727434158,0.0,114513.5727434158,14.513572743415804,0.0
2016-08-22,13.451801300048828,13.474668441344855,13.403779779931856,13.4449404597996,1495200,68.7695371136255,0,0.0,114513.5727434158,0.0,114513.5727434158,14.513572743415804,0.0
2016-08-23,13.514688491821287,13.545560096964971,13.49982493488308,13.49982493488308,2255200,71.31095864014,0,0.0,114513.5727434158,0.0,114513.5727434158,14.513572743415804,0.0
2016-08-24,13.440372467041016,13.514691138612694,13.409500855851268,13.513548391772948,1556000,64.61885729564266,0,0.0,114513.5727434158,0.0,114513.5727434158,14.513572743415804,0.0
2016-08-25,13.467808723449709,13.48838949992842,13.403780028771726,13.41635634609015,1676800,65.89147013623524,0,0.0,114513.5727434158,0.0,114513.5727434158,14.513572743415804,0.0
2016-08-26,13.480385780334473,13.569568853422082,13.409496245978035,13.468952209586798,2000000,66.4865596726282,0,0.0,114513.5727434158,0.0,114513.5727434158,14.513572743415804,0.0
2016-08-29,13.516976356506348,13.556994298061568,13.476958414951127,13.486104749931105,1525600,68.22355832946073,0,0.0,114513.5727434158,0.0,114513.5727434158,14.513572743415804,0.0
2016-08-30,13.4918212890625,13.543272800980358,13.447229746113516,13.497538511420332,1680000,65.70238599659332,0,0.0,114513.5727434158,0.0,114513.5727434158,14.513572743415804,0.0
2016-08-31,13.479248046875,13.483821651636104,13.42322291512181,13.47353082284214,1501600,64.42093597061702,0,0.0,114513.5727434158,0.0,114513.5727434158,14.513572743415804,0.0
2016-09-01,13.52955436706543,13.531840732867334,13.412929647675986,13.457521195582022,2492800,67.17916375047216,0,0.0,114513.5727434158,0.0,114513.5727434158,14.513572743415804,0.0
2016-09-02,13.586722373962402,13.624453950099326,13.532983621099335,13.57071519723626,2242400,70.0232055983871,0,0.0,114513.5727434158,0.0,114513.5727434158,14.513572743415804,0.0
2016-09-06,13.64503288269043,13.64503288269043,13.575287830413044,13.61301853152687,3162400,72.62853612154095,0,0.0,114513.5727434158,0.0,114513.5727434158,14.513572743415804,0.0
2016-09-07,13.67705249786377,13.685056088224602,13.61073653640206,13.646180883382042,10180800,73.9665579309738,0,0.0,114513.5727434158,0.0,114513.5727434158,14.513572743415804,0.0
2016-09-08,13.561570167541504,13.640463317164244,13.530698555808325,13.632459727515984,5200800,62.16372380056829,0,0.0,114513.5727434158,0.0,114513.5727434158,14.513572743415804,0.0
2016-09-09,13.242566108703612,13.491821835126952,13.242566108703612,13.466667451455452,4719200,42.15356430047591,0,0.0,114513.5727434158,0.0,114513.5727434158,14.513572743415804,0.0
2016-09-12,13.452946662902832,13.47009658493547,13.148808584748004,13.15909853796759,3336800,52.91741966987117,0,0.0,114513.5727434158,0.0,114513.5727434158,14.513572743415804,0.0
2016-09-13,13.358047485351562,13.452947799469422,13.29973512853718,13.404925396743966,7467200,48.53061236697087,0,0.0,114513.5727434158,0.0,114513.5727434158,14.513572743415804,0.0
2016-09-14,13.425504684448242,13.49639422548393,13.368335952997866,13.368335952997866,4340800,51.601954926700856,0,0.0,114513.5727434158,0.0,114513.5727434158,14.513572743415804,0.0
2016-09-15,13.647320747375488,13.6656142893125,13.432366613742929,13.446086552114265,2824000,60.04501051353485,0,0.0,114513.5727434158,0.0,114513.5727434158,14.513572743415804,0.0
2016-09-16,13.597010612487791,13.651892977428496,13.537555516767162,13.651892977428496,1879200,57.59101516430872,0,0.0,114513.5727434158,0.0,114513.5727434158,14.513572743415804,0.0
2016-09-19,13.582145690917969,13.722780264887897,13.554704947369656,13.641600780660232,1714400,56.8516958402704,0,0.0,114513.5727434158,0.0,114513.5727434158,14.513572743415804,0.0
2016-09-20,13.579049110412598,13.665094115315366,13.565281594521934,13.63411742338514,2360000,56.688437173858254,0,0.0,114513.5727434158,0.0,114513.5727434158,14.513572743415804,0.0
2016-09-21,13.732782363891602,13.745402367904688,13.583638214647474,13.638706527345445,2707200,62.45313593040572,0,0.0,114513.5727434158,0.0,114513.5727434158,14.513572743415804,0.0
2016-09-22,13.826858520507812,13.840626036648526,13.794735191474553,13.808502707615265,7397600,65.4809424778465,0,0.0,114513.5727434158,0.0,114513.5727434158,14.513572743415804,0.0
2016-09-23,13.702956199645996,13.802767860237468,13.677716187677287,13.802767860237468,11072800,58.76013025498333,0,0.0,114513.5727434158,0.0,114513.5727434158,14.513572743415804,0.0
2016-09-26,13.61575984954834,13.662797324323856,13.582489013587638,13.631821511695584,3640000,54.51921148364952,0,0.0,114513.5727434158,0.0,114513.5727434158,14.513572743415804,0.0
2016-09-27,13.77064609527588,13.771793607394743,13.61117604726985,13.62723771575281,2636800,60.036659139824096,0,0.0,114513.5727434158,0.0,114513.5727434158,14.513572743415804,0.0
2016-09-28,13.814239501953123,13.821122822430985,13.728194494799578,13.782115297367938,1854400,61.45402482063427,0,0.0,114513.5727434158,0.0,114513.5727434158,14.513572743415804,0.0
2016-09-29,13.732782363891602,13.83030073586455,13.686892395074976,13.803913216029448,2257600,57.36024795575378,0,0.0,114513.5727434158,0.0,114513.5727434158,14.513572743415804,0.0
2016-09-30,13.809648513793944,13.850950181819766,13.737370157101282,13.7649051859818,3331200,60.06377962074296,0,0.0,114513.5727434158,0.0,114513.5727434158,14.513572743415804,0.0
2016-10-03,13.769497871398926,13.815388725533223,13.73622789932918,13.78785456317074,3120000,57.99529817903947,0,0.0,114513.5727434158,0.0,114513.5727434158,14.513572743415804,0.0
2016-10-04,13.74081325531006,13.844067436183511,13.692628262667466,13.805060787461905,2856000,56.4983191187156,0,0.0,114513.5727434158,0.0,114513.5727434158,14.513572743415804,0.0
2016-10-05,13.811944007873535,13.857834851851548,13.762611503773805,13.771789847628416,8971200,59.30357357115577,0,0.0,114513.5727434158,0.0,114513.5727434158,14.513572743415804,0.0
2016-10-06,13.832592010498049,13.846359523459894,13.747694535470488,13.815382838119454,2516800,60.10776586658957,0,0.0,114513.5727434158,0.0,114513.5727434158,14.513572743415804,0.0
2016-10-07,13.787854194641112,13.861279209175349,13.72360752574746,13.844070029923058,2225600,57.45841960203296,0,0.0,114513.5727434158,0.0,114513.5727434158,14.513572743415804,0.0
2016-10-10,13.876191139221191,13.92208198476996,13.78785198365825,13.78785198365825,2013600,61.10398985350712,0,0.0,114513.5727434158,0.0,114513.5727434158,14.513572743415804,0.0
2016-10-11,13.692630767822266,13.90143331610366,13.631825759987413,13.883077500198429,2281600,51.2717734434645,0,0.0,114513.5727434158,0.0,114513.5727434158,14.513572743415804,0.0
2016-10-12,13.69721794128418,13.738519615161298,13.618056253803855,13.702954625270758,1602400,51.4818786213464,0,0.0,114513.5727434158,0.0,114513.5727434158,14.513572743415804,0.0
2016-10-13,13.608879089355469,13.647885740392748,13.480384892718636,13.60543655370944,1905600,47.25611289734692,0,0.0,114513.5727434158,0.0,114513.5727434158,14.513572743415804,0.0
2016-10-14,13.659356117248535,13.754579456916124,13.642147818159788,13.663945288770524,3529600,49.79211531045103,0,0.0,114513.5727434158,0.0,114513.5727434158,14.513572743415804,0.0
2016-10-17,13.62379264831543,13.68230349761397,13.614614304249958,13.65476846541756,2007200,48.03956061781544,0,0.0,114513.5727434158,0.0,114513.5727434158,14.513572743415804,0.0
2016-10-18,13.7098388671875,13.766054697794582,13.68804051692765,13.724753021141789,3046400,52.40460161990232,0,0.0,114513.5727434158,0.0,114513.5727434158,14.513572743415804,0.0
2016-10-19,13.723607063293455,13.744257902641277,13.690336217938905,13.697219539289785,1781600,53.083756275423134,0,0.0,114513.5727434158,0.0,114513.5727434158,14.513572743415804,0.0
2016-10-20,13.689187049865724,13.717868719084793,13.619203706947587,13.715574570677104,5438400,51.1198883026936,0,0.0,114513.5727434158,0.0,114513.5727434158,14.513572743415804,0.0
2016-10-21,13.759172439575195,13.76490912439042,13.660507412760746,13.714429098961109,3087200,54.78286936984856,0,0.0,114513.5727434158,0.0,114513.5727434158,14.513572743415804,0.0
2016-10-24,13.91749668121338,13.927822540097203,13.836040823487885,13.836040823487885,1892800,61.76364505980787,0,0.0,114513.5727434158,0.0,114513.5727434158,14.513572743415804,0.0
2016-10-25,13.865866661071776,13.930113321991632,13.83374333061185,13.930113321991632,2868000,58.58718862468039,0,0.0,114513.5727434158,0.0,114513.5727434158,14.513572743415804,0.0
2016-10-26,13.795883178710938,13.86816067152643,13.748844820080546,13.7694956573557,3596800,54.49597330964688,0,0.0,114513.5727434158,0.0,114513.5727434158,14.513572743415804,0.0
2016-10-27,13.727051734924316,13.855545096566024,13.714431726149453,13.852103435135676,2659200,50.742787926349656,0,0.0,114513.5727434158,0.0,114513.5727434158,14.513572743415804,0.0
2016-10-28,13.733932495117188,13.873899202470296,13.698367499912624,13.766055829533595,3728800,51.10530757258415,0,0.0,114513.5727434158,0.0,114513.5727434158,14.513572743415804,0.0
2016-10-31,13.735078811645508,13.783263809076104,13.731637151156914,13.767202143265903,4361600,51.16978432848893,0,0.0,114513.5727434158,0.0,114513.5727434158,14.513572743415804,0.0
2016-11-01,13.62379264831543,13.771790164014645,13.517096805615768,13.748844303850966,2857600,44.969886279856446,0,0.0,114513.5727434158,0.0,114513.5727434158,14.513572743415804,0.0
2016-11-02,13.518243789672852,13.654767932312565,13.48497295020577,13.614613772712648,2848800,40.01746490910188,0,0.0,114513.5727434158,0.0,114513.5727434158,14.513572743415804,0.0
2016-11-03,13.414992332458496,13.52054068061608,13.392047343831267,13.482680661615468,2418400,35.85738437604755,0,0.0,114513.5727434158,0.0,114513.5727434158,14.513572743415804,0.0
2016-11-04,13.3771333694458,13.494155096449878,13.347304181639528,13.405815045141566,8287200,34.4434913882307,0,0.0,114513.5727434158,0.0,114513.5727434158,14.513572743415804,0.0
2016-11-07,13.684593200683594,13.691476518849187,13.572161585936565,13.577897392642964,2650400,51.25401204013361,0,0.0,114513.5727434158,0.0,114513.5727434158,14.513572743415804,0.0
2016-11-08,13.752284049987791,13.811941523722966,13.634114863526872,13.68115321085038,2680000,54.04782715356868,0,0.0,114513.5727434158,0.0,114513.5727434158,14.513572743415804,0.0
2016-11-09,13.732782363891602,13.763759055667377,13.465469881884072,13.471205690338628,4896000,53.10352919225003,0,0.0,114513.5727434158,0.0,114513.5727434158,14.513572743415804,0.0
2016-11-10,13.543484687805176,13.84177387554147,13.35992130277199,13.806208010161368,5016000,44.90264720303112,0,0.0,114513.5727434158,0.0,114513.5727434158,14.513572743415804,0.0
2016-11-11,13.62608814239502,13.638708147907623,13.481533147915425,13.526276485534607,15759200,48.63067104971237,0,0.0,114513.5727434158,0.0,114513.5727434158,14.513572743415804,0.0
2016-11-14,13.436787605285645,13.637559273299768,13.365656756368724,13.6364117615428,3823200,41.67194089245584,0,0.0,114513.5727434158,0.0,114513.5727434158,14.513572743415804,0.0
2016-11-15,13.616910934448242,13.666243445501603,13.519392549013684,13.52283508491569,5705600,49.13087549116565,0,0.0,114513.5727434158,0.0,114513.5727434158,14.513572743415804,0.0
2016-11-16,13.735078811645508,13.739667984062011,13.566430445343276,13.569872105831871,4983200,53.34592792715476,0,0.0,114513.5727434158,0.0,114513.5727434158,14.513572743415804,0.0
2016-11-17,13.844069480895996,13.844069480895996,13.705250290944512,13.743110308739055,3223200,56.89376282682279,0,0.0,114513.5727434158,0.0,114513.5727434158,14.513572743415804,0.0
2016-11-18,13.811944007873535,13.888810668242057,13.79358819545936,13.857834851851548,2699200,55.55277601575376,0,0.0,114513.5727434158,0.0,114513.5727434158,14.513572743415804,0.0
2016-11-21,13.947322845458984,13.956501190188346,13.834890310762118,13.85668866067057,2871200,59.8477064990146,0,0.0,114513.5727434158,0.0,114513.5727434158,14.513572743415804,0.0
2016-11-22,13.96567726135254,13.993211415763028,13.932406423596326,13.993211415763028,3548800,60.40632051859582,0,0.0,114513.5727434158,0.0,114513.5727434158,14.513572743415804,0.0
2016-11-23,13.916345596313477,13.967972248345404,13.860128897093333,13.945027264174556,2254400,58.06797831068428,0,0.0,114513.5727434158,0.0,114513.5727434158,14.513572743415804,0.0
2016-11-25,13.953058242797852,13.96108907487155,13.90487237506062,13.915198230752544,1176800,59.329739717965424,0,0.0,114513.5727434158,0.0,114513.5727434158,14.513572743415804,0.0
2016-11-28,13.943883895874023,14.01616140525536,13.927822227122617,13.947325556992856,2569600,58.85314931227641,0,0.0,114513.5727434158,0.0,114513.5727434158,14.513572743415804,0.0
2016-11-29,13.961091995239258,14.02648617731704,13.904875283668972,13.942735303633802,1882400,59.51014348817161,0,0.0,114513.5727434158,0.0,114513.5727434158,14.513572743415804,0.0
2016-11-30,13.807357788085938,13.984037006235145,13.806210276035,13.982889494184208,4689600,51.585577178086986,0,0.0,114513.5727434158,0.0,114513.5727434158,14.513572743415804,0.0
2016-12-01,13.4723539352417,13.82456480437454,13.437935581461318,13.808503139355722,5433600,39.30333013496363,0,0.0,114513.5727434158,0.0,114513.5727434158,14.513572743415804,0.0
2016-12-02,13.522835731506348,13.554959065766331,13.410403186301185,13.460883211735569,3889600,41.56130811124009,0,0.0,114513.5727434158,0.0,114513.5727434158,14.513572743415804,0.0
2016-12-05,13.674273490905762,13.715575166398724,13.552662612934212,13.599700972638184,3611200,47.83106714170298,0,0.0,114513.5727434158,0.0,114513.5727434158,14.513572743415804,0.0
2016-12-06,13.71786880493164,13.744256325908156,13.6455913131535,13.712132120933894,3047200,49.5104218045387,0,0.0,114513.5727434158,0.0,114513.5727434158,14.513572743415804,0.0
2016-12-07,13.959940910339355,13.978296721951669,13.704100057162377,13.722456744069696,3448800,57.66056359778375,0,0.0,114513.5727434158,0.0,114513.5727434158,14.513572743415804,0.0
2016-12-08,14.039105415344238,14.083848754563844,13.956502058232603,13.974857873537864,3229600,59.93810036709476,0,0.0,114513.5727434158,0.0,114513.5727434158,14.513572743415804,0.0
2016-12-09,14.11367893218994,14.12056312972402,14.054021430431511,14.07926144570076,3878400,62.011175250887305,0,0.0,114513.5727434158,0.0,114513.5727434158,14.513572743415804,0.0
2016-12-12,14.044842720031738,14.084996890876424,13.98518521981896,14.06205190047811,3736000,58.97738210575313,0,0.0,114513.5727434158,0.0,114513.5727434158,14.513572743415804,0.0
2016-12-13,14.20545768737793,14.283471865914407,14.084994321523256,14.084994321523256,4452000,63.46834147199196,0,0.0,114513.5727434158,0.0,114513.5727434158,14.513572743415804,0.0
2016-12-14,14.16320514678955,14.271426962587087,14.139028100819912,14.21386231645934,4297600,61.55910574171866,0,0.0,114513.5727434158,0.0,114513.5727434158,14.513572743415804,0.0
2016-12-15,14.22537326812744,14.302510551726645,14.16550643021912,14.185078196615429,3705600,63.30803780743688,0,0.0,114513.5727434158,0.0,114513.5727434158,14.513572743415804,0.0
2016-12-16,14.125214576721191,14.259915651477597,14.099885989324216,14.25646191289926,3347200,58.67626250588574,0,0.0,114513.5727434158,0.0,114513.5727434158,14.513572743415804,0.0
2016-12-19,14.208107948303224,14.263369522804686,14.122911630199228,14.165509789251225,3508800,61.20596488981334,0,0.0,114513.5727434158,0.0,114513.5727434158,14.513572743415804,0.0
2016-12-20,14.25645923614502,14.27948474125531,14.213861085487595,14.248400221519748,3043200,62.64251376402751,0,0.0,114513.5727434158,0.0,114513.5727434158,14.513572743415804,0.0
2016-12-21,14.215018272399902,14.261070179285309,14.193143418996746,14.261070179285309,2960000,60.57220408457084,0,0.0,114513.5727434158,0.0,114513.5727434158,14.513572743415804,0.0
2016-12-22,14.160902976989746,14.238039392153937,14.118304822554236,14.238039392153937,2916800,57.88200410279219,0,0.0,114513.5727434158,0.0,114513.5727434158,14.513572743415804,0.0
2016-12-23,14.180476188659668,14.18162772764449,14.130970552714963,14.141332646844589,1778400,58.59824105495069,0,0.0,114513.5727434158,0.0,114513.5727434158,14.513572743415804,0.0
2016-12-27,14.25185203552246,14.31632414382124,14.190833664687316,14.200043338468143,2497600,61.19006672171741,0,0.0,114513.5727434158,0.0,114513.5727434158,14.513572743415804,0.0
2016-12-28,14.109095573425291,14.285243255732626,14.103338757279676,14.280637978489496,2376800,53.91959188084641,0,0.0,114513.5727434158,0.0,114513.5727434158,14.513572743415804,0.0
2016-12-29,14.117152214050291,14.156295746481469,14.065343512556082,14.098731108176793,2029600,54.24997366673883,0,0.0,114513.5727434158,0.0,114513.5727434158,14.513572743415804,0.0
2016-12-30,13.988208770751951,14.144784675821482,13.953669632316965,14.136725660635555,3452000,48.28336855194649,0,0.0,114513.5727434158,0.0,114513.5727434158,14.513572743415804,0.0
2017-01-03,14.09873390197754,14.173568122276077,14.01469000528394,14.079162131883615,3480000,53.04998252524664,0,0.0,114513.5727434158,0.0,114513.5727434158,14.513572743415804,0.0
2017-01-04,14.183927536010742,14.204650842409407,14.116001679594788,14.116001679594788,3580800,56.38677175282125,0,0.0,114513.5727434158,0.0,114513.5727434158,14.513572743415804,0.0
2017-01-05,14.194289207458496,14.247248571491957,14.145935120084472,14.165506887112048,4635200,56.78902030187639,0,0.0,114513.5727434158,0.0,114513.5727434158,14.513572743415804,0.0
2017-01-06,14.324386596679688,14.35547199804928,14.172415963225037,14.202349825708062,3136000,61.58032103431634,0,0.0,114513.5727434158,0.0,114513.5727434158,14.513572743415804,0.0
2017-01-09,14.349716186523438,14.38886060610564,14.328992876948591,14.339354970919452,2568000,62.45324415374137,0,0.0,114513.5727434158,0.0,114513.5727434158,14.513572743415804,0.0
2017-01-10,14.34856128692627,14.406125924666531,14.31056929357636,14.350864364321213,2578400,62.38364663157142,0,0.0,114513.5727434158,0.0,114513.5727434158,14.513572743415804,0.0
2017-01-11,14.43606185913086,14.43606185913086,14.324386305309469,14.350866428960982,3677600,65.51889067369498,0,0.0,114513.5727434158,0.0,114513.5727434158,14.513572743415804,0.0
2017-01-12,14.392309188842772,14.446420082146506,14.240338599190393,14.392309188842772,2613600,62.704578516579694,0,0.0,114513.5727434158,0.0,114513.5727434158,14.513572743415804,0.0
2017-01-13,14.448725700378418,14.471751206721558,14.391161056153804,14.398068532383393,2994400,64.80393499802312,0,0.0,114513.5727434158,0.0,114513.5727434158,14.513572743415804,0.0
2017-01-17,14.36814022064209,14.41649432670182,14.328995793093464,14.411889048262742,2832800,59.639750614300986,0,0.0,114513.5727434158,0.0,114513.5727434158,14.513572743415804,0.0
2017-01-18,14.423395156860352,14.433757248163737,14.35892304516514,14.39691591599981,4045600,61.8827097005388,0,0.0,114513.5727434158,0.0,114513.5727434158,14.513572743415804,0.0
2017-01-19,14.381951332092283,14.472903580619032,14.364681762155111,14.410733655865302,2520000,59.22418890125758,0,0.0,114513.5727434158,0.0,114513.5727434158,14.513572743415804,0.0
2017-01-20,14.459086418151855,14.493625554847148,14.418791344251838,14.452178942159492,2749600,62.45697401268113,0,0.0,114513.5727434158,0.0,114513.5727434158,14.513572743415804,0.0
2017-01-23,14.46599578857422,14.480962280397804,14.373892003162076,14.445272480774827,20626400,62.74192217839122,0,0.0,114513.5727434158,0.0,114513.5727434158,14.513572743415804,0.0
2017-01-24,14.620267868041992,14.64674799045703,14.48556681344831,14.49247428957104,3411200,68.49219310385192,0,0.0,114513.5727434158,0.0,114513.5727434158,14.513572743415804,0.0
2017-01-25,14.77684497833252,14.782600037408343,14.714674178365048,14.726187809983776,3676800,73.04010176317223,0,0.0,114513.5727434158,0.0,114513.5727434158,14.513572743415804,0.0
2017-01-26,14.74000358581543,14.804475710320787,14.695103230768222,14.79756823365716,5856800,70.46291088394425,0,0.0,114513.5727434158,0.0,114513.5727434158,14.513572743415804,0.0
2017-01-27,14.781449317932127,14.805627241541524,14.750363918072486,14.784903056057251,2686400,71.67379363498038,0,0.0,114513.5727434158,0.0,114513.5727434158,14.513572743415804,0.0
2017-01-30,14.661713600158691,14.735396268927694,14.571912902494386,14.735396268927694,3616000,63.56624526421668,0,0.0,114513.5727434158,0.0,114513.5727434158,14.513572743415804,0.0
2017-01-31,14.59148406982422,14.61681265086682,14.51319612767739,14.600694622633648,4251200,59.32723935556492,0,0.0,114513.5727434158,0.0,114513.5727434158,14.513572743415804,0.0
2017-02-01,14.696252822875977,14.7469091089769,14.62141861492154,14.733094157479696,5345600,63.263075033494665,0,0.0,114513.5727434158,0.0,114513.5727434158,14.513572743415804,0.0
2017-02-02,14.70316219329834,14.73885287212092,14.60415092909834,14.667472392842578,3100800,63.51383196462411,0,0.0,114513.5727434158,0.0,114513.5727434158,14.513572743415804,0.0
2017-02-03,14.820594787597656,14.83786523720944,14.76993761284378,14.7814512459183,2831200,67.56598401746791,0,0.0,114513.5727434158,0.0,114513.5727434158,14.513572743415804,0.0
2017-02-06,14.841317176818848,14.841317176818848,14.76993582252996,14.806778038515649,3104000,68.23636778966352,0,0.0,114513.5727434158,0.0,114513.5727434158,14.513572743415804,0.0
2017-02-07,14.894277572631836,14.92881671535554,14.856284691309138,14.868948985083373,3644800,69.94606866979078,0,0.0,114513.5727434158,0.0,114513.5727434158,14.513572743415804,0.0
2017-02-08,14.919605255126951,14.948387579528417,14.84592257492855,14.894276669114973,2770400,70.7567397498488,0,0.0,114513.5727434158,0.0,114513.5727434158,14.513572743415804,0.0
2017-02-09,14.99213409423828,15.024370150190448,14.91960208997926,14.91960208997926,3020000,73.00251673786866,0,0.0,114513.5727434158,0.0,114513.5727434158,14.513572743415804,0.0
2017-02-10,15.027826309204102,15.054305554417,14.977169139764769,15.02897696969733,3051200,74.05832792740497,0,0.0,114513.5727434158,0.0,114513.5727434158,14.513572743415804,0.0
2017-02-13,15.110716819763184,15.136045399923542,15.078480764419684,15.078480764419684,3945600,76.36959505181655,0,0.0,114513.5727434158,0.0,114513.5727434158,14.513572743415804,0.0
2017-02-14,15.16482925415039,15.167132331689205,15.061213602438585,15.100357136931184,4742400,77.76248067630266,0,0.0,114513.5727434158,0.0,114513.5727434158,14.513572743415804,0.0
2017-02-15,15.231605529785156,15.24311740482925,15.151015377542247,15.176343962066245,3335200,79.37790590293233,0,0.0,114513.5727434158,0.0,114513.5727434158,14.513572743415804,0.0
2017-02-16,15.252325057983398,15.294924082071743,15.210878450893777,15.260384950041518,3728800,79.86662516170806,0,0.0,114513.5727434158,0.0,114513.5727434158,14.513572743415804,0.0
2017-02-17,15.297228813171388,15.297228813171388,15.210881842211087,15.233909106520732,2294400,80.92186249288605,0,0.0,114513.5727434158,0.0,114513.5727434158,14.513572743415804,0.0
2017-02-21,15.38818359375,15.392787993066678,15.328315862230314,15.3386770782432,4192000,82.8792786911776,0,0.0,114513.5727434158,0.0,114513.5727434158,14.513572743415804,0.0
2017-02-22,15.407755851745604,15.410058929843588,15.338677562677088,15.372066046529287,3135200,83.2768950136585,0,0.0,114513.5727434158,0.0,114513.5727434158,14.513572743415804,0.0
2017-02-23,15.372062683105469,15.431928646683325,15.300681331557286,15.431928646683325,2711200,79.64423025268438,0,0.0,114513.5727434158,0.0,114513.5727434158,14.513572743415804,0.0
2017-02-24,15.40314483642578,15.40314483642578,15.246568953100404,15.27189753398637,3644000,80.44422388709363,0,0.0,114513.5727434158,0.0,114513.5727434158,14.513572743415804,0.0
2017-02-27,15.406604766845703,15.410058505530644,15.351341434419007,15.390484977337554,4453600,80.53592481393218,0,0.0,114513.5727434158,0.0,114513.5727434158,14.513572743415804,0.0
2017-02-28,15.312196731567385,15.391636228770947,15.294928039450818,15.391636228770947,4611200,70.78262427745504,0,0.0,114513.5727434158,0.0,114513.5727434158,14.513572743415804,0.0
2017-03-01,15.52748680114746,15.550514064565448,15.387028926618797,15.393938159684325,3111200,77.48030192973646,0,0.0,114513.5727434158,0.0,114513.5727434158,14.513572743415804,0.0
2017-03-02,15.412357330322266,15.520579142877397,15.404299193607272,15.520579142877397,2685600,68.44446171450576,0,0.0,114513.5727434158,0.0,114513.5727434158,14.513572743415804,0.0
2017-03-03,15.438837051391602,15.439987711760178,15.36169888836236,15.410054731576729,2445600,69.33038703510125,0,0.0,114513.5727434158,0.0,114513.5727434158,14.513572743415804,0.0
2017-03-06,15.410056114196776,15.434232281239709,15.34443157589888,15.377820053650508,3236000,67.12452200063913,0,0.0,114513.5727434158,0.0,114513.5727434158,14.513572743415804,0.0
2017-03-07,15.422722816467283,15.47913505287216,15.382426856120528,15.391637411535038,4864000,67.61291617123482,0,0.0,114513.5727434158,0.0,114513.5727434158,14.513572743415804,0.0
2017-03-08,15.441139221191406,15.488342649899389,15.419264375851927,15.43308108470151,2524800,68.34914001991308,0,0.0,114513.5727434158,0.0,114513.5727434158,14.513572743415804,0.0
2017-03-09,15.431928634643556,15.45150215907762,15.351338486248949,15.442291605442025,2770400,67.52242996493072,0,0.0,114513.5727434158,0.0,114513.5727434158,14.513572743415804,0.0
2017-03-10,15.51136875152588,15.536697335867355,15.445745969720086,15.51136875152588,2215200,70.80263570259375,0,0.0,114513.5727434158,0.0,114513.5727434158,14.513572743415804,0.0
2017-03-13,15.532096862792969,15.54245807989674,15.50216211551452,15.507918932816835,2224000,71.60840711470331,0,0.0,114513.5727434158,0.0,114513.5727434158,14.513572743415804,0.0
2017-03-14,15.489492416381836,15.507913522629147,15.422718980518749,15.507913522629147,2187200,67.48590254632671,0,0.0,114513.5727434158,0.0,114513.5727434158,14.513572743415804,0.0
2017-03-15,15.588504791259766,15.62074085115171,15.467620445031722,15.519428272948527,2779200,71.58067790232462,0,0.0,114513.5727434158,0.0,114513.5727434158,14.513572743415804,0.0
2017-03-16,15.631104469299316,15.671398667465803,15.596565330346913,15.658734375074374,3316000,73.14758501082633,0,0.0,114513.5727434158,0.0,114513.5727434158,14.513572743415804,0.0
2017-03-17,15.633407592773438,15.692124662782488,15.633407592773438,15.679460368930908,2272800,73.23350942076726,0,0.0,114513.5727434158,0.0,114513.5727434158,14.513572743415804,0.0
2017-03-20,15.654132843017578,15.69327638785612,15.61038314188397,15.650679104163231,3428800,74.03857090222282,0,0.0,114513.5727434158,0.0,114513.5727434158,14.513572743415804,0.0
2017-03-21,15.40199851989746,15.734722146209512,15.38818356523921,15.71399971422214,4324000,53.11030375020673,0,0.0,114513.5727434158,0.0,114513.5727434158,14.513572743415804,0.0
2017-03-22,15.51827335357666,15.525182585353887,15.39047979506296,15.392782872322035,3051200,58.88249179384036,0,0.0,114513.5727434158,0.0,114513.5727434158,14.513572743415804,0.0
2017-03-23,15.480283737182615,15.53554529960952,15.44574460189078,15.481434397556766,2786400,56.4379463320367,0,0.0,114513.5727434158,0.0,114513.5727434158,14.513572743415804,0.0
2017-03-24,15.49102020263672,15.590299482663957,15.433299731957836,15.542968273949915,3411200,56.98150726328556,0,0.0,114513.5727434158,0.0,114513.5727434158,14.513572743415804,0.0
2017-03-27,15.502556800842283,15.532572560481103,15.32016173936569,15.367491166932322,3182400,57.59381564586711,0,0.0,114513.5727434158,0.0,114513.5727434158,14.513572743415804,0.0
2017-03-28,15.60992431640625,15.651483125981144,15.462160051581964,15.504872636440693,4418400,62.88810811950957,0,0.0,114513.5727434158,0.0,114513.5727434158,14.513572743415804,0.0
2017-03-29,15.646865844726562,15.65725686912881,15.570676155207927,15.605307031584973,3664000,64.52899580016887,0,0.0,114513.5727434158,0.0,114513.5727434158,14.513572743415804,0.0
2017-03-30,15.663022994995115,15.690729449603625,15.630699678696176,15.659559908355131,2733600,65.25263522920298,0,0.0,114513.5727434158,0.0,114513.5727434158,14.513572743415804,0.0
2017-03-31,15.65725040435791,15.7011167501531,15.626080866999123,15.652631781755211,5124800,64.74442686418658,0,0.0,114513.5727434158,0.0,114513.5727434158,14.513572743415804,0.0
2017-04-03,15.611075401306152,15.69534854270528,15.52103162299336,15.663023463949887,5156000,60.67376037997407,0,0.0,114513.5727434158,0.0,114513.5727434158,14.513572743415804,0.0
2017-04-04,15.601842880249023,15.612233903942837,15.553357895137625,15.556820982539222,2788000,59.86331831417636,0,0.0,114513.5727434158,0.0,114513.5727434158,14.513572743415804,0.0
2017-04-05,15.545278549194336,15.72998300991784,15.521035174951914,15.63763166030063,3105600,55.0148144374344,0,0.0,114513.5727434158,0.0,114513.5727434158,14.513572743415804,0.0
2017-04-06,15.552204132080078,15.597226029825334,15.50602845902972,15.560284082193837,3000800,55.490151237608366,0,0.0,114513.5727434158,0.0,114513.5727434158,14.513572743415804,0.0
2017-04-07,15.5418119430542,15.58798760740882,15.493326967035244,15.545275029806362,2336800,54.55854984288371,0,0.0,114513.5727434158,0.0,114513.5727434158,14.513572743415804,0.0
2017-04-10,15.533730506896973,15.60761262806042,15.497944102167777,15.561436962891534,2972800,53.802100851852,0,0.0,114513.5727434158,0.0,114513.5727434158,14.513572743415804,0.0
2017-04-11,15.479477882385254,15.525655323215394,15.33863977045952,15.508338122345622,3040800,48.90040689760444,0,0.0,114513.5727434158,0.0,114513.5727434158,14.513572743415804,0.0
2017-04-12,15.399819374084473,15.47601081072431,15.380194627341872,15.467930861589736,2018400,42.7428735321268,0,0.0,114513.5727434158,0.0,114513.5727434158,14.513572743415804,0.0
2017-04-13,15.342103958129885,15.487560705310282,15.3397964070399,15.385972089690876,2114400,38.91902567647955,0,0.0,114513.5727434158,0.0,114513.5727434158,14.513572743415804,0.0
2017-04-17,15.487558364868164,15.491021452469184,15.38250667699956,15.38250667699956,2530400,50.852304409554414,0,0.0,114513.5727434158,0.0,114513.5727434158,14.513572743415804,0.0
2017-04-18,15.484095573425291,15.511800274763356,15.419448921650948,15.44253675992905,2237600,50.59886233388716,0,0.0,114513.5727434158,0.0,114513.5727434158,14.513572743415804,0.0
2017-04-19,15.486400604248049,15.574136841513116,15.461003457828038,15.52565186057188,2258400,50.77473212659518,0,0.0,114513.5727434158,0.0,114513.5727434158,14.513572743415804,0.0
2017-04-20,15.643399238586426,15.671105694945478,15.51987836381588,15.551047907033722,2336800,60.967357758845495,0,0.0,114513.5727434158,0.0,114513.5727434158,14.513572743415804,0.0
2017-04-21,15.631858825683594,15.664182149448168,15.601843052552894,15.65032979968879,2978400,59.98415144022836,0,0.0,114513.5727434158,0.0,114513.5727434158,14.513572743415804,0.0
2017-04-24,15.839655876159668,15.848889603420124,15.778470543005929,15.80271392116038,3378400,69.51674941958746,0,0.0,114513.5727434158,0.0,114513.5727434158,14.513572743415804,0.0
2017-04-25,15.937776565551758,15.967792338568367,15.85465894433334,15.889291580089184,7231200,72.81047060500042,0,0.0,114513.5727434158,0.0,114513.5727434158,14.513572743415804,0.0
2017-04-26,15.900840759277344,15.964331887248704,15.885832868634909,15.941244044214615,5814400,69.7550372976817,0,0.0,114513.5727434158,0.0,114513.5727434158,14.513572743415804,0.0
2017-04-27,15.998961448669434,16.001270760974567,15.936624108344263,15.958558171520082,3024800,72.99687112842034,0,0.0,114513.5727434158,0.0,114513.5727434158,14.513572743415804,0.0
2017-04-28,16.023204803466797,16.069380480574786,15.98510907718258,16.060144992855353,3768800,73.7456536810568,0,0.0,114513.5727434158,0.0,114513.5727434158,14.513572743415804,0.0
2017-05-01,16.166353225708008,16.18597974140093,16.05322156439244,16.07977249519835,3083200,77.68109193047212,0,0.0,114513.5727434158,0.0,114513.5727434158,14.513572743415804,0.0
2017-05-02,16.19867515563965,16.224070544392823,16.143262230662376,16.203292018643193,4432000,78.46598815906476,0,0.0,114513.5727434158,0.0,114513.5727434158,14.513572743415804,0.0
2017-05-03,16.169818878173828,16.185980544878323,16.097090497258822,16.16635402821113,5076800,75.89969061263608,0,0.0,114513.5727434158,0.0,114513.5727434158,14.513572743415804,0.0
2017-05-04,16.19289779663086,16.217139402581346,16.138640425137847,16.17904368888485,5067200,76.55999338550713,0,0.0,114513.5727434158,0.0,114513.5727434158,14.513572743415804,0.0
2017-05-05,16.267940521240234,16.267940521240234,16.17327984623578,16.2252279280117,2594400,78.61195579555906,0,0.0,114513.5727434158,0.0,114513.5727434158,14.513572743415804,0.0
2017-05-08,16.32219123840332,16.333736034737118,16.251772208339798,16.272552489442916,2988000,79.97663421882835,0,0.0,114513.5727434158,0.0,114513.5727434158,14.513572743415804,0.0
2017-05-09,16.35682487487793,16.3995374532682,16.324501556935772,16.348743164648035,4132800,80.81808461040013,0,0.0,114513.5727434158,0.0,114513.5727434158,14.513572743415804,0.0
2017-05-10,16.42032241821289,16.434174769427294,16.338358563386162,16.375300515276862,3572800,82.28771942437251,0,0.0,114513.5727434158,0.0,114513.5727434158,14.513572743415804,0.0
2017-05-11,16.398386001586914,16.404158400927752,16.29910672198699,16.382224340325948,4152000,80.00716833280694,0,0.0,114513.5727434158,0.0,114513.5727434158,14.513572743415804,0.0
2017-05-12,16.443405151367188,16.44571446301557,16.385684690578334,16.405309435867903,3113600,81.16109127578386,0,0.0,114513.5727434158,0.0,114513.5727434158,14.513572743415804,0.0
2017-05-15,16.554229736328125,16.554229736328125,16.45725977156541,16.46649525794599,3164800,83.66113643402468,0,0.0,114513.5727434158,0.0,114513.5727434158,14.513572743415804,0.0
2017-05-16,16.646587371826172,16.646587371826172,16.53230193990835,16.585403799196186,3664000,85.40000298719337,0,0.0,114513.5727434158,0.0,114513.5727434158,14.513572743415804,0.0
2017-05-17,16.16750144958496,16.5172873017025,16.1594197395448,16.498816331458134,20567200,53.5582912044415,0,0.0,114513.5727434158,0.0,114513.5727434158,14.513572743415804,0.0
2017-05-18,16.24600601196289,16.30257271721065,16.08092628260098,16.132874362956652,6358400,56.42536238953088,0,0.0,114513.5727434158,0.0,114513.5727434158,14.513572743415804,0.0
2017-05-19,16.33835792541504,16.397232177266584,16.319886950190934,16.32335003785931,3265600,59.58615594223248,0,0.0,114513.5727434158,0.0,114513.5727434158,14.513572743415804,0.0
2017-05-22,16.505741119384766,16.513822828746523,16.385683345851763,16.387992657310626,3655200,64.59843704140283,0,0.0,114513.5727434158,0.0,114513.5727434158,14.513572743415804,0.0
2017-05-23,16.51959800720215,16.569236762247407,16.473420577695002,16.561156813014172,3413600,64.98559707291874,0,0.0,114513.5727434158,0.0,114513.5727434158,14.513572743415804,0.0
2017-05-24,16.600400924682617,16.611943957200225,16.536908080626887,16.56807761525211,2850400,67.23576115255185,0,0.0,114513.5727434158,0.0,114513.5727434158,14.513572743415804,0.0
2017-05-25,16.73431968688965,16.770106096984833,16.635040406550274,16.67313436720781,3344000,70.60714570427446,0,0.0,114513.5727434158,0.0,114513.5727434158,14.513572743415804,0.0
2017-05-26,16.73431968688965,16.7400903247845,16.67659921602929,16.735473462170823,2774400,70.60714570427446,0,0.0,114513.5727434158,0.0,114513.5727434158,14.513572743415804,0.0
2017-05-30,16.775882720947266,16.788579536704493,16.715852922918607,16.725088411960662,2624000,71.65690718147728,0,0.0,114513.5727434158,0.0,114513.5727434158,14.513572743415804,0.0
2017-05-31,16.729705810546875,16.83591129569154,16.6662129222839,16.827831343452335,4096000,68.72036243331888,0,0.0,114513.5727434158,0.0,114513.5727434158,14.513572743415804,0.0
2017-06-01,16.811668395996094,16.811668395996094,16.690455029731766,16.781652617565506,2329600,70.99264411793843,0,0.0,114513.5727434158,0.0,114513.5727434158,14.513572743415804,0.0
2017-06-02,16.965200424194336,16.975589685489965,16.80820068360121,16.86707492576531,2533600,74.70018405863968,0,0.0,114513.5727434158,0.0,114513.5727434158,14.513572743415804,0.0
2017-06-05,16.98366928100586,17.035619109379265,16.945573562226812,16.96635384587394,2682400,75.11227083420566,0,0.0,114513.5727434158,0.0,114513.5727434158,14.513572743415804,0.0
2017-06-06,16.955963134765625,17.03908073926849,16.929410454515633,16.964043083306603,2756000,73.18642015145454,0,0.0,114513.5727434158,0.0,114513.5727434158,14.513572743415804,0.0
2017-06-07,16.992908477783203,17.02869489253002,16.90979084802128,17.002143965699997,3537600,74.13862755320874,0,0.0,114513.5727434158,0.0,114513.5727434158,14.513572743415804,0.0
2017-06-08,17.061025619506836,17.071416648850963,16.946740150131163,17.03563021858222,3068800,75.84203483763469,0,0.0,114513.5727434158,0.0,114513.5727434158,14.513572743415804,0.0
2017-06-09,16.587705612182617,17.115269685836733,16.342971432311536,17.0875649931652,14231200,50.802156707530685,0,0.0,114513.5727434158,0.0,114513.5727434158,14.513572743415804,0.0
2017-06-12,16.46187973022461,16.501129229407727,16.1628863390639,16.42378400637427,10732000,46.415025422198255,0,0.0,114513.5727434158,0.0,114513.5727434158,14.513572743415804,0.0
2017-06-13,16.605026245117188,16.662746721576706,16.468806766187512,16.58193840683121,4241600,51.54198165730597,0,0.0,114513.5727434158,0.0,114513.5727434158,14.513572743415804,0.0
2017-06-14,16.509212493896484,16.683529486037692,16.376456082925245,16.68122017341949,3848800,48.21657553739604,0,0.0,114513.5727434158,0.0,114513.5727434158,14.513572743415804,0.0
2017-06-15,16.431861877441406,16.451486624549705,16.22753269558444,16.321039568889972,4173600,45.6556400729508,0,0.0,114513.5727434158,0.0,114513.5727434158,14.513572743415804,0.0
2017-06-16,16.405311584472656,16.444561080192305,16.329120143495288,16.41570084601805,5252800,44.77653065124661,0,0.0,114513.5727434158,0.0,114513.5727434158,14.513572743415804,0.0
2017-06-19,16.66967010498047,16.677751815846023,16.525368938000067,16.543839910130885,3422400,54.2272376642699,0,0.0,114513.5727434158,0.0,114513.5727434158,14.513572743415804,0.0
2017-06-20,16.531137466430664,16.6835203085982,16.528828155082795,16.66158625451453,4712000,49.45126838594517,0,0.0,114513.5727434158,0.0,114513.5727434158,14.513572743415804,0.0
2017-06-21,16.643117904663086,16.647736528085336,16.553074124305134,16.57962504377255,2194400,53.05080759584711,0,0.0,114513.5727434158,0.0,114513.5727434158,14.513572743415804,0.0
2017-06-22,16.66851234436035,16.715843538570418,16.59116714873066,16.704298743376793,2057600,53.85333182260392,0,0.0,114513.5727434158,0.0,114513.5727434158,14.513572743415804,0.0
2017-06-23,16.778186798095703,16.83129040871985,16.621187039867046,16.650047276589305,3786400,57.25191728282703,0,0.0,114513.5727434158,0.0,114513.5727434158,14.513572743415804,0.0
2017-06-26,16.688140869140625,16.921332045291763,16.67313298428526,16.884390101490506,3438400,53.75171263255437,0,0.0,114513.5727434158,0.0,114513.5727434158,14.513572743415804,0.0
2017-06-27,16.407621383666992,16.64427390173243,16.407621383666992,16.633884639878513,4551200,44.60315521353966,0,0.0,114513.5727434158,0.0,114513.5727434158,14.513572743415804,0.0
2017-06-28,16.621337890625,16.6468060303313,16.358535730696637,16.466202525370953,4972800,51.39106600381643,0,0.0,114513.5727434158,0.0,114513.5727434158,14.513572743415804,0.0
2017-06-29,16.3272705078125,16.550710640427603,16.17908298388041,16.550710640427603,5286400,43.493874557534525,0,0.0,114513.5727434158,0.0,114513.5727434158,14.513572743415804,0.0
2017-06-30,16.305280685424805,16.42105234908139,16.2890727231743,16.38400633530969,3128800,42.96221786908225,0,0.0,114513.5727434158,0.0,114513.5727434158,14.513572743415804,0.0
2017-07-03,16.173294067382812,16.405996141312052,16.152456024870443,16.390945266252253,3362400,39.81623577524674,0,0.0,114513.5727434158,0.0,114513.5727434158,14.513572743415804,0.0
2017-07-05,16.340009689331055,16.37242560818111,16.18371726402643,16.22655397335586,3208800,45.26805577383564,0,0.0,114513.5727434158,0.0,114513.5727434158,14.513572743415804,0.0
2017-07-06,16.192977905273438,16.278649550507623,16.142038103595542,16.22192081381452,3064800,41.6818990014186,0,0.0,114513.5727434158,0.0,114513.5727434158,14.513572743415804,0.0
2017-07-07,16.404836654663086,16.460406532396327,16.2450730353632,16.2450730353632,2451200,48.06612193116076,0,0.0,114513.5727434158,0.0,114513.5727434158,14.513572743415804,0.0
2017-07-10,16.524093627929688,16.5669303565709,16.378221927342107,16.407164851258873,3103200,51.29812952959146,0,0.0,114513.5727434158,0.0,114513.5727434158,14.513572743415804,0.0
2017-07-11,16.58775520324707,16.605120237153137,16.4615645794377,16.50903136082692,2880000,52.98033646039372,0,0.0,114513.5727434158,0.0,114513.5727434158,14.513572743415804,0.0
2017-07-12,16.814674377441406,16.827409329069237,16.69774388525811,16.717424852949282,4400000,58.48484933378054,0,0.0,114513.5727434158,0.0,114513.5727434158,14.513572743415804,0.0
2017-07-13,16.855194091796875,16.90960690859472,16.8088861384322,16.84130205909451,2991200,59.39887276695671,0,0.0,114513.5727434158,0.0,114513.5727434158,14.513572743415804,0.0
2017-07-14,16.992963790893555,17.01380360789632,16.88992708611095,16.92002708118683,2996800,62.427803325460665,0,0.0,114513.5727434158,0.0,114513.5727434158,14.513572743415804,0.0
2017-07-17,17.00338363647461,17.045061505955633,16.96054868631245,17.017277437325212,6020000,62.65472664320526,0,0.0,114513.5727434158,0.0,114513.5727434158,14.513572743415804,0.0
2017-07-18,17.08442497253418,17.08442497253418,16.914240488437358,16.981386497701823,2869600,64.45295969931288,0,0.0,114513.5727434158,0.0,114513.5727434158,14.513572743415804,0.0
2017-07-19,17.187463760375977,17.207144733270646,17.105265093311818,17.118000048306673,2722400,66.65164741883727,0,0.0,114513.5727434158,0.0,114513.5727434158,14.513572743415804,0.0
2017-07-20,17.20366668701172,17.2337666779427,17.112206100682677,17.2337666779427,2308800,66.9973371626293,0,0.0,114513.5727434158,0.0,114513.5727434158,14.513572743415804,0.0
2017-07-21,17.1666202545166,17.18282821498156,17.105261420861034,17.136520261234594,5376800,65.32985418401897,0,0.0,114513.5727434158,0.0,114513.5727434158,14.513572743415804,0.0
2017-07-24,17.234928131103516,17.251136094414658,17.137680351236668,17.171255125154,2801600,66.96260080807505,0,0.0,114513.5727434158,0.0,114513.5727434158,14.513572743415804,0.0
2017-07-25,17.21408462524414,17.246500541597904,17.122624044682848,17.17935278156941,2596000,65.94210644692438,0,0.0,114513.5727434158,0.0,114513.5727434158,14.513572743415804,0.0
2017-07-26,17.24534797668457,17.275447973598673,17.187462144248318,17.266186028424624,2644000,66.76035293006376,0,0.0,114513.5727434158,0.0,114513.5727434158,14.513572743415804,0.0
2017-07-27,17.08905601501465,17.340280323044258,16.87719365020764,17.340280323044258,4290400,59.11418451951436,0,0.0,114513.5727434158,0.0,114513.5727434158,14.513572743415804,0.0
2017-07-28,17.064741134643555,17.10294599254105,16.989490265973956,17.002225218606455,3172800,58.00121692519926,0,0.0,114513.5727434158,0.0,114513.5727434158,14.513572743415804,0.0
2017-07-31,16.97907257080078,17.130733167142917,16.952443816324923,17.10179025130555,7762400,54.13402963709628,0,0.0,114513.5727434158,0.0,114513.5727434158,14.513572743415804,0.0
2017-08-01,17.06937599182129,17.072849000737694,17.00222820854482,17.04506316287088,3818400,57.36125928014701,0,0.0,114513.5727434158,0.0,114513.5727434158,14.513572743415804,0.0
2017-08-02,17.092529296875,17.22682485811216,16.972127537289076,17.22682485811216,3678400,58.17386613382124,0,0.0,114513.5727434158,0.0,114513.5727434158,14.513572743415804,0.0
2017-08-03,17.045059204101562,17.111049891257867,17.005697267833845,17.108733963672957,2108000,55.8248009697147,0,0.0,114513.5727434158,0.0,114513.5727434158,14.513572743415804,0.0
2017-08-04,17.06937599182129,17.126102981812974,17.041590153954473,17.080952099364122,1963200,56.7874063340618,0,0.0,114513.5727434158,0.0,114513.5727434158,14.513572743415804,0.0
2017-08-07,17.17357063293457,17.179359570257105,17.087900720089394,17.096003819112422,1896800,60.7355516238366,0,0.0,114513.5727434158,0.0,114513.5727434158,14.513572743415804,0.0
2017-08-08,17.151569366455078,17.28933791360933,17.108734420932738,17.144623350049855,2433600,59.49937039713076,0,0.0,114513.5727434158,0.0,114513.5727434158,14.513572743415804,0.0
2017-08-09,17.135358810424805,17.145779599989353,17.0242190317057,17.035795135115855,2981600,58.55372437199371,0,0.0,114513.5727434158,0.0,114513.5727434158,14.513572743415804,0.0
2017-08-10,16.77068328857422,17.065901384568566,16.76026426280081,17.041588557895217,4036800,42.27573439382255,0,0.0,114513.5727434158,0.0,114513.5727434158,14.513572743415804,0.0
2017-08-11,16.90266227722168,16.94318306463737,16.777628673049772,16.781101681509938,3209600,47.91874140513689,0,0.0,114513.5727434158,0.0,114513.5727434158,14.513572743415804,0.0
2017-08-14,17.175880432128906,17.192088390926966,17.038111899077894,17.050846850028872,2333600,57.23832174422242,0,0.0,114513.5727434158,0.0,114513.5727434158,14.513572743415804,0.0
2017-08-15,17.20945930480957,17.237245143606266,17.156205321952093,17.21640708941046,2092000,58.22766028526472,0,0.0,114513.5727434158,0.0,114513.5727434158,14.513572743415804,0.0
2017-08-16,17.268503189086914,17.335650971490654,17.208301424425713,17.249979297416463,2132000,59.98093750019113,0,0.0,114513.5727434158,0.0,114513.5727434158,14.513572743415804,0.0
2017-08-17,16.925811767578125,17.23029171643924,16.925811767578125,17.189770939768454,3412800,47.51544175262635,0,0.0,114513.5727434158,0.0,114513.5727434158,14.513572743415804,0.0
2017-08-18,16.92118263244629,17.028849405294157,16.85171894468092,16.922339712846227,2527200,47.37222250925846,0,0.0,114513.5727434158,0.0,114513.5727434158,14.513572743415804,0.0
2017-08-21,16.90150260925293,16.939707463001568,16.784572120542993,16.924656584287998,5631200,46.72738760720334,0,0.0,114513.5727434158,0.0,114513.5727434158,14.513572743415804,0.0
2017-08-22,17.15041160583496,17.167776646159442,16.986016080134384,16.991805015754256,2568800,55.05961697231046,0,0.0,114513.5727434158,0.0,114513.5727434158,14.513572743415804,0.0
2017-08-23,17.11915397644043,17.161990689826425,17.04158717995127,17.070530093560745,2136800,53.91910454913764,0,0.0,114513.5727434158,0.0,114513.5727434158,14.513572743415804,0.0
2017-08-24,17.116844177246094,17.187464975111347,17.02654240509521,17.17241409090763,2223200,53.83036911806393,0,0.0,114513.5727434158,0.0,114513.5727434158,14.513572743415804,0.0
2017-08-25,17.105260848999023,17.222189576548836,17.07631793724099,17.17703870486771,1762400,53.35614606041229,0,0.0,114513.5727434158,0.0,114513.5727434158,14.513572743415804,0.0
2017-08-28,17.14925193786621,17.173562990652464,17.091366123471506,17.152724945407105,1808800,54.97830419776374,0,0.0,114513.5727434158,0.0,114513.5727434158,14.513572743415804,0.0
2017-08-29,17.218717575073242,17.24650340793798,16.983701259181665,17.002225147758153,6322400,57.49225527589843,0,0.0,114513.5727434158,0.0,114513.5727434158,14.513572743415804,0.0
2017-08-30,17.378480911254883,17.385426926993368,17.22566149886811,17.244185385194086,2482400,62.65686520100514,0,0.0,114513.5727434158,0.0,114513.5727434158,14.513572743415804,0.0
2017-08-31,17.506980895996094,17.53129194190734,17.400471239614266,17.418995118950505,2331200,66.21264082850881,0,0.0,114513.5727434158,0.0,114513.5727434158,14.513572743415804,0.0
2017-09-01,17.49424934387207,17.56487010182522,17.466463519476914,17.5451891386625,2365600,65.54669738036387,0,0.0,114513.5727434158,0.0,114513.5727434158,14.513572743415804,0.0
2017-09-05,17.3460693359375,17.4815219763528,17.21756271299958,17.424793222728418,7812000,58.208704002994814,0,0.0,114513.5727434158,0.0,114513.5727434158,14.513572743415804,0.0
2017-09-06,17.372695922851562,17.423635738553468,17.276605228056685,17.406270695262105,2108800,59.09486953458184,0,0.0,114513.5727434158,0.0,114513.5727434158,14.513572743415804,0.0
2017-09-07,17.4537296295166,17.476885367851203,17.370373917809513,17.409737613057448,2196000,61.75291407178087,0,0.0,114513.5727434158,0.0,114513.5727434158,14.513572743415804,0.0
2017-09-08,17.31481170654297,17.43984532952165,17.30323559877966,17.43984532952165,1678400,55.13815594577396,0,0.0,114513.5727434158,0.0,114513.5727434158,14.513572743415804,0.0
2017-09-11,17.57413673400879,17.584555758487404,17.454892076437513,17.456049156978967,1802400,63.087040850685,0,0.0,114513.5727434158,0.0,114513.5727434158,14.513572743415804,0.0
2017-09-12,17.605398178100586,17.6389711841205,17.52782960697013,17.632025166773996,1872000,63.91704538731946,0,0.0,114513.5727434158,0.0,114513.5727434158,14.513572743415804,0.0
2017-09-13,17.57297706604004,17.58108192905714,17.52088017954541,17.58108192905714,3473600,62.35119613906532,0,0.0,114513.5727434158,0.0,114513.5727434158,14.513572743415804,0.0
2017-09-14,17.525514602661133,17.5938194586639,17.46994293349093,17.516252657799434,1851200,60.03258790641176,0,0.0,114513.5727434158,0.0,114513.5727434158,14.513572743415804,0.0
2017-09-15,17.575294494628906,17.599607319221636,17.47110071274062,17.509305570509056,1801600,61.64363553144332,0,0.0,114513.5727434158,0.0,114513.5727434158,14.513572743415804,0.0
2017-09-18,17.59381675720215,17.67022646567725,17.539403943579128,17.603078700641714,3210400,62.25332103391697,0,0.0,114513.5727434158,0.0,114513.5727434158,14.513572743415804,0.0
2017-09-19,17.65401268005371,17.681796734667934,17.581076003622375,17.63433171919047,4009600,64.24258436819949,0,0.0,114513.5727434158,0.0,114513.5727434158,14.513572743415804,0.0
2017-09-20,17.566030502319336,17.648229144274342,17.437523910820833,17.648229144274342,4621600,59.32173900024215,0,0.0,114513.5727434158,0.0,114513.5727434158,14.513572743415804,0.0
2017-09-21,17.467626571655273,17.548666370816797,17.403951812837242,17.548666370816797,2000000,54.31094555449943,0,0.0,114513.5727434158,0.0,114513.5727434158,14.513572743415804,0.0
2017-09-22,17.481517791748047,17.502355839192113,17.398162068901676,17.405108084716364,2081600,54.89020893167757,0,0.0,114513.5727434158,0.0,114513.5727434158,14.513572743415804,0.0
2017-09-25,17.243024826049805,17.431733126037752,17.16082620114586,17.431733126037752,5807200,44.46660814175372,0,0.0,114513.5727434158,0.0,114513.5727434158,14.513572743415804,0.0
2017-09-26,17.29975700378418,17.383112734033176,17.246503033452168,17.33333177191694,3912000,47.04284673384672,0,0.0,114513.5727434158,0.0,114513.5727434158,14.513572743415804,0.0
2017-09-27,17.50977897644043,17.567827571209424,17.386714467468042,17.40761288276619,3042400,55.30849344079745,0,0.0,114513.5727434158,0.0,114513.5727434158,14.513572743415804,0.0
2017-09-28,17.535322189331055,17.53880673548727,17.43547851576198,17.485401238297957,2148000,56.203824938756014,0,0.0,114513.5727434158,0.0,114513.5727434158,14.513572743415804,0.0
2017-09-29,17.645610809326172,17.665347117103607,17.54692749893664,17.571308685898387,6312800,59.93592949893295,0,0.0,114513.5727434158,0.0,114513.5727434158,14.513572743415804,0.0
2017-10-02,17.695537567138672,17.743137851174097,17.60033877057076,17.694377232712053,4091200,61.53395074163482,0,0.0,114513.5727434158,0.0,114513.5727434158,14.513572743415804,0.0
2017-10-03,17.740806579589844,17.747772125688037,17.69552875844952,17.725713382042382,3272000,62.97594585461533,0,0.0,114513.5727434158,0.0,114513.5727434158,14.513572743415804,0.0
2017-10-04,17.730363845825195,17.757065704780523,17.653739271602824,17.714110309308566,2831200,62.39486982958631,0,0.0,114513.5727434158,0.0,114513.5727434158,14.513572743415804,0.0
2017-10-05,17.897541046142578,17.907989366803818,17.77099554968358,17.80466295120391,2219200,67.55595246154492,0,0.0,114513.5727434158,0.0,114513.5727434158,14.513572743415804,0.0
2017-10-06,17.952110290527344,17.959075838965717,17.83601309254735,17.86039251208166,2334400,69.04916511071406,0,0.0,114513.5727434158,0.0,114513.5727434158,14.513572743415804,0.0
2017-10-09,17.9915771484375,18.03569463641614,17.96835807058109,17.986932269964967,2471200,70.12027141306677,0,0.0,114513.5727434158,0.0,114513.5727434158,14.513572743415804,0.0
2017-10-10,18.003192901611328,18.10419689450751,17.917280339462348,18.0507914052792,1958400,70.44446065690573,0,0.0,114513.5727434158,0.0,114513.5727434158,14.513572743415804,0.0
2017-10-11,18.076330184936523,18.08097506407848,17.983452088623277,17.99157974137052,2212800,72.4698419339841,0,0.0,114513.5727434158,0.0,114513.5727434158,14.513572743415804,0.0
2017-10-12,18.09026336669922,18.154115398245928,18.05659419259044,18.06588217953416,5272000,72.85153072920014,0,0.0,114513.5727434158,0.0,114513.5727434158,14.513572743415804,0.0
2017-10-13,18.172697067260746,18.21100936109685,18.1216140088126,18.16805395808497,2424800,75.05507642427648,0,0.0,114513.5727434158,0.0,114513.5727434158,14.513572743415804,0.0
2017-10-16,18.22145652770996,18.23771006604693,18.16340792343468,18.21565131298187,2201600,76.281398564128,0,0.0,114513.5727434158,0.0,114513.5727434158,14.513572743415804,0.0
2017-10-17,18.212162017822266,18.219127564400925,18.169206632919064,18.214484457182547,2772800,75.51926266599915,0,0.0,114513.5727434158,0.0,114513.5727434158,14.513572743415804,0.0
2017-10-18,18.27486038208008,18.308527790075274,18.216811783017377,18.273698276337125,2056000,77.17588004370289,0,0.0,114513.5727434158,0.0,114513.5727434158,14.513572743415804,0.0
2017-10-19,18.214487075805664,18.214487075805664,18.06472248832685,18.176174792612844,2286400,72.11531886463125,0,0.0,114513.5727434158,0.0,114513.5727434158,14.513572743415804,0.0
2017-10-20,18.336395263671875,18.371224784073966,18.30272607773209,18.320141723684632,2576000,75.595203724988,0,0.0,114513.5727434158,0.0,114513.5727434158,14.513572743415804,0.0
2017-10-23,18.27021789550781,18.392120323809205,18.24699880714157,18.392120323809205,2684800,70.45508848490195,0,0.0,114513.5727434158,0.0,114513.5727434158,14.513572743415804,0.0
2017-10-24,18.329429626464844,18.357291825451224,18.245839486499733,18.29808288110218,12344800,72.27178929032615,0,0.0,114513.5727434158,0.0,114513.5727434158,14.513572743415804,0.0
2017-10-25,18.262086868286133,18.36541328819176,18.12509127395484,18.285305950112782,4807200,67.21001762324136,0,0.0,114513.5727434158,0.0,114513.5727434158,14.513572743415804,0.0
2017-10-26,18.338706970214844,18.39791588019056,18.30852057683346,18.352638061620432,5240800,69.80154046951976,0,0.0,114513.5727434158,0.0,114513.5727434158,14.513572743415804,0.0
2017-10-27,18.80658721923828,18.854185727815683,18.62315341940709,18.633601742887294,6008800,80.12926210425093,0,0.0,114513.5727434158,0.0,114513.5727434158,14.513572743415804,0.0
2017-10-30,18.868114471435547,18.918035409260025,18.633597668312127,18.633597668312127,4676800,81.04719456794663,0,0.0,114513.5727434158,0.0,114513.5727434158,14.513572743415804,0.0
2017-10-31,18.95054244995117,18.994659945824587,18.85534368225356,18.9331285813182,5731200,82.23143760241877,0,0.0,114513.5727434158,0.0,114513.5727434158,14.513572743415804,0.0
2017-11-01,18.94358253479004,19.052714201343385,18.84025608334116,19.03994343671474,6000000,81.76685960999995,0,0.0,114513.5727434158,0.0,114513.5727434158,14.513572743415804,0.0
2017-11-02,18.95751571655273,18.97028648258441,18.81123384596525,18.9308138499422,2616000,81.98626912651966,0,0.0,114513.5727434158,0.0,114513.5727434158,14.513572743415804,0.0
2017-11-03,19.10843086242676,19.12584649907572,18.93893000332338,19.06547548072969,7180000,84.2035499082241,0,0.0,114513.5727434158,0.0,114513.5727434158,14.513572743415804,0.0
2017-11-06,19.1943416595459,19.20014687123664,19.115394677856017,19.12119988954675,3505600,85.31191254361336,0,0.0,114513.5727434158,0.0,114513.5727434158,14.513572743415804,0.0
2017-11-07,19.18621826171875,19.22104776808164,19.10959547352313,19.22104776808164,3400000,84.70669048533803,0,0.0,114513.5727434158,0.0,114513.5727434158,14.513572743415804,0.0
2017-11-08,19.29767608642578,19.299998526369595,19.137461388852525,19.190866878544487,2352800,86.15770178666884,0,0.0,114513.5727434158,0.0,114513.5727434158,14.513572743415804,0.0
2017-11-09,19.125852584838867,19.16532520606657,18.92616526727182,19.152554443727887,4783200,74.43323974301549,0,0.0,114513.5727434158,0.0,114513.5727434158,14.513572743415804,0.0
2017-11-10,19.132816314697266,19.145587075822192,19.055031413846333,19.099147139230443,2346400,74.58419447496254,0,0.0,114513.5727434158,0.0,114513.5727434158,14.513572743415804,0.0
2017-11-13,19.12933158874512,19.14094024308156,19.04225870946161,19.07244333653908,1976000,74.34762998256596,0,0.0,114513.5727434158,0.0,114513.5727434158,14.513572743415804,0.0
2017-11-14,19.09566879272461,19.11888788065257,18.993504451541007,19.078254919654352,4284000,71.97277422152982,0,0.0,114513.5727434158,0.0,114513.5727434158,14.513572743415804,0.0
2017-11-15,18.95054244995117,19.02484457528921,18.890173191021915,19.00394793292964,3724000,62.67749409805691,0,0.0,114513.5727434158,0.0,114513.5727434158,14.513572743415804,0.0
2017-11-16,19.211759567260746,19.25471672561333,19.068960541418697,19.08057096724421,4862400,70.15017026390143,0,0.0,114513.5727434158,0.0,114513.5727434158,14.513572743415804,0.0
2017-11-17,19.114242553710938,19.198993011990105,19.094506242687167,19.19667234351859,2453600,64.92410552570328,0,0.0,114513.5727434158,0.0,114513.5727434158,14.513572743415804,0.0
2017-11-20,19.18157196044922,19.20130826408484,19.13048892915609,19.144420020780768,2966400,66.76508805386533,0,0.0,114513.5727434158,0.0,114513.5727434158,14.513572743415804,0.0
2017-11-21,19.417251586914062,19.42073436027674,19.266324912356588,19.27909567185381,2856800,72.25460110384924,0,0.0,114513.5727434158,0.0,114513.5727434158,14.513572743415804,0.0
2017-11-22,19.366172790527344,19.431186936206416,19.34527614577448,19.431186936206416,2832000,69.57246996273058,0,0.0,114513.5727434158,0.0,114513.5727434158,14.513572743415804,0.0
2017-11-24,19.47762489318848,19.486912880411275,19.39403477968572,19.407965874768703,1537600,72.01361508556852,0,0.0,114513.5727434158,0.0,114513.5727434158,14.513572743415804,0.0
2017-11-27,19.45672607421875,19.4961986904675,19.40332236317688,19.46253128755001,2608800,70.86551432886228,0,0.0,114513.5727434158,0.0,114513.5727434158,14.513572743415804,0.0
2017-11-28,19.5054874420166,19.531028964473343,19.39867824424408,19.49503912051224,3306400,71.98767083024836,0,0.0,114513.5727434158,0.0,114513.5727434158,14.513572743415804,0.0
2017-11-29,18.99930191040039,19.49735978136325,18.8599856552123,19.48574935530496,7084000,50.32024381145164,0,0.0,114513.5727434158,0.0,114513.5727434158,14.513572743415804,0.0
2017-11-30,19.15719985961914,19.21060535533265,19.00279035874422,19.095668480440025,3742400,54.88217586645777,0,0.0,114513.5727434158,0.0,114513.5727434158,14.513572743415804,0.0
2017-12-01,19.051551818847656,19.146750604615665,18.75318115528238,19.057355261825307,9050400,51.47617122739789,0,0.0,114513.5727434158,0.0,114513.5727434158,14.513572743415804,0.0
2017-12-04,18.681198120117188,19.197830229570087,18.66726525355163,19.16996626794139,6482400,41.705084981788815,0,0.0,114513.5727434158,0.0,114513.5727434158,14.513572743415804,0.0
2017-12-05,18.724151611328125,18.938932086441543,18.57438704008579,18.65797714498921,11914400,43.05515863753607,0,0.0,114513.5727434158,0.0,114513.5727434158,14.513572743415804,0.0
2017-12-06,18.843734741210938,18.8832073608928,18.601092037781065,18.63243877529433,10682400,46.75244103744617,0,0.0,114513.5727434158,0.0,114513.5727434158,14.513572743415804,0.0
2017-12-07,18.979564666748047,19.01323383775432,18.85766228516044,18.85766228516044,6937600,50.670284473458814,0,0.0,114513.5727434158,0.0,114513.5727434158,14.513572743415804,0.0
2017-12-08,19.051551818847656,19.1722921311272,19.01788263776303,19.04922937875495,3776000,52.6583688155317,0,0.0,114513.5727434158,0.0,114513.5727434158,14.513572743415804,0.0
2017-12-11,19.203632354736328,19.210597901147715,19.050383247677257,19.050383247677257,3516800,56.63461046968936,0,0.0,114513.5727434158,0.0,114513.5727434158,14.513572743415804,0.0
2017-12-12,19.154874801635746,19.24426835678737,19.117722852869544,19.19783019233204,2660800,55.03854947545809,0,0.0,114513.5727434158,0.0,114513.5727434158,14.513572743415804,0.0
2017-12-13,19.17461395263672,19.26632996105824,19.154877641242283,19.22337456399403,3497600,55.58427662010006,0,0.0,114513.5727434158,0.0,114513.5727434158,14.513572743415804,0.0
2017-12-14,19.156801223754883,19.27436981549969,19.14399658297459,19.212675212522484,2433600,54.93626758079403,0,0.0,114513.5727434158,0.0,114513.5727434158,14.513572743415804,0.0
2017-12-15,19.37680625915528,19.40823437761626,19.159127373558487,19.216166548879936,3888800,60.98600320734178,0,0.0,114513.5727434158,0.0,114513.5727434158,14.513572743415804,0.0
2017-12-18,19.559558868408203,19.577018931905805,19.49786427578098,19.51299751494676,3600000,65.16902835426089,0,0.0,114513.5727434158,0.0,114513.5727434158,14.513572743415804,0.0
2017-12-19,19.455963134765625,19.53395439791605,19.39776054051585,19.531625796809443,5018400,61.1655292402399,0,0.0,114513.5727434158,0.0,114513.5727434158,14.513572743415804,0.0
2017-12-20,19.43500709533692,19.53627902032207,19.33839059541466,19.53045840684205,4673600,60.357766766384486,0,0.0,114513.5727434158,0.0,114513.5727434158,14.513572743415804,0.0
2017-12-21,19.38612174987793,19.50602074322129,19.36866167988748,19.47342565223505,3453600,58.41960631917237,0,0.0,114513.5727434158,0.0,114513.5727434158,14.513572743415804,0.0
2017-12-22,19.362836837768555,19.42453143987072,19.322096091283345,19.382625504838867,2173600,57.47293217336796,0,0.0,114513.5727434158,0.0,114513.5727434158,14.513572743415804,0.0
2017-12-26,19.2278060913086,19.24759653425777,19.14399599881561,19.24759653425777,2616000,52.19113874350376,0,0.0,114513.5727434158,0.0,114513.5727434158,14.513572743415804,0.0
2017-12-27,19.258071899414062,19.288336604637774,19.21267395347752,19.226642005703543,2235200,53.2286720499846,0,0.0,114513.5727434158,0.0,114513.5727434158,14.513572743415804,0.0
2017-12-28,19.27553367614746,19.31743961274828,19.24643238062473,19.31743961274828,3792000,53.85093987854875,0,0.0,114513.5727434158,0.0,114513.5727434158,14.513572743415804,0.0
2017-12-29,19.17543029785156,19.31977340183882,19.16960968194353,19.30929735892592,3431200,49.7634810882122,0,0.0,114513.5727434158,0.0,114513.5727434158,14.513572743415804,0.0
2018-01-02,19.43733596801757,19.43966456889533,19.21849544296357,19.262728202428697,9135200,58.61443094937813,0,0.0,114513.5727434158,0.0,114513.5727434158,14.513572743415804,0.0
2018-01-03,19.63988494873047,19.662002220317703,19.474589782397388,19.475753194932693,5599200,63.91015348312517,0,0.0,114513.5727434158,0.0,114513.5727434158,14.513572743415804,0.0
2018-01-04,19.752796173095703,19.807506752269987,19.699249006341365,19.73184231612151,4270400,66.48475724119507,0,0.0,114513.5727434158,0.0,114513.5727434158,14.513572743415804,0.0
2018-01-05,19.963483810424805,19.978617048753105,19.81564876825312,19.85522787032701,5935200,70.68692479855304,0,0.0,114513.5727434158,0.0,114513.5727434158,14.513572743415804,0.0
2018-01-08,20.058942794799805,20.079894876006403,19.940209006022453,19.975130917569,5086400,72.3768469019273,0,0.0,114513.5727434158,0.0,114513.5727434158,14.513572743415804,0.0
2018-01-09,20.00772476196289,20.10666810841597,19.95999820744904,20.095028655057977,4617600,70.04358006712525,0,0.0,114513.5727434158,0.0,114513.5727434158,14.513572743415804,0.0
2018-01-10,19.94253730773925,19.951848159556505,19.841263588154376,19.90528679566156,3386400,67.07956245467842,0,0.0,114513.5727434158,0.0,114513.5727434158,14.513572743415804,0.0
2018-01-11,20.072904586791992,20.072904586791992,19.95417083505602,19.99142133607188,3699200,69.8292759250254,0,0.0,114513.5727434158,0.0,114513.5727434158,14.513572743415804,0.0
2018-01-12,20.18815040588379,20.20910426283373,20.021691843713672,20.047301126540177,3981600,72.05166002375078,0,0.0,114513.5727434158,0.0,114513.5727434158,14.513572743415804,0.0
2018-01-16,20.09734916687012,20.383706627798126,20.040311778067803,20.31968343773275,5488000,67.81328437314166,0,0.0,114513.5727434158,0.0,114513.5727434158,14.513572743415804,0.0
2018-01-17,20.404659271240234,20.41746390960992,20.150896880534305,20.21608348452476,3756800,73.49579208081421,0,0.0,114513.5727434158,0.0,114513.5727434158,14.513572743415804,0.0
2018-01-18,20.445402145385746,20.495457287600203,20.36275370060447,20.408153417967288,4218400,74.14745963872123,0,0.0,114513.5727434158,0.0,114513.5727434158,14.513572743415804,0.0
2018-01-19,20.48847770690918,20.51874419434084,20.393026370753688,20.47683825314512,3587200,74.85148386605272,0,0.0,114513.5727434158,0.0,114513.5727434158,14.513572743415804,0.0
2018-01-22,20.64678192138672,20.64678192138672,20.42677624791391,20.479158212797586,3824000,77.29823712671467,0,0.0,114513.5727434158,0.0,114513.5727434158,14.513572743415804,0.0
2018-01-23,20.77250289916992,20.79112815325725,20.68403560655808,20.687527619674203,4268000,79.04214892943544,0,0.0,114513.5727434158,0.0,114513.5727434158,14.513572743415804,0.0
2018-01-24,20.587421417236328,20.840020459555305,20.500117527099263,20.806263736897936,5635200,70.46085559134424,0,0.0,114513.5727434158,0.0,114513.5727434158,14.513572743415804,0.0
2018-01-25,20.53387451171875,20.73525676640297,20.481492532208684,20.70848229422045,5583200,68.1554328010563,0,0.0,114513.5727434158,0.0,114513.5727434158,14.513572743415804,0.0
2018-01-26,20.85864448547364,20.85864448547364,20.633981564479985,20.66657487277925,3272000,73.76266526410834,0,0.0,114513.5727434158,0.0,114513.5727434158,14.513572743415804,0.0
2018-01-29,20.686368942260746,20.82488963871097,20.64446299907341,20.82372622613997,4627200,67.02114992854342,0,0.0,114513.5727434158,0.0,114513.5727434158,14.513572743415804,0.0
2018-01-30,20.47916412353516,20.599063102752307,20.42096152882103,20.49778938013221,6538400,59.92694147450068,0,0.0,114513.5727434158,0.0,114513.5727434158,14.513572743415804,0.0
2018-01-31,20.62350273132324,20.660753236449825,20.4931295157839,20.59789345309918,6596800,62.87493570482349,0,0.0,114513.5727434158,0.0,114513.5727434158,14.513572743415804,0.0
2018-02-01,20.608367919921875,20.75387436409728,20.519900641295845,20.53154186731056,3925600,62.356925852362586,0,0.0,114513.5727434158,0.0,114513.5727434158,14.513572743415804,0.0
2018-02-02,20.028676986694336,20.39768123099927,20.01936435822012,20.387205190041623,6180800,46.54084414660517,0,0.0,114513.5727434158,0.0,114513.5727434158,14.513572743415804,0.0
2018-02-05,19.245267868041992,20.18814872335551,19.22431401283839,19.81681770572313,13896800,33.99275985739014,0,0.0,114513.5727434158,0.0,114513.5727434158,14.513572743415804,0.0
2018-02-06,19.731840133666992,19.772582654486904,18.812239982207554,18.95076242155289,13516000,44.0776662221116,0,0.0,114513.5727434158,0.0,114513.5727434158,14.513572743415804,0.0
2018-02-07,19.51067543029785,19.895976353904032,19.504854815120844,19.70157988516808,10808000,41.010557844165966,0,0.0,114513.5727434158,0.0,114513.5727434158,14.513572743415804,0.0
2018-02-08,18.70747947692871,19.60263392523129,18.69467483456276,19.585173856642395,7523200,32.23732102886696,0,0.0,114513.5727434158,0.0,114513.5727434158,14.513572743415804,0.0
2018-02-09,19.15912818908692,19.275533369324933,18.387363051926275,18.985685607301605,10192800,40.00899005211219,0,0.0,114513.5727434158,0.0,114513.5727434158,14.513572743415804,0.0
2018-02-12,19.501361846923828,19.614275026263183,19.21849808042781,19.347707915743868,6020800,45.14306165112852,0,0.0,114513.5727434158,0.0,114513.5727434158,14.513572743415804,0.0
2018-02-13,19.56189346313477,19.601470803324545,19.3407225259168,19.381465054831303,4084800,46.02295311033371,0,0.0,114513.5727434158,0.0,114513.5727434158,14.513572743415804,0.0
2018-02-14,19.96115493774414,19.98909281361492,19.38611320353264,19.45246499265012,4979200,51.54381149254212,0,0.0,114513.5727434158,0.0,114513.5727434158,14.513572743415804,0.0
2018-02-15,20.34646415710449,20.34646415710449,19.91809387303669,20.14974086081832,5687200,56.19978408834736,0,0.0,114513.5727434158,0.0,114513.5727434158,14.513572743415804,0.0
2018-02-16,20.29524040222168,20.50127625702076,20.20793653202492,20.28825460059644,7195200,55.4371629213148,0,0.0,114513.5727434158,0.0,114513.5727434158,14.513572743415804,0.0
2018-02-20,20.345293045043945,20.500112115831453,20.17068531085977,20.183489949081345,12955200,56.06454145926124,0,0.0,114513.5727434158,0.0,114513.5727434158,14.513572743415804,0.0
2018-02-21,20.244020462036133,20.60487536843185,20.23936326127137,20.42910422789792,4133600,54.39586451371928,0,0.0,114513.5727434158,0.0,114513.5727434158,14.513572743415804,0.0
2018-02-22,20.251014709472656,20.429114540291817,20.19514070550259,20.31387274191366,3287200,54.4965951725025,0,0.0,114513.5727434158,0.0,114513.5727434158,14.513572743415804,0.0
2018-02-23,20.6630802154541,20.6630802154541,20.36857528987596,20.40931780813773,3156000,60.08969359008338,0,0.0,114513.5727434158,0.0,114513.5727434158,14.513572743415804,0.0
2018-02-26,20.971555709838867,20.976211135078128,20.7538768356126,20.757370624794444,7978400,63.687997628369615,0,0.0,114513.5727434158,0.0,114513.5727434158,14.513572743415804,0.0
2018-02-27,20.779483795166016,21.078645899196086,20.779483795166016,20.99134203204047,10240800,60.05717073808958,0,0.0,114513.5727434158,0.0,114513.5727434158,14.513572743415804,0.0
2018-02-28,20.643291473388672,20.989014954506143,20.643291473388672,20.884251016798604,3654400,57.55175411339819,0,0.0,114513.5727434158,0.0,114513.5727434158,14.513572743415804,0.0
2018-03-01,20.318523406982425,20.769010860426725,20.143915646583608,20.701495646594942,10119200,51.98272478049216,0,0.0,114513.5727434158,0.0,114513.5727434158,14.513572743415804,0.0
2018-03-02,20.54551124572754,20.57810454923368,20.01586739945001,20.08687461984592,5247200,55.24259137552997,0,0.0,114513.5727434158,0.0,114513.5727434158,14.513572743415804,0.0
2018-03-05,20.75620651245117,20.82139312639199,20.396514947255003,20.43609228054736,3785600,58.086975154664046,0,0.0,114513.5727434158,0.0,114513.5727434158,14.513572743415804,0.0
2018-03-06,20.826051712036133,20.907534984877,20.71663055584892,20.862137034565507,52516000,59.01678837125797,0,0.0,114513.5727434158,0.0,114513.5727434158,14.513572743415804,0.0
2018-03-07,20.957595825195312,20.97971310202982,20.61536595737576,20.671239967766315,5213600,60.78143576364164,0,0.0,114513.5727434158,0.0,114513.5727434158,14.513572743415804,0.0
2018-03-08,21.0390739440918,21.07748786859236,20.91801155605328,21.02510411396293,4468000,61.87640043995162,0,0.0,114513.5727434158,0.0,114513.5727434158,14.513572743415804,0.0
2018-03-09,21.45464134216309,21.45464134216309,21.17643299539885,21.19622166552993,5372000,66.94543268554402,0,0.0,114513.5727434158,0.0,114513.5727434158,14.513572743415804,0.0
2018-03-12,21.53030776977539,21.60946245759616,21.45231471838391,21.52332196537724,6228800,67.78533960051232,0,0.0,114513.5727434158,0.0,114513.5727434158,14.513572743415804,0.0
2018-03-13,21.2695541381836,21.69326891250416,21.19738349664282,21.62924570974925,6681600,61.94402102520358,0,0.0,114513.5727434158,0.0,114513.5727434158,14.513572743415804,0.0
2018-03-14,21.274206161499023,21.39643193335668,21.165950216500544,21.37082265635025,3964000,62.00692466351814,0,0.0,114513.5727434158,0.0,114513.5727434158,14.513572743415804,0.0
2018-03-15,21.27886962890625,21.39876683556212,21.17876109190984,21.287017068788483,3104800,62.07460067817703,0,0.0,114513.5727434158,0.0,114513.5727434158,14.513572743415804,0.0
2018-03-16,21.2541446685791,21.3801212340874,21.22381546068595,21.314799524599216,2503200,61.44962815056266,0,0.0,114513.5727434158,0.0,114513.5727434158,14.513572743415804,0.0
2018-03-19,20.836544036865234,21.071002626747823,20.64874328839088,21.071002626747823,5984800,51.9382299427028,0,0.0,114513.5727434158,0.0,114513.5727434158,14.513572743415804,0.0
2018-03-20,20.8575382232666,20.925193334982733,20.7362267752848,20.77938536487446,3238400,52.33764386404723,0,0.0,114513.5727434158,0.0,114513.5727434158,14.513572743415804,0.0
2018-03-21,20.766557693481445,21.02551283444329,20.70123599664112,20.819048215593657,3920800,50.383546206064985,0,0.0,114513.5727434158,0.0,114513.5727434158,14.513572743415804,0.0
2018-03-22,20.208984375,20.63007785799184,20.198486628470484,20.49710106230401,5284000,40.4227113059529,0,0.0,114513.5727434158,0.0,114513.5727434158,14.513572743415804,0.0
2018-03-23,19.670080184936523,20.252144498463743,19.66658093582821,20.176325061273715,6452800,33.52414318279365,0,0.0,114513.5727434158,0.0,114513.5727434158,14.513572743415804,0.0
2018-03-26,20.41661071777344,20.43527456114593,19.78905277845924,20.059673167714244,4456800,47.01419832519699,0,0.0,114513.5727434158,0.0,114513.5727434158,14.513572743415804,0.0
2018-03-27,19.72373390197754,20.55892232250614,19.57559429640298,20.55542307386311,7929600,39.08615720826977,0,0.0,114513.5727434158,0.0,114513.5727434158,14.513572743415804,0.0
2018-03-28,19.52893829345703,19.829886191597787,19.41579115338495,19.66891360471531,6789600,37.18752040197609,0,0.0,114513.5727434158,0.0,114513.5727434158,14.513572743415804,0.0
2018-03-29,19.94652557373047,20.14715743534218,19.53592992905045,19.67124012034803,4537600,43.52121409762611,0,0.0,114513.5727434158,0.0,114513.5727434158,14.513572743415804,0.0
2018-04-02,19.46595001220703,19.95469866806137,19.23965573222728,19.861381200662763,7639200,38.68651122270793,0,0.0,114513.5727434158,0.0,114513.5727434158,14.513572743415804,0.0
2018-04-03,19.642078399658203,19.69340307737938,19.33879718396872,19.62224873415357,5156000,41.2618900149232,0,0.0,114513.5727434158,0.0,114513.5727434158,14.513572743415804,0.0
2018-04-04,19.90220642089844,19.961697218710096,19.20232808340714,19.25715202890124,4648800,44.94030997420278,0,0.0,114513.5727434158,0.0,114513.5727434158,14.513572743415804,0.0
2018-04-05,19.986194610595703,20.13083679359022,19.852051956764846,20.079512090595944,3403200,46.1136817050408,0,0.0,114513.5727434158,0.0,114513.5727434158,14.513572743415804,0.0
2018-04-06,19.503273010253903,19.962859999957026,19.40645630806772,19.780891944718352,3950400,40.737878504950736,0,0.0,114513.5727434158,0.0,114513.5727434158,14.513572743415804,0.0
2018-04-09,19.636245727539062,20.0246782786275,19.61991531007057,19.647911074251702,3306400,42.71804625010075,0,0.0,114513.5727434158,0.0,114513.5727434158,14.513572743415804,0.0
2018-04-10,20.11916923522949,20.200821353821123,19.85904827890091,19.95119814562232,4978400,49.338709816031006,0,0.0,114513.5727434158,0.0,114513.5727434158,14.513572743415804,0.0
2018-04-11,20.036348342895508,20.21948222620516,19.936032389146245,19.99785482553891,3116000,48.30750589662044,0,0.0,114513.5727434158,0.0,114513.5727434158,14.513572743415804,0.0
2018-04-12,20.28596878051757,20.376952798414564,20.13316233455936,20.1646555700668,2426400,51.59150666743604,0,0.0,114513.5727434158,0.0,114513.5727434158,14.513572743415804,0.0
2018-04-13,20.205486297607425,20.432946385013164,20.11333465970809,20.40961746474533,3796000,50.47802260197041,0,0.0,114513.5727434158,0.0,114513.5727434158,14.513572743415804,0.0
2018-04-16,20.34546661376953,20.430617994682027,20.208990527687984,20.337302290610616,2748000,52.40219085964583,0,0.0,114513.5727434158,0.0,114513.5727434158,14.513572743415804,0.0
2018-04-17,20.767719268798828,20.82954348339426,20.49126793697322,20.528595630322734,3832800,57.73674484380544,0,0.0,114513.5727434158,0.0,114513.5727434158,14.513572743415804,0.0
2018-04-18,20.73273086547852,20.802717634472653,20.58692287188731,20.75489218540288,3199200,57.16503190659837,0,0.0,114513.5727434158,0.0,114513.5727434158,14.513572743415804,0.0
2018-04-19,20.488937377929688,20.61141644153147,20.41428376066769,20.607917192275647,3040800,53.2112573233154,0,0.0,114513.5727434158,0.0,114513.5727434158,14.513572743415804,0.0
2018-04-20,20.20198440551757,20.44577488320372,20.126163199713737,20.43644296034099,6593600,48.92221004125962,0,0.0,114513.5727434158,0.0,114513.5727434158,14.513572743415804,0.0
2018-04-23,20.11800193786621,20.34079695789104,20.025850298014763,20.28713883824408,2988000,47.71013217785202,0,0.0,114513.5727434158,0.0,114513.5727434158,14.513572743415804,0.0
2018-04-24,19.73773765563965,20.269644942151828,19.58842862971425,20.20782249401931,5121600,42.56751352171563,0,0.0,114513.5727434158,0.0,114513.5727434158,14.513572743415804,0.0
2018-04-25,19.706241607666016,19.79022715169317,19.45661840177494,19.78206104996816,4559200,42.16214353033,0,0.0,114513.5727434158,0.0,114513.5727434158,14.513572743415804,0.0
2018-04-26,20.106334686279297,20.183321719408344,19.90803620872946,19.97102624670137,2740000,48.82853512381544,0,0.0,114513.5727434158,0.0,114513.5727434158,14.513572743415804,0.0
2018-04-27,20.021183013916016,20.31279894093057,19.917367815094128,20.29880194599623,3090400,47.57179636299778,0,0.0,114513.5727434158,0.0,114513.5727434158,14.513572743415804,0.0
2018-04-30,19.941864013671875,20.215981912703928,19.88237322639809,20.070173951554217,4079200,46.37445263324647,0,0.0,114513.5727434158,0.0,114513.5727434158,14.513572743415804,0.0
2018-05-01,20.18215560913086,20.198486029875845,19.85087856277461,19.896372356152465,2947200,50.44370093585488,0,0.0,114513.5727434158,0.0,114513.5727434158,14.513572743415804,0.0
2018-05-02,20.187986373901367,20.407280320320183,20.16232403231796,20.30113170557812,3120800,50.54177464608159,0,0.0,114513.5727434158,0.0,114513.5727434158,14.513572743415804,0.0
2018-05-03,20.250986099243164,20.320974666831656,19.91854307302264,20.11450999434049,3070400,51.65505019885595,0,0.0,114513.5727434158,0.0,114513.5727434158,14.513572743415804,0.0
2018-05-04,20.63241195678711,20.67207129822486,20.155326916979245,20.16582644373364,4048800,57.84229453824987,0,0.0,114513.5727434158,0.0,114513.5727434158,14.513572743415804,0.0
2018-05-07,20.81087875366211,20.89603010316423,20.69189896101212,20.72106055274813,5992000,60.39625621735094,0,0.0,114513.5727434158,0.0,114513.5727434158,14.513572743415804,0.0
2018-05-08,20.89019775390625,20.897196251250627,20.69539853166433,20.778218236631567,5102400,61.51225660560446,0,0.0,114513.5727434158,0.0,114513.5727434158,14.513572743415804,0.0
2018-05-09,21.164316177368164,21.16781542583284,20.884363841018363,20.946188050286203,4032000,65.16553619607483,0,0.0,114513.5727434158,0.0,114513.5727434158,14.513572743415804,0.0
2018-05-10,21.41627693176269,21.425607076237185,21.209812332583684,21.236640502683645,4616800,68.15744107132494,0,0.0,114513.5727434158,0.0,114513.5727434158,14.513572743415804,0.0
2018-05-11,21.354455947875977,21.43494046366945,21.27863472475547,21.381284119807138,3166400,66.6449473629957,0,0.0,114513.5727434158,0.0,114513.5727434158,14.513572743415804,0.0
2018-05-14,21.32762718200684,21.50959527980226,21.2961339357688,21.426777333184425,6256800,65.96085297244935,0,0.0,114513.5727434158,0.0,114513.5727434158,14.513572743415804,0.0
2018-05-15,21.142162322998047,21.19115360279504,21.02901516017536,21.18998777942475,5376000,61.27811538154692,0,0.0,114513.5727434158,0.0,114513.5727434158,14.513572743415804,0.0
2018-05-16,21.25297164916992,21.29379859713725,21.12349408661505,21.16898610697851,2639200,62.96961218939201,0,0.0,114513.5727434158,0.0,114513.5727434158,14.513572743415804,0.0
2018-05-17,21.147987365722656,21.31829007022532,21.047671415716653,21.17248210683766,2608800,60.28277950768191,0,0.0,114513.5727434158,0.0,114513.5727434158,14.513572743415804,0.0
2018-05-18,21.066335678100582,21.182982051113584,21.054670328846324,21.10599501775323,2235200,58.20270758187128,0,0.0,114513.5727434158,0.0,114513.5727434158,14.513572743415804,0.0
2018-05-21,21.23080444335937,21.364948832242185,21.125823425870475,21.25530096337734,2880000,61.11334819783069,0,0.0,114513.5727434158,0.0,114513.5727434158,14.513572743415804,0.0
2018-05-22,21.18065452575684,21.359123383793683,21.1421609983532,21.32646253264203,2114400,59.74710264738556,0,0.0,114513.5727434158,0.0,114513.5727434158,14.513572743415804,0.0
2018-05-23,21.34395408630371,21.34395408630371,20.99751419576319,21.018511469674817,2529600,62.673350868137526,0,0.0,114513.5727434158,0.0,114513.5727434158,14.513572743415804,0.0
2018-05-24,21.32879638671875,21.36845573821472,21.10250207071492,21.3416275627772,2330400,62.22119793977102,0,0.0,114513.5727434158,0.0,114513.5727434158,14.513572743415804,0.0
2018-05-25,21.333459854125977,21.39878155282212,21.27863590417397,21.303132431126425,2542400,62.311287417478425,0,0.0,114513.5727434158,0.0,114513.5727434158,14.513572743415804,0.0
2018-05-29,21.21331787109375,21.331130113751083,21.067509847064976,21.23548097552742,2954400,58.44458542366032,0,0.0,114513.5727434158,0.0,114513.5727434158,14.513572743415804,0.0
2018-05-30,21.36961936950684,21.410446320018448,21.28680142516534,21.324127346308376,2940000,61.76848937162951,0,0.0,114513.5727434158,0.0,114513.5727434158,14.513572743415804,0.0
2018-05-31,21.347455978393555,21.521259746644564,21.32995973120303,21.37195250434301,2940800,61.02311751792543,0,0.0,114513.5727434158,0.0,114513.5727434158,14.513572743415804,0.0
2018-06-01,21.73355484008789,21.73355484008789,21.481598226735272,21.481598226735272,16909600,68.21814213471653,0,0.0,114513.5727434158,0.0,114513.5727434158,14.513572743415804,0.0
2018-06-04,21.91552352905273,21.93535320104865,21.76504869466816,21.793044468012003,3601600,70.94079195392065,0,0.0,114513.5727434158,0.0,114513.5727434158,14.513572743415804,0.0
2018-06-05,22.03567123413086,22.046168982665023,21.9318560122332,21.971515359950786,5015200,72.60926678940064,0,0.0,114513.5727434158,0.0,114513.5727434158,14.513572743415804,0.0
2018-06-06,22.162811279296875,22.162811279296875,21.9610135486472,22.05899607660494,4140000,74.29141997084186,0,0.0,114513.5727434158,0.0,114513.5727434158,14.513572743415804,0.0
2018-06-07,21.912023544311523,22.177977152561205,21.77088063911288,22.177977152561205,4134400,65.71798710662688,0,0.0,114513.5727434158,0.0,114513.5727434158,14.513572743415804,0.0
2018-06-08,21.91552352905273,21.94818437467925,21.732387849041643,21.77438061911611,2836800,65.77734443420638,0,0.0,114513.5727434158,0.0,114513.5727434158,14.513572743415804,0.0
2018-06-11,21.913185119628903,21.97734097319205,21.853696117169733,21.920183616402667,3641600,65.69550120792796,0,0.0,114513.5727434158,0.0,114513.5727434158,14.513572743415804,0.0
2018-06-12,22.06015968322754,22.074158457159648,21.926017077230416,21.951679419576653,2361600,68.36019049028948,0,0.0,114513.5727434158,0.0,114513.5727434158,14.513572743415804,0.0
2018-06-13,22.017004013061523,22.21647010408974,21.99017584428688,22.072993776555457,3336800,66.72133524717314,0,0.0,114513.5727434158,0.0,114513.5727434158,14.513572743415804,0.0
2018-06-14,22.13481712341309,22.21647101588427,22.078827357621257,22.09865702925831,4594400,68.9124459678473,0,0.0,114513.5727434158,0.0,114513.5727434158,14.513572743415804,0.0
2018-06-15,22.05083465576172,22.07533118289117,21.90036158302677,22.07299775652579,2816000,65.59685359022436,0,0.0,114513.5727434158,0.0,114513.5727434158,14.513572743415804,0.0
2018-06-18,22.0834903717041,22.09631976299025,21.814035777167643,21.900354726835285,3100800,66.2762980651563,0,0.0,114513.5727434158,0.0,114513.5727434158,14.513572743415804,0.0
2018-06-19,21.9306869506836,21.93185455369825,21.634405905832057,21.80237699073921,4202400,60.277432815809135,0,0.0,114513.5727434158,0.0,114513.5727434158,14.513572743415804,0.0
2018-06-20,21.99134635925293,22.083498014960966,21.95868550858961,21.98551368308815,3215200,61.75725554369362,0,0.0,114513.5727434158,0.0,114513.5727434158,14.513572743415804,0.0
2018-06-21,21.79654693603516,22.08233026741199,21.749889086787743,22.055502093088872,5245600,54.708659282645854,0,0.0,114513.5727434158,0.0,114513.5727434158,14.513572743415804,0.0
2018-06-22,21.68106269836425,21.844368702943587,21.608742510267483,21.844368702943587,2446400,50.992927786576814,0,0.0,114513.5727434158,0.0,114513.5727434158,14.513572743415804,0.0
2018-06-25,21.17948341369629,21.52009061914057,21.0080130980268,21.52009061914057,7468800,38.69902362864197,0,0.0,114513.5727434158,0.0,114513.5727434158,14.513572743415804,0.0
2018-06-26,21.291465759277344,21.432608676546245,21.21097946412987,21.25530566258968,4446400,42.057715337450745,0,0.0,114513.5727434158,0.0,114513.5727434158,14.513572743415804,0.0
2018-06-27,20.964853286743164,21.441938331553686,20.95785478875517,21.35561936997597,4678400,35.882485126149746,0,0.0,114513.5727434158,0.0,114513.5727434158,14.513572743415804,0.0
2018-06-28,21.20439720153809,21.272236517875264,20.933041720917902,20.933041720917902,6327200,42.54546979679936,0,0.0,114513.5727434158,0.0,114513.5727434158,14.513572743415804,0.0
2018-06-29,21.217269897460938,21.40675280010864,21.21142312496545,21.28978879453338,2836000,42.88893397649378,0,0.0,114513.5727434158,0.0,114513.5727434158,14.513572743415804,0.0
2018-07-02,21.43949508666992,21.43949508666992,21.01491532369157,21.05234464906561,4277600,48.60132057014685,0,0.0,114513.5727434158,0.0,114513.5727434158,14.513572743415804,0.0
2018-07-03,21.200883865356445,21.54358914963281,21.188017760116143,21.521365714697005,2643200,43.56287968346312,0,0.0,114513.5727434158,0.0,114513.5727434158,14.513572743415804,0.0
2018-07-05,21.479263305664062,21.49096041651532,21.264050029937824,21.33071856455008,4777600,50.06671072163592,0,0.0,114513.5727434158,0.0,114513.5727434158,14.513572743415804,0.0
2018-07-06,21.735408782958984,21.77049832125657,21.45235626755376,21.51200723335001,2593600,55.18433573495034,0,0.0,114513.5727434158,0.0,114513.5727434158,14.513572743415804,0.0
2018-07-09,21.92372703552246,21.92372703552246,21.743601520523104,21.855887718095428,2747200,58.54801103229841,0,0.0,114513.5727434158,0.0,114513.5727434158,14.513572743415804,0.0
2018-07-10,21.968170166015625,22.04068724462996,21.92372329345677,21.95881283575438,6876800,59.3239365837649,0,0.0,114513.5727434158,0.0,114513.5727434158,14.513572743415804,0.0
2018-07-11,21.85237503051757,21.954133096080795,21.768160843593453,21.80909894005566,2871200,56.36358272134938,0,0.0,114513.5727434158,0.0,114513.5727434158,14.513572743415804,0.0
2018-07-12,22.223154067993164,22.229002623377816,21.92021781719064,21.954136582855963,2724000,62.770012828654046,0,0.0,114513.5727434158,0.0,114513.5727434158,14.513572743415804,0.0
2018-07-13,22.195077896118164,22.258239426820456,22.121391823269743,22.22899844012856,2560800,62.0274075372897,0,0.0,114513.5727434158,0.0,114513.5727434158,14.513572743415804,0.0
2018-07-16,22.11788749694824,22.233680685315445,22.083966946114288,22.200930916410726,2884000,59.92823849847986,0,0.0,114513.5727434158,0.0,114513.5727434158,14.513572743415804,0.0
2018-07-17,22.29801750183105,22.33076727995339,21.92373304848362,21.981044267833177,3102400,63.06918228176234,0,0.0,114513.5727434158,0.0,114513.5727434158,14.513572743415804,0.0
2018-07-18,22.285144805908203,22.30502846641289,22.190404276850607,22.300350692947063,2403200,62.69100529529528,0,0.0,114513.5727434158,0.0,114513.5727434158,14.513572743415804,0.0
2018-07-19,22.26175117492676,22.33426826049244,22.21028674592076,22.2465452887036,2442400,61.96384681060372,0,0.0,114513.5727434158,0.0,114513.5727434158,14.513572743415804,0.0
2018-07-20,22.246545791625977,22.36701853282787,22.21613580322061,22.33543954727446,2615200,61.4648074646188,0,0.0,114513.5727434158,0.0,114513.5727434158,14.513572743415804,0.0
2018-07-23,22.33426856994629,22.35181423538421,22.08630553736727,22.198589943364823,2787200,63.30112933056335,0,0.0,114513.5727434158,0.0,114513.5727434158,14.513572743415804,0.0
2018-07-24,22.30034828186035,22.557668628144288,22.23133997614721,22.4699456611342,3508800,62.06944067423062,0,0.0,114513.5727434158,0.0,114513.5727434158,14.513572743415804,0.0
2018-07-25,22.62200164794922,22.632527976812888,22.30035073355007,22.3249121675653,2319200,68.35697935703047,0,0.0,114513.5727434158,0.0,114513.5727434158,14.513572743415804,0.0
2018-07-26,22.543630599975582,22.62433421998348,22.46760296759282,22.514389614765623,3770400,65.50769383959218,0,0.0,114513.5727434158,0.0,114513.5727434158,14.513572743415804,0.0
2018-07-27,22.105024337768555,22.574049278725727,21.967005906347428,22.571709499283664,3990400,52.35498989538596,0,0.0,114513.5727434158,0.0,114513.5727434158,14.513572743415804,0.0
2018-07-30,21.70850944519043,22.12490081417824,21.57633961294396,22.12373003247312,4684800,43.7942848871526,0,0.0,114513.5727434158,0.0,114513.5727434158,14.513572743415804,0.0
2018-07-31,21.77400588989257,21.91670202892726,21.634818526020386,21.772835108353107,4324800,45.38291530190023,0,0.0,114513.5727434158,0.0,114513.5727434158,14.513572743415804,0.0
2018-08-01,22.024316787719727,22.07695021937649,21.88746915152069,21.93074525103625,3085600,51.07439645701694,0,0.0,114513.5727434158,0.0,114513.5727434158,14.513572743415804,0.0
2018-08-02,22.34245681762696,22.3740358027818,21.814948199776502,21.85003774578811,2952800,57.18169932451045,0,0.0,114513.5727434158,0.0,114513.5727434158,14.513572743415804,0.0
2018-08-03,22.39976692199707,22.40210670087766,22.213794657378227,22.36584815950613,2857600,58.19409085536833,0,0.0,114513.5727434158,0.0,114513.5727434158,14.513572743415804,0.0
2018-08-06,22.531938552856445,22.534278331922643,22.35649260219008,22.38924237020285,2488000,60.51290526420033,0,0.0,114513.5727434158,0.0,114513.5727434158,14.513572743415804,0.0
2018-08-07,22.62200164794922,22.67814385328399,22.562348881598027,22.605626763696225,2771200,62.057271091420525,0,0.0,114513.5727434158,0.0,114513.5727434158,14.513572743415804,0.0
2018-08-08,22.6652774810791,22.694518472956304,22.527260856088382,22.60913527639885,3417600,62.8099419657891,0,0.0,114513.5727434158,0.0,114513.5727434158,14.513572743415804,0.0
2018-08-09,22.68633270263672,22.78107323401693,22.665278259703022,22.68399292348218,4003200,63.19251273131345,0,0.0,114513.5727434158,0.0,114513.5727434158,14.513572743415804,0.0
2018-08-10,22.53778648376465,22.64890189249594,22.45123250799823,22.527260155351133,2946400,58.61157112016073,0,0.0,114513.5727434158,0.0,114513.5727434158,14.513572743415804,0.0
2018-08-13,22.495683670043945,22.733120419146413,22.48515733962552,22.57872710076101,3118400,57.342745850916586,0,0.0,114513.5727434158,0.0,114513.5727434158,14.513572743415804,0.0
2018-08-14,22.643051147460938,22.66410558698017,22.45006133963076,22.57755161958472,3759200,60.56099469162942,0,0.0,114513.5727434158,0.0,114513.5727434158,14.513572743415804,0.0
2018-08-15,22.44304656982422,22.591589522980858,22.267600619240174,22.50503732958564,3533600,54.54628248473367,0,0.0,114513.5727434158,0.0,114513.5727434158,14.513572743415804,0.0
2018-08-16,22.58106231689453,22.68165139604348,22.5401260008526,22.609134310399504,2669600,57.67048068059147,0,0.0,114513.5727434158,0.0,114513.5727434158,14.513572743415804,0.0
2018-08-17,22.66059684753418,22.70036416313307,22.44304382403728,22.50854335201857,3205600,59.40222268466434,0,0.0,114513.5727434158,0.0,114513.5727434158,14.513572743415804,0.0
2018-08-20,22.639545440673828,22.72025086443611,22.533107801082167,22.715573090980097,3512000,58.717495666887714,0,0.0,114513.5727434158,0.0,114513.5727434158,14.513572743415804,0.0
2018-08-21,22.68866920471192,22.822008052093047,22.67229432116435,22.692177980848644,2760800,59.87967827233871,0,0.0,114513.5727434158,0.0,114513.5727434158,14.513572743415804,0.0
2018-08-22,22.8044662475586,22.841893791333995,22.614985180010702,22.64890394732993,2339200,62.55567085635897,0,0.0,114513.5727434158,0.0,114513.5727434158,14.513572743415804,0.0
2018-08-23,22.876977920532227,22.98107576176896,22.783406406170087,22.791594739113563,2604800,64.16740675077992,0,0.0,114513.5727434158,0.0,114513.5727434158,14.513572743415804,0.0
2018-08-24,23.138978958129883,23.143656730953666,22.94715814724585,22.94715814724585,2939200,69.30799534958288,0,0.0,114513.5727434158,0.0,114513.5727434158,14.513572743415804,0.0
2018-08-27,23.3167667388916,23.3460077296428,23.188105665694984,23.24541865006956,3593600,72.22035424755774,0,0.0,114513.5727434158,0.0,114513.5727434158,14.513572743415804,0.0
2018-08-28,23.427879333496094,23.44659399366436,23.32027271462092,23.39395878885009,2707200,73.88800735163912,0,0.0,114513.5727434158,0.0,114513.5727434158,14.513572743415804,0.0
2018-08-29,23.65245056152344,23.66765644642561,23.430219766189072,23.430219766189072,31328000,76.90560363649033,0,0.0,114513.5727434158,0.0,114513.5727434158,14.513572743415804,0.0
2018-08-30,23.595144271850582,23.75187736865941,23.530813722943464,23.605672386929044,3841600,74.53840830106623,0,0.0,114513.5727434158,0.0,114513.5727434158,14.513572743415804,0.0
2018-08-31,23.72029495239257,23.7588932790674,23.5740899807737,23.5740899807737,2654400,76.2572014979608,0,0.0,114513.5727434158,0.0,114513.5727434158,14.513572743415804,0.0
2018-09-04,23.75421142578125,23.764737754386047,23.534320383324246,23.67818556177528,4084800,76.71593352608838,0,0.0,114513.5727434158,0.0,114513.5727434158,14.513572743415804,0.0
2018-09-05,23.38460731506348,23.73549924981664,23.261796565682808,23.73549924981664,4346400,62.53616373263391,0,0.0,114513.5727434158,0.0,114513.5727434158,14.513572743415804,0.0
2018-09-06,23.259450912475582,23.42787928417896,23.100379870836647,23.384601409539925,4081600,58.58716451359193,0,0.0,114513.5727434158,0.0,114513.5727434158,14.513572743415804,0.0
2018-09-07,23.1881103515625,23.408003217560648,23.094538805304005,23.134306132427007,3655200,56.40086475887326,0,0.0,114513.5727434158,0.0,114513.5727434158,14.513572743415804,0.0
2018-09-10,23.27348899841309,23.302729989339483,23.13313259891208,23.28401711154021,2818400,58.401563352662784,0,0.0,114513.5727434158,0.0,114513.5727434158,14.513572743415804,0.0
2018-09-11,23.42086601257324,23.48168599201354,23.133133860880505,23.184598293275023,4108000,61.6711631721809,0,0.0,114513.5727434158,0.0,114513.5727434158,14.513572743415804,0.0
2018-09-12,23.375253677368164,23.40683266907164,23.10389636898321,23.4033238922157,3530400,60.09679556999604,0,0.0,114513.5727434158,0.0,114513.5727434158,14.513572743415804,0.0
2018-09-13,23.645431518554688,23.74484980083753,23.510921911144024,23.521450022573635,3360800,65.68486528863522,0,0.0,114513.5727434158,0.0,114513.5727434158,14.513572743415804,0.0
2018-09-14,23.66765594482422,23.78344911284585,23.553029989069632,23.67467349625241,2982400,66.1053504793918,0,0.0,114513.5727434158,0.0,114513.5727434158,14.513572743415804,0.0
2018-09-17,23.30975151062012,23.670000794341355,23.28402107617387,23.64075979843601,2941600,54.51927677738028,0,0.0,114513.5727434158,0.0,114513.5727434158,14.513572743415804,0.0
2018-09-18,23.462974548339844,23.56824141396485,23.295715132827,23.317938574059283,6394400,57.91960728124423,0,0.0,114513.5727434158,0.0,114513.5727434158,14.513572743415804,0.0
2018-09-19,23.3471794128418,23.547188597871333,23.255947653980225,23.480518274618607,4063200,54.59747257261738,0,0.0,114513.5727434158,0.0,114513.5727434158,14.513572743415804,0.0
2018-09-20,23.599822998046875,23.64193010268872,23.40800214017375,23.49338534676767,6365600,59.98967681008261,0,0.0,114513.5727434158,0.0,114513.5727434158,14.513572743415804,0.0
2018-09-21,23.562387466430664,23.740173170877988,23.51794237886502,23.69221752284808,5593600,58.87391968837495,0,0.0,114513.5727434158,0.0,114513.5727434158,14.513572743415804,0.0
2018-09-24,23.64910316467285,23.66318542058655,23.340494957803227,23.448449370492963,3504800,60.69744715656935,0,0.0,114513.5727434158,0.0,114513.5727434158,14.513572743415804,0.0
2018-09-25,23.65732383728028,23.70660726897376,23.569317325578247,23.651456378400727,2476800,60.87455938289992,0,0.0,114513.5727434158,0.0,114513.5727434158,14.513572743415804,0.0
2018-09-26,23.54584312438965,23.774659636890384,23.50946739554294,23.68313303189009,4165600,57.11566528762792,0,0.0,114513.5727434158,0.0,114513.5727434158,14.513572743415804,0.0
2018-09-27,23.66318893432617,23.74650075441034,23.640893667107427,23.64558655944443,3102400,59.92105423395616,0,0.0,114513.5727434158,0.0,114513.5727434158,14.513572743415804,0.0
2018-09-28,23.76878929138184,23.795777443295755,23.61741893704265,23.629152059811307,2500800,62.310500444606056,0,0.0,114513.5727434158,0.0,114513.5727434158,14.513572743415804,0.0
2018-10-01,23.81221008300781,23.961234917352897,23.75940654358535,23.88848345372625,4048800,63.27989791645609,0,0.0,114513.5727434158,0.0,114513.5727434158,14.513572743415804,0.0
2018-10-02,23.781700134277344,23.93893796610572,23.7242019164461,23.81220840611824,5172000,62.0717941599351,0,0.0,114513.5727434158,0.0,114513.5727434158,14.513572743415804,0.0
2018-10-03,23.886133193969727,23.98939470946544,23.84623735043603,23.87909296163984,3349600,64.56550407282514,0,0.0,114513.5727434158,0.0,114513.5727434158,14.513572743415804,0.0
2018-10-04,23.466049194335938,23.82042248335844,23.30411847577984,23.795779879177854,5644000,50.25267106068967,0,0.0,114513.5727434158,0.0,114513.5727434158,14.513572743415804,0.0
2018-10-05,23.157445907592773,23.52824529069554,22.918067209498,23.457841160459445,6021600,42.754490649939015,0,0.0,114513.5727434158,0.0,114513.5727434158,14.513572743415804,0.0
2018-10-08,22.8535270690918,23.09290574960883,22.59654959542921,23.057702791827285,6216000,36.913067948290376,0,0.0,114513.5727434158,0.0,114513.5727434158,14.513572743415804,0.0
2018-10-09,22.91337203979492,23.050661960132697,22.799550160536835,22.845313467316096,5196000,38.68941205465792,0,0.0,114513.5727434158,0.0,114513.5727434158,14.513572743415804,0.0
2018-10-10,21.84907531738281,22.808933600886952,21.806832134897363,22.808933600886952,11228800,25.13488551518508,1,5241.0,2.569005012497655,114511.0037384033,114513.5727434158,14.513572743415804,0.0
2018-10-11,21.54398727416992,22.11778945891433,21.38674766727236,21.75872151226447,15281600,22.68177860750687,0,5241.0,2.569005012497655,112912.03730392455,112914.60630893704,12.914606308937039,-1.3963117176175044
2018-10-12,22.20814514160156,22.277378278844505,21.792755270627573,22.128353445113746,9203200,37.07865777863498,0,5241.0,2.569005012497655,116392.88868713377,116395.45769214627,16.395457692146277,3.0827290613629987
2018-10-15,21.8901481628418,22.194063481255988,21.85611798373176,22.155340410456617,5240800,33.830539851692066,0,5241.0,2.569005012497655,114726.26652145387,114728.83552646637,14.728835526466376,-1.4318618601835365
2018-10-16,22.570730209350582,22.63996154672765,22.11896287735456,22.16355340200253,5463200,44.946242642859175,0,5241.0,2.569005012497655,118293.1970272064,118295.7660322189,18.295766032218896,3.109009595874168
2018-10-17,22.490938186645508,22.627055319791133,22.29497728536531,22.627055319791133,4528800,44.01272766842052,0,5241.0,2.569005012497655,117875.0070362091,117877.5760412216,17.877576041221598,-0.35351222197030907
2018-10-18,22.036821365356445,22.39002003511135,21.904224372066423,22.39002003511135,8724000,39.04268241552156,0,5241.0,2.569005012497655,115494.98077583313,115497.54978084563,15.497549780845631,-2.0190661704340473
2018-10-19,21.97345924377441,22.36420826472295,21.903055127786065,22.15416690152066,4030400,38.39126216759239,0,5241.0,2.569005012497655,115162.89989662169,115165.46890163419,15.165468901634194,-0.287522012234509
2018-10-22,22.15182113647461,22.28441816057285,21.93473773478238,22.064987417698376,6020800,41.35740350661301,0,5241.0,2.569005012497655,116097.69457626343,116100.26358127593,16.100263581275918,0.8116970204325558
2018-10-23,22.068511962890625,22.18702674455987,21.47593447355057,21.72469895370645,7120000,40.37952220181582,0,5241.0,2.569005012497655,115661.07119750977,115663.64020252226,15.663640202522267,-0.37607440783112844
2018-10-24,21.078144073486328,22.06851084187001,21.053501465620343,22.02626765016892,7926400,30.99664594673814,0,5241.0,2.569005012497655,110470.55308914185,110473.12209415434,10.473122094154341,-4.487597052348979
2018-10-25,21.75520706176757,21.864336057731624,21.3222165663206,21.35976507695017,8926400,41.07702147347166,0,5241.0,2.569005012497655,114019.04021072383,114021.60921573633,14.02160921573634,3.212081865992422
2018-10-26,21.31869888305664,21.7000604757642,20.999530212725023,21.230692361662587,6912800,37.29435851465331,0,5241.0,2.569005012497655,111731.30084609985,111733.86985111235,11.733869851112356,-2.006408592511111
2018-10-29,20.96666145324707,21.76458717359314,20.548924344197264,21.62847185492821,7790400,34.532462106818826,0,5241.0,2.569005012497655,109886.2726764679,109888.8416814804,9.888841681480386,-1.6512702657578204
2018-10-30,21.23538589477539,21.26002671675202,20.817648582340937,20.90565509896608,7232800,38.28934298465072,0,5241.0,2.569005012497655,111294.65747451782,111297.22647953032,11.297226479530309,1.281644957303496
2018-10-31,21.754037857055664,21.92535800069657,21.49940587867283,21.541649079125577,5440000,44.86558418348554,0,5241.0,2.569005012497655,114012.91240882874,114015.48141384123,14.015481413841236,2.4423384304287588
2018-11-01,22.052080154418945,22.06733518665424,21.62260981557045,21.803315699179223,5495200,48.276654935757634,0,5241.0,2.569005012497655,115574.95208930969,115577.52109432219,15.5775210943222,1.3700241941804636
2018-11-02,21.650766372680664,22.0321277775156,21.47944809810972,21.90892014065833,5134400,44.30214522804381,0,5241.0,2.569005012497655,113471.66655921936,113474.23556423186,13.474235564231861,-1.8198050193288462
2018-11-05,21.599140167236328,21.6319957799926,21.29874317982719,21.6319957799926,4059200,43.80255191245121,0,5241.0,2.569005012497655,113201.0936164856,113203.6626214981,13.203662621498102,-0.23844438465558948
2018-11-06,21.73056030273437,21.825607014544094,21.538119538312017,21.57801537947968,4181600,45.48779291566716,0,5241.0,2.569005012497655,113889.86654663084,113892.43555164334,13.892435551643345,0.6084369659029365
2018-11-07,22.353647232055664,22.36303480533291,21.942950301282988,21.962898223060936,4941600,52.72611827529936,0,5241.0,2.569005012497655,117155.46514320374,117158.03414821623,17.158034148216238,2.8672655745360265
2018-11-08,22.31258010864257,22.37007833199698,22.17881030311116,22.27620437589671,3847200,52.23382209542965,0,5241.0,2.569005012497655,116940.23234939571,116942.8013544082,16.9428013544082,-0.18371151016048914
2018-11-09,21.927696228027344,22.14829973343049,21.730562552090014,22.106056547087263,3705600,47.73538910100047,0,5241.0,2.569005012497655,114923.05593109131,114925.6249361038,14.925624936103809,-1.7249256858411721
2018-11-12,21.17318725585937,21.77280484805966,21.11686360653723,21.73760189579712,4714400,40.391604577209215,0,5241.0,2.569005012497655,110968.67440795897,110971.24341297147,10.971243412971464,-3.440817942326513
2018-11-13,21.182579040527344,21.5416452858998,21.12625358951045,21.20487430774275,6419200,40.5142808511128,0,5241.0,2.569005012497655,111017.89675140381,111020.4657564163,11.020465756416309,0.044355944775409384
2018-11-14,20.952587127685547,21.47123855020613,20.843459927675244,21.405527317017544,20489600,38.42855911108395,0,5241.0,2.569005012497655,109812.50913619995,109815.07814121245,9.815078141212453,-1.0857346048687377
2018-11-15,21.47711181640625,21.521702361198777,20.862238928650992,20.980755526021174,16684000,45.33982080096633,0,5241.0,2.569005012497655,112561.54302978516,112564.11203479765,12.56411203479766,2.5033300891979415
2018-11-16,21.446596145629883,21.55455056223468,21.20252459006817,21.236552979559058,4176800,45.02318797795776,0,5241.0,2.569005012497655,112401.61039924622,112404.17940425871,12.40417940425871,-0.14208136825127893
2018-11-19,20.60173416137696,21.35624230194689,20.546583282522302,21.32338668779901,6094400,37.264046388852925,0,5241.0,2.569005012497655,107973.68873977665,107976.25774478915,7.976257744789161,-3.9392856056932324
2018-11-20,20.18282699584961,20.456234111292574,19.91059265600187,20.03732224967267,13024000,34.12388077557404,0,5241.0,2.569005012497655,105778.1962852478,105780.7652902603,5.7807652902603035,-2.0333103780259543
2018-11-21,20.352970123291016,20.539543478901315,20.26144350391627,20.48439438458304,4322400,36.46569339418406,0,5241.0,2.569005012497655,106669.91641616821,106672.48542118071,6.672485421180707,0.8429889200305407
2018-11-23,20.216856002807617,20.40577672816776,20.1135962419038,20.15231932367916,1666400,35.38206406091096,0,5241.0,2.569005012497655,105956.54231071472,105959.11131572722,5.959111315727217,-0.6687517429043055
2018-11-26,20.655712127685547,20.66040681036625,20.37174470239497,20.4644440946254,4443200,41.42581043677803,0,5241.0,2.569005012497655,108256.58726119995,108259.15626621245,8.259156266212454,2.1706910542423907
2018-11-27,20.67214012145996,20.717903430274696,20.401080385365248,20.519595161911905,3509600,41.64583544925493,0,5241.0,2.569005012497655,108342.68637657166,108345.25538158415,8.345255381584149,0.0795305619785136
2018-11-28,21.39379119873047,21.39731131498053,20.78478602051711,20.8422824462659,4894400,50.45083820165579,0,5241.0,2.569005012497655,112124.85967254639,112127.42867755888,12.127428677558893,3.490852721380544
2018-11-29,21.224817276000977,21.38322786993124,21.09926050174481,21.339811911597952,3882400,48.6016309446611,0,5241.0,2.569005012497655,111239.26734352112,111241.83634853362,11.241836348533617,-0.7898088268588954
2018-11-30,21.43486213684082,21.447769827986,21.15676218002736,21.26588937657556,3400000,51.00566242497391,0,5241.0,2.569005012497655,112340.11245918274,112342.68146419524,12.342681464195238,0.9895963171738131
2018-12-03,21.886627197265625,22.00396918040913,21.653116006231286,21.960551429108367,10689600,55.79472161366399,0,5241.0,2.569005012497655,114707.81314086914,114710.38214588164,14.710382145881628,2.107570026660799
2018-12-04,21.0452880859375,21.76107320040668,21.012432469692847,21.744645392284347,5528000,46.649496551461546,0,5241.0,2.569005012497655,110298.35485839844,110300.92386341094,10.300923863410926,-3.8439923222145844
2018-12-06,21.1086483001709,21.1086483001709,20.482042568872973,20.58647685742263,7357600,47.34939477722714,0,5241.0,2.569005012497655,110630.42574119568,110632.99474620818,10.63299474620818,0.30105902214241365
2018-12-07,20.378782272338867,21.12038447523951,20.28373555119104,21.027683304628635,5882400,40.722081043931205,0,5241.0,2.569005012497655,106805.197889328,106807.7668943405,6.807766894340506,-3.4575832107254567
2018-12-10,20.64867210388184,20.723770913064435,20.17108929934013,20.288431300593995,6880800,43.85167476011316,0,5241.0,2.569005012497655,108219.69049644472,108222.25950145721,8.222259501457208,1.3243349694933793
2018-12-11,20.65806007385254,21.000698509205915,20.5031677697972,20.972535783787613,6878400,43.96250125741121,0,5241.0,2.569005012497655,108268.89284706116,108271.46185207365,8.271461852073658,0.045464168686826234
2018-12-12,20.843456268310547,21.16497214432187,20.83993615218608,20.9877864009032,4840800,46.220069285295295,0,5241.0,2.569005012497655,109240.55430221558,109243.12330722807,9.243123307228075,0.8974308082049909
2018-12-13,20.84475898742676,21.063805679173907,20.73641356312993,20.96488183050921,3814400,46.236459499088674,0,5241.0,2.569005012497655,109247.38185310365,109249.95085811615,9.24995085811615,0.006249867892260674
2018-12-14,20.358369827270508,20.71638232211455,20.328928093016003,20.598615385096537,5430400,41.18909762932231,0,5241.0,2.569005012497655,106698.21626472473,106700.78526973723,6.7007852697372305,-2.333333395901971
2018-12-17,19.88731002807617,20.396064261891823,19.73892427503739,20.28771885216773,30304800,36.97882849494766,0,5241.0,2.569005012497655,104229.3918571472,104231.9608621597,4.231960862159689,-2.3137827911354103
2018-12-18,20.05335998535156,20.226477579132343,19.892019807643766,20.049827119925947,7756000,39.33294474253378,0,5241.0,2.569005012497655,105099.65968322752,105102.22868824002,5.102228688240018,0.8349337562892023
2018-12-19,19.645885467529297,20.37368443029161,19.465700362408608,20.046292419621142,9553600,35.799007826571966,0,5241.0,2.569005012497655,102964.08573532104,102966.65474033354,2.966654740333552,-2.0319016775953824
2018-12-20,19.31025695800781,19.763660669633804,19.025261006721927,19.575232733040203,12953600,33.156512388105284,0,5241.0,2.569005012497655,101205.05671691893,101207.62572193143,1.2076257219314268,-1.7083482248093973
2018-12-21,18.713171005249023,19.508098060864384,18.623668754048587,19.246655241036823,11964800,29.048517272417783,0,5241.0,2.569005012497655,98075.72923851013,98078.29824352263,-1.9217017564773675,-3.0919878379586208
2018-12-24,18.23150062561035,18.754386153449545,18.22090203174412,18.5376954040509,8798400,26.225681406774555,0,5241.0,2.569005012497655,95551.29477882385,95553.86378383635,-4.446136216163654,-2.573897085182142
2018-12-26,19.33262252807617,19.33262252807617,18.265654271508005,18.364578076108003,12259200,40.46804176715952,0,5241.0,2.569005012497655,101322.2746696472,101324.8436746597,1.3248436746597037,6.039504487101177
2018-12-27,19.49161148071289,19.49161148071289,18.72848198213355,19.07589420068722,8209600,42.203035938821095,0,5241.0,2.569005012497655,102155.53577041626,102158.10477542876,2.1581047754287486,0.8223660363538832
2018-12-28,19.451568603515625,19.77660476680317,19.28904962338125,19.61173174129091,9860800,41.87204580955926,0,5241.0,2.569005012497655,101945.67105102539,101948.24005603789,1.9482400560378865,-0.20543129676515726
2018-12-31,19.64706420898437,19.705947695147977,19.47983532391752,19.621155331313883,7727200,44.174038641229785,0,5241.0,2.569005012497655,102970.2635192871,102972.83252429959,2.9728325242995846,1.005012413846984
2019-01-02,19.658838272094727,19.757763886725787,19.236055306177523,19.2607871590806,6889600,44.31706467420578,0,5241.0,2.569005012497655,103031.97138404846,103034.54038906096,3.034540389060969,0.05992635460114748
2019-01-03,18.6872615814209,19.198371587200047,18.666064389775343,19.16539697998608,5640800,36.09838481604403,0,5241.0,2.569005012497655,97939.93794822693,97942.50695323943,-2.0574930467605723,-4.94206449273602
2019-01-04,19.499849319458008,19.59053036259296,18.968721089343504,19.02406989558966,5855200,45.24450035915061,0,5241.0,2.569005012497655,102198.71028327942,102201.27928829192,2.201279288291924,4.348237009172884
2019-01-07,19.71772766113281,19.84727207804445,19.49043821698449,19.5340114313176,8864000,47.41766771748952,0,5241.0,2.569005012497655,103340.61067199706,103343.17967700955,3.3431796770095445,1.1173053768696262
2019-01-08,19.907325744628903,19.983875345344494,19.660016211576885,19.91086040658359,34048000,49.30326935025211,0,5241.0,2.569005012497655,104334.29422760008,104336.86323261258,4.336863232612576,0.9615376251327801
2019-01-09,20.155820846557617,20.259456379099863,19.98859192621648,20.009790920137288,6369600,51.74565959669864,0,5241.0,2.569005012497655,105636.65705680847,105639.22606182097,5.639226061820968,1.2482288511059147
2019-01-10,20.25003242492676,20.26180984205281,19.919107489274584,20.020387166821298,3222400,52.6765165334068,0,5241.0,2.569005012497655,106130.41993904115,106132.98894405365,6.132988944053652,0.46740486525689295
2019-01-11,20.238256454467773,20.255920782869524,20.107535033350224,20.147575375715217,3130400,52.54008510098718,0,5241.0,2.569005012497655,106068.7020778656,106071.2710828781,6.071271082878105,-0.05815143980170134
2019-01-14,20.03804588317871,20.10399688483853,19.96856381374795,20.0510003195964,4406400,50.161373494544335,0,5241.0,2.569005012497655,105019.39847373962,105021.96747875212,5.021967478752121,-0.9892439238388229
2019-01-15,20.333646774291992,20.368977226951955,20.073380963244457,20.07573680595018,3492000,53.50818273456897,0,5241.0,2.569005012497655,106568.64274406433,106571.21174907683,6.571211749076822,1.4751621089541533
2019-01-16,20.35484313964844,20.48556455128542,20.29124976503271,20.366620555716462,29172800,53.74803038420902,0,5241.0,2.569005012497655,106679.73289489748,106682.30189990997,6.68230189990997,0.10424029999274165
2019-01-17,20.510297775268555,20.61511031613708,20.244143249009387,20.28065252246466,4660800,55.55883400229965,0,5241.0,2.569005012497655,107494.4706401825,107497.039645195,7.497039645194992,0.763704692132916
2019-01-18,20.815309524536133,20.86830429547112,20.57035403981192,20.688120996103493,5026400,58.954350388083135,0,5241.0,2.569005012497655,109093.03721809387,109095.60622310637,9.095606223106367,1.4870796285996413
2019-01-22,20.47261047363281,20.692835938517245,20.3148031586326,20.66221537499264,8316000,53.96531990429767,0,5241.0,2.569005012497655,107296.95149230956,107299.52049732205,7.299520497322054,-1.646341028722298
2019-01-23,20.52089500427246,20.709322879488752,20.306558251289392,20.55269259007376,4012000,54.548931871844566,0,5241.0,2.569005012497655,107550.01071739197,107552.57972240447,7.552579722404462,0.2358437613789066
2019-01-24,20.73169708251953,20.782337815208617,20.59037707468206,20.59037707468206,4652800,57.105693654403645,0,5241.0,2.569005012497655,108654.82440948486,108657.39341449736,8.65739341449736,1.027231234196746
2019-01-25,21.053207397460938,21.10384634564161,20.818850417160057,20.885978470681604,5064000,60.73372156946367,0,5241.0,2.569005012497655,110339.85997009277,110342.42897510527,10.342428975105268,1.550778559706445
2019-01-28,20.79057884216309,20.796467549705035,20.620995925031195,20.762315921131727,4514400,56.52776753489426,0,5241.0,2.569005012497655,108963.42371177675,108965.99271678925,8.96599271678924,-1.247422474836557
2019-01-29,20.58213424682617,20.82944381040486,20.542092110548435,20.81648937157588,4280800,53.36872939748236,0,5241.0,2.569005012497655,107870.96558761595,107873.53459262845,7.873534592628451,-1.0025679543893773
2019-01-30,21.17331886291504,21.228669472423483,20.78233352864331,20.891855928108303,6815200,60.1677324194448,0,5241.0,2.569005012497655,110969.36416053772,110971.93316555022,10.971933165550208,2.872250904378437
2019-01-31,21.21689987182617,21.33348803373704,21.04849215342604,21.10266575572454,5124800,60.6235212734128,0,5241.0,2.569005012497655,111197.77222824095,111200.34123325345,11.200341233253441,0.20582507773607706
2019-02-01,21.360572814941406,21.450075061965347,21.21689697302056,21.24162702950947,4124800,62.16073329784936,0,5241.0,2.569005012497655,111950.76212310791,111953.33112812041,11.953331128120404,0.6771471081077785
2019-02-04,21.69621086120605,21.69621086120605,21.38530609672906,21.391194805298788,3494400,65.54475485008736,0,5241.0,2.569005012497655,113709.84112358092,113712.41012859342,13.712410128593412,1.5712609734317873
2019-02-05,21.875219345092773,21.92232542435142,21.73978801948785,21.751563640811646,4258400,67.22812201350499,0,5241.0,2.569005012497655,114648.02458763123,114650.59359264372,14.650593592643713,0.8250493178267426
2019-02-06,21.95176124572754,22.005934839530617,21.806908383987658,21.899945291327043,3295200,67.94918450095042,0,5241.0,2.569005012497655,115049.18068885803,115051.74969387053,15.05174969387053,0.3498944825808037
2019-02-07,21.65498733520508,21.839880512225164,21.51366555765828,21.753911141903,4116800,62.231827773709206,0,5241.0,2.569005012497655,113493.78862380983,113496.35762882233,13.49635762882233,-1.3519064848529383
2019-02-08,21.795135498046875,21.795135498046875,21.45478720625863,21.46892046557708,3611200,63.781664342167176,0,5241.0,2.569005012497655,114228.30514526367,114230.87415027617,14.230874150276174,0.6471718888600764
2019-02-11,21.80691146850586,21.98238491559944,21.75744955254921,21.88346108368614,3044800,63.91565445437657,0,5241.0,2.569005012497655,114290.02300643921,114292.5920114517,14.292592011451699,0.05402905443439021
2019-02-12,22.102502822875977,22.1213459682908,21.932919905086315,21.954117095942053,4640000,67.19621406702933,0,5241.0,2.569005012497655,115839.217294693,115841.78629970549,15.841786299705497,1.3554634302969992
2019-02-13,22.136659622192383,22.279156663278084,22.10957371964396,22.20732052977608,3289600,67.56318981506146,0,5241.0,2.569005012497655,116018.23307991028,116020.80208492278,16.02080208492278,0.1545347244163997
2019-02-14,22.18847274780273,22.263843528227387,22.036552367318247,22.06834994878868,3239200,68.14533820512146,0,5241.0,2.569005012497655,116289.78567123412,116292.35467624661,16.29235467624661,0.23405508878060477
2019-02-15,22.35805892944336,22.375723255326108,22.229691572430724,22.36747870525998,3117600,70.04057873200037,-1,0.0,117181.15585422514,0.0,117181.15585422514,17.18115585422515,0.7642816937131647
2019-02-19,22.3757266998291,22.440498899672285,22.2803357314153,22.307421634265523,5238400,70.23923914505122,0,0.0,117181.15585422514,0.0,117181.15585422514,17.18115585422515,0.0
2019-02-20,22.40752601623535,22.49113957404127,22.2956477335051,22.394571575267744,8564000,70.61689508605915,0,0.0,117181.15585422514,0.0,117181.15585422514,17.18115585422515,0.0
2019-02-21,22.402812957763672,22.482895441652243,22.26738164438442,22.360416771465385,2730400,70.47415305122763,0,0.0,117181.15585422514,0.0,117181.15585422514,17.18115585422515,0.0
2019-02-22,22.70194435119629,22.70194435119629,22.49467328790209,22.49938497405791,3096800,74.0582981153624,0,0.0,117181.15585422514,0.0,117181.15585422514,17.18115585422515,0.0
2019-02-25,22.80793190002441,22.963385183666475,22.79380043677753,22.88683556478882,7432000,75.20670301062624,0,0.0,117181.15585422514,0.0,117181.15585422514,17.18115585422515,0.0
2019-02-26,22.84443473815918,22.905674061426737,22.730200641497937,22.741978056465967,5792800,75.6072140066066,0,0.0,117181.15585422514,0.0,117181.15585422514,17.18115585422515,0.0
2019-02-27,22.84443473815918,22.858567995517063,22.607723791944053,22.76317524703095,3204800,75.6072140066066,0,0.0,117181.15585422514,0.0,117181.15585422514,17.18115585422515,0.0
2019-02-28,22.77142143249512,22.856213794807843,22.70664923948104,22.764355701799285,2187200,72.87628062238912,0,0.0,117181.15585422514,0.0,117181.15585422514,17.18115585422515,0.0
2019-03-01,22.917455673217773,22.96456174775388,22.72785075819039,22.948074441968085,3285600,74.83420491974411,0,0.0,117181.15585422514,0.0,117181.15585422514,17.18115585422515,0.0
2019-03-04,22.785552978515625,23.04228590896641,22.522933137117352,23.01402118909673,4511200,69.92445472280865,0,0.0,117181.15585422514,0.0,117181.15585422514,17.18115585422515,0.0
2019-03-05,22.70900154113769,22.784372318443328,22.637163628629114,22.78083945364628,2874400,67.17010160453664,0,0.0,117181.15585422514,0.0,117181.15585422514,17.18115585422515,0.0
2019-03-06,22.561792373657227,22.71135690249667,22.5311736137373,22.70900106035482,2557600,62.10397414685025,0,0.0,117181.15585422514,0.0,117181.15585422514,17.18115585422515,0.0
2019-03-07,22.36630630493164,22.527646504608867,22.28857966102138,22.500560600330434,4147200,56.057534286747234,0,0.0,117181.15585422514,0.0,117181.15585422514,17.18115585422515,0.0
2019-03-08,22.368661880493164,22.376904635183013,22.0377369333242,22.08484300950465,3620800,56.11298183276965,0,0.0,117181.15585422514,0.0,117181.15585422514,17.18115585422515,0.0
2019-03-11,22.859750747680664,22.873882211599163,22.454632010188032,22.454632010188032,4517600,65.80141898376144,0,0.0,117181.15585422514,0.0,117181.15585422514,17.18115585422515,0.0
2019-03-12,22.972808837890625,23.05642239897968,22.83855273696465,22.912746519690742,10649600,67.57605675952632,0,0.0,117181.15585422514,0.0,117181.15585422514,17.18115585422515,0.0
2019-03-13,23.11647605895996,23.25544200782071,23.032862522688376,23.0811474081304,5201600,69.7259314873948,0,0.0,117181.15585422514,0.0,117181.15585422514,17.18115585422515,0.0
2019-03-14,23.16240882873535,23.22953687007453,23.09528258437769,23.1671205142582,2948800,70.40164792281878,0,0.0,117181.15585422514,0.0,117181.15585422514,17.18115585422515,0.0
2019-03-15,23.42267227172852,23.5215960939028,23.22246878485733,23.23071153821452,3789600,73.94964000423688,0,0.0,117181.15585422514,0.0,117181.15585422514,17.18115585422515,0.0
2019-03-18,23.51218032836914,23.585197088755216,23.36143871535149,23.45447564967159,4539200,75.05702101373335,0,0.0,117181.15585422514,0.0,117181.15585422514,17.18115585422515,0.0
2019-03-19,23.56870460510254,23.66762842998679,23.479200556604177,23.613454832370344,4298400,75.7578499838844,0,0.0,117181.15585422514,0.0,117181.15585422514,17.18115585422515,0.0
2019-03-20,23.496870040893555,23.68411912127095,23.34023973060263,23.553397692199976,5781600,72.95250009047575,0,0.0,117181.15585422514,0.0,117181.15585422514,17.18115585422515,0.0
2019-03-21,24.082386016845703,24.124909429917867,23.4906017013936,23.4906017013936,3813600,79.58755353039874,0,0.0,117181.15585422514,0.0,117181.15585422514,17.18115585422515,0.0
2019-03-22,23.47052574157715,24.04459102180485,23.462258249888148,23.944189752012907,7876000,62.36938512049023,0,0.0,117181.15585422514,0.0,117181.15585422514,17.18115585422515,0.0
2019-03-25,23.374845504760746,23.51304615423419,23.210658223518863,23.40083213652917,4335200,60.17695055838757,0,0.0,117181.15585422514,0.0,117181.15585422514,17.18115585422515,0.0
2019-03-26,23.510683059692383,23.719756667348246,23.381932259346787,23.560295212593143,3634400,62.20807480714768,0,0.0,117181.15585422514,0.0,117181.15585422514,17.18115585422515,0.0
2019-03-27,23.363035202026367,23.624082102301543,23.136244230129204,23.55084802454423,4343200,58.70332777357692,0,0.0,117181.15585422514,0.0,117181.15585422514,17.18115585422515,0.0
2019-03-28,23.46107292175293,23.55911306857739,23.308698401067453,23.425638244180195,3490400,60.30260112836963,0,0.0,117181.15585422514,0.0,117181.15585422514,17.18115585422515,0.0
2019-03-29,23.698495864868164,23.707945712928225,23.56147577155865,23.64179677650781,3306400,63.94423687160691,0,0.0,117181.15585422514,0.0,117181.15585422514,17.18115585422515,0.0
2019-04-01,24.030414581298828,24.05049483311161,23.801260715804005,23.9489112165224,6349600,68.3196420236245,0,0.0,117181.15585422514,0.0,117181.15585422514,17.18115585422515,0.0
2019-04-02,24.098926544189453,24.133180670032377,23.95954352320493,24.0280535772652,3756800,69.15177570953077,0,0.0,117181.15585422514,0.0,117181.15585422514,17.18115585422515,0.0
2019-04-03,24.30209350585937,24.42375738248557,24.20877737376781,24.24657676964652,4337600,71.53915880177331,0,0.0,117181.15585422514,0.0,117181.15585422514,17.18115585422515,0.0
2019-04-04,24.17216110229492,24.344617697307086,24.00797380128395,24.29855080860256,3371200,67.91896300163458,0,0.0,117181.15585422514,0.0,117181.15585422514,17.18115585422515,0.0
2019-04-05,24.28673553466797,24.31390272202395,24.21350146337173,24.253661966832617,3260800,69.38994470396,0,0.0,117181.15585422514,0.0,117181.15585422514,17.18115585422515,0.0
2019-04-08,24.383590698242188,24.387135968047232,24.115458716637097,24.234759659019247,4247200,70.61648648167885,0,0.0,117181.15585422514,0.0,117181.15585422514,17.18115585422515,0.0
2019-04-09,24.27138328552246,24.376510386744915,24.226498751743204,24.27610911163053,5589600,67.2543004170181,0,0.0,117181.15585422514,0.0,117181.15585422514,17.18115585422515,0.0
2019-04-10,24.465103149414062,24.467466062704545,24.29146597124632,24.304459290781818,4413600,69.91729235418246,0,0.0,117181.15585422514,0.0,117181.15585422514,17.18115585422515,0.0
2019-04-11,24.453283309936523,24.515886971595275,24.39540367076892,24.502893656777,2858400,69.54566493544742,0,0.0,117181.15585422514,0.0,117181.15585422514,17.18115585422515,0.0
2019-04-12,24.6115665435791,24.616290566520505,24.453285640615288,24.58794282412356,3100800,71.71389014781391,0,0.0,117181.15585422514,0.0,117181.15585422514,17.18115585422515,0.0
2019-04-15,24.6115665435791,24.68480061460356,24.480452827870447,24.631646795235024,3164800,71.71389014781391,0,0.0,117181.15585422514,0.0,117181.15585422514,17.18115585422515,0.0
2019-04-16,24.717872619628903,24.76512185792711,24.61156498761271,24.700155281750924,3224000,73.2001027449437,0,0.0,117181.15585422514,0.0,117181.15585422514,17.18115585422515,0.0
2019-04-17,24.80646514892578,24.874975198850585,24.706063887947085,24.858438414549724,4664800,74.40695304899651,0,0.0,117181.15585422514,0.0,117181.15585422514,17.18115585422515,0.0
2019-04-18,24.85134696960449,24.85725334914904,24.668260017967405,24.8395342105154,3068000,75.0206575738818,0,0.0,117181.15585422514,0.0,117181.15585422514,17.18115585422515,0.0
2019-04-22,24.928129196166992,24.932855021643164,24.728507227969573,24.752130948227475,3951200,76.07751998392015,0,0.0,117181.15585422514,0.0,117181.15585422514,17.18115585422515,0.0
2019-04-23,25.215164184570312,25.242331374332267,24.95293672895653,24.98128627634363,15756000,79.55923633535336,0,0.0,117181.15585422514,0.0,117181.15585422514,17.18115585422515,0.0
2019-04-24,25.23170280456543,25.354547247426105,25.19862923139623,25.23170280456543,3894400,79.74218485669832,0,0.0,117181.15585422514,0.0,117181.15585422514,17.18115585422515,0.0
2019-04-25,25.19981002807617,25.400614382062205,25.059246439573577,25.353366934903576,5010400,78.28706245014459,0,0.0,117181.15585422514,0.0,117181.15585422514,17.18115585422515,0.0
2019-04-26,25.14664649963379,25.149009411792647,24.87733218948793,25.0852234001206,13605600,75.80387804017707,0,0.0,117181.15585422514,0.0,117181.15585422514,17.18115585422515,0.0
2019-04-29,25.16318893432617,25.25059868010671,25.139565214550814,25.149015062935817,12077600,76.0583519907358,0,0.0,117181.15585422514,0.0,117181.15585422514,17.18115585422515,0.0
2019-04-30,25.20807838439941,25.238789043672025,25.002548211922534,25.162011494303243,11303200,76.77224693629216,0,0.0,117181.15585422514,0.0,117181.15585422514,17.18115585422515,0.0
2019-05-01,25.111215591430664,25.48683940347747,25.111215591430664,25.44431598706414,3688000,71.7973288058092,0,0.0,117181.15585422514,0.0,117181.15585422514,17.18115585422515,0.0
2019-05-02,24.99545669555664,25.286033658412325,24.84898675785409,25.110033622151743,6543200,66.2704061087232,0,0.0,117181.15585422514,0.0,117181.15585422514,17.18115585422515,0.0
2019-05-03,25.24114990234375,25.26359306791328,25.05569999937391,25.112399092088847,2587200,71.3172448233476,0,0.0,117181.15585422514,0.0,117181.15585422514,17.18115585422515,0.0
2019-05-06,25.071054458618164,25.107671493593628,24.55723000671445,24.656452510772063,8004000,64.15983674756802,0,0.0,117181.15585422514,0.0,117181.15585422514,17.18115585422515,0.0
2019-05-07,24.5383358001709,24.88797122122481,24.31272537367104,24.784026481049743,8403200,47.93434325197629,0,0.0,117181.15585422514,0.0,117181.15585422514,17.18115585422515,0.0
2019-05-08,24.49344825744629,24.69425259370702,24.40485795006293,24.47336800405765,5636000,46.85901652428155,0,0.0,117181.15585422514,0.0,117181.15585422514,17.18115585422515,0.0
2019-05-09,24.329254150390625,24.4001270974106,23.896933138791443,24.212314328519856,7343200,43.05426534641683,0,0.0,117181.15585422514,0.0,117181.15585422514,17.18115585422515,0.0
2019-05-10,24.39776992797852,24.502897015966223,23.820161221641666,24.17452243540352,4191200,45.05895751857019,0,0.0,117181.15585422514,0.0,117181.15585422514,17.18115585422515,0.0
2019-05-13,23.45162582397461,23.84614937017108,23.381935213409385,23.72920951334383,12480000,29.575452663052037,1,4996.0,16.833237647995702,117164.32261657715,117181.15585422514,17.18115585422515,0.0
2019-05-14,23.84496688842773,23.979624085418376,23.574471939186463,23.57683485208088,5300000,38.96535813547109,0,4996.0,16.833237647995702,119129.45457458495,119146.28781223294,19.14628781223293,1.6770033916139626
2019-05-15,24.0894775390625,24.167437444935555,23.668969153261628,23.68078011324651,12253600,43.96680562762138,0,4996.0,16.833237647995702,120351.02978515625,120367.86302280425,20.367863022804244,1.0252734122077056
2019-05-16,24.33870887756348,24.496989781625043,24.094198783448466,24.117822503067845,6360000,48.59111664544248,0,4996.0,16.833237647995702,121596.18955230714,121613.02278995514,21.61302278995514,1.0344619700650481
2019-05-17,24.09656143188477,24.43084237783749,24.07175535501316,24.082387560743417,3237600,44.72877584236553,0,4996.0,16.833237647995702,120386.4209136963,120403.2541513443,20.403254151344296,-0.9947689900778989
2019-05-20,23.67487335205078,23.8685925583378,23.575652638372883,23.724485511264184,5127200,38.92607194776509,0,4996.0,16.833237647995702,118279.6672668457,118296.5005044937,18.296500504493697,-1.7497480958466927
2019-05-21,23.99852561950684,24.062311655914066,23.89694198576997,23.928835003973585,2459200,44.84078262283548,0,4996.0,16.833237647995702,119896.63399505617,119913.46723270416,19.91346723270415,1.3668762146932911
2019-05-22,23.853233337402344,24.00797076960392,23.834333641250065,23.834333641250065,2517600,42.83525969548688,0,4996.0,16.833237647995702,119170.75375366211,119187.5869913101,19.187586991310113,-0.6053367133363019
2019-05-23,23.41973304748535,23.566201195186828,23.26499560634946,23.55202732344135,6333600,37.45291396729815,0,4996.0,16.833237647995702,117004.98630523682,117021.81954288481,17.02181954288482,-1.8171082267008254
2019-05-24,23.438634872436523,23.670151696553525,23.419736974398617,23.565024591273907,2337600,37.819791728173904,0,4996.0,16.833237647995702,117099.41982269287,117116.25306034087,17.11625306034086,0.08069735868485584
2019-05-28,23.36539649963379,23.66660388609032,23.36539649963379,23.511866447397274,3350400,36.9162432930995,0,4996.0,16.833237647995702,116733.52091217041,116750.3541498184,16.750354149818403,-0.31242368241916063
2019-05-29,23.208295822143555,23.35240285517056,23.07954501796551,23.2118392899742,6292800,34.9854161137458,0,4996.0,16.833237647995702,115948.6459274292,115965.4791650772,15.965479165077202,-0.6722677549517608
2019-05-30,23.34531593322754,23.41146306927075,23.204752367948576,23.283892820169868,3237600,38.02980219137109,0,4996.0,16.833237647995702,116633.19840240479,116650.03164005278,16.650031640052788,0.5903071154486517
2019-05-31,22.96969985961914,23.189403933893644,22.96143056428972,23.0606512939944,3840000,33.41105991207981,0,4996.0,16.833237647995702,114756.62049865723,114773.45373630522,14.773453736305232,-1.6087247276006855
2019-06-03,22.55154800415039,23.11616340832457,22.40626040745792,23.00867340483185,6700800,29.16457266993916,0,4996.0,16.833237647995702,112667.53382873535,112684.36706638335,12.68436706638334,-1.8201828052692437
2019-06-04,23.300434112548828,23.313427431240964,22.73936210039904,22.842128094554905,3470400,43.11026065435837,0,4996.0,16.833237647995702,116408.96882629395,116425.80206394194,16.42580206394193,3.320278664168641
2019-06-05,23.60164451599121,23.6559807107178,23.316973826784768,23.594557578064883,6544800,47.58040895082477,0,4996.0,16.833237647995702,117913.81600189209,117930.64923954009,17.930649239540088,1.29253752082521
2019-06-06,23.862680435180664,23.91937771472863,23.54847978176557,23.64770047156802,4420000,51.16188358691077,0,4996.0,16.833237647995702,119217.9514541626,119234.7846918106,19.234784691810592,1.1058494637993244
2019-06-07,24.27964973449707,24.41903094798227,23.954818619057708,23.983166362885555,3231200,56.29824549128259,0,4996.0,16.833237647995702,121301.13007354736,121317.96331119536,21.317963311195353,1.747123228149583
2019-06-10,24.545425415039062,24.79938361549107,24.47218952371768,24.479278263425964,6394400,59.24076011052107,0,4996.0,16.833237647995702,122628.94537353516,122645.77861118315,22.645778611183154,1.0944919150857935
2019-06-11,24.51588249206543,24.841894055608805,24.388312279624863,24.81354632109341,9744000,58.76708906080742,0,4996.0,16.833237647995702,122481.34893035889,122498.18216800688,22.498182168006874,-0.12034367986213379
2019-06-12,24.40958404541016,24.481637573626504,24.33989343025611,24.434390126627896,3164000,57.00106218822979,0,4996.0,16.833237647995702,121950.28189086916,121967.11512851715,21.967115128517143,-0.4335305472218165
2019-06-13,24.480453491210938,24.5536875642198,24.40249359275836,24.496990275515333,8293600,57.90923142453399,0,4996.0,16.833237647995702,122304.34564208984,122321.17887973784,22.321178879737836,0.2902944378471384
2019-06-14,24.2607479095459,24.33988835808255,24.176881635869453,24.297364943695403,1984000,54.09478766121697,0,4996.0,16.833237647995702,121206.69655609131,121223.5297937393,21.223529793739317,-0.8973499896348325
2019-06-17,24.30917930603028,24.415486947816213,24.26074950821419,24.28319267317161,2195200,54.80155663800594,0,4996.0,16.833237647995702,121448.65981292728,121465.49305057527,21.46549305057528,0.1996009002935839
2019-06-18,24.716693878173828,24.864344379238187,24.491083479977657,24.55250659308523,3219200,60.33531646085412,0,4996.0,16.833237647995702,123484.60261535645,123501.43585300444,23.501435853004438,1.676149127869131
2019-06-19,24.835996627807617,24.8938762772596,24.628105356150066,24.7863862721521,3016000,61.80947584178537,0,4996.0,16.833237647995702,124080.63915252686,124097.47239017485,24.097472390174858,0.4826150668238549
2019-06-20,25.178543090820312,25.282487809751125,24.97891934075701,25.206890831267746,3736800,65.74593932604873,0,4996.0,16.833237647995702,125792.00128173828,125808.83451938628,25.80883451938627,1.3790467253279148
2019-06-21,25.045616149902344,25.25531742176449,25.02902972097334,25.13802651219037,3852800,63.03086285172187,0,4996.0,16.833237647995702,125127.89828491211,125144.7315225601,25.144731522560114,-0.5278667427157768
2019-06-24,25.024293899536133,25.138028906515025,25.024293899536133,25.09300962815416,2290400,62.58440142117943,0,4996.0,16.833237647995702,125021.37232208252,125038.20555973052,25.038205559730507,-0.08512221132568332
2019-06-25,24.585935592651367,25.036141010726304,24.55868503762516,25.02310868677885,3762400,54.10020878182674,0,4996.0,16.833237647995702,122831.33422088623,122848.16745853423,22.84816745853422,-1.7514951461376382
2019-06-26,24.82169532775879,25.01362604722137,24.813403018231764,24.813403018231764,2231200,57.441795903125126,0,4996.0,16.833237647995702,124009.18985748291,124026.0230951309,24.02602309513091,0.9587897491383002
2019-06-27,24.936616897583008,24.994670296997555,24.87145528758402,24.92358457558321,3140800,59.00838015723128,0,4996.0,16.833237647995702,124583.3380203247,124600.1712579727,24.60017125797269,0.46292556071190205
2019-06-28,24.98519325256348,25.04324665470181,24.861980045153924,25.021920214162908,5058400,59.68392895141537,0,4996.0,16.833237647995702,124826.02548980714,124842.85872745514,24.84285872745513,0.19477298227783546
2019-07-01,25.35128402709961,25.550322998814064,25.23873312075025,25.515964230988114,7149600,64.44022802237491,0,4996.0,16.833237647995702,126655.01499938965,126671.84823703764,26.671848237037654,1.4650333452996156
2019-07-02,25.42591857910156,25.42591857910156,25.270716625935822,25.32403001177204,2842400,65.33802892406987,0,4996.0,16.833237647995702,127027.88922119139,127044.72245883939,27.044722458839377,0.2943623441129528
2019-07-03,25.608375549316406,25.608375549316406,25.427108908388377,25.47568410178357,1916000,67.49841244835773,0,4996.0,16.833237647995702,127939.44424438477,127956.27748203276,27.956277482032753,0.7175071939636846
2019-07-05,25.569276809692383,25.60244966694033,25.311000355078903,25.42829126249603,2205600,66.54131542551207,0,4996.0,16.833237647995702,127744.10694122314,127760.94017887114,27.76094017887114,-0.15265941382911485
2019-07-08,25.379711151123047,25.411699902899628,25.27308438891416,25.39511347749414,2008800,61.95444504577302,0,4996.0,16.833237647995702,126797.03691101074,126813.87014865874,26.813870148658747,-0.7412829217493755
2019-07-09,25.475679397583008,25.49937403629778,25.22214296698635,25.22925117782228,6789600,63.33247684470012,0,4996.0,16.833237647995702,127276.4942703247,127293.3275079727,27.29332750797271,0.3780795892057487
2019-07-10,25.67116355895996,25.82873553465136,25.60718785082987,25.608371950093066,4880800,66.03146415802732,0,4996.0,16.833237647995702,128253.13314056396,128269.96637821196,28.269966378211954,0.7672349284592928
2019-07-11,25.7564697265625,25.845325995363133,25.667613457761867,25.737515096468616,3052800,67.1672085873098,0,4996.0,16.833237647995702,128679.32275390625,128696.15599155425,28.69615599155424,0.33225986205192015
2019-07-12,25.962617874145508,25.964987880913785,25.79082944304785,25.81926229312524,2436000,69.7954198904556,0,4996.0,16.833237647995702,129709.23889923096,129726.07213687895,29.726072136878944,0.800269547594179
2019-07-15,26.02658462524414,26.06449748932899,25.96023892088052,26.0159223101396,2244800,70.58232145557002,-1,0.0,130045.65002536772,0.0,130045.65002536772,30.04565002536772,0.2463482345719692
2019-07-16,25.80622673034668,26.00644797237925,25.752911531303525,26.00644797237925,13224000,64.36169550598694,0,0.0,130045.65002536772,0.0,130045.65002536772,30.04565002536772,0.0
2019-07-17,25.743432998657227,25.904559077503457,25.743432998657227,25.818072830175623,1744000,62.666780615331845,0,0.0,130045.65002536772,0.0,130045.65002536772,30.04565002536772,0.0
2019-07-18,25.92588424682617,25.96261120726876,25.652207288395267,25.709074781732657,2784000,65.50890227629905,0,0.0,130045.65002536772,0.0,130045.65002536772,30.04565002536772,0.0
2019-07-19,25.78490257263184,26.17113047642624,25.77187024847819,26.14388172875418,2955200,61.60614312386743,0,0.0,130045.65002536772,0.0,130045.65002536772,30.04565002536772,0.0
2019-07-22,26.06450080871582,26.132032428547973,25.887972402435977,25.887972402435977,2832800,65.93998189257687,0,0.0,130045.65002536772,0.0,130045.65002536772,30.04565002536772,0.0
2019-07-23,26.21259307861328,26.217331283066507,26.005261833923687,26.217331283066507,2532000,68.00032354271944,0,0.0,130045.65002536772,0.0,130045.65002536772,30.04565002536772,0.0
2019-07-24,26.457839965820312,26.46376227006192,26.166390647283222,26.181792976995823,2662400,71.1163571370512,0,0.0,130045.65002536772,0.0,130045.65002536772,30.04565002536772,0.0
2019-07-25,26.270652770996094,26.40689832702968,26.2149693644607,26.40689832702968,3080000,65.84596391257121,0,0.0,130045.65002536772,0.0,130045.65002536772,30.04565002536772,0.0
2019-07-26,26.453096389770508,26.489823348490084,26.364240144693497,26.3689801567905,2030400,68.31097890893335,0,0.0,130045.65002536772,0.0,130045.65002536772,30.04565002536772,0.0
2019-07-29,26.4116325378418,26.499304694140022,26.178238436374023,26.45309951355512,4230400,67.12524009770516,0,0.0,130045.65002536772,0.0,130045.65002536772,30.04565002536772,0.0
2019-07-30,26.251691818237305,26.35239448779093,26.168759676315165,26.21141075041585,1840800,62.61062577602362,0,0.0,130045.65002536772,0.0,130045.65002536772,30.04565002536772,0.0
2019-07-31,25.869020462036133,26.41519035800878,25.59652756372835,26.36306106173256,5316800,53.363065581996295,0,0.0,130045.65002536772,0.0,130045.65002536772,30.04565002536772,0.0
2019-08-01,25.73869132995605,26.4436171521194,25.611922224138524,25.91521971416084,7044800,50.62080691909385,0,0.0,130045.65002536772,0.0,130045.65002536772,30.04565002536772,0.0
2019-08-02,25.25887107849121,25.59060145896069,25.050355717406035,25.532548054848363,5492800,42.05272608817032,0,0.0,130045.65002536772,0.0,130045.65002536772,30.04565002536772,0.0
2019-08-05,24.22103309631348,24.59659868841076,24.005407694684607,24.59304458247493,8776000,30.161176732595607,0,0.0,130045.65002536772,0.0,130045.65002536772,30.04565002536772,0.0
2019-08-06,24.575267791748047,24.67478816327332,24.30751494898445,24.520770305417177,5561600,36.73686499828775,0,0.0,130045.65002536772,0.0,130045.65002536772,30.04565002536772,0.0
2019-08-07,24.743507385253903,24.790896667717284,24.18548927415361,24.319366618401265,3699200,39.643497763097976,0,0.0,130045.65002536772,0.0,130045.65002536772,30.04565002536772,0.0
2019-08-08,25.35602188110352,25.36550009873857,24.89396826226644,24.941359350441743,8771200,48.856528194462825,0,0.0,130045.65002536772,0.0,130045.65002536772,30.04565002536772,0.0
2019-08-09,25.06694221496582,25.273089378088045,24.891599710666945,25.22214418499528,2869600,45.33901015850314,0,0.0,130045.65002536772,0.0,130045.65002536772,30.04565002536772,0.0
2019-08-12,24.734025955200195,24.959127729347,24.62147506812679,24.904630242369777,3288800,41.622431540030526,0,0.0,130045.65002536772,0.0,130045.65002536772,30.04565002536772,0.0
2019-08-13,25.32877349853516,25.41762976272184,24.66176037133449,24.717443774847634,3389600,49.57487526088292,0,0.0,130045.65002536772,0.0,130045.65002536772,30.04565002536772,0.0
2019-08-14,24.550392150878903,24.94017414524485,24.471014109709703,24.85368789259561,18065600,41.58969406894038,0,0.0,130045.65002536772,0.0,130045.65002536772,30.04565002536772,0.0
2019-08-15,24.50181770324707,24.615554513724053,24.29448642580951,24.56697932342736,5145600,41.14431163988122,0,0.0,130045.65002536772,0.0,130045.65002536772,30.04565002536772,0.0
2019-08-16,24.94254493713379,25.010076563891293,24.67716025088182,24.739953672431824,2837600,46.71953255304183,0,0.0,130045.65002536772,0.0,130045.65002536772,30.04565002536772,0.0
2019-08-19,25.31100273132324,25.408153113659424,25.18778950823268,25.33469737332697,5266400,50.90650525383229,0,0.0,130045.65002536772,0.0,130045.65002536772,30.04565002536772,0.0
2019-08-20,25.198448181152344,25.393931209139204,25.16290531939517,25.27782621466516,2715200,49.623640949918354,0,0.0,130045.65002536772,0.0,130045.65002536772,30.04565002536772,0.0
2019-08-21,25.489891052246094,25.56097676288132,25.37141607304386,25.442501783679088,2976000,52.93125707375077,0,0.0,130045.65002536772,0.0,130045.65002536772,30.04565002536772,0.0
2019-08-22,25.429479598999023,25.60837623809413,25.217410097128468,25.55624874500804,2076000,52.166661293218354,0,0.0,130045.65002536772,0.0,130045.65002536772,30.04565002536772,0.0
2019-08-23,24.6179256439209,25.532553018495875,24.530255278861567,25.29086475315693,5007200,43.149355445056,0,0.0,130045.65002536772,0.0,130045.65002536772,30.04565002536772,0.0
2019-08-26,24.92951393127441,24.96031678621512,24.744693186059443,24.923589818612832,3017600,46.941518341282354,0,0.0,130045.65002536772,0.0,130045.65002536772,30.04565002536772,0.0
2019-08-27,24.867902755737305,25.13802562174709,24.731657223488416,25.096560454785955,2899200,46.28409305495676,0,0.0,130045.65002536772,0.0,130045.65002536772,30.04565002536772,0.0
2019-08-28,24.879749298095703,24.924770375316783,24.54328074145652,24.73402555838665,2405600,46.43942161967063,0,0.0,130045.65002536772,0.0,130045.65002536772,30.04565002536772,0.0
2019-08-29,25.31810760498047,25.39511744107056,25.151057418033822,25.216219030791564,3327200,51.973572683118206,0,0.0,130045.65002536772,0.0,130045.65002536772,30.04565002536772,0.0
2019-08-30,25.3015193939209,25.49818831755355,25.11196048845763,25.470939575151537,2540000,51.75564196675956,0,0.0,130045.65002536772,0.0,130045.65002536772,30.04565002536772,0.0
2019-09-03,24.989933013916016,25.19252607662272,24.89752265065617,25.11196393748754,3684000,47.70895701908925,0,0.0,130045.65002536772,0.0,130045.65002536772,30.04565002536772,0.0
2019-09-04,25.422367095947266,25.422367095947266,25.242284579999044,25.261241014895727,2007200,53.18032835332868,0,0.0,130045.65002536772,0.0,130045.65002536772,30.04565002536772,0.0
2019-09-05,25.936548233032227,26.03725271177606,25.73277107701739,25.74106519521788,3510400,58.71219373717784,0,0.0,130045.65002536772,0.0,130045.65002536772,30.04565002536772,0.0
2019-09-06,25.899822235107425,26.00763492901953,25.85124704671381,25.99460260549405,2199200,58.18340219477565,0,0.0,130045.65002536772,0.0,130045.65002536772,30.04565002536772,0.0
2019-09-09,25.70078086853028,26.025403019159427,25.5467648148406,26.00407838690764,5603200,55.277639749117576,0,0.0,130045.65002536772,0.0,130045.65002536772,30.04565002536772,0.0
2019-09-10,25.572830200195312,25.572830200195312,25.270718580048733,25.557427871266185,3516800,53.43035867394956,0,0.0,130045.65002536772,0.0,130045.65002536772,30.04565002536772,0.0
2019-09-11,25.835851669311523,25.851252194519127,25.58349926706009,25.63681267108609,2323200,56.63827728826744,0,0.0,130045.65002536772,0.0,130045.65002536772,30.04565002536772,0.0
2019-09-12,25.956689834594727,26.18297754041884,25.86901948307088,26.005265023176168,13385600,58.06740103604954,0,0.0,130045.65002536772,0.0,130045.65002536772,30.04565002536772,0.0
2019-09-13,25.77305221557617,25.946026521142585,25.7529116813296,25.931810098800327,2279200,55.09558241012554,0,0.0,130045.65002536772,0.0,130045.65002536772,30.04565002536772,0.0
2019-09-16,25.7481746673584,25.80030396207124,25.526626972614068,25.575200353791733,2328000,54.68725676449299,0,0.0,130045.65002536772,0.0,130045.65002536772,30.04565002536772,0.0
2019-09-17,25.840585708618164,25.857172138480347,25.710262468425803,25.76002175801236,1571200,55.99199249440813,0,0.0,130045.65002536772,0.0,130045.65002536772,30.04565002536772,0.0
2019-09-18,25.85479736328125,25.86190557365609,25.501742388312728,25.819254503622084,2222400,56.20086113383373,0,0.0,130045.65002536772,0.0,130045.65002536772,30.04565002536772,0.0
2019-09-19,25.91284942626953,26.1308429695328,25.87138245750556,25.927065846286965,3739200,57.09661923151978,0,0.0,130045.65002536772,0.0,130045.65002536772,30.04565002536772,0.0
2019-09-20,25.63799285888672,25.99815792156664,25.537290179488107,25.992233809181947,2912000,51.70486909676385,0,0.0,130045.65002536772,0.0,130045.65002536772,30.04565002536772,0.0
2019-09-23,25.694860458374023,25.771868490894057,25.555059008097675,25.620220624422025,2369600,52.70009819249544,0,0.0,130045.65002536772,0.0,130045.65002536772,30.04565002536772,0.0
2019-09-24,25.40459442138672,25.9460260612697,25.30981586373802,25.84413748479076,4344800,47.33787944391843,0,0.0,130045.65002536772,0.0,130045.65002536772,30.04565002536772,0.0
2019-09-25,25.70789909362793,25.782537138120432,25.14395675692328,25.378538633287167,2808000,52.74815553871494,0,0.0,130045.65002536772,0.0,130045.65002536772,30.04565002536772,0.0
2019-09-26,25.732158660888672,25.8130316474485,25.546624807241542,25.70956126324387,2096800,53.16263420310623,0,0.0,130045.65002536772,0.0,130045.65002536772,30.04565002536772,0.0
2019-09-27,25.35870742797852,25.770211557564423,25.167226637231725,25.760698584707104,4148800,46.41329376010035,0,0.0,130045.65002536772,0.0,130045.65002536772,30.04565002536772,0.0
2019-09-30,25.635814666748047,25.68933374910672,25.41578955456704,25.457416515712584,2855200,51.34895838939937,0,0.0,130045.65002536772,0.0,130045.65002536772,30.04565002536772,0.0
2019-10-01,25.405092239379883,25.916500758865784,25.37892702572524,25.74999468881256,4178400,47.431686046789,0,0.0,130045.65002536772,0.0,130045.65002536772,30.04565002536772,0.0
2019-10-02,24.929363250732425,25.24929096320752,24.739071121340764,25.235017873908987,4812800,40.560794838423135,0,0.0,130045.65002536772,0.0,130045.65002536772,30.04565002536772,0.0
2019-10-03,25.25166893005371,25.25404626585848,24.609434384535824,24.91865862661038,4036000,46.24247521462674,0,0.0,130045.65002536772,0.0,130045.65002536772,30.04565002536772,0.0
2019-10-04,25.678634643554688,25.703609372662925,25.40746955324725,25.40865822114188,3183200,52.69357371363692,0,0.0,130045.65002536772,0.0,130045.65002536772,30.04565002536772,0.0
2019-10-07,25.59775733947754,25.79637374395003,25.568024312195547,25.59062170329145,2777600,51.43445437418126,0,0.0,130045.65002536772,0.0,130045.65002536772,30.04565002536772,0.0
2019-10-08,25.100624084472656,25.45385262317593,25.087541478788825,25.418172624514565,3850400,44.409884774262046,0,0.0,130045.65002536772,0.0,130045.65002536772,30.04565002536772,0.0
2019-10-09,25.45861053466797,25.551377447524725,25.31470367884976,25.35157234745178,2898400,49.73367765718297,0,0.0,130045.65002536772,0.0,130045.65002536772,30.04565002536772,0.0
2019-10-10,25.612030029296875,25.72144735022604,25.44433532248547,25.44671447276391,2614400,51.86140338291917,0,0.0,130045.65002536772,0.0,130045.65002536772,30.04565002536772,0.0
2019-10-11,25.986671447753903,26.216209596779528,25.91293410491837,25.91293410491837,6261600,56.68325929661365,0,0.0,130045.65002536772,0.0,130045.65002536772,30.04565002536772,0.0
2019-10-14,25.985483169555664,26.07705960807673,25.95693880346835,25.95931795433239,2265600,56.6638721419174,0,0.0,130045.65002536772,0.0,130045.65002536772,30.04565002536772,0.0
2019-10-15,26.25545692443848,26.32086996028311,26.039001386905703,26.0604082996765,3079200,60.01039984401808,0,0.0,130045.65002536772,0.0,130045.65002536772,30.04565002536772,0.0
2019-10-16,26.02591133117676,26.09845998384839,25.92481832155308,26.09845998384839,2817600,56.04733324897904,0,0.0,130045.65002536772,0.0,130045.65002536772,30.04565002536772,0.0
2019-10-17,26.00094413757324,26.18410065135157,25.86536156914793,26.13771718885766,2613600,55.61710523741911,0,0.0,130045.65002536772,0.0,130045.65002536772,30.04565002536772,0.0
2019-10-18,25.72620391845703,25.98071855626778,25.5478057569609,25.9497968615887,2541600,50.97966915162868,0,0.0,130045.65002536772,0.0,130045.65002536772,30.04565002536772,0.0
2019-10-21,25.98428726196289,26.0033168353816,25.795185639859504,25.872490786577995,1923200,54.79294474787725,0,0.0,130045.65002536772,0.0,130045.65002536772,30.04565002536772,0.0
2019-10-22,25.632244110107425,26.12581154933068,25.623917992864023,26.04374811826125,2826400,49.1737289996053,0,0.0,130045.65002536772,0.0,130045.65002536772,30.04565002536772,0.0
2019-10-23,25.658416748046875,25.692906265059364,25.510940262910328,25.57040632412924,1973600,49.587656454301175,0,0.0,130045.65002536772,0.0,130045.65002536772,30.04565002536772,0.0
2019-10-24,26.05088996887207,26.06754039257199,25.85108488447309,25.927201366352712,2045600,55.44713343774628,0,0.0,130045.65002536772,0.0,130045.65002536772,30.04565002536772,0.0
2019-10-25,26.3648738861084,26.380335643836546,26.04613664663182,26.04613664663182,2195200,59.502518002543646,0,0.0,130045.65002536772,0.0,130045.65002536772,30.04565002536772,0.0
2019-10-28,26.66695785522461,26.6978795505178,26.5373222908386,26.548025745198544,6900000,62.99270497432385,0,0.0,130045.65002536772,0.0,130045.65002536772,30.04565002536772,0.0
2019-10-29,26.45050621032715,26.69907575274972,26.45050621032715,26.66101659830326,2366400,59.06474630056975,0,0.0,130045.65002536772,0.0,130045.65002536772,30.04565002536772,0.0
2019-10-30,26.6289005279541,26.652688403392247,26.3672502309754,26.526618833754416,2786400,61.2115104304602,0,0.0,130045.65002536772,0.0,130045.65002536772,30.04565002536772,0.0
2019-10-31,26.59797477722168,26.68955300237444,26.437415716282665,26.685985184554447,2745600,60.61802164097626,0,0.0,130045.65002536772,0.0,130045.65002536772,30.04565002536772,0.0
2019-11-01,26.944072723388672,26.944072723388672,26.65625720462378,26.70977629681276,4552000,64.73846622027747,0,0.0,130045.65002536772,0.0,130045.65002536772,30.04565002536772,0.0
2019-11-04,27.06657218933105,27.170042553397582,27.0249452212702,27.158150430208867,2964800,66.09080015599483,0,0.0,130045.65002536772,0.0,130045.65002536772,30.04565002536772,0.0
2019-11-05,27.04040908813477,27.14387946027708,26.950021322853228,27.14387946027708,3814400,65.51290465721326,0,0.0,130045.65002536772,0.0,130045.65002536772,30.04565002536772,0.0
2019-11-06,27.0130558013916,27.041598351709013,26.882229729902413,27.041598351709013,2830400,64.87422153167726,0,0.0,130045.65002536772,0.0,130045.65002536772,30.04565002536772,0.0
2019-11-07,27.23188781738281,27.381741636126527,27.160527819070488,27.20691127354545,3541600,67.59594485987338,0,0.0,130045.65002536772,0.0,130045.65002536772,30.04565002536772,0.0
2019-11-08,27.37817001342773,27.37817001342773,27.05229720949057,27.14863192349418,2726400,69.30796547296649,0,0.0,130045.65002536772,0.0,130045.65002536772,30.04565002536772,0.0
2019-11-11,27.41266632080078,27.44120886953775,27.189073343640025,27.222374193673303,2585600,69.71432708570947,0,0.0,130045.65002536772,0.0,130045.65002536772,30.04565002536772,0.0
2019-11-12,27.499488830566406,27.592255752138456,27.37579839196341,27.436454943210023,3093600,70.76352266320396,0,0.0,130045.65002536772,0.0,130045.65002536772,30.04565002536772,0.0
2019-11-13,27.56133079528809,27.5791698878068,27.380553460471017,27.38174212838554,2385600,71.52033758623968,0,0.0,130045.65002536772,0.0,130045.65002536772,30.04565002536772,0.0
2019-11-14,27.52802467346192,27.53991679460989,27.390063001874616,27.46261165548864,3605600,70.46243000245212,0,0.0,130045.65002536772,0.0,130045.65002536772,30.04565002536772,0.0
2019-11-15,27.757568359375,27.75875702730183,27.633879748857773,27.708805752972168,2561600,73.38442820031281,0,0.0,130045.65002536772,0.0,130045.65002536772,30.04565002536772,0.0
2019-11-18,27.822978973388672,27.872930243378736,27.639822501998395,27.74448334279284,2736000,74.16861658241913,0,0.0,130045.65002536772,0.0,130045.65002536772,30.04565002536772,0.0
2019-11-19,27.9145565032959,27.98948249900656,27.789677424098144,27.92644862551093,4792800,75.26732166847009,0,0.0,130045.65002536772,0.0,130045.65002536772,30.04565002536772,0.0
2019-11-20,27.76827049255371,27.943100851761457,27.55062449813672,27.83844182161894,6476800,70.13551799900424,0,0.0,130045.65002536772,0.0,130045.65002536772,30.04565002536772,0.0
2019-11-21,27.61723518371582,27.74449163977412,27.561336928371524,27.74330297159509,2904000,65.19324698007141,0,0.0,130045.65002536772,0.0,130045.65002536772,30.04565002536772,0.0
2019-11-22,27.610092163085938,27.75043301461828,27.4959183390612,27.70999652755785,2763200,64.9601034564435,0,0.0,130045.65002536772,0.0,130045.65002536772,30.04565002536772,0.0
2019-11-25,28.01565170288086,28.02041000425328,27.686209201110355,27.72664750373493,16280000,71.24729691903016,0,0.0,130045.65002536772,0.0,130045.65002536772,30.04565002536772,0.0
2019-11-26,28.03111457824707,28.10604240238913,27.99186675678029,28.02754675945557,3693600,71.45758037834855,0,0.0,130045.65002536772,0.0,130045.65002536772,30.04565002536772,0.0
2019-11-27,28.20475196838379,28.20475196838379,28.050141661800293,28.1262581471873,2572000,73.77683886482848,0,0.0,130045.65002536772,0.0,130045.65002536772,30.04565002536772,0.0
2019-11-29,28.085817337036133,28.171448602290265,28.077493032926423,28.12506515150761,1516000,69.6048092738876,0,0.0,130045.65002536772,0.0,130045.65002536772,30.04565002536772,0.0
2019-12-02,27.68621253967285,28.12626291691281,27.56014475950548,28.1179367958872,4124800,57.78185831478248,0,0.0,130045.65002536772,0.0,130045.65002536772,30.04565002536772,0.0
2019-12-03,27.466184616088867,27.474508920975115,27.117712554052183,27.234267340540995,4631200,52.49457198822542,0,0.0,130045.65002536772,0.0,130045.65002536772,30.04565002536772,0.0
2019-12-04,27.5589542388916,27.65172115824165,27.52208556770893,27.630314245204104,4181600,54.3896094075812,0,0.0,130045.65002536772,0.0,130045.65002536772,30.04565002536772,0.0
2019-12-05,27.63506507873535,27.68263719670491,27.52088945494444,27.654094651827165,2832000,55.942427304652135,0,0.0,130045.65002536772,0.0,130045.65002536772,30.04565002536772,0.0
2019-12-06,27.938344955444336,27.957374530330284,27.828927621990363,27.85390235111304,3120800,61.55856888857932,0,0.0,130045.65002536772,0.0,130045.65002536772,30.04565002536772,0.0
2019-12-09,27.79444122314453,27.966892466096763,27.780169946827524,27.89553426975125,2440000,57.79401519614347,0,0.0,130045.65002536772,0.0,130045.65002536772,30.04565002536772,0.0
2019-12-10,27.78253936767578,27.92168970731416,27.73615592112965,27.8241645139424,5842400,57.48092029781997,0,0.0,130045.65002536772,0.0,130045.65002536772,30.04565002536772,0.0
2019-12-11,27.965696334838867,27.97877893955829,27.78729816944317,27.8538998608293,2736800,60.98384680716239,0,0.0,130045.65002536772,0.0,130045.65002536772,30.04565002536772,0.0
2019-12-12,28.238052368164062,28.27730018551811,27.81584479415684,27.90623255200365,4911200,65.53131921165871,0,0.0,130045.65002536772,0.0,130045.65002536772,30.04565002536772,0.0
2019-12-13,28.42120933532715,28.48424321479704,28.169073817447604,28.26302939531927,4323200,68.21436248634748,0,0.0,130045.65002536772,0.0,130045.65002536772,30.04565002536772,0.0
2019-12-16,28.6765365600586,28.782675208162573,28.621677544090165,28.622869458889625,4234400,71.54014649069326,0,0.0,130045.65002536772,0.0,130045.65002536772,30.04565002536772,0.0
2019-12-17,28.62168312072754,28.73974821869888,28.57040347860069,28.733785004105208,3982400,69.8492528123581,0,0.0,130045.65002536772,0.0,130045.65002536772,30.04565002536772,0.0
2019-12-18,28.631216049194336,28.732583390620505,28.60855693178228,28.6657997728063,3248000,69.98203958338317,0,0.0,130045.65002536772,0.0,130045.65002536772,30.04565002536772,0.0
2019-12-19,28.81964683532715,28.824416314614847,28.64553081598912,28.65984289328701,4196800,72.55498413208431,0,0.0,130045.65002536772,0.0,130045.65002536772,30.04565002536772,0.0
2019-12-20,28.98064041137696,29.019995436343315,28.916242437615704,28.99256683823364,4156000,74.56124100435115,0,0.0,130045.65002536772,0.0,130045.65002536772,30.04565002536772,0.0
2019-12-23,29.07843017578125,29.13686675213248,29.02118733387048,29.08916286744256,3445600,75.72216182320139,0,0.0,130045.65002536772,0.0,130045.65002536772,30.04565002536772,0.0
2019-12-24,29.080820083618164,29.1273302406787,29.011650805476297,29.11063433352152,1876800,75.75128694899804,0,0.0,130045.65002536772,0.0,130045.65002536772,30.04565002536772,0.0
2019-12-26,29.305025100708008,29.305025100708008,29.13687409647805,29.13687409647805,2412000,78.3725573484325,0,0.0,130045.65002536772,0.0,130045.65002536772,30.04565002536772,0.0
2019-12-27,29.29428672790528,29.426662058586693,29.209613464973977,29.42189257969857,2796000,77.93799689382372,0,0.0,130045.65002536772,0.0,130045.65002536772,30.04565002536772,0.0
2019-12-30,29.120174407958984,29.293098519798423,28.872121440609565,29.27759452694503,4056000,71.05819310216259,0,0.0,130045.65002536772,0.0,130045.65002536772,30.04565002536772,0.0
2019-12-31,29.2000789642334,29.22393000174903,28.97945277284939,29.016422153956245,2994400,72.26804984440781,0,0.0,130045.65002536772,0.0,130045.65002536772,30.04565002536772,0.0
2020-01-02,29.73554420471192,29.73792985457468,29.413550622510023,29.462446436249536,11320800,78.6953335444366,0,0.0,130045.65002536772,0.0,130045.65002536772,30.04565002536772,0.0
2020-01-03,29.423080444335938,29.62223937033973,29.32528885327701,29.328866416879947,13059200,68.6907629383939,0,0.0,130045.65002536772,0.0,130045.65002536772,30.04565002536772,0.0
2020-01-06,29.520875930786133,29.53161044339009,29.079625410402187,29.149986601170884,4199200,69.97724534105174,0,0.0,130045.65002536772,0.0,130045.65002536772,30.04565002536772,0.0
2020-01-07,29.517297744750977,29.64251795160924,29.45886298267648,29.560230335110457,3097600,69.86413184634857,0,0.0,130045.65002536772,0.0,130045.65002536772,30.04565002536772,0.0
2020-01-08,29.82855796813965,29.95258625766136,29.50179497784013,29.538764353847693,4972000,73.82737130867932,0,0.0,130045.65002536772,0.0,130045.65002536772,30.04565002536772,0.0
2020-01-09,30.16367721557617,30.17441173036891,29.943052820257293,30.08973844543573,4615200,77.29026461507006,0,0.0,130045.65002536772,0.0,130045.65002536772,30.04565002536772,0.0
2020-01-10,30.09808349609375,30.32347916269428,30.042032558181468,30.28650978230904,4835200,75.19317138271416,0,0.0,130045.65002536772,0.0,130045.65002536772,30.04565002536772,0.0
2020-01-13,30.50116539001465,30.514283730964745,30.21852692193738,30.23641474154336,4740800,78.96941506939203,0,0.0,130045.65002536772,0.0,130045.65002536772,30.04565002536772,0.0
2020-01-14,30.338985443115234,30.55245652994841,30.30559362278117,30.51906470961435,7724800,74.08294174708412,0,0.0,130045.65002536772,0.0,130045.65002536772,30.04565002536772,0.0
2020-01-15,30.364023208618164,30.52859844207041,30.26981098436426,30.37356398647077,5982400,74.34685447323585,0,0.0,130045.65002536772,0.0,130045.65002536772,30.04565002536772,0.0
2020-01-16,30.78023147583008,30.785002774724248,30.53217488541917,30.572721827432844,4518400,78.3022440613999,0,0.0,130045.65002536772,0.0,130045.65002536772,30.04565002536772,0.0
2020-01-17,30.96269416809082,30.97938825487073,30.74802939361076,30.914992098017915,4333600,79.77453998261805,0,0.0,130045.65002536772,0.0,130045.65002536772,30.04565002536772,0.0
2020-01-21,30.91737937927246,31.10103619096261,30.85655714046451,30.87325486854319,5878400,78.35259035089018,0,0.0,130045.65002536772,0.0,130045.65002536772,30.04565002536772,0.0
2020-01-22,31.04498863220215,31.26084354941899,31.01517437690219,31.134431398102013,6104000,79.46275884092962,0,0.0,130045.65002536772,0.0,130045.65002536772,30.04565002536772,0.0
2020-01-23,31.198820114135746,31.198820114135746,30.93645691384962,31.062869034960165,3712800,80.74473570081105,0,0.0,130045.65002536772,0.0,130045.65002536772,30.04565002536772,0.0
2020-01-24,31.03782844543457,31.48265473280058,30.91737770902711,31.423026231915284,6326400,75.43750163788037,0,0.0,130045.65002536772,0.0,130045.65002536772,30.04565002536772,0.0
2020-01-27,30.297243118286133,30.523830704641405,29.98598225593304,30.298435033262784,8578400,56.90735649943442,0,0.0,130045.65002536772,0.0,130045.65002536772,30.04565002536772,0.0
2020-01-28,30.87325859069824,30.94361979729474,30.491634662632464,30.54649551341794,4979200,64.26065003017814,0,0.0,130045.65002536772,0.0,130045.65002536772,30.04565002536772,0.0
2020-01-29,30.904260635375977,31.17020141534985,30.81362415102534,31.104611521318088,5184000,64.61066932608605,0,0.0,130045.65002536772,0.0,130045.65002536772,30.04565002536772,0.0
2020-01-30,31.15111923217773,31.16900705387803,30.69436653406816,30.87325202994056,4530400,67.35248391957757,0,0.0,130045.65002536772,0.0,130045.65002536772,30.04565002536772,0.0
2020-01-31,30.3127384185791,31.006814918291216,30.204215949350083,31.00323735445493,7536800,52.481232426836094,0,0.0,130045.65002536772,0.0,130045.65002536772,30.04565002536772,0.0
2020-02-03,30.693172454833984,30.75518842194496,30.31751364560704,30.344942245145283,7798400,57.10910822391438,0,0.0,130045.65002536772,0.0,130045.65002536772,30.04565002536772,0.0
2020-02-04,31.49577522277832,31.54705486060816,31.13800421374888,31.21313670795465,6640800,64.88009002561242,0,0.0,130045.65002536772,0.0,130045.65002536772,30.04565002536772,0.0
2020-02-05,31.644847869873047,32.03481697668902,31.41826028206466,32.00261889465525,6062400,66.10833696120633,0,0.0,130045.65002536772,0.0,130045.65002536772,30.04565002536772,0.0
2020-02-06,31.898855209350582,31.898855209350582,31.61979434010081,31.773633208903554,4151200,68.15216872654112,0,0.0,130045.65002536772,0.0,130045.65002536772,30.04565002536772,0.0
2020-02-07,31.600725173950195,31.85235572890261,31.53155406710285,31.73548254389846,4628800,63.32521549873266,0,0.0,130045.65002536772,0.0,130045.65002536772,30.04565002536772,0.0
2020-02-10,31.99426651000977,32.001421638563265,31.41825682484512,31.432567081952115,4400800,66.68002163238597,0,0.0,130045.65002536772,0.0,130045.65002536772,30.04565002536772,0.0
2020-02-11,31.93582344055176,32.30074945960215,31.84160941985606,32.2768966110048,4290400,65.71859647409804,0,0.0,130045.65002536772,0.0,130045.65002536772,30.04565002536772,0.0
2020-02-12,32.27572250366211,32.285261464165856,31.97280864571201,32.14334531541231,4111200,68.55802656506266,0,0.0,130045.65002536772,0.0,130045.65002536772,30.04565002536772,0.0
2020-02-13,32.21012496948242,32.37350648871865,31.99784764005867,32.05151474962513,4100000,67.39780595618238,0,0.0,130045.65002536772,0.0,130045.65002536772,30.04565002536772,0.0
2020-02-14,32.34010696411133,32.409278050597,32.1826868770414,32.2864435067699,3859200,68.53413045824631,0,0.0,130045.65002536772,0.0,130045.65002536772,30.04565002536772,0.0
2020-02-18,32.222042083740234,32.27451544343464,32.04673418645074,32.11232406635174,5774400,66.27456640994417,0,0.0,130045.65002536772,0.0,130045.65002536772,30.04565002536772,0.0
2020-02-19,32.58219909667969,32.64421505667848,32.40450735777234,32.40450735777234,5274400,69.57043111976206,0,0.0,130045.65002536772,0.0,130045.65002536772,30.04565002536772,0.0
2020-02-20,32.28047180175781,32.61797102349238,31.82252552993045,32.544032293482246,6850400,63.93344043810716,0,0.0,130045.65002536772,0.0,130045.65002536772,30.04565002536772,0.0
2020-02-21,31.56493186950684,32.13975130055411,31.35742591997732,32.10635949672828,9121600,52.97188866285344,0,0.0,130045.65002536772,0.0,130045.65002536772,30.04565002536772,0.0
2020-02-24,30.273393630981445,30.67886674934424,29.69499638712037,30.07423281691312,15647200,39.73067064164265,0,0.0,130045.65002536772,0.0,130045.65002536772,30.04565002536772,0.0
2020-02-25,29.310985565185547,30.63473900439756,29.18934291462399,30.529792261190146,14342400,33.09249601796971,0,0.0,130045.65002536772,0.0,130045.65002536772,30.04565002536772,0.0
2020-02-26,29.37896156311035,30.03964451736526,29.16072104302534,29.37538399882349,14311200,33.932137820504096,0,0.0,130045.65002536772,0.0,130045.65002536772,30.04565002536772,0.0
2020-02-27,27.858428955078125,29.06888647422042,27.858428955078125,28.409395574864693,20147200,26.05546395309129,1,4668.0,2.5036630630347645,130043.14636230469,130045.65002536772,30.04565002536772,0.0
2020-02-28,28.10290908813477,28.303261778461223,26.688521107779696,26.75769038064733,28288000,28.912763622279076,0,4668.0,2.5036630630347645,131184.37962341312,131186.88328647614,31.186883286476142,0.8775635793167869
2020-03-02,29.578123092651367,29.578123092651367,28.023010717734955,28.54774263516732,17408000,43.180189374490205,0,4668.0,2.5036630630347645,138070.67859649658,138073.18225955963,38.07318225955962,5.249228276919804
2020-03-03,28.498842239379883,29.95735467628416,28.201891687585167,29.766544589514307,16729600,37.28436110192552,0,4668.0,2.5036630630347645,133032.5955734253,133035.09923648834,33.03509923648835,-3.648849791554998
2020-03-04,29.66160011291504,29.683065498674424,28.706352232558253,29.149986582374943,7608800,45.86087873504891,0,4668.0,2.5036630630347645,138460.3493270874,138462.85299015045,38.462852990150445,4.07994114697019
2020-03-05,28.73377799987793,29.43858721165177,28.553698789520706,28.89239000687436,7584800,41.03824750960533,0,4668.0,2.5036630630347645,134129.27570343018,134131.77936649323,34.131779366493234,-3.127967920728403
2020-03-06,28.124378204345703,28.290145359647205,27.368289269788765,27.78568876497992,13494400,38.19709659242435,0,4668.0,2.5036630630347645,131284.59745788574,131287.1011209488,31.28710112094879,-2.1208085503524265
2020-03-09,25.95628547668457,27.08445750407857,25.69392043906565,25.94078330400009,20152800,30.189216366140258,0,4668.0,2.5036630630347645,121163.94060516357,121166.44426822661,21.166444268226602,-7.708797563744274
2020-03-10,27.59775924682617,27.59775924682617,26.049784062789385,27.01831506705279,24196800,40.380248187448856,0,4668.0,2.5036630630347645,128826.34016418456,128828.84382724759,28.828843827247596,6.323862687642046
2020-03-11,26.270069122314453,27.00155590046188,25.8773890077936,26.851906410879963,12639200,35.82483937619533,0,4668.0,2.5036630630347645,122628.68266296387,122631.1863260269,22.6311863260269,-4.810768549263244
2020-03-12,23.68532943725586,25.62957674461778,23.67575164833962,24.33899937327175,27701600,28.97236920405635,0,4668.0,2.5036630630347645,110563.11781311035,110565.62147617339,10.565621476173392,-9.838904124906723
2020-03-13,26.29401206970215,26.32513850301643,23.85532297086217,25.21533747944348,16578400,41.197367108319696,0,4668.0,2.5036630630347645,122740.44834136963,122742.95200443266,22.74295200443266,11.013668051315072
2020-03-16,22.7479248046875,24.731679825589246,22.74672826610249,23.138211943021776,15118400,32.906255128835895,0,4668.0,2.5036630630347645,106187.31298828125,106189.81665134428,6.189816651344282,-13.486016983272975
2020-03-17,24.11871337890625,24.48984307298685,22.457004611359928,23.23877351671968,12671200,38.09293313457085,0,4668.0,2.5036630630347645,112586.15405273438,112588.65771579741,12.588657715797403,6.025851881317967
2020-03-18,23.30821228027344,23.704483916081283,21.909886218532407,22.66052872070569,30476000,36.30582285013489,0,4668.0,2.5036630630347645,108802.73492431642,108805.23858737946,8.80523858737945,-3.3603910066751785
2020-03-19,23.34531784057617,24.13067798436476,22.40073043794389,22.934680562591755,10612800,36.45280797112366,0,4668.0,2.5036630630347645,108975.94367980956,108978.44734287259,8.978447342872586,0.1591915589193249
2020-03-20,22.4055233001709,24.17378237397717,22.36242416938616,23.94392095205063,12592000,34.29420397569844,0,4668.0,2.5036630630347645,104588.98276519775,104591.48642826079,4.591486428260794,-4.025530755461548
2020-03-23,22.20678901672364,22.78623143590677,21.48368161770406,22.38517004961957,13808000,33.83788372601367,0,4668.0,2.5036630630347645,103661.29113006595,103663.79479312898,3.6637947931289716,-0.8869666803790088
2020-03-24,24.514976501464844,24.536525146897024,23.46623191448345,23.60869849298166,12481600,43.27811514476018,0,4668.0,2.5036630630347645,114435.91030883789,114438.41397190093,14.438413971900932,10.393811262913655
2020-03-25,24.526954650878903,25.634360986252005,24.030119025719284,24.76759222370214,14562400,43.323309174325686,0,4668.0,2.5036630630347645,114491.82431030272,114494.32797336575,14.494327973365762,0.0488594690577937
2020-03-26,26.042600631713867,26.09168609895872,24.813080008100687,24.813080008100687,13282400,48.87420659395281,0,4668.0,2.5036630630347645,121566.85974884033,121569.36341190337,21.569363411903364,6.179376361930733
2020-03-27,24.89090156555176,25.684641242361124,24.81787253914732,25.253651794164085,11522400,45.24775659479558,0,4668.0,2.5036630630347645,116190.72850799562,116193.23217105865,16.193232171058657,-4.422274732680154
2020-03-30,25.876190185546875,25.919289307813347,25.10878723227964,25.11716847980893,12260800,48.75119776118608,0,4668.0,2.5036630630347645,120790.05578613281,120792.55944919585,20.792559449195846,3.958343521562524
2020-03-31,25.36857986450196,26.248519563474765,25.230903069565823,25.852248021072025,11804000,47.07980236445803,0,4668.0,2.5036630630347645,118420.53080749515,118423.03447055818,18.423034470558175,-1.9616481258800222
2020-04-01,24.16899299621582,24.99745239404549,23.97025802537756,24.52575688627741,9640000,43.30161134351782,0,4668.0,2.5036630630347645,112820.85930633545,112823.36296939848,12.823362969398477,-4.72853235537708
2020-04-02,24.641881942749023,24.70054519595036,23.94511309411903,24.044480567039248,6090400,45.16963578560108,0,4668.0,2.5036630630347645,115028.30490875244,115030.80857181548,15.030808571815468,1.956550083528108
2020-04-03,24.244421005249023,24.79273711610228,23.9439253991295,24.548509880812823,4012800,43.86160978205529,0,4668.0,2.5036630630347645,113172.95725250244,113175.46091556548,13.175460915565473,-1.612913687459372
2020-04-06,26.30957794189453,26.490355702245708,25.161467446713534,25.3302725166712,9448800,51.689653349288754,0,4668.0,2.5036630630347645,122813.10983276367,122815.6134958267,22.815613495826703,8.517882323848692
2020-04-07,26.10964584350586,27.31761610976435,26.08211084835523,27.31761610976435,13883200,50.94895276389421,0,4668.0,2.5036630630347645,121879.82679748535,121882.33046054839,21.882330460548395,-0.7599058529394798
2020-04-08,26.859092712402344,26.971627600744338,26.22338010849752,26.42331344598884,8487200,53.63125328888621,0,4668.0,2.5036630630347645,125378.24478149414,125380.74844455718,25.380748444557177,2.8703241649462807
2020-04-09,26.922536849975582,27.361907442279968,26.723801930045628,27.25296219772824,13693600,53.86127038438027,0,4668.0,2.5036630630347645,125674.40201568602,125676.90567874906,25.67690567874905,0.23620630588501168
2020-04-13,26.98360061645508,26.989586961820404,26.41253761199428,26.850711787159828,8109600,54.09729095086808,0,4668.0,2.5036630630347645,125959.44767761232,125961.95134067535,25.96195134067536,0.2268083068936555
2020-04-14,28.079036712646484,28.134108537394862,27.47684721647754,27.598961730988275,12955200,58.225689775919534,0,4668.0,2.5036630630347645,131072.9433746338,131075.44703769684,31.075447037696847,4.059555796489356
2020-04-15,27.470861434936523,27.6648066109472,27.24698453082572,27.52114344994758,7295200,55.25445463117504,0,4668.0,2.5036630630347645,128233.98117828369,128236.48484134673,28.23648484134673,-2.1658993049504027
2020-04-16,27.75579071044922,27.83959406233095,27.324801260724865,27.79769329977812,10008800,56.37757216950543,0,4668.0,2.5036630630347645,129564.03103637695,129566.53469943999,29.566534699439995,1.0371852127253778
2020-04-17,28.20234680175781,28.29333303932124,27.78093330195271,28.2586133326308,8070400,58.15049313440231,0,4668.0,2.5036630630347645,131648.55487060544,131651.05853366846,31.651058533668454,1.6088443200738656
2020-04-20,27.73424530029297,28.170024607767523,27.72825895443572,27.83361279583932,10504000,55.59955706680452,0,4668.0,2.5036630630347645,129463.45706176758,129465.96072483061,29.46596072483061,-1.6597647092059131
2020-04-21,26.5945053100586,27.415781636520585,26.44006786793984,27.35352694838152,8400000,49.86390386103936,0,4668.0,2.5036630630347645,124143.15078735354,124145.65445041658,24.145654450416586,-4.109424782103089
2020-04-22,27.60254669189453,27.74381674938794,27.134442685164466,27.24458630879872,5391200,54.34944526674568,0,4668.0,2.5036630630347645,128848.68795776367,128851.1916208267,28.8511916208267,3.7903357884262467
2020-04-23,27.461280822753903,27.986849762873355,27.42656111779459,27.67079011047221,4806400,53.62537902712892,0,4668.0,2.5036630630347645,128189.25888061522,128191.76254367825,28.191762543678255,-0.5117756916745986
2020-04-24,28.00121688842773,28.02516044283095,27.381070243536865,27.564241083546783,6852800,56.03621694844831,0,4668.0,2.5036630630347645,130709.68043518065,130712.18409824368,30.71218409824368,1.9661337862537431
2020-04-27,28.319673538208008,28.37474353469973,28.134107781105048,28.27298296432318,7088000,57.44150881063637,0,4668.0,2.5036630630347645,132196.23607635498,132198.73973941803,32.19873973941802,1.1372739667918408
2020-04-28,27.960506439208984,28.691993098069982,27.92698510515117,28.67283752810103,6744800,55.29473558956346,0,4668.0,2.5036630630347645,130519.64405822754,130522.14772129057,30.522147721290583,-1.2682360069636411
2020-04-29,29.154115676879883,29.23552412292679,28.46333311666275,28.54833483111856,7587200,60.56885572810137,0,4668.0,2.5036630630347645,136091.4119796753,136093.91564273834,36.09391564273834,4.268829481219849
2020-04-30,28.972143173217773,29.222356698560205,28.772211660615728,29.222356698560205,6699200,59.41795638146889,0,4668.0,2.5036630630347645,135241.96433258057,135244.46799564362,35.244467995643625,-0.6241628386419729
2020-05-01,28.14008903503418,28.651292178395,28.021565987337496,28.322063317124552,7437600,54.33412486785096,0,4668.0,2.5036630630347645,131357.93561553955,131360.4392786026,31.36043927860259,-2.87185773629286
2020-05-04,28.486082077026367,28.51002563180625,27.843188405966988,27.934174644841,4998400,56.01926635746936,0,4668.0,2.5036630630347645,132973.03113555908,132975.53479862213,32.97553479862214,1.229514402425269
2020-05-05,28.92663955688477,29.26784103423491,28.78656789063512,28.810511437324923,7199200,58.13757327490066,0,4668.0,2.5036630630347645,135029.55345153812,135032.05711460114,35.03205711460113,1.5465418650832286
2020-05-06,29.13496208190918,29.416303874095508,28.991298926510765,29.17087832745281,5696000,59.13975328203571,0,4668.0,2.5036630630347645,136002.00299835205,136004.5066614151,36.00450666141511,0.7201619878964394
2020-05-07,29.65933609008789,29.8233513670778,29.532431772200383,29.57313782692245,6497600,61.629786598836624,0,4668.0,2.5036630630347645,138449.78086853027,138452.28453159332,38.45228453159333,1.7997770296479976
2020-05-08,30.098711013793945,30.13462726623652,29.7551144517844,29.9718085050365,6192800,63.62978145063676,0,4668.0,2.5036630630347645,140500.78301239014,140503.2866754532,40.503286675453175,1.4813783324693741
2020-05-11,30.30581855773925,30.487792855753234,29.85208209119296,29.904757179113787,11072000,64.56730920299952,0,4668.0,2.5036630630347645,141467.56102752683,141470.06469058985,41.47006469058985,0.68808213530962
2020-05-12,29.6545467376709,30.517725920995524,29.6545467376709,30.4530763092417,28762400,59.3834335162304,0,4668.0,2.5036630630347645,138427.42417144775,138429.9278345108,38.4299278345108,-2.1489612397705082
2020-05-13,29.12777709960937,29.90116464095218,28.75185765379197,29.70602294819548,9308000,55.50198744272664,0,4668.0,2.5036630630347645,135968.46350097653,135970.96716403955,35.97096716403956,-1.7763215721753989
2020-05-14,29.47854995727539,29.51087475349244,28.5626959542566,28.88952987714899,6398400,57.49433453798351,0,4668.0,2.5036630630347645,137605.87120056152,137608.37486362457,37.60837486362458,1.2042333254933757
2020-05-15,29.65214729309082,29.65214729309082,28.984113585778505,29.0643254921866,5322400,58.48500927941201,0,4668.0,2.5036630630347645,138416.22356414795,138418.727227211,38.418727227211,0.5888830272063883
2020-05-18,30.36687469482422,30.539271204781443,30.163351747648743,30.239972215765725,7204000,62.37333028818156,0,4668.0,2.5036630630347645,141752.57107543945,141755.0747385025,41.75507473850251,2.410329568928171
2020-05-19,30.274688720703125,30.764341376538194,30.274688720703125,30.41356204857428,5676800,61.57229507389975,0,4668.0,2.5036630630347645,141322.2469482422,141324.75061130524,41.32475061130523,-0.3035687632284678
2020-05-20,30.96786880493164,31.02772860157866,30.67335597487084,30.71166712157742,5672000,65.19218487685146,0,4668.0,2.5036630630347645,144558.0115814209,144560.51524448395,44.560515244483945,2.2895951481833876
2020-05-21,30.584762573242188,31.0504698597632,30.520112974248025,30.94631440522092,5638400,61.73109628705942,0,4668.0,2.5036630630347645,142769.67169189453,142772.17535495758,42.77217535495759,-1.2370873792901804
2020-05-22,30.734411239624023,30.75595988753333,30.40997036859687,30.53687466001867,4168800,62.56710144025265,0,4668.0,2.5036630630347645,143468.23166656494,143470.735329628,43.470735329628,0.48928299434651823
2020-05-26,30.75596618652344,31.35456421916715,30.70209455571697,31.35456421916715,6104800,62.69351859547472,0,4668.0,2.5036630630347645,143568.85015869144,143571.35382175446,43.57135382175446,0.07013171842695787
2020-05-27,30.92716217041016,30.930753612211163,30.0388447984744,30.738006812970227,6693600,63.740890659708,0,4668.0,2.5036630630347645,144367.99301147464,144370.49667453766,44.37049667453765,0.5566172021859828
2020-05-28,30.86491203308105,31.432381809300253,30.76793944229809,30.83857357301948,5620000,63.04775578097047,0,4668.0,2.5036630630347645,144077.40937042233,144079.91303348535,44.079913033485354,-0.2012763325926481
2020-05-29,31.250411987304688,31.330625739561683,30.712872067374526,30.94033861266116,5908000,65.54639201648573,0,4668.0,2.5036630630347645,145876.92315673828,145879.42681980133,45.879426819801324,1.2489692341067338
2020-06-01,31.35096740722656,31.423998254547424,31.018147104225203,31.124699289490383,8140800,66.18862249991383,0,4668.0,2.5036630630347645,146346.31585693356,146348.81951999658,46.34881951999659,0.32176757917692367
2020-06-02,31.6311149597168,31.6311149597168,31.08639223310041,31.41083133089282,4565600,67.97943934680679,0,4668.0,2.5036630630347645,147654.04463195804,147656.54829502106,47.65654829502106,0.8935697461131875
2020-06-03,31.92562484741211,32.00703329220473,31.641886348577177,31.75801449765417,5732800,69.79088000693004,0,4668.0,2.5036630630347645,149028.81678771973,149031.32045078278,49.03132045078278,0.9310607430798701
2020-06-04,31.61195945739746,31.978301147357488,31.415621209898088,31.81069443521112,5651200,65.53839872550586,0,4668.0,2.5036630630347645,147564.62674713135,147567.1304101944,47.5671304101944,-0.9824713598185708
2020-06-05,32.37575912475586,32.46435408190353,31.74004856540166,31.85138687725444,5710400,70.28626547846284,-1,0.0,151132.5472574234,0.0,151132.5472574234,51.1325472574234,2.4161321273363345
2020-06-08,32.57450485229492,32.58408446608618,32.072879446378785,32.3482367128188,11107200,71.39078165525939,0,0.0,151132.5472574234,0.0,151132.5472574234,51.1325472574234,0.0
2020-06-09,32.64752960205078,32.824712234984766,32.36259642864976,32.39851083977111,5110400,71.80548395704346,0,0.0,151132.5472574234,0.0,151132.5472574234,51.1325472574234,0.0
2020-06-10,33.13360977172852,33.37544213681212,32.81515508094303,32.90015500500627,5129600,74.45938272396342,0,0.0,151132.5472574234,0.0,151132.5472574234,51.1325472574234,0.0
2020-06-11,31.24561882019043,32.58408679280077,31.21449420702677,32.43922343889313,10707200,53.42461232762855,0,0.0,151132.5472574234,0.0,151132.5472574234,51.1325472574234,0.0
2020-06-12,31.62991523742676,32.25006179948317,31.08638730851605,32.15308922969855,8929600,56.14062559736495,0,0.0,151132.5472574234,0.0,151132.5472574234,51.1325472574234,0.0
2020-06-15,32.0237922668457,32.1387257049045,30.96068171288966,31.027728045199947,5960000,58.79294595050784,0,0.0,151132.5472574234,0.0,151132.5472574234,51.1325472574234,0.0
2020-06-16,32.69781875610352,32.96598950891716,32.204574555655924,32.83190413251034,8829600,62.92482627445714,0,0.0,151132.5472574234,0.0,151132.5472574234,51.1325472574234,0.0
2020-06-17,32.67266845703125,32.989924588470785,32.63675039371367,32.94562893190865,4323200,62.67230225813714,0,0.0,151132.5472574234,0.0,151132.5472574234,51.1325472574234,0.0
2020-06-18,32.85105514526367,32.88697321481029,32.56492722170116,32.637954418740904,5334400,63.78250685656968,0,0.0,151132.5472574234,0.0,151132.5472574234,51.1325472574234,0.0
2020-06-19,32.63316345214844,33.28443829841611,32.49189521618828,33.248523883698056,5104800,61.38108056729687,0,0.0,151132.5472574234,0.0,151132.5472574234,51.1325472574234,0.0
2020-06-22,33.23746109008789,33.266263957159175,32.64097730033361,32.6901846399957,4426400,65.28482955572372,0,0.0,151132.5472574234,0.0,151132.5472574234,51.1325472574234,0.0
2020-06-23,33.45587921142578,33.84953410857564,33.416271622429065,33.5038851915423,5562400,66.5990349217829,0,0.0,151132.5472574234,0.0,151132.5472574234,51.1325472574234,0.0
2020-06-24,32.69977188110352,33.51228785132071,32.51014697429656,33.3298599959088,7292800,58.362288234648126,0,0.0,151132.5472574234,0.0,151132.5472574234,51.1325472574234,0.0
2020-06-25,33.13422775268555,33.16063158819406,32.382925274345354,32.729771829876015,5039200,61.32231192225304,0,0.0,151132.5472574234,0.0,151132.5472574234,51.1325472574234,0.0
2020-06-26,32.52215576171875,33.12703783344168,32.39373689887437,33.06463041218775,7037600,55.35217190193927,0,0.0,151132.5472574234,0.0,151132.5472574234,51.1325472574234,0.0
2020-06-29,32.85340118408203,32.85340118408203,32.09969574573838,32.55816084994635,6948800,57.74951272866429,0,0.0,151132.5472574234,0.0,151132.5472574234,51.1325472574234,0.0
2020-06-30,33.44987869262695,33.545894322708826,32.82819259616167,32.83779232785897,5987200,61.73399117451936,0,0.0,151132.5472574234,0.0,151132.5472574234,51.1325472574234,0.0
2020-07-01,33.529090881347656,33.711518750823494,33.30826042169646,33.44267864386485,7564800,62.24322503777589,0,0.0,151132.5472574234,0.0,151132.5472574234,51.1325472574234,0.0
2020-07-02,33.71270751953125,34.00074701415173,33.63349601755196,33.839924993510465,6564800,63.45720243868186,0,0.0,151132.5472574234,0.0,151132.5472574234,51.1325472574234,0.0
2020-07-06,34.24559020996094,34.46762200262943,34.0991695805502,34.139974849386405,6245600,66.79404663654316,0,0.0,151132.5472574234,0.0,151132.5472574234,51.1325472574234,0.0
2020-07-07,33.93115234375,34.57924237899974,33.88794438800144,34.19879114602302,6304000,63.13082247373095,0,0.0,151132.5472574234,0.0,151132.5472574234,51.1325472574234,0.0
2020-07-08,34.52043533325195,34.52043533325195,34.03796541734918,34.165186604407985,4528000,66.80509158736584,0,0.0,151132.5472574234,0.0,151132.5472574234,51.1325472574234,0.0
2020-07-09,34.6596565246582,34.8120765589445,34.13398229659365,34.80487584315916,4821600,67.62595445509783,0,0.0,151132.5472574234,0.0,151132.5472574234,51.1325472574234,0.0
2020-07-10,34.59243392944336,34.63683954703234,34.238383003193285,34.585233216462505,4669600,66.76741880220703,0,0.0,151132.5472574234,0.0,151132.5472574234,51.1325472574234,0.0
2020-07-13,33.80272674560547,35.09770888063365,33.7247165679193,34.886478167101714,11260000,57.52772417467085,0,0.0,151132.5472574234,0.0,151132.5472574234,51.1325472574234,0.0
2020-07-14,34.207183837890625,34.24679142927745,33.14143782955449,33.52908971344404,8337600,60.53965477905973,0,0.0,151132.5472574234,0.0,151132.5472574234,51.1325472574234,0.0
2020-07-15,34.42081451416016,34.66925015287197,33.976754580899666,34.53843228897885,6807200,62.06969079882024,0,0.0,151132.5472574234,0.0,151132.5472574234,51.1325472574234,0.0
2020-07-16,33.98635482788086,34.14477787490616,33.722320078793906,34.061965994080296,4161600,57.21129280688937,0,0.0,151132.5472574234,0.0,151132.5472574234,51.1325472574234,0.0
2020-07-17,34.18798828125,34.28760428911363,33.86874677535214,34.174788189613096,3877600,58.82221396888372,0,0.0,151132.5472574234,0.0,151132.5472574234,51.1325472574234,0.0
2020-07-20,35.08571243286133,35.1697256616465,34.12917834781626,34.282799712143415,5258400,65.1187558079876,0,0.0,151132.5472574234,0.0,151132.5472574234,51.1325472574234,0.0
2020-07-21,34.747257232666016,35.39774979941275,34.63924286192944,35.39774979941275,6194400,61.31222670023432,0,0.0,151132.5472574234,0.0,151132.5472574234,51.1325472574234,0.0
2020-07-22,35.00890350341797,35.15772316966332,34.75566614016069,34.80127311210613,4807200,63.10761280745142,0,0.0,151132.5472574234,0.0,151132.5472574234,51.1325472574234,0.0
2020-07-23,34.14837646484375,35.09650835534564,33.98515539159638,34.87687924536273,8460000,54.19900051200271,0,0.0,151132.5472574234,0.0,151132.5472574234,51.1325472574234,0.0
2020-07-24,33.70791244506836,33.95155003450401,33.17144093274397,33.623902893221015,10396800,50.286032658121336,0,0.0,151132.5472574234,0.0,151132.5472574234,51.1325472574234,0.0
2020-07-27,34.27919387817383,34.31999914595503,33.873536554919674,33.925146556562694,5584800,54.84003218353712,0,0.0,151132.5472574234,0.0,151132.5472574234,51.1325472574234,0.0
2020-07-28,33.86993789672852,34.28879899203372,33.85193611042527,34.213187826938274,3546400,51.22022334929481,0,0.0,151132.5472574234,0.0,151132.5472574234,51.1325472574234,0.0
2020-07-29,34.44962310791016,34.520432580005746,34.01996091520682,34.01996091520682,3221600,55.68239325417578,0,0.0,151132.5472574234,0.0,151132.5472574234,51.1325472574234,0.0
2020-07-30,34.62245559692383,34.65125846338565,33.93355651885447,34.12798319271756,3513600,56.9469209868594,0,0.0,151132.5472574234,0.0,151132.5472574234,51.1325472574234,0.0
2020-07-31,35.43735885620117,35.444559571118,34.580440817500225,35.17932347135604,6256800,62.39521485577031,0,0.0,151132.5472574234,0.0,151132.5472574234,51.1325472574234,0.0
2020-08-03,36.26667404174805,36.393891550763655,35.85621865609297,35.942630894539604,7621600,66.9754841609197,0,0.0,151132.5472574234,0.0,151132.5472574234,51.1325472574234,0.0
2020-08-04,36.385498046875,36.39389644001607,36.0566494955576,36.237876051432025,7245600,67.58469451142057,0,0.0,151132.5472574234,0.0,151132.5472574234,51.1325472574234,0.0
2020-08-05,36.54511642456055,36.62912965150495,36.37949265080408,36.51751124139375,4141600,68.42726530972139,0,0.0,151132.5472574234,0.0,151132.5472574234,51.1325472574234,0.0
2020-08-06,36.98558807373047,37.02159165764338,36.41310545115424,36.55472443137568,4428000,70.69124925749819,0,0.0,151132.5472574234,0.0,151132.5472574234,51.1325472574234,0.0
2020-08-07,36.38789367675781,36.861961499093496,36.08905301850717,36.861961499093496,8192000,63.9863202205728,0,0.0,151132.5472574234,0.0,151132.5472574234,51.1325472574234,0.0
2020-08-10,36.27267074584961,36.52830339660824,35.79140231244199,36.47669706307161,5455200,62.75068182434515,0,0.0,151132.5472574234,0.0,151132.5472574234,51.1325472574234,0.0
2020-08-11,35.63059616088867,36.342295065472,35.58619052094936,36.15987080710367,5032800,56.233892903295306,0,0.0,151132.5472574234,0.0,151132.5472574234,51.1325472574234,0.0
2020-08-12,36.411895751953125,36.48630557588854,35.88502028469794,35.93062725101235,8547200,61.4766108512715,0,0.0,151132.5472574234,0.0,151132.5472574234,51.1325472574234,0.0
2020-08-13,36.50070190429688,36.78514107142355,36.35188227722127,36.45509494435532,6112800,62.033323763466825,0,0.0,151132.5472574234,0.0,151132.5472574234,51.1325472574234,0.0
2020-08-14,36.41069412231445,36.56191644886502,36.237869652720015,36.51390680304965,3305600,61.07003462858889,0,0.0,151132.5472574234,0.0,151132.5472574234,51.1325472574234,0.0
2020-08-17,36.72274017333984,36.78514758806118,36.61352445061107,36.62072516528576,3268800,63.20338781369809,0,0.0,151132.5472574234,0.0,151132.5472574234,51.1325472574234,0.0
2020-08-18,36.83195495605469,36.939969336040335,36.53671101143962,36.81155048991587,3289600,63.94804264304854,0,0.0,151132.5472574234,0.0,151132.5472574234,51.1325472574234,0.0
2020-08-19,36.77434539794922,37.0923891618181,36.72513807408697,36.90636460067454,3474400,63.22125408334863,0,0.0,151132.5472574234,0.0,151132.5472574234,51.1325472574234,0.0
2020-08-20,37.24840545654297,37.316815899022046,36.583515143608174,36.66992737026032,3662400,66.58656684617586,0,0.0,151132.5472574234,0.0,151132.5472574234,51.1325472574234,0.0
2020-08-21,37.63605499267578,37.69006399924165,37.27240435962917,37.2976068534702,5163200,69.07819876821182,0,0.0,151132.5472574234,0.0,151132.5472574234,51.1325472574234,0.0
2020-08-24,37.94211196899414,38.21575011970232,37.63606693901163,38.1905439552396,4545600,70.92184396529163,0,0.0,151132.5472574234,0.0,151132.5472574234,51.1325472574234,0.0
2020-08-25,38.12333679199219,38.15094197526351,37.788488885635054,37.889306223398926,4108800,71.98690321450871,0,0.0,151132.5472574234,0.0,151132.5472574234,51.1325472574234,0.0
2020-08-26,38.91183853149414,39.02225557489683,38.45937661300304,38.51098294668612,5106400,76.09035785047342,0,0.0,151132.5472574234,0.0,151132.5472574234,51.1325472574234,0.0
2020-08-27,38.88784790039063,39.19989235851613,38.56020433258806,39.08587857942779,5460000,75.72689305349559,0,0.0,151132.5472574234,0.0,151132.5472574234,51.1325472574234,0.0
2020-08-28,39.26349258422852,39.37870767846847,39.033062395748615,39.061865253653146,5982400,77.53629237481799,0,0.0,151132.5472574234,0.0,151132.5472574234,51.1325472574234,0.0
2020-08-31,39.38350296020508,39.64394096674005,39.18667735888337,39.40030706632659,5144000,78.09801102351004,0,0.0,151132.5472574234,0.0,151132.5472574234,51.1325472574234,0.0
2020-09-01,40.32084274291992,40.36045033763509,39.636749186593306,39.81917340242266,6870400,81.90411152875828,0,0.0,151132.5472574234,0.0,151132.5472574234,51.1325472574234,0.0
2020-09-02,40.60887908935547,40.894519634048685,39.87917862160806,40.894519634048685,9088800,82.88818537583269,0,0.0,151132.5472574234,0.0,151132.5472574234,51.1325472574234,0.0
2020-09-03,38.20734786987305,39.936790345665976,37.9157079336243,39.936790345665976,17240800,55.69375755046924,0,0.0,151132.5472574234,0.0,151132.5472574234,51.1325472574234,0.0
2020-09-04,37.60007095336914,38.50619648871953,35.98224288444285,37.9841225837794,18643200,51.12591035175721,0,0.0,151132.5472574234,0.0,151132.5472574234,51.1325472574234,0.0
2020-09-08,35.96183395385742,37.0851893889396,35.91022394878503,36.276277368482,16860000,41.28798767960527,0,0.0,151132.5472574234,0.0,151132.5472574234,51.1325472574234,0.0
2020-09-09,37.097198486328125,37.465650989764455,36.41070215363184,36.79595510671192,9693600,48.66111983376519,0,0.0,151132.5472574234,0.0,151132.5472574234,51.1325472574234,0.0
2020-09-10,36.31467056274414,37.70686574705579,36.11784497584743,37.625255227186926,9372000,44.512040318659295,0,0.0,151132.5472574234,0.0,151132.5472574234,51.1325472574234,0.0
2020-09-11,36.0232048034668,36.743787993273024,35.582914083390115,36.693261263900176,9997600,43.04001770457023,0,0.0,151132.5472574234,0.0,151132.5472574234,51.1325472574234,0.0
2020-09-14,36.78950500488281,36.96393475880199,36.46830799353555,36.61627573355854,5763200,47.91677281073213,0,0.0,151132.5472574234,0.0,151132.5472574234,51.1325472574234,0.0
2020-09-15,37.19128036499024,37.4138321014949,36.92542316859858,37.37413175873313,6196800,50.318506169390695,0,0.0,151132.5472574234,0.0,151132.5472574234,51.1325472574234,0.0
2020-09-16,36.63431167602539,37.38136045080197,36.61506357550815,37.33324203510875,5390400,47.0775516397878,0,0.0,151132.5472574234,0.0,151132.5472574234,51.1325472574234,0.0
2020-09-17,36.3058967590332,36.52243513408415,35.74049895622187,35.79463079658479,7145600,45.22774264060473,0,0.0,151132.5472574234,0.0,151132.5472574234,51.1325472574234,0.0
2020-09-18,35.77297592163086,36.40814850897812,35.32667186550151,36.4009309306946,8876000,42.32170844448173,0,0.0,151132.5472574234,0.0,151132.5472574234,51.1325472574234,0.0
2020-09-21,36.10259628295898,36.11583095925158,35.02833705760918,35.17149183357406,10963200,44.6889560009724,0,0.0,151132.5472574234,0.0,151132.5472574234,51.1325472574234,0.0
2020-09-22,36.70167541503906,36.77145023303422,35.88966482136118,36.52243276988512,6552800,48.80178762876604,0,0.0,151132.5472574234,0.0,151132.5472574234,51.1325472574234,0.0
2020-09-23,35.60456466674805,36.72333351294543,35.4842667834494,36.68604146281885,5964800,42.560342582264354,0,0.0,151132.5472574234,0.0,151132.5472574234,51.1325472574234,0.0
2020-09-24,35.71404266357422,36.150724646602754,35.19796362261315,35.21721172797868,5826400,43.33908540440248,0,0.0,151132.5472574234,0.0,151132.5472574234,51.1325472574234,0.0
2020-09-25,36.61387252807617,36.70650427442335,35.54683058374756,35.75735194006226,5176800,49.41013748863392,0,0.0,151132.5472574234,0.0,151132.5472574234,51.1325472574234,0.0
2020-09-28,37.2923469543457,37.2923469543457,36.91340932437226,37.19009301071468,5347200,53.459350134185776,0,0.0,151132.5472574234,0.0,151132.5472574234,51.1325472574234,0.0
2020-09-29,37.19009017944336,37.4306859479291,37.14076760635977,37.27670480294623,4341600,52.77375399099202,0,0.0,151132.5472574234,0.0,151132.5472574234,51.1325472574234,0.0
2020-09-30,37.46676635742188,37.84329553915459,37.134743121012,37.19970498709197,5853600,54.47496935897102,0,0.0,151132.5472574234,0.0,151132.5472574234,51.1325472574234,0.0
2020-10-01,37.93351364135742,38.03576753250633,37.70494849544711,37.96479225237199,5610400,57.2713105489608,0,0.0,151132.5472574234,0.0,151132.5472574234,51.1325472574234,0.0
2020-10-02,37.0601692199707,37.668876206421245,36.9134056577514,37.046934543987,8308000,50.963384289613806,0,0.0,151132.5472574234,0.0,151132.5472574234,51.1325472574234,0.0
2020-10-05,37.90225601196289,37.90225601196289,37.34166741986565,37.34166741986565,5771200,55.99604015914822,0,0.0,151132.5472574234,0.0,151132.5472574234,51.1325472574234,0.0
2020-10-06,37.38016128540039,38.22344692127298,37.22377183988798,37.82285659929412,5020000,52.40495091555178,0,0.0,151132.5472574234,0.0,151132.5472574234,51.1325472574234,0.0
2020-10-07,38.08751678466797,38.15729162332408,37.76511929013455,37.76511929013455,4263200,56.47740995797852,0,0.0,151132.5472574234,0.0,151132.5472574234,51.1325472574234,0.0
2020-10-08,38.25472259521485,38.45802628886651,38.15246867164808,38.41231251095199,9509600,57.40520028691963,0,0.0,151132.5472574234,0.0,151132.5472574234,51.1325472574234,0.0
2020-10-09,38.90073013305664,38.90073013305664,38.45081717574913,38.46886112595122,3540000,60.87541066507311,0,0.0,151132.5472574234,0.0,151132.5472574234,51.1325472574234,0.0
2020-10-12,39.88114929199219,40.1145274578842,39.24357203746228,39.49739878576767,5248000,65.47287648848972,0,0.0,151132.5472574234,0.0,151132.5472574234,51.1325472574234,0.0
2020-10-13,39.68747329711914,40.10370292628284,39.55153610784201,40.02190125048417,7586400,63.87605813984355,0,0.0,151132.5472574234,0.0,151132.5472574234,51.1325472574234,0.0
2020-10-14,39.46491622924805,39.97377750604673,39.16296742149287,39.8053612338484,8697600,62.00464950756939,0,0.0,151132.5472574234,0.0,151132.5472574234,51.1325472574234,0.0
2020-10-15,39.31576156616211,39.37591051770283,38.631266203932704,38.763594631562405,4654400,60.72070152507782,0,0.0,151132.5472574234,0.0,151132.5472574234,51.1325472574234,0.0
2020-10-16,39.19064331054688,39.66582140637264,39.19064331054688,39.52627542463343,3188000,59.60568983754612,0,0.0,151132.5472574234,0.0,151132.5472574234,51.1325472574234,0.0
2020-10-19,38.59156036376953,39.57439570780544,38.45562683638549,39.43244508340079,4293600,54.44994902470552,0,0.0,151132.5472574234,0.0,151132.5472574234,51.1325472574234,0.0
2020-10-20,38.6408805847168,39.0498926380084,38.45923328431724,38.72749520421854,6565600,54.79660378069084,0,0.0,151132.5472574234,0.0,151132.5472574234,51.1325472574234,0.0
2020-10-21,38.50254440307617,38.91516530637202,38.423147350959695,38.6011895591482,2576000,53.56523880935108,0,0.0,151132.5472574234,0.0,151132.5472574234,51.1325472574234,0.0
2020-10-22,38.34975814819336,38.66012503052942,37.86134910060432,38.51576979247527,3617600,52.17081759825842,0,0.0,151132.5472574234,0.0,151132.5472574234,51.1325472574234,0.0
2020-10-23,38.32690048217773,38.47245987073593,38.01292114584039,38.40870214920222,2091200,51.95291963320102,0,0.0,151132.5472574234,0.0,151132.5472574234,51.1325472574234,0.0
2020-10-26,37.49925231933594,38.21021317416003,37.0324959946501,37.93713465870123,4809600,44.67670900972246,0,0.0,151132.5472574234,0.0,151132.5472574234,51.1325472574234,0.0
2020-10-27,37.66767501831055,37.80842516601818,37.49324527919286,37.688127275095525,3296800,46.32416441544229,0,0.0,151132.5472574234,0.0,151132.5472574234,51.1325472574234,0.0
2020-10-28,36.1639518737793,36.96874506869692,36.09177240400366,36.95791869891063,6426400,36.012830283759584,0,0.0,151132.5472574234,0.0,151132.5472574234,51.1325472574234,0.0
2020-10-29,36.67642211914063,37.08543422014047,36.26741001814078,36.32875944701053,5878400,40.84543203086356,0,0.0,151132.5472574234,0.0,151132.5472574234,51.1325472574234,0.0
2020-10-30,35.84756851196289,36.399735408786434,35.462617451158884,36.21567977651192,6740000,36.0969724643174,0,0.0,151132.5472574234,0.0,151132.5472574234,51.1325472574234,0.0
2020-11-02,35.92214584350586,36.3840929032558,35.535990701808345,36.13507542679678,4953600,36.80880771562314,0,0.0,151132.5472574234,0.0,151132.5472574234,51.1325472574234,0.0
2020-11-03,36.57295989990234,36.81957275489565,36.04485411942385,36.18920937169318,7177600,42.79719838005667,0,0.0,151132.5472574234,0.0,151132.5472574234,51.1325472574234,0.0
2020-11-04,38.0189323425293,38.27516734233754,37.292332323516064,37.69533084254223,7357600,53.37033106465284,0,0.0,151132.5472574234,0.0,151132.5472574234,51.1325472574234,0.0
2020-11-05,39.229129791259766,39.300105082527104,38.868236239677245,38.97529941762322,7440000,60.0293269160841,0,0.0,151132.5472574234,0.0,151132.5472574234,51.1325472574234,0.0
2020-11-06,39.411991119384766,39.50341868357462,38.64449005250667,39.14011673399912,3914400,60.937067138237765,0,0.0,151132.5472574234,0.0,151132.5472574234,51.1325472574234,0.0
2020-11-09,39.00056838989258,40.450156160780566,38.93320188076314,40.450156160780566,7241600,57.75880709688648,0,0.0,151132.5472574234,0.0,151132.5472574234,51.1325472574234,0.0
2020-11-10,38.194580078125,38.87907536597702,37.84330862396815,38.597578743898026,10052800,52.03329479084354,0,0.0,151132.5472574234,0.0,151132.5472574234,51.1325472574234,0.0
2020-11-11,39.12808990478516,39.24357484247912,38.55065787391536,38.62163318308145,5468000,57.31145235063352,0,0.0,151132.5472574234,0.0,151132.5472574234,51.1325472574234,0.0
2020-11-12,38.82373428344727,39.35063588892384,38.65892311189525,39.16537980581828,2980000,55.17954799155059,0,0.0,151132.5472574234,0.0,151132.5472574234,51.1325472574234,0.0
2020-11-13,39.12928771972656,39.20267133107535,38.75516309791797,39.10282204089253,2504800,56.91242938926872,0,0.0,151132.5472574234,0.0,151132.5472574234,51.1325472574234,0.0
2020-11-16,39.51423645019531,39.57799416629,39.02462330084976,39.24717506611584,4412000,59.05996897491179,0,0.0,151132.5472574234,0.0,151132.5472574234,51.1325472574234,0.0
2020-11-17,39.39995574951172,39.5996506476097,39.16417296009463,39.35063318390925,2993600,58.13362714226077,0,0.0,151132.5472574234,0.0,151132.5472574234,51.1325472574234,0.0
2020-11-18,38.98973846435547,39.521456632092175,38.98973846435547,39.38431897782487,2917600,54.810351283000834,0,0.0,151132.5472574234,0.0,151132.5472574234,51.1325472574234,0.0
2020-11-19,39.41679763793945,39.45168504562027,38.80809075401586,39.00417685514686,2460000,57.53216192223691,0,0.0,151132.5472574234,0.0,151132.5472574234,51.1325472574234,0.0
2020-11-20,39.10041046142578,39.51784415228725,39.085975306661545,39.440851765279234,2560800,54.89424415805996,0,0.0,151132.5472574234,0.0,151132.5472574234,51.1325472574234,0.0
2020-11-23,39.12568283081055,39.439662218787376,38.79606780163649,39.223123823686095,3307200,55.07145272191835,0,0.0,151132.5472574234,0.0,151132.5472574234,51.1325472574234,0.0
2020-11-24,39.59002685546875,39.65859751744114,38.97169408672023,39.2880780490706,3805600,58.31216632864371,0,0.0,151132.5472574234,0.0,151132.5472574234,51.1325472574234,0.0
2020-11-25,39.77529144287109,39.86310654269501,39.57800116425331,39.73799572384471,2536800,59.56533453011541,0,0.0,151132.5472574234,0.0,151132.5472574234,51.1325472574234,0.0
2020-11-27,40.07001876831055,40.19152079692061,39.97137362966079,40.003856405499015,1743200,61.54575323986145,0,0.0,151132.5472574234,0.0,151132.5472574234,51.1325472574234,0.0
2020-11-30,40.339473724365234,40.35992597282349,39.553928963306966,40.08805167524232,3122400,63.31482021153411,0,0.0,151132.5472574234,0.0,151132.5472574234,51.1325472574234,0.0
2020-12-01,40.67391586303711,40.892858893360255,40.39963683392023,40.60654934158385,5749600,65.43998857576555,0,0.0,151132.5472574234,0.0,151132.5472574234,51.1325472574234,0.0
2020-12-02,40.62460708618164,40.66550793645783,40.19634680540624,40.519944817038485,2906400,64.84356133535017,0,0.0,151132.5472574234,0.0,151132.5472574234,51.1325472574234,0.0
2020-12-03,40.64985275268555,40.93134932143523,40.56925156632067,40.69797116533344,2307200,65.01934941941349,0,0.0,151132.5472574234,0.0,151132.5472574234,51.1325472574234,0.0
2020-12-04,41.10578155517578,41.10578155517578,40.66428677942023,40.74007502105452,2954400,68.11964159673573,0,0.0,151132.5472574234,0.0,151132.5472574234,51.1325472574234,0.0
2020-12-07,41.20804214477539,41.32954419256897,41.08052667075853,41.12142751419787,3588800,68.78782355111562,0,0.0,151132.5472574234,0.0,151132.5472574234,51.1325472574234,0.0
2020-12-08,41.39450454711914,41.53405053960429,41.05646777102675,41.19601376351191,3334400,70.02163052699204,0,0.0,151132.5472574234,0.0,151132.5472574234,51.1325472574234,0.0
2020-12-09,40.545196533203125,41.49194021541255,40.390011247606985,41.40532559917282,7505600,58.64940620894605,0,0.0,151132.5472574234,0.0,151132.5472574234,51.1325472574234,0.0
2020-12-10,40.72443771362305,40.885636418599525,40.19271951381737,40.28655537660629,6369600,60.12141431697441,0,0.0,151132.5472574234,0.0,151132.5472574234,51.1325472574234,0.0
2020-12-11,40.65227127075195,40.66069300542115,40.18912358955655,40.4790419891038,3390400,59.20753754698364,0,0.0,151132.5472574234,0.0,151132.5472574234,51.1325472574234,0.0
2020-12-14,40.8266830444336,41.1611109052189,40.80142152503007,40.82427473797687,2468800,60.75997086032498,0,0.0,151132.5472574234,0.0,151132.5472574234,51.1325472574234,0.0
2020-12-15,41.50517654418945,41.50517654418945,41.04684187855332,41.23931923613495,3760800,66.1559464964681,0,0.0,151132.5472574234,0.0,151132.5472574234,51.1325472574234,0.0
2020-12-16,41.80712127685547,41.90576641762588,41.43780591134667,41.57374310049616,2983200,68.24847642515128,0,0.0,151132.5472574234,0.0,151132.5472574234,51.1325472574234,0.0
2020-12-17,42.18801498413086,42.247077027987686,41.98671626552241,42.0988186438568,3898400,70.7087752529049,0,0.0,151132.5472574234,0.0,151132.5472574234,51.1325472574234,0.0
2020-12-18,42.07471084594727,42.285650926436,41.8806477375791,42.28082840890112,3024000,68.99610204667414,0,0.0,151132.5472574234,0.0,151132.5472574234,51.1325472574234,0.0
2020-12-21,42.18681335449219,42.20730629698687,41.29122284337922,41.67814622451424,4828800,69.77612183613172,0,0.0,151132.5472574234,0.0,151132.5472574234,51.1325472574234,0.0
2020-12-22,42.64244842529297,42.79914900895183,42.28324988558264,42.44838527847011,4200000,72.77428406418916,0,0.0,151132.5472574234,0.0,151132.5472574234,51.1325472574234,0.0
2020-12-23,42.25431823730469,42.77383332726208,42.2482928481002,42.7268257273572,3109600,66.70409271953784,0,0.0,151132.5472574234,0.0,151132.5472574234,51.1325472574234,0.0
2020-12-24,42.5351676940918,42.63039311200454,42.34110088940904,42.34110088940904,1459200,68.73620184721645,0,0.0,151132.5472574234,0.0,151132.5472574234,51.1325472574234,0.0
2020-12-28,42.834102630615234,42.96910740033068,42.60749575808369,42.94138251683036,4860800,70.78037895947003,0,0.0,151132.5472574234,0.0,151132.5472574234,51.1325472574234,0.0
2020-12-29,42.55083847045898,43.11495168787827,42.46887037817737,43.06070847606726,4262400,66.35309281213011,0,0.0,151132.5472574234,0.0,151132.5472574234,51.1325472574234,0.0
2020-12-30,42.60748672485352,42.80034328369457,42.53034115851464,42.73645872091528,2836000,66.80033015623758,0,0.0,151132.5472574234,0.0,151132.5472574234,51.1325472574234,0.0
2020-12-31,42.644866943359375,42.71719001589289,42.32062150561261,42.63401903425499,3288000,67.11098899258181,0,0.0,151132.5472574234,0.0,151132.5472574234,51.1325472574234,0.0
2021-01-04,41.93609619140625,42.85458903394829,41.362337962835305,42.83650919029653,6480800,56.34499930419138,0,0.0,151132.5472574234,0.0,151132.5472574234,51.1325472574234,0.0
2021-01-05,42.28083038330078,42.2989139052753,41.8276130334402,41.83243187269704,3568000,59.728896113888965,0,0.0,151132.5472574234,0.0,151132.5472574234,51.1325472574234,0.0
2021-01-06,41.57930374145508,42.35676638329327,41.45153461870022,41.71430480108263,6245600,51.0558250974297,0,0.0,151132.5472574234,0.0,151132.5472574234,51.1325472574234,0.0
2021-01-07,42.76297378540039,42.85699263813495,42.0120295124381,42.01805490000331,4467200,61.27379325628252,0,0.0,151132.5472574234,0.0,151132.5472574234,51.1325472574234,0.0
2021-01-08,43.07516479492188,43.233071884635805,42.60989304671266,43.03177317588804,4316800,63.44162153217908,0,0.0,151132.5472574234,0.0,151132.5472574234,51.1325472574234,0.0
2021-01-11,42.70753479003906,43.0257547618752,42.47972139618204,42.74851699638098,5318400,59.23644578455338,0,0.0,151132.5472574234,0.0,151132.5472574234,51.1325472574234,0.0
2021-01-12,42.644866943359375,42.779868050219655,42.21695757666357,42.7111609473876,14567200,58.524306963214215,0,0.0,151132.5472574234,0.0,151132.5472574234,51.1325472574234,0.0
2021-01-13,42.85820388793945,43.01972328453284,42.61230698516149,42.681014067754376,3872800,60.275137270690536,0,0.0,151132.5472574234,0.0,151132.5472574234,51.1325472574234,0.0
2021-01-14,42.590606689453125,43.111328189278495,42.53033809952434,42.975120587479,3349600,57.02348330933852,0,0.0,151132.5472574234,0.0,151132.5472574234,51.1325472574234,0.0
2021-01-15,42.1422119140625,42.74851383456208,42.04337053510554,42.54118971995868,4156000,51.96478358199496,0,0.0,151132.5472574234,0.0,151132.5472574234,51.1325472574234,0.0
2021-01-19,42.667755126953125,42.74851298294092,42.30373046499851,42.4411446249821,4024800,56.801858288364784,0,0.0,151132.5472574234,0.0,151132.5472574234,51.1325472574234,0.0
2021-01-20,43.47535705566406,43.59710080658436,43.00646925355633,43.00646925355633,3961600,62.97238676608528,0,0.0,151132.5472574234,0.0,151132.5472574234,51.1325472574234,0.0
2021-01-21,43.979190826416016,44.09370261125916,43.4693209429101,43.73450051430611,3644800,66.2147321295736,0,0.0,151132.5472574234,0.0,151132.5472574234,51.1325472574234,0.0
2021-01-22,43.85022735595703,44.016569274212834,43.68388543770122,43.76102732995559,3693600,64.65412385302687,0,0.0,151132.5472574234,0.0,151132.5472574234,51.1325472574234,0.0
2021-01-25,44.145538330078125,44.54090015755469,43.08119658402639,44.37938076788165,6279200,66.59563571559168,0,0.0,151132.5472574234,0.0,151132.5472574234,51.1325472574234,0.0
2021-01-26,44.004512786865234,44.351660482237,43.92134183157812,44.30705863204433,6351200,64.76605481230617,0,0.0,151132.5472574234,0.0,151132.5472574234,51.1325472574234,0.0
2021-01-27,43.120975494384766,43.87553952151875,42.73887464148064,43.77308216880356,10807200,54.63826780857913,0,0.0,151132.5472574234,0.0,151132.5472574234,51.1325472574234,0.0
2021-01-28,43.35000991821289,43.99608768678057,43.22223707385753,43.36326724745017,3753600,56.53567530667715,0,0.0,151132.5472574234,0.0,151132.5472574234,51.1325472574234,0.0
2021-01-29,42.3447151184082,43.28370089713553,42.0976153401394,43.148699827339705,7924000,47.202788558059886,0,0.0,151132.5472574234,0.0,151132.5472574234,51.1325472574234,0.0
2021-02-01,43.40785598754883,43.58986833714,42.54842516076863,42.84253622380851,5582400,55.558188222184455,0,0.0,151132.5472574234,0.0,151132.5472574234,51.1325472574234,0.0
2021-02-02,44.099727630615234,44.20821402735229,43.80320721984022,43.88758471096847,3616000,59.99517393634346,0,0.0,151132.5472574234,0.0,151132.5472574234,51.1325472574234,0.0
2021-02-03,43.93701171875,44.28053976287149,43.8020106563088,44.25161201477782,3337600,58.5155320747255,0,0.0,151132.5472574234,0.0,151132.5472574234,51.1325472574234,0.0
2021-02-04,44.67470550537109,44.67470550537109,44.05755559566097,44.17567970397828,3020800,62.97392878569479,0,0.0,151132.5472574234,0.0,151132.5472574234,51.1325472574234,0.0
2021-02-05,44.68313217163086,44.86634735307357,44.53004760538676,44.86634735307357,2907200,63.02281555938361,0,0.0,151132.5472574234,0.0,151132.5472574234,51.1325472574234,0.0
2021-02-08,45.19541931152344,45.2014446994155,44.83983314182017,44.91456560849606,3248800,65.96488743912644,0,0.0,151132.5472574234,0.0,151132.5472574234,51.1325472574234,0.0
2021-02-09,45.20988464355469,45.36417209929859,45.06523854444966,45.06523854444966,4436000,66.04703539790691,0,0.0,151132.5472574234,0.0,151132.5472574234,51.1325472574234,0.0
2021-02-10,45.12912368774414,45.46903945005636,44.74702285127877,45.417209340637285,3140000,65.10227114674319,0,0.0,151132.5472574234,0.0,151132.5472574234,51.1325472574234,0.0
2021-02-11,45.62092971801758,45.642625535427264,45.21953870341774,45.4051670577658,4443200,68.09524309082063,0,0.0,151132.5472574234,0.0,151132.5472574234,51.1325472574234,0.0
2021-02-12,45.87765502929688,45.89935451769728,45.35934661861818,45.531713905864514,2377600,69.56271860732373,0,0.0,151132.5472574234,0.0,151132.5472574234,51.1325472574234,0.0
2021-02-16,45.700477600097656,46.1332057239712,45.51846524370246,46.06088266538013,3397600,67.26330029020656,0,0.0,151132.5472574234,0.0,151132.5472574234,51.1325472574234,0.0
2021-02-17,45.21109008789063,45.32198592731808,44.71929994424204,45.291851628164274,3560000,61.24162520809447,0,0.0,151132.5472574234,0.0,151132.5472574234,51.1325472574234,0.0
2021-02-18,45.0037727355957,45.08694370805761,44.416757088294894,44.72533206378979,2912800,58.83854362931885,0,0.0,151132.5472574234,0.0,151132.5472574234,51.1325472574234,0.0
2021-02-19,45.058013916015625,45.361766359202846,44.84586725051767,45.27618597057735,2415200,59.28865032082006,0,0.0,151132.5472574234,0.0,151132.5472574234,51.1325472574234,0.0
2021-02-22,43.96111297607422,44.60719416029608,43.92856926241018,44.48424388500425,3908800,47.88493008628672,0,0.0,151132.5472574234,0.0,151132.5472574234,51.1325472574234,0.0
2021-02-23,43.710391998291016,43.97436867948709,42.22537326759485,43.15230434515504,9191200,45.72026041053378,0,0.0,151132.5472574234,0.0,151132.5472574234,51.1325472574234,0.0
2021-02-24,44.31188201904297,44.36009616023435,43.00766871627329,43.47294419110285,5368800,51.39675792894462,0,0.0,151132.5472574234,0.0,151132.5472574234,51.1325472574234,0.0
2021-02-25,42.66655731201172,44.27211386746921,42.50865385770887,43.99005723126783,5407200,39.29202983671078,0,0.0,151132.5472574234,0.0,151132.5472574234,51.1325472574234,0.0
2021-02-26,42.97150802612305,43.59348036492012,42.489359268466686,43.09686773309456,5277600,42.01772500045129,0,0.0,151132.5472574234,0.0,151132.5472574234,51.1325472574234,0.0
2021-03-01,44.38902282714844,44.43603041425506,43.503073823572734,43.69472749724376,5344000,52.65815905644856,0,0.0,151132.5472574234,0.0,151132.5472574234,51.1325472574234,0.0
2021-03-02,43.60433197021485,44.54693375425008,43.574197670304535,44.49992248070836,3537600,47.46541358181523,0,0.0,151132.5472574234,0.0,151132.5472574234,51.1325472574234,0.0
2021-03-03,42.40739822387695,43.57178800733138,42.35436156205062,43.48981991637034,4440000,40.84839225326588,0,0.0,151132.5472574234,0.0,151132.5472574234,51.1325472574234,0.0
2021-03-04,41.32617568969727,42.552036833125214,40.79701566807866,42.26998025429664,9154400,35.970211219892946,0,0.0,151132.5472574234,0.0,151132.5472574234,51.1325472574234,0.0
2021-03-05,41.99515914916992,42.10725786074051,40.45228448243596,41.84448765130514,8107200,40.68973103600474,0,0.0,151132.5472574234,0.0,151132.5472574234,51.1325472574234,0.0
2021-03-08,40.91153335571289,42.20489889484811,40.876576536140696,41.94212499122404,6212800,36.05400372572392,0,0.0,151132.5472574234,0.0,151132.5472574234,51.1325472574234,0.0
2021-03-09,42.4773063659668,42.74369253432496,41.90716779344698,41.99515759069248,8612800,45.68341378550451,0,0.0,151132.5472574234,0.0,151132.5472574234,51.1325472574234,0.0
2021-03-10,42.2965087890625,43.0329930991382,42.266374484755886,43.0329930991382,5149600,44.84369057667671,0,0.0,151132.5472574234,0.0,151132.5472574234,51.1325472574234,0.0
2021-03-11,43.3415641784668,43.57179068406012,42.93294128317978,42.93294128317978,4308000,50.506795023117874,0,0.0,151132.5472574234,0.0,151132.5472574234,51.1325472574234,0.0
2021-03-12,43.0257568359375,43.03057567561938,42.51106061586927,42.82084211584659,3212000,48.87373372044942,0,0.0,151132.5472574234,0.0,151132.5472574234,51.1325472574234,0.0
2021-03-15,43.55611801147461,43.56575936894545,42.920884612419,43.07035324199272,3540000,51.698284688333096,0,0.0,151132.5472574234,0.0,151132.5472574234,51.1325472574234,0.0
2021-03-16,43.78996658325195,44.24559711626089,43.54045366128175,43.86831503858209,5140000,52.93300748749093,0,0.0,151132.5472574234,0.0,151132.5472574234,51.1325472574234,0.0
2021-03-17,43.80321502685547,44.03585092558249,43.03057118136798,43.39459585702697,4605600,53.00630029770301,0,0.0,151132.5472574234,0.0,151132.5472574234,51.1325472574234,0.0
2021-03-18,42.398956298828125,43.27526034000406,42.343510221779965,43.18003860906339,3854400,45.00637528253424,0,0.0,151132.5472574234,0.0,151132.5472574234,51.1325472574234,0.0
2021-03-19,42.3736457824707,42.67378221539036,42.06748028280976,42.4423491866971,3244000,44.87491317159117,0,0.0,151132.5472574234,0.0,151132.5472574234,51.1325472574234,0.0
2021-03-22,43.147491455078125,43.364460603941936,42.53275105105199,42.5520374428512,7044800,49.71144202818739,0,0.0,151132.5472574234,0.0,151132.5472574234,51.1325472574234,0.0
2021-03-23,42.822044372558594,43.42111436905222,42.70150717952972,43.26562036006408,2420000,47.81155375624997,0,0.0,151132.5472574234,0.0,151132.5472574234,51.1325472574234,0.0
2021-03-24,42.16511535644531,43.08360818219121,42.16511535644531,43.07878934297439,2912800,44.14408076864929,0,0.0,151132.5472574234,0.0,151132.5472574234,51.1325472574234,0.0
2021-03-25,42.174766540527344,42.3073545298811,41.56122889919138,41.92525363080962,3504000,44.21178617687002,0,0.0,151132.5472574234,0.0,151132.5472574234,51.1325472574234,0.0
2021-03-26,43.18052673339844,43.226413953872026,42.154115253791296,42.17947262321619,2932800,50.89219724706273,0,0.0,151132.5472574234,0.0,151132.5472574234,51.1325472574234,0.0
2021-03-29,42.85569381713867,43.1974304978527,42.60935405075643,43.08029869725642,3452000,48.8573090828626,0,0.0,151132.5472574234,0.0,151132.5472574234,51.1325472574234,0.0
2021-03-30,42.58399963378906,42.65766166695988,42.20603811644797,42.58037715249401,2256800,47.15884073570557,0,0.0,151132.5472574234,0.0,151132.5472574234,51.1325472574234,0.0
2021-03-31,43.28920364379883,43.58263936513575,42.87018611589229,42.87018611589229,3500000,51.83882216134989,0,0.0,151132.5472574234,0.0,151132.5472574234,51.1325472574234,0.0
2021-04-01,44.19244384765625,44.208142493622994,43.83380348987938,43.86278333773912,3245600,57.0818908003177,0,0.0,151132.5472574234,0.0,151132.5472574234,51.1325472574234,0.0
2021-04-05,44.97493362426758,45.05945941025106,44.412218230192856,44.51486010650615,4255200,61.03900495614765,0,0.0,151132.5472574234,0.0,151132.5472574234,51.1325472574234,0.0
2021-04-06,44.89402389526367,45.16451229011378,44.70685624438578,44.920589982981305,2087200,60.41868461512272,0,0.0,151132.5472574234,0.0,151132.5472574234,51.1325472574234,0.0
2021-04-07,45.05583572387695,45.13915647070348,44.69115913010401,44.8662506225396,2060800,61.266477512859645,0,0.0,151132.5472574234,0.0,151132.5472574234,51.1325472574234,0.0
2021-04-08,45.7417221069336,45.7417221069336,45.402402857756094,45.45070752030544,3368800,64.7163254833817,0,0.0,151132.5472574234,0.0,151132.5472574234,51.1325472574234,0.0
2021-04-09,46.12210464477539,46.14142208914407,45.45795601946061,45.56663414839548,2572800,66.49842230861293,0,0.0,151132.5472574234,0.0,151132.5472574234,51.1325472574234,0.0
2021-04-12,45.96995544433594,46.11123591376144,45.70791698798873,45.99410777874605,2897600,65.08244869573235,0,0.0,151132.5472574234,0.0,151132.5472574234,51.1325472574234,0.0
2021-04-13,46.46503829956055,46.49039566536035,46.08828555287992,46.13779156249402,3532800,67.50697478621257,0,0.0,151132.5472574234,0.0,151132.5472574234,51.1325472574234,0.0
2021-04-14,45.96148681640625,46.54835444859215,45.86971239763889,46.49039107592945,3935200,62.73555627450974,0,0.0,151132.5472574234,0.0,151132.5472574234,51.1325472574234,0.0
2021-04-15,46.74275970458984,46.770534507258645,46.41430801465122,46.41430801465122,3339200,66.67157546419674,0,0.0,151132.5472574234,0.0,151132.5472574234,51.1325472574234,0.0
2021-04-16,46.670318603515625,46.85748994099487,46.49039591286007,46.85748994099487,2580800,65.97572850858936,0,0.0,151132.5472574234,0.0,151132.5472574234,51.1325472574234,0.0
2021-04-19,46.22956466674805,46.68963814444108,45.9542450762772,46.467450728019685,2954400,61.75269279080273,0,0.0,151132.5472574234,0.0,151132.5472574234,51.1325472574234,0.0
2021-04-20,45.761043548583984,46.33221265247684,45.50987625319629,46.13538257513706,3850400,57.53667011119186,0,0.0,151132.5472574234,0.0,151132.5472574234,51.1325472574234,0.0
2021-04-21,46.24285888671875,46.26700753471594,45.57025657706642,45.66082229859534,5244800,60.52165482658575,0,0.0,151132.5472574234,0.0,151132.5472574234,51.1325472574234,0.0
2021-04-22,45.81295776367188,46.48917863161929,45.59922037761765,46.18850172122384,4720000,56.69230683367121,0,0.0,151132.5472574234,0.0,151132.5472574234,51.1325472574234,0.0
2021-04-23,46.48073959350586,46.64979485035133,45.89145811096318,45.89145811096318,1837600,60.83741693852045,0,0.0,151132.5472574234,0.0,151132.5472574234,51.1325472574234,0.0
2021-04-26,46.85749816894531,46.88285553933275,46.49402655783449,46.49402655783449,3492800,62.98973498175833,0,0.0,151132.5472574234,0.0,151132.5472574234,51.1325472574234,0.0
2021-04-27,46.69325256347656,46.94080098735992,46.55921711467142,46.938383543875474,3612800,61.40536455571598,0,0.0,151132.5472574234,0.0,151132.5472574234,51.1325472574234,0.0
2021-04-28,46.323760986328125,46.54957092313221,46.24889391478116,46.531458516327056,3096800,57.87841656904706,0,0.0,151132.5472574234,0.0,151132.5472574234,51.1325472574234,0.0
2021-04-29,46.1812744140625,46.70776138895119,45.70912466265796,46.70776138895119,3200000,56.52999476713666,0,0.0,151132.5472574234,0.0,151132.5472574234,51.1325472574234,0.0
2021-04-30,45.51710891723633,45.96148368869404,45.41567578582495,45.70789901760188,2964800,50.61108368360471,0,0.0,151132.5472574234,0.0,151132.5472574234,51.1325472574234,0.0
2021-05-03,45.33477783203125,45.82262614835293,45.22126851558321,45.72964668067874,4212000,49.09145370309628,0,0.0,151132.5472574234,0.0,151132.5472574234,51.1325472574234,0.0
2021-05-04,44.41583251953125,44.95922668612892,43.90624939811679,44.95922668612892,5891200,42.21216580243803,0,0.0,151132.5472574234,0.0,151132.5472574234,51.1325472574234,0.0
2021-05-05,44.28302001953125,44.8046795150213,44.20332173395952,44.74550739815695,1647200,41.31113692878787,0,0.0,151132.5472574234,0.0,151132.5472574234,51.1325472574234,0.0
2021-05-06,44.553497314453125,44.57281844112049,43.81085924285538,44.24557538005078,3889600,43.935740464491154,0,0.0,151132.5472574234,0.0,151132.5472574234,51.1325472574234,0.0
2021-05-07,44.98097229003906,45.28285801010644,44.80467206135567,45.0111608620458,2437600,47.901257494783806,0,0.0,151132.5472574234,0.0,151132.5472574234,51.1325472574234,0.0
2021-05-10,43.81810760498047,44.80346303071048,43.804826402250605,44.80346303071048,3597600,39.67921104557762,0,0.0,151132.5472574234,0.0,151132.5472574234,51.1325472574234,0.0
2021-05-11,43.77946090698242,43.88089774084824,42.78203310183007,42.92935346466716,6448000,39.43693855702973,0,0.0,151132.5472574234,0.0,151132.5472574234,51.1325472574234,0.0
2021-05-12,42.491024017333984,43.34354908741983,42.38355092060281,43.0899643183428,6810400,32.34608875170579,0,0.0,151132.5472574234,0.0,151132.5472574234,51.1325472574234,0.0
2021-05-13,42.97403717041016,43.37735605543942,42.622641745475576,42.92694122860675,3992000,36.92471117106391,0,0.0,151132.5472574234,0.0,151132.5472574234,51.1325472574234,0.0
2021-05-14,43.96904754638672,44.10912295245404,43.35078622659176,43.47516298674482,2633600,45.15858006667929,0,0.0,151132.5472574234,0.0,151132.5472574234,51.1325472574234,0.0
2021-05-17,43.63818359375,43.74686171195628,43.221579841309605,43.72874930644328,2685600,43.14184015738512,0,0.0,151132.5472574234,0.0,151132.5472574234,51.1325472574234,0.0
2021-05-18,43.351993560791016,43.94610253167888,43.33267243452494,43.81206705493848,3141600,41.418794430997615,0,0.0,151132.5472574234,0.0,151132.5472574234,51.1325472574234,0.0
2021-05-19,43.5041389465332,43.522255034894094,42.590031935511455,42.63350170327081,2688000,42.728358447259495,0,0.0,151132.5472574234,0.0,151132.5472574234,51.1325472574234,0.0
2021-05-20,44.365116119384766,44.51122774785455,43.66232541431093,43.68647774130508,2498400,49.59521158386545,0,0.0,151132.5472574234,0.0,151132.5472574234,51.1325472574234,0.0
2021-05-21,44.1525993347168,44.69116242372024,44.116370837484645,44.61146415196357,2177600,48.06335368065874,0,0.0,151132.5472574234,0.0,151132.5472574234,51.1325472574234,0.0
2021-05-24,44.92058563232422,45.079982143192126,44.50156819420899,44.506399396542825,5909600,53.63649336390732,0,0.0,151132.5472574234,0.0,151132.5472574234,51.1325472574234,0.0
2021-05-25,44.9350814819336,45.20677860829336,44.84210201422549,45.12466658342427,2137600,53.73740260141098,0,0.0,151132.5472574234,0.0,151132.5472574234,51.1325472574234,0.0
2021-05-26,45.023231506347656,45.16209818352274,44.87349370167035,45.04617511306931,2072800,54.38753474671616,0,0.0,151132.5472574234,0.0,151132.5472574234,51.1325472574234,0.0
2021-05-27,44.83365249633789,45.143991905048026,44.815540089923154,44.977350395775545,1900000,52.67313041767783,0,0.0,151132.5472574234,0.0,151132.5472574234,51.1325472574234,0.0
2021-05-28,44.95440673828125,45.2297263708787,44.93267185060661,45.02082012344102,1802400,53.67480796121317,0,0.0,151132.5472574234,0.0,151132.5472574234,51.1325472574234,0.0
2021-06-01,44.752742767333984,45.21885621299738,44.64165089135684,45.15968779394712,3530400,51.70657486328693,0,0.0,151132.5472574234,0.0,151132.5472574234,51.1325472574234,0.0
2021-06-02,45.00754165649414,45.17780565721949,44.75274817394643,44.84935382247608,3008800,54.00167655539976,0,0.0,151132.5472574234,0.0,151132.5472574234,51.1325472574234,0.0
2021-06-03,44.525726318359375,44.79138351926897,44.28663152092543,44.6307819507517,3086400,49.23660127717963,0,0.0,151132.5472574234,0.0,151132.5472574234,51.1325472574234,0.0
2021-06-04,45.36738967895508,45.42776682588735,44.82640911579569,44.82640911579569,2740000,56.46359348203949,0,0.0,151132.5472574234,0.0,151132.5472574234,51.1325472574234,0.0
2021-06-07,45.43017959594727,45.45433192824573,45.22127334546394,45.33840515536732,4038400,56.95592366129209,0,0.0,151132.5472574234,0.0,151132.5472574234,51.1325472574234,0.0
2021-06-08,45.50988006591797,45.88421912383238,45.32029493510153,45.668067900257405,1862400,57.611179452689605,0,0.0,151132.5472574234,0.0,151132.5472574234,51.1325472574234,0.0
2021-06-09,45.485721588134766,45.781571050021306,45.47485414508273,45.728438871681455,1462400,57.32631068600856,0,0.0,151132.5472574234,0.0,151132.5472574234,51.1325472574234,0.0
2021-06-10,45.89508438110352,45.92406423177583,45.45312323270812,45.56421511703768,2942400,60.858164657439374,0,0.0,151132.5472574234,0.0,151132.5472574234,51.1325472574234,0.0
2021-06-11,46.17643356323242,46.19092348646768,45.88300156233461,45.93854749644574,2219200,63.11752047237396,0,0.0,151132.5472574234,0.0,151132.5472574234,51.1325472574234,0.0
2021-06-14,46.68602752685547,46.68602752685547,46.11365331612179,46.253728748288914,2420000,66.84994473283393,0,0.0,151132.5472574234,0.0,151132.5472574234,51.1325472574234,0.0
2021-06-15,46.36481094360352,46.670319115549006,46.26216907161821,46.670319115549006,2441600,62.55283672599795,0,0.0,151132.5472574234,0.0,151132.5472574234,51.1325472574234,0.0
2021-06-16,46.170406341552734,46.55199036349959,45.675312985255225,46.40587501037306,4434400,60.03752806337694,0,0.0,151132.5472574234,0.0,151132.5472574234,51.1325472574234,0.0
2021-06-17,46.76571273803711,46.94563541801773,45.98443247709964,46.0073760828173,11313600,64.71634958029449,0,0.0,151132.5472574234,0.0,151132.5472574234,51.1325472574234,0.0
2021-06-18,46.39138412475586,46.73191212076439,46.29599088508878,46.52783706759728,7348000,59.96234188681553,0,0.0,151132.5472574234,0.0,151132.5472574234,51.1325472574234,0.0
2021-06-21,46.80434799194336,46.8297053525833,46.05325641026173,46.40585675625083,4687200,63.1761420375882,0,0.0,151132.5472574234,0.0,151132.5472574234,51.1325472574234,0.0
2021-06-22,47.25357055664063,47.27168296346351,46.73070240720592,46.795910756896845,2716800,66.34120901277046,0,0.0,151132.5472574234,0.0,151132.5472574234,51.1325472574234,0.0
2021-06-23,47.22095489501953,47.40450374034696,47.14488280190007,47.25597466447718,2051200,65.89833786115099,0,0.0,151132.5472574234,0.0,151132.5472574234,51.1325472574234,0.0
2021-06-24,47.54458618164063,47.713895150417805,47.44904609935757,47.545793027042045,2784800,68.16900372865454,0,0.0,151132.5472574234,0.0,151132.5472574234,51.1325472574234,0.0
2021-06-25,47.53369522094727,47.64858541839713,47.41275972496149,47.6449575011439,2283200,68.0049000693571,0,0.0,151132.5472574234,0.0,151132.5472574234,51.1325472574234,0.0
2021-06-28,48.0404167175293,48.09604970466281,47.70905462937782,47.70905462937782,3522400,71.44875034182353,0,0.0,151132.5472574234,0.0,151132.5472574234,51.1325472574234,0.0
2021-06-29,48.383880615234375,48.39476805967888,47.96423421843344,48.04889055764297,6235200,73.52860979808952,0,0.0,151132.5472574234,0.0,151132.5472574234,51.1325472574234,0.0
2021-06-30,48.22544479370117,48.35242927463692,48.1057198376877,48.31493956738708,4003200,70.96067738286413,0,0.0,151132.5472574234,0.0,151132.5472574234,51.1325472574234,0.0
2021-07-01,48.241172790527344,48.29317417254895,47.9352061067987,48.17707711972755,3461600,71.06869633361387,0,0.0,151132.5472574234,0.0,151132.5472574234,51.1325472574234,0.0
2021-07-02,48.8228759765625,48.8688320630026,48.47337425557058,48.51811980584362,3036800,74.80199206806883,0,0.0,151132.5472574234,0.0,151132.5472574234,51.1325472574234,0.0
2021-07-06,49.06475067138672,49.24978187647115,48.58463649090944,48.9220476380608,3208800,76.17846539873537,0,0.0,151132.5472574234,0.0,151132.5472574234,51.1325472574234,0.0
2021-07-07,49.25341033935547,49.44449053718132,48.87004678875162,49.39853444680145,8687200,77.22357184358438,0,0.0,151132.5472574234,0.0,151132.5472574234,51.1325472574234,0.0
2021-07-08,48.77328872680664,48.92083019366866,48.166193807441296,48.40201952346675,4490400,68.93486817470136,0,0.0,151132.5472574234,0.0,151132.5472574234,51.1325472574234,0.0
2021-07-09,49.23405075073242,49.28121736831887,48.66202818477323,48.753940347869694,2294400,72.0368093413939,0,0.0,151132.5472574234,0.0,151132.5472574234,51.1325472574234,0.0
2021-07-12,49.22921371459961,49.48075792480227,49.08167226043831,49.46261833836,9924800,71.95558014209132,0,0.0,151132.5472574234,0.0,151132.5472574234,51.1325472574234,0.0
2021-07-13,49.33564376831055,49.715379358169066,49.070794700856375,49.14093567417048,10911200,72.68541064802395,0,0.0,151132.5472574234,0.0,151132.5472574234,51.1325472574234,0.0
2021-07-14,49.54969787597656,49.9185497094647,49.38885526971247,49.72263477151184,3155200,74.14288076296904,0,0.0,151132.5472574234,0.0,151132.5472574234,51.1325472574234,0.0
2021-07-15,49.09860229492188,49.49527058592964,48.80351938068529,49.49527058592964,3946400,66.1342033796283,0,0.0,151132.5472574234,0.0,151132.5472574234,51.1325472574234,0.0
2021-07-16,48.649932861328125,49.44447998321234,48.59188249260876,49.26670465033403,3323200,59.27596508975975,0,0.0,151132.5472574234,0.0,151132.5472574234,51.1325472574234,0.0
2021-07-19,48.060977935791016,48.24721964087237,47.70179934989199,48.04283834875745,5864800,51.6972718685024,0,0.0,151132.5472574234,0.0,151132.5472574234,51.1325472574234,0.0
2021-07-20,48.84222412109375,49.1227953917057,48.022281506086976,48.30527015827597,7271200,59.1570125387499,0,0.0,151132.5472574234,0.0,151132.5472574234,51.1325472574234,0.0
2021-07-21,49.340476989746094,49.35136074264479,48.75998802452912,48.8676187080777,11828800,63.0738266043191,0,0.0,151132.5472574234,0.0,151132.5472574234,51.1325472574234,0.0
2021-07-22,49.668216705322266,49.72989130735379,49.4287630607524,49.4287630607524,2611200,65.42275506009338,0,0.0,151132.5472574234,0.0,151132.5472574234,51.1325472574234,0.0
2021-07-23,50.15558242797852,50.20637327240906,49.75528620877886,49.94878006082105,3440800,68.61948630031009,0,0.0,151132.5472574234,0.0,151132.5472574234,51.1325472574234,0.0
2021-07-26,50.16767501831055,50.23660914343432,49.885896909354855,50.06246171715259,2535200,68.69681723831599,0,0.0,151132.5472574234,0.0,151132.5472574234,51.1325472574234,0.0
2021-07-27,49.62104415893555,50.0914850202296,48.94743254565483,50.0914850202296,13480800,61.3383886268829,0,0.0,151132.5472574234,0.0,151132.5472574234,51.1325472574234,0.0
2021-07-28,49.67304611206055,49.86775418629344,49.17721351435711,49.63313902093178,2940800,61.75804970343796,0,0.0,151132.5472574234,0.0,151132.5472574234,51.1325472574234,0.0
2021-07-29,49.918548583984375,50.09511708391307,49.60049129634267,49.66942173138234,4775200,63.75814223523947,0,0.0,151132.5472574234,0.0,151132.5472574234,51.1325472574234,0.0
2021-07-30,49.850830078125,49.91613629284971,49.52430638581988,49.55695764785263,2056800,62.7827339051515,0,0.0,151132.5472574234,0.0,151132.5472574234,51.1325472574234,0.0
2021-08-02,49.72746658325195,50.18823052486612,49.68272104051827,50.07576140005035,3688000,60.95331927868144,0,0.0,151132.5472574234,0.0,151132.5472574234,51.1325472574234,0.0
2021-08-03,50.00440979003906,50.02496675741575,49.43480095144256,49.84114613369394,2352000,63.52300335094811,0,0.0,151132.5472574234,0.0,151132.5472574234,51.1325472574234,0.0
2021-08-04,50.12897491455078,50.24869987765287,49.83268146548291,50.00320096209838,3040800,64.6498814012966,0,0.0,151132.5472574234,0.0,151132.5472574234,51.1325472574234,0.0
2021-08-05,50.44583511352539,50.46881315806343,50.10116813611416,50.24749908502011,1587200,67.40806926126093,0,0.0,151132.5472574234,0.0,151132.5472574234,51.1325472574234,0.0
2021-08-06,50.36721420288086,50.43009932904269,50.18822834904728,50.275302049471954,1864000,66.03137230205438,0,0.0,151132.5472574234,0.0,151132.5472574234,51.1325472574234,0.0
2021-08-09,50.24386215209961,50.47001094819428,50.14590469165923,50.42043064062303,1789600,63.82877078616527,0,0.0,151132.5472574234,0.0,151132.5472574234,51.1325472574234,0.0
2021-08-10,49.86533737182617,50.418013540029,49.74198447987396,50.34787256789748,3052000,57.49124223944308,0,0.0,151132.5472574234,0.0,151132.5472574234,51.1325472574234,0.0
2021-08-11,49.821807861328125,50.11568029824944,49.54365763299803,50.06730682688673,9620000,56.79289470610444,0,0.0,151132.5472574234,0.0,151132.5472574234,51.1325472574234,0.0
2021-08-12,50.09148406982422,50.125345861179525,49.56904183977796,49.76495675338069,1752000,60.03200548564633,0,0.0,151132.5472574234,0.0,151132.5472574234,51.1325472574234,0.0
2021-08-13,50.318843841552734,50.35270563569317,50.06246115868105,50.12776736547288,1634400,62.57907513800248,0,0.0,151132.5472574234,0.0,151132.5472574234,51.1325472574234,0.0
2021-08-16,50.41196823120117,50.41801353045556,49.68635516904832,50.168886674369126,2447200,63.602221673760766,0,0.0,151132.5472574234,0.0,151132.5472574234,51.1325472574234,0.0
2021-08-17,49.98144912719727,50.17373618817535,49.64887640040014,50.11084734690423,2999200,55.9817251288889,0,0.0,151132.5472574234,0.0,151132.5472574234,51.1325472574234,0.0
2021-08-18,49.3428840637207,50.07091429057007,49.295717457215,49.87620994840928,2657600,46.98876922547832,0,0.0,151132.5472574234,0.0,151132.5472574234,51.1325472574234,0.0
2021-08-19,49.71417236328125,49.91613630730017,48.993397691295726,49.05023753380866,3270400,51.83372725865013,0,0.0,151132.5472574234,0.0,151132.5472574234,51.1325472574234,0.0
2021-08-20,50.34303665161133,50.3902032745539,49.82301540702188,49.928228715851816,3579200,58.71603225560089,0,0.0,151132.5472574234,0.0,151132.5472574234,51.1325472574234,0.0
2021-08-23,51.05051040649414,51.11097816502349,50.52202278745308,50.52202278745308,3030400,64.80818309563287,0,0.0,151132.5472574234,0.0,151132.5472574234,51.1325472574234,0.0
2021-08-24,51.1230697631836,51.27786706924214,51.07106468868556,51.16055947624519,2639200,65.37257041317343,0,0.0,151132.5472574234,0.0,151132.5472574234,51.1325472574234,0.0
2021-08-25,51.1266975402832,51.363730107201896,51.02390161834647,51.21739917305228,3656800,65.40244574999818,0,0.0,151132.5472574234,0.0,151132.5472574234,51.1325472574234,0.0
2021-08-26,50.82676696777344,51.21134093551069,50.767509759409016,51.08919860175256,1985600,60.73682467887974,0,0.0,151132.5472574234,0.0,151132.5472574234,51.1325472574234,0.0
2021-08-27,51.40847396850586,51.45321951536481,50.84733513799816,50.90780289119324,1859200,65.82836789017404,0,0.0,151132.5472574234,0.0,151132.5472574234,51.1325472574234,0.0
2021-08-30,51.91761016845703,51.98533375515412,51.54150252414492,51.54150252414492,2983200,69.55024620354338,0,0.0,151132.5472574234,0.0,151132.5472574234,51.1325472574234,0.0
2021-08-31,51.60076522827149,51.92729259866626,51.52578579864311,51.91157039103598,14336800,64.81878974060234,0,0.0,151132.5472574234,0.0,151132.5472574234,51.1325472574234,0.0
2021-09-01,51.634613037109375,51.99137418994174,51.59833386829778,51.77731971263716,4304800,65.09199538530724,0,0.0,151132.5472574234,0.0,151132.5472574234,51.1325472574234,0.0
2021-09-02,51.674537658691406,51.92003660851496,51.44112930793913,51.85231301481598,2580800,65.4329807633635,0,0.0,151132.5472574234,0.0,151132.5472574234,51.1325472574234,0.0
2021-09-03,51.92366409301758,52.0312947822034,51.55601909410643,51.61527631543372,2078400,67.56222497808035,0,0.0,151132.5472574234,0.0,151132.5472574234,51.1325472574234,0.0
2021-09-07,51.86924362182617,52.03613522939096,51.65518908075696,51.97566746958686,3236000,66.59718219426253,0,0.0,151132.5472574234,0.0,151132.5472574234,51.1325472574234,0.0
2021-09-08,51.56810760498047,51.86923582251485,51.22706860520743,51.86802897714847,2915200,61.37314688588056,0,0.0,151132.5472574234,0.0,151132.5472574234,51.1325472574234,0.0
2021-09-09,51.4000129699707,51.79063602507853,51.38429445265034,51.59955952889938,1964000,58.60942982082975,0,0.0,151132.5472574234,0.0,151132.5472574234,51.1325472574234,0.0
2021-09-10,50.88602828979492,51.81723310294529,50.84128274593039,51.69508706865459,3044000,51.04085461047375,0,0.0,151132.5472574234,0.0,151132.5472574234,51.1325472574234,0.0
2021-09-13,50.88965606689453,51.352841090864565,50.5582939834845,51.236744046203725,9537600,51.08886436493527,0,0.0,151132.5472574234,0.0,151132.5472574234,51.1325472574234,0.0
2021-09-14,50.825565338134766,51.22102681691553,50.68165178632447,51.113392441755366,13045600,50.15317141890383,0,0.0,151132.5472574234,0.0,151132.5472574234,51.1325472574234,0.0
2021-09-15,51.25971603393555,51.29116044296824,50.66108756098807,50.933192418871016,2414400,56.02821600938632,0,0.0,151132.5472574234,0.0,151132.5472574234,51.1325472574234,0.0
2021-09-16,51.34558868408203,51.40000744740363,50.836447546390026,51.0686453418718,1963200,57.105122790958056,0,0.0,151132.5472574234,0.0,151132.5472574234,51.1325472574234,0.0
2021-09-17,50.65625,51.25851009135748,50.54619825710581,51.25851009135748,2631200,47.12723806231498,0,0.0,151132.5472574234,0.0,151132.5472574234,51.1325472574234,0.0
2021-09-20,49.68515396118164,50.119312082002665,49.02000852932901,49.801251039538506,18233600,37.252365795537706,0,0.0,151132.5472574234,0.0,151132.5472574234,51.1325472574234,0.0
2021-09-21,49.71052551269531,50.09630997312195,49.50856533625346,49.99593515278116,2737600,37.620133396495525,0,0.0,151132.5472574234,0.0,151132.5472574234,51.1325472574234,0.0
2021-09-22,50.44583511352539,50.60788827086886,49.783107121291216,49.97418731369599,2617600,47.26662841070799,0,0.0,151132.5472574234,0.0,151132.5472574234,51.1325472574234,0.0
2021-09-23,51.0976676940918,51.222231115275,50.52927304110363,50.70099938958676,2852000,54.05021124426985,0,0.0,151132.5472574234,0.0,151132.5472574234,51.1325472574234,0.0
2021-09-24,51.10250473022461,51.18716105672903,50.70099798332355,50.759048352125895,13228800,54.09740003291908,0,0.0,151132.5472574234,0.0,151132.5472574234,51.1325472574234,0.0
2021-09-27,50.60183334350586,50.76388647001713,50.28256185319097,50.67801960806602,3009600,48.54067111572498,0,0.0,151132.5472574234,0.0,151132.5472574234,51.1325472574234,0.0
2021-09-28,49.019996643066406,50.03343675491246,48.99460122066545,49.93306191069813,11592000,35.96960641390855,0,0.0,151132.5472574234,0.0,151132.5472574234,51.1325472574234,0.0
2021-09-29,48.90813064575195,49.46322836416141,48.84025853255131,49.269310154304,5506400,35.27387660518575,0,0.0,151132.5472574234,0.0,151132.5472574234,51.1325472574234,0.0
2021-09-30,48.63663864135742,49.43050188890514,48.63663864135742,49.19658538375016,3704000,33.57647855106052,0,0.0,151132.5472574234,0.0,151132.5472574234,51.1325472574234,0.0
2021-10-01,49.31173324584961,49.45353974469379,48.32031204124876,48.86087002607053,5496800,41.15883269613494,0,0.0,151132.5472574234,0.0,151132.5472574234,51.1325472574234,0.0
2021-10-04,48.115478515625,49.08872026793632,47.76036125042831,49.08872026793632,6989600,33.79674817566527,0,0.0,151132.5472574234,0.0,151132.5472574234,51.1325472574234,0.0
2021-10-05,48.80995559692383,49.086293099012615,48.23061628558188,48.27182408779,3806400,40.45557594472072,0,0.0,151132.5472574234,0.0,151132.5472574234,51.1325472574234,0.0
2021-10-06,49.14688873291016,49.19173240456524,48.14334698515496,48.30696868616169,15153600,43.428518396897495,0,0.0,151132.5472574234,0.0,151132.5472574234,51.1325472574234,0.0
2021-10-07,49.675331115722656,50.06802400946057,49.56382851162331,49.622006195557454,13247200,47.82818670796079,0,0.0,151132.5472574234,0.0,151132.5472574234,51.1325472574234,0.0
2021-10-08,49.44141387939453,49.88864487784319,49.386875769067146,49.88864487784319,1992000,46.1183850273486,0,0.0,151132.5472574234,0.0,151132.5472574234,51.1325472574234,0.0
2021-10-11,49.165069580078125,49.82803764285495,49.14689021247502,49.208703761077885,2056800,44.11210046829749,0,0.0,151132.5472574234,0.0,151132.5472574234,51.1325472574234,0.0
2021-10-12,49.04872131347656,49.44989541419643,48.95782077043576,49.422017916113,1818400,43.25882887310269,0,0.0,151132.5472574234,0.0,151132.5472574234,51.1325472574234,0.0
2021-10-13,49.46080780029297,49.49595704930555,49.07539034837159,49.30082194142839,4864800,47.15757895673447,0,0.0,151132.5472574234,0.0,151132.5472574234,51.1325472574234,0.0
2021-10-14,50.5322151184082,50.56736436273125,49.94075501515551,50.00014588289151,4765600,55.68353568586263,0,0.0,151132.5472574234,0.0,151132.5472574234,51.1325472574234,0.0
2021-10-15,50.8873405456543,50.90431042453059,50.59525001931144,50.75280950064806,3180000,58.09687650211885,0,0.0,151132.5472574234,0.0,151132.5472574234,51.1325472574234,0.0
2021-10-18,51.36244201660156,51.385470449769365,50.53100683591984,50.6291791252131,2668800,61.14537226462949,0,0.0,151132.5472574234,0.0,151132.5472574234,51.1325472574234,0.0
2021-10-19,51.83512878417969,51.89209327684029,51.39032416380573,51.51879664533767,2967200,63.95504321416621,0,0.0,151132.5472574234,0.0,151132.5472574234,51.1325472574234,0.0
2021-10-20,51.73452377319336,51.987832813095935,51.49697141738198,51.905417218044335,5694400,62.912295865209686,0,0.0,151132.5472574234,0.0,151132.5472574234,51.1325472574234,0.0
2021-10-21,51.9575309753418,51.99631608898042,51.45333559429573,51.59756473040335,3289600,64.30172218775067,0,0.0,151132.5472574234,0.0,151132.5472574234,51.1325472574234,0.0
2021-10-22,51.73695755004883,52.15994693480607,51.538190266492784,51.90785103154532,2197600,61.83424242981454,0,0.0,151132.5472574234,0.0,151132.5472574234,51.1325472574234,0.0
2021-10-25,51.97935104370117,52.14782181617216,51.73937599061613,51.93935643443778,2136000,63.49218429282451,0,0.0,151132.5472574234,0.0,151132.5472574234,51.1325472574234,0.0
2021-10-26,52.048431396484375,52.50656991647442,51.98904423424093,52.32961792165076,3009600,63.97252294206852,0,0.0,151132.5472574234,0.0,151132.5472574234,51.1325472574234,0.0
2021-10-27,51.85209655761719,52.272663233487,51.839975745015934,52.1211623228531,2315200,61.49603452125848,0,0.0,151132.5472574234,0.0,151132.5472574234,51.1325472574234,0.0
2021-10-28,52.38174057006836,52.46052029996826,52.039953644807525,52.090859575725055,2087200,65.3885793965288,0,0.0,151132.5472574234,0.0,151132.5472574234,51.1325472574234,0.0
2021-10-29,52.620513916015625,52.65323678438502,51.84967528342557,51.884824533805855,2259200,67.00787067353048,0,0.0,151132.5472574234,0.0,151132.5472574234,51.1325472574234,0.0
2021-11-01,52.68352890014648,52.70655733320434,52.3526532966091,52.64717016308276,2984000,67.44080486028705,0,0.0,151132.5472574234,0.0,151132.5472574234,51.1325472574234,0.0
2021-11-02,53.043495178222656,53.15378827895712,52.736857499890405,52.736857499890405,2547200,69.87285323089797,0,0.0,151132.5472574234,0.0,151132.5472574234,51.1325472574234,0.0
2021-11-03,53.36347198486328,53.45315934404648,52.8410971194128,53.09440620856083,2428000,71.88335046878103,0,0.0,151132.5472574234,0.0,151132.5472574234,51.1325472574234,0.0
2021-11-04,54.12581634521485,54.24217170045187,53.48587668642108,53.565869606114354,2464000,75.99377537473319,0,0.0,151132.5472574234,0.0,151132.5472574234,51.1325472574234,0.0
2021-11-05,54.30883407592773,54.70273644417804,53.98765288464341,54.49912010767545,2806400,76.86807750591703,0,0.0,151132.5472574234,0.0,151132.5472574234,51.1325472574234,0.0
2021-11-08,54.69789123535156,54.80697485786683,54.45064439449115,54.54033175644524,2640000,78.64830293215017,0,0.0,151132.5472574234,0.0,151132.5472574234,51.1325472574234,0.0
2021-11-09,54.55244827270508,54.89059933860898,54.245810579601255,54.82030084524769,2844000,76.28475184859523,0,0.0,151132.5472574234,0.0,151132.5472574234,51.1325472574234,0.0
2021-11-10,53.53314971923828,54.4082191212727,53.34892594466623,54.12218348051979,12805600,62.18121017516546,0,0.0,151132.5472574234,0.0,151132.5472574234,51.1325472574234,0.0
2021-11-11,53.82281112670898,53.97310252632988,53.75978808735328,53.94886090417263,2166400,64.20641767228875,0,0.0,151132.5472574234,0.0,151132.5472574234,51.1325472574234,0.0
2021-11-12,54.46759796142578,54.55122674665352,53.91977208752635,53.992493252779006,2932000,68.27857705281585,0,0.0,151132.5472574234,0.0,151132.5472574234,51.1325472574234,0.0
2021-11-15,54.3948860168457,54.72455214962216,54.101582322235565,54.65425735383833,3277600,67.34807133519412,0,0.0,151132.5472574234,0.0,151132.5472574234,51.1325472574234,0.0
2021-11-16,54.96210861206055,55.0384619653418,54.273685651600985,54.34277095570346,2513600,70.70235469529196,0,0.0,151132.5472574234,0.0,151132.5472574234,51.1325472574234,0.0
2021-11-17,54.73060989379883,55.061485491445794,54.63122441592396,54.88695615914198,10189600,67.64795860000592,0,0.0,151132.5472574234,0.0,151132.5472574234,51.1325472574234,0.0
2021-11-18,55.124507904052734,55.20813668999575,54.55728946798445,55.07360197831485,3549600,70.02111739432098,0,0.0,151132.5472574234,0.0,151132.5472574234,51.1325472574234,0.0
2021-11-19,55.44569396972656,55.682036855117474,55.17056966467738,55.3632783671681,9458400,71.83532681366368,0,0.0,151132.5472574234,0.0,151132.5472574234,51.1325472574234,0.0
2021-11-22,54.61788940429688,56.19834399017636,54.581526972262296,55.62385381180081,7038400,61.50450830576852,0,0.0,151132.5472574234,0.0,151132.5472574234,51.1325472574234,0.0
2021-11-23,54.36822509765625,54.61790201928762,53.66162642681656,54.376710036965946,10875200,58.75983564628016,0,0.0,151132.5472574234,0.0,151132.5472574234,51.1325472574234,0.0
2021-11-24,54.82029724121094,54.84211248306018,53.76464000808967,54.07006449023631,3496800,62.061267905454194,0,0.0,151132.5472574234,0.0,151132.5472574234,51.1325472574234,0.0
2021-11-26,53.58526992797852,54.51124534576463,53.35741194773782,54.119765628755104,4521600,50.23071896669333,0,0.0,151132.5472574234,0.0,151132.5472574234,51.1325472574234,0.0
2021-11-29,54.80091094970703,54.959683614800255,54.110068987536856,54.28944370603755,4714400,58.59695323764382,0,0.0,151132.5472574234,0.0,151132.5472574234,51.1325472574234,0.0
2021-11-30,54.26034927368164,55.05663887183815,53.79493896438872,54.62031555101593,5407200,54.231355617032754,0,0.0,151132.5472574234,0.0,151132.5472574234,51.1325472574234,0.0
2021-12-01,53.2701416015625,55.13905841837616,53.231360180409816,54.728186183056685,4491200,47.28219965126191,0,0.0,151132.5472574234,0.0,151132.5472574234,51.1325472574234,0.0
2021-12-02,53.84341812133789,54.09066861780459,52.70898119417126,52.80351760476847,6696800,51.18234725086185,0,0.0,151132.5472574234,0.0,151132.5472574234,51.1325472574234,0.0
2021-12-03,52.8435173034668,54.10643051417973,52.20600029184705,54.01189409447685,8196000,44.93764767865651,0,0.0,151132.5472574234,0.0,151132.5472574234,51.1325472574234,0.0
2021-12-06,53.29316711425781,53.43497358293466,52.26659687640818,52.94047257812799,4181600,48.00961478225462,0,0.0,151132.5472574234,0.0,151132.5472574234,51.1325472574234,0.0
2021-12-07,55.22025680541992,55.32570453598708,54.35488561082583,54.35488561082583,4040000,58.65569417867321,0,0.0,151132.5472574234,0.0,151132.5472574234,51.1325472574234,0.0
2021-12-08,55.58870697021485,55.62991476929793,54.8772593678421,55.269948499253445,2590400,60.32835684851722,0,0.0,151132.5472574234,0.0,151132.5472574234,51.1325472574234,0.0
2021-12-09,54.8675651550293,55.82505006369208,54.82271778353144,55.47235553922376,2635200,55.588107816128094,0,0.0,151132.5472574234,0.0,151132.5472574234,51.1325472574234,0.0
2021-12-10,55.75717544555664,55.82747022963024,55.15965313654651,55.42629617700248,3232800,59.785907729331456,0,0.0,151132.5472574234,0.0,151132.5472574234,51.1325472574234,0.0
2021-12-13,54.93907928466797,55.994736594775866,54.87968841252167,55.86141505360919,3591200,54.66851255741592,0,0.0,151132.5472574234,0.0,151132.5472574234,51.1325472574234,0.0
2021-12-14,54.03976440429688,54.60092432938259,53.40830968910164,54.2555015378258,4748000,49.638586067932366,0,0.0,151132.5472574234,0.0,151132.5472574234,51.1325472574234,0.0
2021-12-15,55.46993637084961,55.5547746574656,53.55738911510092,54.095516920893886,3964800,56.49401388336707,0,0.0,151132.5472574234,0.0,151132.5472574234,51.1325472574234,0.0
2021-12-16,53.86126327514648,55.76996280802327,53.51521970669485,55.73232335832007,5015200,48.49719138184478,0,0.0,151132.5472574234,0.0,151132.5472574234,51.1325472574234,0.0
2021-12-17,53.67427444458008,54.16116392988592,53.02468457563426,53.27359478244871,3288000,47.65281488864377,0,0.0,151132.5472574234,0.0,151132.5472574234,51.1325472574234,0.0
2021-12-20,53.04410552978516,53.195878672031846,52.65435313800737,52.92632942318576,4557600,44.82061837055655,0,0.0,151132.5472574234,0.0,151132.5472574234,51.1325472574234,0.0
2021-12-21,54.474422454833984,54.52541986753959,53.135176224244816,53.65848978934053,3925600,51.82002718447787,0,0.0,151132.5472574234,0.0,151132.5472574234,51.1325472574234,0.0
2021-12-22,55.12522888183594,55.16043758821728,54.24858693285367,54.391859911273045,2871200,54.63949199962698,0,0.0,151132.5472574234,0.0,151132.5472574234,51.1325472574234,0.0
2021-12-23,55.42634201049805,55.643682210579136,55.16893532702293,55.226002182729154,2410400,55.924655508593865,0,0.0,151132.5472574234,0.0,151132.5472574234,51.1325472574234,0.0
2021-12-27,56.59317398071289,56.59317398071289,55.60482543067605,55.60482543067605,4098400,60.58487811076529,0,0.0,151132.5472574234,0.0,151132.5472574234,51.1325472574234,0.0
2021-12-28,56.19736099243164,56.70974741941456,56.04437243437037,56.68181981909224,4147200,58.33176762830648,0,0.0,151132.5472574234,0.0,151132.5472574234,51.1325472574234,0.0
2021-12-29,56.20222473144531,56.40620702689,55.8586081249827,56.1803702795192,2932800,58.352263885104605,0,0.0,151132.5472574234,0.0,151132.5472574234,51.1325472574234,0.0
2021-12-30,55.90837860107422,56.4669046132689,55.85495414827474,56.19249753347158,2676000,56.54267377442501,0,0.0,151132.5472574234,0.0,151132.5472574234,51.1325472574234,0.0
2021-12-31,55.63033676147461,56.018873884808,55.59876675383754,55.89381293084569,3200800,54.810617261440754,0,0.0,151132.5472574234,0.0,151132.5472574234,51.1325472574234,0.0
2022-01-03,56.09536361694336,56.15607288492706,55.38263740367861,55.69832633827381,4452800,57.17354483036311,0,0.0,151132.5472574234,0.0,151132.5472574234,51.1325472574234,0.0
2022-01-04,55.38628387451172,56.21678627680398,54.85568542627499,56.14393440879941,6572800,52.652539201792365,0,0.0,151132.5472574234,0.0,151132.5472574234,51.1325472574234,0.0
2022-01-05,53.54800033569336,55.120371827426005,53.52371885222156,55.01594996175856,7571200,43.130561801565456,0,0.0,151132.5472574234,0.0,151132.5472574234,51.1325472574234,0.0
2022-01-06,53.34523010253906,53.84061605790309,52.90326488961095,53.09996230873194,5833600,42.223496802622826,0,0.0,151132.5472574234,0.0,151132.5472574234,51.1325472574234,0.0
2022-01-07,52.8000602722168,53.62206609325158,52.46737468514599,53.328231619747086,14682400,39.79996732582909,0,0.0,151132.5472574234,0.0,151132.5472574234,51.1325472574234,0.0
2022-01-10,52.85591506958008,52.92390914956308,51.23861936984273,51.96227276703293,21678400,40.178813132325295,0,0.0,151132.5472574234,0.0,151132.5472574234,51.1325472574234,0.0
2022-01-11,53.5540657043457,53.63662940587278,52.3811623959497,52.73813312917453,4537600,44.8505689370622,0,0.0,151132.5472574234,0.0,151132.5472574234,51.1325472574234,0.0
2022-01-12,53.728912353515625,54.329931825335024,53.47271734053133,53.93896402902008,9529600,45.98821328244375,0,0.0,151132.5472574234,0.0,151132.5472574234,51.1325472574234,0.0
2022-01-13,52.20996475219727,54.11987944788999,52.1031158593754,53.93410925640627,4798400,38.54868777721362,0,0.0,151132.5472574234,0.0,151132.5472574234,51.1325472574234,0.0
2022-01-14,52.63129425048828,52.6737914802198,51.862716528965805,51.92827987214041,3944000,41.38137164536879,0,0.0,151132.5472574234,0.0,151132.5472574234,51.1325472574234,0.0
2022-01-18,51.28839874267578,52.19903766513313,51.17790744210304,51.84570931857176,5841600,35.72830169577847,0,0.0,151132.5472574234,0.0,151132.5472574234,51.1325472574234,0.0
2022-01-19,50.57324600219727,52.11647822362945,50.54653377673661,51.48267333351714,20037600,33.13248092269244,0,0.0,151132.5472574234,0.0,151132.5472574234,51.1325472574234,0.0
2022-01-20,49.94430541992188,51.6927317816031,49.87752670024032,51.04678791807591,5036000,30.99938262204409,0,0.0,151132.5472574234,0.0,151132.5472574234,51.1325472574234,0.0
2022-01-21,48.86246490478516,50.34013024987916,48.84546823503929,49.68568250396341,14998400,27.696316732752777,1,3093.0,0.9433069228834938,151131.60395050052,151132.5472574234,51.1325472574234,0.0
2022-01-24,49.17813873291016,49.23399020974389,46.21552784349471,47.82432309366117,49852800,30.03882590544437,0,3093.0,0.9433069228834938,152107.98310089114,152108.92640781403,52.10892640781402,0.6460416158589277
2022-01-25,47.970027923583984,48.88066683634772,47.45035679891611,48.22379589469213,6684800,26.5002844291611,0,3093.0,0.9433069228834938,148371.29636764526,148372.23967456815,48.37223967456814,-2.4565860935916284
2022-01-26,48.13638305664063,49.82652710727383,47.59121127660947,49.36878053218564,31088800,27.762170493785888,0,3093.0,0.9433069228834938,148885.83279418948,148886.77610111237,48.88677610111236,0.34678753092409753
2022-01-27,47.72841262817383,49.17450785950501,47.54871185810136,48.90617392820334,5246400,26.557949514843884,0,3093.0,0.9433069228834938,147623.98025894165,147624.92356586453,47.62492356586454,-0.847524923496823
2022-01-28,49.76217651367188,49.78160392570551,47.52321822604473,48.30758099672801,7489600,40.42990261442782,0,3093.0,0.9433069228834938,153914.41195678714,153915.35526371002,53.915355263710026,4.261090570549175
2022-01-31,51.27019119262695,51.33575453289472,49.66018025108163,49.84230805151346,5448800,48.23719340099009,0,3093.0,0.9433069228834938,158578.70135879517,158579.64466571805,58.57964466571806,3.0304249982183284
2022-02-01,51.48267364501953,51.55673717196337,50.63274390936461,51.36003974029003,12721600,49.24653899802758,0,3093.0,0.9433069228834938,159235.9095840454,159236.8528909683,59.236852890968294,0.41443416438196046
2022-02-02,51.749778747558594,51.86391243597557,51.07104976540146,51.63079098694415,4036800,50.5518556343954,0,3093.0,0.9433069228834938,160062.06566619873,160063.0089731216,60.063008973121626,0.5188221615501254
2022-02-03,50.13734817504883,51.28232392023532,49.95036632362521,50.89257151165078,5508000,43.31039923790865,0,3093.0,0.9433069228834938,155074.81790542603,155075.7612123489,55.075761212348915,-3.1158028283787775
2022-02-04,50.51982116699219,50.96300177313645,49.73181607999624,50.05721685647844,3656800,45.31159025764544,0,3093.0,0.9433069228834938,156257.80686950684,156258.75017642972,56.258750176429714,0.7628458211860201
2022-02-07,50.27212905883789,50.97635504871871,50.07057385495075,50.61209945973219,2816000,44.22284101436344,0,3093.0,0.9433069228834938,155491.6951789856,155492.63848590848,55.492638485908486,-0.4902840254745633
2022-02-08,50.920509338378906,51.06742473842255,49.95401877015312,50.09121861169808,2191200,47.761292884150336,0,3093.0,0.9433069228834938,157497.13538360596,157498.07869052884,57.49807869052883,1.2897332144776064
2022-02-09,52.17110824584961,52.17110824584961,51.37824546664866,51.578585281501134,9533600,53.84351854048973,0,3093.0,0.9433069228834938,161365.23780441284,161366.18111133573,61.36618111133571,2.455968004795417
2022-02-10,50.897438049316406,52.14562049157168,50.59753410747551,51.1876264329391,6132000,47.74627889855996,0,3093.0,0.9433069228834938,157425.77588653564,157426.71919345853,57.42671919345852,-2.4413181812607543
2022-02-11,49.29106521606445,51.2046224274016,49.096794827714575,50.93507314359853,11590400,41.38154080685364,0,3093.0,0.9433069228834938,152457.26471328735,152458.20802021024,52.458208020210236,-3.156078713132926
2022-02-14,49.28257369995117,49.74032026850181,48.73861729885187,49.15872441588401,18080800,41.350161612538855,0,3093.0,0.9433069228834938,152431.00045394897,152431.94376087186,52.43194376087186,-0.017227186177404263
2022-02-15,50.70195388793945,50.72866611579056,49.91030631633378,50.04629449252126,2955200,48.39434437859433,0,3093.0,0.9433069228834938,156821.14337539673,156822.0866823196,56.82208668231961,2.8800675325211467
2022-02-16,50.612098693847656,50.76508722463473,49.75731122044913,50.29155570719784,2640000,48.00129610690295,0,3093.0,0.9433069228834938,156543.2212600708,156544.16456699368,56.54416456699369,-0.17722128381630897
2022-02-17,48.947452545166016,50.14463747123455,48.87095827847492,50.1106404310829,3648800,41.30788278992687,0,3093.0,0.9433069228834938,151394.4707221985,151395.41402912137,51.395414029121376,-3.28900828217642
2022-02-18,48.33550643920898,49.17936677952361,47.99432063615684,49.12229991715903,5171200,39.14682136152038,0,3093.0,0.9433069228834938,149501.72141647336,149502.66472339624,49.50266472339624,-1.2502025360960123
2022-02-22,47.86075210571289,48.68640027843251,47.37629338873101,47.91053414437357,17468000,37.50739641301391,0,3093.0,0.9433069228834938,148033.30626296997,148034.24956989285,48.034249569892864,-0.982199987017085
2022-02-23,46.65021133422852,48.517628876878646,46.57857484777281,48.33792812253931,5747200,33.63898156431301,0,3093.0,0.9433069228834938,144289.10365676883,144290.0469636917,44.29004696369172,-2.529281309615694
2022-02-24,48.33550643920898,48.39864274645073,44.80465690481673,45.03170898313971,18480000,42.52622485340641,0,3093.0,0.9433069228834938,149501.72141647336,149502.66472339624,49.50266472339624,3.612596897287168
2022-02-25,49.0312385559082,49.0470235598877,47.83283808946493,48.42899989469051,5364800,45.75588925492839,0,3093.0,0.9433069228834938,151653.62085342407,151654.56416034696,51.65456416034695,1.4393719609828048
2022-02-28,49.04216003417969,49.29835135982873,48.23836993980463,48.58562516506534,4740000,45.80737084484761,0,3093.0,0.9433069228834938,151687.40098571777,151688.34429264066,51.688344292640664,0.022274392123122766
2022-03-01,48.0987434387207,49.1720829149985,47.717487434822544,48.881890818418704,2845600,42.0911861501281,0,3093.0,0.9433069228834938,148769.41345596313,148770.35676288602,48.77035676288601,-1.923672872402904
2022-03-02,49.10043716430664,49.29470383231536,48.021024741092255,48.391349745557946,2870400,47.00701167524765,0,3093.0,0.9433069228834938,151867.65214920044,151868.59545612332,51.86859545612332,2.082564538159537
2022-03-03,48.33671951293945,49.43312873550943,48.10845207433048,49.43312873550943,2960800,43.94409703178676,0,3093.0,0.9433069228834938,149505.47345352173,149506.4167604446,49.50641676044461,-1.5554095885223163
2022-03-04,47.372657775878906,48.1825173586347,47.03389901344865,48.01132047883637,3461600,40.36832606734608,0,3093.0,0.9433069228834938,146523.63050079346,146524.57380771634,46.52457380771633,-1.9944581760033109
2022-03-07,45.5963020324707,47.60335025601397,45.5525931387193,47.37265578194915,7074400,34.7563802417811,0,3093.0,0.9433069228834938,141029.36218643188,141030.30549335477,41.03030549335476,-3.7497248219753754
2022-03-08,45.37167739868164,46.80927241252665,44.75123046165699,45.47366852372407,14316000,34.11061538828584,0,3093.0,0.9433069228834938,140334.5981941223,140335.5415010452,40.33554150104519,-0.49263453686718695
2022-03-09,47.30586624145508,47.47585512817894,46.3175214479957,46.57128570179472,5316000,43.79440963648599,0,3093.0,0.9433069228834938,146317.04428482056,146317.98759174344,46.31798759174344,4.2629586394931085
2022-03-10,46.48872375488281,46.61135764640255,45.77599763190607,46.46322690307149,7906400,41.04953836998601,0,3093.0,0.9433069228834938,143789.62257385254,143790.56588077542,43.79056588077541,-1.7273486005152217
2022-03-11,45.522239685058594,46.914910457640346,45.47124226896053,46.914910457640346,6370400,38.0146941911822,0,3093.0,0.9433069228834938,140800.28734588623,140801.2306528091,40.80123065280912,-2.078950875292418
2022-03-14,44.53752517700195,45.77720717725845,44.42946462549272,45.33646108047935,8732000,35.162323258930186,0,3093.0,0.9433069228834938,137754.56537246704,137755.50867938992,37.755508679389926,-2.1631359039250175
2022-03-15,46.03462219238281,46.13904034720847,44.71115728126179,44.86414581129876,4068800,42.25620748575385,0,3093.0,0.9433069228834938,142385.08644104004,142386.02974796292,42.38602974796293,3.361405371708215
2022-03-16,47.71990966796875,47.73933707755564,45.99212634516659,46.600430665145794,5332800,49.01828059725739,0,3093.0,0.9433069228834938,147597.68060302734,147598.62390995023,47.59862390995022,3.6608887622009645
2022-03-17,48.23837661743164,48.23837661743164,47.23910062008623,47.40908584847911,3284000,50.92238085055736,0,3093.0,0.9433069228834938,149201.29887771606,149202.24218463895,49.202242184638955,1.0864723750182659
2022-03-18,49.34328079223633,49.40277468935173,47.834045568495576,48.06352838091155,4051200,54.79701472339996,0,3093.0,0.9433069228834938,152618.76749038696,152619.71079730985,52.61971079730985,2.290494139117394
2022-03-21,49.21821594238281,49.51447746646225,48.56012955271429,49.16479519554522,3904800,54.274690847848696,0,3093.0,0.9433069228834938,152231.94190979004,152232.88521671292,52.23288521671292,-0.2534571573855615
2022-03-22,50.0062255859375,50.279417296271184,49.20122008662361,49.2327900922123,3306400,57.05249646930381,0,3093.0,0.9433069228834938,154669.2557373047,154670.19904422757,54.670199044227566,1.601042917924711
2022-03-23,49.24492645263672,50.06207450485727,49.142935330664685,49.49626370253184,3107200,53.66084515831812,0,3093.0,0.9433069228834938,152314.55751800537,152315.50082492825,52.315500824928264,-1.5223994239678906
2022-03-24,50.532527923583984,50.532527923583984,49.31631263293213,49.439151564998205,2732000,58.188215858791374,0,3093.0,0.9433069228834938,156297.10886764526,156298.05217456815,56.298052174568134,2.6146723925475124
2022-03-25,50.41456604003906,50.62497266802283,49.82105596469818,50.55078530045346,2457600,57.63268052796225,0,3093.0,0.9433069228834938,155932.25276184082,155933.1960687637,55.9331960687637,-0.2334361181909883
2022-03-28,51.03726196289063,51.04577264940091,50.02050401552303,50.20050522079528,4117600,59.81376730475792,0,3093.0,0.9433069228834938,157858.25125122073,157859.19455814362,57.859194558143614,1.2351433421082358
2022-03-29,52.16591262817383,52.24374848383145,51.27807315822516,51.63320968852359,15691200,63.48323030351516,0,3093.0,0.9433069228834938,161349.16775894165,161350.11106586453,61.350111065864546,2.2114115794725775
2022-03-30,51.37538146972656,52.01997425887775,51.11997544911356,51.88983829772603,3304800,59.39249902941679,0,3093.0,0.9433069228834938,158904.05488586426,158904.99819278714,58.90499819278714,-1.5154082367376143
2022-03-31,50.652950286865234,51.49943533265691,50.59457059999852,51.3765963653646,4216000,55.850632402087946,0,3093.0,0.9433069228834938,156669.57523727417,156670.51854419705,56.670518544197044,-1.4061732947375005
2022-04-01,50.50456237792969,50.83415571527969,49.9609139403933,50.65537190128196,2493600,55.12348247399735,0,3093.0,0.9433069228834938,156210.61143493652,156211.5547418594,56.211554741859416,-0.2929484159511331
2022-04-04,51.49822235107422,51.51403374959962,50.604303037025,50.604303037025,2381600,58.97529630113998,0,3093.0,0.9433069228834938,159284.00173187256,159284.94503879544,59.28494503879544,1.9674538813821085
2022-04-05,50.2807846069336,51.36078089127286,50.10808036674241,51.28902461963425,5225600,52.97576868478493,0,3093.0,0.9433069228834938,155518.46678924563,155519.41009616852,55.51941009616852,-2.3640243851732468
2022-04-06,48.9307746887207,49.50482845700519,48.55252980156392,49.47320567159295,4793600,47.23717209443303,0,3093.0,0.9433069228834938,151342.88611221313,151343.82941913602,51.34382941913602,-2.684925742999178
2022-04-07,49.08280944824219,49.379566324896246,48.34578315781642,48.843214848114,2644800,47.92136510981389,0,3093.0,0.9433069228834938,151813.1296234131,151814.07293033597,51.814072930335975,0.3107120475309477
2022-04-08,48.3628044128418,48.92226423654826,48.2424002765144,48.82983067886955,3554400,44.94870611500824,0,3093.0,0.9433069228834938,149586.15404891968,149587.09735584256,49.587097355842566,-1.4669098401143055
2022-04-11,47.21712875366211,47.78266813573161,47.17577787813043,47.74131726019994,3998400,40.62982095867997,0,3093.0,0.9433069228834938,146042.5792350769,146043.5225419998,46.04352254199979,-2.36890405421345
2022-04-12,47.08821487426758,48.26551053067203,46.889971163479,47.91645729287151,21755200,40.16219929472698,0,3093.0,0.9433069228834938,145643.84860610962,145644.7919130325,45.6447919130325,-0.27302178284053236
2022-04-13,47.90916442871094,48.07213686650928,46.95686557754897,47.0991644295554,4736000,44.53976708855555,0,3093.0,0.9433069228834938,148183.04557800293,148183.9888849258,48.18398888492581,1.7434176248537048
2022-04-14,46.724571228027344,48.057546232153335,46.70268023744897,47.951732354500095,3141600,39.99322579263823,0,3093.0,0.9433069228834938,144519.09880828857,144520.04211521146,44.52004211521145,-2.472565894119394
2022-04-18,46.779296875,47.09672733557299,46.36334954530268,46.51172798319528,5383200,40.29643321483806,0,3093.0,0.9433069228834938,144688.365234375,144689.30854129788,44.68930854129789,0.11712315026277675
2022-04-19,47.72185897827149,47.79848113994911,46.494698123141006,46.68929332342179,2947200,45.412503234690426,0,3093.0,0.9433069228834938,147603.70981979373,147604.6531267166,47.60465312671662,2.014899797925729
2022-04-20,47.52482986450195,48.31415240008063,47.39834243508284,48.17793688144213,3241600,44.55305678576917,0,3093.0,0.9433069228834938,146994.29877090454,146995.24207782742,46.99524207782741,-0.4128670986855765
2022-04-21,46.61023712158203,48.46861407719398,46.44969951193727,47.96145434128943,3677600,40.70231399928028,0,3093.0,0.9433069228834938,144165.46341705322,144166.4067239761,44.16640672397612,-1.9244400797364447
2022-04-22,45.32226943969727,46.80726751200952,45.26632456646912,46.61145859991344,6024800,35.98542613150194,0,3093.0,0.9433069228834938,140181.77937698367,140182.72268390656,40.18272268390655,-2.76325402747728
2022-04-25,46.06173324584961,46.084841638420144,44.90875955865023,45.11186919029773,5153600,40.265564923410615,0,3093.0,0.9433069228834938,142468.94092941284,142469.88423633573,42.46988423633573,1.6315573764296376
2022-04-26,44.30794906616211,45.69200297656635,44.30794906616211,45.67862267528717,5703200,34.39224764470393,0,3093.0,0.9433069228834938,137044.4864616394,137045.4297685623,37.045429768562286,-3.8074393734854883
2022-04-27,44.784706115722656,45.62875999647035,44.53781450984141,44.59862528677368,13649600,37.07913825882094,0,3093.0,0.9433069228834938,138519.09601593018,138520.03932285306,38.52003932285306,1.0760005326562405
2022-04-28,46.596866607666016,46.87173250759224,45.20673313534012,45.51078702053452,4564000,46.11281492484201,0,3093.0,0.9433069228834938,144124.108417511,144125.05172443387,44.12505172443386,4.046354902135874
2022-04-29,44.659423828125,46.72942077159746,44.593747167785246,46.0750963972196,4924000,39.57144512671324,0,3093.0,0.9433069228834938,138131.59790039062,138132.5412073135,38.13254120731351,-4.1578548943579925
2022-05-02,45.39767456054688,45.4378117504767,44.13645968289622,44.55970401240128,5693600,42.89556438031911,0,3093.0,0.9433069228834938,140415.0074157715,140415.9507226944,40.41595072269439,1.653056908548356
2022-05-03,45.42686080932617,45.66888647671216,45.01821052094339,45.33442725484542,3247200,43.02899249946816,0,3093.0,0.9433069228834938,140505.28048324585,140506.22379016873,40.506223790168725,0.06428975270238446
2022-05-04,47.00186920166016,47.06997698146725,44.71416784969411,45.58984460663617,26319200,49.84017902752484,0,3093.0,0.9433069228834938,145376.7814407349,145377.72474765778,45.37772474765778,3.4671068840082864
2022-05-05,44.602272033691406,46.331730610204986,44.067134248422406,46.29281082371358,6905600,41.66683878615351,0,3093.0,0.9433069228834938,137954.82740020752,137955.7707071304,37.95577070713041,-5.1052897226244065
2022-05-06,44.11822128295898,44.88078713477676,43.4261943034675,44.24592243745823,14176800,40.233512152615184,0,3093.0,0.9433069228834938,136457.6584281921,136458.601735115,36.458601735114996,-1.0852528780356585
2022-05-09,42.21849060058594,43.5770012792014,42.02267796877079,43.33497557464272,17486400,35.126413466511764,0,3093.0,0.9433069228834938,130581.7914276123,130582.73473453519,30.582734734535187,-4.305970401181214
2022-05-10,42.83145904541016,43.43105234221487,42.109026806440056,43.237674540493856,13925600,37.866975054669965,0,3093.0,0.9433069228834938,132477.70282745364,132478.64613437653,32.47864613437652,1.4518852003640337
2022-05-11,41.36470413208008,43.28024356973237,41.25038328824651,42.419164617527706,18795200,34.149406892056774,0,3093.0,0.9433069228834938,127941.02988052368,127941.97318744657,27.941973187446557,-3.424456000500109
2022-05-12,41.060646057128906,41.685782550020775,40.09010854998456,40.72740422751742,10019200,33.41700489116255,0,3093.0,0.9433069228834938,127000.5782546997,127001.52156162259,27.00152156162259,-0.7350610611938313
2022-05-13,42.61376190185547,42.82416482086573,41.49484208844969,41.61160145597412,5003200,40.44333745611405,0,3093.0,0.9433069228834938,131804.36556243896,131805.30886936185,31.80530886936186,3.7824643741834363
2022-05-16,42.10538101196289,42.68064855324987,41.81956963449306,42.31213541468942,16830400,38.99282930692358,0,3093.0,0.9433069228834938,130231.94347000122,130232.8867769241,30.232886776924104,-1.1929884356905895
2022-05-17,43.297271728515625,43.34470591450299,42.4605148720419,43.00294594489969,3926400,44.058523987550416,0,3093.0,0.9433069228834938,133918.46145629883,133919.4047632217,33.919404763221706,2.83071202484535
2022-05-18,41.30144882202149,42.8509056974665,41.15063933482479,42.68307112861566,4623200,38.32053237454383,0,3093.0,0.9433069228834938,127745.38120651248,127746.32451343536,27.746324513435372,-4.609548751131887
2022-05-19,41.01321792602539,41.71740771722053,40.72132695769216,41.0278119177028,5187200,37.55975784970026,0,3093.0,0.9433069228834938,126853.88304519653,126854.82635211942,26.85482635211942,-0.697865997093472
2022-05-20,41.08010482788086,41.71740419961928,39.77753921817387,41.499700611201256,5229600,37.86802328401115,0,3093.0,0.9433069228834938,127060.7642326355,127061.70753955838,27.061707539558387,0.16308499517765362
2022-05-23,41.94969940185547,42.01294126074045,41.020509139038566,41.21388692469303,4188000,41.88508308572849,0,3093.0,0.9433069228834938,129750.42024993896,129751.36355686185,29.751363556861854,2.1168108546519404
2022-05-24,41.138484954833984,41.52645795540065,40.499971884581576,41.37199993934228,5150400,39.33046630649677,0,3093.0,0.9433069228834938,127241.33396530151,127242.2772722244,27.242277272224392,-1.933764868326704
2022-05-25,41.72835159301758,42.03848503892256,40.86726900148759,40.86726900148759,3336800,42.09599289960634,0,3093.0,0.9433069228834938,129065.79147720337,129066.73478412625,29.066734784126247,1.4338453782924532
2022-05-26,42.78645706176758,42.96767568353201,41.3513243484306,41.54348475200684,4561600,46.78222409647396,0,3093.0,0.9433069228834938,132338.51169204712,132339.45499897,32.33945499897,2.5356806463862513
2022-05-27,44.27754592895508,44.288491424233634,43.21822315446937,43.21822315446937,9527200,52.60352904153952,0,3093.0,0.9433069228834938,136950.44955825806,136951.39286518094,36.95139286518094,3.48493037563653
2022-05-31,43.91754150390625,44.35659350840911,43.49064868486608,44.104839726129455,3847200,51.14878057310672,0,3093.0,0.9433069228834938,135836.95587158203,135837.89917850491,35.837899178504905,-0.8130575844322974
2022-06-01,43.74848556518555,44.687404055052745,43.39943231968483,44.3553796076716,8729600,50.44330202648708,0,3093.0,0.9433069228834938,135314.0658531189,135315.00916004178,35.315009160041775,-0.3849367677396187
2022-06-02,44.95132827758789,44.956194179121965,43.29727435756412,43.45538089726539,5162400,55.18007673317416,0,3093.0,0.9433069228834938,139034.45836257935,139035.40166950223,39.035401669502235,2.7494307782665928
2022-06-03,43.80929946899414,44.41132765337906,43.618356447664674,44.10970485955382,7980800,50.26738449364956,0,3093.0,0.9433069228834938,135502.16325759888,135503.10656452176,35.50310656452176,-2.5405724459853785
2022-06-06,43.83483505249024,44.635103115575184,43.63172545698255,44.40280553952783,2684800,50.37377476348938,0,3093.0,0.9433069228834938,135581.14481735232,135582.0881242752,35.58208812427522,0.05828763764603728
2022-06-07,44.41740036010742,44.48185962606727,43.28389045935655,43.365374810417904,4401600,52.851819072257456,0,3093.0,0.9433069228834938,137383.01931381226,137383.96262073514,37.38396262073513,1.3289915514565154
2022-06-08,43.93943405151367,44.5560562094408,43.80564960231914,44.27024482061504,2250400,50.61853116836343,0,3093.0,0.9433069228834938,135904.6695213318,135905.61282825467,35.90561282825466,-1.0760715910936636
2022-06-09,42.703758239746094,44.02700130372431,42.69281274558686,43.62565167150522,2709600,45.29031254694407,0,3093.0,0.9433069228834938,132082.72423553467,132083.66754245755,32.08366754245755,-2.812205622903119
2022-06-10,41.02781295776367,42.04092254099484,41.02294705654951,41.95943446993687,10926400,39.2549074162804,0,3093.0,0.9433069228834938,126899.02547836304,126899.96878528592,26.89996878528591,-3.924556952134417
2022-06-13,39.0976791381836,40.07308261582575,38.96511209641044,39.72524677051921,11103200,33.68717922241757,0,3093.0,0.9433069228834938,120929.12157440188,120930.06488132477,20.93006488132476,-4.7044171571564375
2022-06-14,39.31538772583008,39.58903624315597,38.943226039194506,39.37498110411492,6220000,34.81032392898254,0,3093.0,0.9433069228834938,121602.49423599243,121603.43754291532,21.603437542915316,0.5568281653130391
2022-06-15,40.18497467041016,40.7809194917926,39.27767899430721,39.75200227207712,6900800,39.23720722555959,0,3093.0,0.9433069228834938,124292.12665557864,124293.06996250153,24.293069962501534,2.211806239965064
2022-06-16,38.42876052856445,39.17186640254338,38.14781505064624,39.17065271095251,15525600,34.18780861130081,0,3093.0,0.9433069228834938,118860.15631484985,118861.09962177274,18.861099621772738,-4.370292199209159
2022-06-17,38.89578628540039,39.249705429252046,38.25727316962158,38.471328278050215,6344000,36.52706692758498,0,3093.0,0.9433069228834938,120304.66698074341,120305.61028766629,20.305610287666287,1.2152930357283598
2022-06-21,39.87848663330078,40.20807995176022,39.52091902579923,39.52091902579923,5421600,41.25839031883533,0,3093.0,0.9433069228834938,123344.15915679932,123345.1024637222,23.34510246372219,2.5264758383155117
2022-06-22,39.741058349609375,40.28835531750185,39.29348823060947,39.43821817015753,4293600,40.8003563174566,0,3093.0,0.9433069228834938,122919.0934753418,122920.03678226468,22.920036782264685,-0.3446149648159258
2022-06-23,40.42776870727539,40.51306084904541,39.72107620086858,40.0683317518216,5216000,44.13759468765318,0,3093.0,0.9433069228834938,125043.08861160278,125044.03191852567,25.04403191852567,1.7279486663539956
2022-06-24,41.917911529541016,41.92522185818109,40.87370954105519,40.87370954105519,4959200,50.64010888653502,0,3093.0,0.9433069228834938,129652.10036087036,129653.04366779324,29.653043667793245,3.685911017545118
2022-06-27,41.61452102661133,42.19083966204981,41.44272086974411,42.08240064348568,3886400,49.37982044251801,0,3093.0,0.9433069228834938,128713.71353530884,128714.65684223172,28.71465684223171,-0.7237676795046388
2022-06-28,40.32785034179688,42.050719230964425,40.314445594202894,41.72174329923556,4976800,44.33993689530788,0,3093.0,0.9433069228834938,124734.04110717776,124734.98441410065,24.734984414100648,-3.0918564565720286
2022-06-29,40.35953521728516,40.58860213406308,39.91602576175163,40.286431919060135,3051200,44.49018536396096,0,3093.0,0.9433069228834938,124832.04242706302,124832.9857339859,24.83298573398589,0.07856762907823
2022-06-30,39.7880859375,40.28155549074541,39.13134987926331,39.87459770084899,4476000,42.27378669874948,0,3093.0,0.9433069228834938,123064.5498046875,123065.49311161038,23.06549311161039,-1.4158858830325305
2022-07-01,39.90750503540039,40.01716372648102,39.21786858839445,39.57730933411351,3976800,42.91380958851988,0,3093.0,0.9433069228834938,123433.91307449341,123434.85638141629,23.434856381416292,0.3001355298442032
2022-07-05,40.5179443359375,40.5179443359375,39.15207245700127,39.4042900530273,4280000,46.19761452619058,0,3093.0,0.9433069228834938,125322.00183105469,125322.94513797757,25.32294513797757,1.529623650816303
2022-07-06,40.79939270019531,41.11496766138853,40.35709915975049,40.57276132348808,3240000,47.69164106218195,0,3093.0,0.9433069228834938,126192.5216217041,126193.46492862699,26.193464928626973,0.6946212361120141
2022-07-07,41.70711898803711,41.792411110306745,40.98336673139724,40.99677147901177,3207200,52.2929385583638,0,3093.0,0.9433069228834938,129000.11902999878,129001.06233692166,29.001062336921656,2.2248358184654204
2022-07-08,41.73637390136719,41.90207967504983,41.121060515602224,41.1953871628992,5435200,52.43814856877339,0,3093.0,0.9433069228834938,129090.60447692871,129091.5477838516,29.09154778385159,0.07014317966902439
2022-07-11,41.06866836547852,41.45613073286789,40.79939462544246,41.37815263929461,3113600,48.78810002838426,0,3093.0,0.9433069228834938,127025.39125442508,127026.33456134796,27.02633456134795,-1.5998051444557682
2022-07-12,40.505741119384766,41.5133877070032,40.29007899615823,41.21121755265777,5042400,45.888066461494304,0,3093.0,0.9433069228834938,125284.25728225708,125285.20058917996,25.285200589179958,-1.3706874075998021
2022-07-13,40.41192626953125,40.64098944184307,39.5590198491914,39.75275100417765,4746400,45.40368863092976,0,3093.0,0.9433069228834938,124994.08795166016,124995.03125858304,24.995031258583044,-0.23160702878899375
2022-07-14,40.68363952636719,40.83959942418991,39.52856281130982,40.030558616227424,4225600,47.143905960569526,0,3093.0,0.9433069228834938,125834.49705505371,125835.4403619766,25.8354403619766,0.6723540087405278
2022-07-15,41.4305419921875,41.43907194953308,40.88346458837724,41.10278191364189,3084000,51.70126928933031,0,3093.0,0.9433069228834938,128144.66638183594,128145.60968875882,28.14560968875881,1.8358654129049912
2022-07-18,41.05647659301758,42.01173132443533,40.91270183369395,41.82287496416929,3815200,49.40381235821057,0,3093.0,0.9433069228834938,126987.68210220337,126988.62540912625,26.988625409126254,-0.9028668890355807
2022-07-19,42.2919807434082,42.35290263911511,41.27945913422965,41.53898700488145,3294400,56.30960451490092,0,3093.0,0.9433069228834938,130809.09643936157,130810.03974628446,30.810039746284446,3.0092571872847307
2022-07-20,43.08274459838867,43.25576441361812,42.22009221452016,42.31391059276378,4147200,60.06643086354201,0,3093.0,0.9433069228834938,133254.92904281616,133255.87234973905,33.255872349739036,1.8697590859221958
2022-07-21,43.70902633666992,43.71024224613482,42.72087121622033,43.13026830488904,3533600,62.79505334581184,0,3093.0,0.9433069228834938,135192.01845932007,135192.96176624295,35.19296176624296,1.45366157779514
2022-07-22,43.026702880859375,43.87717024865717,42.77814048082799,43.65907251784739,3590400,58.134430260834606,0,3093.0,0.9433069228834938,133081.59201049805,133082.53531742093,33.082535317420934,-1.5610475732243168
2022-07-25,42.7501106262207,42.99867300042949,42.41991499452273,42.99867300042949,4684800,56.30995440385151,0,3093.0,0.9433069228834938,132226.09216690063,132227.03547382352,32.22703547382353,-0.6428340439689761
2022-07-26,41.94471740722656,42.656284570776485,41.82287363843288,42.62582362857806,2520800,51.26477733381134,0,3093.0,0.9433069228834938,129735.01094055176,129735.95424747464,29.735954247474638,-1.883942430851837
2022-07-27,43.75898361206055,43.95149517775374,42.602683434901664,42.65507537588668,5748000,59.96629074373057,0,3093.0,0.9433069228834938,135346.53631210327,135347.47961902615,35.34747961902616,4.325343274422888
2022-07-28,44.3828239440918,44.48151712499118,43.367863003999325,43.77726010708889,3670400,62.44902468852892,0,3093.0,0.9433069228834938,137276.07445907593,137277.0177659988,37.27701776599881,1.4256180849498534
2022-07-29,45.10657501220703,45.221108478541,44.33652132488261,44.5485283411964,4623200,65.14934768368732,0,3093.0,0.9433069228834938,139514.63651275635,139515.57981967923,39.51557981967924,1.630689601296731
2022-08-01,45.026153564453125,45.48428366973816,44.55096354436579,44.74103955240072,4644000,64.59350651825852,0,3093.0,0.9433069228834938,139265.89297485352,139266.8362817764,39.266836281776406,-0.17829086774704406
2022-08-02,44.793434143066406,45.31736096476784,44.41571764170196,44.60822919824444,4469600,62.9205728242233,0,3093.0,0.9433069228834938,138546.0918045044,138547.03511142728,38.54703511142728,-0.5168503784294787
2022-08-03,46.092281341552734,46.18731933454575,45.02492871380288,45.02492871380288,3915200,67.91516262750787,0,3093.0,0.9433069228834938,142563.4261894226,142564.3694963455,42.5643694963455,2.8996177230983244
2022-08-04,46.238502502441406,46.24337729559035,45.684114699428925,46.025275852301576,2700800,68.4307098781815,0,3093.0,0.9433069228834938,143015.68824005127,143016.63154697415,43.016631546974146,0.31723357822603937
2022-08-05,46.16661071777344,46.31526028847466,45.45504343915723,45.49037917896696,2719200,67.85341979868092,0,3093.0,0.9433069228834938,142793.32695007324,142794.27025699613,42.794270256996136,-0.15547932263038078
2022-08-08,45.84616470336914,46.568701254132094,45.60978743691004,46.13371800126252,4252800,65.21262284776651,0,3093.0,0.9433069228834938,141802.18742752075,141803.13073444364,41.80313073444364,-0.6941031462737723
2022-08-09,45.283233642578125,45.51839121206865,45.04076574479914,45.47940403398909,3160000,60.74037600274309,0,3093.0,0.9433069228834938,140061.04165649414,140061.98496341702,40.06198496341702,-1.22786130461906
2022-08-10,46.66495895385742,46.70029469941246,46.105696319930765,46.39690480660741,5209600,66.76512939771425,0,3093.0,0.9433069228834938,144334.718044281,144335.6613512039,44.33566135120388,3.0512750400496724
2022-08-11,46.39445495605469,47.26198579653337,46.338407858177895,46.9914924551251,4467200,64.67270010877851,0,3093.0,0.9433069228834938,143498.04917907715,143498.99248600003,43.49899248600002,-0.5796688478587719
2022-08-12,47.35824203491211,47.35824203491211,46.57966217288943,46.77461297492579,2770400,68.4648702364807,0,3093.0,0.9433069228834938,146479.04261398315,146479.98592090604,46.47998592090603,2.077361926563248
2022-08-15,47.64458084106445,47.71403269929405,47.153550477079584,47.201071343777,2602400,69.51197574135008,0,3093.0,0.9433069228834938,147364.68854141235,147365.63184833524,47.36563184833524,0.604619069193113
2022-08-16,47.4788703918457,47.7067176799173,47.00124110794852,47.387487551065504,2853600,68.10264104857802,0,3093.0,0.9433069228834938,146852.14612197876,146853.08942890164,46.853089428901654,-0.34780322454091017
2022-08-17,47.07923126220703,47.41308210982197,46.72588124051995,47.07801163423303,4396800,64.69593771579159,0,3093.0,0.9433069228834938,145616.06229400635,145617.00560092923,45.617005600929225,-0.8417145548516802
2022-08-18,47.32534790039063,47.51054912641098,46.9464117720852,47.09993614054603,2100000,65.8295857972513,0,3093.0,0.9433069228834938,146377.30105590823,146378.24436283112,46.37824436283111,0.5227677624329852
2022-08-19,46.41394805908203,46.95858987902486,46.32500448359008,46.88061179701644,2844800,58.35656859938653,0,3093.0,0.9433069228834938,143558.34134674072,143559.2846536636,43.55928465366361,-1.925805109521661
2022-08-22,45.14068222045898,45.79376305690424,45.02370952150834,45.79376305690424,3716800,49.84363261711712,0,3093.0,0.9433069228834938,139620.1301078796,139621.0734148025,39.621073414802495,-2.743264741365936
2022-08-23,45.03467178344727,45.53423195903703,44.98593502156995,45.071227143637685,2160800,49.20010107806187,0,3093.0,0.9433069228834938,139292.23982620242,139293.1831331253,39.29318313312531,-0.23484297438615132
2022-08-24,45.1077880859375,45.312488477430605,44.8957810829517,45.01518933479124,2732800,49.682635517227645,0,3093.0,0.9433069228834938,139518.3885498047,139519.33185672757,39.51933185672758,0.16235448032380084
2022-08-25,45.92657852172852,45.94241880924798,45.233287064450266,45.32832507118974,1689600,54.85424379973576,0,3093.0,0.9433069228834938,142050.90736770633,142051.8506746292,42.05185067462922,1.8151741297774304
2022-08-26,43.98194885253906,46.00942739223923,43.97829368792092,45.92657451530992,4351200,43.43585261844251,0,3093.0,0.9433069228834938,136036.16780090332,136037.1111078262,36.03711110782621,-4.234185994929285
2022-08-29,43.41415786743164,43.86132618552256,43.24966801729662,43.5238165280626,4378400,40.76748954353075,0,3093.0,0.9433069228834938,134279.99028396606,134280.93359088895,34.28093359088895,-1.2909547274532085
2022-08-30,42.97674179077149,43.74070101604644,42.58440463793297,43.70414936636912,3971200,38.79046314768485,0,3093.0,0.9433069228834938,132927.06235885623,132928.0056657791,32.92800566577911,-1.0075353878844617
2022-08-31,42.55759811401367,43.39831950734281,42.5466326193015,43.27160464508393,3450400,36.94175285587697,0,3093.0,0.9433069228834938,131630.6509666443,131631.59427356717,31.631594273567167,-0.9752733336506281
2022-09-01,42.184757232666016,42.24080433506667,41.30260938064377,42.07875373002965,4958400,35.328812797550185,0,3093.0,0.9433069228834938,130477.45412063599,130478.39742755887,30.478397427558868,-0.8760790692936782
2022-09-02,41.68885040283203,42.882921729973454,41.459783491494086,42.64532486125272,4327200,33.249377122896405,0,3093.0,0.9433069228834938,128943.61429595947,128944.55760288236,28.944557602882348,-1.1755507845872315
2022-09-06,41.38668441772461,41.874059608723385,41.12228174052162,41.76805238124396,4844000,32.012939617361795,0,3093.0,0.9433069228834938,128009.01490402222,128009.9582109451,28.009958210945097,-0.7248071646541288
2022-09-07,42.04585266113281,42.22009210366681,41.305044067338535,41.44760293516139,4394400,37.475245739086766,0,3093.0,0.9433069228834938,130047.82228088379,130048.76558780667,30.04876558780667,1.5926943539047667
2022-09-08,42.299293518066406,42.46743855487562,41.56213630638318,41.741246838848085,3164000,39.48829407899056,0,3093.0,0.9433069228834938,130831.7148513794,130832.65815830228,30.832658158302273,0.6027681746554769
2022-09-09,43.21311569213867,43.2996237352558,42.63679327104036,42.644103600409295,2464000,46.21266944360491,0,3093.0,0.9433069228834938,133658.1668357849,133659.1101427078,33.659110142707796,2.1603566144667186
2022-09-12,43.89788436889648,43.90519469946851,43.45559077740059,43.45559077740059,2427200,50.63918272083557,0,3093.0,0.9433069228834938,135776.1563529968,135777.09965991968,35.777099659919685,1.5846203935897085
2022-09-13,41.59869003295898,42.79397735110067,41.49268652743228,42.65020256701565,5641600,39.0259785835666,0,3093.0,0.9433069228834938,128664.74827194211,128665.691578865,28.665691578864983,-5.237560751309756
2022-09-14,41.77902221679688,42.01052469229003,41.365969951458816,41.79242324992747,3512000,40.18464992596424,0,3093.0,0.9433069228834938,129222.51571655276,129223.45902347565,29.22345902347565,0.4335012991934839
2022-09-15,40.84934616088867,41.733929459778565,40.619059635880376,41.41469935668143,4664800,36.34970281984957,0,3093.0,0.9433069228834938,126347.02767562866,126347.97098255155,26.34797098255155,-2.2252059050684614
2022-09-16,40.54351425170898,40.60443613638473,39.98790696093632,40.43141634781984,5660800,35.160939242468615,0,3093.0,0.9433069228834938,125401.08958053586,125402.03288745874,25.40203288745875,-0.7486769179882113
2022-09-19,40.86153030395508,40.89321087820806,40.1463078747986,40.15727336933757,21616800,37.45160500825608,0,3093.0,0.9433069228834938,126384.71323013306,126385.65653705594,26.385656537055937,0.7843761595794474
2022-09-20,40.60809326171875,40.88102212836543,40.26936771529942,40.47284845602838,3777600,36.34948470868618,0,3093.0,0.9433069228834938,125600.8324584961,125601.77576541898,25.601775765418978,-0.6202292199250725
2022-09-21,39.9927864074707,41.426886401031815,39.9927864074707,40.80060756885399,4010400,33.75249186229044,0,3093.0,0.9433069228834938,123697.68835830688,123698.63166522977,23.69863166522976,-1.5152206954013314
2022-09-22,39.466426849365234,39.94770764230349,39.26782085466204,39.79906177163295,5844000,31.66814243035742,0,3093.0,0.9433069228834938,122069.65824508667,122070.60155200955,22.07060155200955,-1.3161262103741134
2022-09-23,38.90716552734375,39.17400376340381,38.42100620662146,39.103332272718525,20828800,29.57811433076044,0,3093.0,0.9433069228834938,120339.86297607422,120340.8062829971,20.340806282997104,-1.4170449289343856
2022-09-26,38.65372085571289,39.507846971642046,38.54893698626837,38.82308550033528,9041600,28.655149242748024,0,3093.0,0.9433069228834938,119555.95860671997,119556.90191364285,19.556901913642854,-0.6514036207392437
2022-09-27,38.79262161254883,39.56633032614008,38.405159301127405,39.178864296341736,18527200,29.94535173843768,0,3093.0,0.9433069228834938,119985.57864761353,119986.52195453641,19.986521954536407,0.35934357115063875
2022-09-28,39.24257659912109,39.43310982667603,38.28502394267734,38.51464186494141,11395200,34.10266036227915,0,3093.0,0.9433069228834938,121377.28942108151,121378.2327280044,21.378232728004388,1.1598892532240557
2022-09-29,38.23494338989258,38.73204131580231,37.781816672776365,38.67585940259177,21222400,29.83302584977845,0,3093.0,0.9433069228834938,118260.67990493774,118261.62321186063,18.261623211860623,-2.5676840452338423
2022-09-30,37.541202545166016,38.7015026064752,37.51433228939023,38.08959580245264,7930400,27.298905953832133,0,3093.0,0.9433069228834938,116114.93947219849,116115.88277912137,16.11588277912137,-1.814401303198132
2022-10-03,38.68074417114258,38.89081971464644,37.65112763205016,37.872195045424895,6112000,36.79602457298552,0,3093.0,0.9433069228834938,119639.541721344,119640.48502826688,19.640485028266873,3.035417864281409
2022-10-04,40.03525161743164,40.05479396681775,39.42212205332392,39.45021487943932,7688800,45.85082078042864,0,3093.0,0.9433069228834938,123829.03325271606,123829.97655963895,23.829976559638943,3.5017339911169953
2022-10-05,40.16226959228516,40.42730826838653,39.22792318290616,39.44899064292518,4501600,46.62306801724477,0,3093.0,0.9433069228834938,124221.89984893802,124222.8431558609,24.222843155860897,0.3172629173782804
2022-10-06,39.85814666748047,40.5213489929795,39.80562870667408,40.03524662416996,12241600,44.96939298984969,0,3093.0,0.9433069228834938,123281.24764251709,123282.19094943997,23.282190949439972,-0.7572296548072899
2022-10-07,38.19952774047852,39.07402815604519,38.012658482939976,39.07402815604519,6406400,37.21645273389304,0,3093.0,0.9433069228834938,118151.13930130008,118152.08260822296,18.152082608222962,-4.1612728502861795
2022-10-10,37.50944900512695,38.261812504382064,37.12105468778703,38.194638722812606,7816000,34.54771753690724,0,3093.0,0.9433069228834938,116016.72577285767,116017.66907978055,16.01766907978055,-1.8064967466717041
2022-10-11,36.89876174926758,37.53509741772879,36.61784848683364,37.25784438435981,8125600,32.337753297585564,0,3093.0,0.9433069228834938,114127.87009048462,114128.8133974075,14.128813397407502,-1.6280758761617276
2022-10-12,36.76686477661133,37.16136824019591,36.65938372601728,36.96717104859511,6149600,31.86366173854752,0,3093.0,0.9433069228834938,113719.91275405884,113720.85606098172,13.720856060981724,-0.3574534110025618
2022-10-13,37.81967926025391,38.01509898847014,35.61755174746044,35.76655887090168,10500800,39.48945692609396,0,3093.0,0.9433069228834938,116976.26795196536,116977.21125888824,16.977211258888246,2.863463493592011
2022-10-14,36.74365997314453,38.233731458519394,36.68381409234012,38.19831071827996,4932800,35.15844931495913,0,3093.0,0.9433069228834938,113648.14029693604,113649.08360385892,13.649083603858925,-2.845107708768746
2022-10-17,37.905181884765625,38.06029438229472,37.61205411489465,37.64258833524208,3719200,42.49070893682919,0,3093.0,0.9433069228834938,117240.72756958008,117241.67087650296,17.24167087650297,3.1611229573716093
2022-10-18,38.2947998046875,39.05937416697692,37.817244139077374,38.87128604854371,10937600,44.74770580807375,0,3093.0,0.9433069228834938,118445.81579589844,118446.75910282132,18.446759102821318,1.0278668133173685
2022-10-19,38.1067008972168,38.49265382794151,37.73173983678004,37.94670190637892,3305600,43.8529111046408,0,3093.0,0.9433069228834938,117864.02587509155,117864.96918201444,17.864969182014434,-0.4911826420694543
2022-10-20,38.127471923828125,38.96166518414415,37.94182147853056,38.14212775323123,3848800,43.98611125878799,0,3093.0,0.9433069228834938,117928.27066040039,117929.21396732327,17.929213967323278,0.0545071073744019
2022-10-21,39.13143157958984,39.20593327738904,37.88685663935868,38.02853212131524,3866400,50.14281454268831,0,3093.0,0.9433069228834938,121033.51787567136,121034.46118259424,21.034461182594242,2.633145011999649
2022-10-24,39.59311676025391,39.7311283132219,38.73571341803513,39.28899337350051,3692800,52.71661804944852,0,3093.0,0.9433069228834938,122461.51013946536,122462.45344638824,22.462453446388242,1.1798228784112297
2022-10-25,40.46028137207031,40.48715163375128,39.71280429099104,39.71280429099104,5120000,57.1871766710799,0,3093.0,0.9433069228834938,125143.65028381348,125144.59359073636,25.144593590736353,2.190173452242905
2022-10-26,39.6468505859375,40.500589906510605,39.46486782859012,39.50883904332933,4164800,52.20133362626904,0,3093.0,0.9433069228834938,122627.70886230469,122628.65216922757,22.628652169227582,-2.0104275776680725
2022-10-27,39.23646926879883,40.04501474732062,39.15585848776957,39.74944561086813,4268000,49.84045529110766,0,3093.0,0.9433069228834938,121358.39944839478,121359.34275531766,21.359342755317655,-1.0350838824830788
2022-10-28,40.815696716308594,40.90485796973663,39.401353457371854,39.401353457371854,4392800,57.75781180567783,0,3093.0,0.9433069228834938,126242.94994354248,126243.89325046536,26.243893250465366,4.024865646311082
2022-10-31,40.32959747314453,40.58852705085635,40.1024209482416,40.444406433423794,4328800,54.88601781393047,0,3093.0,0.9433069228834938,124739.44498443604,124740.38829135892,24.74038829135892,-1.19095262384179
2022-11-01,40.01814270019531,40.93539174057098,39.84959323168898,40.83890257446696,3250400,53.06544079439456,0,3093.0,0.9433069228834938,123776.1153717041,123777.05867862699,23.777058678626982,-0.7722676078912527
2022-11-02,38.537845611572266,40.39676888200801,38.53662305015574,39.99616010613341,4452800,45.36361686980653,0,3093.0,0.9433069228834938,119197.55647659302,119198.4997835159,19.19849978351591,-3.6990367552672154
2022-11-03,37.44105529785156,38.114030631537744,37.41296620376975,38.01143610996107,16798400,40.65537091401193,0,3093.0,0.9433069228834938,115805.18403625488,115806.12734317777,15.806127343177767,-2.845985852589794
2022-11-04,37.92715835571289,38.267921233093546,37.07830570190679,38.094485254757686,5880800,43.45644138968338,0,3093.0,0.9433069228834938,117308.70079421997,117309.64410114285,17.30964410114286,1.2983050141289976
2022-11-07,38.48899459838867,38.55250443251532,37.69021838013386,38.08838579141066,5656000,46.594047094589854,0,3093.0,0.9433069228834938,119046.46029281616,119047.40359973905,19.04740359973904,1.4813441059440269
2022-11-08,38.84684753417969,39.3732570773997,38.30211820830071,38.81142680282502,4400800,48.55226494525654,0,3093.0,0.9433069228834938,120153.29942321777,120154.24273014066,20.15424273014066,0.9297465521575177
2022-11-09,37.812347412109375,38.56837482115009,37.75250154761152,38.45967496151189,5304800,43.57779066042838,0,3093.0,0.9433069228834938,116953.5905456543,116954.53385257718,16.95453385257717,-2.66300115989232
2022-11-10,41.01601409912109,41.05509880115109,39.58945602092727,39.73235410469858,10920800,57.94708062527738,0,3093.0,0.9433069228834938,126862.53160858151,126863.4749155044,26.863474915504405,8.472472794785002
2022-11-11,41.85264205932617,41.975997761020125,40.80592820946673,40.9585992939624,10211200,60.75774451711209,0,3093.0,0.9433069228834938,129450.22188949585,129451.16519641873,29.451165196418728,2.039744128590071
2022-11-14,41.453250885009766,41.9564541681833,41.20409063886668,41.48623022376654,7431200,58.73941014037863,0,3093.0,0.9433069228834938,128214.9049873352,128215.84829425809,28.215848294258095,-0.9542725245356265
2022-11-15,42.05171585083008,42.59400376155541,41.634009912254605,42.401029179096255,7284000,60.8387051279548,0,3093.0,0.9433069228834938,130065.95712661743,130066.90043354032,30.066900433540322,1.4436999512213333
2022-11-16,41.33477783203125,41.78424059528771,41.1918797889937,41.68775515676536,4236000,57.091260445875164,0,3093.0,0.9433069228834938,127848.46783447266,127849.41114139554,27.849411141395542,-1.7048836289274338
2022-11-17,41.31156539916992,41.51064905356163,40.59218131790424,40.68867046942896,5818400,56.968906807870034,0,3093.0,0.9433069228834938,127776.67177963257,127777.61508655545,27.77761508655545,-0.056156734864176716
2022-11-18,41.35798645019531,41.85142045016253,41.03188309359264,41.83187810362386,3657600,57.16660774045621,0,3093.0,0.9433069228834938,127920.2520904541,127921.19539737699,27.921195397376984,0.11236734284347794
2022-11-21,40.86577987670898,41.24806892286704,40.76684929811292,41.10150317003927,8136800,54.31703643503417,0,3093.0,0.9433069228834938,126397.85715866086,126398.80046558374,26.39880046558374,-1.1901037408726833
2022-11-22,41.59737396240234,41.62302538903146,40.69844837928741,40.97081494395893,4137600,57.692705187020735,0,3093.0,0.9433069228834938,128660.67766571042,128661.6209726333,28.661620972633294,1.790223086543996
2022-11-23,42.041954040527344,42.13722065116756,41.52043094126023,41.54363724502196,3524800,59.64423689903435,0,3093.0,0.9433069228834938,130035.76384735107,130036.70715427396,30.036707154273955,1.068761742037383
2022-11-25,41.778133392333984,41.90882072508568,41.65111001623322,41.7439352211516,1474400,57.93636585803348,0,3093.0,0.9433069228834938,129219.76658248901,129220.7098894119,29.2207098894119,-0.6275130174543508
2022-11-28,40.89508819580078,41.59126987388168,40.73264779215344,41.40684199998088,5042400,52.5159042955922,0,3093.0,0.9433069228834938,126488.50778961182,126489.4510965347,26.48945109653471,-2.1136385918438583
2022-11-29,40.5164680480957,40.984250652745935,40.35768786964696,40.91585429896922,4314400,50.34113355603469,0,3093.0,0.9433069228834938,125317.43567276001,125318.3789796829,25.318378979682898,-0.925825914097822
2022-11-30,42.49631118774414,42.503639103196846,40.44319029821515,40.5616632344635,4823200,59.73180317453307,0,3093.0,0.9433069228834938,131441.09050369263,131442.0338106155,31.4420338106155,4.886477850088866
2022-12-01,42.64653396606445,42.85905093423833,42.09203151404532,42.5573727061429,11018400,60.34456564870282,0,3093.0,0.9433069228834938,131905.72955703735,131906.67286396024,31.906672863960228,0.3534935057488475
2022-12-02,42.40714645385742,42.53416985687914,41.77447828923698,41.86485839066221,4314400,58.8088078170748,0,3093.0,0.9433069228834938,131165.303981781,131166.2472887039,31.166247288703897,-0.5613253364520676
2022-12-05,41.59981155395508,42.29598935751677,41.34332342534989,42.09080034556096,3923200,53.83293207471781,0,3093.0,0.9433069228834938,128668.21713638306,128669.16044330594,28.66916044330594,-1.9037571761138627
2022-12-06,40.69601058959961,41.64867677865176,40.426085396599966,41.64867677865176,6495200,48.8498905820294,0,3093.0,0.9433069228834938,125872.76075363159,125873.70406055448,25.87370406055447,-2.172592385867933
2022-12-07,40.51035690307617,40.79737929839708,40.21722915506991,40.56654254799621,6806400,47.86967321735664,0,3093.0,0.9433069228834938,125298.5339012146,125299.47720813748,25.29947720813748,-0.456192861489757
2022-12-08,41.216304779052734,41.34210559895587,40.50668990261062,40.79248971499284,3288000,51.82796269926476,0,3093.0,0.9433069228834938,127482.03068161011,127482.97398853299,27.48297398853299,1.7426224187419903
2022-12-09,40.96592712402344,41.536304207232384,40.83890373833292,41.0465379037508,11598400,50.36722334549904,0,3093.0,0.9433069228834938,126707.61259460449,126708.55590152738,26.708555901527387,-0.6074678545507362
2022-12-12,41.86485290527344,41.86973942364376,41.03798765069485,41.06119395380209,4852000,55.24440447161975,0,3093.0,0.9433069228834938,129487.99003601074,129488.93334293363,29.48893334293363,2.1943091542824034
2022-12-13,42.36439514160156,43.66026933788095,41.960122379069226,43.436760494182224,7354400,57.730190074253855,0,3093.0,0.9433069228834938,131033.07417297363,131034.01747989652,31.034017479896512,1.1932171322092344
2022-12-14,42.04805374145508,42.83095142951524,41.553400969487136,42.31431491819783,5572000,55.623301383838246,0,3093.0,0.9433069228834938,130054.63022232056,130055.57352924344,30.05557352924344,-0.7467098769242786
2022-12-15,40.45527267456055,41.47892796666334,40.33527324988618,41.3870927017925,5430400,46.43440728473927,0,3093.0,0.9433069228834938,125128.15838241577,125129.10168933865,25.12910168933866,-3.7879744068000654
2022-12-16,39.926300048828125,40.53118861658104,39.72915840675503,40.34017156747869,5028800,43.84394144142313,0,3093.0,0.9433069228834938,123492.04605102539,123492.98935794827,23.49298935794828,-1.307539420727566
2022-12-19,39.35079574584961,40.00466234313196,39.09610760444584,39.99854148723132,12659200,41.15395783793306,0,3093.0,0.9433069228834938,121712.01124191284,121712.95454883573,21.71295454883573,-1.441405555381825
2022-12-20,39.4377326965332,39.63854759351521,38.94794463964399,39.10222907333572,6608800,41.73550447116749,0,3093.0,0.9433069228834938,121980.9072303772,121981.85053730008,21.981850537300083,0.22092635041282005
2022-12-21,40.06221771240234,40.2532347770831,39.50018630246242,39.61161354632399,4402400,45.87340721666382,0,3093.0,0.9433069228834938,123912.43938446042,123913.3826913833,23.9133826913833,1.5834586420646168
2022-12-22,39.06916427612305,39.58833834824957,38.41774535447907,39.58589075354955,5084800,40.89917438776335,0,3093.0,0.9433069228834938,120840.92510604858,120841.86841297147,20.841868412971465,-2.478759123267338
2022-12-23,39.08385467529297,39.12426053743333,38.48141384588335,38.82794091697591,7944800,41.00109328984978,0,3093.0,0.9433069228834938,120886.36251068115,120887.30581760404,20.88730581760403,0.03760071341936122
2022-12-27,38.70183181762695,39.000602855478185,38.4985693091356,38.99815152345189,5281600,39.11217325708161,0,3093.0,0.9433069228834938,119704.76581192017,119705.70911884305,19.70570911884304,-0.9774365395683438
2022-12-28,38.09326553344727,38.924681777103714,38.05040833261805,38.63937815139001,4907200,36.24735131337746,0,3093.0,0.9433069228834938,117822.47029495242,117823.4136018753,17.823413601875316,-1.572435876971423
2022-12-29,39.131614685058594,39.27243173913068,38.4287700277422,38.51448443136988,4965600,43.80986187308283,0,3093.0,0.9433069228834938,121034.08422088623,121035.02752780911,21.035027527809124,2.7257858415016267
2022-12-30,39.110801696777344,39.110801696777344,38.50101421391537,38.72264301318334,4978400,43.69796840924843,0,3093.0,0.9433069228834938,120969.70964813232,120970.65295505521,20.9706529550552,-0.05318672955159087
2023-01-03,38.736114501953125,39.81609808667671,38.48142261447504,39.4720185317148,5940000,41.636276289789805,0,3093.0,0.9433069228834938,119810.80215454102,119811.7454614639,19.811745461463893,-0.9580071408078483
2023-01-04,38.90386581420898,39.15977962753232,38.49611889782726,38.93937649491296,4561600,42.93440768208095,0,3093.0,0.9433069228834938,120329.65696334836,120330.60027027124,20.330600270271248,0.43305838405820474
2023-01-05,38.0981674194336,38.69325814021097,38.04306476597503,38.68468595202204,4448800,38.50464885403746,0,3093.0,0.9433069228834938,117837.63182830813,117838.57513523102,17.838575135231018,-2.070982052315007
2023-01-06,39.18793869018555,39.36303700230193,37.958569771292666,38.42631820530301,6175200,46.539135341547606,0,3093.0,0.9433069228834938,121208.2943687439,121209.23767566678,21.20923767566678,2.860406735712484
2023-01-09,39.678955078125,40.380577843403216,39.55895939084908,39.5969176678592,5166400,49.726282768896645,0,3093.0,0.9433069228834938,122727.00805664062,122727.95136356351,22.727951363563513,1.25296859960502
2023-01-10,39.93610000610352,39.977731549889526,39.33978353923593,39.57365782618819,18122400,51.361636795588055,0,3093.0,0.9433069228834938,123522.3573188782,123523.30062580109,23.52330062580108,0.6480587782985658
2023-01-11,40.60954666137695,40.62056644292432,39.91282293485773,40.07322820535687,4167200,55.448956323356434,0,3093.0,0.9433069228834938,125605.32782363892,125606.2711305618,25.606271130561797,1.6862976411801123
2023-01-12,40.92668914794922,41.0809735828098,40.136908142303824,40.665876407794,4303200,57.27003249311211,0,3093.0,0.9433069228834938,126586.24953460693,126587.19284152982,26.587192841529816,0.7809496310485997
2023-01-13,41.09933090209961,41.12626938901444,40.44913769274925,40.54954512004866,3956800,58.27001983711076,0,3093.0,0.9433069228834938,127120.23048019409,127121.17378711698,27.12117378711698,0.4218285701742541
2023-01-17,41.30504989624024,41.50586479435414,40.95240563219282,41.00628261769722,4362400,59.48669012479249,0,3093.0,0.9433069228834938,127756.51932907107,127757.46263599396,27.757462635993967,0.5005372668620334
2023-01-18,40.78466033935547,41.81444044215203,40.754048577929126,41.58423939833999,5846400,55.10954997433356,0,3093.0,0.9433069228834938,126146.95442962646,126147.89773654935,26.147897736549353,-1.2598597891933516
2023-01-19,40.28384399414063,40.653636386819386,40.11854350624109,40.46261933418244,6995200,51.20461039428375,0,3093.0,0.9433069228834938,124597.92947387698,124598.87278079987,24.598872780799862,-1.2279435357571367
2023-01-20,41.41157913208008,41.41157913208008,40.35363520126474,40.52628592900695,4633600,58.35969336339115,0,3093.0,0.9433069228834938,128086.01425552368,128086.95756244657,28.086957562446567,2.7994513142852506
2023-01-23,42.39482879638672,42.57972123689088,41.50586232523376,41.56218690244266,10939200,63.398994162335406,0,3093.0,0.9433069228834938,131127.20546722412,131128.148774147,31.128148774147,2.374317627317968
2023-01-24,42.32381057739258,42.48666720221318,42.08014220991744,42.17075180650892,4677600,62.80775891916265,0,3093.0,0.9433069228834938,130907.54611587524,130908.48942279813,30.908489422798134,-0.16751502511272998
2023-01-25,42.23442459106445,42.3274817782176,41.17158169782238,41.58912645288423,5066400,62.02375123584133,0,3093.0,0.9433069228834938,130631.07526016235,130632.01856708524,30.63201856708524,-0.2111939851509259
2023-01-26,42.90666198730469,42.93114914995227,42.19157181790818,42.68013424629151,3876800,65.51058151315142,0,3093.0,0.9433069228834938,132710.3055267334,132711.24883365628,32.711248833656285,1.5916697065377239
2023-01-27,43.103797912597656,43.40991545746613,42.611562245692255,42.634827478045175,4538400,66.48247457760499,0,3093.0,0.9433069228834938,133320.04694366455,133320.99025058743,33.320990250587435,0.45944968666176145
2023-01-30,42.26136779785156,42.80380721915043,42.23442930301033,42.5980971149737,4832000,58.850521092665,0,3093.0,0.9433069228834938,130714.41059875488,130715.35390567777,30.715353905677766,-1.9544081843467898
2023-01-31,42.90298461914063,42.91277873590479,42.24054583647492,42.29687041563792,4666400,62.39163228828256,0,3093.0,0.9433069228834938,132698.93142700198,132699.87473392487,32.69987473392486,1.5182002488239421
2023-02-01,43.956031799316406,44.28908783723591,42.73523488226149,42.87972146645065,4440000,67.35670869982711,0,3093.0,0.9433069228834938,135956.00635528564,135956.94966220853,35.95694966220853,2.45446722147582
2023-02-02,45.26621627807617,45.47682531507425,44.57316565326606,44.74581641064124,11626400,72.2631623512631,-1,0.0,140009.35025501248,0.0,140009.35025501248,40.009350255012485,2.980649832812765
2023-02-03,44.78622055053711,45.53559567020152,44.260921819875776,44.260921819875776,6144800,68.2177679384501,0,0.0,140009.35025501248,0.0,140009.35025501248,40.009350255012485,0.0
2023-02-06,44.1984748840332,44.59765336131221,44.02460220984209,44.31969997372661,2552800,63.52805546607003,0,0.0,140009.35025501248,0.0,140009.35025501248,40.009350255012485,0.0
2023-02-07,45.25763702392578,45.40580059471612,44.20459574011746,44.25234813030989,4283200,67.82120647352913,0,0.0,140009.35025501248,0.0,140009.35025501248,40.009350255012485,0.0
2023-02-08,44.68458938598633,45.57600352763616,44.61601935484299,45.241725560009,10204000,63.46822742423788,0,0.0,140009.35025501248,0.0,140009.35025501248,40.009350255012485,0.0
2023-02-09,44.49602508544922,45.471924262755,44.289089319478784,45.39111251666672,3124000,62.0567830871499,0,0.0,140009.35025501248,0.0,140009.35025501248,40.009350255012485,0.0
2023-02-10,44.21316909790039,44.32826959762309,43.79807563608958,44.12378516330631,2697600,59.904700790385455,0,0.0,140009.35025501248,0.0,140009.35025501248,40.009350255012485,0.0
2023-02-13,44.96498489379883,45.07273884546431,44.33560555647349,44.42131994623985,7828000,63.52538832028952,0,0.0,140009.35025501248,0.0,140009.35025501248,40.009350255012485,0.0
2023-02-14,45.20376968383789,45.45355892335907,44.46418860947604,44.74704093715931,4117600,64.6182294863282,0,0.0,140009.35025501248,0.0,140009.35025501248,40.009350255012485,0.0
2023-02-15,45.52212524414063,45.52335091005748,44.89887038863061,44.97233934470195,3173600,66.07752859456242,0,0.0,140009.35025501248,0.0,140009.35025501248,40.009350255012485,0.0
2023-02-16,44.691932678222656,45.36661689447618,44.68703748834222,44.844991439675006,3686400,59.218349556811866,0,0.0,140009.35025501248,0.0,140009.35025501248,40.009350255012485,0.0
2023-02-17,44.14459228515625,44.431117824468366,43.75765930630794,44.42867022964528,3313600,55.153410284967336,0,0.0,140009.35025501248,0.0,140009.35025501248,40.009350255012485,0.0
2023-02-21,43.07685470581055,43.81766132540682,43.04869428630721,43.54582882583543,8300800,48.20225724182148,0,0.0,140009.35025501248,0.0,140009.35025501248,40.009350255012485,0.0
2023-02-22,43.06706237792969,43.37930075778183,42.84176032861753,43.14297892601696,3920800,48.14233090997058,0,0.0,140009.35025501248,0.0,140009.35025501248,40.009350255012485,0.0
2023-02-23,43.72950744628906,43.86419992364177,43.07931403043621,43.837261428171225,3250400,52.449155292130094,0,0.0,140009.35025501248,0.0,140009.35025501248,40.009350255012485,0.0
2023-02-24,42.9691047668457,43.119712191901485,42.698494194503255,43.01073630025545,3160000,47.565809135248685,0,0.0,140009.35025501248,0.0,140009.35025501248,40.009350255012485,0.0
2023-02-27,43.16134262084961,43.60092691044679,43.100119119733804,43.40746229110666,4657600,48.86209824142934,0,0.0,140009.35025501248,0.0,140009.35025501248,40.009350255012485,0.0
2023-02-28,43.11604690551758,43.51155215123789,42.9789068320306,43.05727472361558,1655200,48.557486670305614,0,0.0,140009.35025501248,0.0,140009.35025501248,40.009350255012485,0.0
2023-03-01,42.782989501953125,43.22379953636688,42.66666707105188,43.119718818454565,3965600,46.27320067492547,0,0.0,140009.35025501248,0.0,140009.35025501248,40.009350255012485,0.0
2023-03-02,43.291141510009766,43.41114093231307,42.51482786805516,42.65196792966669,2244000,50.128070244653614,0,0.0,140009.35025501248,0.0,140009.35025501248,40.009350255012485,0.0
2023-03-03,44.1996955871582,44.21438862988668,43.49439964190312,43.54582902823883,3400800,56.18170253265871,0,0.0,140009.35025501248,0.0,140009.35025501248,40.009350255012485,0.0
2023-03-06,44.36010360717773,44.97845952653819,44.3307175199042,44.49479606849192,4308800,57.17017848577844,0,0.0,140009.35025501248,0.0,140009.35025501248,40.009350255012485,0.0
2023-03-07,43.81399154663086,44.50214316900073,43.69889105426441,44.35887851810672,2481600,52.80291977190837,0,0.0,140009.35025501248,0.0,140009.35025501248,40.009350255012485,0.0
2023-03-08,44.1605110168457,44.220512589509866,43.7441919527561,43.93643464487047,3632800,55.1443800407121,0,0.0,140009.35025501248,0.0,140009.35025501248,40.009350255012485,0.0
2023-03-09,43.46501922607422,44.700509220466046,43.39032460007983,44.2131687312815,4271200,49.803858171894205,0,0.0,140009.35025501248,0.0,140009.35025501248,40.009350255012485,0.0
2023-03-10,42.60544204711914,43.44420114357576,42.41564692429936,43.38665089478075,5624800,44.117074625361965,0,0.0,140009.35025501248,0.0,140009.35025501248,40.009350255012485,0.0
2023-03-13,42.803802490234375,43.41113861790023,42.04708085982318,42.33850160681773,13410400,45.65907891663994,0,0.0,140009.35025501248,0.0,140009.35025501248,40.009350255012485,0.0
2023-03-14,43.76991653442383,43.92664859136237,43.1797246596192,43.39278130693599,4953600,52.529567845275736,0,0.0,140009.35025501248,0.0,140009.35025501248,40.009350255012485,0.0
2023-03-15,43.75398635864258,43.79806922327528,43.040121968472256,43.36460578218604,11355200,52.411897402710544,0,0.0,140009.35025501248,0.0,140009.35025501248,40.009350255012485,0.0
2023-03-16,44.94907379150391,44.99682992048392,43.447872208412015,43.65358603129767,11621600,59.70451926645248,0,0.0,140009.35025501248,0.0,140009.35025501248,40.009350255012485,0.0
2023-03-17,44.82662582397461,45.35069888176319,44.56826442433324,45.05070594678187,4109600,58.71175316519599,0,0.0,140009.35025501248,0.0,140009.35025501248,40.009350255012485,0.0
2023-03-20,44.96376800537109,45.03478936773529,44.44949277673947,44.7507113918513,3489600,59.52354807807492,0,0.0,140009.35025501248,0.0,140009.35025501248,40.009350255012485,0.0
2023-03-21,45.470699310302734,45.53682174403792,44.88417706805129,45.24661918250599,11869600,62.4615931986705,0,0.0,140009.35025501248,0.0,140009.35025501248,40.009350255012485,0.0
2023-03-22,44.91846084594727,46.299662973764,44.91846084594727,45.4351873792978,4698400,57.55998158885341,0,0.0,140009.35025501248,0.0,140009.35025501248,40.009350255012485,0.0
2023-03-23,45.552734375,46.226192916103535,45.16335378806336,45.42661410677388,4759200,61.31492896221743,0,0.0,140009.35025501248,0.0,140009.35025501248,40.009350255012485,0.0
2023-03-24,45.63519287109375,45.63519287109375,45.07198908191795,45.4204650139172,2968800,61.78826390563503,0,0.0,140009.35025501248,0.0,140009.35025501248,40.009350255012485,0.0
2023-03-27,45.34929656982422,45.92353931963225,45.24009406247096,45.689178748781565,4939200,59.08873684822279,0,0.0,140009.35025501248,0.0,140009.35025501248,40.009350255012485,0.0
2023-03-28,45.15420150756836,45.31494034924,44.77137300695936,45.3124876645898,4691200,57.25057409236589,0,0.0,140009.35025501248,0.0,140009.35025501248,40.009350255012485,0.0
2023-03-29,46.07691955566406,46.17630758676631,45.631515737733245,45.69409102926176,3072000,63.09767288208668,0,0.0,140009.35025501248,0.0,140009.35025501248,40.009350255012485,0.0
2023-03-30,46.54195785522461,46.63398408341815,46.260970056664426,46.45606521108792,2971200,65.64783968772133,0,0.0,140009.35025501248,0.0,140009.35025501248,40.009350255012485,0.0
2023-03-31,47.29780578613281,47.3333903135684,46.490430566310735,46.54073494825009,4052800,69.35472193510299,0,0.0,140009.35025501248,0.0,140009.35025501248,40.009350255012485,0.0
2023-04-03,47.23522186279297,47.280620870057184,46.80331344190247,47.02417489410124,6167200,68.69374701192122,0,0.0,140009.35025501248,0.0,140009.35025501248,40.009350255012485,0.0
2023-04-04,46.93582534790039,47.39963735149745,46.7775429440183,47.28920663531844,3695200,65.47876839296283,0,0.0,140009.35025501248,0.0,140009.35025501248,40.009350255012485,0.0
2023-04-05,46.37140655517578,46.70883607331671,46.03274882234702,46.70392695912234,9765600,59.79704587290991,0,0.0,140009.35025501248,0.0,140009.35025501248,40.009350255012485,0.0
2023-04-06,46.61189270019531,46.640111676700336,45.82414664043709,46.03765000872091,2229600,61.33645640047213,0,0.0,140009.35025501248,0.0,140009.35025501248,40.009350255012485,0.0
2023-04-10,46.584903717041016,46.584903717041016,45.94685371004692,46.16035710364518,2392800,61.053909136096784,0,0.0,140009.35025501248,0.0,140009.35025501248,40.009350255012485,0.0
2023-04-11,46.23888397216797,46.54686627619516,46.10882053782208,46.511281753347546,13228800,57.40296021606834,0,0.0,140009.35025501248,0.0,140009.35025501248,40.009350255012485,0.0
2023-04-12,45.96157836914063,46.72601092948374,45.8990030794402,46.51373574560321,3059200,54.585782356592645,0,0.0,140009.35025501248,0.0,140009.35025501248,40.009350255012485,0.0
2023-04-13,46.851165771484375,46.92233481996722,46.14317865343224,46.20207678894664,8539200,61.16945367493025,0,0.0,140009.35025501248,0.0,140009.35025501248,40.009350255012485,0.0
2023-04-14,46.67201614379883,47.0303065336529,46.25851226985251,46.64502163672382,4209600,59.304883510979664,0,0.0,140009.35025501248,0.0,140009.35025501248,40.009350255012485,0.0
2023-04-17,46.841346740722656,46.885517529652894,46.46588005658944,46.64870428503384,2506400,60.529557070590336,0,0.0,140009.35025501248,0.0,140009.35025501248,40.009350255012485,0.0
2023-04-18,46.9738655090332,47.32602234863205,46.79472216953351,47.17386977418982,3436000,61.505892249703344,0,0.0,140009.35025501248,0.0,140009.35025501248,40.009350255012485,0.0
2023-04-19,46.875709533691406,46.95546485444535,46.53459910859722,46.6069926301774,2138400,60.31579613280312,0,0.0,140009.35025501248,0.0,140009.35025501248,40.009350255012485,0.0
2023-04-20,46.53950881958008,46.97018905499597,46.34686633476327,46.479382466147285,2300800,56.297680858078856,0,0.0,140009.35025501248,0.0,140009.35025501248,40.009350255012485,0.0
2023-04-21,46.402076721191406,46.47201380391066,46.135812538457664,46.39839582210092,2632800,54.69368679661622,0,0.0,140009.35025501248,0.0,140009.35025501248,40.009350255012485,0.0
2023-04-24,46.20084381103516,46.49410249915172,45.867095233309776,46.25606104142188,2344000,52.3421109098398,0,0.0,140009.35025501248,0.0,140009.35025501248,40.009350255012485,0.0
2023-04-25,45.20328521728516,46.03397774949968,45.20206074713534,46.013116822268486,3125600,42.57071091550746,0,0.0,140009.35025501248,0.0,140009.35025501248,40.009350255012485,0.0
2023-04-26,45.80451965332031,46.27201259132838,45.6916362440866,45.938267733032696,5786400,48.7773656189721,0,0.0,140009.35025501248,0.0,140009.35025501248,40.009350255012485,0.0
2023-04-27,46.67201614379883,46.71619067562902,45.95421089414846,46.00083811041951,3312800,56.14244052859905,0,0.0,140009.35025501248,0.0,140009.35025501248,40.009350255012485,0.0
2023-04-28,47.16160202026367,47.16896756388516,46.58613475575257,46.66220917579023,2912000,59.66712523013918,0,0.0,140009.35025501248,0.0,140009.35025501248,40.009350255012485,0.0
2023-05-01,47.2106819152832,47.43154335875028,47.084299381994114,47.12601748822426,2161600,60.01405582086549,0,0.0,140009.35025501248,0.0,140009.35025501248,40.009350255012485,0.0
2023-05-02,46.68184280395508,47.23890558173347,46.462205808737146,47.20945838489784,2672800,54.567498394413,0,0.0,140009.35025501248,0.0,140009.35025501248,40.009350255012485,0.0
2023-05-03,46.35177230834961,47.11988202155215,46.340729610195616,46.71864901039631,2816800,51.43020465033946,0,0.0,140009.35025501248,0.0,140009.35025501248,40.009350255012485,0.0
2023-05-04,46.16404342651367,46.43766571126913,45.99471454928789,46.194718839212335,3992000,49.68068904260623,0,0.0,140009.35025501248,0.0,140009.35025501248,40.009350255012485,0.0
2023-05-05,47.38491821289063,47.52602434931335,46.648708376364894,46.66956930267148,3084000,59.36240399438893,0,0.0,140009.35025501248,0.0,140009.35025501248,40.009350255012485,0.0
2023-05-08,47.43523025512695,47.467133882271575,47.13338524567853,47.29289589228727,1961600,59.70646737805911,0,0.0,140009.35025501248,0.0,140009.35025501248,40.009350255012485,0.0
2023-05-09,47.090431213378906,47.252398262990646,47.05116579325063,47.18981923369599,1658400,56.19501314825133,0,0.0,140009.35025501248,0.0,140009.35025501248,40.009350255012485,0.0
2023-05-10,47.60332107543945,47.69902819253176,47.13828461580906,47.48798124912868,3171200,59.96665354501456,0,0.0,140009.35025501248,0.0,140009.35025501248,40.009350255012485,0.0
2023-05-11,47.40209197998047,47.54687899668329,47.0977906063614,47.54196988327882,2362400,57.86166847152285,0,0.0,140009.35025501248,0.0,140009.35025501248,40.009350255012485,0.0
2023-05-12,47.30762100219727,47.55179983892559,46.957924285419146,47.49412991200671,1940000,56.852688529563366,0,0.0,140009.35025501248,0.0,140009.35025501248,40.009350255012485,0.0
2023-05-15,47.70640182495117,47.70640182495117,47.19228159245854,47.3456586607545,2128000,60.02178539032429,0,0.0,140009.35025501248,0.0,140009.35025501248,40.009350255012485,0.0
2023-05-16,47.67449188232422,47.92725693798111,47.60823195432432,47.60823195432432,2423200,59.644276667363016,0,0.0,140009.35025501248,0.0,140009.35025501248,40.009350255012485,0.0
2023-05-17,48.3726692199707,48.43033914095204,47.668359255198325,47.878181757131216,8323200,64.85299436698814,0,0.0,140009.35025501248,0.0,140009.35025501248,40.009350255012485,0.0
2023-05-18,49.32238006591797,49.38250267331414,48.43770225976464,48.43770225976464,11084800,70.44174583462276,0,0.0,140009.35025501248,0.0,140009.35025501248,40.009350255012485,0.0
2023-05-19,49.23280715942383,49.39477423056329,49.07329651771673,49.34814700603311,2890400,69.32213181522759,0,0.0,140009.35025501248,0.0,140009.35025501248,40.009350255012485,0.0
2023-05-22,49.359188079833984,49.5052033330843,49.02912036395456,49.0683857880091,2228800,70.04554947282317,0,0.0,140009.35025501248,0.0,140009.35025501248,40.009350255012485,0.0
2023-05-23,48.60702133178711,49.26347200027357,48.57879861127017,49.134636797659056,3291200,60.84882043055117,0,0.0,140009.35025501248,0.0,140009.35025501248,40.009350255012485,0.0
2023-05-24,48.306400299072266,48.48431914302822,48.02418807544166,48.22418856739206,3039200,57.59404987387868,0,0.0,140009.35025501248,0.0,140009.35025501248,40.009350255012485,0.0
2023-05-25,50.02668380737305,50.21932627783015,49.36409571072854,49.681892503972406,5887200,68.10707884160291,0,0.0,140009.35025501248,0.0,140009.35025501248,40.009350255012485,0.0
2023-05-26,51.35430908203125,51.42793080324817,50.1861910028217,50.1861910028217,4089600,73.55576964374545,0,0.0,140009.35025501248,0.0,140009.35025501248,40.009350255012485,0.0
2023-05-30,51.62303161621094,52.29052880486411,51.47578815755988,52.10647635382864,6355200,74.50519919596626,0,0.0,140009.35025501248,0.0,140009.35025501248,40.009350255012485,0.0
2023-05-31,51.15186309814453,51.726105906261886,51.07824136118042,51.30892105620801,3402400,69.7749072724761,0,0.0,140009.35025501248,0.0,140009.35025501248,40.009350255012485,0.0
2023-06-01,51.679473876953125,51.90279175197914,50.76534894034853,50.99234397009595,4220000,71.92447589341654,0,0.0,140009.35025501248,0.0,140009.35025501248,40.009350255012485,0.0
2023-06-02,52.03776550292969,52.23286065829612,51.645118762916766,51.99113828129051,3809600,73.31250679692452,0,0.0,140009.35025501248,0.0,140009.35025501248,40.009350255012485,0.0
2023-06-05,51.75922393798828,52.33224216451046,51.64511232738991,51.98131732041921,3124000,70.39861503791244,0,0.0,140009.35025501248,0.0,140009.35025501248,40.009350255012485,0.0
2023-06-06,51.84511947631836,51.977635588863485,51.38621657924213,51.62057714144682,2842400,70.78425110636115,0,0.0,140009.35025501248,0.0,140009.35025501248,40.009350255012485,0.0
2023-06-07,51.07332611083984,52.213225320716624,50.96780450469584,51.84266774007771,4487200,62.86005052808246,0,0.0,140009.35025501248,0.0,140009.35025501248,40.009350255012485,0.0
2023-06-08,51.58743667602539,51.67455751466936,51.10153935189233,51.10153935189233,1981600,65.62096334371572,0,0.0,140009.35025501248,0.0,140009.35025501248,40.009350255012485,0.0
2023-06-09,51.80217361450195,52.33469824305385,51.62180206736691,51.86475264449471,5760000,66.73334899374528,0,0.0,140009.35025501248,0.0,140009.35025501248,40.009350255012485,0.0
2023-06-12,52.8831787109375,52.89054050978487,52.03653814247853,52.11997435911992,3579200,71.6979586109018,0,0.0,140009.35025501248,0.0,140009.35025501248,40.009350255012485,0.0
2023-06-13,53.26355743408203,53.45742813306542,52.83164898519183,53.31877467298976,5442400,73.21283082823139,0,0.0,140009.35025501248,0.0,140009.35025501248,40.009350255012485,0.0
2023-06-14,53.70404815673828,53.77644166860221,52.95802389898531,53.26477797191206,15332000,74.88903484665478,0,0.0,140009.35025501248,0.0,140009.35025501248,40.009350255012485,0.0
2023-06-15,54.40467834472656,54.61940620046946,53.45742159703848,53.50036417254175,5164000,77.32000574782452,0,0.0,140009.35025501248,0.0,140009.35025501248,40.009350255012485,0.0
2023-06-16,53.93472671508789,54.96051426113453,53.91509400547552,54.89670701875521,4972800,72.26639548405319,0,0.0,140009.35025501248,0.0,140009.35025501248,40.009350255012485,0.0
2023-06-20,53.62061309814453,53.997308006474974,53.32367350157506,53.62184131272069,6056000,69.01927396454973,0,0.0,140009.35025501248,0.0,140009.35025501248,40.009350255012485,0.0
2023-06-21,52.79851913452149,53.52614277366828,52.61201397231072,53.44393101957071,4289600,61.26099210880788,0,0.0,140009.35025501248,0.0,140009.35025501248,40.009350255012485,0.0
2023-06-22,53.232872009277344,53.25005203399294,52.54942306615606,52.54942306615606,13495200,63.589752078616485,0,0.0,140009.35025501248,0.0,140009.35025501248,40.009350255012485,0.0
2023-06-23,52.61444854736328,52.948197074297816,52.419353438007,52.593591370742594,4286400,58.22314460062116,0,0.0,140009.35025501248,0.0,140009.35025501248,40.009350255012485,0.0
2023-06-26,52.18746566772461,53.14208433648615,52.16906116949187,52.62673591862679,3320800,54.78530230981052,0,0.0,140009.35025501248,0.0,140009.35025501248,40.009350255012485,0.0
2023-06-27,53.24269104003906,53.39361164304519,52.41936043599559,52.47212498087846,2600800,60.92575431822129,0,0.0,140009.35025501248,0.0,140009.35025501248,40.009350255012485,0.0
2023-06-28,53.38011169433594,53.66600480998257,52.922433321863366,53.00096415293307,3463200,61.65606699218164,0,0.0,140009.35025501248,0.0,140009.35025501248,40.009350255012485,0.0
2023-06-29,53.49514389038086,53.58608695888016,53.20020241914533,53.458277612870525,2787200,62.291413389228055,0,0.0,140009.35025501248,0.0,140009.35025501248,40.009350255012485,0.0
2023-06-30,54.338191986083984,54.47706122291889,53.99409045889268,54.07274352238252,3354400,66.65250095821227,0,0.0,140009.35025501248,0.0,140009.35025501248,40.009350255012485,0.0
2023-07-03,54.24601745605469,54.37505317267525,53.98179914321287,54.36522341585195,6659200,65.75705339223532,0,0.0,140009.35025501248,0.0,140009.35025501248,40.009350255012485,0.0
2023-07-05,53.9093017578125,54.265689569324365,53.813445674021246,53.95845805071332,3724000,62.45612674221473,0,0.0,140009.35025501248,0.0,140009.35025501248,40.009350255012485,0.0
2023-07-06,53.70037460327149,53.73724087970655,53.11294817963977,53.38208324876823,3533600,60.42911631928275,0,0.0,140009.35025501248,0.0,140009.35025501248,40.009350255012485,0.0
2023-07-07,53.51727294921875,54.16491562711175,53.497609682382254,53.583632255609146,2547200,58.63311776144028,0,0.0,140009.35025501248,0.0,140009.35025501248,40.009350255012485,0.0
2023-07-10,53.732330322265625,53.732330322265625,53.08960070434091,53.29728948860855,2747200,60.13187835985303,0,0.0,140009.35025501248,0.0,140009.35025501248,40.009350255012485,0.0
2023-07-11,53.93510818481445,53.97689122132228,53.38946470743154,53.83064871835253,7304800,61.5465815062353,0,0.0,140009.35025501248,0.0,140009.35025501248,40.009350255012485,0.0
2023-07-12,54.49918365478516,54.73636548219234,54.15385573498504,54.48320701608375,3728800,65.24147742623242,0,0.0,140009.35025501248,0.0,140009.35025501248,40.009350255012485,0.0
2023-07-13,55.31149291992188,55.41349586552705,54.79411618799048,54.898575635153534,4013600,69.74934287189144,0,0.0,140009.35025501248,0.0,140009.35025501248,40.009350255012485,0.0
2023-07-14,55.11363983154297,55.78709257297785,54.94281733174135,55.44422119773935,6104800,67.45463429679226,0,0.0,140009.35025501248,0.0,140009.35025501248,40.009350255012485,0.0
2023-07-17,55.847312927246094,56.00953205783728,55.194753527315335,55.194753527315335,6067200,71.23394169534143,0,0.0,140009.35025501248,0.0,140009.35025501248,40.009350255012485,0.0
2023-07-18,56.47897720336914,56.732139399617466,55.451596908563474,55.74776851278738,4876800,74.0300999393296,0,0.0,140009.35025501248,0.0,140009.35025501248,40.009350255012485,0.0
2023-07-19,56.33027648925781,56.89558315946659,56.12873458967147,56.65840135828607,11340000,72.24965483521157,0,0.0,140009.35025501248,0.0,140009.35025501248,40.009350255012485,0.0
2023-07-20,55.13822555541992,56.20738894580628,54.98460980245769,55.94685722884388,8937600,59.82772238253896,0,0.0,140009.35025501248,0.0,140009.35025501248,40.009350255012485,0.0
2023-07-21,55.04358673095703,55.73547256771912,54.98214043995342,55.54007381237371,2669600,58.96100506732496,0,0.0,140009.35025501248,0.0,140009.35025501248,40.009350255012485,0.0
2023-07-24,55.10626602172852,55.38769109930905,54.90595050254874,55.29920828563406,4907200,59.38071256127348,0,0.0,140009.35025501248,0.0,140009.35025501248,40.009350255012485,0.0
2023-07-25,55.73302459716797,55.923506628282304,55.24636719765117,55.24759732378241,4749600,63.41037661578843,0,0.0,140009.35025501248,0.0,140009.35025501248,40.009350255012485,0.0
2023-07-26,55.09151840209961,55.32255706373225,54.67737098753613,55.17877108801097,2720000,57.15989844685731,0,0.0,140009.35025501248,0.0,140009.35025501248,40.009350255012485,0.0
2023-07-27,54.8383674621582,55.97881066539012,54.5913521305667,55.79692826322516,2869600,54.86171007137321,0,0.0,140009.35025501248,0.0,140009.35025501248,40.009350255012485,0.0
2023-07-28,55.61750030517578,55.75882603346879,55.27954568298699,55.379088380764586,3348000,60.16963866922624,0,0.0,140009.35025501248,0.0,140009.35025501248,40.009350255012485,0.0
2023-07-31,55.89278411865234,55.9431705356114,55.56466297092268,55.69738533115819,3742400,61.87547838234166,0,0.0,140009.35025501248,0.0,140009.35025501248,40.009350255012485,0.0
2023-08-01,55.92227554321289,56.02427850035819,55.49952470361685,55.65560070422568,2151200,62.06292928132601,0,0.0,140009.35025501248,0.0,140009.35025501248,40.009350255012485,0.0
2023-08-02,54.43405532836914,55.39261622768469,54.19195672618002,55.39261622768469,5732000,48.976361143351,0,0.0,140009.35025501248,0.0,140009.35025501248,40.009350255012485,0.0
2023-08-03,54.2189826965332,54.515154291835486,53.943704491936735,54.05676357580275,4239200,47.42018283050455,0,0.0,140009.35025501248,0.0,140009.35025501248,40.009350255012485,0.0
2023-08-04,53.51112747192383,54.40087250527896,53.43124802669543,54.13788052362741,9602400,42.62027331883349,0,0.0,140009.35025501248,0.0,140009.35025501248,40.009350255012485,0.0
2023-08-07,53.60084533691406,53.87612360429492,53.16334791180444,53.71882120145085,3883200,43.40223998627607,0,0.0,140009.35025501248,0.0,140009.35025501248,40.009350255012485,0.0
2023-08-08,53.101898193359375,53.28500698441995,52.56117145269244,53.15597124246456,3756800,40.12711417803939,0,0.0,140009.35025501248,0.0,140009.35025501248,40.009350255012485,0.0
2023-08-09,52.358394622802734,53.195292990997125,52.15930919606184,53.195292990997125,6036800,35.792761455839965,0,0.0,140009.35025501248,0.0,140009.35025501248,40.009350255012485,0.0
2023-08-10,52.40755081176758,53.24444911840135,52.147015349237705,52.81801164604736,6748000,36.28279170800329,0,0.0,140009.35025501248,0.0,140009.35025501248,40.009350255012485,0.0
2023-08-11,52.06344604492188,52.36822102435704,51.88771053779861,52.00814662854617,5035200,34.308816024556194,0,0.0,140009.35025501248,0.0,140009.35025501248,40.009350255012485,0.0
2023-08-14,52.83152389526367,52.84012727668916,51.847156795817625,51.98725239875969,4504000,41.90629355608125,0,0.0,140009.35025501248,0.0,140009.35025501248,40.009350255012485,0.0
2023-08-15,52.30923080444336,52.84381432736683,52.20723160370147,52.69880196953744,4636800,38.63418423876005,0,0.0,140009.35025501248,0.0,140009.35025501248,40.009350255012485,0.0
2023-08-16,51.81397247314453,52.46284518928003,51.79553933497844,52.20600012980808,4025600,35.78116182027202,0,0.0,140009.35025501248,0.0,140009.35025501248,40.009350255012485,0.0
2023-08-17,51.2474479675293,52.0745128240506,51.15159188273359,51.98357349371192,3893600,32.7975240850616,0,0.0,140009.35025501248,0.0,140009.35025501248,40.009350255012485,0.0
2023-08-18,51.34698486328125,51.53869701115289,50.67230196751726,50.69811211270393,5096000,33.841350681828544,0,0.0,140009.35025501248,0.0,140009.35025501248,40.009350255012485,0.0
2023-08-21,52.2305908203125,52.34488005068005,51.54239143520796,51.63824752364283,4789600,42.39518950973343,0,0.0,140009.35025501248,0.0,140009.35025501248,40.009350255012485,0.0
2023-08-22,52.25025177001953,52.79466512312223,52.123672533851874,52.74919545824425,3359200,42.573107673734896,0,0.0,140009.35025501248,0.0,140009.35025501248,40.009350255012485,0.0
2023-08-23,53.198974609375,53.369793357747085,52.33012310575539,52.34855624401365,5698400,50.51548319441116,0,0.0,140009.35025501248,0.0,140009.35025501248,40.009350255012485,0.0
2023-08-24,51.96390914916992,53.834334765319234,51.95039276267424,53.834334765319234,7540000,42.31143566805885,0,0.0,140009.35025501248,0.0,140009.35025501248,40.009350255012485,0.0
2023-08-25,52.48620223999024,52.71969743950488,51.65913365787736,52.070824634865765,4685600,46.28438644660181,0,0.0,140009.35025501248,0.0,140009.35025501248,40.009350255012485,0.0
2023-08-28,52.88928985595703,53.01464271340316,52.50955215625043,52.87085671526927,2807200,49.19256192510497,0,0.0,140009.35025501248,0.0,140009.35025501248,40.009350255012485,0.0
2023-08-29,53.95476913452149,54.01006855529562,52.63858666432823,52.74058962439707,3804000,55.977217322077486,0,0.0,140009.35025501248,0.0,140009.35025501248,40.009350255012485,0.0
2023-08-30,54.39963150024414,54.46845104702161,53.788855209806144,53.94492744082218,3728800,58.470776345130645,0,0.0,140009.35025501248,0.0,140009.35025501248,40.009350255012485,0.0
2023-08-31,54.672462463378906,54.90227103362037,54.51638645549378,54.559399617124754,2633600,59.96838368427895,0,0.0,140009.35025501248,0.0,140009.35025501248,40.009350255012485,0.0
2023-09-01,54.8924446105957,55.18123924826886,54.63805600385618,55.03008373586977,3005600,61.18382867286241,0,0.0,140009.35025501248,0.0,140009.35025501248,40.009350255012485,0.0
2023-09-05,54.98583984375,55.128395722048325,54.48197939036804,54.72039135488948,2142400,61.71529945437746,0,0.0,140009.35025501248,0.0,140009.35025501248,40.009350255012485,0.0
2023-09-06,54.356632232666016,54.93299889696248,54.054317449918045,54.8064196535464,5174400,56.13854188111682,0,0.0,140009.35025501248,0.0,140009.35025501248,40.009350255012485,0.0
2023-09-07,53.54307556152344,53.64999152020209,53.09083170740446,53.33907340169724,4717600,49.864352340840725,0,0.0,140009.35025501248,0.0,140009.35025501248,40.009350255012485,0.0
2023-09-08,53.61189651489258,53.97197093122124,53.47179715132239,53.5615100990674,2540000,50.36966625742354,0,0.0,140009.35025501248,0.0,140009.35025501248,40.009350255012485,0.0
2023-09-11,53.86628341674805,54.099778598368665,53.41526594061586,54.07274207731464,2494400,52.28408369992507,0,0.0,140009.35025501248,0.0,140009.35025501248,40.009350255012485,0.0
2023-09-12,52.92247772216797,53.6782665571741,52.88192105885035,53.47303423918538,2743200,45.302079365325966,0,0.0,140009.35025501248,0.0,140009.35025501248,40.009350255012485,0.0
2023-09-13,52.99374771118164,53.25796605404223,52.71109622819303,52.88314512002891,2910400,45.889703076645134,0,0.0,140009.35025501248,0.0,140009.35025501248,40.009350255012485,0.0
2023-09-14,53.36487579345703,53.47179174411502,52.959331756398974,53.24813008600535,2732000,48.96440811767021,0,0.0,140009.35025501248,0.0,140009.35025501248,40.009350255012485,0.0
2023-09-15,52.39403533935547,53.198984191877,52.2182998056653,53.198984191877,4768000,42.20785017324175,0,0.0,140009.35025501248,0.0,140009.35025501248,40.009350255012485,0.0
2023-09-18,52.60663986206055,52.789748648746425,52.181428736039095,52.22690215154307,2419200,44.02929122574956,0,0.0,140009.35025501248,0.0,140009.35025501248,40.009350255012485,0.0
2023-09-19,52.51323318481445,52.64841578608442,52.05484246653946,52.40754735588429,3309600,43.382372566461285,0,0.0,140009.35025501248,0.0,140009.35025501248,40.009350255012485,0.0
2023-09-20,51.74024200439453,52.77376923846905,51.72795574448784,52.71846981773514,3230400,38.35939711873921,0,0.0,140009.35025501248,0.0,140009.35025501248,40.009350255012485,0.0
2023-09-21,50.88245391845703,51.47233690716437,50.86893378205398,51.25727485393373,4798400,33.6968124547803,0,0.0,140009.35025501248,0.0,140009.35025501248,40.009350255012485,0.0
2023-09-22,51.02378082275391,51.49568797454607,50.94512775559621,51.0790839949982,3599200,35.0965678204756,0,0.0,140009.35025501248,0.0,140009.35025501248,40.009350255012485,0.0
2023-09-25,51.22654724121094,51.32117318625126,50.77430340590391,50.881219360135184,8459200,37.1467906209317,0,0.0,140009.35025501248,0.0,140009.35025501248,40.009350255012485,0.0
2023-09-26,50.31222534179688,50.93037491635924,50.148779848091486,50.88490525835038,4268000,32.20637963701806,0,0.0,140009.35025501248,0.0,140009.35025501248,40.009350255012485,0.0
2023-09-27,50.467079162597656,50.7435875323031,49.95830196215493,50.55556199091879,4679200,33.81194823480966,0,0.0,140009.35025501248,0.0,140009.35025501248,40.009350255012485,0.0
2023-09-28,50.897010803222656,51.208597365579486,50.0028949660168,50.28122678603941,3564000,38.18887097589917,0,0.0,140009.35025501248,0.0,140009.35025501248,40.009350255012485,0.0
2023-09-29,51.09775924682617,51.70738695409204,50.94997333125546,51.39580037799888,4677600,40.178109577098354,0,0.0,140009.35025501248,0.0,140009.35025501248,40.009350255012485,0.0
2023-10-02,51.5682258605957,51.7726666408964,51.07313677765296,51.13594420259284,8020800,44.67203828907408,0,0.0,140009.35025501248,0.0,140009.35025501248,40.009350255012485,0.0
2023-10-03,50.587890625,51.57437408121552,50.3551224585727,51.23815840763933,5905600,38.22774607958855,0,0.0,140009.35025501248,0.0,140009.35025501248,40.009350255012485,0.0
2023-10-04,51.171653747558594,51.305894217326696,50.60882623271208,50.68395384001937,3691200,43.45838115507183,0,0.0,140009.35025501248,0.0,140009.35025501248,40.009350255012485,0.0
2023-10-05,51.21599578857422,51.307134395438375,50.647011854558365,51.202450341787205,3958400,43.8473323173448,0,0.0,140009.35025501248,0.0,140009.35025501248,40.009350255012485,0.0
2023-10-06,52.24312210083008,52.425391780487736,50.7406074638138,50.856375169868215,5261600,52.07184872229851,0,0.0,140009.35025501248,0.0,140009.35025501248,40.009350255012485,0.0
2023-10-09,52.483280181884766,52.57072047520238,51.64704428840945,51.84656150185307,3654400,53.77659573602272,0,0.0,140009.35025501248,0.0,140009.35025501248,40.009350255012485,0.0
2023-10-10,52.656925201416016,53.08058492703147,52.43401167676021,52.5288410670922,8475200,55.022303805323816,0,0.0,140009.35025501248,0.0,140009.35025501248,40.009350255012485,0.0
2023-10-11,53.07443237304688,53.09167237322357,52.589194208056185,52.83427507387739,2668800,57.95618648550408,0,0.0,140009.35025501248,0.0,140009.35025501248,40.009350255012485,0.0
2023-10-12,52.94880294799805,53.54365240600844,52.55593244919331,53.116298153003626,2935200,56.756485143403296,0,0.0,140009.35025501248,0.0,140009.35025501248,40.009350255012485,0.0
2023-10-13,52.10026550292969,53.137243888634046,51.943853926162696,53.0547309187104,7941600,49.32902695722348,0,0.0,140009.35025501248,0.0,140009.35025501248,40.009350255012485,0.0
2023-10-16,52.69879531860352,52.91431972412586,52.17045158070061,52.17045158070061,2080000,53.91070194298809,0,0.0,140009.35025501248,0.0,140009.35025501248,40.009350255012485,0.0
2023-10-17,52.47342300415039,52.76653681366745,51.66920918418561,51.97340665560278,3183200,52.00392193440712,0,0.0,140009.35025501248,0.0,140009.35025501248,40.009350255012485,0.0
2023-10-18,51.75418472290039,52.395830614725135,51.59407862379224,52.047294757200426,2546400,46.367584462015714,0,0.0,140009.35025501248,0.0,140009.35025501248,40.009350255012485,0.0
2023-10-19,51.38595199584961,52.28746084872893,51.31328992077013,52.00296888622613,3483200,43.75299815745006,0,0.0,140009.35025501248,0.0,140009.35025501248,40.009350255012485,0.0
2023-10-20,50.47951126098633,51.39702719273912,50.421627412956354,51.32313611733692,4617600,38.063215270325,0,0.0,140009.35025501248,0.0,140009.35025501248,40.009350255012485,0.0
2023-10-23,50.48814010620117,51.02140748565941,49.834177689518825,50.12482598206747,3157600,38.14567765269714,0,0.0,140009.35025501248,0.0,140009.35025501248,40.009350255012485,0.0
2023-10-24,50.93642425537109,50.99676988916327,50.36744039833759,50.740605379797714,3522400,42.4337357035395,0,0.0,140009.35025501248,0.0,140009.35025501248,40.009350255012485,0.0
2023-10-25,50.09527206420898,51.08052667845829,49.97334424995094,51.02387183205633,3272800,37.21974895232455,0,0.0,140009.35025501248,0.0,140009.35025501248,40.009350255012485,0.0
2023-10-26,49.20853805541992,50.40562248051319,48.9868572856962,50.15684706040566,4044800,32.66333982196228,0,0.0,140009.35025501248,0.0,140009.35025501248,40.009350255012485,0.0
2023-10-27,49.41297912597656,49.91792283614308,49.20977112608395,49.55091416206251,8012800,34.64969256130105,0,0.0,140009.35025501248,0.0,140009.35025501248,40.009350255012485,0.0
2023-10-30,49.84771728515625,50.049696251280594,49.441301328273305,49.67899306209608,2618400,38.78499243421804,0,0.0,140009.35025501248,0.0,140009.35025501248,40.009350255012485,0.0
2023-10-31,50.22334671020508,50.29354699546386,49.49549325466137,49.88589824614712,2146400,42.18896939134416,0,0.0,140009.35025501248,0.0,140009.35025501248,40.009350255012485,0.0
2023-11-01,51.04726791381836,51.08298444314046,50.300937902915805,50.300937902915805,3116800,48.90097178043263,0,0.0,140009.35025501248,0.0,140009.35025501248,40.009350255012485,0.0
2023-11-02,51.95739364624024,51.99064463064611,51.50663928761231,51.64334153750613,3441600,55.10206368131164,0,0.0,140009.35025501248,0.0,140009.35025501248,40.009350255012485,0.0
2023-11-03,52.69633483886719,52.895848263562094,51.86748818008973,51.95369944780979,2812000,59.40908960472399,0,0.0,140009.35025501248,0.0,140009.35025501248,40.009350255012485,0.0
2023-11-06,52.93526458740234,52.99314844238901,52.46357186819344,52.7788530226257,3851200,60.72115314553675,0,0.0,140009.35025501248,0.0,140009.35025501248,40.009350255012485,0.0
2023-11-07,53.5769157409668,53.72470544072234,53.02640455912729,53.10892128915457,3084800,64.0791912402946,0,0.0,140009.35025501248,0.0,140009.35025501248,40.009350255012485,0.0
2023-11-08,53.79982376098633,53.94268612044691,53.45005884994055,53.70252882269593,2946400,65.19248880495718,0,0.0,140009.35025501248,0.0,140009.35025501248,40.009350255012485,0.0
2023-11-09,53.47715377807617,54.30476774716587,53.42542626068714,53.97840293044885,2245600,62.18787654045372,0,0.0,140009.35025501248,0.0,140009.35025501248,40.009350255012485,0.0
2023-11-10,54.8897590637207,54.90823183356961,53.74563124407614,53.81829331111353,3232000,68.93743206921519,0,0.0,140009.35025501248,0.0,140009.35025501248,40.009350255012485,0.0
2023-11-13,54.61511993408203,54.7419713027448,54.34787175120938,54.681625666311824,4614400,66.4537837975461,0,0.0,140009.35025501248,0.0,140009.35025501248,40.009350255012485,0.0
2023-11-14,55.93658828735352,56.03388321344888,55.45011741532407,55.52524501905258,4656800,71.73120055050802,0,0.0,140009.35025501248,0.0,140009.35025501248,40.009350255012485,0.0
2023-11-15,56.00925827026367,56.356561403581225,55.792501065053074,56.1595097405214,3882400,71.99214060077902,0,0.0,140009.35025501248,0.0,140009.35025501248,40.009350255012485,0.0
2023-11-16,56.13364791870117,56.23217187110883,55.72476637515844,55.865163195261744,3135200,72.46073764623465,0,0.0,140009.35025501248,0.0,140009.35025501248,40.009350255012485,0.0
2023-11-17,56.15827178955078,56.31591235376821,55.88855807881547,56.062209629456525,7441600,72.55861504578401,0,0.0,140009.35025501248,0.0,140009.35025501248,40.009350255012485,0.0
2023-11-20,56.95017623901367,57.09057305419664,56.195224359153606,56.195224359153606,3585600,75.56622695823964,0,0.0,140009.35025501248,0.0,140009.35025501248,40.009350255012485,0.0
2023-11-21,56.47724151611328,56.7900608284361,56.28758275749649,56.724787877286765,9712800,70.59030104564943,0,0.0,140009.35025501248,0.0,140009.35025501248,40.009350255012485,0.0
2023-11-22,56.68415832519531,57.20018569392667,56.55607418195218,56.782682276337525,3091200,71.47530741134514,0,0.0,140009.35025501248,0.0,140009.35025501248,40.009350255012485,0.0
2023-11-24,56.62258529663086,56.65829807120599,56.40213351882572,56.58933054716329,1320000,70.79261792444623,0,0.0,140009.35025501248,0.0,140009.35025501248,40.009350255012485,0.0
2023-11-27,56.593017578125,56.91569158654342,56.404587803835724,56.53636649628872,3514400,70.44465959217575,0,0.0,140009.35025501248,0.0,140009.35025501248,40.009350255012485,0.0
2023-11-28,56.697696685791016,56.8664209042222,56.41813209656429,56.42675397478494,2889600,70.98833391012923,0,0.0,140009.35025501248,0.0,140009.35025501248,40.009350255012485,0.0
2023-11-29,56.91815185546875,57.47359027219762,56.84671880081906,57.168160029847485,2759200,72.1502354812393,0,0.0,140009.35025501248,0.0,140009.35025501248,40.009350255012485,0.0
2023-11-30,56.90214157104492,57.21618993756507,56.42798709421347,57.154611531702486,2573600,71.92494665091203,0,0.0,140009.35025501248,0.0,140009.35025501248,40.009350255012485,0.0
2023-12-01,57.22481536865234,57.26792100712147,56.5560747414999,56.786377392370426,3532000,73.70688734558072,0,0.0,140009.35025501248,0.0,140009.35025501248,40.009350255012485,0.0
2023-12-04,56.64228439331055,56.706324584504415,56.00802378499358,56.706324584504415,3263200,65.61058741786454,0,0.0,140009.35025501248,0.0,140009.35025501248,40.009350255012485,0.0
2023-12-05,56.94893646240234,57.00312575519553,56.37995264652112,56.37995264652112,7185600,67.62653511423788,0,0.0,140009.35025501248,0.0,140009.35025501248,40.009350255012485,0.0
2023-12-06,56.453857421875,57.29132230781753,56.41198079497473,57.25067845184019,2566400,61.37143708692987,0,0.0,140009.35025501248,0.0,140009.35025501248,40.009350255012485,0.0
2023-12-07,57.06348037719727,57.138607991591904,56.5252856765692,56.66198794235347,3070400,65.59180514348044,0,0.0,140009.35025501248,0.0,140009.35025501248,40.009350255012485,0.0
2023-12-08,57.57334899902344,57.623843743985255,56.89844830248097,56.93169928935684,2584000,68.67444123682236,0,0.0,140009.35025501248,0.0,140009.35025501248,40.009350255012485,0.0
2023-12-11,57.969913482666016,57.97853160317069,57.28023457698454,57.392307728021954,5588800,70.86106591425288,0,0.0,140009.35025501248,0.0,140009.35025501248,40.009350255012485,0.0
2023-12-12,58.31598663330078,58.32460475422016,57.6903478873429,57.79010461016982,2745600,72.65494433064268,0,0.0,140009.35025501248,0.0,140009.35025501248,40.009350255012485,0.0
2023-12-13,58.98964691162109,59.11772728078415,58.2839570767005,58.46007040313522,4744800,75.78059558347218,0,0.0,140009.35025501248,0.0,140009.35025501248,40.009350255012485,0.0
2023-12-14,59.10417556762695,59.48472959789176,58.60785385403212,59.12757565841368,4762400,76.27705999894616,0,0.0,140009.35025501248,0.0,140009.35025501248,40.009350255012485,0.0
2023-12-15,59.388671875,59.66823645621096,59.07215799895172,59.07215799895172,4424000,77.51032120942288,0,0.0,140009.35025501248,0.0,140009.35025501248,40.009350255012485,0.0
2023-12-18,59.52538299560547,59.66578357172138,59.1300506634834,59.343113310968,9959200,78.09950710716427,0,0.0,140009.35025501248,0.0,140009.35025501248,40.009350255012485,0.0
2023-12-19,59.82946395874024,59.82946395874024,59.523530499103536,59.54450330786052,3066400,79.39269144742923,0,0.0,140009.35025501248,0.0,140009.35025501248,40.009350255012485,0.0
2023-12-20,58.869720458984375,59.9935256005545,58.86355397939235,59.733238421682486,3177600,66.12175548452373,0,0.0,140009.35025501248,0.0,140009.35025501248,40.009350255012485,0.0
2023-12-21,59.60001754760742,59.69623797962242,59.057231762251085,59.45938565831785,3266400,70.20324819638535,0,0.0,140009.35025501248,0.0,140009.35025501248,40.009350255012485,0.0
2023-12-22,59.65798568725586,59.84179420938369,59.3730250672058,59.77271307510728,3160800,70.50698109400939,0,0.0,140009.35025501248,0.0,140009.35025501248,40.009350255012485,0.0
2023-12-26,59.952823638916016,60.086050479449845,59.74311061004328,59.778885982774725,2553600,72.06662355367055,0,0.0,140009.35025501248,0.0,140009.35025501248,40.009350255012485,0.0
2023-12-27,60.01080703735352,60.09345971156428,59.72831220610317,59.97996710535012,5111200,72.37600711770746,0,0.0,140009.35025501248,0.0,140009.35025501248,40.009350255012485,0.0
2023-12-28,60.05027770996094,60.17980390699262,59.995999133294,60.13292661217665,2564000,72.5984936801831,0,0.0,140009.35025501248,0.0,140009.35025501248,40.009350255012485,0.0
2023-12-29,59.70610427856445,60.15020002199415,59.44828291639107,60.07371759819457,4263200,67.49381065948714,0,0.0,140009.35025501248,0.0,140009.35025501248,40.009350255012485,0.0
2024-01-02,58.13819885253906,58.94250280747235,57.75824883706682,58.92523440566339,4973600,50.18277510299229,0,0.0,140009.35025501248,0.0,140009.35025501248,40.009350255012485,0.0
2024-01-03,57.359806060791016,57.83350695117623,57.3055274808327,57.58308686099405,11001600,44.13119957450015,0,0.0,140009.35025501248,0.0,140009.35025501248,40.009350255012485,0.0
2024-01-04,57.01439666748047,57.44615570399975,56.95888705014058,56.95888705014058,4190400,41.72657885862106,0,0.0,140009.35025501248,0.0,140009.35025501248,40.009350255012485,0.0
2024-01-05,57.0279655456543,57.485629049005375,56.804684755454886,57.020564263686126,3491200,41.860597711700464,0,0.0,140009.35025501248,0.0,140009.35025501248,40.009350255012485,0.0
2024-01-08,58.47991180419922,58.50335045346986,57.2648177419055,57.30429375800766,5165600,54.040902489120064,0,0.0,140009.35025501248,0.0,140009.35025501248,40.009350255012485,0.0
2024-01-09,58.583526611328125,58.734025610901696,57.91861971972335,58.06541807851395,2758400,54.76914884073597,0,0.0,140009.35025501248,0.0,140009.35025501248,40.009350255012485,0.0
2024-01-10,59.08066940307617,59.1929271992862,58.44783344134347,58.58352988536878,2900000,58.19216180836209,0,0.0,140009.35025501248,0.0,140009.35025501248,40.009350255012485,0.0
2024-01-11,59.28791809082031,59.58891613350908,58.45894431840036,59.35083275787155,5998400,59.565939520715126,0,0.0,140009.35025501248,0.0,140009.35025501248,40.009350255012485,0.0
2024-01-12,59.41991424560547,59.63702857656183,59.17442958592656,59.41127816093329,3599200,60.457151226973465,0,0.0,140009.35025501248,0.0,140009.35025501248,40.009350255012485,0.0
2024-01-16,59.50749588012695,59.73447730837288,58.954842990937,59.228701714134544,3924800,61.07027938639122,0,0.0,140009.35025501248,0.0,140009.35025501248,40.009350255012485,0.0
2024-01-17,59.181827545166016,59.206500995803744,58.45894137008864,59.01282532575359,3037600,57.50003001622443,0,0.0,140009.35025501248,0.0,140009.35025501248,40.009350255012485,0.0
2024-01-18,60.3327751159668,60.35374792651683,59.655531402682165,59.94789336055607,3996800,65.23524673728255,0,0.0,140009.35025501248,0.0,140009.35025501248,40.009350255012485,0.0
2024-01-19,61.64285659790039,61.65765916268034,60.57086027761798,60.72012449200261,6459200,71.57666438005688,0,0.0,140009.35025501248,0.0,140009.35025501248,40.009350255012485,0.0
2024-01-22,62.04500198364258,62.41878177421405,61.85873137160187,62.08571279830351,4952800,73.19311703484261,0,0.0,140009.35025501248,0.0,140009.35025501248,40.009350255012485,0.0
2024-01-23,62.30282211303711,62.35216901039893,61.8266554235412,62.157258553883,3875200,74.20592322999758,0,0.0,140009.35025501248,0.0,140009.35025501248,40.009350255012485,0.0
2024-01-24,62.601356506347656,63.2761343172206,62.53351016701931,62.75185551352384,5020800,75.36648599672094,0,0.0,140009.35025501248,0.0,140009.35025501248,40.009350255012485,0.0
2024-01-25,62.75062561035156,63.37852993950361,62.46319910021049,63.12810607731047,3732000,75.94917767062375,0,0.0,140009.35025501248,0.0,140009.35025501248,40.009350255012485,0.0
2024-01-26,62.09928894042969,62.68031222970687,62.016640027383616,62.43729716935569,3080800,68.35150133237347,0,0.0,140009.35025501248,0.0,140009.35025501248,40.009350255012485,0.0
2024-01-29,62.82463836669922,62.82587316859019,62.14986054432296,62.23991449564584,3292800,71.74173499707888,0,0.0,140009.35025501248,0.0,140009.35025501248,40.009350255012485,0.0
2024-01-30,62.22017288208008,62.90358674880012,62.0918777259727,62.79996127660283,5047200,65.44967397863245,0,0.0,140009.35025501248,0.0,140009.35025501248,40.009350255012485,0.0
2024-01-31,60.9286003112793,61.92658000340203,60.9286003112793,61.69466312534969,6492000,54.4590341869598,0,0.0,140009.35025501248,0.0,140009.35025501248,40.009350255012485,0.0
2024-02-01,61.71440505981445,61.81062549782746,61.12227986660216,61.237003511033016,3940000,58.97307024304401,0,0.0,140009.35025501248,0.0,140009.35025501248,40.009350255012485,0.0
2024-02-02,62.31639862060547,62.49156732046741,61.22342950847528,61.29868089771965,4120800,62.07446060949326,0,0.0,140009.35025501248,0.0,140009.35025501248,40.009350255012485,0.0
2024-02-05,62.346004486083984,62.59395873890971,61.751409705933966,62.53844535660423,3382400,62.22569636549021,0,0.0,140009.35025501248,0.0,140009.35025501248,40.009350255012485,0.0
2024-02-06,62.23991775512695,62.54708227087174,61.76004660975785,62.50267457615013,2948800,61.28266027455504,0,0.0,140009.35025501248,0.0,140009.35025501248,40.009350255012485,0.0
2024-02-07,63.04422378540039,63.05779531341507,62.38918391535943,62.68031107331532,3151200,65.54594058180724,0,0.0,140009.35025501248,0.0,140009.35025501248,40.009350255012485,0.0
2024-02-08,63.36371994018555,63.53025254193323,63.04421496888784,63.12563283166922,3168800,67.09588998654496,0,0.0,140009.35025501248,0.0,140009.35025501248,40.009350255012485,0.0
2024-02-09,64.32469940185547,64.40488623992441,63.63018350353103,63.73627106676027,4076000,71.28077048744566,0,0.0,140009.35025501248,0.0,140009.35025501248,40.009350255012485,0.0
2024-02-12,63.92377471923828,64.59485190887565,63.825088447378654,64.33702677671045,4206400,67.42771950295642,0,0.0,140009.35025501248,0.0,140009.35025501248,40.009350255012485,0.0
2024-02-13,62.67414093017578,63.1379746960342,62.19427356253185,62.4175543612873,7037600,57.07240702484816,0,0.0,140009.35025501248,0.0,140009.35025501248,40.009350255012485,0.0
2024-02-14,63.51175308227539,63.55616830670154,62.81724097447668,63.22186073257958,4721600,61.356386309958346,0,0.0,140009.35025501248,0.0,140009.35025501248,40.009350255012485,0.0
2024-02-15,63.4624137878418,63.67212683199968,63.059025066562114,63.66472554946613,2744800,60.97040652137311,0,0.0,140009.35025501248,0.0,140009.35025501248,40.009350255012485,0.0
2024-02-16,62.79010009765625,63.68075369913241,62.71114806653768,63.56356798367088,3134400,55.81764542966224,0,0.0,140009.35025501248,0.0,140009.35025501248,40.009350255012485,0.0
2024-02-20,62.04870223999024,62.56311391127158,61.40106373209834,62.4076794646928,4425600,50.72645347930091,0,0.0,140009.35025501248,0.0,140009.35025501248,40.009350255012485,0.0
2024-02-21,61.51948928833008,61.51948928833008,60.88171792698512,61.39859541646302,5080000,47.402799737350286,0,0.0,140009.35025501248,0.0,140009.35025501248,40.009350255012485,0.0
2024-02-22,63.5203971862793,63.67583166819385,62.95171057423676,63.09974377269258,5961600,58.4797972046664,0,0.0,140009.35025501248,0.0,140009.35025501248,40.009350255012485,0.0
2024-02-23,63.30574035644531,64.07920821205192,63.09973173175435,63.921304156022586,2765600,57.09071731196566,0,0.0,140009.35025501248,0.0,140009.35025501248,40.009350255012485,0.0
2024-02-26,63.47104263305664,63.77944191891378,63.35137979491876,63.60180362908889,2452000,57.91965047073362,0,0.0,140009.35025501248,0.0,140009.35025501248,40.009350255012485,0.0
2024-02-27,63.563568115234375,63.67705695440217,63.12317299204964,63.67705695440217,2236800,58.40403103522441,0,0.0,140009.35025501248,0.0,140009.35025501248,40.009350255012485,0.0
2024-02-28,63.26873016357422,63.431565888139104,63.03311266014464,63.34028090526471,2093600,56.18465053420893,0,0.0,140009.35025501248,0.0,140009.35025501248,40.009350255012485,0.0
2024-02-29,63.87443542480469,64.0274078230749,63.18732078712487,63.58701265906335,8284800,59.58262196786735,0,0.0,140009.35025501248,0.0,140009.35025501248,40.009350255012485,0.0
2024-03-01,65.05868530273438,65.1450386136056,64.05330056120197,64.05330056120197,3828000,65.25598004698475,0,0.0,140009.35025501248,0.0,140009.35025501248,40.009350255012485,0.0
2024-03-04,65.17958068847656,65.60146886173723,64.98590500663222,65.11790082276616,3336000,65.78400242109299,0,0.0,140009.35025501248,0.0,140009.35025501248,40.009350255012485,0.0
2024-03-05,63.6141357421875,64.538098785634,63.17744506976618,64.538098785634,4400000,54.28052692819471,0,0.0,140009.35025501248,0.0,140009.35025501248,40.009350255012485,0.0
2024-03-06,64.31977081298828,64.78113503135046,63.83866482002356,64.46656920331088,3140000,57.85780706763519,0,0.0,140009.35025501248,0.0,140009.35025501248,40.009350255012485,0.0
2024-03-07,65.40038299560547,65.53608319926666,64.51589594990327,64.87610420842599,2660800,62.6743309815431,0,0.0,140009.35025501248,0.0,140009.35025501248,40.009350255012485,0.0
2024-03-08,64.33087158203125,66.19853990997167,64.26055562455974,65.61381592911326,4772800,55.86846243302944,0,0.0,140009.35025501248,0.0,140009.35025501248,40.009350255012485,0.0
2024-03-11,64.05577087402344,64.30742199802691,63.66348785898275,63.95584979971383,2981600,54.236987603008096,0,0.0,140009.35025501248,0.0,140009.35025501248,40.009350255012485,0.0
2024-03-12,65.38065338134766,65.38065338134766,64.00889385991536,64.6910692148763,3055200,60.25636515201194,0,0.0,140009.35025501248,0.0,140009.35025501248,40.009350255012485,0.0
2024-03-13,64.68861389160156,65.23509661961148,64.46779514500018,65.14381161948208,3281600,56.105126334715045,0,0.0,140009.35025501248,0.0,140009.35025501248,40.009350255012485,0.0
2024-03-14,64.44558715820312,65.08089277073827,64.0212293916278,64.88721709376985,3201600,54.680454751594006,0,0.0,140009.35025501248,0.0,140009.35025501248,40.009350255012485,0.0
2024-03-15,63.59933471679688,63.96324738392015,63.37234952705559,63.62524296763111,3792000,49.9263114592069,0,0.0,140009.35025501248,0.0,140009.35025501248,40.009350255012485,0.0
2024-03-18,63.89786911010742,64.61582362619944,63.79425115561675,64.23094187953076,2567200,51.527400844781454,0,0.0,140009.35025501248,0.0,140009.35025501248,40.009350255012485,0.0
2024-03-19,64.16801452636719,64.27040518793565,63.065182246303465,63.49940704508614,2880800,52.9921534046548,0,0.0,140009.35025501248,0.0,140009.35025501248,40.009350255012485,0.0
2024-03-20,65.03770446777344,65.05004495667785,63.99408611141975,64.30248539483952,2555200,57.44994360879247,0,0.0,140009.35025501248,0.0,140009.35025501248,40.009350255012485,0.0
2024-03-21,65.22028350830078,65.86915682067013,65.13886187915293,65.86915682067013,2770400,58.34305945671,0,0.0,140009.35025501248,0.0,140009.35025501248,40.009350255012485,0.0
2024-03-22,65.32404327392578,65.55527602016411,64.98028098116308,65.18801912791581,2290400,58.87140046710397,0,0.0,140009.35025501248,0.0,140009.35025501248,40.009350255012485,0.0
2024-03-25,65.06065368652344,65.37967605583226,64.67113997750927,64.73296707117802,3000800,56.89860143212058,0,0.0,140009.35025501248,0.0,140009.35025501248,40.009350255012485,0.0
2024-03-26,64.77500915527344,65.42666155358582,64.6575361744906,65.36854771150243,2565600,54.75561635523526,0,0.0,140009.35025501248,0.0,140009.35025501248,40.009350255012485,0.0
2024-03-27,64.9283447265625,65.19667220781432,64.3632441679956,65.19667220781432,2699200,55.71973276229847,0,0.0,140009.35025501248,0.0,140009.35025501248,40.009350255012485,0.0
2024-03-28,64.83683013916016,65.05445513638831,64.65134888610383,64.82569794318611,2021600,54.96690064148634,0,0.0,140009.35025501248,0.0,140009.35025501248,40.009350255012485,0.0
2024-04-01,64.97037506103516,65.36359443516805,64.6377450256009,64.91968016965014,2817600,55.90320675684484,0,0.0,140009.35025501248,0.0,140009.35025501248,40.009350255012485,0.0
2024-04-02,64.23710632324219,64.36447374649045,63.628729893956894,64.14436569176112,3368000,49.78273059463784,0,0.0,140009.35025501248,0.0,140009.35025501248,40.009350255012485,0.0
2024-04-03,64.36942291259766,64.7379099726174,63.84760586914024,63.88964406601698,2297600,50.82888162625835,0,0.0,140009.35025501248,0.0,140009.35025501248,40.009350255012485,0.0
2024-04-04,63.32949066162109,65.26467403058227,63.29857334330953,65.08166826116478,3272000,43.2098543457724,0,0.0,140009.35025501248,0.0,140009.35025501248,40.009350255012485,0.0
2024-04-05,64.09986114501953,64.42383452676737,63.40244968544279,63.67201492040267,5892000,49.27561207876213,0,0.0,140009.35025501248,0.0,140009.35025501248,40.009350255012485,0.0
2024-04-08,64.00711822509766,64.31625369648319,63.7993800939969,64.20867515622123,1700000,48.60257778170916,0,0.0,140009.35025501248,0.0,140009.35025501248,40.009350255012485,0.0
2024-04-09,64.15178680419922,64.42754075656862,63.39749932827884,64.30883002725811,2108000,49.75542687772892,0,0.0,140009.35025501248,0.0,140009.35025501248,40.009350255012485,0.0
2024-04-10,63.56814956665039,63.75857430660762,63.24664791055003,63.31836568199958,3272000,45.337280948893095,0,0.0,140009.35025501248,0.0,140009.35025501248,40.009350255012485,0.0
2024-04-11,64.7947998046875,64.93823535369268,63.50756292325224,63.83029856895388,3924800,54.485066057719095,0,0.0,140009.35025501248,0.0,140009.35025501248,40.009350255012485,0.0
2024-04-12,63.642333984375,64.37065893339795,63.495185204752815,64.12582606624179,3587200,46.59538234930661,0,0.0,140009.35025501248,0.0,140009.35025501248,40.009350255012485,0.0
2024-04-15,62.431758880615234,64.18269869615294,62.29573853196621,64.15426065072586,4416800,40.03706131475053,0,0.0,140009.35025501248,0.0,140009.35025501248,40.009350255012485,0.0
2024-04-16,62.46885681152344,62.865785681066434,62.225257920848826,62.46514733699037,4464800,40.314305646628256,0,0.0,140009.35025501248,0.0,140009.35025501248,40.009350255012485,0.0
2024-04-17,61.541446685791016,62.904114336409,61.48951027187184,62.80272078081834,3184000,35.85162836670237,0,0.0,140009.35025501248,0.0,140009.35025501248,40.009350255012485,0.0
2024-04-18,60.95780563354492,61.78629020836135,60.86259326662777,61.56123867896477,4317600,33.34963547897962,0,0.0,140009.35025501248,0.0,140009.35025501248,40.009350255012485,0.0
2024-04-19,59.34164810180664,60.90092948080609,59.13761943245761,60.67711568719649,9088000,27.604726244030644,1,2359.0,22.40238285061787,139986.94787216187,140009.35025501248,40.009350255012485,0.0
2024-04-22,60.152809143066406,60.42114036423416,59.2699202924881,59.87211552325231,8456000,33.77133191885784,0,2359.0,22.40238285061787,141900.47676849365,141922.87915134427,41.922879151344276,1.3667150749907098
2024-04-23,61.14081573486328,61.28425127442492,60.32469732640613,60.42114744362939,4154400,40.427430391196566,0,2359.0,22.40238285061787,144231.18431854248,144253.5867013931,44.2535867013931,1.6422352505711224
2024-04-24,61.23849487304688,61.8802603689002,60.94667281969506,61.67499397734079,4116000,41.05813248060514,0,2359.0,22.40238285061787,144461.6094055176,144484.01178836823,44.48401178836823,0.15973612320094865
2024-04-25,61.26322555541992,61.46849194140711,60.219584003045846,60.426088138359326,3838400,41.22778836753607,0,2359.0,22.40238285061787,144519.9490852356,144542.3514680862,44.5423514680862,0.04037794839435449
2024-04-26,62.31429290771485,62.67165155508668,61.62801366159465,61.82709509646459,2915200,48.06924820830479,0,2359.0,22.40238285061787,146999.41696929935,147021.81935214996,47.021819352149976,1.7153919656628824
2024-04-29,62.56159973144531,62.692672867898345,62.174561521991485,62.57643763011904,3152000,49.55712448915885,0,2359.0,22.40238285061787,147582.8137664795,147605.2161493301,47.60521614933011,0.3968096706671753
2024-04-30,61.17543411254883,62.56901536908208,61.16801516360464,62.33407318072181,2376800,42.250199039115294,0,2359.0,22.40238285061787,144312.8490715027,144335.2514543533,44.33525145435331,-2.215344945309139
2024-05-01,60.51264953613281,61.901287429512166,60.28512628245258,60.84898907931802,3247200,39.26881241370732,0,2359.0,22.40238285061787,142749.3402557373,142771.74263858792,42.77174263858792,-1.0832480631107977
2024-05-02,61.33988952636719,61.50558566743173,60.38527914788083,61.23972994687016,2541600,44.53008552674191,0,2359.0,22.40238285061787,144700.7993927002,144723.2017755508,44.723201775550805,1.366838494016842
2024-05-03,62.99686050415039,63.20336465503879,62.66052096749246,62.66423044212512,3508000,53.26382618898414,0,2359.0,22.40238285061787,148609.59392929077,148631.9963121414,48.63199631214139,2.700876216553505
2024-05-06,63.90818405151367,63.942803293057054,63.2355050936937,63.2416862924781,2282400,57.25054622928218,0,2359.0,22.40238285061787,150759.40617752075,150781.80856037137,50.781808560371374,1.4463993632401806
2024-05-07,63.641090393066406,64.05162314850618,63.629965744081794,64.00463395951145,1946400,55.74954994083258,0,2359.0,22.40238285061787,150129.33223724365,150151.73462009427,50.15173462009428,-0.4178713243281118
2024-05-08,63.73383712768555,63.7981397182075,63.268899963927446,63.390082422227415,1691200,56.17918544616136,0,2359.0,22.40238285061787,150348.1217842102,150370.52416706082,50.37052416706083,0.14571230064048812
2024-05-09,63.67077255249024,63.74744509003025,63.30970444849853,63.69921814693736,3096000,55.78258550804369,0,2359.0,22.40238285061787,150199.3524513245,150221.7548341751,50.2217548341751,-0.09893516944878833
2024-05-10,63.83772277832031,64.32120741193464,63.67202281842268,63.99476603796733,1828800,56.65495975059302,0,2359.0,22.40238285061787,150593.18803405762,150615.59041690824,50.61559041690824,0.2621694728355939
2024-05-13,64.1493148803711,64.3978534260414,63.9588826255245,64.30264484586979,2197600,58.30823031386428,0,2359.0,22.40238285061787,151328.2338027954,151350.63618564603,51.35063618564604,0.4880276780797832
2024-05-14,64.80962371826172,64.86279410629997,64.12210682708425,64.12210682708425,1821600,61.64673659846034,0,2359.0,22.40238285061787,152885.9023513794,152908.30473423,52.90830473423001,1.0291787255346296
2024-05-15,66.2934799194336,66.31697451607003,65.21768701896626,65.26343846285,2849600,67.87268706260018,0,2359.0,22.40238285061787,156386.31912994385,156408.72151279447,56.40872151279446,2.2892260722192415
2024-05-16,66.01278686523438,66.55810607416116,66.01278686523438,66.39858733748393,2904800,65.70001906767622,0,2359.0,22.40238285061787,155724.1642150879,155746.5665979385,55.74656659793851,-0.42334910000642045
2024-05-17,65.8520278930664,66.23040935809344,65.48848432492265,66.20320906289133,2498400,64.42797819840561,0,2359.0,22.40238285061787,155344.93379974365,155367.33618259427,55.367336182594265,-0.24349199062809745
2024-05-20,66.68671417236328,66.81160613245245,65.96210231061798,66.00414806295402,2975200,67.90282106032313,0,2359.0,22.40238285061787,157313.95873260498,157336.3611154556,57.33636111545559,1.2673351949262113
2024-05-21,66.74976348876953,66.81900952859739,66.2464900638277,66.3948765912452,2180000,68.15586611388576,0,2359.0,22.40238285061787,157462.69207000732,157485.09445285794,57.48509445285794,0.09453208168022087
2024-05-22,66.76583099365234,67.04405286840966,66.34911705612927,66.87712276245583,3800800,68.22461640361234,0,2359.0,22.40238285061787,157500.59531402588,157522.9976968765,57.5229976968765,0.024067829498553017
2024-05-23,66.77078247070312,67.9182968970074,66.4876171122509,67.89727779939581,4152800,68.24736716033176,0,2359.0,22.40238285061787,157512.27584838867,157534.6782312393,57.5346782312393,0.00741512955795276
2024-05-24,67.41997528076172,67.50405922888368,66.73369599823073,66.9191772933609,2293600,71.1626701835678,-1,0.0,159066.1240701675,0.0,159066.1240701675,59.06612407016751,0.9721325209934184
2024-05-28,67.9999008178711,68.23484676586894,67.57082445951667,67.97022502386122,2983200,73.50303375406719,0,0.0,159066.1240701675,0.0,159066.1240701675,59.06612407016751,0.0
2024-05-29,67.76248931884766,67.98630307839392,67.29260495345935,67.407602432947,2500000,70.96393171467552,0,0.0,159066.1240701675,0.0,159066.1240701675,59.06612407016751,0.0
2024-05-30,66.16487884521484,67.25055858982753,65.89160039826153,67.18378805155815,4374400,56.7557477433546,0,0.0,159066.1240701675,0.0,159066.1240701675,59.06612407016751,0.0
2024-05-31,66.10675048828125,66.40970469808141,64.62785152416075,66.40970469808141,4368000,56.31395481277293,0,0.0,159066.1240701675,0.0,159066.1240701675,59.06612407016751,0.0
2024-06-03,66.45423126220703,66.77326117884782,65.56268940152374,66.7695479305455,3090400,58.39865543464538,0,0.0,159066.1240701675,0.0,159066.1240701675,59.06612407016751,0.0
2024-06-04,66.49504852294922,66.6137592763753,66.00537515572705,66.4023078695002,2493600,58.64828284586736,0,0.0,159066.1240701675,0.0,159066.1240701675,59.06612407016751,0.0
2024-06-05,68.18909454345703,68.24474043021321,66.9995420146102,67.14297753309671,3935200,67.39325426231395,0,0.0,159066.1240701675,0.0,159066.1240701675,59.06612407016751,0.0
2024-06-06,67.99620819091797,68.50194963012105,67.75631874687872,68.3832464312584,3062400,65.68982566152863,0,0.0,159066.1240701675,0.0,159066.1240701675,59.06612407016751,0.0
2024-06-07,67.9912338256836,68.21876079072965,67.60419571835976,67.88613081327004,2336800,65.64374468152553,0,0.0,159066.1240701675,0.0,159066.1240701675,59.06612407016751,0.0
2024-06-10,68.22618103027344,68.42650016055599,67.63882378533678,67.70436411113641,2583200,66.827387241067,0,0.0,159066.1240701675,0.0,159066.1240701675,59.06612407016751,0.0
2024-06-11,69.18326568603516,69.18326568603516,67.98753205624759,68.08892937445906,3842400,71.1828171392794,0,0.0,159066.1240701675,0.0,159066.1240701675,59.06612407016751,0.0
2024-06-12,70.67083740234375,71.39173581766356,69.93509354236497,70.01175852805163,3524800,76.37485718776158,0,0.0,159066.1240701675,0.0,159066.1240701675,59.06612407016751,0.0
2024-06-13,71.3694839477539,71.73797855172533,70.8921806042954,71.59453547045383,3267200,78.3479595979905,0,0.0,159066.1240701675,0.0,159066.1240701675,59.06612407016751,0.0
2024-06-14,71.64646911621094,71.68851486055118,71.11228967034593,71.27921980377216,3114400,79.09344864401612,0,0.0,159066.1240701675,0.0,159066.1240701675,59.06612407016751,0.0
2024-06-17,72.51947021484375,72.79151094615148,71.52405548068072,71.83072300836075,3341600,81.281044122574,0,0.0,159066.1240701675,0.0,159066.1240701675,59.06612407016751,0.0
2024-06-18,72.81005096435547,72.9782188280937,72.42301279954873,72.58623721338351,3729600,81.95776816955113,0,0.0,159066.1240701675,0.0,159066.1240701675,59.06612407016751,0.0
2024-06-20,71.8121566772461,73.33928260361287,71.49807781361051,73.30218786338054,4934400,72.29227024303736,0,0.0,159066.1240701675,0.0,159066.1240701675,59.06612407016751,0.0
2024-06-21,71.4399642944336,71.98528345125065,70.944109828205,71.60318871667295,3844800,69.02267837798797,0,0.0,159066.1240701675,0.0,159066.1240701675,59.06612407016751,0.0
2024-06-24,70.12924194335938,71.22357854989164,70.1045095949159,71.04427845774288,4210400,58.91690582818797,0,0.0,159066.1240701675,0.0,159066.1240701675,59.06612407016751,0.0
2024-06-25,71.13330078125,71.15184437885252,70.28874066626673,70.52244886462219,2475200,63.34433803289703,0,0.0,159066.1240701675,0.0,159066.1240701675,59.06612407016751,0.0
2024-06-26,71.27550506591797,71.46593734001988,70.83282852005664,71.11970713336068,4517600,63.937109794463815,0,0.0,159066.1240701675,0.0,159066.1240701675,59.06612407016751,0.0
2024-06-27,71.4177017211914,71.68602915535014,71.17781233085205,71.25571506129354,3978400,64.55437313311623,0,0.0,159066.1240701675,0.0,159066.1240701675,59.06612407016751,0.0
2024-06-28,71.39196014404297,72.5706980095462,71.31890446880129,71.85131839002308,3043200,64.3396794330158,0,0.0,159066.1240701675,0.0,159066.1240701675,59.06612407016751,0.0
2024-07-01,72.09275817871094,72.19676823101653,70.68990342178733,71.57025181989319,4725600,67.50788944143093,0,0.0,159066.1240701675,0.0,159066.1240701675,59.06612407016751,0.0
2024-07-02,72.57194519042969,72.57194519042969,71.62969540466159,71.6816966620674,2933600,69.50306777276295,0,0.0,159066.1240701675,0.0,159066.1240701675,59.06612407016751,0.0
2024-07-03,73.41018676757812,73.4250442685417,72.48898392172022,72.50755201931305,3024000,72.66512504825035,0,0.0,159066.1240701675,0.0,159066.1240701675,59.06612407016751,0.0
2024-07-05,73.78410339355469,73.9735478481257,73.29626200708897,73.47951709640174,4101600,73.9620380011052,0,0.0,159066.1240701675,0.0,159066.1240701675,59.06612407016751,0.0
2024-07-08,74.27937316894531,74.35490760784108,73.85715870504659,74.04040623624665,3916800,75.6125257056744,0,0.0,159066.1240701675,0.0,159066.1240701675,59.06612407016751,0.0
2024-07-09,74.12088775634766,74.66815911678138,73.76181390048994,74.57405658588227,3110400,73.99613445756981,0,0.0,159066.1240701675,0.0,159066.1240701675,59.06612407016751,0.0
2024-07-10,75.13867950439453,75.17335204692766,74.28186414807837,74.56045364414229,3171200,77.34549323070372,0,0.0,159066.1240701675,0.0,159066.1240701675,59.06612407016751,0.0
2024-07-11,73.69124603271484,75.34792537310929,73.36684467258122,75.34792537310929,5791200,64.60186278274453,0,0.0,159066.1240701675,0.0,159066.1240701675,59.06612407016751,0.0
2024-07-12,74.37720489501953,75.0359151776157,73.67144333815051,73.86335903204046,5523200,67.34759088240946,0,0.0,159066.1240701675,0.0,159066.1240701675,59.06612407016751,0.0
2024-07-15,74.75856018066406,75.4234597859154,74.38833937684444,74.97152272841227,4791200,68.79667748733664,0,0.0,159066.1240701675,0.0,159066.1240701675,59.06612407016751,0.0
2024-07-16,74.84894561767578,75.08048382311584,74.20138227320982,75.00371754950594,3372800,69.1461729395535,0,0.0,159066.1240701675,0.0,159066.1240701675,59.06612407016751,0.0
2024-07-17,72.1521987915039,73.30741865380278,72.05686441652173,73.17617235254907,6105600,50.84697027567583,0,0.0,159066.1240701675,0.0,159066.1240701675,59.06612407016751,0.0
2024-07-18,71.77703094482422,72.79109692083986,71.05889070930729,72.72175939928422,9515200,48.90781581047526,0,0.0,159066.1240701675,0.0,159066.1240701675,59.06612407016751,0.0
2024-07-19,70.9251708984375,71.9082825615956,70.77163834342731,71.58016302657728,3268800,44.735941388747925,0,0.0,159066.1240701675,0.0,159066.1240701675,59.06612407016751,0.0
2024-07-22,72.3379135131836,72.37382543369431,71.3845245729585,71.78073462525978,3532800,52.0421510999688,0,0.0,159066.1240701675,0.0,159066.1240701675,59.06612407016751,0.0
2024-07-23,72.2042007446289,72.78861590005934,71.9738943790656,72.12123755246635,3251200,51.35018331776341,0,0.0,159066.1240701675,0.0,159066.1240701675,59.06612407016751,0.0
2024-07-24,69.3700180053711,71.56654001394442,69.15704790117911,71.37957431444087,5790400,39.39383523199236,0,0.0,159066.1240701675,0.0,159066.1240701675,59.06612407016751,0.0
2024-07-25,68.71749114990234,70.3568340709724,67.76038404203194,69.27714881508814,5316000,37.24370551918104,0,0.0,159066.1240701675,0.0,159066.1240701675,59.06612407016751,0.0
2024-07-26,69.53097534179688,70.07081798601666,69.13228650261023,69.71299104980753,3784000,41.52837173842766,0,0.0,159066.1240701675,0.0,159066.1240701675,59.06612407016751,0.0
2024-07-29,69.27466583251953,70.32959356351725,69.08027141146063,70.07576914878703,3352800,40.58808872825061,0,0.0,159066.1240701675,0.0,159066.1240701675,59.06612407016751,0.0
2024-07-30,67.95230102539062,69.68203591767927,67.38274338774627,69.5470714794619,3631200,36.05262383527989,0,0.0,159066.1240701675,0.0,159066.1240701675,59.06612407016751,0.0
2024-07-31,70.32960510253906,70.68124269908371,69.33906474031468,69.78604426503486,3399200,47.42649439074573,0,0.0,159066.1240701675,0.0,159066.1240701675,59.06612407016751,0.0
2024-08-01,67.7876205444336,70.87563011955594,67.22920226148173,70.25654245459334,5325600,39.36418173449118,0,0.0,159066.1240701675,0.0,159066.1240701675,59.06612407016751,0.0
2024-08-02,66.124755859375,66.74013296417627,65.28279809711567,66.23743405304786,6441600,35.15416273172352,0,0.0,159066.1240701675,0.0,159066.1240701675,59.06612407016751,0.0
2024-08-05,63.81060028076172,65.01039244562368,61.18071715957136,61.29834532420925,11225600,30.29776982681864,0,0.0,159066.1240701675,0.0,159066.1240701675,59.06612407016751,0.0
2024-08-06,64.44454956054688,65.63320245600303,63.55554054732407,64.35788332999323,5969600,33.02726140485187,0,0.0,159066.1240701675,0.0,159066.1240701675,59.06612407016751,0.0
2024-08-07,63.69546127319336,66.26962541440783,63.59145876334701,65.69016018787907,5260000,31.45960277844992,0,0.0,159066.1240701675,0.0,159066.1240701675,59.06612407016751,0.0
2024-08-08,65.90188598632812,66.04798977737376,63.89480093254163,64.88163066090917,3280000,40.4288448328108,0,0.0,159066.1240701675,0.0,159066.1240701675,59.06612407016751,0.0
2024-08-09,66.32164001464844,66.56803575123938,65.48463209531748,65.76817158866663,3380800,41.984256780498,0,0.0,159066.1240701675,0.0,159066.1240701675,59.06612407016751,0.0
2024-08-12,66.66585540771484,67.20446638354204,66.18049263853099,66.49746532249951,3022400,43.29185684793043,0,0.0,159066.1240701675,0.0,159066.1240701675,59.06612407016751,0.0
2024-08-13,68.5924301147461,68.60976638198785,67.33815798130472,67.33815798130472,4967200,50.074400707000734,0,0.0,159066.1240701675,0.0,159066.1240701675,59.06612407016751,0.0
2024-08-14,68.8945541381836,69.23134177990431,68.08974012062072,68.97503856282907,3368800,51.06288469295034,0,0.0,159066.1240701675,0.0,159066.1240701675,59.06612407016751,0.0
2024-08-15,70.74810791015625,70.8100166818327,69.70927690769174,69.77737504509122,3487200,56.72395476395507,0,0.0,159066.1240701675,0.0,159066.1240701675,59.06612407016751,0.0
2024-08-16,70.91154479980469,71.06631672206727,70.23921647636274,70.4843727829154,3006400,57.19416568712485,0,0.0,159066.1240701675,0.0,159066.1240701675,59.06612407016751,0.0
2024-08-19,71.89959716796875,71.89959716796875,70.43359438199512,70.82362259926792,4008800,60.02216303769471,0,0.0,159066.1240701675,0.0,159066.1240701675,59.06612407016751,0.0
2024-08-20,71.6594009399414,72.11009859716756,71.2829983407016,71.7671215946599,3181600,59.00166724376058,0,0.0,159066.1240701675,0.0,159066.1240701675,59.06612407016751,0.0
2024-08-21,72.06676483154297,72.30202120188116,71.51454338941794,71.67674407931734,2658400,60.23643677042129,0,0.0,159066.1240701675,0.0,159066.1240701675,59.06612407016751,0.0
2024-08-22,70.55866241455078,72.57812621495957,70.4905642781423,72.43821178842904,4973600,53.77893023550898,0,0.0,159066.1240701675,0.0,159066.1240701675,59.06612407016751,0.0
2024-08-23,71.81541442871094,72.0766676310862,71.00812162886906,71.27557175418177,3362400,57.8354746366236,0,0.0,159066.1240701675,0.0,159066.1240701675,59.06612407016751,0.0
2024-08-26,71.13565826416016,72.01228104023407,70.75429811011425,71.85750910921807,2830400,55.0226294494744,0,0.0,159066.1240701675,0.0,159066.1240701675,59.06612407016751,0.0
2024-08-27,71.46748352050781,71.58263292249146,70.34816815484523,70.63790451519509,2420000,56.14393042627063,0,0.0,159066.1240701675,0.0,159066.1240701675,59.06612407016751,0.0
2024-08-28,70.52523803710938,71.48358461613526,69.99034534149008,71.3634776689973,2856800,52.166869679153976,0,0.0,159066.1240701675,0.0,159066.1240701675,59.06612407016751,0.0
2024-08-29,70.33702850341797,71.69035326351185,70.18349596810597,70.72457799524068,3172000,51.38389330647321,0,0.0,159066.1240701675,0.0,159066.1240701675,59.06612407016751,0.0
2024-08-30,71.06754302978516,71.26813437810311,70.26396848096456,70.95487240430678,2256000,54.2538811338049,0,0.0,159066.1240701675,0.0,159066.1240701675,59.06612407016751,0.0
2024-09-03,67.93744659423828,70.47075619328226,67.55608645350391,70.47075619328226,4990400,42.63888094012494,0,0.0,159066.1240701675,0.0,159066.1240701675,59.06612407016751,0.0
2024-09-04,67.79134368896484,68.33985449363861,66.97291154936137,67.25769038476625,3815200,42.1849065864671,0,0.0,159066.1240701675,0.0,159066.1240701675,59.06612407016751,0.0
2024-09-05,67.64027404785156,68.42033051307907,67.25149275688442,67.36292399675827,2816000,41.69063340925427,0,0.0,159066.1240701675,0.0,159066.1240701675,59.06612407016751,0.0
2024-09-06,66.01580047607422,67.80868372428256,65.73102162485442,67.68981615665695,5536800,36.70969810802575,0,0.0,159066.1240701675,0.0,159066.1240701675,59.06612407016751,0.0
2024-09-09,66.90727996826172,67.01500061782158,66.10494476954754,66.6695524199802,2603200,40.88379336378888,0,0.0,159066.1240701675,0.0,159066.1240701675,59.06612407016751,0.0
2024-09-10,67.58580780029297,67.64524536422131,66.53955553068141,67.12397074920732,4584800,43.915644772076895,0,0.0,159066.1240701675,0.0,159066.1240701675,59.06612407016751,0.0
2024-09-11,69.53345489501953,69.62878926007869,66.78470404831778,67.81238809915408,3863200,51.59033287398369,0,0.0,159066.1240701675,0.0,159066.1240701675,59.06612407016751,0.0
2024-09-12,70.06835174560547,70.35313058769016,68.9849482267439,69.5334590442836,3340000,53.47339573106363,0,0.0,159066.1240701675,0.0,159066.1240701675,59.06612407016751,0.0
2024-09-13,70.48189544677734,70.6960973732323,70.01139030497805,70.22312101953804,2504800,54.93297492639565,0,0.0,159066.1240701675,0.0,159066.1240701675,59.06612407016751,0.0
2024-09-16,70.06835174560547,70.25159929391292,69.45297461713602,69.84795288801564,2271200,53.137768863549056,0,0.0,159066.1240701675,0.0,159066.1240701675,59.06612407016751,0.0
2024-09-17,70.03244018554688,70.69981857037382,69.64118006644772,70.58590854439153,2005600,52.975865157442826,0,0.0,159066.1240701675,0.0,159066.1240701675,59.06612407016751,0.0
2024-09-18,69.70927429199219,70.9462102945186,69.62136111891006,70.23425944695384,3574400,51.456474561851934,0,0.0,159066.1240701675,0.0,159066.1240701675,59.06612407016751,0.0
2024-09-19,71.77084350585938,72.1905792429826,71.31023830534222,71.56159155099351,4102400,59.44694019389925,0,0.0,159066.1240701675,0.0,159066.1240701675,59.06612407016751,0.0
2024-09-20,71.51949310302734,71.90580325702383,71.02794105371893,71.60864566937768,2511200,58.18931744037367,0,0.0,159066.1240701675,0.0,159066.1240701675,59.06612407016751,0.0
2024-09-23,71.49472045898438,71.65321053461037,71.30652294070696,71.61606678476764,3056000,58.05895048547268,0,0.0,159066.1240701675,0.0,159066.1240701675,59.06612407016751,0.0
2024-09-24,72.13981628417969,72.15591316948175,71.01060088718198,71.8030286346555,2599200,60.538293810837686,0,0.0,159066.1240701675,0.0,159066.1240701675,59.06612407016751,0.0
2024-09-25,72.18810272216797,72.55335840994333,71.90208451445395,71.90208451445395,2404000,60.72544572016128,0,0.0,159066.1240701675,0.0,159066.1240701675,59.06612407016751,0.0
2024-09-26,73.08329772949219,73.57856785387672,72.32181689036203,73.5067515698187,3957600,64.12260900953595,0,0.0,159066.1240701675,0.0,159066.1240701675,59.06612407016751,0.0
2024-09-27,72.54100036621094,73.24909367669294,72.15780556514018,73.24909367669294,2637600,60.69745455227217,0,0.0,159066.1240701675,0.0,159066.1240701675,59.06612407016751,0.0
2024-09-30,72.73446655273438,72.77538446998248,71.86391250719076,72.20866450401225,4309600,61.4878046544664,0,0.0,159066.1240701675,0.0,159066.1240701675,59.06612407016751,0.0
2024-10-01,70.90654754638672,72.54595856669759,70.46878795816394,72.54595856669759,4868000,51.04357366000517,0,0.0,159066.1240701675,0.0,159066.1240701675,59.06612407016751,0.0
2024-10-02,71.35298919677734,71.69649987148075,70.44151725800744,70.86810507808244,2304000,53.13724144402779,0,0.0,159066.1240701675,0.0,159066.1240701675,59.06612407016751,0.0
2024-10-03,71.63324737548828,72.1751712957861,71.12728368515967,71.16076885825665,2632800,54.454060200250495,0,0.0,159066.1240701675,0.0,159066.1240701675,59.06612407016751,0.0
2024-10-04,72.5509262084961,72.66129710537223,71.71014097068982,72.66129710537223,2838400,58.560192911185794,0,0.0,159066.1240701675,0.0,159066.1240701675,59.06612407016751,0.0
2024-10-07,72.03009796142578,72.69974859359118,71.90856280153882,72.20370772429104,2870400,55.50189609221363,0,0.0,159066.1240701675,0.0,159066.1240701675,59.06612407016751,0.0
2024-10-08,73.34334564208984,73.45247521462781,72.39714728843664,72.50503554803966,2664000,61.02853022739403,0,0.0,159066.1240701675,0.0,159066.1240701675,59.06612407016751,0.0
2024-10-09,74.16429901123047,74.23126936375367,73.23670513211383,73.3669143290461,3749600,64.03563229355944,0,0.0,159066.1240701675,0.0,159066.1240701675,59.06612407016751,0.0
2024-10-10,74.23127746582031,74.35652142424627,73.441325437716,73.65958462579668,4060800,64.27781366379563,0,0.0,159066.1240701675,0.0,159066.1240701675,59.06612407016751,0.0
2024-10-11,74.46068572998047,74.61197454277745,74.0030877834492,74.04525458233313,2566400,65.14359752063017,0,0.0,159066.1240701675,0.0,159066.1240701675,59.06612407016751,0.0
2024-10-14,75.38331604003906,75.57553032364277,74.92199419040874,74.94679774257922,3144000,68.45495415970669,0,0.0,159066.1240701675,0.0,159066.1240701675,59.06612407016751,0.0
2024-10-15,74.024169921875,75.65366584253388,73.75258726843185,75.50361076869228,3642400,59.48923923984766,0,0.0,159066.1240701675,0.0,159066.1240701675,59.06612407016751,0.0
2024-10-16,74.2982406616211,74.41356925320491,73.46861202114655,74.29204166467241,2238400,60.609584321137824,0,0.0,159066.1240701675,0.0,159066.1240701675,59.06612407016751,0.0
2024-10-17,74.59089660644531,75.39200525141213,74.55989405535657,75.3014726553251,3032000,61.82368521191557,0,0.0,159066.1240701675,0.0,159066.1240701675,59.06612407016751,0.0
2024-10-18,74.84760284423828,75.10182226365691,74.72607525921474,75.10182226365691,2437600,62.903769745448166,0,0.0,159066.1240701675,0.0,159066.1240701675,59.06612407016751,0.0
2024-10-21,75.26551055908203,75.27419218144999,74.51029267187171,74.63306156010911,2782400,64.65683403942975,0,0.0,159066.1240701675,0.0,159066.1240701675,59.06612407016751,0.0
2024-10-22,75.21343231201172,75.44533079498107,74.66530931308256,74.90836447611905,3076800,64.24936225675557,0,0.0,159066.1240701675,0.0,159066.1240701675,59.06612407016751,0.0
2024-10-23,74.04525756835938,75.01129435266853,73.36940042878264,74.90216476537259,3583200,55.76056081657932,0,0.0,159066.1240701675,0.0,159066.1240701675,59.06612407016751,0.0
2024-10-24,74.29698944091797,74.46688280716404,73.82575220091466,74.35527817002165,2189600,57.076652708589705,0,0.0,159066.1240701675,0.0,159066.1240701675,59.06612407016751,0.0
2024-10-25,74.64918518066406,75.47013212624124,74.52517497657105,74.64297861527366,3286400,58.91809352630693,0,0.0,159066.1240701675,0.0,159066.1240701675,59.06612407016751,0.0
2024-10-28,74.80171203613281,75.19482224658927,74.76202786428186,75.19482224658927,2640800,59.72395046843764,0,0.0,159066.1240701675,0.0,159066.1240701675,59.06612407016751,0.0
2024-10-29,75.68590545654297,75.90044067843996,74.59461722065929,74.90216009167673,3360000,64.11804237500041,0,0.0,159066.1240701675,0.0,159066.1240701675,59.06612407016751,0.0
2024-10-30,74.6938247680664,75.4031594808144,74.61197379722198,75.18118394706605,3105600,56.65000286947377,0,0.0,159066.1240701675,0.0,159066.1240701675,59.06612407016751,0.0
2024-10-31,72.21112823486328,73.88030802721651,72.17392669366274,73.88030802721651,5942400,43.11600292203262,0,0.0,159066.1240701675,0.0,159066.1240701675,59.06612407016751,0.0
2024-11-01,72.72826385498047,73.29003373652942,72.29795206158487,72.34259392040157,3328800,46.00941168562915,0,0.0,159066.1240701675,0.0,159066.1240701675,59.06612407016751,0.0
2024-11-04,72.65757751464844,73.2143820886376,72.34011171280477,72.78158771175896,2911200,45.66747756570516,0,0.0,159066.1240701675,0.0,159066.1240701675,59.06612407016751,0.0
2024-11-05,73.7104263305664,73.74390393844715,72.8373896578564,72.8373896578564,2513600,51.45455679820915,0,0.0,159066.1240701675,0.0,159066.1240701675,59.06612407016751,0.0
2024-11-06,76.01949310302734,76.16210029011866,75.07205336856693,75.26923291481796,5134400,61.21228862030194,0,0.0,159066.1240701675,0.0,159066.1240701675,59.06612407016751,0.0
2024-11-07,77.57706451416016,77.59690281652206,76.57630125586635,76.6197017998355,4264000,66.15426351784481,0,0.0,159066.1240701675,0.0,159066.1240701675,59.06612407016751,0.0
2024-11-08,77.44064331054688,77.686188645051,77.14798106511867,77.547297831323,3446400,65.36867584422734,0,0.0,159066.1240701675,0.0,159066.1240701675,59.06612407016751,0.0
2024-11-11,77.12442016601562,77.61674458759616,76.66186454987864,77.61674458759616,3454400,63.48669162673559,0,0.0,159066.1240701675,0.0,159066.1240701675,59.06612407016751,0.0
2024-11-12,77.25960540771484,77.39601361688571,76.6606339487904,77.13311256609552,3238400,63.96432999158865,0,0.0,159066.1240701675,0.0,159066.1240701675,59.06612407016751,0.0
2024-11-13,76.94832611083984,77.58449901764541,76.7883556838876,77.13434140361383,5676800,61.95464706240364,0,0.0,159066.1240701675,0.0,159066.1240701675,59.06612407016751,0.0
2024-11-14,76.63582611083984,77.21371792020592,76.47461435383018,77.04629959759468,2884800,59.91928906263042,0,0.0,159066.1240701675,0.0,159066.1240701675,59.06612407016751,0.0
2024-11-15,74.77195739746094,75.85208147900532,74.44456862753773,75.85208147900532,4911200,49.47849792400618,0,0.0,159066.1240701675,0.0,159066.1240701675,59.06612407016751,0.0
2024-11-18,74.99144744873047,75.30643821321888,74.39372492201838,74.77195453303939,3436800,50.57077978185438,0,0.0,159066.1240701675,0.0,159066.1240701675,59.06612407016751,0.0
2024-11-19,75.91532897949219,75.94881415863848,74.5301370377235,74.60702276325878,3312800,54.98266658308108,0,0.0,159066.1240701675,0.0,159066.1240701675,59.06612407016751,0.0
2024-11-20,75.99593353271484,76.01577183484845,74.93440649748715,76.01329677769557,3030400,55.357054151535806,0,0.0,159066.1240701675,0.0,159066.1240701675,59.06612407016751,0.0
2024-11-21,76.79705047607422,77.29060871546943,75.58422692608447,76.83176940080901,3704000,59.0061200288973,0,0.0,159066.1240701675,0.0,159066.1240701675,59.06612407016751,0.0
2024-11-22,77.08226776123047,77.13930761317113,76.51678151145086,76.7511550538265,4295200,60.25181238184975,0,0.0,159066.1240701675,0.0,159066.1240701675,59.06612407016751,0.0
2024-11-25,77.04630279541016,77.82509056904745,76.76232213142173,77.68744104866327,5583200,60.0042059284222,0,0.0,159066.1240701675,0.0,159066.1240701675,59.06612407016751,0.0
2024-11-26,77.27943420410156,77.65643005619837,77.03141380413554,77.34019799105613,2852800,61.11960014069453,0,0.0,159066.1240701675,0.0,159066.1240701675,59.06612407016751,0.0
2024-11-27,76.48453521728516,76.98677503354466,75.70823012324794,76.98677503354466,3337600,55.44218988638627,0,0.0,159066.1240701675,0.0,159066.1240701675,59.06612407016751,0.0
2024-11-29,77.16534423828125,77.3637575237159,76.62093766285695,76.70030600462347,1688800,58.95852886509372,0,0.0,159066.1240701675,0.0,159066.1240701675,59.06612407016751,0.0
2024-12-02,77.9242935180664,78.20951548165466,77.27323992838386,77.3253220962434,3457600,62.51034499530154,0,0.0,159066.1240701675,0.0,159066.1240701675,59.06612407016751,0.0
2024-12-03,78.32855987548828,78.3508808022541,77.50637167919683,77.71719052396057,2440800,64.28345829846594,0,0.0,159066.1240701675,0.0,159066.1240701675,59.06612407016751,0.0
2024-12-04,79.9158935546875,79.9357394256345,79.18423790438563,79.33428540463478,3933600,70.23599093752698,0,0.0,159066.1240701675,0.0,159066.1240701675,59.06612407016751,0.0
2024-12-05,79.51658630371094,79.96053738811584,79.44093432620511,79.93697514639742,3452000,67.20183989288515,0,0.0,159066.1240701675,0.0,159066.1240701675,59.06612407016751,0.0
2024-12-06,79.92953491210938,80.17135632597726,79.6579522600391,79.73732060790033,2700800,68.70738189610287,0,0.0,159066.1240701675,0.0,159066.1240701675,59.06612407016751,0.0
2024-12-09,79.33303833007812,79.8749622678621,79.13958273179577,79.69886991315185,5318400,64.12818833166449,0,0.0,159066.1240701675,0.0,159066.1240701675,59.06612407016751,0.0
2024-12-10,78.19463348388672,79.36033244198191,77.92801608372501,79.19539674952135,4460800,56.40218344914735,0,0.0,159066.1240701675,0.0,159066.1240701675,59.06612407016751,0.0
2024-12-11,79.39132690429688,79.63190698096675,78.5666560950004,78.91760705976213,3643200,61.63475137747871,0,0.0,159066.1240701675,0.0,159066.1240701675,59.06612407016751,0.0
2024-12-12,79.04657745361328,79.35908557134145,78.73531064888908,78.96597536715505,2456000,59.422146653978174,0,0.0,159066.1240701675,0.0,159066.1240701675,59.06612407016751,0.0
2024-12-13,79.41986083984375,80.13540220026695,78.80849139005251,79.90597876183305,2840000,61.05248484959962,0,0.0,159066.1240701675,0.0,159066.1240701675,59.06612407016751,0.0
2024-12-16,80.35488891601562,80.44045626024118,79.3938098270829,79.57610876433833,3426400,64.86094477082369,0,0.0,159066.1240701675,0.0,159066.1240701675,59.06612407016751,0.0
2024-12-17,79.8600845336914,80.08454268832202,79.31072026725255,79.79932074797654,3439200,61.43725050628226,0,0.0,159066.1240701675,0.0,159066.1240701675,59.06612407016751,0.0
2024-12-18,77.13563537597656,80.39732068652269,76.87117399522286,80.15768524087555,8525600,46.7915797553117,0,0.0,159066.1240701675,0.0,159066.1240701675,59.06612407016751,0.0
2024-12-19,77.20144653320312,78.18852008541216,77.10087723260071,77.9960735939045,6925600,47.11950774558937,0,0.0,159066.1240701675,0.0,159066.1240701675,59.06612407016751,0.0
2024-12-20,78.42070770263672,79.0154390430468,76.47139389068025,76.65267024636258,5290400,52.909919578573685,0,0.0,159066.1240701675,0.0,159066.1240701675,59.06612407016751,0.0
2024-12-23,79.14579772949219,79.15821069890308,78.16120978644592,78.72862192603098,3564000,55.995858917254864,0,0.0,159066.1240701675,0.0,159066.1240701675,59.06612407016751,0.0
2024-12-24,80.0149154663086,80.0149154663086,79.32830701206977,79.43632560845316,3484000,59.427931525014486,0,0.0,159066.1240701675,0.0,159066.1240701675,59.06612407016751,0.0
2024-12-26,80.15398406982422,80.36132917888892,79.4425495886651,79.78646768685901,3670400,59.9659871877244,0,0.0,159066.1240701675,0.0,159066.1240701675,59.06612407016751,0.0
2024-12-27,78.9036865234375,79.6970708077813,78.13017208448646,79.6970708077813,4839200,53.14243558665911,0,0.0,159066.1240701675,0.0,159066.1240701675,59.06612407016751,0.0
2024-12-30,77.91909790039062,78.57342357402068,77.23001136480211,77.74527085622165,3900000,48.46547133090325,0,0.0,159066.1240701675,0.0,159066.1240701675,59.06612407016751,0.0
2024-12-31,77.20269012451172,78.17610790478375,76.95934136303774,78.15872368521407,5552000,45.33879631622198,0,0.0,159066.1240701675,0.0,159066.1240701675,59.06612407016751,0.0
2025-01-02,77.14559173583984,78.12148769420914,76.39566034973177,77.84833412900839,7610400,45.0891240257188,0,0.0,159066.1240701675,0.0,159066.1240701675,59.06612407016751,0.0
2025-01-03,78.58086395263672,78.63052340381618,77.54412344637878,77.60744625639794,3756800,52.21284134042808,0,0.0,159066.1240701675,0.0,159066.1240701675,59.06612407016751,0.0
2025-01-06,79.65857696533203,80.429605735111,79.37797414563381,79.58656204160965,5167200,56.750037659302166,0,0.0,159066.1240701675,0.0,159066.1240701675,59.06612407016751,0.0
2025-01-07,77.90667724609375,80.18626077177319,77.61241863087645,80.17508303658273,5126400,48.66177720356598,0,0.0,159066.1240701675,0.0,159066.1240701675,59.06612407016751,0.0
2025-01-08,77.82349395751953,78.07057116874557,76.96679442212839,78.07057116874557,3906400,48.30970246729086,0,0.0,159066.1240701675,0.0,159066.1240701675,59.06612407016751,0.0
2025-01-10,76.16471862792969,77.12447310279045,75.63331013513756,77.12447310279045,6786400,41.81298170949162,0,0.0,159066.1240701675,0.0,159066.1240701675,59.06612407016751,0.0
2025-01-13,75.54143524169922,75.59234509229879,74.5767170650281,74.87593937091138,6135200,39.65503440577344,0,0.0,159066.1240701675,0.0,159066.1240701675,59.06612407016751,0.0
2025-01-14,75.7214584350586,76.44158491792442,75.15777476436493,76.21934124651517,3345600,40.60844934976988,0,0.0,159066.1240701675,0.0,159066.1240701675,59.06612407016751,0.0
2025-01-15,77.40010833740234,77.60248975442155,76.63155759338085,76.9307798749282,5856800,48.7410099415205,0,0.0,159066.1240701675,0.0,159066.1240701675,59.06612407016751,0.0
2025-01-16,76.75074768066406,78.07926129002044,76.72839978846234,78.07554043038292,3017600,46.11065440214631,0,0.0,159066.1240701675,0.0,159066.1240701675,59.06612407016751,0.0
2025-01-17,77.90667724609375,78.26302344396558,77.53668284410122,78.23074062911043,3728800,51.16306264714532,0,0.0,159066.1240701675,0.0,159066.1240701675,59.06612407016751,0.0
2025-01-21,78.54361724853516,78.71744428925686,77.50315578559116,78.2133549649144,4209600,53.73690557716185,0,0.0,159066.1240701675,0.0,159066.1240701675,59.06612407016751,0.0
2025-01-22,80.11673736572266,80.25703879253317,79.3841902271214,79.46241164483438,6322400,59.42469438416878,0,0.0,159066.1240701675,0.0,159066.1240701675,59.06612407016751,0.0
2025-01-23,80.24958801269531,80.24958801269531,79.37177579089064,79.54683807893751,3655200,59.87336537793874,0,0.0,159066.1240701675,0.0,159066.1240701675,59.06612407016751,0.0
2025-01-24,79.47855377197266,80.55005534493293,79.26003092547364,80.55005534493293,3360800,56.002831658453154,0,0.0,159066.1240701675,0.0,159066.1240701675,59.06612407016751,0.0
2025-01-27,75.33781433105469,76.59554825757016,74.64872021464798,75.8183129623933,12632000,40.76269155082755,0,0.0,159066.1240701675,0.0,159066.1240701675,59.06612407016751,0.0
2025-01-28,77.68815612792969,77.80238120576034,75.09072347837304,75.89155699193435,4972800,49.2112781597887,0,0.0,159066.1240701675,0.0,159066.1240701675,59.06612407016751,0.0
2025-01-29,76.95935821533203,77.39143270531868,76.15852448658362,77.39143270531868,4616000,46.97406351567786,0,0.0,159066.1240701675,0.0,159066.1240701675,59.06612407016751,0.0
2025-01-30,76.966796875,77.33306285934398,76.15478552114695,76.80911122983262,4323200,47.00054770249141,0,0.0,159066.1240701675,0.0,159066.1240701675,59.06612407016751,0.0
2025-01-31,76.55830383300781,78.25433385513196,76.32861084010064,77.78624818090266,5211200,45.65210119122924,0,0.0,159066.1240701675,0.0,159066.1240701675,59.06612407016751,0.0
2025-02-03,75.47065734863281,75.90273932683337,74.26506852866737,74.68348714669997,7942400,42.18197332229094,0,0.0,159066.1240701675,0.0,159066.1240701675,59.06612407016751,0.0
2025-02-04,76.4825668334961,76.5595454341239,75.52156956013377,75.61344675584273,3393600,46.27373163723802,0,0.0,159066.1240701675,0.0,159066.1240701675,59.06612407016751,0.0
2025-02-05,77.56150817871094,77.60124028679277,76.42047751272335,76.58064117938547,5761600,50.31151759588488,0,0.0,159066.1240701675,0.0,159066.1240701675,59.06612407016751,0.0
2025-02-06,77.85205841064453,78.01594296288876,77.29954482424044,77.65588346363877,2661600,51.37139707409887,0,0.0,159066.1240701675,0.0,159066.1240701675,59.06612407016751,0.0
2025-02-07,77.10957336425781,78.46912700118513,76.82773529223661,78.1040962654913,3814400,48.52300599780886,0,0.0,159066.1240701675,0.0,159066.1240701675,59.06612407016751,0.0
2025-02-10,78.07926177978516,78.33255304924457,77.65587948163329,77.65587948163329,3560800,52.24699289455669,0,0.0,159066.1240701675,0.0,159066.1240701675,59.06612407016751,0.0
2025-02-11,77.97745513916016,78.40705153046117,77.61863844576794,77.64470719960158,2773600,51.823108906199415,0,0.0,159066.1240701675,0.0,159066.1240701675,59.06612407016751,0.0
2025-02-12,77.87564086914062,77.91785860856092,76.80166128766815,76.97300271439455,3887200,51.37421046089748,0,0.0,159066.1240701675,0.0,159066.1240701675,59.06612407016751,0.0
2025-02-13,79.08373260498047,79.10980136127299,78.02216586436282,78.11031463564031,3339200,56.22011846655657,0,0.0,159066.1240701675,0.0,159066.1240701675,59.06612407016751,0.0
2025-02-14,79.4462661743164,79.49096195983117,78.84160752287137,78.96576753471841,2726400,57.586114857774746,0,0.0,159066.1240701675,0.0,159066.1240701675,59.06612407016751,0.0
2025-02-18,79.97146606445312,80.0534159216228,79.43633667994817,79.8274437752438,3441600,59.55491574950862,0,0.0,159066.1240701675,0.0,159066.1240701675,59.06612407016751,0.0
2025-02-19,79.91683197021484,80.24089536894203,79.30845244321212,79.94042267620455,2620800,59.24682219914635,0,0.0,159066.1240701675,0.0,159066.1240701675,59.06612407016751,0.0
2025-02-20,79.6498794555664,79.95903663003664,78.7298496505921,79.95903663003664,3352000,57.6767461243068,0,0.0,159066.1240701675,0.0,159066.1240701675,59.06612407016751,0.0
2025-02-21,77.49323272705078,79.80757719990218,77.46094991100632,79.80757719990218,4851200,46.87029689944731,0,0.0,159066.1240701675,0.0,159066.1240701675,59.06612407016751,0.0
2025-02-24,76.36336517333984,78.00724997128708,76.14981360664098,77.74775223180981,4652800,42.38932727575132,0,0.0,159066.1240701675,0.0,159066.1240701675,59.06612407016751,0.0
2025-02-25,75.2347640991211,76.22183775360065,74.63258346753557,76.21314564300292,6432000,38.4364348229966,0,0.0,159066.1240701675,0.0,159066.1240701675,59.06612407016751,0.0
2025-02-26,75.79595947265625,76.6042423695096,75.28318559101756,75.80341634843445,4005600,41.36447863971787,0,0.0,159066.1240701675,0.0,159066.1240701675,59.06612407016751,0.0
2025-02-27,73.12651062011719,76.48752268617876,73.09919905796916,76.48752268617876,7045600,33.26085258490056,0,0.0,159066.1240701675,0.0,159066.1240701675,59.06612407016751,0.0
2025-02-28,74.30728149414062,74.30728149414062,72.17297058653419,72.78507853580328,7008800,38.957422258104906,0,0.0,159066.1240701675,0.0,159066.1240701675,59.06612407016751,0.0
2025-03-03,71.8091812133789,74.74308284156893,71.26908820377264,74.61147353473812,7939200,32.61470767248417,0,0.0,159066.1240701675,0.0,159066.1240701675,59.06612407016751,0.0
2025-03-04,71.78932189941406,73.08803080108149,70.24477101591143,71.02946321692531,9321600,32.56931010606152,0,0.0,159066.1240701675,0.0,159066.1240701675,59.06612407016751,0.0
2025-03-05,72.87198638916016,73.02718639195236,71.04683284069894,71.96313426343406,5182400,37.66350760176623,0,0.0,159066.1240701675,0.0,159066.1240701675,59.06612407016751,0.0
2025-03-06,70.62965393066406,72.3852781034145,70.30932659530704,71.3038418036245,6288800,32.23225866382131,0,0.0,159066.1240701675,0.0,159066.1240701675,59.06612407016751,0.0
2025-03-07,71.50001525878906,71.64280228337907,69.54449534999998,70.62344600279971,6768000,36.08496780665972,0,0.0,159066.1240701675,0.0,159066.1240701675,59.06612407016751,0.0
2025-03-10,68.29669952392578,70.0361825252707,67.53435522241277,70.01506986672864,11074400,29.449070601730284,1,2329.0,3.110878944367869,159063.01319122314,159066.1240701675,59.06612407016751,0.0
2025-03-11,68.08562469482422,69.27010847283944,67.34687111300036,68.03595765912361,7833600,29.06972449935415,0,2329.0,3.110878944367869,158571.4199142456,158574.53079318997,58.57453079318997,-0.3090496357104233
2025-03-12,69.09008026123047,69.81020678660026,68.2880038874455,69.34087832238271,6600000,33.46221982310922,0,2329.0,3.110878944367869,160910.79692840576,160913.90780735013,60.91390780735013,1.4752539405026743
2025-03-13,67.84600067138672,69.07642311779132,67.54304992375073,68.99199521476177,6982400,30.909116606464536,0,2329.0,3.110878944367869,158013.33556365967,158016.44644260404,58.01644644260404,-1.8006283013243363
2025-03-14,69.9033203125,70.0076104650202,68.7374561354456,68.7374561354456,5034400,39.17407442772938,0,2329.0,3.110878944367869,162804.8330078125,162807.94388675687,62.80794388675688,3.0322776850276956
2025-03-17,70.3180160522461,70.86928677954472,69.64755656972096,69.873528689005,3984000,40.71360191256957,0,2329.0,3.110878944367869,163770.65938568115,163773.77026462552,63.77377026462552,0.5932304989616721
2025-03-18,69.31977081298828,69.96167590515257,69.01309924378097,69.82013926143199,4282400,38.20673648625568,0,2329.0,3.110878944367869,161445.7462234497,161448.85710239407,61.44885710239407,-1.4195882273912663
2025-03-19,70.2596664428711,71.07291298554433,69.40544497538554,69.65376499318656,4726400,41.83800099937013,0,2329.0,3.110878944367869,163634.76314544678,163637.87402439115,63.63787402439114,1.3558577999773336
2025-03-20,69.8660888671875,70.64705267922426,69.45511949655467,69.6190040572175,4427200,40.75790100804826,0,2329.0,3.110878944367869,162718.1209716797,162721.23185062406,62.72123185062406,-0.5601650468952335
2025-03-21,70.10198211669922,70.16158407521073,68.73995043110594,69.00565467386889,3026400,41.72889411534187,0,2329.0,3.110878944367869,163267.51634979248,163270.62722873685,63.27062722873684,0.3376298051978477
2025-03-24,71.4404296875,71.67012267383295,71.1039533336178,71.22935615571735,4049600,47.03354881659345,0,2329.0,3.110878944367869,166384.7607421875,166387.87162113187,66.38787162113186,1.9092499644947525
2025-03-25,71.74114990234375,71.85551988555328,71.40797989021964,71.53851175654707,2626400,48.17508170324379,0,2329.0,3.110878944367869,167085.1381225586,167088.24900150296,67.08824900150296,0.42093054833098886
2025-03-26,70.015625,71.59942890522038,69.71974871136115,71.5049463810851,4086400,42.51327077216339,0,2329.0,3.110878944367869,163066.390625,163069.50150394437,63.069501503944366,-2.405164648964897
2025-03-27,69.27468872070312,69.86644128799911,68.90919493429907,69.60164438214827,3712800,40.32188880966636,0,2329.0,3.110878944367869,161340.75003051758,161343.86090946195,61.34386090946195,-1.0582239956382522
2025-03-28,67.53424072265625,69.17150015155806,67.27317699523954,68.94151580063088,6380000,35.67064219488448,0,2329.0,3.110878944367869,157287.2466430664,157290.35752201077,57.29035752201077,-2.512338160623162
2025-03-31,67.42733764648438,67.52430136723919,65.50290484949565,66.23512928149817,7151200,35.40052512035912,0,2329.0,3.110878944367869,157038.2693786621,157041.38025760648,57.04138025760648,-0.1582914988094264
2025-04-01,67.99423217773438,68.07006405222522,66.60311867227836,67.13146819044388,3972000,38.07833939543224,0,2329.0,3.110878944367869,158358.56674194336,158361.67762088773,58.36167762088773,0.8407321440472959
2025-04-02,68.55364227294922,69.14912036436081,66.99470355977795,67.01334663207243,3593600,40.69101028463373,0,2329.0,3.110878944367869,159661.43285369873,159664.5437326431,59.6645437326431,0.8227155277265918
2025-04-03,63.58840560913086,65.37858076694668,63.47403183198791,65.08270448964464,14137600,28.99650021310346,0,2329.0,3.110878944367869,148097.39666366577,148100.50754261014,48.100507542610146,-7.242707691819694
2025-04-04,59.49836349487305,61.91012252941366,59.21367532296639,61.445176236905695,22274400,23.10569021268863,0,2329.0,3.110878944367869,138571.68857955933,138574.7994585037,38.57479945850368,-6.431921295992716
2025-04-07,59.66743469238281,62.57397886124897,56.067200444525575,56.87153493525171,21929600,23.79488201713696,0,2329.0,3.110878944367869,138965.45539855957,138968.56627750394,38.96856627750394,0.2841547096145369
2025-04-08,58.4752311706543,62.84250624745184,57.3750203618508,62.10778925030333,12530400,22.27853701349396,0,2329.0,3.110878944367869,136188.81339645386,136191.92427539823,36.191924275398236,-1.9980360138141529
2025-04-09,66.35820770263672,66.8691508751886,58.492635993378414,58.51749722039535,16810400,46.53811542759632,0,2329.0,3.110878944367869,154548.26573944092,154551.3766183853,54.55137661838529,13.480573419215226
2025-04-10,63.37333679199219,64.59910943439205,61.19653973445197,64.15529500556437,9768800,41.2835229832399,0,2329.0,3.110878944367869,147596.5013885498,147599.61226749417,47.599612267494166,-4.498028101073636
2025-04-11,64.66252136230469,64.9061788630183,62.561552086875245,63.01406971354309,5773600,44.213303701898674,0,2329.0,3.110878944367869,150599.01225280762,150602.12313175199,50.60212313175199,2.0342267964880367
2025-04-14,65.11875915527344,66.81693312181123,64.47976528821053,66.69510438158322,6408800,45.25438655854388,0,2329.0,3.110878944367869,151661.59007263184,151664.7009515762,51.6647009515762,0.7055530146109712
2025-04-15,65.36489868164062,65.87460500836501,65.05908247334439,65.20328744155276,5141600,45.841599030990416,0,2329.0,3.110878944367869,152234.84902954102,152237.95990848538,52.23795990848539,0.3779778375010423
2025-04-16,63.122215270996094,64.27588539802414,62.00211329951494,63.62197029198681,6376000,41.47627047678282,0,2329.0,3.110878944367869,147011.6393661499,147014.75024509427,47.01475024509427,-3.4309509051033915
2025-04-17,62.84623718261719,63.53122794764632,62.45214896582977,63.53122794764632,4116000,40.95937607860197,0,2329.0,3.110878944367869,146368.88639831543,146371.9972772598,46.3719972772598,-0.43720304715201275
2025-04-21,61.13314056396485,61.91882820222972,60.27659102865075,61.83802257286623,6149600,37.80948973843259,0,2329.0,3.110878944367869,142379.08437347415,142382.19525241852,42.38219525241851,-2.725795984927182
2025-04-22,62.63738632202149,63.03892950348988,61.667707341535,61.94742177542863,5444000,42.02548664286851,0,2329.0,3.110878944367869,145882.47274398807,145885.58362293243,45.88558362293242,2.4605522932857005
2025-04-23,64.50586700439453,65.85222769565023,64.30074008794772,65.14112762800777,5252000,46.84572854054161,0,2329.0,3.110878944367869,150234.16425323486,150237.27513217923,50.237275132179235,2.9829482812328667
2025-04-24,66.93131256103516,67.00465564995824,65.02055285290459,65.08395600322957,4780800,52.38055093827726,0,2329.0,3.110878944367869,155883.02695465088,155886.13783359525,55.88613783359524,3.759960832919873
2025-04-25,67.94573211669922,68.10983213691077,66.68639516037098,66.77715210038811,4045600,54.51386746466748,0,2329.0,3.110878944367869,158245.61009979248,158248.72097873685,58.248720978736856,1.5155825771138165
2025-04-28,67.81645202636719,68.21550641222164,66.83061499635994,67.90969016702317,3423200,54.18073684262909,0,2329.0,3.110878944367869,157944.51676940918,157947.62764835355,57.94762764835355,-0.19026588557625734
2025-04-29,68.14464569091797,68.464135012295,67.46586935922117,67.56407745988575,2860000,54.93364708430084,0,2329.0,3.110878944367869,158708.87981414795,158711.99069309232,58.71199069309232,0.4839344889943531
2025-04-30,68.30625915527344,68.5176004452921,66.28609956547811,66.8219077439389,3406400,55.32297129898321,0,2329.0,3.110878944367869,159085.27757263184,159088.3884515762,59.0883884515762,0.2371577325948504
2025-05-01,69.51213073730469,70.64341691277939,69.47234822816272,69.95967068661082,4720800,58.22301349349255,0,2329.0,3.110878944367869,161893.75248718262,161896.86336612699,61.896863366126986,1.7653550594647127
2025-05-02,70.55516052246094,70.8846049759997,69.99697608789174,70.26052861562712,4380000,60.60501125321399,0,2329.0,3.110878944367869,164322.96885681152,164326.0797357559,64.32607973575588,1.500471546589055
2025-05-05,70.0777816772461,70.61234545096447,69.89751977078305,69.94476103144892,4140000,58.94837478541702,0,2329.0,3.110878944367869,163211.15352630615,163214.26440525052,63.21426440525053,-0.676590917457065
2025-05-06,69.48477935791016,70.07777626093034,68.85573311147908,69.0645856009308,3520800,56.86881797859903,0,2329.0,3.110878944367869,161830.05112457275,161833.16200351712,61.83316200351712,-0.8461897658063822
2025-05-07,70.17849731445312,70.50669744857016,68.99623626814426,69.6277715102651,3141600,58.704157880789694,0,2329.0,3.110878944367869,163445.72024536133,163448.8311243057,63.448831124305705,0.9983547876012411
2025-05-08,71.00767517089844,71.6988802299939,70.39105758346342,71.03005141239657,5876000,60.84863537734625,0,2329.0,3.110878944367869,165376.87547302246,165379.98635196683,65.37998635196682,1.1815044588434187
2025-05-09,71.01016998291016,71.55219255700149,70.61235239552832,71.44776250006474,4076000,60.85522201564171,0,2329.0,3.110878944367869,165382.68589019775,165385.79676914212,65.38579676914212,0.003513373838925915
2025-05-12,74.36549377441406,74.40403190012596,73.34733303437648,74.11561435800449,6219200,68.52473233568361,0,2329.0,3.110878944367869,173197.23500061035,173200.34587955472,73.20034587955473,4.725042454111539
2025-05-13,76.01891326904297,76.23646891238201,74.59050628767223,74.67131570457934,7194400,71.48913686503414,-1,0.0,177051.15988254544,0.0,177051.15988254544,77.05115988254545,2.2233292799938242
2025-05-14,76.55845642089844,76.82325333152599,76.08480699823515,76.3520850994689,5814400,72.40254501822484,0,0.0,177051.15988254544,0.0,177051.15988254544,77.05115988254545,0.0
2025-05-15,76.52364349365234,76.91400230493818,75.85979222437196,76.14696537545728,8249600,72.24172442347417,0,0.0,177051.15988254544,0.0,177051.15988254544,77.05115988254545,0.0
2025-05-16,76.66785430908203,76.70017048797541,75.98534480561158,76.70017048797541,3166400,72.51408236662232,0,0.0,177051.15988254544,0.0,177051.15988254544,77.05115988254545,0.0
2025-05-19,76.46522521972656,76.62559209500895,75.46073749554824,75.48311373946628,4616000,71.45322248491317,0,0.0,177051.15988254544,0.0,177051.15988254544,77.05115988254545,0.0
2025-05-20,76.19669342041016,76.2252916101182,75.63353899166482,75.97043461995801,2764800,69.99184726465063,0,0.0,177051.15988254544,0.0,177051.15988254544,77.05115988254545,0.0
2025-05-21,74.7372055053711,76.51867768539542,74.39408793731592,75.48808059199588,4540800,62.50892222474321,0,0.0,177051.15988254544,0.0,177051.15988254544,77.05115988254545,0.0
2025-05-22,74.8627700805664,75.48684647911885,74.65018438294162,74.74840008305424,2884800,62.87664662649681,0,0.0,177051.15988254544,0.0,177051.15988254544,77.05115988254545,0.0
2025-05-23,73.98011779785156,74.44506411793007,73.3572857961327,73.43560644232126,4304000,58.53069017477589,0,0.0,177051.15988254544,0.0,177051.15988254544,77.05115988254545,0.0
2025-05-27,75.7976303100586,75.90578593467959,74.94232525052948,75.20587775969082,4448800,64.04210062457389,0,0.0,177051.15988254544,0.0,177051.15988254544,77.05115988254545,0.0
2025-05-28,75.45452117919922,76.13951193658656,75.37371175514215,75.88963250437556,3218400,62.357246038934456,0,0.0,177051.15988254544,0.0,177051.15988254544,77.05115988254545,0.0
2025-05-29,75.72552490234375,76.84438248390748,75.37494861625848,76.84438248390748,3815200,63.18118367867226,0,0.0,177051.15988254544,0.0,177051.15988254544,77.05115988254545,0.0
2025-05-30,75.38241577148438,75.63602078667348,74.24490740158755,75.54651581227948,3508800,61.35025663518553,0,0.0,177051.15988254544,0.0,177051.15988254544,77.05115988254545,0.0
2025-06-02,76.06739807128906,76.08977431239731,75.0964786287766,75.21209300170513,3538400,63.61705498823877,0,0.0,177051.15988254544,0.0,177051.15988254544,77.05115988254545,0.0
2025-06-03,77.27950286865234,77.32176657757843,76.11340388926679,76.15069762883083,3753600,67.27465349758086,0,0.0,177051.15988254544,0.0,177051.15988254544,77.05115988254545,0.0
2025-06-04,77.48834228515625,77.7295185438438,77.14025479523046,77.41623600904148,3828000,67.87391038273731,0,0.0,177051.15988254544,0.0,177051.15988254544,77.05115988254545,0.0
2025-06-05,77.14151763916016,78.38095979517313,76.86552877158503,77.73078152874538,4516800,65.7215320013138,0,0.0,177051.15988254544,0.0,177051.15988254544,77.05115988254545,0.0
2025-06-06,77.87498474121094,78.28896423920654,77.7519116009868,77.89736098600261,3383200,68.03044571462061,0,0.0,177051.15988254544,0.0,177051.15988254544,77.05115988254545,0.0
2025-06-09,78.21311950683594,78.74146892058258,78.1285845111651,78.26657512522755,4663200,69.06494699667878,0,0.0,177051.15988254544,0.0,177051.15988254544,77.05115988254545,0.0
2025-06-10,78.54007720947266,78.6134202926292,77.88118832379276,78.26160719583255,4252800,70.07336090980425,0,0.0,177051.15988254544,0.0,177051.15988254544,77.05115988254545,0.0
2025-06-11,78.22927856445312,78.99631544343248,77.90729288886538,78.69422481771846,3296000,67.81050364053826,0,0.0,177051.15988254544,0.0,177051.15988254544,77.05115988254545,0.0
2025-06-12,78.79119110107422,78.9751861735977,78.11988110679114,78.11988110679114,2780000,69.71469443634969,0,0.0,177051.15988254544,0.0,177051.15988254544,77.05115988254545,0.0
2025-06-13,77.4858627319336,78.37722479536154,77.24344964305949,77.85135653680328,4943200,60.72762107239598,0,0.0,177051.15988254544,0.0,177051.15988254544,77.05115988254545,0.0
2025-06-16,78.79865264892578,79.01372710626644,78.06393948505779,78.06393948505779,4099200,65.53912066066022,0,0.0,177051.15988254544,0.0,177051.15988254544,77.05115988254545,0.0
2025-06-17,78.21935272216797,78.89936601886288,78.09752396193885,78.40582903079968,3063200,61.93325083414389,0,0.0,177051.15988254544,0.0,177051.15988254544,77.05115988254545,0.0
2025-06-18,78.46797180175781,78.8894099943975,78.03037172531268,78.4493211396011,3744000,62.87723649422066,0,0.0,177051.15988254544,0.0,177051.15988254544,77.05115988254545,0.0
2025-06-20,78.13107299804688,79.00751758935938,77.74444732964523,78.85833504693986,3080800,60.68127850692745,0,0.0,177051.15988254544,0.0,177051.15988254544,77.05115988254545,0.0
2025-06-23,78.96028137207031,79.01870696843176,77.56543475472894,78.02665551769395,5113600,64.0126940739926,0,0.0,177051.15988254544,0.0,177051.15988254544,77.05115988254545,0.0
2025-06-24,80.3812255859375,80.48316686461607,79.70741915279912,79.71239670983769,3944800,68.87882161930938,0,0.0,177051.15988254544,0.0,177051.15988254544,77.05115988254545,0.0
2025-06-25,81.05750274658203,81.20667768369508,80.74422020316781,80.78275832654508,7573600,70.89589099852313,0,0.0,177051.15988254544,0.0,177051.15988254544,77.05115988254545,0.0
2025-06-26,81.75605010986328,81.82076742118866,81.05912366454588,81.46981273396251,3713600,72.85311539676404,0,0.0,177051.15988254544,0.0,177051.15988254544,77.05115988254545,0.0
2025-06-27,81.70751953125,82.26257686916803,81.23585030461335,81.98878159943426,4291200,72.48839580224877,0,0.0,177051.15988254544,0.0,177051.15988254544,77.05115988254545,0.0
2025-06-30,82.54632568359375,82.73051176546373,81.97881865007884,82.38080279881856,4687200,74.83351218206101,0,0.0,177051.15988254544,0.0,177051.15988254544,77.05115988254545,0.0
2025-07-01,81.695068359375,82.44924530314093,81.11138962463714,82.24514270683939,3960800,68.456098798341,0,0.0,177051.15988254544,0.0,177051.15988254544,77.05115988254545,0.0
2025-07-02,82.73175811767578,82.76037957765953,81.51959978853357,81.57435124383157,3567200,71.62728646226662,0,0.0,177051.15988254544,0.0,177051.15988254544,77.05115988254545,0.0
2025-07-03,83.8829345703125,84.10445463931404,83.03292735975528,83.12751186406578,2817600,74.67224265642443,0,0.0,177051.15988254544,0.0,177051.15988254544,77.05115988254545,0.0
2025-07-07,83.14369201660156,83.71865825015976,82.74170786929619,83.51082604263492,4606400,69.51311061377717,0,0.0,177051.15988254544,0.0,177051.15988254544,77.05115988254545,0.0
2025-07-08,83.53571319580078,83.70497328280491,83.22582967430814,83.44735734910006,2596800,70.6703714773913,0,0.0,177051.15988254544,0.0,177051.15988254544,77.05115988254545,0.0
2025-07-09,84.2351303100586,84.43798718922281,83.50335370461701,83.8916499978094,3379200,72.66408679622688,0,0.0,177051.15988254544,0.0,177051.15988254544,77.05115988254545,0.0
2025-07-10,83.95263671875,84.50146541803382,83.45855947981299,84.44670636175745,3224000,70.5772973330892,0,0.0,177051.15988254544,0.0,177051.15988254544,77.05115988254545,0.0
2025-07-11,83.42371368408203,84.02232608233224,83.38264249450066,83.51331526579126,2880000,66.7141158177275,0,0.0,177051.15988254544,0.0,177051.15988254544,77.05115988254545,0.0
2025-07-14,83.42743682861328,83.65269409378303,82.63592586772243,83.2731179414378,3088000,66.72792163494063,0,0.0,177051.15988254544,0.0,177051.15988254544,77.05115988254545,0.0
2025-07-15,84.13557434082031,84.647069029571,84.13059900711376,84.46288293534742,3740800,69.33324831299942,0,0.0,177051.15988254544,0.0,177051.15988254544,77.05115988254545,0.0
2025-07-16,84.50891876220703,84.56367780976527,83.23080506831174,84.26001538165657,3272000,70.6386236841177,0,0.0,177051.15988254544,0.0,177051.15988254544,77.05115988254545,0.0
2025-07-17,85.36390686035156,85.5717466657987,84.54874975481982,84.6595135894456,3196800,73.42811543291259,0,0.0,177051.15988254544,0.0,177051.15988254544,77.05115988254545,0.0
2025-07-18,85.31538391113281,85.76340702618144,85.06896436151949,85.76340702618144,3083200,73.0042105838059,0,0.0,177051.15988254544,0.0,177051.15988254544,77.05115988254545,0.0
2025-07-21,85.43484497070312,86.07577425396995,85.35395592453578,85.44729469806421,3498400,73.41118659901862,0,0.0,177051.15988254544,0.0,177051.15988254544,77.05115988254545,0.0
2025-07-22,84.60102081298828,85.41991514912293,83.89662751317682,85.41493981551595,3466400,65.93899651303701,0,0.0,177051.15988254544,0.0,177051.15988254544,77.05115988254545,0.0
2025-07-23,85.27305603027344,85.27305603027344,84.42180310595069,84.9743689280023,2812800,68.7038892039206,0,0.0,177051.15988254544,0.0,177051.15988254544,77.05115988254545,0.0
2025-07-24,85.51448822021484,85.7111240123605,85.02041107337998,85.4796381018402,3299200,69.65683786472938,0,0.0,177051.15988254544,0.0,177051.15988254544,77.05115988254545,0.0
2025-07-25,85.7086410522461,85.9314068593482,85.37386567745797,85.58045215598479,2243200,70.43643314915974,0,0.0,177051.15988254544,0.0,177051.15988254544,77.05115988254545,0.0
2025-07-28,86.38690185546875,86.39187718876123,85.84553242174658,86.08946047979431,3268800,73.04217226833796,0,0.0,177051.15988254544,0.0,177051.15988254544,77.05115988254545,0.0
2025-07-29,86.23631286621094,87.35886959571906,86.04714385744361,86.93573079061174,3548800,71.53462278705379,0,0.0,177051.15988254544,0.0,177051.15988254544,77.05115988254545,0.0
2025-07-30,86.42548370361328,86.81626386065464,85.85673852889664,86.49268488639416,3504800,72.30783803428758,0,0.0,177051.15988254544,0.0,177051.15988254544,77.05115988254545,0.0
2025-07-31,85.93016815185547,87.7708137954581,85.61033394308387,87.7708137954581,3914400,67.16350276498153,0,0.0,177051.15988254544,0.0,177051.15988254544,77.05115988254545,0.0
2025-08-01,83.93022918701172,85.03162368929179,83.52077823423372,85.02041969412728,6752000,51.29493213804964,0,0.0,177051.15988254544,0.0,177051.15988254544,77.05115988254545,0.0
2025-08-04,85.83805847167969,85.83805847167969,84.75035195750101,84.75035195750101,4146400,60.8078018007837,0,0.0,177051.15988254544,0.0,177051.15988254544,77.05115988254545,0.0
2025-08-05,85.06895446777344,86.15043999950419,84.82129681045133,86.06705949084191,5394400,56.0546742217964,0,0.0,177051.15988254544,0.0,177051.15988254544,77.05115988254545,0.0
2025-08-06,86.1019058227539,86.18529393103206,85.20087672784085,85.26559404270057,3959200,60.51837124353455,0,0.0,177051.15988254544,0.0,177051.15988254544,77.05115988254545,0.0
2025-08-07,86.26991271972656,87.20080892691185,85.43608488051258,87.11493695728076,4223200,61.20853184187234,0,0.0,177051.15988254544,0.0,177051.15988254544,77.05115988254545,0.0
2025-08-08,87.03528594970703,87.17840843089853,86.3084923372792,86.59223823924866,3644000,64.27252808415237,0,0.0,177051.15988254544,0.0,177051.15988254544,77.05115988254545,0.0
2025-08-11,86.52628326416016,87.40491189232631,86.27239695499169,86.96435564395802,3946400,60.83132145125271,0,0.0,177051.15988254544,0.0,177051.15988254544,77.05115988254545,0.0
2025-08-12,87.87161254882812,87.88405468043082,86.39561721290285,86.93573333606588,6048000,66.01114647960858,0,0.0,177051.15988254544,0.0,177051.15988254544,77.05115988254545,0.0
2025-08-13,88.0234375,88.47022243171503,87.61399415390035,88.36692539697468,3821600,66.54878125593712,0,0.0,177051.15988254544,0.0,177051.15988254544,77.05115988254545,0.0
2025-08-14,87.67247772216797,87.95747695143183,87.18712069252317,87.41486941030085,3270400,64.02752811395823,0,0.0,177051.15988254544,0.0,177051.15988254544,77.05115988254545,0.0
2025-08-15,87.12240600585938,87.62021277694741,86.77891811846007,87.62021277694741,3079200,60.17922236708599,0,0.0,177051.15988254544,0.0,177051.15988254544,77.05115988254545,0.0
2025-08-18,87.37505340576172,87.4285667263177,86.99796110119382,87.08134161499694,2436800,61.32888323578361,0,0.0,177051.15988254544,0.0,177051.15988254544,77.05115988254545,0.0
2025-08-19,85.72357177734375,87.36508993915447,85.5431153003065,87.36508993915447,4686400,50.96989482605223,0,0.0,177051.15988254544,0.0,177051.15988254544,77.05115988254545,0.0
2025-08-20,85.11126708984375,85.60533664725091,83.7410527838115,85.49706428590656,4896000,47.74956585799416,0,0.0,177051.15988254544,0.0,177051.15988254544,77.05115988254545,0.0
2025-08-21,84.8860092163086,85.2879857366128,84.45789510707077,84.81133364618178,5332000,46.58351934006094,0,0.0,177051.15988254544,0.0,177051.15988254544,77.05115988254545,0.0
2025-08-22,86.39063262939453,86.86479329249823,84.55870729030406,84.80885641734586,4590400,54.56478169697072,0,0.0,177051.15988254544,0.0,177051.15988254544,77.05115988254545,0.0
2025-08-25,86.18031311035156,86.74408297260734,85.93763836554763,86.23631789604829,4037600,53.36449452731832,0,0.0,177051.15988254544,0.0,177051.15988254544,77.05115988254545,0.0
2025-08-26,86.62211608886719,86.73536378802604,86.0981717233913,86.2450238105761,3585600,55.57520523479305,0,0.0,177051.15988254544,0.0,177051.15988254544,77.05115988254545,0.0
2025-08-27,87.23067474365234,87.34393003308544,86.4316970361393,86.72913839251896,2866400,58.49388092721243,0,0.0,177051.15988254544,0.0,177051.15988254544,77.05115988254545,0.0
2025-08-28,88.09561920166016,88.29350073548135,87.08009673030948,87.46963113656714,3871200,62.28640863708036,0,0.0,177051.15988254544,0.0,177051.15988254544,77.05115988254545,0.0
2025-08-29,86.74532318115234,87.73097848211879,86.43170247796493,87.73097848211879,4680800,53.99223056118635,0,0.0,177051.15988254544,0.0,177051.15988254544,77.05115988254545,0.0
2025-09-02,85.84803009033203,85.87292195045065,84.63960130351154,85.07642800223033,4948000,49.29469310932169,0,0.0,177051.15988254544,0.0,177051.15988254544,77.05115988254545,0.0
2025-09-03,86.23258972167969,86.48024740011046,85.6115693310692,86.26121118322818,3952800,51.25222060594794,0,0.0,177051.15988254544,0.0,177051.15988254544,77.05115988254545,0.0
2025-09-04,86.81002807617188,86.83367420082793,85.66009568958944,86.1579024436721,2380800,54.116638020415984,0,0.0,177051.15988254544,0.0,177051.15988254544,77.05115988254545,0.0
2025-09-05,86.96560668945312,87.61400282558046,86.01853101034173,87.60902749177271,2835200,54.88581022671559,0,0.0,177051.15988254544,0.0,177051.15988254544,77.05115988254545,0.0
2025-09-08,87.7284927368164,87.91766175690373,87.437280004239,87.437280004239,2408000,58.55472664576424,0,0.0,177051.15988254544,0.0,177051.15988254544,77.05115988254545,0.0
2025-09-09,87.83177947998047,87.9363222409111,87.17840811296679,87.86289240221922,2799200,59.04040627825236,0,0.0,177051.15988254544,0.0,177051.15988254544,77.05115988254545,0.0
2025-09-10,88.97425079345703,89.52432516714383,88.55360345007043,89.2492917782648,3751200,64.0576657902995,0,0.0,177051.15988254544,0.0,177051.15988254544,77.05115988254545,0.0
2025-09-11,89.4521484375,89.71473969442528,89.18581998362919,89.54673294230861,3550400,65.93726276737789,0,0.0,177051.15988254544,0.0,177051.15988254544,77.05115988254545,0.0
2025-09-12,89.55171203613281,89.78568184334893,89.35632195266355,89.63011721599402,3712000,66.3322858467784,0,0.0,177051.15988254544,0.0,177051.15988254544,77.05115988254545,0.0
2025-09-15,90.43034362792967,90.43034362792967,89.60025287678444,89.71100912208279,3263200,69.67455222867194,0,0.0,177051.15988254544,0.0,177051.15988254544,77.05115988254545,0.0
2025-09-16,90.12419128417967,90.58590985554122,89.96738091670107,90.58590985554122,3315200,67.17228877440957,0,0.0,177051.15988254544,0.0,177051.15988254544,77.05115988254545,0.0
2025-09-17,89.79190826416016,90.14908406219354,88.83861151308645,90.0420574152136,3433600,64.46617535024664,0,0.0,177051.15988254544,0.0,177051.15988254544,77.05115988254545,0.0
2025-09-18,91.38611602783205,91.61884006988367,90.54855862288446,90.91320114650512,4124800,70.58824473114073,0,0.0,177051.15988254544,0.0,177051.15988254544,77.05115988254545,0.0
2025-09-19,92.23986053466795,92.31826571008888,91.39608199356344,91.78063347688634,2748800,73.24654399058487,0,0.0,177051.15988254544,0.0,177051.15988254544,77.05115988254545,0.0
2025-09-22,93.73080444335938,93.78556349727047,91.96980978329135,92.08804042195506,5513600,77.13343163301387,0,0.0,177051.15988254544,0.0,177051.15988254544,77.05115988254545,0.0
2025-09-23,92.76753997802734,93.77435759085328,92.4551725861419,93.63123509497734,5915200,70.05214090486339,0,0.0,177051.15988254544,0.0,177051.15988254544,77.05115988254545,0.0
2025-09-24,92.08338928222656,93.05772530501856,91.52271051035572,93.05772530501856,3328000,65.45583370761454,0,0.0,177051.15988254544,0.0,177051.15988254544,77.05115988254545,0.0
2025-09-25,91.80554962158205,92.04102894001676,90.4885764942702,91.10781143505832,3679200,63.62993670266504,0,0.0,177051.15988254544,0.0,177051.15988254544,77.05115988254545,0.0
2025-09-26,92.03853607177734,92.11204302931984,91.1688558347074,91.90771254698905,3420000,64.52362939858054,0,0.0,177051.15988254544,0.0,177051.15988254544,77.05115988254545,0.0
2025-09-29,92.59423065185548,93.13248320722909,92.4185546422808,92.71011096153464,4014400,66.62979815042674,0,0.0,177051.15988254544,0.0,177051.15988254544,77.05115988254545,0.0
2025-09-30,93.02657318115234,93.08264257728702,92.300180579852,92.58426146443178,3552800,68.21106942374713,0,0.0,177051.15988254544,0.0,177051.15988254544,77.05115988254545,0.0
2025-10-01,93.76043701171876,93.80404231527118,92.5319218437762,92.6004553274899,3445600,70.74513502444208,0,0.0,177051.15988254544,0.0,177051.15988254544,77.05115988254545,0.0
2025-10-02,94.44197082519533,94.75470618068834,93.94483689709271,94.69490288247812,3611200,72.90528143387465,0,0.0,177051.15988254544,0.0,177051.15988254544,77.05115988254545,0.0
2025-10-03,94.15291595458984,95.04502244498651,93.74922845193689,94.54788847950864,3508000,70.52670955998101,0,0.0,177051.15988254544,0.0,177051.15988254544,77.05115988254545,0.0
2025-10-06,94.96402740478516,95.46365568279778,94.77713448910116,95.14718641659542,4390400,73.17176242157166,0,0.0,177051.15988254544,0.0,177051.15988254544,77.05115988254545,0.0
2025-10-07,94.09310913085938,95.54962824777472,93.53616427882376,95.45120071497166,4089600,66.29235926019851,0,0.0,177051.15988254544,0.0,177051.15988254544,77.05115988254545,0.0
2025-10-08,95.69166564941406,95.70038823123718,94.33606844747456,94.33606844747456,3750400,71.57491711070254,0,0.0,177051.15988254544,0.0,177051.15988254544,77.05115988254545,0.0
2025-10-09,95.64432525634766,95.88852714501787,95.12974612708884,95.72655479739744,3928000,71.21895803704263,0,0.0,177051.15988254544,0.0,177051.15988254544,77.05115988254545,0.0
2025-10-10,91.74324798583984,96.13523176545296,91.69091249095936,95.9533199123527,9368000,49.41151451713047,0,0.0,177051.15988254544,0.0,177051.15988254544,77.05115988254545,0.0
2025-10-13,94.13048553466795,94.36721960518548,93.28573350269566,93.91867204073527,4733600,57.905805135899406,0,0.0,177051.15988254544,0.0,177051.15988254544,77.05115988254545,0.0
2025-10-14,92.92814636230467,93.78286815228552,91.76442310879116,92.81725473871712,5322400,53.07232850191844,0,0.0,177051.15988254544,0.0,177051.15988254544,77.05115988254545,0.0
2025-10-15,93.79158782958984,94.5304368996228,92.54563507647684,94.26380118533052,3564000,55.91802852178425,0,0.0,177051.15988254544,0.0,177051.15988254544,77.05115988254545,0.0
2025-10-16,93.49006652832033,94.61765991081526,92.85588080345732,94.32112253216324,3780800,54.67125117039269,0,0.0,177051.15988254544,0.0,177051.15988254544,77.05115988254545,0.0
2025-10-17,93.715576171875,93.9236557508946,92.3711959285513,92.85587336036316,3243200,55.47092436068687,0,0.0,177051.15988254544,0.0,177051.15988254544,77.05115988254545,0.0
2025-10-20,94.96402740478516,95.28049667098752,94.23763480984624,94.30367395697353,3604800,59.70872888807927,0,0.0,177051.15988254544,0.0,177051.15988254544,77.05115988254545,0.0
2025-10-21,94.86808776855467,95.25059618656408,94.40459698224012,94.87930468969752,2718400,59.24213493096567,0,0.0,177051.15988254544,0.0,177051.15988254544,77.05115988254545,0.0
2025-10-22,93.7467269897461,94.973995004413,92.55061539834614,94.74972503161204,4140000,53.93673735780179,0,0.0,177051.15988254544,0.0,177051.15988254544,77.05115988254545,0.0
2025-10-23,94.97400665283205,95.15092983472316,93.704380347813,93.74300458339545,2950400,58.33463652052185,0,0.0,177051.15988254544,0.0,177051.15988254544,77.05115988254545,0.0
2025-10-24,96.45419311523438,96.73577966837864,95.99817012598706,96.10158633902068,5258400,62.931420444387925,0,0.0,177051.15988254544,0.0,177051.15988254544,77.05115988254545,0.0
2025-10-27,98.1823272705078,98.22468540684751,97.63535216918466,97.82722616164196,4772000,67.4470195796357,0,0.0,177051.15988254544,0.0,177051.15988254544,77.05115988254545,0.0
2025-10-28,99.19529724121094,99.56783594620003,98.37545809348576,98.76170045541922,4772000,69.77151959260718,0,0.0,177051.15988254544,0.0,177051.15988254544,77.05115988254545,0.0
2025-10-29,99.86560821533205,100.5471407259075,99.1740983486544,100.09485926491703,5081600,71.23525880965622,0,0.0,177051.15988254544,0.0,177051.15988254544,77.05115988254545,0.0
2025-10-30,98.54864501953124,99.62888404216464,98.50379254077046,99.18657228866108,3943200,64.61516915942818,0,0.0,177051.15988254544,0.0,177051.15988254544,77.05115988254545,0.0
2025-10-31,98.83023071289062,99.74102196011896,98.25210675389698,99.73852762086784,3930400,65.35650031605863,0,0.0,177051.15988254544,0.0,177051.15988254544,77.05115988254545,0.0
2025-11-03,99.17161560058594,99.95656435127478,98.67946271886522,99.85190096899312,4188800,66.27889195098075,0,0.0,177051.15988254544,0.0,177051.15988254544,77.05115988254545,0.0
2025-11-04,96.49281311035156,98.02159197712604,96.35201983996308,97.3849119412903,5288000,54.10539720143714,0,0.0,177051.15988254544,0.0,177051.15988254544,77.05115988254545,0.0
2025-11-05,96.89276885986328,97.7300531543286,96.27103958603011,96.46914944111876,4642400,55.42188744115433,0,0.0,177051.15988254544,0.0,177051.15988254544,77.05115988254545,0.0
2025-11-06,94.99144744873048,97.02110188494936,94.5192264559376,96.94385341733808,5976800,48.32516739838362,0,0.0,177051.15988254544,0.0,177051.15988254544,77.05115988254545,0.0
2025-11-07,94.86310577392578,94.86310577392578,92.5244499829295,94.08313812041864,5781600,47.87948785111679,0,0.0,177051.15988254544,0.0,177051.15988254544,77.05115988254545,0.0
2025-11-10,97.2304229736328,97.42105741194804,96.00814351906573,96.64482360701152,4790400,55.94949097658354,0,0.0,177051.15988254544,0.0,177051.15988254544,77.05115988254545,0.0
2025-11-11,96.34953308105467,96.7108624521,95.70039650841446,96.57380307477229,3946400,52.68084689639456,0,0.0,177051.15988254544,0.0,177051.15988254544,77.05115988254545,0.0
2025-11-12,96.45793151855467,97.09087770786994,95.91843939948365,97.09087770786994,2886400,53.04438098619701,0,0.0,177051.15988254544,0.0,177051.15988254544,77.05115988254545,0.0
2025-11-13,93.7405014038086,95.93836392987366,93.26081262603611,95.93836392987366,5619200,43.93239394174503,0,0.0,177051.15988254544,0.0,177051.15988254544,77.05115988254545,0.0
2025-11-14,94.22642517089844,95.066196119079,91.64605425283423,91.98495735988742,6139200,45.727731528742254,0,0.0,177051.15988254544,0.0,177051.15988254544,77.05115988254545,0.0
2025-11-17,92.66151428222656,94.27502473184424,91.90771433455436,93.2857378721575,4692800,41.15701645970584,0,0.0,177051.15988254544,0.0,177051.15988254544,77.05115988254545,0.0
2025-11-18,91.27726745605467,92.26779393440786,90.39886457194066,91.87781006573093,5809600,37.5788797594894,0,0.0,177051.15988254544,0.0,177051.15988254544,77.05115988254545,0.0
2025-11-19,91.89774322509766,92.98172370141538,91.0791513082999,91.39811492661458,4180000,40.09300302325435,0,0.0,177051.15988254544,0.0,177051.15988254544,77.05115988254545,0.0
2025-11-20,89.17284393310547,94.443222786674,88.93735702741621,94.13422892398698,9250400,33.67781699862549,0,0.0,177051.15988254544,0.0,177051.15988254544,77.05115988254545,0.0
2025-11-21,89.57029724121094,90.76640881491431,87.58549546354566,89.2725127149144,8729600,35.3038868607382,0,0.0,177051.15988254544,0.0,177051.15988254544,77.05115988254545,0.0
2025-11-24,91.82050323486328,92.01237724951709,90.11852726389068,90.21820958262882,5136000,43.71736640702784,0,0.0,177051.15988254544,0.0,177051.15988254544,77.05115988254545,0.0
2025-11-25,92.10208129882812,92.30890612122906,89.68368261253875,90.9545560120011,4705600,44.68673286839977,0,0.0,177051.15988254544,0.0,177051.15988254544,77.05115988254545,0.0
2025-11-26,93.06394958496094,93.50875563759892,92.3799227291595,92.98172004798646,2913600,47.98255714379691,0,0.0,177051.15988254544,0.0,177051.15988254544,77.05115988254545,0.0
2025-11-28,93.7205810546875,93.73179037244596,93.0240900197184,93.2957068462985,1737600,50.16556378440866,0,0.0,177051.15988254544,0.0,177051.15988254544,77.05115988254545,0.0
2025-12-01,93.68195343017578,94.00963964777768,92.49330950917218,92.81227314400336,3324800,50.032542962595,0,0.0,177051.15988254544,0.0,177051.15988254544,77.05115988254545,0.0
2025-12-02,94.65628051757812,95.30168313912654,94.08065094688112,94.33855647784286,5296000,53.38981270333284,0,0.0,177051.15988254544,0.0,177051.15988254544,77.05115988254545,0.0
2025-12-03,94.83196258544922,94.92540904907568,93.73427843023816,94.23016523038088,3023200,53.99009790748002,0,0.0,177051.15988254544,0.0,177051.15988254544,77.05115988254545,0.0
2025-12-04,95.27178192138672,95.43998250402736,94.54663649423692,94.97399738322584,3091200,55.53405725965962,0,0.0,177051.15988254544,0.0,177051.15988254544,77.05115988254545,0.0
2025-12-05,95.68543243408205,96.20873412501956,95.25309046769222,95.61565938226984,2863200,56.99569718186139,0,0.0,177051.15988254544,0.0,177051.15988254544,77.05115988254545,0.0
2025-12-08,96.52147674560548,96.90398519213176,96.0106391069455,96.20749418650531,3098400,59.86709830613605,0,0.0,177051.15988254544,0.0,177051.15988254544,77.05115988254545,0.0
2025-12-09,96.73079681396484,96.948838569875,96.0928695421917,96.31215846774364,2293600,60.57683891436216,0,0.0,177051.15988254544,0.0,177051.15988254544,77.05115988254545,0.0
2025-12-10,97.07965087890624,97.38865233132012,95.93836150883962,96.53143623309954,3363200,61.78966232692122,0,0.0,177051.15988254544,0.0,177051.15988254544,77.05115988254545,0.0
2025-12-11,96.72830200195312,96.78436379360843,94.89674988431533,96.14394984072328,4366400,59.794461786206085,0,0.0,177051.15988254544,0.0,177051.15988254544,77.05115988254545,0.0
2025-12-12,93.93611907958984,96.19378495783496,93.7031265130215,96.12401190482026,5752000,46.84798427121537,0,0.0,177051.15988254544,0.0,177051.15988254544,77.05115988254545,0.0
2025-12-15,92.88703155517578,94.71733658454686,92.72629877152944,94.55660380090052,3850400,43.07433302456607,0,0.0,177051.15988254544,0.0,177051.15988254544,77.05115988254545,0.0
2025-12-16,93.03279876708984,93.27576107360618,92.26902912507722,92.57428906892125,3084800,43.75229982882639,0,0.0,177051.15988254544,0.0,177051.15988254544,77.05115988254545,0.0
2025-12-17,91.0992431640625,93.22076099232316,91.06931116708834,93.2057949938361,4332000,37.3909622182241,0,0.0,177051.15988254544,0.0,177051.15988254544,77.05115988254545,0.0
2025-12-18,92.37140655517578,93.03243019805532,91.91991450405372,92.81167791360936,3403200,43.23849142444104,0,0.0,177051.15988254544,0.0,177051.15988254544,77.05115988254545,0.0
2025-12-19,94.23224639892578,94.30084943544364,93.03741779198272,93.07358435062636,4750400,50.51845794415962,0,0.0,177051.15988254544,0.0,177051.15988254544,77.05115988254545,0.0
2025-12-22,94.88579559326172,95.37719187145842,94.60641254074442,95.37595104865903,3509600,52.807744498893975,0,0.0,177051.15988254544,0.0,177051.15988254544,77.05115988254545,0.0
2025-12-23,95.4158706665039,95.4221052306467,94.3519906343434,94.54905310316434,2704800,54.64076140123864,0,0.0,177051.15988254544,0.0,177051.15988254544,77.05115988254545,0.0
2025-12-24,95.57675170898438,95.68650743424718,95.21006953876773,95.26744427183095,1401600,55.209397999173405,0,0.0,177051.15988254544,0.0,177051.15988254544,77.05115988254545,0.0
2025-12-26,95.6827621459961,95.94842002509982,95.47323056474988,95.75510287684378,2632800,55.604344221221375,0,0.0,177051.15988254544,0.0,177051.15988254544,77.05115988254545,0.0
2025-12-29,95.1751480102539,95.55679619511534,94.73613270220278,94.95938185583658,8392000,53.18599977473933,0,0.0,177051.15988254544,0.0,177051.15988254544,77.05115988254545,0.0
2025-12-30,94.8995132446289,95.46699555943,94.8995132446289,95.17514337936696,2807200,51.86687911803093,0,0.0,177051.15988254544,0.0,177051.15988254544,77.05115988254545,0.0
