Date,Close,High,Low,Open,Volume
2015-01-02,94.5611572265625,95.71859394542538,94.10185493890039,95.3144126979925,31314600
2015-01-05,93.17406463623047,94.25801834198245,92.90766846185787,94.14778326722234,36521300
2015-01-06,91.92476654052734,93.46802262439127,91.51139725365552,93.31186151676388,66205500
2015-01-07,93.10977935791016,93.33024253872499,92.31059069090895,92.53106088012193,37577400
2015-01-08,94.89189147949219,95.07560966098458,93.79874937693413,93.89979647927476,40212600
2015-01-09,94.26720428466797,95.21336587833613,93.71603593134185,95.18580886234918,41410100
2015-01-12,93.28427124023438,94.55194267529095,93.04543215534729,94.45089563970005,34129800
2015-01-13,93.25669860839844,95.18577310354353,92.503443418014,94.19367885033647,56162300
2015-01-14,92.74234008789062,93.22001851024656,91.92478237373366,92.31978271943633,51354200
2015-01-15,91.53893280029297,93.32102062779329,91.42869774573182,93.17404756344071,51005400
2015-01-16,92.61370849609375,92.73312456205078,91.27254672240595,91.41951980293796,35362200
2015-01-20,93.34858703613281,93.58741914786593,92.12684143163764,93.17404994737757,30964100
2015-01-21,93.82625579833984,94.26718900786439,92.74230229200408,93.0730004470486,40128800
2015-01-22,95.56241607666016,95.66346312288192,93.36695208765163,94.19369746201363,40887200
2015-01-23,95.77371215820312,96.06766533329287,95.27766486116485,95.55324202058844,34783000
2015-01-26,95.66346740722656,95.83800449640736,95.17660816729673,95.66346740722656,19960900
2015-01-27,93.18324279785156,94.21207535330792,92.87091362323363,94.15696132595023,45253200
2015-01-28,92.70556640625,94.78161458223036,92.68719739955827,94.6805675244351,43591700
2015-01-29,93.59662628173828,93.77116340616116,91.82371904482324,92.63208860562908,46539700
2015-01-30,92.87089538574219,94.23043286355443,92.74229134156472,93.51392261502431,42927600
2015-02-02,93.67929077148438,93.76196181314062,91.63079963578208,93.08219643984765,43624700
2015-02-03,94.57950592041016,94.64380794653607,93.40369343788184,94.01915668914351,30750400
2015-02-04,94.4968490600586,95.12150041111657,93.98242576551915,94.1937078878401,34073200
2015-02-05,95.31439971923828,95.37870175041924,94.49684231919647,94.73567443021388,23605500
2015-02-06,94.7356948852539,95.69104456078702,94.39581565065278,95.46139339864148,34169300
2015-02-09,94.43255615234375,94.88267044622803,94.20290500120322,94.36825411036027,22604700
2015-02-10,95.90229797363281,96.03090202522245,94.80915652672581,94.95613659048263,23686500
2015-02-11,96.25138854980469,96.4718516907278,95.82883127620335,96.01254939223979,20303600
2015-02-12,97.37207794189453,97.4088229632575,96.72905758903296,96.87603066608865,22520300
2015-02-13,98.20802307128906,98.22639207995378,97.46394856502272,97.64767369365511,29030200
2015-02-17,98.29984283447266,98.36414485168898,97.95995673867543,98.2079838110771,17675300
2015-02-18,98.43766021728516,98.49277424383317,98.05184100626094,98.18044507380367,15149600
2015-02-19,98.9245376586914,98.98883970428291,98.34581223997063,98.37336925831022,19828100
2015-02-20,99.58592224121094,99.64103627130915,98.54789461838479,98.8602238085331,28336700
2015-02-23,99.68695831298828,99.71452233533323,99.31033410836206,99.53079722834805,17868000
2015-02-24,99.7604751586914,99.87989826241655,99.25524674763263,99.55838099090865,19745000
2015-02-25,99.51241302490234,99.99927221936942,99.29194293018901,99.61346006621383,19472300
2015-02-26,100.01765441894531,100.07277545409364,99.33788905821524,99.61347320876865,22255500
2015-02-27,99.57674407958984,100.0452344069386,99.42058297327266,99.9809253542698,27757600
2015-03-02,100.47696685791016,100.51371188227155,99.75126839566522,99.76964441204431,22988600
2015-03-03,100.00846099853516,100.27485710874345,99.37462173602593,100.17381006665082,20788900
2015-03-04,99.62267303466797,99.82476718214679,99.0806996467906,99.67779408023327,21007400
2015-03-05,99.79721069335938,100.1003519161869,99.38384139561089,99.87988875794754,15381000
2015-03-06,98.66728973388672,99.86147110077827,98.41926265193915,99.6685650417049,30990400
2015-03-09,98.95207977294922,99.20009990904629,98.46522049988721,98.86940172198601,26237100
2015-03-10,97.1148681640625,98.27231178810302,97.1148681640625,98.24474776624817,34234500
2015-03-11,96.5545425415039,97.3812881899987,96.51779751174882,97.26186509119523,25459700
2015-03-12,97.1883773803711,97.29860545595362,96.41674580930601,96.48104785619498,21473200
2015-03-13,96.76579284667969,97.48231023026123,96.15951753244424,97.09649102113394,42021100
2015-03-16,98.01509857177734,98.05184359324417,97.02301102575785,97.12405808269259,25674100
2015-03-17,98.17127990722656,98.32744101322766,97.51907145710683,97.7487226159545,19603800
2015-03-18,99.13578796386719,99.58590917861551,97.3996261595396,97.90486139715686,40622200
2015-03-19,99.2827377319336,99.5583147705594,99.0898317023775,99.23680472129924,31314000
2015-03-20,99.92543029785156,100.42261839747583,99.90701904579777,100.10036880267704,31761400
2015-03-23,99.7320785522461,100.14639844808067,99.6952490243586,99.87018752569568,17268500
2015-03-24,99.37300872802734,100.18323734377164,99.35459747461911,99.72287873890252,22445300
2015-03-25,97.09884643554688,99.62160989199997,97.0620169002938,99.52953956612508,41581400
2015-03-26,96.76737976074219,97.31980869550985,95.97556237858636,96.29781200515791,47846300
2015-03-27,97.1540756225586,97.38425492201212,96.60164670877307,96.74896483219041,33878400
2015-03-30,98.26815795898438,98.35101914205761,97.74334939264115,97.74334939264115,30570200
2015-03-31,97.22773742675781,98.19449332153769,97.20011703396666,97.99193440838268,30488100
2015-04-01,96.7213363647461,97.24614484270238,96.09524844152509,97.22772656655562,32970500
2015-04-02,96.78575897216797,97.09879933319071,96.47271158663304,96.81337935408031,19164200
2015-04-06,97.57762908935547,97.8446309426897,96.06764615352604,96.21496430317418,24451100
2015-04-07,97.4118881225586,98.2405280301816,97.4118881225586,97.52236969716691,19379400
2015-04-08,98.18527221679688,98.3233811884365,97.4394936042626,97.44869571772823,25866900
2015-04-09,98.80218505859375,98.83901459869591,97.80781557390179,98.1392673857881,23114700
2015-04-10,99.20728302001953,99.2164921593218,98.5443654805573,98.76533565220635,17164300
2015-04-13,98.95868682861328,99.78732668131306,98.84819823681312,99.28093644072038,17783500
2015-04-14,98.67324829101562,99.1428159711222,98.11161030733287,98.85739592268187,23755700
2015-04-15,99.2901382446289,99.50190628878862,98.81136839735412,98.93105910304415,21128600
2015-04-16,99.15204620361328,99.32697771027085,98.88503734927602,99.02314634628017,16195300
2015-04-17,97.60523223876953,98.47070162921194,97.18170317014564,98.20369982305876,46514000
2015-04-20,99.0691909790039,99.24412953310323,98.05640324243599,98.09323278143145,28945900
2015-04-21,99.49271392822266,99.81497061818168,99.3730232023483,99.64003207500573,22759800
2015-04-22,100.03593444824219,100.20166384056934,99.10600802326675,99.75050731314155,21429200
2015-04-23,100.41341400146484,100.86457048000446,99.67684446778333,99.69525572070663,29473200
2015-04-24,101.77606201171875,101.91417097203413,101.30649435645188,101.47222370392763,32508100
2015-04-27,101.51828002929688,102.34692691085672,101.29730284453775,102.15357011806381,31121300
2015-04-28,101.31574249267578,101.78531032869122,100.45947503853762,101.59195349511363,36849200
2015-04-29,100.68041229248047,101.343329720583,100.12798344389967,100.75407134549495,34043900
2015-04-30,99.09679412841797,100.51469952262016,98.57198558198402,100.10958871321603,44080500
2015-05-01,100.40422821044922,100.46867814293071,99.46509259484365,99.48351087527597,32874300
2015-05-04,100.5699234008789,101.19601125680097,100.51467560289142,100.72644360873107,23507300
2015-05-05,98.93106079101562,100.35817526746905,98.88502914551007,100.17403463641723,47843300
2015-05-06,98.24972534179688,99.39141263057034,97.59601701417196,99.10599256450556,42687200
2015-05-07,98.8389892578125,99.11520722550209,98.14845136310326,98.22211042442245,29335800
2015-05-08,100.07276153564453,100.28452257234744,99.71368236513504,99.86099347442638,33023300
2015-05-11,99.68604278564453,100.33975814401839,99.61239075224152,100.13719924700275,19679300
2015-05-12,99.23489379882812,99.7412910436637,98.33259492104854,99.0967848207353,33665000
2015-05-13,99.43746948242188,100.18324825569503,99.29015134105079,99.66764880992748,20738400
2015-05-14,100.8922119140625,100.97507310627118,99.87942420369838,100.24770553509178,23904200
2015-05-15,100.8922119140625,101.28812066737493,100.64361428840421,101.15001165584434,23937400
2015-05-18,101.33412170410156,101.53668058987577,100.6527930174634,100.72645207129293,17631100
2015-05-19,101.22366333007812,101.6011537745077,101.05793393326339,101.44463351765923,14212900
2015-05-20,101.28810119628906,101.8957708958859,100.75408353410276,101.29730331064364,21131900
2015-05-21,101.8128890991211,101.95099805613071,100.96583113208172,101.11314220158218,16771800
2015-05-22,101.71163940429688,102.07992772249904,101.62877119605658,101.69322112490329,13543800
2015-05-26,100.54232788085938,101.62877459238017,100.1372170393625,101.49067261489012,25488400
2015-05-27,102.16278839111328,102.27327699337145,100.62519222172595,100.84616240172694,30572700
2015-05-28,101.9326171875,102.20883520288069,101.61957665961675,101.96944672451849,17302400
2015-05-29,101.3249282836914,102.00625702878257,101.08553985046467,101.86814804713197,30383000
2015-06-01,101.66561889648438,101.94183694062096,100.83697178859126,101.86817785891566,24570200
2015-06-02,101.34332275390625,101.84051079080479,100.79089394330124,101.28808198019978,19449600
2015-06-03,101.64716339111328,102.02465372762659,101.39856585470199,101.80368360321603,20507200
2015-06-04,100.873779296875,101.72084450243915,100.55152966544495,101.07633821506393,31374600
2015-06-05,100.63439178466797,100.99347092719167,100.01750592807561,100.75408249067097,22641700
2015-06-08,99.61239624023438,100.66201328758389,99.40983733205907,100.58835422560837,24549200
2015-06-09,99.44667053222656,99.80574969196233,98.70088479510875,99.37301146753332,27554600
2015-06-10,100.809326171875,101.10395540047881,99.67684792813829,99.7873294985429,30297900
2015-06-11,100.9566421508789,101.41700074981176,100.7817036354397,101.14999191948894,17593500
2015-06-12,100.12799072265625,100.63438796830074,99.9898817443428,100.4226199316182,27201800
2015-06-15,99.63080596923828,99.78732620515562,98.80215909597788,99.3822154195175,31238800
2015-06-16,100.17402648925781,100.33975585353159,99.48348864220276,99.52952028396456,16456900
2015-06-17,100.45023345947266,100.77248303717786,99.833354692935,100.3397519039817,23296700
2015-06-18,101.91416931152344,102.0891007688601,100.76327303516968,100.81851380859037,43032400
2015-06-19,101.41031646728516,102.0470747376906,101.33648799289914,101.96401594383862,27877600
2015-06-22,102.15780639648438,102.46234356086327,101.92709770359198,102.15780639648438,19120900
2015-06-23,102.24085235595703,102.33313441339858,101.81634925919018,102.26853626912254,18127900
2015-06-24,101.71483612060547,102.55461198989302,101.68715220764769,102.12088561910517,15815900
2015-06-25,101.51181030273438,102.21316659984983,101.34569978606675,102.11165422629352,18326700
2015-06-26,100.83816528320312,101.72409297296174,100.4598066396369,101.49338425057431,32311700
2015-06-29,98.45726013183594,100.27524605561848,98.41111556944352,99.72153946959632,50874900
2015-06-30,98.80792236328125,99.40776639511196,98.50338518764354,99.1955112919088,34809900
2015-07-01,99.59232330322266,99.9891425224605,99.1309059339075,99.78611775345459,21293000
2015-07-02,99.6199951171875,99.96144646364304,99.31546504134279,99.87839472677706,20499400
2015-07-06,99.38928985595703,99.9614498785905,98.7802226427908,98.99247067136778,24311000
2015-07-07,99.63847351074219,99.73075558170801,97.66360762125655,99.50004688395809,44230800
2015-07-08,97.9035415649414,99.04786179805829,97.71897741930107,98.9278887667883,39691500
2015-07-09,97.8481674194336,99.29701769535772,97.83893710054556,99.20473562848856,28381000
2015-07-10,99.34317016601562,99.71230550357994,98.78947068000464,99.14937569794533,26415800
2015-07-13,101.08732604980469,101.17037780327924,100.19217515655666,100.20140547605523,25780700
2015-07-14,101.75177764892578,102.02862389344416,101.1703871581613,101.22576203960219,21977200
2015-07-15,101.86251068115234,102.2593299579123,101.57643412372238,101.94556948081767,28631500
2015-07-16,103.30215454101562,103.3206081435464,102.49928553781395,102.70231036901477,29838900
2015-07-17,104.82479095458984,104.82479095458984,103.957331117947,104.13266492456447,35926800
2015-07-20,105.18472290039062,105.56308154068932,104.7233054596006,105.04629626001935,26539000
2015-07-21,105.12007904052734,105.38769484405175,104.81554197223888,105.22158435595516,35468900
2015-07-22,103.92965698242188,104.43721189446305,103.51437710092921,103.51437710092921,35575000
2015-07-23,103.54203796386719,104.37259050125344,103.27442212911916,104.03114620970015,25698300
2015-07-24,102.52694702148438,104.28033458638072,102.37006679195615,104.09577043877938,30844700
2015-07-27,101.67794799804688,102.38852776221029,101.45646959684511,101.94557095980674,35994800
2015-07-28,102.55463409423828,102.75765888724754,101.31803877779446,102.13013090916034,33553500
2015-07-29,102.94222259521484,103.16370097117756,102.3792928157787,102.77611205307515,26714100
2015-07-30,103.43133544921875,103.60666928945562,102.08399736397077,102.70229504625492,25438100
2015-07-31,103.31135559082031,103.80968723998691,103.09910752436308,103.7543194036365,22081700
2015-08-03,102.98835754394531,103.61588546076402,102.30546179468305,103.32980893891167,25001800
2015-08-04,102.79457092285156,103.12679202416967,102.37006774687195,102.94222787484672,22132300
2015-08-05,103.58820343017578,104.28032951100101,103.24675202899392,103.36672505569948,28989900
2015-08-06,101.92708587646484,103.81889975493377,101.4656685442207,103.68047314712656,42125400
2015-08-07,101.79790496826172,102.03784398867077,100.95812895783624,101.6779389783926,30006800
2015-08-10,102.96070098876953,103.18217941807049,102.43468531875955,102.44391564017651,21500800
2015-08-11,101.64103698730469,102.81304127227448,101.07810712583196,102.41622197714896,36123300
2015-08-12,101.99169158935547,102.19471635711493,99.86917592793898,100.93966055702941,41889000
2015-08-13,101.82556915283203,102.58230030444793,101.60409081419805,102.09319203898826,22510500
2015-08-14,101.98245239257812,102.13010226565684,101.3826085016484,101.58563323771716,17924900
2015-08-17,102.83148956298828,102.85917348250476,101.4749211813108,101.73331381769293,21224900
2015-08-18,102.30545806884766,102.7761057494889,102.16703145210961,102.693046963178,13984400
2015-08-19,101.63180541992188,102.53618672353309,101.041191644749,101.99171046914685,42511400
2015-08-20,98.817138671875,101.01348266335856,98.80790835373902,100.69049193529771,57747300
2015-08-21,94.49827575683594,98.25421274668587,94.49827575683594,97.42366009915895,97763400
2015-08-24,90.86231231689453,94.61824961975303,78.2010179080436,86.95872510920995,150829900
2015-08-25,90.52086639404297,94.81204982325046,90.44704495749367,94.19375216803968,75088300
2015-08-26,95.07968139648438,95.26425260627613,91.29605960415026,93.16941337933814,104103800
2015-08-27,97.48828125,97.55287941334595,95.31039025623434,96.45470359579319,69377700
2015-08-28,97.46983337402344,97.82050813268732,96.75924649481146,96.97150163865551,49919600
2015-08-31,96.2608871459961,97.46057509522085,96.02095518868725,96.9253292692178,39549400
2015-09-01,93.2524642944336,95.31961238451117,92.86486830699873,93.86153163353782,73155500
2015-09-02,95.88253784179688,95.90099144003908,93.85229704228314,94.94124239601508,43963600
2015-09-03,95.41189575195312,96.91611404131561,95.14427279728042,96.26090213463607,45131800
2015-09-04,94.27681732177734,94.91356861889119,93.75079466661785,94.10147643672418,49379600
2015-09-08,96.93457794189453,97.05454394326395,95.6887522452976,96.08557153065367,37343500
2015-09-09,95.84561920166016,98.10656155835647,95.59644987247634,98.07887764192951,47146700
2015-09-10,96.8884048461914,97.52516298742476,95.62412592198758,95.73486157043206,47686700
2015-09-11,97.4236831665039,97.4236831665039,96.1686270998926,96.44548039484313,29106100
2015-09-14,97.12835693359375,97.80202939549368,96.75922162737476,97.78356875781404,19718800
2015-09-15,98.27268981933594,98.57722703629163,96.99918014934637,97.35908520914063,30020200
2015-09-16,98.8263931274414,98.9186822565772,97.94970272602775,98.29115419808286,31329100
2015-09-17,98.86328125,100.33982243798678,98.4110942075309,98.72486167421265,56139800
2015-09-18,97.4571762084961,98.61352620398799,97.29066152683326,97.34617112592105,48384000
2015-09-21,97.76243591308594,98.5672578993778,96.88361290492963,97.99370586868486,35772600
2015-09-22,96.30082702636719,96.59685234540135,95.40349829303854,96.26382297926287,47359700
2015-09-23,96.37483978271484,96.81888131164678,95.87529570934166,96.5598529693861,21775100
2015-09-24,96.0233154296875,96.38409609740025,94.60793697427492,95.44051046045853,38284300
2015-09-25,95.20923614501953,97.14265710115517,94.61718548328437,97.05015050859666,44700000
2015-09-28,92.49874114990234,94.86695059369849,92.22122140280581,94.80219528026265,44077500
2015-09-29,92.01773071289062,93.67362515543076,91.35167182451671,92.73003937763373,49315500
2015-09-30,94.13612365722656,94.23788300118336,92.97052111777525,93.33130167987704,41411400
2015-10-01,94.5616683959961,94.57092117116908,93.05378364377842,94.30264715354876,39339100
2015-10-02,96.21759033203125,96.21759033203125,92.95205846545083,93.24808383715157,59370900
2015-10-05,97.59595489501953,97.85497620530312,96.71713158401431,96.9298960641181,32853500
2015-10-06,97.13341522216797,97.68846189759151,96.37484978560214,97.36468525841123,33051500
2015-10-07,97.71617126464844,97.92894271217244,96.47656778976446,97.74392958564594,37389300
2015-10-08,98.10475158691406,98.27126629428489,96.40260046070102,97.34618615506949,50188900
2015-10-09,98.54875946044922,98.73377967295616,97.88270081102311,98.1509748258086,23916200
2015-10-12,98.78929901123047,98.97431219740751,98.3822615322802,98.73379646693749,16162000
2015-10-13,98.1510009765625,99.22409732161366,98.05849437456186,98.22500908128355,26999600
2015-10-14,97.99372863769531,98.6412818407128,97.5866911627697,98.1509905501709,30902600
2015-10-15,99.60335540771484,99.61260818329524,98.2249882738276,98.35449890075394,38393800
2015-10-16,100.0196533203125,100.07515586247092,99.33508903062341,99.81613458866441,27091100
2015-10-19,100.59319305419922,100.65794836920307,99.66811309254405,99.89013736495728,23776300
2015-10-20,100.07513427734375,100.63018075261166,99.73285220632576,100.41741634836175,23404700
2015-10-21,99.46459197998047,100.68569721769028,99.4275949932679,100.58394491753097,30195200
2015-10-22,101.49050903320312,101.57376988937855,100.06588522377143,100.35266477526554,42778700
2015-10-23,104.33049774169922,104.75603359879455,103.67369193676086,104.21949268372573,53170900
2015-10-26,104.39527893066406,104.59879766447828,103.85873082475395,104.2565155159907,25918000
2015-10-27,104.60806274414062,104.75607189481302,104.09001307228401,104.1177714047238,31390500
2015-10-28,105.47762298583984,105.47762298583984,103.92348823735227,104.76531446094165,42221900
2015-10-29,105.31110382080078,105.48687127931115,104.88556786770229,104.9965800085194,24913300
2015-10-30,104.83931732177734,105.53312731666774,104.81156605122978,105.3573598594661,27199200
2015-11-02,106.02342987060547,106.1529405188148,104.89483102952329,105.11684827533914,22176900
2015-11-03,106.39346313476562,106.7727423016365,105.65339623959181,105.81065816103093,20418400
2015-11-04,106.40266418457031,106.81895428501595,105.95862988011925,106.7449462150081,28633000
2015-11-05,106.11592864990234,106.75423612462043,105.5608820473564,106.4952148472857,25004100
2015-11-06,106.18994140625,106.31019927377616,105.23711006946368,105.91241456389636,29924900
2015-11-09,105.06132507324219,105.93090244694649,104.41377195950469,105.79213904891714,33479800
2015-11-10,104.79307556152344,104.89483494002452,104.19177206796282,104.50630298091197,35452100
2015-11-11,104.6635513305664,105.58863133671092,104.48778387090283,105.0798345102113,22748800
2015-11-12,103.64596557617188,104.74681305091033,103.57195748120786,104.23801622028321,31196900
2015-11-13,101.61078643798828,103.32219012845303,101.55528389505012,103.21117798477626,52836000
2015-11-16,103.0724105834961,103.0909161356268,101.27776020582937,101.5090302028617,33980600
2015-11-17,103.13713836669922,103.8772049827534,102.87811716841975,103.24815047644684,30579500
2015-11-18,105.11683654785156,105.21859591120612,103.45169680330447,103.55345616665905,32966500
2015-11-19,105.19084930419922,105.67189487189236,104.98733056846754,105.17235080904203,26188100
2015-11-20,105.90316009521484,105.98641390636209,105.58862922934702,105.690388592616,22727600
2015-11-23,105.59786987304688,106.32868382628656,105.14458270734609,105.94014491217222,20696200
2015-11-24,105.50536346435547,105.75513192729842,104.38601059522023,104.91331290394312,26374400
2015-11-25,105.59786987304688,105.79213580120435,105.37585267769538,105.6626251824327,14159900
2015-11-27,105.74589538574219,105.95866689689721,105.38511474066232,105.8291562580378,8828000
2015-11-30,105.47762298583984,106.06042792764806,105.13534788825785,106.06042792764806,25041600
2015-12-01,106.5322265625,106.5322265625,105.77365411313733,105.90317181892681,28639400
2015-12-02,105.87539672851562,107.07800347839071,105.71813483196576,106.61546350656181,22395500
2015-12-03,104.08077239990234,106.34721600410468,103.46096331911335,106.16220279234182,42754300
2015-12-04,106.51371002197266,106.68947747945651,104.18251154082995,104.3952759872365,40037300
2015-12-07,106.03266143798828,106.65246328155409,105.52386466622555,106.58770797040243,25892100
2015-12-08,106.04190826416016,106.38419037399741,104.88555836879061,104.9225624123784,30792600
2015-12-09,104.43230438232422,106.1622069164963,103.79399677868284,105.5794018669796,48509200
2015-12-10,104.904052734375,105.60711537198144,104.35825197189928,104.67278277995962,30154600
2015-12-11,102.48960876464844,103.96973527680305,102.42485345029793,103.69220846798659,56022200
2015-12-14,103.26667785644531,103.31293467956421,101.18524785650068,102.6283774557665,53098500
2015-12-15,103.89573669433594,104.79306545945124,103.76622605378327,104.21952035351818,48428000
2015-12-16,105.44062042236328,105.6163808212537,103.50719957216691,104.59879424326624,44944100
2015-12-17,103.90497589111328,105.90315189757683,103.88647739822365,105.90315189757683,45668800
2015-12-18,101.91184997558594,103.8140517642729,101.91184997558594,103.58207541838257,53746100
2015-12-21,103.04389953613281,103.06245452958234,102.11599411781323,102.87687627766103,26432800
2015-12-22,103.72126007080078,103.86972832658144,103.04389312203072,103.59135388667073,26540300
2015-12-23,104.49140167236328,104.5656357849461,104.07384717795553,104.25942538005795,25656900
2015-12-24,104.47286224365234,104.7605177224066,104.42647122275119,104.49142431549772,11468600
2015-12-28,104.41718292236328,104.43574499291728,103.47072262542372,104.2223236576803,19183600
2015-12-29,106.05956268310547,106.29153897324406,104.9739082649474,105.03886134301202,27725700
2015-12-30,105.10382843017578,106.00389768857885,105.08527343940754,105.96678062768686,19520100
2015-12-31,103.79550170898438,104.92754746347667,103.77693963599067,104.73268817318225,29886800
2016-01-04,101.60565185546875,101.69844098923701,100.32514481900948,101.55925374890604,50807600
2016-01-05,101.42931365966797,102.2365937204011,100.9560871117409,102.10668756065391,38795200
2016-01-06,100.45500946044922,101.03958713275077,99.66629153070306,99.66629153070306,41891100
2016-01-07,97.3094482421875,99.55497775872837,97.25376910056566,98.31158075974135,61386300
2016-01-08,96.51143646240234,98.62705950636933,96.40936630858323,98.01463858345471,69344000
2016-01-11,96.8083724975586,97.48573947803335,95.32372526704225,97.1980910681898,50024100
2016-01-12,97.93112182617188,98.43219151525668,96.57638099835978,97.73626257142034,46734200
2016-01-13,94.55355072021484,98.57138233572543,94.40508247532638,98.33012497745946,69870700
2016-01-14,96.56710815429688,97.41150540919658,93.41222859210686,94.92471882245337,78445700
2016-01-15,93.56996154785156,94.59066298127361,92.33585295178207,93.36582834052236,91443900
2016-01-19,93.77410125732422,94.98966193527504,92.67917279131994,94.84119369883473,56563800
2016-01-20,93.48645782470703,94.48859723542168,90.23878931466759,92.29874018801806,86675000
2016-01-21,93.57926177978516,94.97111993341416,92.62352031365697,93.88547227262913,61660100
2016-01-22,96.28875732421875,96.3258743963259,95.1381564063278,95.46292193806826,42229800
2016-01-25,94.85975646972656,96.49286460651886,94.77624131627235,95.94540390914484,38881500
2016-01-26,95.71343994140625,96.12171348858064,94.42365204870973,95.25876829417844,36143900
2016-01-27,93.3287353515625,95.56498388845718,92.92973570996128,95.15671028914586,54524700
2016-01-28,94.64634704589844,94.91544045074775,93.0317936961587,94.87832338669722,47641500
2016-01-29,96.62276458740234,96.65988164441016,94.5906570415463,94.61849306446346,54245100
2016-02-01,96.8825912475586,97.24447373131353,95.78766276150752,96.15881920069342,32750300
2016-02-02,94.7855224609375,96.47430972844387,94.49786702021167,96.43719266901617,44928100
2016-02-03,94.33085632324219,95.41650382666022,92.67917894035712,95.41650382666022,61572900
2016-02-04,94.32156372070312,95.0731646571484,93.19879929340478,94.08030638974542,49321600
2016-02-05,91.04606628417969,94.02464130696967,90.67490276583978,93.98752424720016,70749900
2016-02-08,89.65421295166016,90.05321251524558,88.00253556515973,89.3480025025318,91673100
2016-02-09,89.37584686279297,90.73058788238475,88.31803528476438,88.4572225091063,73778400
2016-02-10,89.71914672851562,91.57495693563368,89.65419365444066,90.40579452293015,59421700
2016-02-11,89.5892562866211,90.3037402267048,88.32730455819463,88.5778358651614,76839200
2016-02-12,90.95327758789062,91.0460737846367,89.75628593865196,90.60067611006548,49186500
2016-02-16,93.00395965576172,93.00395965576172,91.72344569639579,92.29874958244108,40565900
2016-02-17,95.11029815673828,95.24020433909169,93.44006569882877,93.68132307149482,41766500
2016-02-18,94.02464294433594,95.42577480841972,93.90401072814547,95.40721981788947,38991500
2016-02-19,94.30302429199219,94.59067978312248,93.36584492480762,93.56997816839637,28257900
2016-02-22,95.83406829833984,95.92685742219653,95.09174822812999,95.18453735198668,23979100
2016-02-23,94.25662994384766,95.53713681620704,94.19167685059804,95.27732444320857,29869700
2016-02-24,95.15669250488281,95.2773176467829,92.57710979282831,93.15241363439829,40739100
2016-02-25,96.0938720703125,96.0938720703125,94.49787379723884,95.35155206658791,29389300
2016-02-26,95.97325897216797,96.8454923423446,95.74128261451305,96.82693026929249,30925000
2016-02-29,95.11029815673828,96.59494529746007,95.11029815673828,95.88046129451634,27553900
2016-03-01,98.1631088256836,98.1631088256836,95.72272027889964,96.01964971074923,37699800
2016-03-02,98.20020294189453,98.21875792983087,97.43932100812515,98.0424607666952,29209800
2016-03-03,98.01461029052734,98.12596144782987,97.30940753233968,98.0981254283427,25474600
2016-03-04,98.05175018310547,98.682726062758,97.4022193125906,98.12598430526589,31655400
2016-03-07,97.4486083984375,98.11670132593169,96.75267944552363,97.55067854454664,25861200
2016-03-08,96.64132690429688,97.62490413979371,96.47430368700923,96.7805140985957,28898500
2016-03-09,97.26304626464844,97.28160125821233,96.46504703362592,97.00323387861442,31047400
2016-03-10,97.11457061767578,98.22805412898252,95.86189281826131,97.67131237332914,44236100
2016-03-11,98.81262969970703,98.81262969970703,97.85688840933709,98.1630988458698,31454000
2016-03-14,98.97966766357422,99.21164401438189,98.41364480125497,98.44148083065487,25374900
2016-03-15,98.94253540039062,99.05388658024312,98.31155953993711,98.62705100984152,26524600
2016-03-16,99.82404327392578,100.08385559764253,98.67343572695897,98.70127882966138,31693100
2016-03-17,99.76836395263672,100.00034025255196,99.16523123634093,99.53638765272146,29623700
2016-03-18,99.92473602294922,100.17601051857507,99.39426133186717,100.00849182137253,37682300
2016-03-21,100.31562042236328,100.40868479649394,99.69208130529556,99.74791850970264,17288600
2016-03-22,100.62274169921875,100.85540619039313,99.72931090515199,99.74792094028896,18840300
2016-03-23,99.79444122314453,100.50173605451644,99.57107823395329,100.42728882514172,20912900
2016-03-24,99.8223648071289,99.85028340708323,99.14298144003088,99.31050014011285,19017300
2016-03-28,99.68274688720703,100.12015714258052,99.50591965196547,100.10154001236837,13892300
2016-03-29,101.28348541259766,101.34863117158258,99.32910554269463,99.49662422299234,29963900
2016-03-30,101.7767562866211,102.40960399097776,101.562701829113,101.88843779928057,23807200
2016-03-31,101.6278305053711,102.08385794674165,101.46962038098816,101.702284834618,21447200
2016-04-01,102.7073745727539,102.74460172925625,100.87397794204965,101.0135780038449,26389000
2016-04-04,102.31651306152344,102.78184192631063,102.07454006373469,102.70738760385949,17163000
2016-04-05,101.33003234863281,101.90704281843632,101.19974080712178,101.52546966089938,20107900
2016-04-06,102.99589538574219,103.03312254919346,101.4323900225655,101.4323900225655,25056000
2016-04-07,101.51614379882812,102.58640157578351,101.07873354300119,102.40026577524291,28567200
2016-04-08,101.44168853759766,102.39095626030718,101.08804117038326,102.14899037238114,22898000
2016-04-11,101.06942749023438,102.39095975532629,101.06011892488726,101.87910226691433,25772100
2016-04-12,101.91633605957031,102.11177334244692,100.52965084717295,101.14388839366124,28564100
2016-04-13,103.21925354003906,103.37746365204272,102.5677888606365,102.698080376446,25356700
2016-04-14,103.22856140136719,103.61013450727707,102.37235793003765,103.23786996746037,17199700
2016-04-15,102.96794891357422,103.35882337346509,102.70736594031362,103.14477611700968,21353300
2016-04-18,103.51707458496094,103.55429465021817,102.60502677833033,102.67017254306424,17126100
2016-04-19,102.88423919677734,103.71252420412108,102.26069297410243,103.71252420412108,42481400
2016-04-20,102.96794891357422,103.4425862436437,102.53053873687816,102.8841931437491,18078300
2016-04-21,102.97731018066406,103.34957480456953,102.5119811758715,102.91216440400738,20216000
2016-04-22,101.42308044433594,102.11176516220954,100.62271424504168,101.6371277416153,39074000
2016-04-25,101.42308044433594,101.4323819091882,100.9298258933275,101.11596169569526,14351900
2016-04-26,100.9298324584961,101.80465303564179,100.62272079023363,101.63713435279166,19118300
2016-04-27,100.12016296386719,100.35282740256346,99.29187813013687,99.89679999046304,33059800
2016-04-28,98.91030883789062,100.81816014855023,98.71487155392906,100.23184119631007,29818200
2016-04-29,98.3891372680664,99.11504916817084,97.60738107540043,98.91030332960702,67502800
2016-05-02,99.31980895996094,99.45940906044432,98.23094095683156,98.64042559113177,24813800
2016-05-03,98.39847564697266,99.05924198958787,98.13788543689195,98.612523015521,38569400
2016-05-04,97.76561737060547,98.1658005603608,97.52364432322037,97.80283743910492,27474500
2016-05-05,97.73768615722656,98.33331372497676,97.54224885702124,98.11925929121509,20788100
2016-05-06,98.25883483886719,98.27744486741727,97.16065854520116,97.25372288866012,30758500
2016-05-09,98.53803253173828,98.99405990686718,98.22161232893498,98.26814095268891,19289600
2016-05-10,99.88748931884766,99.9340179420854,98.71485866779673,98.89168589702194,21178900
2016-05-11,98.98477172851562,100.03641256662729,98.95685312844233,99.73860233191874,20966300
2016-05-12,98.54737091064453,99.33842875732994,97.84937743997682,99.21744577854263,29196300
2016-05-13,98.18441772460938,99.06853997298202,97.9889803991909,98.46361796112545,21059300
2016-05-16,99.41287231445312,99.77582831180007,98.24024142283287,98.33331288911135,18311900
2016-05-17,98.165771484375,99.61759513795313,97.90518137956862,99.32909354021756,29932700
2016-05-18,98.5194320678711,99.04990671258265,97.75629298073595,97.9424216945327,27524400
2016-05-19,98.00758361816406,98.37984820750809,97.29098014147091,98.13787515938101,27334600
2016-05-20,99.08714294433594,99.48732610594537,98.34261382029553,98.39845811982993,29549600
2016-05-23,98.95684814453125,99.55246858395022,98.86378378218873,99.19881406655065,15729800
2016-05-24,100.9391098022461,101.06009271896664,99.47797783725383,99.50589642570064,29931300
2016-05-25,101.66504669189453,101.97216544160766,101.14388064415459,101.32070788193273,37951700
2016-05-26,101.96286010742188,102.09315162348561,101.52544983191288,101.76742283332628,21885900
2016-05-27,102.49334716796875,102.50265573463231,102.0094082068032,102.02801823977435,19870000
2016-05-31,102.68879699707031,102.84701424823447,102.16763080600762,102.63295979098697,24366100
2016-06-01,102.69810485839844,102.93076934928759,102.28862018267615,102.37237599122498,19571500
2016-06-02,102.9121322631836,102.92143372811735,101.93493881816686,102.49333202945289,15696600
2016-06-03,102.4281997680664,102.76323715905022,101.75812498609879,102.7167085271866,20269900
2016-06-06,102.80046081542969,103.0703524323064,102.43750483764686,102.61433209361743,12502400
2016-06-07,102.53986358642578,102.95865670277408,102.49332786222946,102.8562837898259,12184300
2016-06-08,102.71672058105469,102.9307679335288,102.33514741307357,102.71672058105469,14568700
2016-06-09,102.54918670654297,102.66086109989709,102.10246783205955,102.2979051207849,17571600
2016-06-10,101.3858871459961,101.8139889838925,101.03223255355675,101.61855165139788,32965000
2016-06-13,100.53895568847656,101.37654908431433,100.40866417138571,100.80884728826624,25154700
2016-06-14,100.53895568847656,100.9019116432804,99.80373521326092,100.26906408868689,24588500
2016-06-15,100.2504653930664,100.92054018550145,100.08294669495766,100.78094008701815,24605700
2016-06-16,100.54827117919922,100.64133554062306,99.11505729213414,99.75721345656318,32079900
2016-06-17,99.36970520019531,100.48013992798381,99.13642107212323,100.34016802728723,29208800
2016-06-20,99.99490356445312,101.00268550131919,99.92025094119904,100.52679104642293,20562800
2016-06-21,100.31217956542969,100.51747074641374,99.93892351993749,100.12555510231705,22804100
2016-06-22,100.06957244873047,100.9560565386426,99.98559356739827,100.3681758922466,22724200
2016-06-23,101.49725341796875,101.515920134656,100.4241521442451,100.84406071924423,18714200
2016-06-24,97.31682586669922,99.37905708907108,97.10220129637639,97.8860398148729,68012700
2016-06-27,95.38523864746094,96.67296478498963,94.94666324082823,96.67296478498963,48222600
2016-06-28,97.4754638671875,97.52212355230702,96.3930289412448,96.43968150709591,28260600
2016-06-29,99.20174407958984,99.40703525910811,98.19396201900346,98.24061457481507,31356700
2016-06-30,100.34951782226562,100.41483710405393,99.03379170718546,99.36972147617325,36300800
2016-07-01,100.85340118408203,101.22665723219693,100.2655205945393,100.30284691127748,19902800
2016-07-05,100.23756408691406,100.46152206878266,99.69634297630266,100.32155010993218,21167900
2016-07-06,101.05872344970703,101.10537602052872,99.44439357077006,99.76166380099575,24579300
2016-07-07,101.3572998046875,101.58125059473973,100.88139814646766,101.1520086141116,19161700
2016-07-08,102.92497253417969,102.98095845348635,101.73055167458718,101.8985165517746,29457900
2016-07-11,103.5128402709961,103.89542256369778,103.26089652890151,103.27022276875412,20218500
2016-07-12,104.03536987304688,104.31531362630449,103.89539799641807,104.14734879820298,21906100
2016-07-13,103.78343200683594,104.34331242546303,103.77409864940019,104.2779931619443,21107800
2016-07-14,104.49262237548828,104.68858017487372,104.23133819037491,104.4739556597757,20871000
2016-07-15,104.32467651367188,104.79124482165919,104.09139235967821,104.73525178359888,17999300
2016-07-18,105.01519775390625,105.20182223319335,104.3713311976109,104.38999791710013,20713900
2016-07-19,104.63260650634766,104.95921001835171,104.44598203028885,104.65127322551399,18936700
2016-07-20,105.85501861572266,106.05097644821318,105.07118016649325,105.20181872148694,24997900
2016-07-21,105.6124267578125,106.13498110471183,105.32315661853167,105.9296898629245,18885400
2016-07-22,106.0510025024414,106.17230772780385,105.36048323936375,105.687079707085,20003400
2016-07-25,106.060302734375,106.08829569154001,105.70570629224001,105.96698338480253,12968100
2016-07-26,106.1816177368164,106.56420005221385,105.64973014371535,106.02298621870692,21223800
2016-07-27,106.91880798339844,107.19874473018652,106.47089922156195,107.07743951850517,27646100
2016-07-28,107.29205322265625,107.41335842204141,106.75083226675162,107.08676202426018,16939700
2016-07-29,107.52531433105469,107.8145843471841,107.18938464555846,107.53464056951525,22385300
2016-08-01,108.09455871582031,108.3651692301687,107.46935879608532,107.5999973727682,13990100
2016-08-02,107.27336883544922,108.02920710572437,106.58284983397233,107.93589488162203,21278400
2016-08-03,107.62797546386719,107.63730882356008,107.12408794873066,107.18940722804595,15011300
2016-08-04,107.93589782714844,108.03854341224206,107.33869103347635,107.59064187662128,12835300
2016-08-05,108.97169494628906,109.21431246445016,108.36515471052006,108.48646702923438,23196600
2016-08-08,108.85039520263672,109.05568641142668,108.50513206792017,109.02768633082705,12358200
2016-08-09,109.10231018066406,109.44757322426213,108.86902607210845,108.93434533773338,13276500
2016-08-10,108.82240295410156,109.19565193332679,108.53312574015371,109.16765897181169,14688400
2016-08-11,109.28895568847656,109.52223982680806,108.97168555832693,109.19563633773042,12969800
2016-08-12,109.36357879638672,109.37291215340255,108.98099658992285,109.10230175406691,19379000
2016-08-15,109.83015441894531,110.08210524058552,109.46623178259028,109.5035580939172,11777800
2016-08-16,109.2236557006836,109.63423101554287,109.20498897953152,109.624904774235,14161400
2016-08-17,109.41960144042969,109.45692775933226,108.64509634155274,109.25163656500176,15980300
2016-08-18,109.44758605957031,109.60621756336757,109.13031593270897,109.316947513,10036300
2016-08-19,109.41960144042969,109.66221183439538,108.95303313304849,109.25163656500176,18743000
2016-08-22,109.50357055664062,109.69020213451596,109.05566900827333,109.26095306503606,14500600
2016-08-23,109.69953155517578,110.11944727812251,109.65287899880411,109.93281569483497,11997900
2016-08-24,108.99034881591797,109.77418007857833,108.62642614121614,109.62488193680494,17728700
2016-08-25,108.81304168701172,109.14897137757427,108.57975757519141,108.71039610826949,24266300
2016-08-26,108.97169494628906,109.68088078130825,108.31850215039476,108.85038974684227,23896000
2016-08-29,109.12097930908203,109.41024933192237,108.98100741700033,108.99966701362035,11184900
2016-08-30,108.76641082763672,109.26097213661556,108.39316184526868,108.94370907774913,19843300
2016-08-31,108.65442657470703,108.76639840892554,108.19718452075749,108.5984335383306,16169800
2016-09-01,108.93436431884766,109.06500287286046,108.1598663541339,108.69175392954804,20944700
2016-09-02,109.28895568847656,109.69953093083849,108.87837332684771,109.475580151435,18088200
2016-09-06,109.97013854980469,109.97013854980469,109.23295983737482,109.47557732837791,18525200
2016-09-07,110.03546905517578,110.22210065164094,109.61556042184723,110.07279537446883,17546900
2016-09-08,109.39161682128906,109.73687283874297,109.10233960755588,109.70887987724865,20125300
2016-09-09,106.63884735107422,108.71974505944473,106.6201877519294,108.47712755495928,50813300
2016-09-12,108.55179595947266,108.70109413212127,106.0323225528882,106.04165591345004,39646000
2016-09-13,107.58130645751953,108.32781137567748,107.05875230288231,108.0105483872953,45863900
2016-09-14,108.09455871582031,108.68243943016175,107.66531666110964,107.69331674405753,28221800
2016-09-15,109.77421569824219,109.94218061178039,108.1132332861806,108.12256664784077,38521400
2016-09-16,109.7218017578125,109.83406126389222,109.17922485074962,109.65631883020863,27596500
2016-09-19,109.24472045898438,110.33922400616727,109.02956530207047,110.00245258594104,16222900
2016-09-20,109.45051574707031,109.89954664430714,109.26342370319897,109.63760779094167,18078600
2016-09-21,110.52632141113281,110.68535037446328,109.27278178127584,109.91826151575243,31546800
2016-09-22,111.40564727783203,111.52726352238973,111.05952630388423,111.17177866857928,22614400
2016-09-23,110.69469451904297,111.32146069407953,110.53566557381346,111.32146069407953,22213400
2016-09-26,109.76856231689453,110.19888682016038,109.60953338231116,110.06792097555017,16403900
2016-09-27,110.85371398925781,110.90984016816418,109.59082500414259,109.69372775687302,20238400
2016-09-28,111.04081726074219,111.10630018846858,110.47017726036776,110.99404781928268,14794300
2016-09-29,110.23628234863281,111.05950425753151,109.75919561917794,110.85369878030684,27207500
2016-09-30,111.05953216552734,111.3869468083412,110.41405248604865,110.52631199377223,25543200
2016-10-03,110.90049743652344,111.04081289248592,110.47017291456001,110.91920378495058,19216400
2016-10-04,110.73212432861328,111.47115007473221,110.31115650160397,111.22792469493379,21239700
2016-10-05,111.12501525878906,111.48049299478468,111.0127557508991,111.05953233012924,14481300
2016-10-06,111.06891632080078,111.30278500011619,110.52633927188367,110.98471988495228,11987100
2016-10-07,110.82568359375,111.33084076423975,110.28310658058264,111.17180464858366,19984200
2016-10-10,111.52728271484375,111.77050810871167,111.34954025735126,111.3963168420929,19687300
2016-10-11,109.93695831298828,111.45242954771643,109.45051472121969,111.43372319834621,27774400
2016-10-12,109.84342956542969,110.21762084561287,109.50665812697534,110.03987838167723,14267800
2016-10-13,109.45051574707031,109.74986729952687,108.458915067765,109.09503800887316,22821000
2016-10-14,109.58148193359375,110.43276715109866,109.51599900433214,109.993092995869,21313300
2016-10-17,109.2821273803711,109.73115826662736,109.14180478234702,109.48793290585922,14182700
2016-10-18,110.2550048828125,110.76951861811781,110.19887870699836,110.58241947023282,19276700
2016-10-19,110.24565887451172,110.40468781286977,110.04921010293353,110.17081920807144,13702900
2016-10-20,110.11471557617188,110.35794097335899,109.47859255537051,110.13342906516583,18132200
2016-10-21,110.52632141113281,110.59180434527504,109.83407223061437,110.19890674042169,15707800
2016-10-24,111.85467529296875,111.92951495892429,111.21855240655337,111.23726589159395,19143000
2016-10-25,111.49919891357422,111.93887303492146,111.33081323172003,111.92015954965797,20341800
2016-10-26,110.74143981933594,111.34949951295548,110.41402525726454,110.77885964601583,20463700
2016-10-27,110.23628234863281,111.31207916506044,110.07725343881452,111.2185331673498,19099800
2016-10-28,109.54407501220703,110.48890636332077,109.20730358284185,109.91826628229113,35369300
2016-10-31,109.44116973876953,109.94632687129753,109.38504354752354,109.94632687129753,18749400
2016-11-01,108.61792755126953,109.64694791076077,107.67309645762532,109.6282415640513,23498700
2016-11-02,107.74796295166016,108.79569705588602,107.47667446564351,108.54311492123739,26960100
2016-11-03,106.69085693359375,107.9256828417436,106.56924069526255,107.57019800613323,36205200
2016-11-04,106.31669616699219,107.14926804053074,106.12959695337916,106.42894855805477,26997500
2016-11-07,108.84244537353516,108.95470487126461,107.86020153253969,108.03793681589889,26591200
2016-11-08,109.55345153808594,110.04925202720158,108.47765411875808,108.73023630494168,20777900
2016-11-09,110.05856323242188,110.23629851300343,108.14083788119086,108.2718037246102,70234400
2016-11-10,108.28116607666016,110.74146127647451,106.83117784455028,110.59178907785677,72825400
2016-11-11,108.32792663574219,108.5617952103987,107.42986502841094,107.81341291665683,41115200
2016-11-14,107.23343658447266,108.45891300091986,106.67215332645071,108.3560102376204,35906000
2016-11-15,108.72086334228516,109.0950546241214,107.88829148717964,108.0473204624009,31796600
2016-11-16,109.3663330078125,109.44116554757312,108.20633942771778,108.20633942771778,16538100
2016-11-17,110.16145324707031,110.18015959235136,109.08565639729943,109.31016822618389,20598600
2016-11-18,109.74987030029297,110.47953928328731,109.64696753221898,110.29244723430051,16428700
2016-11-21,110.89115905761719,110.99406183376634,109.98374756090458,110.02116740105924,20268500
2016-11-22,111.2279052734375,111.49919370024601,110.95661684662899,111.33080802626498,18850600
2016-11-23,110.77888488769531,110.98469041277777,110.29244130422168,110.86308130118532,22926000
2016-11-25,111.1343765258789,111.1811459699089,110.77889163830902,110.90985750095975,7162800
2016-11-28,110.88177490234375,111.39628865589711,110.76952254673427,110.9940343950562,13479000
2016-11-29,111.26535034179688,111.79857057416216,110.6666471734255,110.98470510913947,18553000
2016-11-30,109.91825866699219,111.44307960084481,109.8808388288658,111.40565976271843,30405300
2016-12-01,108.01925659179688,109.89020585047636,107.85087087303152,109.88084910579356,39796600
2016-12-02,108.23442840576172,108.66475308209252,107.78540451139948,108.08475615334301,32876800
2016-12-05,109.07632446289062,109.50664187324384,108.29987892074932,108.79568639723625,21419700
2016-12-06,109.33827209472656,109.52537130283503,108.8798915247946,109.38504868102993,27293300
2016-12-07,110.72276306152344,110.86308566479407,108.78633112028025,109.11374576984232,26622400
2016-12-08,110.91922760009766,111.19987284648624,110.55439306205555,110.76955536923415,18578400
2016-12-09,111.78919219970703,111.82661203262796,111.32145499385052,111.3308117363566,21863100
2016-12-12,111.2840576171875,111.51792626730862,110.82567706133942,111.29341436158168,23259300
2016-12-13,112.68724822998047,113.29530803284679,111.62080795785947,111.62080795785947,54477900
2016-12-14,112.45336151123047,113.19238704342078,112.12594694307079,112.82755264788538,28746000
2016-12-15,112.63114166259766,113.29532776268144,112.33179008034716,112.60307856693429,22762300
2016-12-16,112.213623046875,113.1331023836863,111.98844720941112,112.90791938801162,26283900
2016-12-19,112.67335510253906,113.36765857703085,112.16671127593557,112.32621052350372,21138700
2016-12-20,113.10493469238281,113.31134166167188,112.8985205648843,113.02987370816345,11461800
2016-12-21,113.0204849243164,113.2268990438315,112.76716306013556,113.15183806251525,7079300
2016-12-22,112.70152282714844,113.05805186603541,112.26054836750235,113.02990577851953,16645000
2016-12-23,112.77655792236328,112.82347283256323,112.41064452907666,112.5138516049483,9007500
2016-12-27,113.35829162597656,114.01505754549784,112.97361648974601,113.02052425073371,16110600
2016-12-28,112.47632598876953,113.70542653887776,112.40127215068745,113.60221945852798,17975200
2016-12-29,112.31681823730469,112.7108777006929,111.96028926922153,112.44817139176742,13267500
2016-12-30,111.16277313232422,112.5419810954125,110.84376753805913,112.53260384132325,41749000
2017-01-03,112.1573257446289,112.57953131532948,111.54746768611992,111.90399667564017,22307600
2017-01-04,112.76718139648438,112.97359554956313,112.26991484127299,112.27929209680542,19749100
2017-01-05,113.40518188476562,113.48023571766754,112.6827323721801,112.6827323721801,20644300
2017-01-06,114.39971160888672,114.6999484063213,113.236294913604,113.5271472978722,24074300
2017-01-09,114.77500915527344,114.98142329524252,114.41847303779599,114.49353402655018,18909200
2017-01-10,115.02833557128906,115.3754872892813,114.55921511042882,114.82192142319693,16176600
2017-01-11,115.33795166015625,115.33795166015625,114.48414902344938,115.07524535908024,20686000
2017-01-12,115.15969848632812,115.23475948439689,114.09010431758597,114.92513823602133,19622500
2017-01-13,115.55375671386719,115.7507864507602,115.2159894054191,115.2159894054191,16930800
2017-01-17,115.20661926269531,115.43179511015033,114.86885191240721,115.2535270202174,14538500
2017-01-18,115.441162109375,115.55375359522242,115.08463314150659,115.37548553218319,12499700
2017-01-19,115.38484954833984,116.01346912722408,115.14090495123224,115.61002532201907,12710700
2017-01-20,115.63819122314453,116.18237266451797,115.32857000737586,115.89151311718527,22091000
2017-01-23,115.73202514648438,115.90090881168643,115.000198316679,115.56314148128232,17434200
2017-01-24,116.51073455810547,116.68900258807545,115.7601391081138,115.95716880313965,17640900
2017-01-25,117.68354797363281,117.71169405331028,117.1393665725035,117.24257363679388,15036200
2017-01-26,117.80553436279297,118.0494790202449,117.5991202032729,117.84306486072484,16052200
2017-01-27,118.03070831298828,118.143292639953,117.64602610729885,118.05885439472947,15053000
2017-01-30,117.11124420166016,117.63665688389978,116.46385560517854,117.63665688389978,25006700
2017-01-31,116.87669372558594,116.90483981331663,116.20115898720331,116.69842562567621,19091100
2017-02-01,117.68354797363281,117.91810818189101,117.1487509851325,117.70230964068129,22861900
2017-02-02,117.58033752441406,117.93686645374729,117.14874761262881,117.47713046309484,15101400
2017-02-03,117.9180908203125,118.04005953369338,117.5897080087421,117.7022923108757,16957200
2017-02-06,118.05885314941406,118.07761481764028,117.6084943716757,117.72108585566278,11630100
2017-02-07,118.49044036865234,118.73438499922801,118.19020357648606,118.30278789966731,17541100
2017-02-08,118.68746185302734,118.85634548428492,118.1057499768714,118.33093292402101,12569100
2017-02-09,119.11907958984375,119.38178593134216,118.74378174846991,118.80945833384452,17542700
2017-02-10,119.51314544677734,119.68202912645069,119.17537808743066,119.3817922690549,13915700
2017-02-13,120.18868255615234,120.33879024157893,119.83214638086729,119.87905413778672,19120200
2017-02-14,120.59210968017578,120.60148693588266,119.85089846133573,120.23557353342132,16333500
2017-02-15,121.30518341064453,121.36148990146087,120.44200333162338,120.50768707936439,17891400
2017-02-16,121.26763153076172,121.62416763992069,120.95801032803199,121.38021585305637,15098300
2017-02-17,121.79303741455078,121.80242898517096,121.07058798130997,121.08935680613169,15563700
2017-02-21,122.39350128173828,122.46856225867045,121.9619185599002,122.0275879669549,18479600
2017-02-22,122.4404296875,122.52486792720596,122.07451633235503,122.28093046258235,12110900
2017-02-23,121.98072052001953,122.62810917104267,121.49284545479249,122.62810917104267,17489000
2017-02-24,122.21525573730469,122.21525573730469,121.38961347197697,121.42713680913818,18624500
2017-02-27,122.36540985107422,122.37478710872189,121.7837049155931,121.99011911523297,12008700
2017-02-28,121.9900894165039,122.39352614349458,121.65232210990733,122.33723397846522,16598600
2017-03-01,123.32237243652344,123.54754106490896,122.5342536043373,122.76881380318449,25813800
2017-03-02,122.70315551757812,123.31300643446332,122.55303352324839,123.29425192248812,19951400
2017-03-03,122.9283447265625,122.96586806883212,122.29033337660235,122.61872346625535,13722700
2017-03-06,122.6562728881836,122.8626871056103,122.16839775283424,122.52491968767798,12026200
2017-03-07,122.4498291015625,122.98463334932123,122.23403767778942,122.41230576037566,15500900
2017-03-08,122.66561889648438,123.05028678022786,122.40291259306062,122.52487417338035,15776000
2017-03-09,122.75940704345703,122.92829781026737,122.1026414312315,122.63744549031153,20855300
2017-03-10,123.27549743652344,123.47253436655807,122.74070745458322,123.32241235476245,21922600
2017-03-13,123.4819107055664,123.51005679301595,123.1629121701897,123.22858160209765,10731600
2017-03-14,123.18164825439453,123.24733199289813,122.6843816952873,123.2004170820271,14019700
2017-03-15,123.94159698486328,124.23244929900633,123.0408796515147,123.4349390109746,22709100
2017-03-16,123.85719299316406,124.17620582326981,123.5757321378089,124.17620582326981,18457300
2017-03-17,123.81393432617188,124.14299304483214,123.74811397472168,124.01136668812866,21234500
2017-03-20,123.92675018310547,124.20881075467048,123.59769147144347,123.77631596544458,10105200
2017-03-21,122.04635620117188,124.50965535633334,121.97113909807287,124.3968368747826,35841900
2017-03-22,122.87374877929688,122.99597838379893,121.92414526037673,122.08399059527835,29177900
2017-03-23,122.56348419189453,123.05238826622009,122.35664071222594,122.71391842187128,20311700
2017-03-24,122.81730651855469,123.43782244138573,122.34721043829835,122.95832960415406,22967600
2017-03-27,123.0147476196289,123.23100216124342,121.66086851645485,121.94292905398193,18472400
2017-03-28,123.76691436767578,124.13358879251523,122.7421081990471,123.01475765497548,23721900
2017-03-29,124.34043884277344,124.38745132972274,123.7199084459151,123.85153480165503,13710000
2017-03-30,124.54729461669922,124.67892098544705,124.18062013617323,124.29343863904332,16092400
2017-03-31,124.4626693725586,124.80113919645511,124.22762128224704,124.36864439795521,19841400
2017-04-03,124.387451171875,124.86694410727698,123.69170366602003,124.56609001433753,23700300
2017-04-04,124.58489227294922,124.60370013826397,123.98316969865698,124.03018218884498,13400000
2017-04-05,124.07720947265625,125.49689502993616,123.84216133988942,124.76354600339957,32011200
2017-04-06,124.14301300048828,124.47208611824308,123.82335098942313,124.19943660202851,18832200
2017-04-07,124.07720947265625,124.4532807466034,123.63531783535863,124.10541410089232,16743100
2017-04-10,124.12419128417969,124.64129991767417,123.78572148281928,124.19940838961487,15619300
2017-04-11,123.58828735351562,124.19942101748963,122.69510744822779,124.01137106168382,33778400
2017-04-12,123.08998107910156,123.67289574692232,122.9583547235873,123.56947401428992,15955200
2017-04-13,122.60106658935547,123.6446805856258,122.58227307316723,122.92074286509802,23683000
2017-04-17,123.61649322509766,123.63530109010752,122.90195216289622,122.94896465232209,13325500
2017-04-18,123.42843627929688,123.78571392174184,123.11817111815179,123.20278497677452,12841100
2017-04-19,123.62591552734375,124.37805804148793,123.4566734193221,123.96438539718818,17764800
2017-04-20,124.6601333618164,124.93279724962508,123.93619538924978,124.12423103996578,21977900
2017-04-21,124.63190460205078,124.81994021636199,124.31224262310195,124.77294207243251,22454900
2017-04-24,126.13618469238281,126.25839991880163,125.79771493808077,126.01395511977003,22469900
2017-04-25,127.04818725585938,127.27382422126091,126.43705366677366,126.54988649567011,19384400
2017-04-26,126.86954498291016,127.40544710738459,126.79432788108659,127.09518194218559,25398500
2017-04-27,127.63107299804688,127.63107299804688,127.10456773631866,127.17978482316445,16136500
2017-04-28,127.85673522949219,128.18579387321142,127.64989180946587,128.13878139662478,22771900
2017-05-01,128.99440002441406,129.16364212380194,128.2234496828861,128.27985893394936,24815500
2017-05-02,129.21066284179688,129.26708644891536,128.82519477679128,129.15425358087901,18345100
2017-05-03,128.79690551757812,128.96613318913705,128.44902472683273,128.91912072052918,23827600
2017-05-04,128.84396362304688,129.21063809498702,128.39267527593546,128.77815761331294,14630100
2017-05-05,129.31402587890625,129.31402587890625,128.6935099443941,129.17300279065216,19330700
2017-05-08,129.59613037109375,129.59613037109375,129.1166373621529,129.37989011367324,13279900
2017-05-09,130.04742431640625,130.33888167546345,129.68073549491075,129.79356834237015,28426100
2017-05-10,130.12258911132812,130.16960158853286,129.66190413482568,130.12258911132812,20499400
2017-05-11,130.0192108154297,130.0568265482315,129.16364656786988,129.76536917691126,27232100
2017-05-12,130.3106689453125,130.33887356887362,129.96278801106348,130.07562085150508,19738600
2017-05-15,130.72433471679688,130.79955182443314,130.2448417950866,130.36707138827006,20481300
2017-05-16,131.26968383789062,131.2884917064853,130.67737226606098,131.06284032195,21786000
2017-05-17,127.9319839477539,130.47050050282743,127.91317608323119,130.22604130262368,55642200
2017-05-18,129.05079650878906,129.48329130115184,127.74392971904918,127.88496717895293,41319900
2017-05-19,129.59613037109375,130.14144374101417,129.4269026077731,129.5115164894334,36730100
2017-05-22,130.6867218017578,130.75254214495394,129.84055452137557,129.88755265657838,19509700
2017-05-23,130.81834411621094,131.081596788504,130.47987434523492,131.0722000309916,19687500
2017-05-24,131.42007446289062,131.48589480801957,130.8465566038628,131.21323101562186,15891900
2017-05-25,132.53897094726562,132.8774409055774,131.6363796097,131.9184402993269,23928600
2017-05-26,132.7739715576172,132.83038080609046,132.38848923145326,132.5671280824169,13851600
2017-05-30,132.8867950439453,133.04662603601975,132.62354231038765,132.70815618627446,20306400
2017-05-31,132.83978271484375,133.35689142288967,132.16285736072678,133.35689142288967,33229400
2017-06-01,133.35690307617188,133.41331233176106,132.54833693826185,133.11245818655232,20120700
2017-06-02,134.88002014160156,134.90822476844127,133.6107545490197,133.8269948035237,37222900
2017-06-05,134.851806640625,135.0868547712929,134.66377100533055,134.87061450801426,15727500
2017-06-06,134.31590270996094,135.13386560383643,134.11845597030174,134.69197397592228,22393000
2017-06-07,134.8423614501953,134.95517992161234,134.0714113185218,134.69192725750978,18842400
2017-06-08,134.9834442138672,135.19968447209595,134.25008086480614,135.14327521744488,25417400
2017-06-09,131.60813903808594,135.2936918298703,129.84998369521549,135.14327193651894,109783700
2017-06-12,130.90298461914062,131.1380327205485,129.2482511498603,130.49870877089393,104454000
2017-06-13,131.96539306640625,132.1534286589689,130.94998365113256,131.6363200197745,51193000
2017-06-14,131.39187622070312,132.50129626791303,130.32945431235757,132.50129626791303,60093800
2017-06-15,130.80899047851562,130.95001361866133,129.26707531272527,130.0662303505499,55145200
2017-06-16,130.24142456054688,130.83536402520645,129.76062532766284,130.7410828962736,48087400
2017-06-19,132.41917419433594,132.54172237776356,131.30671748944005,131.5047020707893,39626500
2017-06-20,131.38217163085938,132.45691039961582,131.33503106326938,132.28722161862973,40935100
2017-06-21,132.68313598632812,132.74912125258436,131.59896080387028,131.68380516846136,35743400
2017-06-22,132.64544677734375,133.13568274424347,132.30605485953322,132.89057195343375,24099100
2017-06-23,133.154541015625,133.32422978083102,132.12692852473893,132.49460190129884,21654300
2017-06-26,132.53231811523438,134.1444189015973,132.24006676713816,133.91816721805444,34411100
2017-06-27,130.1283416748047,132.19297536664178,130.1189193129129,132.03270890276983,65957800
2017-06-28,132.00437927246094,132.11750511503155,129.8549019519389,130.6090934161164,57427200
2017-06-29,129.71353149414062,131.4576323107684,128.45024446889676,131.4576323107684,88769400
2017-06-30,129.7606201171875,130.7316552880258,129.3363838245859,130.08115292623935,68898300
2017-07-03,128.39361572265625,130.5053745905554,128.3087713507021,130.3545449466186,32797000
2017-07-05,129.65687561035156,130.00568976952712,128.3653080391119,128.79896655290713,42116600
2017-07-06,128.4878692626953,129.21379349165883,128.02592925039966,128.66699473084137,48430500
2017-07-07,129.8737335205078,130.2225621419188,128.91213518544913,128.92155754294942,36970400
2017-07-10,130.72219848632812,131.03330885500446,129.62860101800086,129.95857048379355,24853500
2017-07-11,131.0899200439453,131.25018646527263,130.04346274034097,130.53369874899494,31517700
2017-07-12,132.64544677734375,132.79629082643294,131.94781822454675,132.2117881178127,36045800
2017-07-13,132.9376983642578,133.25824556545328,132.55118026755088,132.80571341739392,31073600
2017-07-14,133.98419189453125,134.15389509236854,133.10743759243857,133.5316740091055,34544800
2017-07-17,134.0501708984375,134.5215478187441,133.79562333359297,134.12559293192038,25343200
2017-07-18,134.94580078125,134.97408224912718,133.53166984625634,133.95590624969768,25748500
2017-07-19,135.7377166748047,135.93570134401287,135.2851987834088,135.34176172167273,33752300
2017-07-20,135.91680908203125,136.17135662741168,135.3040248866023,136.08651224071184,36139400
2017-07-21,135.8602294921875,135.8602294921875,135.1437418946979,135.4171341245108,39697100
2017-07-24,136.48248291015625,136.576749666762,135.68113635995334,135.8414027929374,26712700
2017-07-25,136.13365173339844,136.4541989788567,135.76597830313017,136.0299482333083,28120900
2017-07-26,136.5767822265625,136.65220428099718,136.25624928417955,136.47307869987554,18610600
2017-07-27,135.71884155273438,137.60434912738305,134.1538668133085,137.4723641725689,80665900
2017-07-28,135.60569763183594,135.8319637133473,134.6912253321552,134.90806905475057,38013200
2017-07-31,135.03067016601562,136.16197224624855,134.73841868702814,135.99228340759248,33848600
2017-08-01,135.3417510986328,135.53029900647485,134.92693707021036,135.49259517901973,20149400
2017-08-02,135.70941162109375,136.24678821178068,134.44612493512778,136.21850674756368,41769700
2017-08-03,135.18150329589844,135.91685030756688,134.9363924204374,135.84142825697458,27112800
2017-08-04,135.42665100097656,135.7283392853907,134.87042941003835,135.4832283432711,29472900
2017-08-07,136.2844696044922,136.2844696044922,135.4831376080989,135.67168546693972,17933900
2017-08-08,136.0487823486328,137.14238007865742,135.66224988427038,136.02050088882868,30810400
2017-08-09,135.8697052001953,135.93570488674624,134.6158406232906,134.92695117713475,36169500
2017-08-10,132.9564971923828,135.19081791756003,132.8245123053528,135.09655121840933,63331700
2017-08-11,133.96527099609375,134.257522263943,132.8339553478984,133.1356433568241,45862500
2017-08-14,135.6905517578125,135.89795875109877,134.99292313065123,135.03062695430245,34161000
2017-08-15,135.7848358154297,136.03938338271638,135.41716238947433,136.02994663763923,25509200
2017-08-16,136.02053833007812,136.6616184944221,135.5680204633718,136.12424183966536,31913000
2017-08-17,133.23939514160156,135.6999831139852,133.23939514160156,135.49257612893516,70191000
2017-08-18,133.14512634277344,134.05959875649722,132.59832736655738,133.3148295213907,60751900
2017-08-21,132.97544860839844,133.42796648020735,132.1552428832203,133.13571505497066,37111500
2017-08-22,135.00234985351562,135.14377156366257,133.64478199368594,133.69192256373492,36294200
2017-08-23,134.521484375,134.82315798137267,134.22923312388812,134.3234998323217,25702300
2017-08-24,134.12557983398438,134.9740524535665,133.37137395808884,134.82320840133127,38160800
2017-08-25,133.84278869628906,134.98351299898576,133.66366313174547,134.64413536336795,26380400
2017-08-28,134.2576141357422,134.56872471335967,133.82394092247014,134.2481773882082,15362100
2017-08-29,134.78550720214844,135.01177328490158,132.98484405493363,133.10740664791837,24498300
2017-08-30,136.36935424804688,136.59562037663164,134.8138159717175,134.89866037545536,33642700
2017-08-31,137.83062744140625,137.84006418768143,136.68046644798076,136.75588849176256,38480700
2017-09-01,137.6420440673828,138.19826531354403,137.27437068946335,138.0097174453023,22293600
2017-09-05,136.40704345703125,137.52892272995896,135.37944531395385,137.23667136681593,44794300
2017-09-06,136.82186889648438,137.13297938876764,135.83197449108889,136.7558692229931,30722700
2017-09-07,137.14239501953125,137.4912093186364,136.64273666151746,137.07639534927827,22721100
2017-09-08,135.9545440673828,137.0292829207293,135.81312235348193,136.96328324385235,27890100
2017-09-11,137.51947021484375,137.75515862715974,136.98210811510842,137.01981193155618,27126300
2017-09-12,137.84947204589844,138.0285975828744,137.19896957384154,137.90603497646296,30256700
2017-09-13,138.0380096435547,138.0568687474299,137.3875072200332,137.61377331069153,28450900
2017-09-14,137.22723388671875,137.9154400980371,137.14238950147688,137.50064053065003,35296400
2017-09-15,137.69859313964844,138.19825141360968,136.97266881538673,137.1989348656872,46422400
2017-09-18,137.51815795898438,138.2929006317054,137.10243604918733,137.8582927563849,24858200
2017-09-19,137.75436401367188,137.9527675715396,137.29139835070094,137.76380699655252,20871200
2017-09-20,137.3292236328125,137.85831910394157,136.27101827378408,137.70714485025601,34236200
2017-09-21,136.48834228515625,137.24418475114018,136.0064761338049,137.2347417661852,28841800
2017-09-22,136.3560791015625,136.5544827185673,135.91201368876042,136.05373055804958,21702400
2017-09-25,134.91990661621094,135.8930672334917,134.25853742244252,135.81748012323715,54947700
2017-09-26,135.26947021484375,135.86470963525812,134.79706163782043,135.60960496697115,29628800
2017-09-27,136.48834228515625,136.9985373913725,135.64745528749384,135.98757574712405,33249400
2017-09-28,136.4411163330078,136.58283320968175,135.84587661743168,136.15766816288715,24149400
2017-09-29,137.42367553710938,137.5276060183951,136.3560417749213,136.71506255109804,43102400
2017-10-02,137.54649353027344,138.10393223374822,136.93235368313844,137.63152362061365,27351300
2017-10-03,137.83937072753906,137.99998790987019,137.42364888302777,137.72599728513245,19715200
2017-10-04,137.9716796875,138.26457076615327,137.44258426583357,137.57485812125017,26381100
2017-10-05,139.32278442382812,139.39835713139072,138.3307232400234,138.47244008766555,31562400
2017-10-06,139.51171875,139.51171875,138.85034955761876,138.85034955761876,23561100
2017-10-09,139.35113525390625,139.84242996321518,139.17161762610198,139.69127012322738,13704800
2017-10-10,139.45504760742188,139.96524263663161,138.84090767554176,139.82352579984246,19223100
2017-10-11,139.87074279785156,139.89910057947702,139.2093735898861,139.3888911784983,12439100
2017-10-12,139.6156768798828,140.16367272405267,139.47394561409044,139.66292063514695,14513500
2017-10-13,140.1542205810547,140.31483782156255,139.6251251024946,140.18256395192253,18409900
2017-10-16,140.63604736328125,140.67383370827392,140.20142510364988,140.50377353065718,21809400
2017-10-17,140.81553649902344,140.8344368780207,140.3714857183254,140.58878961811635,13138200
2017-10-18,140.6455078125,140.97619964351298,140.43764684730928,140.9572992602861,17218200
2017-10-19,140.1258544921875,140.144754875292,139.14325082227697,139.82352044635664,27680300
2017-10-20,140.50379943847656,140.8155764882632,140.33372481273287,140.69276003181574,30173300
2017-10-23,139.58731079101562,140.80611874454638,139.38889281790856,140.79667576173847,29297100
2017-10-24,139.823486328125,140.11637731931958,139.30383404531298,139.86127266834558,20289500
2017-10-25,139.29441833496094,140.003031364475,138.25512787506838,139.5495230622813,36179100
2017-10-26,138.85031127929688,139.55892402223333,138.81251052628625,139.20933193231906,28230200
2017-10-27,142.8941650390625,143.15871271379393,140.96672978971415,141.18403371893632,60165100
2017-10-30,143.2154083251953,143.79174745591712,142.657969577203,142.79024342277353,31733400
2017-10-31,143.75396728515625,143.96182827465566,143.26267259794855,143.67839457694737,26319300
2017-11-01,143.7067413330078,144.3964540416336,143.13984509069297,144.33030989942975,29481600
2017-11-02,143.43267822265625,143.60275279331674,142.4500748054733,143.54605165858692,31017400
2017-11-03,144.81214904785156,144.83103501344485,143.46105283601557,143.95236186002572,26199200
2017-11-06,145.30345153808594,145.3601526882448,144.65153968732733,144.69876902064044,28693900
2017-11-07,145.38841247558594,145.57737295051598,144.87820333483867,145.18999460601532,21333100
2017-11-08,145.97427368164062,146.01206003047804,145.14282983953802,145.31290445122627,17373500
2017-11-09,145.20896911621094,145.28455622812663,143.71615609360302,144.77434682688764,40594500
2017-11-10,145.19952392578125,145.3129118115727,144.6137417801388,144.86884650220867,20150800
2017-11-13,145.37899780273438,145.56797274995765,144.65149903962933,144.65149903962933,12522400
2017-11-14,144.8499298095703,145.02944739315663,144.15077427362414,144.8688301912023,25173800
2017-11-15,144.169677734375,144.5570563126229,143.40437797822648,144.2263644693832,24808000
2017-11-16,146.01205444335938,146.34274625429669,144.86883362098135,144.89717698571684,34790600
2017-11-17,145.45465087890625,146.15382101720016,145.31293402096804,146.04989051578852,28725800
2017-11-20,145.3412322998047,145.69081005210816,145.13337136147115,145.5585362201474,21143900
2017-11-21,146.91909790039062,146.9852420349285,145.9648375670872,146.03096728485642,20147800
2017-11-22,147.09861755371094,147.2403343914549,146.76792570994988,147.05137380220665,17299000
2017-11-24,147.63714599609375,147.68438974441153,147.16473734645172,147.24978186013087,8280600
2017-11-27,147.57101440429688,147.92059218721855,147.23087960421148,147.5899147867371,22653400
2017-11-28,147.9488983154297,148.04338578708163,147.10801171807793,147.9016545796037,25227300
2017-11-29,145.36962890625,147.81670290218221,144.67045872879578,147.77891654353925,71986300
2017-11-30,146.58837890625,146.87182694204847,145.64356173143236,145.98369649103736,56595500
2017-12-01,145.96484375,146.6734567923974,143.85789059053124,145.6908386335489,59015800
2017-12-04,144.28305053710938,147.04191521431162,144.1413192976373,146.88129800965712,51319100
2017-12-05,144.37754821777344,146.02153572514942,143.70673592029632,144.25471733931857,40604200
2017-12-06,145.0294952392578,145.25625664335053,143.66895564824512,143.83903030550763,28647800
2017-12-07,145.520751953125,145.93647383572787,144.868825766022,145.0199999809261,32666200
2017-12-08,146.16319274902344,146.94739261979058,145.93644588685916,146.58835753234533,28081700
2017-12-11,147.29698181152344,147.3442255504179,146.21989088184907,146.22934827968695,20821500
2017-12-12,147.09861755371094,147.533225467305,146.78682609390538,147.23089140786158,20310300
2017-12-13,147.3820343017578,147.85444288279416,147.16471597440972,147.6938256952537,24418500
2017-12-14,147.2781524658203,148.01510894222537,147.11753522524697,147.63717330254934,24594700
2017-12-15,148.95046997070312,149.1111016290779,147.6088308789768,147.8544926505354,49816200
2017-12-18,150.19927978515625,150.32236753000066,149.6596151479892,149.93417883235168,26844500
2017-12-19,149.30921936035156,150.06665647801404,148.89262822329164,149.91516616509927,31415000
2017-12-20,149.14833068847656,149.85842558394518,148.56132353123613,149.83002294387984,38972600
2017-12-21,149.1672821044922,149.83003450200516,148.9968518040353,149.3566378685075,18638700
2017-12-22,148.99681091308594,149.0536161820089,148.5991595837103,148.94000564416297,23330400
2017-12-26,148.19204711914062,148.38140283322556,147.65236816473785,148.16364448437363,21918700
2017-12-27,148.21095275878906,148.6086184861806,148.06893960394424,148.2014900307704,22388200
2017-12-28,148.39089965820312,148.7128203377215,148.21100663206826,148.68440324951018,25393800
2017-12-29,147.4724884033203,148.5518319619922,147.41568312869276,148.52342932467843,33186000
2018-01-02,150.05723571777344,150.0951010831363,147.86066890692638,148.22991761860484,32573300
2018-01-03,151.5153350830078,151.64788557101508,150.17089029124267,150.1992929353214,29383600
2018-01-04,151.78033447265625,152.23479092066847,151.5625761981581,152.03597254518624,24776100
2018-01-05,153.30477905273438,153.40892690016713,152.21597246796293,152.50001336522683,26992300
2018-01-08,153.90126037597656,153.9770055768412,153.24797065957398,153.30477594849248,23159100
2018-01-09,153.91067504882812,154.36513166518887,153.44675570290903,154.20417858120518,24782400
2018-01-10,153.55093383789062,153.57935092868158,152.54733522931664,153.2290275760687,34004000
2018-01-11,154.60182189941406,154.6112990753957,153.57929817742095,153.81599642632787,20473500
2018-01-12,155.73802185058594,155.89897496424405,154.270489471221,154.4693079570089,37762700
2018-01-16,155.29299926757812,157.5652967965419,154.82906547469375,156.7699941060961,41231800
2018-01-17,156.9687957763672,157.20549401228766,155.2740427638188,156.031480008147,33849900
2018-01-18,156.99722290039062,157.3569944181062,156.3533961451003,156.72264483888387,26432200
2018-01-19,157.4895477294922,157.7451858904341,156.73211042290708,157.4611450946003,38937600
2018-01-22,159.1748504638672,159.1748504638672,157.25286163730806,157.4327546368143,26081400
2018-01-23,160.49090576171875,160.63293340600265,159.59145513559,159.66720032315794,37989700
2018-01-24,159.44943237304688,161.18206551156723,158.53104189338993,160.83174223421628,54287400
2018-01-25,159.39263916015625,160.6045332864235,158.88136274777995,160.5477280065856,28925000
2018-01-26,161.83534240722656,161.85428231492003,159.9701732365444,160.28260225544508,32038200
2018-01-29,161.04949951171875,161.81639955132164,160.70865344446023,161.49449338972056,37277800
2018-01-30,159.7239990234375,160.4056912365544,158.890830888341,159.58198583192012,44987700
2018-01-31,160.38682556152344,160.9454447495133,159.38322668518757,160.62352395488278,42449200
2018-02-01,159.02337646484375,160.69918986094157,158.51210009725204,159.15592692182747,38037900
2018-02-02,155.8516082763672,158.7771954037756,155.71905782406466,158.39848395345868,68478100
2018-02-05,149.7069091796875,156.93094461673147,149.5932986391769,154.39354623256088,105372200
2018-02-06,153.6739501953125,153.8633058821197,146.84758161394203,147.51979646914455,118537900
2018-02-07,151.68572998046875,154.84801548957472,151.67625280337535,153.18165037576267,91028300
2018-02-08,145.28536987304688,152.24430357493935,145.28536987304688,152.07387333789637,94184800
2018-02-09,147.79437255859375,148.8737158508582,142.14201797762883,147.33990157991516,113836600
2018-02-12,150.4170379638672,151.43957640042325,148.13527722681096,149.30929160266103,63050600
2018-02-13,151.19337463378906,151.49634087769093,149.3281912908301,149.55542680894234,31785600
2018-02-14,154.02427673339844,154.26097498098252,149.5932924731433,150.30338721589555,52107400
2018-02-15,156.88365173339844,156.88365173339844,153.7971106816023,155.40665645159513,51633900
2018-02-16,156.1830291748047,157.8872455578166,155.91791375955384,156.37238494548166,62256300
2018-02-20,156.4954376220703,157.81147955814131,155.56758435521527,155.63386681202076,36785600
2018-02-21,156.05044555664062,158.79613976576488,155.9557604679469,157.26233956795636,41161800
2018-02-22,156.03147888183594,157.56527881651635,155.63382758198966,156.73209640907825,37074400
2018-02-23,159.2222137451172,159.2222137451172,156.64693503627942,157.29076193694786,50096900
2018-02-26,161.3335418701172,161.3335418701172,159.83762145379552,159.9701719127196,39266700
2018-02-27,159.33580017089844,161.64597758447402,159.26006943821488,161.3808766793341,42209900
2018-02-28,158.31329345703125,160.76548431780174,158.2091456297015,160.24474518115306,42936300
2018-03-01,155.72848510742188,159.12748244442994,154.32723572389867,158.39844789924905,76809900
2018-03-02,157.1582489013672,157.43281264336105,153.34267247947818,153.853934582368,57445100
2018-03-05,158.9003448486328,159.307459093515,155.8327289006005,156.41975065760187,38540200
2018-03-06,159.57252502441406,160.11220410137696,158.56892650962502,159.6766728578498,29480900
2018-03-07,159.9417724609375,160.07433738139287,158.07660310006253,158.35116677849038,34609400
2018-03-08,160.82229614257812,160.93590670541016,159.96071084932066,160.60453774817742,25828400
2018-03-09,163.94671630859375,163.94671630859375,161.73122365637659,161.96792195973956,38310500
2018-03-12,164.81773376464844,165.19644520102713,164.06029644497576,164.42954515186534,37635000
2018-03-13,162.57388305664062,165.8876595894575,162.1572916952937,165.1964900822596,55638900
2018-03-14,162.54541015625,163.54902283986516,161.8353154287449,163.42593513075172,40536400
2018-03-15,162.4034423828125,163.35023561745697,161.80695802197263,162.6590806013036,28810400
2018-03-16,161.92056274414062,163.03777168650544,161.84481756123031,162.6780001263271,31176700
2018-03-19,158.46580505371094,160.47625819963685,157.08123814260344,160.36246333337064,71395100
2018-03-20,158.9873809814453,159.35722878223228,158.0011250027983,158.53218702748168,34075700
2018-03-21,158.2950897216797,160.0400117716977,157.60281353874873,158.57011326075258,43863500
2018-03-22,154.38800048828125,157.2045394398581,154.18884498437893,156.10447406765286,66607300
2018-03-23,150.3196563720703,154.86216134617078,150.24378829958258,154.20781188252477,80110400
2018-03-26,155.9053192138672,156.09499663565293,150.9360833227626,153.36380382992144,57481500
2018-03-27,150.8601531982422,157.06221742822177,149.53248414360013,157.06221742822177,78889100
2018-03-28,149.12477111816406,151.5240429076196,147.9772863852109,149.9972322715701,89369700
2018-03-29,151.85595703125,153.35431888005857,148.53680488360385,149.93084994324363,68692600
2018-04-02,147.4746856689453,151.4861290656429,145.92891873474397,150.7748820837208,85549400
2018-04-03,149.13421630859375,149.7601169339763,146.45993599977672,148.7643685700227,64090000
2018-04-04,151.48609924316406,151.95077125217992,146.0806116684279,146.2513184350684,65768700
2018-04-05,152.34910583496094,153.2310596639944,151.23956222064734,152.99397732408914,43054900
2018-04-06,148.53675842285156,152.16885980192058,147.8255117565408,150.67049842178386,59870900
2018-04-09,149.57997131347656,152.56721718836326,149.32393282990395,149.81705363035536,41810400
2018-04-10,152.8801727294922,153.37329354654352,150.85074860750734,151.93184343005336,48296800
2018-04-11,151.9981689453125,153.62929596129516,151.82747667334667,151.92230088987702,41622100
2018-04-12,153.82846069335938,154.35952264308526,152.8327123024469,152.91805844357725,30467900
2018-04-13,153.0318603515625,154.82420174967174,152.36803288380975,154.59661202950136,44604900
2018-04-16,154.1983184814453,154.75782918130977,153.13618004248727,154.1034797826683,28180800
2018-04-17,157.51742553710938,157.85882449707705,155.4405830698351,155.75353332233462,35536100
2018-04-18,157.83987426757812,158.37093616941692,156.76825791328454,157.51744589436908,29573900
2018-04-19,156.3889617919922,157.41315899859802,155.84840723696925,157.04331121318657,34705700
2018-04-20,153.91383361816406,156.10447177716878,153.37327902290036,155.99067690252605,49197100
2018-04-23,153.5250244140625,155.26994679198245,152.69998258251087,154.66301664008176,33040600
2018-04-24,150.27223205566406,154.49229355837966,149.2575129965099,154.25521128889727,70256800
2018-04-25,150.45236206054688,151.07826255694246,148.38501217107898,150.5377226521277,52089300
2018-04-26,153.6198272705078,154.131918588058,151.90333954327278,152.39647469856942,43005500
2018-04-27,153.71463012695312,155.91476015219357,152.84216926291492,155.87681889225448,51043400
2018-04-30,152.6240997314453,155.03284946885802,152.24475937925305,154.07504221148793,35615300
2018-05-01,154.3689727783203,154.38794340747702,151.8653851325926,152.22575473481902,36513500
2018-05-02,153.45864868164062,155.11822489618623,153.27846380594724,154.63456770977638,38646800
2018-05-03,153.43963623046875,154.00862495247145,150.9929456559059,152.6809701307795,60337100
2018-05-04,156.3509979248047,156.7113675760672,152.66199868594313,152.7758080060194,41543200
2018-05-07,157.65020751953125,158.16229877798284,156.9579169776442,157.08120436982844,32500200
2018-05-08,157.489013671875,157.83039824135489,156.341529144273,157.318306916782,26040200
2018-05-09,159.20547485351562,159.3192697013611,157.21397819410782,157.77348882315076,29122700
2018-05-10,160.85560607910156,160.9694154312959,159.59432641409032,159.71761384965237,27067600
2018-05-11,160.703857421875,161.0831832779089,160.00208867082307,160.6659161540593,24688800
2018-05-14,160.97889709472656,161.99361638153667,160.71336605096172,161.07373581193826,21821700
2018-05-15,159.19598388671875,159.7934357845565,158.35197165931174,159.70808964782313,49361600
2018-05-16,160.24862670898438,160.61847443172474,159.3287464423619,159.4046144970717,22941200
2018-05-17,159.63221740722656,160.84607733234424,158.85458070532368,159.68911483022399,27480200
2018-05-18,158.8072052001953,159.56585694092237,158.57012291362952,159.01582429964716,26217900
2018-05-21,159.69862365722656,160.74179151419202,159.01582550909544,160.0400227312921,22954600
2018-05-22,159.48992919921875,160.69431081604984,159.20544213806485,160.42877991207357,19477700
2018-05-23,160.8366241455078,160.8555803092064,158.25716778780853,158.27612395150712,26557800
2018-05-24,160.78919982910156,161.07370144968664,159.16755072101418,160.78919982910156,27696500
2018-05-25,160.9503936767578,161.52887492630407,160.46675111219355,160.77020885750298,27460500
2018-05-29,160.23916625976562,161.14007599425048,159.2813590955759,160.22019562641287,41220500
2018-05-30,161.38662719726562,161.67112880001466,160.47623943289182,160.81763846212016,22665800
2018-05-31,161.28231811523438,162.353920033033,160.86505104479156,161.38662041249307,35670900
2018-06-01,163.8143310546875,163.9091552576491,162.0409462621413,162.08836559879705,45543300
2018-06-04,165.2937774658203,165.33170426571945,164.12733663672074,164.23163895403206,20459600
2018-06-05,165.80581665039062,166.0808401269036,165.07561383697393,165.6825437367626,24779300
2018-06-06,166.77320861816406,166.80165734249366,165.1420808949282,165.97661539621862,25036600
2018-06-07,165.4170379638672,166.83953161383826,164.58251819572465,166.80160481679465,39600300
2018-06-08,165.42654418945312,165.84381134319102,164.2316401636846,164.63942923496663,31780300
2018-06-11,165.8722686767578,166.28004329886582,165.27481663284033,165.30326535204063,22319700
2018-06-12,166.74468994140625,166.9059041350945,165.91964834125116,166.09981869630116,22511800
2018-06-13,166.7352294921875,167.9870163809881,166.36536725123887,167.00076048285288,37858600
2018-06-14,168.42324829101562,168.69825735382278,167.38008052791284,167.50336793728496,35916000
2018-06-15,167.83526611328125,168.1671870588284,167.01022449538445,167.78784676815272,49615700
2018-06-18,167.7383575439453,167.8809055883527,166.25579987680038,166.77850020850585,31633200
2018-06-19,167.26312255859375,167.30113052404803,165.08680762861198,165.61900615290506,38236000
2018-06-20,168.4511260986328,169.14488408086777,167.88090492061724,168.03296583493164,33038000
2018-06-21,166.98757934570312,169.04985655002235,166.66444627809435,168.8787843964263,43469400
2018-06-22,166.61695861816406,167.6148240376374,166.0182277654172,167.54830644362585,30073200
2018-06-25,162.8629913330078,165.35294137859935,161.38043384859503,165.1058387969804,77799700
2018-06-26,163.52822875976562,164.46907459358818,162.86296606752697,163.46169669001256,39008100
2018-06-27,161.3043975830078,164.96328482068498,161.1903591656505,164.22200610521307,52843500
2018-06-28,162.69195556640625,163.24316551313595,160.77222637280659,161.1048578152334,46407700
2018-06-29,163.1291046142578,164.33606451632326,162.8915148816409,163.47123440927925,36408500
2018-07-02,164.22206115722656,164.26958201416406,161.24743242916057,161.59906066810476,31770000
2018-07-03,162.32127380371094,164.83971863488026,162.15971455994944,164.83971863488026,25512700
2018-07-05,164.33609008789062,164.4691397788063,162.53991200986482,163.3762326392368,31626200
2018-07-06,166.89251708984375,167.01606837992483,164.41207992821478,164.71620171877586,37005600
2018-07-09,168.3940887451172,168.43209671893888,167.09210174717504,167.7573500489949,27362100
2018-07-10,168.51760864257812,168.89774631527698,167.93788926585262,168.70767747892754,23902500
2018-07-11,167.66233825683594,168.28008032685415,167.0731202989266,167.19665711186786,30280600
2018-07-12,170.5513916015625,170.5513916015625,168.28953308380719,168.40357149602207,27930100
2018-07-13,170.69398498535156,170.96958272189627,170.0667445488083,170.54192406109962,28049800
2018-07-16,170.2853240966797,171.01710461041762,170.00022798863841,170.73199400104835,21405300
2018-07-17,171.32122802734375,171.6823546012742,168.47964928014878,168.47964928014878,31034100
2018-07-18,170.99806213378906,171.48275443157806,170.47537636363865,171.34019190227087,23220800
2018-07-19,170.14271545410156,170.9505261427616,169.9431482495394,170.38030512708124,31094100
2018-07-20,170.104736328125,171.22615281408937,169.91465295645455,170.6559462030538,35897300
2018-07-23,170.64642333984375,170.72245378379418,168.91677786927548,169.60103736350507,22184700
2018-07-24,171.34971618652344,173.012844296623,170.64644536520387,172.40461516783964,36900300
2018-07-25,173.74464416503906,173.84916973666705,171.3402224870537,171.42576582043793,35026600
2018-07-26,171.11216735839844,171.93897517605998,170.88407594258538,171.38776513050905,40873500
2018-07-27,168.802734375,172.30956085334125,167.8333787885038,172.19552243171236,59456100
2018-07-30,166.41732788085938,168.90726326401,165.61902997957318,168.8122360860422,60193000
2018-07-31,167.6908721923828,168.33712396692542,166.14179661037983,167.07314453408674,47285100
2018-08-01,168.32754516601562,168.8312341673675,167.35818963586163,168.0804570997395,37101900
2018-08-02,170.61793518066406,170.81751693378456,167.0635876111949,167.13961806470147,47178200
2018-08-03,171.14065551757812,171.15015388738092,170.19029648949385,170.94107374109615,28934400
2018-08-06,172.1480255126953,172.1955463620865,170.81752873770537,171.02660887396482,24808800
2018-08-07,172.77523803710938,173.09835655869747,172.26203614863422,172.6326755119441,29895700
2018-08-08,172.9843292236328,173.2979493975018,172.07197830862066,172.53765938521263,22680700
2018-08-09,172.8797607421875,173.5640201906148,172.62315982369643,172.8797607421875,18852900
2018-08-10,171.5587921142578,172.2240404417664,170.91254052373094,171.71083851674123,33818500
2018-08-13,171.3687286376953,172.97482304284017,171.29269818339372,171.87241770878288,26089200
2018-08-14,172.44259643554688,172.64217815843048,171.10258708549367,172.02443625527576,20913000
2018-08-15,170.3328399658203,171.61583041978747,169.27794089294196,171.07411882769944,58528000
2018-08-16,170.8935546875,172.0054729275456,170.56092325186526,171.6443318832938,27711800
2018-08-17,170.93150329589844,171.35916177794326,169.42043655872322,170.4468256164239,36092600
2018-08-20,170.7794952392578,171.3782260000378,170.11424689468353,171.31169391491724,24939000
2018-08-21,171.40672302246094,172.43311232215535,171.18814454700504,171.29268460071444,26258700
2018-08-22,172.0719757080078,172.2715574524811,170.8270079010965,171.04558638212865,18042400
2018-08-23,171.82489013671875,173.01283874869645,171.53977956957894,171.76787092355596,25776200
2018-08-24,173.42147827148438,173.56404079927302,172.35708100369013,172.39508897697198,23136100
2018-08-27,175.18914794921875,175.18914794921875,174.02021061728036,174.2958083048027,29343600
2018-08-28,175.4457244873047,175.8353750441727,175.07508516527307,175.65480456653518,20277000
2018-08-29,177.4700164794922,177.56504366348824,175.6833372049943,175.749854783659,29175600
2018-08-30,177.15640258789062,178.21130152645128,176.56717022043534,177.12789298155053,29315500
2018-08-31,177.38450622558594,177.88819534875773,176.74776741895988,176.93783632370486,28653200
2018-09-04,176.62423706054688,177.14692294236286,175.67387800076742,176.8428155839242,29063500
2018-09-05,174.34332275390625,176.33908207786902,173.74460655777725,176.31057247335454,42623300
2018-09-06,172.78477478027344,174.62847363849232,171.61583722118763,174.41939348954,46091400
2018-09-07,172.11953735351562,173.6020952307885,171.4827984960371,171.5398177218816,46629500
2018-09-10,172.69918823242188,173.20287719529824,171.75832787656364,173.1078355225081,26132000
2018-09-11,174.0297088623047,174.31481941902902,171.55878454045302,172.0054543623452,30116500
2018-09-12,173.5164794921875,173.89661714165774,172.02440949030708,173.7730803813069,36204000
2018-09-13,175.36972045898438,175.70235186275892,174.5239016479303,174.59993209740236,31133200
2018-09-14,174.8565216064453,175.7688579377419,174.16274923842084,175.49326026510477,31224100
2018-09-17,172.3380889892578,174.68547676235534,172.17652970747025,174.5619254580891,33071200
2018-09-18,173.7635955810547,174.60941431386883,172.39507661979943,172.48061993087097,31877300
2018-09-19,173.63058471679688,174.20080591180093,172.49965519754616,173.79214400507163,31843400
2018-09-20,175.55026245117188,175.78785212918598,174.40983489696876,174.8279950504853,33295800
2018-09-21,174.59046936035156,176.27259445624222,174.371876335511,176.0255063210254,38605400
2018-09-24,175.07595825195312,175.14261005146878,172.61010316342035,173.32415487436052,34945600
2018-09-25,175.3140411376953,175.4473302592193,174.40004821337016,174.99985652394057,25277500
2018-09-26,175.43775939941406,177.07531924815777,175.0950139769463,175.46632030733468,36210600
2018-09-27,176.92298889160156,177.55135793550843,176.05660259113182,176.15181530472515,33113300
2018-09-28,176.88491821289062,177.3514373189477,176.1042290763914,176.42792909573444,28076800
2018-10-01,177.24668884277344,178.54150329934453,176.7992152383203,177.91313425554816,27371300
2018-10-02,176.8468475341797,178.20829946800947,176.43746476607902,177.09438028739714,25618600
2018-10-03,177.0372314453125,178.00834591383887,176.7611378214499,177.58943322045806,29128700
2018-10-04,173.63841247558594,176.43749868532777,172.38167396205884,176.32324048482735,80557300
2018-10-05,171.5152130126953,174.20005438542753,169.87765328055065,173.61929175335973,83325600
2018-10-08,170.46800231933594,171.98178894204224,168.44960562830366,170.9154760295584,66864500
2018-10-09,171.02020263671875,172.34357830236922,170.18237705475053,170.5917598557608,49097900
2018-10-10,163.4988250732422,170.0585806953768,163.2798532444409,169.95385251161585,114471100
2018-10-11,161.470947265625,165.0887987187315,159.7667352080754,162.8228838293248,143084500
2018-10-12,165.96470642089844,166.47881738600185,162.7371779545644,165.82188732745325,102078400
2018-10-15,163.95584106445312,165.69811489230906,163.3369873765282,165.38394484477124,64885300
2018-10-16,168.7257080078125,169.1350907984661,165.37442029214515,165.67908941512553,71979700
2018-10-17,168.79225158691406,169.71575937801816,167.05949412610016,169.54439398704972,66987600
2018-10-18,164.8793487548828,168.21159119077706,164.1748267945595,168.154469359121,82486200
2018-10-19,164.72702026367188,167.63083428577764,164.12721200720088,166.2122459202444,82923700
2018-10-22,165.5743408203125,166.85010992890815,164.3176026339909,165.71714537447562,52909300
2018-10-23,164.9650115966797,165.78379157683545,160.72830714656826,162.46106529729448,77567000
2018-10-24,157.41510009765625,165.05069827895215,157.1294764647299,164.77460463449026,102997400
2018-10-25,162.8609619140625,163.8320766068038,159.14789768802768,159.86194961822082,83481100
2018-10-26,158.67184448242188,161.81367551274892,156.35830894532376,157.2818171623955,130970900
2018-10-29,155.40623474121094,161.7184575073842,152.41673835569682,161.09961840488236,111871900
2018-10-30,157.96725463867188,158.08149824668382,154.24466211850046,154.949198265214,92584000
2018-10-31,161.68040466308594,163.04185669767546,160.46174267553195,160.53790995771806,73828600
2018-11-01,163.81301879882812,163.9843988034086,160.6902330885115,161.91841045116647,52706800
2018-11-02,161.26145935058594,164.2795164773199,160.15705577276574,163.3084019845869,75966800
2018-11-05,160.86158752441406,161.52803293091299,159.0716931234567,161.47091111427312,39573500
2018-11-06,162.0802459716797,162.98470869533497,160.63309689737844,160.87111416820463,34410400
2018-11-07,167.16432189941406,167.16432189941406,163.63213856362262,164.02249044560256,51169600
2018-11-08,166.0979766845703,166.89771121842776,165.30775761156076,166.38358578421858,40296500
2018-11-09,163.2989044189453,164.94597997817758,162.00408979588408,164.54611267909692,50602700
2018-11-12,158.3576202392578,162.4610348313479,158.2148011892867,162.15638034076258,62578400
2018-11-13,158.49087524414062,161.3565967577484,158.04340179974332,159.10019862179,64128100
2018-11-14,157.28182983398438,160.6140720530409,156.37736699429652,160.0618701705922,75270700
2018-11-15,160.0333251953125,160.46175347494776,155.62525421372465,156.99622180307256,73254300
2018-11-16,159.47158813476562,160.2427618485222,157.8340279779939,158.47191258724223,65390700
2018-11-19,154.29234313964844,158.90035490695985,153.79726305295634,158.70994395897802,67280500
2018-11-20,151.53131103515625,153.64490545418477,149.598612057091,150.7791683624586,102652800
2018-11-21,152.68328857421875,154.20660466240017,151.59793058280061,153.6163265787538,42965800
2018-11-23,151.57888793945312,153.1307502856834,151.4646297988551,151.4646297988551,23503700
2018-11-26,155.08258056640625,155.15874786001842,153.0546681403313,153.70208287232188,42012600
2018-11-27,155.60617065429688,155.99652245839667,153.45448526505874,154.23518887325832,36608100
2018-11-28,160.6140899658203,160.6140899658203,155.6347715336953,156.7296454310953,70141000
2018-11-29,160.09043884277344,161.14723629312792,158.82419952230057,159.93811880336224,44885700
2018-11-30,161.25193786621094,161.34715058661743,159.50964968020662,160.3093987603254,36722800
2018-12-03,164.07005310058594,165.0030766562481,161.3852115378138,164.81266576105054,50771700
2018-12-04,157.77691650390625,163.67022745709684,157.58650556031822,163.21322375957703,70594700
2018-12-06,158.8907928466797,158.9098382941197,154.01620427626648,154.59696694011802,71715500
2018-12-07,153.6449432373047,159.10981154229478,153.1498631498835,158.19583317966627,80432200
2018-12-10,155.25392150878906,155.929882462292,151.76934497259472,153.3592986918324,73960800
2018-12-11,155.7680206298828,157.82449330114315,154.4541606686741,157.7864024031081,59058300
2018-12-12,157.1390380859375,159.56681766340148,157.05335533703771,158.04350099942525,53780000
2018-12-13,157.1865997314453,158.8241595946881,156.16787891518905,158.16722965185673,46378500
2018-12-14,153.35926818847656,155.95841235394641,152.9974773387515,155.3871797004755,56547400
2018-12-17,149.88421630859375,153.92099411494115,148.68461459356877,152.70234695216084,74834100
2018-12-18,150.82681274414062,152.28347757213587,149.5129524963707,151.04578460962753,63642100
2018-12-19,147.12326049804688,153.0165714982704,145.9902957626341,150.59830746038915,81856500
2018-12-20,144.99063110351562,148.39904103010286,143.18170519709375,146.76148062900677,99002100
2018-12-21,140.49684143066406,146.70432138674312,139.6875768998414,145.7141759333399,141129400
2018-12-24,137.01280212402344,141.29027089150622,136.9746168125307,139.47616993139565,56163300
2018-12-26,145.56773376464844,145.64410437689799,137.57610718480598,138.5213574124602,98982100
2018-12-27,146.1310577392578,146.25517091060647,140.43094290299098,143.57220516546255,85824300
2018-12-28,146.05465698242188,148.55620947691614,144.86116597260866,147.1813055025742,77856600
2018-12-31,147.286376953125,147.97382914407197,145.80645931746204,147.4868899125622,53015300
2019-01-02,147.8783416748047,148.7090069068481,144.05916974782303,144.16419755857441,58576700
2019-01-03,143.047119140625,146.3315953941148,142.7320356475282,145.7014429769087,74820200
2019-01-04,149.16729736328125,149.90249200849834,144.88028637457657,145.45315339882367,74709300
2019-01-07,150.94317626953125,151.6783707367254,149.05269078001254,149.53962981806083,52059300
2019-01-08,152.30859375,152.8719181615784,150.09346684693196,152.32767912162282,49388700
2019-01-09,153.5498046875,154.218156819009,152.26082841538826,152.90053792476,46491700
2019-01-10,153.989013671875,154.07494154520555,151.5256459868379,152.38496842709827,38943400
2019-01-11,153.42568969726562,153.58800275919504,152.5663672547756,153.08196363406662,30176600
2019-01-14,152.06988525390625,152.72869475522367,151.4206184377583,152.127170502893,30710200
2019-01-15,155.039306640625,155.2493622859769,152.6809665424357,152.76689442399248,40874200
2019-01-16,155.01058959960938,156.375936069967,154.95328980375896,155.29701573396457,33812200
2019-01-17,156.2327880859375,156.92978291818682,154.26591677611984,154.51415771896586,39329000
2019-01-18,157.7794952392578,158.51468970486118,156.41414865783207,157.33074150029034,57183200
2019-01-22,154.61917114257812,156.71971269824772,153.49250789671987,156.6433275147163,56711700
2019-01-23,154.81967163085938,156.1181906307849,153.072413346114,155.41165316912387,38106100
2019-01-24,155.8222198486328,156.0513754210594,154.73375637533113,155.32572339286796,32417800
2019-01-25,157.6840362548828,158.1614326886778,156.5382877275715,157.0729694023846,36515900
2019-01-28,155.73626708984375,155.74580977380063,154.43774819153273,155.6503392272823,33491200
2019-01-29,154.26589965820312,155.86040209232712,153.7121180142405,155.82220221675243,30784200
2019-01-30,158.19004821777344,158.76292966780966,155.52618298376,156.01312201800448,41346500
2019-01-31,160.5579833984375,161.35046328253006,158.94438100772962,159.16397930339883,37258400
2019-02-01,159.88009643554688,160.97811720591278,159.44089978258933,159.7655259293816,32143700
2019-02-04,161.86607360839844,161.86607360839844,159.765531695306,159.90874483318115,26718800
2019-02-05,163.29833984375,163.48929564012997,162.0189199821115,162.08574795479745,28156400
2019-02-06,162.81129455566406,163.62285980503665,162.07609992001036,163.336433581131,27970000
2019-02-07,160.6248016357422,161.78965011132664,159.40266791856885,161.38863885122132,42036200
2019-02-08,160.93992614746094,160.96856877557246,159.03989716079016,159.22129561583432,29020700
2019-02-11,160.78717041015625,161.91383397154402,160.3861590110485,161.52236525968118,21434100
2019-02-12,163.16456604003906,163.40326427665735,161.67509137457841,161.9615321723172,29722100
2019-02-13,163.27915954589844,164.37718033050018,163.09776109844697,163.8902265350124,26094100
2019-02-14,163.47962951660156,164.06205372565546,162.1524680656732,162.69669240289727,30326800
2019-02-15,164.16708374023438,164.75905064076144,163.40324655211333,164.72086533739756,32521700
2019-02-19,164.49172973632812,164.98822615409836,163.63242190121196,163.6610645244502,19487700
2019-02-20,164.4630889892578,165.25556890218667,163.5751385207738,164.6063021070828,32593000
2019-02-21,163.8616180419922,164.47268515839707,162.99276722967457,164.02393115130403,25207400
2019-02-22,165.07415771484375,165.18872821035853,164.12890741989287,164.21484986051362,27735400
2019-02-25,165.67568969726562,166.76415316248028,165.56110462741094,166.33449921523496,32608800
2019-02-26,165.8475341796875,166.3726732212991,164.9977690283467,165.27466714528026,21939700
2019-02-27,165.74249267578125,165.9430055910949,163.99521995569972,165.08368325701474,25162000
2019-02-28,165.36062622070312,165.95259330533082,164.89277233734396,165.22695576388438,25085500
2019-03-01,166.50633239746094,166.75457330535846,165.35102658401135,166.55407495601366,31431200
2019-03-04,166.5349884033203,167.84305011269169,164.6731450219927,167.60435186972703,38063500
2019-03-05,166.65914916992188,167.17473106651846,165.83802646868477,166.65914916992188,22319900
2019-03-06,165.71389770507812,166.8501038909385,165.44655678710947,166.8214612617981,27194600
2019-03-07,163.68014526367188,165.3510328938963,163.06907837023488,165.2937476490403,39407400
2019-03-08,163.43191528320312,163.5178431562374,161.68464235324817,161.8469554141968,39303200
2019-03-11,166.83099365234375,166.94557873082096,164.08119944166066,164.10984206903333,30518400
2019-03-12,167.74758911132812,168.17724305933953,166.8691812754646,167.27019259820761,33953500
2019-03-13,169.00794982910156,169.88635788065355,168.37779734948077,168.61649566465212,42426100
2019-03-14,168.72149658203125,169.32300633336354,168.6737540128178,169.12250793924832,23751500
2019-03-15,170.2872772216797,170.79331616739688,169.26564207947112,169.3802125369226,38192000
2019-03-18,170.69290161132812,171.20943636618364,169.87028462013257,170.2146362582028,32935100
2019-03-19,171.266845703125,172.17554706017555,170.539872941083,171.3911847843938,36893300
2019-03-20,171.9459686279297,172.99815832945106,170.49205234373844,171.27639999764403,50105000
2019-03-21,174.63380432128906,174.88249703098901,171.41028616962532,171.42942086898657,42428500
2019-03-22,170.79808044433594,174.3468149527814,170.61633731756828,173.87810976245936,70794500
2019-03-25,170.47291564941406,171.06596005852316,169.23898277791127,170.1763934448595,46336500
2019-03-26,171.266845703125,172.83555565918653,170.39639915673365,171.79294057157594,33248100
2019-03-27,170.1667938232422,171.9076865816609,168.92331567637072,171.52508016654647,37096700
2019-03-28,170.5590057373047,171.1998796260701,169.53552536421725,170.6068351967204,30368200
2019-03-29,171.8502960205078,172.0129044757049,170.82680124335678,171.8789907716897,35205500
2019-04-01,174.12686157226562,174.3372995173104,172.91207795691824,173.6199014125218,30969500
2019-04-02,174.78680419921875,174.95898726904687,173.87810319519832,174.3181136220957,22645200
2019-04-03,175.79122924804688,176.88167377617523,175.24601428173355,175.7720945453073,31633500
2019-04-04,175.7242431640625,176.4798959169721,174.71030846659704,175.83902216564402,28530800
2019-04-05,176.63294982910156,176.73816878233495,176.0207708090617,176.23120871552845,25674700
2019-04-08,177.08255004882812,177.22602382931026,175.64775386200049,176.3460172528495,22697500
2019-04-09,176.4607391357422,177.06335800963035,176.08769283178688,176.4798738321108,25631900
2019-04-10,177.40771484375,177.46510433906604,176.49901377841906,176.69031696130494,24563000
2019-04-11,176.98684692382812,177.7042448380507,176.66163003896673,177.7042448380507,20654100
2019-04-12,177.7521209716797,177.8668999975429,177.0155881662201,177.77125567449082,24989100
2019-04-15,177.78082275390625,177.98170065260715,176.59471925627292,177.76168805033893,21073000
2019-04-16,178.39297485351562,178.78515594190452,177.84774535080425,178.4312296593462,27195700
2019-04-17,179.0146942138672,179.76078690698398,178.48861406537347,179.58861840649482,29651600
2019-04-18,179.24424743652344,179.62685379325575,178.19205806226415,179.3112115764749,28580900
2019-04-22,179.7512664794922,179.81823064144288,178.3260303307729,178.45995865467432,17936000
2019-04-23,182.037353515625,182.2573514878714,179.95212361455012,180.21037639242633,33665600
2019-04-24,181.4634552001953,182.41998595122675,181.4060510949126,182.19041331659886,24977100
2019-04-25,182.199951171875,182.90778909578103,181.21472578598505,182.82170484159627,29517500
2019-04-26,182.362548828125,182.4008182247179,180.39209817304214,181.91297828889756,26359500
2019-04-29,182.71652221679688,183.0034843833008,182.06607366635453,182.36259588672448,21716200
2019-04-30,181.30079650878906,181.59733324356984,180.02862370389855,181.24340701028248,31495300
2019-05-01,180.71731567382812,183.00343777423998,180.59297662322922,182.4869030869885,34797100
2019-05-02,179.9329376220703,181.59730580477031,178.74683464865808,180.65989548580922,44110100
2019-05-03,182.80258178710938,182.93649550064933,181.09995831688713,181.4251752504127,30386200
2019-05-06,181.68344116210938,181.93213388653834,178.64166598547814,178.9190680583989,38371800
2019-05-07,178.144287109375,180.4686497604701,176.48947844979233,179.70342226295506,58818100
2019-05-08,177.69468688964844,179.03382384051133,176.91989946839934,177.56077319456213,37165300
2019-05-09,176.73817443847656,177.35035347810796,174.1746646756141,175.71467962467898,55351700
2019-05-10,176.95816040039062,177.80947204768606,173.16073276361803,176.10684875309516,58526400
2019-05-13,170.8172607421875,173.380756111166,170.31986067227348,172.45292012875942,67185800
2019-05-14,172.69207763671875,173.7347073823641,171.0851127736187,171.71642665362353,43360600
2019-05-15,175.13119506835938,175.57120559405928,171.51551034054117,171.5537797404279,40944500
2019-05-16,176.8911895751953,177.98164842601463,174.99726315184745,175.20770104283034,39281200
2019-05-17,175.08334350585938,177.51293924936002,174.93030971213705,175.14074759844019,44702300
2019-05-20,172.12770080566406,173.3042295090404,171.54421648040417,172.64423556992722,38608300
2019-05-21,173.92596435546875,174.40422966538463,173.05551798850212,173.6103074994644,31613800
2019-05-22,173.15113830566406,174.15549815178713,172.89287100911912,172.95983514342532,24332600
2019-05-23,170.5015869140625,171.23811959504536,169.43983731776225,171.16159539223554,45351300
2019-05-24,170.4154815673828,172.03202048735562,170.20504368457586,171.41984153614376,25903300
2019-05-28,169.7746124267578,171.85028196699938,169.755477729035,170.89375141782827,24763800
2019-05-29,168.37808227539062,169.30591813563825,167.47894116583115,168.72243387914747,42178800
2019-05-30,169.08592224121094,169.5641875525038,168.12939161862525,168.8276548863731,30354800
2019-05-31,166.3885040283203,167.67025159932712,166.31197982468566,167.09634196531633,45446200
2019-06-03,162.7250213623047,166.3885362204301,161.91197890794407,165.9389655592827,75842300
2019-06-04,167.30682373046875,167.36421324936268,163.92069616069443,164.55201005953415,47797800
2019-06-05,168.55029296875,168.93289943756213,166.79983991270717,168.90420468217627,34412700
2019-06-06,169.889404296875,170.30070545834934,168.09112205759428,168.83721477484926,29913200
2019-06-07,173.17031860351562,173.86859655189528,170.57812847375257,170.79812645702933,45888300
2019-06-10,175.1885986328125,176.8147125620153,174.2894720003072,174.32772680776458,41385300
2019-06-11,175.42771911621094,177.34078045704422,174.83467477111253,177.0155635320225,41260300
2019-06-12,174.41378784179688,175.31292895005043,174.08857093747076,174.94944264786312,27758100
2019-06-13,175.4468536376953,175.87728951984454,174.79641978831424,175.14077141313354,23715800
2019-06-14,174.70079040527344,175.15036106352287,174.0312217426154,174.54774196937956,22844100
2019-06-17,175.75294494628906,176.24077031802707,174.89205861348762,175.08336182227706,20379500
2019-06-18,178.30685424804688,179.55990686945484,177.36944384802652,177.8285889974028,48177300
2019-06-19,178.97645568847656,179.37819682165104,177.50340486683677,178.54601980261103,31672900
2019-06-20,180.6408233642578,181.51125518377071,179.0242841922342,181.47300037888544,40922000
2019-06-21,180.37306213378906,181.520896443057,179.99044096702966,180.4304516599267,39980400
2019-06-24,180.3787078857422,180.91554692736818,180.28283750212321,180.7334019751522,19375200
2019-06-25,177.28228759765625,180.3595457817082,177.01386805467098,180.25409420212338,33921100
2019-06-26,178.10678100585938,179.58310359894503,177.81919899349325,178.46148986739885,22595700
2019-06-27,178.78738403320312,179.20919038959585,178.2984800988948,178.74904464978982,19709200
2019-06-28,179.01747131347656,179.41050486317803,178.3751805645152,179.2187786829727,21179200
2019-07-01,181.4332733154297,182.68911142407103,180.58967507700524,182.44945000778995,31025600
2019-07-02,182.15220642089844,182.1713834245927,180.85804391300937,181.3757059906114,18035800
2019-07-03,183.52304077148438,183.52304077148438,182.42059000675758,182.61233075037268,15792100
2019-07-05,183.14923095703125,183.48474811499906,181.55787587069386,182.2672788270511,21415600
2019-07-08,181.86465454101562,182.018026712597,181.11689755111894,181.96051031978268,17598800
2019-07-09,182.77536010742188,183.0054256726565,180.84847323196257,181.0018600272989,19193500
2019-07-10,184.59681701660156,185.10489807664166,183.55189669521894,183.88742854744442,28374500
2019-07-11,184.46258544921875,185.34453764996246,183.8778110454052,184.8748106655649,23736100
2019-07-12,185.52667236328125,185.53625355279647,184.4913334125983,184.6638972182639,20211900
2019-07-15,186.12103271484375,186.15938672943233,185.44040254748813,185.9580647222689,15606100
2019-07-16,185.162353515625,186.06348253380398,184.59675623919964,185.89093338280017,20190900
2019-07-17,184.2516326904297,185.48829337908967,184.23245568772293,185.1623428441436,16765100
2019-07-18,184.46258544921875,184.81727964197137,182.80413264932957,183.37931123532533,28877000
2019-07-19,183.11090087890625,185.8142886411855,182.91917467389686,185.72801404309706,29387900
2019-07-22,184.5680389404297,184.96108715293536,183.52311873156737,183.52311873156737,18954900
2019-07-23,185.77589416503906,185.79507116969515,184.3379259989733,185.5745868133403,23786700
2019-07-24,187.0796661376953,187.0892619546044,185.04734232964356,185.06651933569205,20422900
2019-07-25,185.30615234375,186.47570086156685,184.951443611122,186.4469426707818,23434700
2019-07-26,187.21388244628906,187.4631396502938,186.38944669071915,186.4853170965318,20431200
2019-07-29,186.57154846191406,187.10838750344635,185.39241880799375,187.0412899371382,20451700
2019-07-30,185.7663116455078,186.49487691176398,185.0089881863579,185.1431979624516,18705000
2019-07-31,183.19715881347656,186.3894354196617,181.49077101314333,186.26482145296498,41627500
2019-08-01,182.28648376464844,186.91674449891423,181.40453142875592,183.5135491561314,63251600
2019-08-02,179.6022186279297,181.17439647331798,178.5093634747667,180.91555812374136,55214000
2019-08-05,173.25601196289062,175.92104551099516,171.78928539245075,175.84435210909214,75040000
2019-08-06,175.6813507080078,176.1990274154695,173.58192956969134,174.85691507903786,41897200
2019-08-07,176.63043212890625,176.87967469115088,172.4507371932824,173.7736726548356,49990600
2019-08-08,180.474609375,180.5321403964102,176.9372195162246,177.42612348993245,38418100
2019-08-09,178.7777862548828,180.22533554566266,177.3781575319805,179.61180307359666,33608900
2019-08-12,176.726318359375,178.2122073047734,175.9114637660263,177.6753681209171,24642900
2019-08-13,180.5992889404297,181.83593563594593,176.4100113068284,176.57297934404994,40241900
2019-08-14,175.20204162597656,178.26012302959205,174.87610567536257,177.69452571039088,51000500
2019-08-15,175.00074768066406,175.99773261418122,173.66823095430072,175.43213525163043,36685000
2019-08-16,177.80955505371094,178.26011958817796,176.4866342715324,176.59208585678573,32781400
2019-08-19,180.63760375976562,181.0210708196773,179.74607027254467,180.37877995056948,22494100
2019-08-20,179.23793029785156,180.83886634881532,179.18999510264842,180.1869945029096,19902900
2019-08-21,180.82933044433594,181.40450904750693,180.18703962552067,180.8101534358988,20418500
2019-08-22,180.24452209472656,181.62497388692196,178.82571629287642,181.16481353767767,24243700
2019-08-23,174.54058837890625,180.65673655286332,174.05166982565626,179.01746098475311,55372400
2019-08-26,177.1768798828125,177.22480045872123,175.50883133806298,176.52499329387103,27598900
2019-08-27,176.80294799804688,178.7106574362955,176.1127368304555,178.41347972980432,28012800
2019-08-28,177.43568420410156,177.73286195546027,175.3458441282444,176.22779619374302,21792400
2019-08-29,180.148681640625,180.66635846262503,178.9599558158205,179.64060063651797,25358900
2019-08-30,179.71728515625,181.15525350307374,178.70112319827118,181.1168994889403,26319800
2019-09-03,177.9725341796875,179.43926064882555,177.37817864070257,178.51896914509211,27964200
2019-09-04,180.54173278808594,180.6951195991559,179.17086193427667,179.68853876469495,21592100
2019-09-05,183.84901428222656,184.37627217961688,182.46856256097482,182.53567476053723,33932600
2019-09-06,183.66688537597656,184.2229015138667,183.26425602669806,184.1558039362049,19487800
2019-09-09,183.28346252441406,184.31880157248523,182.35357508201045,184.24210816583866,24407600
2019-09-10,182.7562255859375,182.85209601225196,181.0977725306654,182.29607972072944,23744700
2019-09-11,184.47213745117188,184.56800784755427,182.67947513541714,183.10128147506973,25063600
2019-09-12,185.2390594482422,186.65786527105584,184.98981689287876,185.60334940650097,28689900
2019-09-13,184.5775909423828,185.40202662537243,184.33792957672034,184.9706390927338,27669800
2019-09-16,183.7531280517578,184.13659495670058,183.2067078253936,183.3888527767706,20319000
2019-09-17,184.63516235351562,184.63516235351562,183.3793242353555,183.77237247170092,20953400
2019-09-18,184.55841064453125,184.6351040294286,182.2480717932141,184.2516371049419,29781300
2019-09-19,184.8651885986328,186.0155602350535,184.51049445624344,184.88436560377437,26039400
2019-09-20,182.9095916748047,185.31578697359,182.29605904817802,185.12406077047635,29086100
2019-09-23,182.990234375,183.537771245626,182.2409841942349,182.85575394915156,22485900
2019-09-24,180.55999755859375,184.22940093960443,179.77231590994003,183.82595960392908,40820700
2019-09-25,182.58677673339844,183.0670660194215,178.86934234990503,180.3774430862392,34704900
2019-09-26,181.91444396972656,182.50999822096284,180.56962466215663,182.34670156037456,26826000
2019-09-27,179.6570281982422,182.3466514164855,178.4274886682911,182.25058768619323,40773500
2019-09-30,181.36683654785156,181.6550130488609,180.0124172531937,180.3870423073261,26307700
2019-10-01,179.88763427734375,183.0767489505126,179.58985713111136,182.02972135334954,32367600
2019-10-02,176.79452514648438,178.69646700270863,175.8051301882238,178.66765081225589,48544300
2019-10-03,178.73487854003906,178.8693589663277,174.65241922959493,176.77528986295624,39392500
2019-10-04,181.36683654785156,181.62619686448653,179.5129269525276,179.70503973411192,31887600
2019-10-07,180.81935119628906,182.26021933738292,180.50235844637618,180.84816738652944,21216000
2019-10-08,178.11050415039062,180.45431856770648,177.9664232055835,179.6858526617765,32379300
2019-10-09,179.84918212890625,180.66568005130287,179.08071608263955,179.61865257511573,20147400
2019-10-10,181.2420196533203,181.96245382767165,179.7435189158329,179.8972150574395,25177700
2019-10-11,183.57620239257812,185.03628617190788,183.20157727270774,183.30724151971057,40976700
2019-10-14,183.55699157714844,184.14294520654917,183.13433457793892,183.31684688734927,14975000
2019-10-15,185.89120483398438,186.32346234242564,184.0084640243547,184.1237287846674,23234200
2019-10-16,185.43014526367188,185.9008342034644,184.84419154567334,185.2572480963629,20457100
2019-10-17,185.92001342773438,186.83256027655185,185.20917990122254,186.5443837302758,19045200
2019-10-18,184.13336181640625,186.03530383242418,183.1919986489002,185.583830601042,27700800
2019-10-21,185.7663116455078,185.89119156511174,184.56558828706244,185.11312517400196,15801200
2019-10-22,184.2870330810547,186.75571276681055,184.2293860458164,186.49635240867647,22392300
2019-10-23,184.64242553710938,184.68084223313406,183.6145993669317,183.91239105450657,14828400
2019-10-24,186.43869018554688,186.55396958030144,185.1419179170002,185.95840090298907,18998500
2019-10-25,187.92764282226562,188.02370656873958,185.43974715565054,185.4781638598782,21507100
2019-10-28,189.78155517578125,190.03130038009007,188.80176072349929,188.80176072349929,18818700
2019-10-29,188.31187438964844,189.75274268825214,188.28305819625797,189.46458075434762,18569700
2019-10-30,189.2244415283203,189.5414343220832,187.59144568337132,188.6769045234742,21764300
2019-10-31,189.31088256835938,189.85840489412004,188.2158232595679,189.7719563148847,26801800
2019-11-01,191.03028869628906,191.03990386430874,189.83918044331378,190.12734233853791,22131900
2019-11-04,192.21176147460938,192.62480318931247,191.03023938013757,192.29821002085916,19015900
2019-11-05,192.31744384765625,192.64403704693694,191.6834584674531,192.45192426249335,15048900
2019-11-06,191.8851776123047,192.1157217550266,190.95341518921148,192.0965060788165,19725500
2019-11-07,192.52880859375,193.76796349723455,191.9716857686282,192.84580136772814,17832400
2019-11-08,193.2972412109375,193.3164568883277,191.67386091724669,192.18298109584964,15258800
2019-11-11,193.03793334960938,193.1147667596911,192.05813881246058,192.3174992076144,10147600
2019-11-12,193.5950469970703,194.23864769842962,192.90344373827645,193.20122082433465,14778300
2019-11-13,193.64303588867188,193.82554816729953,192.79773669009057,192.92260194078352,15774600
2019-11-14,193.4893341064453,193.61421401073278,192.32704224609463,192.91299575943972,16945400
2019-11-15,194.91104125976562,194.91104125976562,194.03691106346787,194.66128139952696,18427900
2019-11-18,195.064697265625,195.3720747862787,193.8159421930423,194.6036089987458,18365900
2019-11-19,195.35293579101562,195.80440906875657,194.60368538482246,195.80440906875657,16923300
2019-11-20,194.18099975585938,195.42975513502236,192.71131535536787,194.84380147711423,36629000
2019-11-21,193.74876403808594,194.10418820323912,193.14360928916108,193.969693084288,17883600
2019-11-22,193.87362670898438,194.34431561155182,192.82659930369675,194.229036185192,17189600
2019-11-25,196.16943359375,196.20785030240407,194.68053329547163,194.70934949128005,17752800
2019-11-26,196.54400634765625,196.7937515304405,196.0060846264178,196.29426116487198,14780600
2019-11-27,197.9176483154297,197.92726348402437,196.81298856496463,197.05313326352393,16963100
2019-11-29,197.01473999023438,197.71595848938207,196.91867623647894,197.41818137291952,9854600
2019-12-02,194.99746704101562,197.09152147424373,193.8255599088774,197.02428859014643,28007000
2019-12-03,193.47021484375,193.5470629206112,191.3761450567797,192.31752300537565,31104100
2019-12-04,194.449951171875,194.91103952948296,194.17138978093027,194.45956634011807,15300100
2019-12-05,194.8341522216797,195.14152974089694,193.8831741651095,195.14152974089694,14962300
2019-12-06,196.9186553955078,197.06273635362115,196.1021575468138,196.25585367364764,16555300
2019-12-09,196.02532958984375,197.48539886354445,195.93886635530282,196.5632513914461,13984100
2019-12-10,195.86199951171875,196.80337723153923,195.4201414987379,196.1213598759361,21799800
2019-12-11,196.89939880371094,197.10112676042414,195.9964525677625,196.30384475756043,18780800
2019-12-12,198.36911010742188,199.1471911980904,196.4287516079421,196.69771248227136,32612000
2019-12-13,199.02227783203125,199.7138955804634,197.84077028565378,198.26341254768153,32519400
2019-12-16,201.02027893066406,201.27002407912096,200.2614136617981,200.32866119634355,21296600
2019-12-17,201.1355743408203,201.44296656173643,200.7993659313518,201.27965528358234,15996100
2019-12-18,201.28929138183594,201.84642884722805,201.07796287229863,201.30850706195827,15443300
2019-12-19,202.54763793945312,202.6148708308799,201.35651500032137,201.37573067955844,17865900
2019-12-20,203.3641357421875,204.14220219267574,202.94147874259667,203.5082166932895,27672600
2019-12-23,203.9012451171875,204.2285463656189,203.72797317003298,204.08415307632347,23774700
2019-12-24,204.00717163085938,204.17082228171165,203.5450983408621,204.0841862940331,7089000
2019-12-26,205.8073272705078,205.82658460704587,204.30557817950617,204.3344568397913,17067500
2019-12-27,205.63409423828125,206.5486195948785,205.08537021089492,206.52936225469475,18134100
2019-12-30,204.2863311767578,205.65330826093788,203.2755340211966,205.52815760967457,21815500
2019-12-31,204.67140197753906,204.81579528450203,203.3140461359092,203.6317261002722,18170900
2020-01-02,208.08888244628906,208.08888244628906,205.99027304980757,206.39458905704603,30969400
2020-01-03,206.1827850341797,207.42462630603234,205.31639576143465,205.3356530998865,27518900
2020-01-06,207.5112762451172,207.54015491021366,204.31524823238857,204.56553489290675,21655300
2020-01-07,207.48239135742188,208.06961534518254,206.827788716139,207.58828468928186,22139300
2020-01-08,209.0419158935547,209.99495596195464,207.12622911991602,207.45353046860188,26397300
2020-01-09,210.813232421875,211.21754846089803,209.5810269632197,210.76509641243345,23547000
2020-01-10,210.2741241455078,211.6603589222655,209.89868678422323,211.64111627023362,21898500
2020-01-13,212.70001220703125,212.72889087103113,210.8035682627954,211.14050559485497,22756900
2020-01-14,211.8625030517578,212.95031503349864,211.53520173144415,212.59412035993765,24418100
2020-01-15,211.9490966796875,212.9406364565359,211.25597949930219,211.97797533811664,25742100
2020-01-16,213.98031616210938,214.01883083341846,212.55558179358067,213.00803370268156,18805000
2020-01-17,215.039306640625,215.21257864059965,213.82634388461395,214.94303462571878,24325200
2020-01-21,214.94302368164062,215.48211168395406,214.34617834894308,214.44243566990113,21146300
2020-01-22,215.51095581054688,216.74316095808442,215.2414118525883,216.03080107878418,20736400
2020-01-23,216.20407104492188,216.30034303860805,214.3846420009869,215.38581785476504,26496100
2020-01-24,214.3846435546875,217.44591376975796,213.3931037065184,217.21486979666307,37436500
2020-01-27,209.95645141601562,211.0923847858952,209.07079002611857,209.54249938714563,42264400
2020-01-28,213.1813507080078,213.67231739217365,210.8805906940185,211.43893603364953,26731900
2020-01-29,213.5278778076172,214.60605364802205,212.58447394726292,214.36538834871425,28924500
2020-01-30,214.28842163085938,214.38467895209246,211.48707358685505,212.15131226626292,39568100
2020-01-31,210.89019775390625,215.21253717410386,210.13930849822043,215.18365851300567,52015800
2020-02-03,214.07662963867188,214.56758162518346,211.7758696650221,211.92026298780607,25408600
2020-02-04,218.9765625,219.3519998115752,216.26185064011347,217.00310393852186,30691200
2020-02-05,219.69854736328125,221.65274848752654,218.37970617700938,221.61424850145755,38534800
2020-02-06,221.59500122070312,221.6527585469502,219.46751333998242,220.2472666224085,22467100
2020-02-07,220.6419677734375,221.8356730775583,220.00660778790325,220.60346778448653,25884900
2020-02-10,223.30856323242188,223.3181845582399,219.85261237668485,219.91036970968705,21478900
2020-02-11,223.34706115722656,225.2820199291705,222.75983712872844,224.54076655472767,30198000
2020-02-12,225.522705078125,225.62859842663016,224.1075915522143,224.66593696350986,24471300
2020-02-13,225.23387145996094,226.15801810640116,223.68398613863585,223.9535301346014,22773200
2020-02-14,225.87884521484375,226.09063187443948,224.82954793078483,225.59004388911814,23438500
2020-02-18,225.96546936035156,226.3890426573386,224.5407348342501,224.78140014489773,24394500
2020-02-19,228.13148498535156,228.6031943398197,227.04368763707714,227.3132316427599,22230500
2020-02-20,226.01365661621094,228.10263022368954,223.221944255205,227.6309355088368,42604000
2020-02-21,221.67202758789062,225.27237154511687,220.75750226626002,224.88731289044486,66017200
2020-02-24,213.12359619140625,215.87680824645918,212.0357841628467,213.40276152038396,84522600
2020-02-25,207.328369140625,215.6265199218146,206.7219024819188,214.91414523856622,97743000
2020-02-26,208.3969268798828,212.0550429818306,206.8759201700028,208.61834956856265,79537700
2020-02-27,197.96165466308594,208.33914154282516,197.82688267850665,203.02524744261598,121822600
2020-02-28,198.1156768798828,199.4345180166124,190.77056726112812,191.22301919792693,148173700
2020-03-02,208.33917236328125,208.48358038250777,198.25048529776444,201.08071208166103,112933900
2020-03-03,201.65830993652344,211.41007481135986,199.8677591096452,209.00342126389165,131953500
2020-03-04,210.0719451904297,210.17783851853628,203.47770956270426,205.35491080541635,73086200
2020-03-05,203.6894989013672,208.2813973693051,202.2551429797237,204.74843219637864,78705500
2020-03-06,200.2528076171875,201.34060489697507,195.33360778961634,197.02788638852982,89828400
2020-03-09,186.34237670898438,193.6489733060806,184.93688458324715,186.25572601816444,116424000
2020-03-10,196.48883056640625,196.67173859347517,186.4482639320729,193.6008461955448,100599200
2020-03-11,187.9307098388672,193.2542247938047,185.53367830056715,191.90650506687496,89168800
2020-03-12,170.6990966796875,183.65650863431884,170.33328071109597,175.2909801794273,137820700
2020-03-13,185.15829467773438,187.21838953654162,171.47888407514031,180.08507955180866,134882000
2020-03-16,162.9785614013672,177.78428224075182,162.8437894066201,167.6474599036412,92054400
2020-03-17,175.339111328125,177.50509903983192,163.44061824425333,168.91816285210587,121257100
2020-03-18,170.00601196289062,172.52818017263695,160.57192714707853,165.20232620838118,114156300
2020-03-19,171.0263671875,176.63868292153603,165.2215221795622,169.1299237270316,120896500
2020-03-20,164.32626342773438,176.04184843522285,163.74867552282853,174.95405127091365,118983900
2020-03-23,164.44497680664062,168.0626503883391,159.1101006221059,164.8887365225988,124639800
2020-03-24,177.17919921875,177.34319866795943,171.67068132196312,173.56152534407946,94881800
2020-03-25,175.86709594726562,182.82266499708723,173.62895582737272,177.91228178621645,88754900
2020-03-26,185.12840270996094,185.91947436692502,177.13093911251065,177.38175917136832,79887600
2020-03-27,178.76126098632812,183.7874057618229,178.14384546533603,180.33373263115413,58845000
2020-03-30,185.2635040283203,185.697636715494,179.76464210111396,180.4592367361668,49356900
2020-03-31,183.68130493164062,188.36016773929651,182.5236525554176,184.95473284972996,62659300
2020-04-01,175.87677001953125,181.03798885377915,174.4779395483002,178.24996973899405,53715400
2020-04-02,179.4462127685547,183.39189909121444,174.584067000671,174.84454356405624,56465300
2020-04-03,176.89935302734375,180.46880159060956,174.89274895902759,179.00243424831183,47487600
2020-04-06,189.54673767089844,190.6754497068659,182.513988917456,183.75846176110826,64763500
2020-04-07,189.4696044921875,195.50871656586375,189.08372522680358,195.22894158616256,69904500
2020-04-08,193.49244689941406,194.0712657278729,189.2477018889726,191.1578290474795,45940400
2020-04-09,193.77224731445312,196.04897050743185,192.0068208168155,195.20967493590064,68252600
2020-04-13,195.86563110351562,196.24186849228946,191.73666165530844,192.9425526091154,42853900
2020-04-14,204.38401794433594,205.00143343740413,199.13597889308295,199.9173937664595,63959600
2020-04-15,202.03981018066406,204.35512991098545,199.81132579648803,201.12333589423176,47036000
2020-04-16,205.7249755859375,206.8054490590431,202.29060085755438,204.22002618544127,64657400
2020-04-17,207.69302368164062,208.86997454013388,204.59630366636645,208.54197570294068,62863200
2020-04-20,205.23301696777344,208.26221472736088,205.06901754974783,205.83113422414328,38249100
2020-04-21,197.66000366210938,203.70875699876774,196.44447084168215,203.168520189689,72932800
2020-04-22,203.52542114257812,204.85672925903114,200.97858043306772,201.7214132667759,40089100
2020-04-23,203.09133911132812,206.8730114526164,202.6861615090846,204.3165137465589,43278500
2020-04-24,206.294189453125,206.73796383493092,202.10733927501343,203.5254683224947,34231900
2020-04-27,207.95350646972656,208.98575631914073,206.93091317015575,208.56128029584335,36451700
2020-04-28,204.03675842285156,209.6513940182693,203.7569981861285,209.6513940182693,46862800
2020-04-29,211.27206420898438,212.20783662991215,207.54827289940943,208.56122409653548,48716400
2020-04-30,211.18527221679688,212.27538761746118,209.68032267790934,212.18856700260577,43359500
2020-05-01,205.23301696777344,209.02433140175634,204.21040898188159,206.93090628411198,48795000
2020-05-04,207.62545776367188,207.84733755153144,203.67013000952264,203.99814349807002,32841000
2020-05-05,209.9793701171875,212.3718534949346,209.19795518431812,209.76713214525415,37783100
2020-05-06,211.27206420898438,213.240071480828,210.41347056425488,211.65794336962935,36455200
2020-05-07,213.9925994873047,214.87047694425198,212.64199274061437,213.9925994873047,38624800
2020-05-08,216.92530822753906,217.06036742289936,214.6292871860654,215.66153688802146,31852300
2020-05-11,218.86439514160156,219.88698838665965,215.37213940575802,215.60367578440025,35714100
2020-05-12,214.28196716308594,220.05095935638758,214.25302696147628,219.46248405641356,41054100
2020-05-13,211.60008239746094,216.68412250371614,209.06289797857121,214.80293566222824,65521200
2020-05-14,214.00222778320312,214.04080981565204,208.36830894337834,210.2784360370854,51549300
2020-05-15,215.3914337158203,215.44931412930026,210.6257500679816,211.05986788943042,55747200
2020-05-18,219.40460205078125,220.6104929244377,217.5137734042826,218.29518833515635,42398100
2020-05-19,218.85475158691406,221.73924822664506,218.71005055162215,219.6651068252477,36237300
2020-05-20,223.22488403320312,223.58182304242948,221.38227913626724,221.40157751308575,37417000
2020-05-21,220.79380798339844,223.9484228776267,220.28251139055502,223.27312687956453,43642900
2020-05-22,221.5559539794922,221.75853543214174,219.47217071585553,220.38864496818147,28762400
2020-05-26,220.9578094482422,225.32797190006696,220.71663125237555,225.12537573858546,33055300
2020-05-27,222.16371154785156,222.27948709749987,216.03779389841856,220.6201798492537,55665600
2020-05-28,221.8743438720703,225.2315409253496,220.96751131437748,221.0253917380001,42784300
2020-05-29,225.12538146972656,225.3569178429785,220.68769666466795,222.25054142350731,50691800
2020-06-01,225.80068969726562,226.1769271239198,223.81338356056148,224.2571579531959,25776000
2020-06-02,227.3152618408203,227.37314224848882,223.82299180122646,226.2251317619041,33383400
2020-06-03,228.33787536621094,229.09035017383184,227.04516374494932,227.92304120694092,37228700
2020-06-04,226.7364501953125,229.39905224734326,225.43408201574843,227.9905797903836,38716100
2020-06-05,231.23199462890625,231.82046997798105,227.31526333390107,227.88444030684366,47365600
2020-06-08,233.02635192871094,233.15175456788324,229.5147983452868,231.08727001148026,32937300
2020-06-09,234.71461486816406,235.56355207778137,231.98447602097755,232.16777379861546,35046300
2020-06-10,237.53160095214844,239.0751474122941,235.88193548886338,236.4028886753113,58084400
2020-06-11,225.7620391845703,234.99433080164133,225.70415878577137,233.61479889578123,72919400
2020-06-12,227.55645751953125,231.91694872983695,223.56254715943328,230.65317733072695,72034800
2020-06-15,230.32518005371094,231.00047606686667,223.30207207619324,224.23784466597658,45307400
2020-06-16,234.28048706054688,235.76613815413336,230.66281440501248,235.1776628133525,48890100
2020-06-17,235.02333068847656,236.83699548662523,234.16473687410073,235.7758055046554,34749300
2020-06-18,235.66006469726562,235.9012429208972,233.93323509301771,234.70499363235834,30578600
2020-06-19,235.62147521972656,238.2840774252331,233.89463094964563,238.02360083023623,49422100
2020-06-22,238.44717407226562,238.5727947977947,235.20010171844086,235.49000704346753,24068700
2020-06-23,240.47657775878906,242.70893716924127,239.49087019180166,240.04170503853615,32767400
2020-06-24,235.51901245117188,240.95012181687974,234.02110437194023,239.72280187178637,46032400
2020-06-25,237.7610321044922,238.06061077313754,233.03538357528126,235.60598561260514,36940800
2020-06-26,232.14633178710938,237.6934186778951,231.62447264881834,237.51946071648175,52824600
2020-06-29,234.6782684326172,234.68794177514607,229.3727939582953,231.9047323814369,34377800
2020-06-30,239.27828979492188,239.8194661067416,234.42700543519746,234.61062198655384,38909200
2020-07-01,242.0711669921875,243.06654804946376,238.775771775483,239.31694810806633,34689200
2020-07-02,243.71400451660156,245.72409837734443,243.25014123979867,244.51611034175,31956500
2020-07-06,249.70565795898438,250.22748760005902,246.84512081608884,246.86445275514865,34589000
2020-07-07,247.98544311523438,252.11194927639178,247.68586443037847,249.45437549713066,36578200
2020-07-08,251.2518310546875,251.28082158705743,247.87913799077677,249.3094064021136,30426300
2020-07-09,253.36830139160156,254.03511332012027,248.9712355945839,253.16536760654463,40312900
2020-07-10,255.09803771972656,255.34930862434518,250.54634785985292,253.22323825885738,32885300
2020-07-13,249.8506317138672,260.72252586518425,249.02919381294316,257.939316243743,64108100
2020-07-14,251.61904907226562,252.02494599305538,244.26481796681819,247.32827358685552,72230500
2020-07-15,252.13124084472656,253.8610878593374,248.83584615432338,253.02997680795647,54523900
2020-07-16,250.4111328125,251.04895416092378,247.0287656414626,249.3480972317937,47594100
2020-07-17,250.70098876953125,251.56106081504362,248.5266105583892,250.86525860780247,35137900
2020-07-20,257.81365966796875,258.4418076025263,250.09220891281038,251.33883143939602,40610100
2020-07-21,255.1271209716797,259.38890709966654,254.28636585990898,259.37923375616083,43243800
2020-07-22,256.0257263183594,256.9534820637487,253.72571312389627,255.6198589851517,29865500
2020-07-23,249.3384246826172,256.3254091883803,247.9274733052082,255.6199629915737,51363500
2020-07-24,246.9707489013672,248.2946991412925,242.8732627003901,245.50183124176013,54054500
2020-07-27,251.37745666503906,251.7640069121067,247.8308205460294,248.61359438120672,36445700
2020-07-28,248.1787109375,251.11654594816994,247.88880562048064,250.59468688564115,31302400
2020-07-29,251.03927612304688,251.89937791513995,249.2418037590197,249.71532571670198,27556900
2020-07-30,252.353515625,252.91400904892578,247.9274313273976,249.0774381978297,41774500
2020-07-31,256.85693359375,257.01155960937103,252.08296226957665,256.97289573249157,53686300
2020-08-03,260.3262634277344,261.07037345511674,258.86700441481855,258.9926398916783,32081600
2020-08-04,261.29266357421875,261.3893085209211,259.0796211098927,259.82373116489623,24911300
2020-08-05,261.940185546875,262.3943903522715,260.8868232305093,261.7759156445272,21612100
2020-08-06,265.4095458984375,265.7381151848985,261.109095650419,261.74691702716194,28048200
2020-08-07,262.34600830078125,265.64140316954297,260.2006203903107,264.86827313898436,44969400
2020-08-10,261.2249755859375,262.83886046192526,257.70733001490817,262.635897252369,35088400
2020-08-11,256.2771301269531,261.35068086710135,255.7359537406894,260.0653648307991,43104300
2020-08-12,262.72283935546875,263.6699124180775,258.38375656795273,258.4320937756136,38773400
2020-08-13,263.3219909667969,265.5929841591873,262.38459136911194,263.4959341106429,31895700
2020-08-14,263.01287841796875,264.211193366399,261.6212735460296,263.9406051686276,30799500
2020-08-17,266.06658935546875,266.5691017036072,263.05145628285396,264.72329265771594,24803000
2020-08-18,268.6276550292969,269.101177089481,265.670501505713,267.12976106836317,23529500
2020-08-19,266.8204345703125,269.64227843776126,266.30824876267906,268.58891628590754,31999400
2020-08-20,270.5216369628906,271.00483212604024,265.62203093049936,266.02792784397764,27723400
2020-08-21,272.39642333984375,272.85062795084417,270.06741922742805,270.7149136910677,34748900
2020-08-24,274.09735107421875,276.3876919143859,271.81665408487225,275.6628990160091,36418500
2020-08-25,276.2523498535156,276.445639733258,272.87965674284396,273.32418807597753,34866600
2020-08-26,282.1472473144531,282.39851817961636,276.22327124125945,277.49891326024664,42216700
2020-08-27,281.2679443359375,283.97385544173255,279.00659409605953,283.12342707967974,49482700
2020-08-28,282.69818115234375,283.3263290108986,281.1519506215127,282.50489127652946,28021000
2020-08-31,284.9692077636719,286.7763531049731,282.78515600775756,283.2200434874042,36321000
2020-09-01,289.8398132324219,289.9557753583132,285.8486162789322,287.61709768256185,36216200
2020-09-02,292.5843811035156,293.2995005967237,286.9116738996399,293.086893518757,50836800
2020-09-03,277.75018310546875,288.5834079048363,274.8510127958089,288.0808956682407,110083300
2020-09-04,274.0489807128906,279.2191753278148,262.6649028120239,275.9624443503017,123959000
2020-09-08,260.8771667480469,268.8692067753301,260.596905202906,263.0708628979168,99568600
2020-09-09,268.5405578613281,270.63760842633246,263.82456818747903,266.3758528930931,64837900
2020-09-10,263.186767578125,272.71539260479386,261.4665937831789,271.4977312190594,69667500
2020-09-11,261.3603210449219,265.9699930867914,257.9296170941688,264.935948179579,71809000
2020-09-14,265.91204833984375,267.90281067117957,263.7859771646786,265.1389181434649,38525200
2020-09-15,269.6808166503906,271.0241130340578,265.88291066778123,269.6518261273129,41849900
2020-09-16,265.3805236816406,270.93726994931876,265.03263720186436,270.47342130961704,42321000
2020-09-17,261.23468017578125,265.1775403357728,257.71700469207485,258.5577596862858,81570800
2020-09-18,257.900634765625,262.94519448731836,253.8031483757999,262.6552891264905,86251100
2020-09-21,258.51904296875,258.65432225632617,251.3677321406247,253.64842827014834,57168600
2020-09-22,263.3219909667969,263.9018014462836,257.5816312847899,260.9156595093828,41128900
2020-09-23,255.2816925048828,263.18675892675503,254.40227369874867,263.00314239075476,48837300
2020-09-24,256.4703674316406,259.6691173588937,252.4405064083363,252.60480575598547,70631700
2020-09-25,262.43304443359375,263.2448090463775,255.41703882695245,256.9729431203814,55242400
2020-09-28,267.8835144042969,267.8835144042969,262.53937500165097,267.2843273958283,58438300
2020-09-29,266.6753845214844,268.37621120008805,266.11486169625954,267.3228494328274,27050000
2020-09-30,268.50189208984375,271.64266073652465,266.598101915103,266.8686900342182,49380800
2020-10-01,272.7637023925781,273.37253309004967,270.43469788715163,272.3191710467639,50020200
2020-10-02,265.0905456542969,272.75401437277986,264.2497907332789,266.74306496429404,75497400
2020-10-05,270.7438659667969,271.06276173751536,266.9459597833522,267.0522485429628,28184600
2020-10-06,265.91204833984375,271.73938263824925,265.03262933065736,270.05787238546503,49704200
2020-10-07,270.5120544433594,271.30447227673994,267.9607692474055,268.5502828158838,27539700
2020-10-08,271.951904296875,272.97627567976207,270.88886904334345,272.9086212791073,25443300
2020-10-09,276.1073913574219,276.18471910444345,273.20822017389503,273.59477043331975,30201100
2020-10-12,284.6310119628906,287.4625292406142,279.7410780627736,280.7847668966593,79370700
2020-10-13,284.6212158203125,287.0661817154931,283.2586021723742,286.42839017056497,64240000
2020-10-14,282.2439880371094,286.389811260261,280.50449705117353,285.423420825431,36949100
2020-10-15,280.3498840332031,280.9393680696546,276.90953628514376,277.5473575407139,42514200
2020-10-16,278.81329345703125,283.4132915368663,278.4653775900794,281.992696521591,40570700
2020-10-19,274.2615661621094,281.6834663727205,273.2855319750937,280.7267198834933,36756800
2020-10-20,274.85113525390625,277.95324060963674,273.4402133323062,274.99608793559486,32195400
2020-10-21,274.6385192871094,277.6633262788834,274.1553240358202,275.1023973454302,29306100
2020-10-22,274.6287841796875,276.36830438824296,271.38172697740964,275.4695390091383,32196200
2020-10-23,275.169921875,275.33422117693107,272.30941528871375,275.1989123998247,24658500
2020-10-26,271.04351806640625,275.71117074606025,267.4582179216346,272.88932727895894,38421100
2020-10-27,273.1599426269531,273.981380451409,270.78263025156946,272.03892610645653,30559100
2020-10-28,262.5103454589844,269.27507936827647,262.2590744763743,268.6662485977363,53413500
2020-10-29,267.1007080078125,270.09649522850515,263.3607516697765,263.82462976777094,43246300
2020-10-30,260.3262634277344,265.98929729313636,258.09390385369136,265.1195517888943,65838300
2020-11-02,260.9061279296875,264.3271291982488,257.9972829744233,262.71327351609733,39987400
2020-11-03,265.4190979003906,267.5161778902707,261.73715310709935,262.81950555662746,43604100
2020-11-04,277.2670593261719,279.06453122410136,272.39644369620936,274.0586362806946,75728200
2020-11-05,284.4957275390625,285.4621180869172,282.1860399735782,283.6646163321199,52054200
2020-11-06,284.7082824707031,285.4330753238653,280.0889371995587,283.83853694528784,40959800
2020-11-09,278.89056396484375,289.08599898963547,278.43635935910754,287.64605743551107,86537100
2020-11-10,273.89434814453125,277.02544323730973,271.1884376455342,275.58553114694524,69024900
2020-11-11,280.0212707519531,280.4947925750533,273.85569574340076,276.41662421306324,36102900
2020-11-12,278.7069396972656,282.2536048593282,277.5955968181297,280.9876360025549,34414600
2020-11-13,281.1519470214844,281.77045102265487,278.1947948091362,280.41751038496193,24806900
2020-11-16,283.3457336425781,283.64531236703306,280.2435986051183,280.85242939736554,30168400
2020-11-17,282.4469299316406,283.8675250915629,281.80910868719633,283.53895587325457,21843500
2020-11-18,280.35955810546875,283.5100008460127,280.2725864919562,281.89614508655745,28069600
2020-11-19,282.5532531738281,282.8625052053879,279.14189596015774,279.8087077505035,22718400
2020-11-20,280.6204528808594,283.2200454515072,280.53348128270585,282.47590595859106,25907300
2020-11-23,280.6300964355469,282.91076341232724,278.38806383702627,281.6158039352227,26875600
2020-11-24,284.5729675292969,285.06583604517687,279.8956417745686,281.69311366936597,24516800
2020-11-25,286.3222351074219,286.9600565077622,284.6890324668316,285.63610596889515,23326800
2020-11-27,288.9603271484375,290.0813432574275,287.8876187500189,288.2838422491186,17163100
2020-11-30,289.5498962402344,289.88813878949003,284.87257009285486,289.27930809920895,27836200
2020-12-01,293.2607727050781,294.88433071509655,290.71916166616165,291.8208606911067,27521300
2020-12-02,293.6378479003906,293.9760905758024,290.2554801300861,292.0916167355844,23620000
2020-12-03,294.05322265625,295.5994529470872,293.32842997228477,293.94693388537553,22828700
2020-12-04,295.25164794921875,295.3966301339444,293.4251850358244,294.1016407663072,19332100
2020-12-07,296.92352294921875,297.2907561096503,295.25165653163896,295.4352731118547,20851000
2020-12-08,297.928466796875,298.22804542343675,294.700726810258,296.44989085252814,18341500
2020-12-09,291.18304443359375,297.99608391256794,290.12000925815147,297.71585197368455,48839300
2020-12-10,292.3523864746094,293.47340277519385,288.07128447188796,289.15363690227525,27519500
2020-12-11,291.7049865722656,291.83062205952194,288.438581871194,290.6999321661132,26760400
2020-12-14,293.8213806152344,295.76380549706323,292.825999563861,292.8936244861092,28804800
2020-12-15,296.9620666503906,296.9620666503906,293.88892325738595,296.07297464853934,25709000
2020-12-16,298.5951843261719,299.3779578445622,296.3144886552474,297.3582063410221,25461900
2020-12-17,300.5473937988281,300.7793180415245,298.9915195175857,300.18983409404035,23730500
2020-12-18,299.6390075683594,301.49449012829695,297.2713392718179,301.1852381196582,41173400
2020-12-21,299.0784606933594,299.6109270127023,293.92793779990836,296.6968099330535,37095500
2020-12-22,299.8916931152344,300.81141034243274,297.07439618312935,299.97882235494683,26176300
2020-12-23,298.3814392089844,300.2983418646353,298.22653291084043,299.94013397627043,21201300
2020-12-24,299.6981201171875,300.1434572907375,298.56541020147336,298.6428485834726,16785000
2020-12-28,302.71868896484375,303.19309872265205,300.47259202219556,302.3023949194107,22497700
2020-12-29,302.98974609375,304.664642578281,302.08938102346127,304.0450174468872,25871900
2020-12-30,302.9994201660156,304.4709854534392,302.37979506898415,304.15151157521103,18138100
2020-12-31,303.7448425292969,304.22891349886373,301.8279403988344,302.9025637695061,21611400
2021-01-04,299.4560241699219,305.2455244401776,295.4575926553533,305.071236411445,45305900
2021-01-05,301.9248352050781,302.19594340517716,298.4685897434623,298.4685897434623,29323400
2021-01-06,297.74249267578125,301.944226732957,296.23219304399856,297.21968755851543,52809600
2021-01-07,304.94537353515625,305.77796146175444,300.36605130282,300.39509438060014,30394800
2021-01-08,308.8663635253906,309.21491003430316,305.042190529325,307.2302010628528,33955800
2021-01-11,304.4033203125,307.08506389427316,303.75465196014915,305.9136199633983,32746400
2021-01-12,303.9191589355469,305.52624870479366,301.28581143319,304.44193435888496,29266800
2021-01-13,305.9715881347656,306.7654420740711,303.5802763522072,304.1805196299968,22898400
2021-01-14,304.33544921875,307.4141337446142,303.861039539168,306.41694864804754,23500100
2021-01-15,301.9248352050781,305.08098847092174,300.6856142769227,304.1225370747564,35118700
2021-01-19,306.329833984375,306.83325722127717,303.14463832144224,304.23864358090657,24537000
2021-01-20,313.455322265625,314.39442118013466,306.42663149113145,309.9409916510527,30728100
2021-01-21,315.962890625,316.70837906675666,313.4167013248198,314.7914467748411,25130600
2021-01-22,315.0528564453125,316.05970308852847,314.3654541916279,314.9269932285715,21609400
2021-01-25,317.6570739746094,319.79668917864336,311.1705399641472,318.4316053421389,39080600
2021-01-26,318.1217956542969,319.25453486339853,316.7954457605857,318.3735220441752,25498100
2021-01-27,309.2536315917969,315.8757201748006,307.2495703041456,315.8660588444002,55264000
2021-01-28,311.08343505859375,316.02096581092127,309.83452344318874,310.4541485856806,42836300
2021-01-29,304.53875732421875,310.5025158279426,302.79611347273107,309.39881972207684,55259000
2021-02-01,312.1483459472656,313.23266022286646,305.9522137232358,307.97562688848154,35646000
2021-02-02,317.24078369140625,318.39287510847345,314.94629173240133,315.11088888284706,33930800
2021-02-03,315.9822082519531,319.68051798841714,315.92412209235215,319.31261928071063,24824500
2021-02-04,319.7192687988281,319.80639805087463,316.0596924861001,317.3763812339645,22350900
2021-02-05,320.80352783203125,321.81040381264313,319.0318409228675,320.66800331185556,22732000
2021-02-08,322.95281982421875,323.10772610139503,320.8519680704715,322.4881305380413,20462800
2021-02-09,322.88507080078125,324.14364367200585,322.0137193026321,322.0234101778319,17597500
2021-02-10,322.1492919921875,324.7729488774115,319.00283008692946,324.31792089699087,28068700
2021-02-11,323.9208679199219,324.3275004727042,321.53924738317653,323.67883247180794,22046100
2021-02-12,325.7314147949219,325.89598240320623,322.033104956612,323.07868540357345,20346800
2021-02-16,324.8504333496094,327.41600420174075,323.6886509226213,326.5253004016693,27080800
2021-02-17,323.2916564941406,324.96655281909017,319.6514626027675,321.87817742268214,31360300
2021-02-18,321.878173828125,323.23356672708246,317.89909482097755,319.7095451897931,32236200
2021-02-19,320.4743347167969,323.34971746376925,319.4577974967484,323.2238542841667,39157700
2021-02-22,312.167724609375,317.35695180968463,311.96442305180517,316.0983789642612,47256900
2021-02-23,311.23834228515625,312.9035479289462,301.09220213632534,306.9010549106596,97241900
2021-02-24,313.8038635253906,314.11367604871,305.89413057856177,308.5855640910335,58206300
2021-02-25,302.8638610839844,313.70706373976833,301.3245187872966,311.1511841201916,110182600
2021-02-26,304.13214111328125,308.9437784747402,300.9759887486125,305.7876556554205,104739800
2021-03-01,313.281005859375,313.61986140314093,307.8110105226165,309.09862613451503,49164500
2021-03-02,308.2563781738281,313.99745260810704,308.00468136811355,313.9200142552748,48370000
2021-03-03,299.3108215332031,308.1015389877985,299.2527353695986,307.1624399490555,86301100
2021-03-04,294.4120788574219,302.09913107047475,290.54917099589784,298.9429777231235,139131600
2021-03-05,298.8460998535156,299.7464649262253,287.9738828516121,297.02598795684276,121523700
2021-03-08,290.3845520019531,300.18214560216165,289.9682579781333,298.30394751172685,88409800
2021-03-09,301.8376159667969,303.73519552966866,297.14215097676424,297.6746172502684,80391100
2021-03-10,300.9760437011719,306.38795490696515,300.28867103051203,306.0878331967325,76798100
2021-03-11,307.907958984375,309.6699553649419,304.81958294834607,305.71025724263603,53484800
2021-03-12,305.4100646972656,308.09183692565364,301.46974924205045,303.8610316001151,69315600
2021-03-15,308.6727600097656,308.8373571812603,304.09346638127744,305.72962903843666,42955700
2021-03-16,310.3669738769531,313.8716730118941,308.9341425127925,310.8607357904687,54925900
2021-03-17,311.64495849609375,313.53284754502164,305.62311301915645,307.3367435684353,78258700
2021-03-18,302.09906005859375,307.75300620687557,301.6440321034834,306.7751732608116,82718100
2021-03-19,303.1639404296875,304.70328236145843,299.7947962960695,301.9343814225172,78446200
2021-03-22,308.8493347167969,310.91408667450554,305.553499993313,305.553499993313,56194800
2021-03-23,307.5019226074219,311.25335988892084,306.68765967352556,309.9350378767081,53455400
2021-03-24,302.31585693359375,308.90755666394017,302.17045810055293,308.86877378090526,64803700
2021-03-25,301.7923583984375,303.3045948439506,297.97308794522104,300.4740363467963,78729000
2021-03-26,306.3193664550781,306.6392439163284,300.1832984915162,301.57915699601034,63519600
2021-03-29,306.2320556640625,307.2789566937248,302.8974381878525,305.78615611278667,54608000
2021-03-30,304.6908264160156,305.2627482395885,301.99599278862337,304.2740065487347,44635700
2021-03-31,309.35333251953125,310.9139953409303,306.13503491660464,306.47431844641403,55032500
2021-04-01,314.62677001953125,314.76246572139036,312.9206783435734,313.17272268188594,55685600
2021-04-05,320.908203125,321.67400959517823,316.8659685015175,317.10830969994527,42172500
2021-04-06,320.685302734375,322.633706063615,319.90979306618453,320.598063443454,33537200
2021-04-07,321.4607849121094,322.2944541130064,319.2797138768823,320.2102959020985,32046400
2021-04-08,324.81475830078125,324.99893998740856,323.5158129621822,324.31069923260867,29940800
2021-04-09,326.78265380859375,326.98624177858864,322.72104126625345,323.457738624112,36664900
2021-04-12,326.35614013671875,326.7729600029322,324.4755695976706,325.74543542996855,25833000
2021-04-13,330.16571044921875,330.63098669592097,327.66473229251113,327.87799376647325,30374000
2021-04-14,326.2008972167969,330.53395824451815,325.3866344872288,330.4079361108956,42564300
2021-04-15,331.1446533203125,331.53242285748826,325.91979309095314,329.07022829320124,36342800
2021-04-16,331.532470703125,331.7457321462839,329.6615741225037,331.66816639458983,40860100
2021-04-19,328.49835205078125,331.115619292203,326.5789990742722,329.9621023825836,34533100
2021-04-20,326.1040344238281,329.11874492322863,324.13622495146456,327.8392057974429,38081800
2021-04-21,328.895751953125,329.07993360971795,323.7387247338475,324.82440844681906,36598100
2021-04-22,324.93115234375,329.4871499891358,323.77760565372427,328.50811147791865,45936100
2021-04-23,329.0218200683594,330.33043890861984,325.5611805627224,325.5611805627224,36381900
2021-04-26,331.1641845703125,331.4453087160983,328.5178073515859,329.2642373680509,30812000
2021-04-27,329.7294616699219,331.6681914514092,328.77950300990113,331.45492999213883,33187200
2021-04-28,328.61468505859375,330.4080159525857,327.9651975909243,329.3998682226513,33615700
2021-04-29,329.7972717285156,332.29821973150337,326.57897370453867,331.8813999947828,37708900
2021-04-30,327.6356201171875,329.8360972860039,326.7244147806382,327.35452560683456,38263400
2021-05-03,325.8907775878906,329.58405537117176,325.4448780314179,328.8376550720035,29729700
2021-05-04,320.026123046875,323.6612412033449,316.21649673606737,323.3413342392819,65147000
2021-05-05,318.9500427246094,322.9341467331333,318.1745628544055,322.0713980135703,46219300
2021-05-06,321.3542175292969,321.50931948738054,316.44923273776175,318.6884636389985,46814300
2021-05-07,323.9617004394531,326.33662624786115,321.5285855319415,324.1264758751457,53324500
2021-05-10,315.7803649902344,322.75977553069424,315.57677703224937,322.58529692328426,60700500
2021-05-11,315.34405517578125,316.1389413976423,309.2467424078614,309.90593294309514,71963600
2021-05-12,307.18206787109375,312.73651000523404,306.31931888089315,310.4197431979524,91164900
2021-05-13,309.55694580078125,312.5231996658119,307.1916933671056,310.119193940392,69877800
2021-05-14,316.3910217285156,317.30219751217567,312.2130318222759,312.7171204997074,44370000
2021-05-17,314.47161865234375,316.37156525838355,311.6023073069235,314.68488007831405,39395000
2021-05-18,312.3487548828125,316.64303422977486,312.07733389792406,315.4216545891111,36528500
2021-05-19,312.7074279785156,313.0079287390102,306.61011430985127,306.9591010662555,66319100
2021-05-20,318.7561950683594,319.60924077447305,313.967560459338,314.1904954170739,46466100
2021-05-21,316.9920349121094,320.7240662227808,316.63337462159143,320.30724640313395,50330400
2021-05-24,322.3235168457031,323.4479836254808,316.8853646355601,319.2796970065807,32475800
2021-05-25,322.7694396972656,324.5530676062325,321.5965164232101,323.83574702943866,31280300
2021-05-26,323.8939514160156,324.35922771073353,322.75010774793566,323.4383486556551,25444900
2021-05-27,322.6822204589844,324.2913698816061,322.4786620955859,323.4480270791408,27931700
2021-05-28,323.70001220703125,325.2897848341171,323.3801348081351,323.88419390364896,29927400
2021-06-01,322.6240234375,325.5030382874219,321.27659206724854,325.02802938445956,31145400
2021-06-02,323.2541809082031,324.09752381152606,321.53841533187966,323.04091940300964,22047900
2021-06-03,319.89044189453125,321.69344654916364,318.22313295347107,320.4235807979536,37057800
2021-06-04,325.31884765625,325.76474720147104,321.61586685126764,321.68372949020727,38736500
2021-06-07,326.2882385253906,326.3463980540727,324.09746433613174,324.7857051473166,32611900
2021-06-08,326.443359375,328.89585158541155,324.7663473137233,328.03310255552793,27282800
2021-06-09,326.5209045410156,328.58565673367104,326.3367228235608,327.810176563199,21485300
2021-06-10,329.92333984375,330.0299557799059,326.4142437430809,326.8601433007051,33702100
2021-06-11,330.78607177734375,330.795774892879,329.28356800283944,329.93302592497895,21222800
2021-06-14,333.9559020996094,333.9655756321318,330.0299566115849,331.2125829407871,27827700
2021-06-15,331.7748107910156,333.9170987473574,331.05746071225883,333.606894906958,35963800
2021-06-16,330.5631408691406,333.3064305766439,327.11220412020464,332.2401232480019,55399500
2021-06-17,334.76043701171875,335.76858468846024,329.5064963536992,329.5549527607095,59722700
2021-06-18,332.1335144042969,334.24672287543035,331.3870844669612,333.1028793451108,55414900
2021-06-21,334.19769287109375,334.51797093685457,330.11194106733024,332.32465556437614,32992600
2021-06-22,337.31292724609375,337.7593439706411,333.6929919871668,333.993841259903,28941600
2021-06-23,337.4779052734375,338.6231050395058,336.6432987767399,337.25471171207795,27188500
2021-06-24,339.5645446777344,341.0881905012289,338.86579113679346,339.4092628223047,32581600
2021-06-25,339.14715576171875,340.3699816607992,338.5454571818476,340.1273593549169,28682800
2021-06-28,343.27178955078125,343.4076722798349,340.3700357884095,340.42826278172237,39130300
2021-06-29,344.5140380859375,344.5431515845643,342.2625250858279,343.09713179112106,29426000
2021-06-30,343.9704895019531,344.7468986534807,343.3881900425526,344.3586792692265,32724000
2021-07-01,344.1064147949219,344.6110585931317,342.2721757133601,343.6211701215332,29290000
2021-07-02,348.0563659667969,348.3766144679944,345.7659953626069,345.9989033634778,32727200
2021-07-06,349.5605773925781,349.84202760975387,345.9697547859461,348.65802936372256,38842400
2021-07-07,350.298095703125,352.0546788214517,348.3474028940629,351.7538295326983,35265200
2021-07-08,348.18243408203125,349.0364694012732,343.9608293377966,345.24185269967666,50890000
2021-07-09,350.35638427734375,350.83191460116575,347.0178984052795,347.60019796286946,35184500
2021-07-12,351.7247619628906,352.1808931403898,350.18165783912826,351.753875458604,25717700
2021-07-13,351.7247619628906,354.68474262269365,350.8707265993189,351.3462569016323,39723000
2021-07-14,352.35552978515625,354.7040971225229,351.5306080210806,354.06357068042814,35336400
2021-07-15,349.88079833984375,352.4720178509438,347.88159271368477,352.2682233868746,53391600
2021-07-16,347.0469970703125,351.7150484688974,346.6976055038964,350.7348447491291,47262000
2021-07-19,344.2034912109375,344.69842066924264,341.65109933033574,343.6017628999815,64404600
2021-07-20,348.2018737792969,349.6478933984783,343.3591119000733,345.13512395324045,42183700
2021-07-21,350.8901672363281,350.8901672363281,347.55168112030583,347.77490435850655,30259900
2021-07-22,353.2096252441406,353.21930999848774,351.0939358655894,351.0939358655894,30252200
2021-07-23,357.33416748046875,357.6155880495975,353.180474514925,354.5294392236291,31960800
2021-07-26,357.6156311035156,358.00385055881424,355.78142153027045,356.64514169924155,28438100
2021-07-27,353.6754150390625,357.35357784691723,349.5314363134525,357.35357784691723,57933100
2021-07-28,355.0340881347656,356.6063056814547,352.52052439792925,354.81089455029075,42066200
2021-07-29,355.6649169921875,356.82948634161215,354.47120453246976,354.47120453246976,25672500
2021-07-30,353.8113098144531,354.3936093484703,351.71504926218205,351.74416275803367,36484600
2021-08-02,353.8403625488281,356.0530767045384,353.1318947821172,355.4707772705137,27334100
2021-08-03,355.98516845703125,356.1016224312695,351.31711741542796,354.50032105152934,35558500
2021-08-04,356.4996032714844,357.4506936273146,354.84007454765805,355.9464171578794,29602200
2021-08-05,358.7607421875,358.99365010936197,356.60625505934047,357.31469319399685,21443900
2021-08-06,357.1885681152344,358.46962107455283,356.0822257354465,357.4991317933084,33332100
2021-08-09,357.8485107421875,358.37255361139034,356.54805870512257,357.6446866760717,25960200
2021-08-10,356.01434326171875,358.6540757279893,354.83034495809034,358.36294074225583,35130800
2021-08-11,355.4029235839844,357.77092014732835,354.0733578121451,357.27599068075955,34249800
2021-08-12,356.6839904785156,357.04306684042984,353.5492988568263,354.89829342400446,25969200
2021-08-13,357.9358825683594,358.26584538723085,356.53837556079554,357.0333345975948,19336200
2021-08-16,358.09112548828125,358.1299237331186,352.96694355657974,356.8197869708104,34856900
2021-08-17,354.93701171875,356.3150897426544,352.5107888148548,355.34460058109624,44793900
2021-08-18,351.5208740234375,355.80073481778976,351.1909112596276,354.4032280434307,38541900
2021-08-19,353.2193298339844,354.88857286276215,349.33737205701175,349.5897087899509,48499400
2021-08-20,356.87799072265625,357.2758948336916,353.97620798451646,354.2867716248824,39486000
2021-08-23,362.2157287597656,362.9047678636542,357.9067539381562,357.9164386915184,34034700
2021-08-24,363.322021484375,363.9237200238546,362.341817956977,362.80766341511224,21732900
2021-08-25,363.73931884765625,364.3119335048066,362.8270566841337,363.5743522789003,20441900
2021-08-26,361.4296569824219,363.56471578355405,360.9929249278574,362.88539100832384,29133300
2021-08-27,364.94281005859375,365.4474538399385,361.5752109531415,362.0604556103134,27104700
2021-08-30,369.0382385253906,369.52348313309056,365.7094380076639,365.7288667468394,27295700
2021-08-31,368.7374572753906,369.34884071563806,367.1943530752369,369.28092896693454,29628200
2021-09-01,369.3488464355469,371.41599361649696,369.14505195230834,369.79529288814643,28138300
2021-09-02,369.1741638183594,371.0278021363482,367.96105206184734,370.69783929261524,25453400
2021-09-03,370.3095703125,370.7074744376355,368.00951565243156,368.02891477427477,24605400
2021-09-07,370.83355712890625,371.48379782466367,369.2613696047164,370.4162539449744,23970200
2021-09-08,369.5429382324219,370.65899507579223,367.28171104948837,370.65899507579223,32949200
2021-09-09,368.2716369628906,370.8725416103821,368.02901459763234,369.7661990256382,29399000
2021-09-10,365.4765625,370.69779968081804,365.14659969152603,369.9796470751384,40249400
2021-09-13,365.2241516113281,368.2326737582313,363.1764338172831,367.8056561829559,48741800
2021-09-14,364.18585205078125,367.4369677608617,363.2347618019217,366.7091007301896,41826600
2021-09-15,366.8934326171875,367.2428241323064,362.3515502395031,364.64192016733983,34097900
2021-09-16,367.1458435058594,367.7184286993201,363.64239097884035,365.563941041,35193100
2021-09-17,362.7979736328125,366.71875839113625,361.7595726718765,366.67024577672095,60912300
2021-09-20,355.3014221191406,358.75046688054283,350.66703692248456,357.0113567892473,76203200
2021-09-21,355.7386779785156,358.3230455927462,354.61165851630665,357.1280094341518,41927500
2021-09-22,359.0614013671875,360.5187493428805,355.55403515444647,356.6519087067731,46972900
2021-09-23,362.37445068359375,363.404307570577,359.5763377643105,360.217574445798,44652000
2021-09-24,362.7144775390625,363.1322731716639,359.7414899525931,360.1106895280067,36056800
2021-09-27,359.81915283203125,360.6935555215144,357.27365692828073,359.6734239920865,43338100
2021-09-28,349.63720703125,359.77062620482974,349.13200373868887,355.2723036782193,97701600
2021-09-29,349.06402587890625,353.03772492250675,348.4422394227289,350.90029877023125,58076600
2021-09-30,347.78143310546875,352.36722153987733,346.94590135567637,350.70585352936934,61384600
2021-10-01,349.93841552734375,350.9779976120067,344.3033481176545,348.4033552549904,56375500
2021-10-04,342.59332275390625,348.6558802320663,340.3587346103022,348.32555161560936,76766000
2021-10-05,347.2179870605469,349.4623003725709,343.4288885889361,343.6523296162224,47232900
2021-10-06,349.44287109375,349.71490816575323,343.10824696739064,344.0117954940638,56806500
2021-10-07,352.6490783691406,355.29173732282277,351.9495501269947,352.48389921273855,39411200
2021-10-08,350.8905029296875,353.96065262238324,350.3561242619187,353.7274568047057,41822300
2021-10-11,348.1993103027344,352.8725371338533,348.11184333183206,349.3554457591394,34847200
2021-10-12,346.98486328125,350.0841294694706,346.3436265923632,349.6469428519261,43905100
2021-10-13,349.7634582519531,350.4338405855879,347.2665286701431,349.28740081060675,40120800
2021-10-14,356.2049255371094,356.4186710500105,352.6878645383114,353.34852170552784,43433900
2021-10-15,358.4493103027344,358.56589339676304,356.3895965753738,357.41945343905405,40419900
2021-10-18,362.0538330078125,362.2675785774531,356.5547693978069,357.1571351895697,34513500
2021-10-19,364.7936096191406,364.8421760222479,362.10238452095024,363.1225161847525,29091000
2021-10-20,364.317626953125,365.86241247692084,362.8408284776788,365.25032149300034,31390300
2021-10-21,366.54248046875,366.7368054154041,363.2197432896632,363.52092620210016,25469300
2021-10-22,363.4625549316406,366.2509423706017,361.8011867064768,365.2891022902149,36275800
2021-10-25,367.1836853027344,368.096959102957,362.93794947075344,364.8810801691298,32597800
2021-10-26,368.3398132324219,371.8277289256972,367.16422758060594,369.41826607898804,47191300
2021-10-27,369.19476318359375,372.2551875273893,368.5243808468804,368.7866927678403,45760500
2021-10-28,373.2948303222656,373.54744679468445,370.32184280003185,371.0893877086592,38007000
2021-10-29,375.1310729980469,375.29625214903933,369.8749306873248,370.22467997203256,37310100
2021-11-01,376.41351318359375,376.53982140855203,373.48912197799297,375.5682561701875,30765300
2021-11-02,377.9875183105469,378.4636055326598,375.75292968366983,375.80149609519265,25135300
2021-11-03,382.0000305175781,382.41779647294356,377.4336914813911,378.47324379942285,33748900
2021-11-04,386.8966979980469,387.84884257503916,382.7189794670043,383.26305361105216,40265300
2021-11-05,387.26593017578125,389.5879557988873,385.8668737874535,388.664986564109,43383800
2021-11-08,386.7413024902344,388.25694207068057,386.10006579853456,387.23681030878004,29256300
2021-11-09,384.0791931152344,388.20834554996304,382.71900765493467,387.81000022769325,50490700
2021-11-10,378.4343566894531,384.1179891815818,376.51064698992576,381.3101812742508,54937400
2021-11-11,379.4837341308594,381.58231899764763,379.14368030363386,381.4074443378712,32243000
2021-11-12,383.476806640625,384.0111556551073,379.03674644093985,380.63009799400083,34730600
2021-11-15,383.38934326171875,384.97299933919516,380.9507346830435,384.6523958574728,33716900
2021-11-16,386.1194763183594,386.6149544360584,382.4663814751148,382.66067673603766,27872900
2021-11-17,386.323486328125,388.3540540965329,385.3616462404101,386.44006941150644,28703300
2021-11-18,390.32635498046875,390.83155825697514,386.1486360963617,388.36380376999676,45721500
2021-11-19,392.5025939941406,393.77534196390036,391.13268357978086,391.9585198841586,45191700
2021-11-22,387.9460754394531,397.0885099553264,387.83921747101107,394.0378098357445,61715400
2021-11-23,386.177734375,388.84953859201204,381.7473995725945,386.7897955261428,70098700
2021-11-24,387.4214172363281,387.7031498463432,381.3782794363445,383.7003052575749,46954400
2021-11-26,380.0763854980469,386.2361064003588,378.68702448181364,384.84674538412554,51533300
2021-11-29,388.3248596191406,389.33529563140667,383.9042502464245,384.63292407598084,54447100
2021-11-30,382.6218566894531,389.78228826501027,380.6107093860575,387.440812314893,81332700
2021-12-01,376.1123352050781,389.09246237572006,375.6460028605043,386.9550069636954,77766500
2021-12-02,378.822998046875,380.6009493514841,373.41137266182295,374.82984957942165,84416600
2021-12-03,372.2358703613281,381.18397972788637,368.126137891757,380.18326851446955,105349100
2021-12-06,375.2185974121094,376.5787831439078,368.5147719307007,372.7216670313427,67588800
2021-12-07,386.5178527832031,387.1299437335252,381.8154797717604,381.8543506899871,56005300
2021-12-08,388.2472229003906,388.4512729757663,384.9536317171657,386.84819604677244,39204000
2021-12-09,382.5344543457031,388.8204836488228,382.3401294064192,387.02308173482663,49973700
2021-12-10,386.6927490234375,386.95506100389343,382.1749462557162,385.34225890409687,52545800
2021-12-13,381.106201171875,387.0035798094843,380.73700162639506,386.6829763172521,50166400
2021-12-14,377.1616516113281,378.99789456315466,372.7215911886639,376.28721914398113,75199200
2021-12-15,385.760009765625,386.11951385042335,372.96451072965965,376.909063672621,73858000
2021-12-16,375.8403015136719,387.14933536877277,374.2566453963507,386.72184428250864,82591400
2021-12-17,373.96527099609375,378.1235700481697,370.9145411689588,372.43018093982033,80492500
2021-12-20,370.3375549316406,371.1255254941099,367.2051181161095,369.24801685453167,65336800
2021-12-21,378.6258239746094,378.9371290270754,369.8608618932605,373.6061413324086,48899500
2021-12-22,383.2369384765625,383.44121942555785,377.6724869269267,378.33398788689095,37042200
2021-12-23,386.1263122558594,387.59522966719413,383.4219117710974,383.58727222666715,29595500
2021-12-27,392.50787353515625,392.50787353515625,387.3909031979328,387.4200861977094,32820700
2021-12-28,390.688720703125,393.5779565780435,389.8132009778117,393.40285857051924,33113700
2021-12-29,390.6303405761719,392.08954996149595,388.25669093436284,390.82491370262477,32248500
2021-12-30,389.46295166015625,392.5953886793781,388.87926202726817,390.4162826957751,23850100
2021-12-31,387.0309753417969,390.1536751146718,386.534834650593,388.79175229221005,34752900
2022-01-03,390.7567443847656,391.00968346905273,386.08728701256086,388.19825960966415,40575900
2022-01-04,385.6884765625,391.34047822796384,382.5949599614313,391.30155766728365,58027200
2022-01-05,373.83966064453125,385.1242172262459,373.5867215610678,384.00546647257966,75739800
2022-01-06,373.57708740234375,376.81654920384796,369.7928861023535,372.02062097765435,70814300
2022-01-07,369.5301208496094,375.26970074436014,367.7596362625609,373.5867354584606,72652300
2022-01-10,369.7734069824219,370.2890228474581,359.2671102907393,364.6272827725465,91770500
2022-01-11,375.3280334472656,375.4933938489489,366.96189556641036,369.0436850542449,68295700
2022-01-12,376.8164978027344,379.58900148602123,374.5401347950634,377.8962984641454,54576400
2022-01-13,367.38995361328125,378.87879122687906,366.4560680740918,378.19781508490973,77994000
2022-01-14,369.6761779785156,370.0069285995206,364.66620115432386,364.87051187811494,80121200
2022-01-18,360.4732971191406,365.9891209009165,359.71450953046275,363.86841067713556,75450900
2022-01-19,356.5140380859375,364.5007689267913,356.25136140354783,362.029832788458,81791500
2022-01-20,351.8835144042969,363.70310562915995,351.34848278642613,359.73406878042016,88610700
2022-01-21,342.1262512207031,352.3309798433953,341.8441290801608,349.6946830737125,143388900
2022-01-24,343.6924743652344,344.35400525124277,325.06323854930025,336.5034508180747,198685800
2022-01-25,335.7251281738281,341.48415385021434,332.38841008513276,337.24273313473367,124398400
2022-01-26,335.19976806640625,347.1750074628406,331.5128250411181,343.31296648389116,146559500
2022-01-27,331.82415771484375,341.717578860409,330.8026935247298,339.89843625241,95255700
2022-01-28,342.2331848144531,342.44720335065784,328.7598436579798,333.7016857380433,108167900
2022-01-31,353.17724609375,353.76093569684656,341.9607928414267,343.5951296676344,94326400
2022-02-01,355.5801086425781,356.2319018538568,349.3736300747479,354.51975345573044,74433000
2022-02-02,358.4693298339844,360.0355631779779,354.3835618038252,359.70481264846654,78777100
2022-02-03,343.9356384277344,352.0877595673493,342.87528317586026,348.78022424897017,95384800
2022-02-04,348.2742919921875,351.57208895549786,342.3985353311194,344.4511417789402,86318300
2022-02-07,345.4726867675781,351.23168311671714,344.21775839813677,348.8677710648343,58198100
2022-02-08,349.3540954589844,350.4436334585487,343.2059542469471,344.3344128001198,64720900
2022-02-09,356.75726318359375,356.8350746245941,352.27261072691533,353.8680273004975,55766400
2022-02-10,348.6829528808594,356.5237692365518,346.8443644225489,349.7433081789407,112468500
2022-02-11,337.62213134765625,350.2783500326764,336.39638598494747,348.68293354866245,101569100
2022-02-14,338.0404052734375,341.43551898191356,334.53832682443243,337.0675991070054,80254400
2022-02-15,346.4454650878906,346.6789290679671,342.2526728821173,343.3130280418822,55128800
2022-02-16,346.35791015625,347.379344739258,341.1728367486853,344.1982793145098,58947100
2022-02-17,336.055908203125,343.84806555084964,335.63757898128034,343.14764391072606,61801400
2022-02-18,332.2230529785156,337.3789139342087,329.9175070476172,336.98979739395264,80001500
2022-02-22,328.88629150390625,334.6842375572723,325.25774354936186,329.2851455895957,85967100
2022-02-23,320.4617919921875,332.8747773875307,320.15048692148855,332.03817840867356,86215400
2022-02-24,331.2308044433594,331.76586571589667,309.60533959972105,310.1695541857817,130614100
2022-02-25,336.36724853515625,336.57155924840185,328.2151560760343,332.0285404288966,78842100
2022-02-28,337.36920166015625,339.0619047530669,332.0382423149123,333.1958841481367,77515500
2022-03-01,332.2035827636719,338.61437211753906,329.6840182452462,336.34774671347776,67407000
2022-03-02,337.77783203125,339.11057202016224,330.9876328197201,333.75039937296265,70609000
2022-03-03,332.95263671875,340.5210672491219,331.0945734414268,340.41404313685024,71089400
2022-03-04,328.1275329589844,332.0284954824209,325.8122790448653,330.59846912175567,76936300
2022-03-07,316.0258483886719,329.2754954686106,315.82156737304103,328.1178535672142,89933800
2022-03-08,314.5569152832031,324.14877091450364,311.2396423195089,315.2378618637905,116153900
2022-03-09,325.88031005859375,327.2325248047773,320.1407599335738,322.7284277548084,64723400
2022-03-10,322.2615661621094,323.4678662884436,317.8255713431909,321.8238210937463,69362700
2022-03-11,315.5783386230469,325.5398947178909,315.0919355025774,325.2285895957447,66228400
2022-03-14,309.5177917480469,317.70880412168714,308.8173700285798,314.34290265565807,79802600
2022-03-15,319.22637939453125,320.00464224223913,310.54896387835566,312.15408832569585,76471000
2022-03-16,331.06536865234375,331.1821006306383,319.4695072428963,323.13700512453204,105243000
2022-03-17,335.0733337402344,335.1316997309201,327.8745745746981,329.16839361847946,67810000
2022-03-18,341.9316101074219,342.2234697530368,332.26191499890564,333.4195566448327,85446300
2022-03-21,340.9810485839844,343.31869390140747,336.5980082004085,341.0979546293715,73799100
2022-03-22,347.6821594238281,348.549041489872,341.09788040409666,341.4777283646636,63345900
2022-03-23,342.6855163574219,348.3640045280012,342.6270782050995,344.80887821456724,70615500
2022-03-24,350.30224609375,350.35096436659234,342.45173783238135,344.60428887839834,53555300
2022-03-25,350.0100402832031,351.29573893041794,345.7146582511813,350.2437928647377,57584200
2022-03-28,355.42559814453125,355.5230049812949,348.7633807065235,350.00036133268156,56833900
2022-03-29,361.5423278808594,362.1656780545059,356.54565799435034,359.31183941200896,68073000
2022-03-30,357.5489196777344,361.33782852557766,356.06843686648347,359.68200152367945,68757700
2022-03-31,353.1171569824219,358.0456391088496,352.279493961754,357.6949804858477,67011400
2022-04-01,352.4451599121094,354.1593955264717,349.26988108447256,353.38020022216114,54527800
2022-04-04,359.7014465332031,359.7111961332405,353.01976027347615,353.28273195497076,45950200
2022-04-05,351.7145690917969,358.9611966423126,350.5749657641546,358.2501595469128,62738700
2022-04-06,344.0783386230469,347.5068387031979,341.44850312291874,346.4062040659175,90077100
2022-04-07,344.89654541015625,347.08806535874953,339.627153877945,343.08487346263547,63777400
2022-04-08,340.07525634765625,343.9128544106506,339.4421564054095,343.1628781374533,61956100
2022-04-11,332.0298767089844,336.7635452464772,331.6889676814274,335.84797458933093,66107400
2022-04-12,330.6273193359375,338.65314282857037,329.2539632767462,336.77331286308385,72790200
2022-04-13,337.347900390625,338.3998166492752,330.24736904048524,330.9681259265162,61367800
2022-04-14,329.6337585449219,337.95180119950777,329.41947544107677,337.4355777753882,73519400
2022-04-18,329.8871154785156,332.17604260732804,327.0624952815199,328.58194696609405,58560600
2022-04-19,337.2603454589844,337.8350071673093,328.2215436745014,329.2442411729046,56515700
2022-04-20,332.3415222167969,338.5264838163348,331.1240112611551,338.068698508038,65500000
2022-04-21,325.46502685546875,338.82842846347995,324.5397363520494,336.2180920752476,75801000
2022-04-22,316.9424743652344,326.83840786440084,316.51390809257975,325.6208967999029,82562100
2022-04-25,321.0138244628906,321.32551442948113,314.0496671138111,315.31589645643817,101755900
2022-04-26,308.8971862792969,319.14374885707394,308.6244352611816,318.95868479443385,105819600
2022-04-27,308.52703857421875,314.48796770473507,306.8127735656662,308.99454377699504,111204200
2022-04-28,319.4846496582031,321.3157910363892,309.26727669681173,313.48475162677266,99450000
2022-04-29,305.1083068847656,318.72496285370096,304.47520700530265,315.28671241202,91977900
2022-05-02,310.2023620605469,310.436114682396,301.6018469141752,304.69918805124564,115511800
2022-05-03,310.5335388183594,312.8224657828059,307.76735698291543,310.2218488222658,78185500
2022-05-04,321.0332946777344,321.7053631030934,305.7316253124771,311.0107361696474,116083400
2022-05-05,304.86474609375,316.79635356866515,301.57259168354466,316.71844594551925,154607400
2022-05-06,301.21221923828125,306.90042702253174,297.17980856751376,302.8680460761537,139572800
2022-05-09,289.4267272949219,301.3096472968291,288.03390175661394,295.5922200348363,113387300
2022-05-10,292.94287109375,297.8129146763731,288.86177219356085,296.59540378071733,124124600
2022-05-11,284.2547607421875,296.18637005820534,283.38790825672874,290.6832255838595,140326100
2022-05-12,283.5826416015625,288.0630877961864,277.53405558723375,279.9788270613995,120910900
2022-05-13,294.09222412109375,295.12467108754123,286.4364993748133,288.03388809989207,83684900
2022-05-16,290.6831970214844,294.40391787849285,289.40724783468886,292.34874379462224,59190400
2022-05-17,298.2123107910156,298.5921587961595,292.7383559367014,296.5370143344921,62715300
2022-05-18,283.5729675292969,294.3941922213198,282.316487716093,293.70265421999056,79477100
2022-05-19,282.0534973144531,286.73850768800816,280.1054794237619,281.77105612186665,79920700
2022-05-20,281.1768493652344,286.1637695964297,272.9269937542438,285.51120035510417,91764200
2022-05-23,285.8521423339844,286.23199034784994,279.8230248721788,282.21907844050895,63648400
2022-05-24,279.7743225097656,281.35221225976335,274.9140273398157,280.6412047467661,73491100
2022-05-25,283.6898193359375,285.76446288510164,278.07951900291783,278.28405253294534,67144500
2022-05-26,291.550048828125,293.0987490190363,282.60865493867686,282.8911258210658,59462200
2022-05-27,301.0661315917969,301.21222696962036,294.5597598213431,294.6766361236019,66985600
2022-05-31,300.2674865722656,303.23820206563914,296.42013921910774,301.03696198777624,60968300
2022-06-01,298.0467224121094,304.523875630762,295.8357329172192,302.40054336965414,65341700
2022-06-02,306.2088928222656,306.3842072732837,295.5142654443154,296.92659010109287,59291300
2022-06-03,298.24151611328125,302.40052312325975,296.9947859978607,300.99794802786283,60914700
2022-06-06,299.2349853515625,304.23165526192764,297.6765653234213,302.67323523378644,51785000
2022-06-07,301.8160705566406,302.5952953498359,294.82269523738705,295.91358022347396,44900300
2022-06-08,299.64410400390625,303.61804712763023,298.7966913157756,301.01743035758443,38342100
2022-06-09,291.6182556152344,301.01743545544304,291.4526907496542,297.9590629986376,55900500
2022-06-10,281.3327331542969,287.20600575852495,280.88469737349953,286.01771368601544,85963500
2022-06-13,268.2518005371094,275.00167522673036,267.3946679306064,272.4789956879142,94442000
2022-06-14,268.73876953125,271.41729371088064,266.2355598004326,270.44328491828765,64697500
2022-06-15,275.4497375488281,279.37499269025363,269.42061936810114,272.1576120466617,86051400
2022-06-16,264.3363342285156,268.8849399131413,262.2811596461525,268.4271544639436,81910300
2022-06-17,267.55047607421875,269.9854980416754,263.47912647848466,265.1057045070877,82703400
2022-06-21,274.3005676269531,276.6134301855242,271.9194458264943,272.02677842150456,51633700
2022-06-22,273.90057373046875,278.30177743750676,271.20713224352835,271.8024054461043,67472900
2022-06-23,277.9797668457031,278.8287787279244,273.5492578418302,276.37930737641136,57457800
2022-06-24,287.5043029785156,287.92395446562955,280.5658029808013,280.800004903636,58422300
2022-06-27,285.3964538574219,289.42681798517424,284.26442815111665,288.8608200227862,54151500
2022-06-28,276.70135498046875,288.5192616412146,276.5159351758475,285.9331824998259,61609800
2022-06-29,276.955078125,278.45794354155225,274.06647805469794,276.56473159358586,57302700
2022-06-30,273.51995849609375,277.09168696089944,269.12849346614837,273.97862381270477,79313600
2022-07-01,275.3253173828125,275.71566383513857,270.34831821646026,272.2220228817609,56675100
2022-07-05,280.038818359375,280.1559193205776,270.075081156703,271.5974532153894,61829300
2022-07-06,281.8344421386719,283.93261027210065,278.70187223129227,280.4194324508901,63194700
2022-07-07,287.865478515625,288.5681142475734,282.64450756949054,282.64450756949054,56620100
2022-07-08,288.2264709472656,289.5926984461402,284.0984834291946,285.0353208882049,59895500
2022-07-11,282.06866455078125,286.0404777553998,281.19037756980873,285.81604417604984,55273900
2022-07-12,279.3362121582031,285.2305426707223,277.74552111118555,283.3178239465647,55797100
2022-07-13,278.76043701171875,281.10254575215123,273.2662215205759,273.8322492499436,73939400
2022-07-14,279.755859375,280.62437810279306,273.0515309298952,276.16459414754115,63741800
2022-07-15,284.8304748535156,284.93783728464246,281.1318763281155,282.7421043242773,63818100
2022-07-18,282.41998291015625,289.0169486418252,281.24894346518283,287.611677482635,59519600
2022-07-19,291.1053466796875,291.39812890521887,284.44009126466915,286.0405209277583,55172600
2022-07-20,295.72125244140625,296.90206024914977,290.7442528094692,291.52497556868116,67769400
2022-07-21,299.9663391113281,300.0248895951628,293.525517855766,296.1799156552056,55049400
2022-07-22,294.70635986328125,301.10813827886636,292.88146674837793,299.0392748591571,57127700
2022-07-25,293.02783203125,295.2040577901947,291.0272875191682,294.73562410111066,40582400
2022-07-26,287.2701416015625,291.5835495722376,286.4601733164211,291.32981093233593,50074100
2022-07-27,299.4100341796875,301.09831895746373,291.2614222284855,291.82744986147276,69304400
2022-07-28,302.33770751953125,302.91347376867895,295.4479896479993,299.1953693285458,55139900
2022-07-29,307.8514709472656,308.75906308524213,302.454849173802,303.8796571496862,57501000
2022-08-01,307.66607666015625,311.12070468792047,304.99217151576033,306.0851537709431,46358800
2022-08-02,306.74871826171875,310.86693803333435,304.3187836531633,305.3727520054132,48676500
2022-08-03,315.102294921875,315.922031555984,308.3686908175321,308.42724130700196,53735700
2022-08-04,316.57586669921875,316.8881558420076,313.0334130508828,315.1803636806415,38973700
2022-08-05,313.9897766113281,316.0195964067601,310.7108300691232,311.4915231177822,53894000
2022-08-08,312.9748229980469,318.5959077315919,311.51100133048016,314.907078320585,43878500
2022-08-09,309.432373046875,311.3353531473063,307.81243659216807,311.0816145255079,39764200
2022-08-10,318.0689697265625,318.3617519714591,314.29231404150215,316.7612924209817,51459600
2022-08-11,316.2635192871094,322.3920511229261,315.560883736056,320.39150687223895,45897700
2022-08-12,322.4213562011719,322.61651454334356,317.25893707907943,318.31287551508046,40928400
2022-08-15,325.02703857421875,325.5247475905526,321.45530927563516,321.4748459627292,38266600
2022-08-16,324.2657775878906,326.35417748127685,321.2210332564173,324.05108255008014,41186900
2022-08-17,320.5671691894531,323.436261971791,318.48853770617495,321.1331968983646,47842200
2022-08-18,321.3382263183594,322.51903447396126,318.90829116156175,320.5184895158437,41937200
2022-08-19,315.0729675292969,318.9569851504218,314.31178143869266,318.3031614705781,51770600
2022-08-22,306.7779846191406,311.052348829549,305.9680163669286,310.8181468831801,51098900
2022-08-23,306.5242919921875,309.35434152618393,305.7728444052722,306.5437988949074,39497100
2022-08-24,307.41229248046875,309.22741689930655,305.44099374167973,306.0460352146257,38057100
2022-08-25,312.8479919433594,312.86752862816047,308.1442670437042,309.18843732695433,38098300
2022-08-26,300.0248718261719,313.7555253212276,299.9370461056214,312.55518091065204,69047700
2022-08-29,297.06793212890625,299.81015529495335,295.965181858566,297.2728587954886,48321900
2022-08-30,293.7597351074219,299.33203795561866,291.24197482667506,298.7172280617715,51184500
2022-08-31,292.052001953125,297.55598708223823,291.94466929937244,296.6581631331041,50044000
2022-09-01,292.1788330078125,292.5496726386103,285.8844169711918,289.5634784705977,57990700
2022-09-02,288.0508117675781,296.42385775688933,286.44058427059224,295.04786195450646,64666800
2022-09-06,285.98193359375,289.44632923624584,283.85452002401945,288.52899865452224,57005400
2022-09-07,291.7591857910156,292.7545738330587,286.19665137708756,286.46015834522314,49260400
2022-09-08,293.2718505859375,294.58929635578386,288.3241548090565,289.6903827334569,55649800
2022-09-09,299.683349609375,300.1810585439501,293.2718030746139,295.5260862300546,56125200
2022-09-12,303.2452392578125,303.5770352096392,300.7469863886866,301.0592754427082,45905700
2022-09-13,286.6163024902344,295.7114920734445,285.7282470797957,294.5209158923819,79562200
2022-09-14,288.89007568359375,289.76836270160635,285.9917076770831,287.7580500540228,54907200
2022-09-15,284.07904052734375,289.37806861756616,282.4785809670192,286.97740905861184,65299400
2022-09-16,282.3419189453125,282.7322654178717,278.7311470657045,280.78050327354885,79920400
2022-09-19,284.5406494140625,284.6970745912991,279.6427184448839,279.70137415696615,52613800
2022-09-20,282.2725524902344,284.5602147143925,279.97510436926854,282.0378998122083,51271100
2022-09-21,277.2181396484375,287.3757802061988,277.08128628170294,283.11327668494283,82931000
2022-09-22,273.80615234375,276.69994264649773,272.58410899216227,275.6929801181912,62757100
2022-09-23,269.3482360839844,271.6358984690643,265.93626954877664,271.34259005966226,74815200
2022-09-26,268.2336730957031,273.2391588301352,267.4417912419773,268.8789156867109,71176700
2022-09-27,268.3411560058594,273.94298317480377,266.0241369402043,271.5966660995625,69780100
2022-09-28,273.6791687011719,274.9598682786163,266.84550898877166,268.32171768262555,79652100
2022-09-29,265.78961181640625,270.0716577150531,262.8273790808432,269.69036575980726,81216000
2022-09-30,261.2826232910156,269.0352582281455,261.12619818046966,264.9682948590677,78482400
2022-10-03,267.41241455078125,269.00596386306034,261.5466064329693,263.0521722036864,61267400
2022-10-04,275.8200988769531,276.52399709567806,272.7503114179168,272.7503114179168,66696900
2022-10-05,275.6734924316406,277.4625511231233,269.2602100468539,272.05623146486425,55766300
2022-10-06,273.50311279296875,277.82424176859405,273.18047661125445,274.67625661590097,53489400
2022-10-07,263.0815734863281,268.9962530554361,261.75197442759656,268.8691557371326,71354700
2022-10-10,260.45172119140625,263.66814841441,257.74368321845105,263.2770705805112,60393000
2022-10-11,256.8735656738281,261.6444286795512,255.19203248058224,258.77996563092654,66522500
2022-10-12,256.7856140136719,259.42521062634756,256.0915015138821,257.50905437021186,50580200
2022-10-13,262.8078918457031,264.1277052836064,248.57351133261974,249.4533919303982,112894100
2022-10-14,254.9085235595703,265.7309494570083,254.32196646625434,265.1346064671202,77244300
2022-10-17,263.3260192871094,264.1960990090227,260.77437617026146,260.8721456469514,64576500
2022-10-18,265.4083557128906,271.01018506656084,262.72961557378073,270.3454004390657,69781000
2022-10-19,264.4404296875,267.5590871120454,262.07457015959795,263.89295658178486,53115400
2022-10-20,263.09136962890625,268.69322953912973,261.928011298479,263.5508593231311,60605500
2022-10-21,269.2602233886719,269.7979106618397,260.85255709108765,261.986617180999,77897700
2022-10-24,272.222412109375,273.151147234624,265.887328094791,269.52413061213724,63963600
2022-10-25,277.8536376953125,278.2349296698417,271.68476317219097,273.16100158374826,59014500
2022-10-26,271.714111328125,277.62882147848575,271.22529378685823,272.2322567284656,63492400
2022-10-27,266.76727294921875,272.05628218222876,266.24912756295623,270.59961549604924,57760300
2022-10-28,274.9304504394531,275.3997258683495,265.9753123912375,266.14152342908994,62651300
2022-10-31,271.733642578125,273.503159426672,269.81745662103884,272.68194966008537,47742000
2022-11-01,268.9571533203125,275.76151447216347,268.59543314016713,275.2042553559678,45895900
2022-11-02,259.73797607421875,271.98773748970706,259.66953448582586,268.9277361505914,79803100
2022-11-03,254.66409301757812,258.5844183208103,254.282830939572,257.1277519387326,70038900
2022-11-04,258.76043701171875,260.64726549152124,253.28567478294306,259.59143276846174,78313200
2022-11-07,261.6053161621094,262.1430332516671,257.6752346520297,259.8064715479662,47333800
2022-11-08,263.5116882324219,266.747656983105,259.58157730334085,263.1206402855354,63213800
2022-11-09,257.43084716796875,262.55364485772475,257.1473246731768,261.77154881663506,64862100
2022-11-10,276.4263000488281,276.71957861883755,267.7253543962646,269.8370496054912,99256700
2022-11-11,281.5197448730469,282.1845592972137,274.90116716615194,276.2405222408589,66961800
2022-11-14,279.05615234375,282.74182575860164,278.07851728924834,279.46674235901037,55290700
2022-11-15,282.9177551269531,286.70119711003974,279.5742309122213,285.67466264711777,73985400
2022-11-16,279.05615234375,283.00580631775176,278.2349424781751,280.9625526340498,48859800
2022-11-17,278.44024658203125,279.9164851097725,274.44172265870026,274.5981478527372,55462100
2022-11-18,278.4499206542969,281.54900592608294,276.00583391974624,281.45126632473546,53588600
2022-11-21,275.5855407714844,278.21535143793466,274.7545450656288,277.0617493138327,40083500
2022-11-22,279.55474853515625,279.71114388498205,274.1875119369852,276.3187789752924,41873400
2022-11-23,282.36053466796875,282.9862055245089,279.39830194977225,279.5742690811381,46390000
2022-11-25,280.5030517578125,281.47090087588236,280.01423425009193,280.76700247136256,15498800
2022-11-28,276.3871154785156,280.5420632210341,275.4583803547445,278.52813799616996,38714200
2022-11-29,274.2950134277344,277.0128370816902,272.92633062269323,276.6120032182411,35618900
2022-11-30,286.7989807128906,286.9065360739054,273.70846396811334,274.55900161910057,74718100
2022-12-01,287.15087890625,289.13547624804187,284.37439980667705,287.12155105725975,51547300
2022-12-02,286.0070495605469,286.8869447509054,281.910757350936,282.08675429003557,53583200
2022-12-05,281.2069091796875,285.15653258522,279.75021293114065,283.88561918438853,41482100
2022-12-06,275.3801574707031,281.1873104465043,273.9919327917334,281.05045709162715,53937600
2022-12-07,274.25592041015625,276.2503039825609,272.54505931577694,274.1972647022958,45614300
2022-12-08,277.501708984375,278.46955811599247,273.53251315292846,275.6050946410666,42594900
2022-12-09,275.7321472167969,279.25163871744275,275.2921995910729,276.48491532642936,47860500
2022-12-12,279.19293212890625,279.2516176649539,274.87180303489004,275.908093532643,35732500
2022-12-13,282.1943054199219,290.2402513163145,279.5155953648504,290.0153845506873,80667700
2022-12-14,280.10211181640625,284.8925156121254,276.85635763308704,281.6076476891763,64984400
2022-12-15,270.6973571777344,276.68047833241644,269.5046413384967,276.01566388796755,60554100
2022-12-16,268.11639404296875,271.5576584419353,266.5130583502916,270.0227941935211,68300400
2022-12-19,264.3484191894531,268.4741081086413,263.11364035829007,268.38591389305566,44167900
2022-12-20,264.1425476074219,265.8869024245036,261.60441519925917,263.1821610584661,51064200
2022-12-21,267.9742736816406,269.27762774929147,264.3385435697956,265.18133792927495,46394700
2022-12-22,261.418212890625,265.093120157277,257.2043012809809,264.9657185869975,60278400
2022-12-23,262.0062561035156,262.67266222528946,258.25296279970826,260.1541178129993,39373600
2022-12-27,258.302001953125,261.50654188171364,257.7630272387657,261.3987289949494,38009000
2022-12-28,254.89163208007812,260.15409570007984,254.52904593217914,257.90016402550407,47139000
2022-12-29,261.1047058105469,262.0454740291402,256.9986055824122,257.6943798967325,45893600
2022-12-30,260.94781494140625,261.07521651214813,257.0377231655659,258.341077122022,37858300
2023-01-03,259.18389892578125,264.7403425754029,256.8809508045334,263.2703795073479,42335300
2023-01-04,260.4187316894531,262.0945116610241,257.2730180814706,261.30073374037886,47754900
2023-01-05,256.3420104980469,258.91935117351017,256.0284410273781,258.75277206510526,45396700
2023-01-06,263.4173583984375,264.5345446367725,255.1267754282982,258.0765107602251,54659700
2023-01-09,265.12255859375,269.7774418403852,264.5149786181728,265.40672993298676,45568700
2023-01-10,267.3667297363281,267.47454260367743,263.58403827618673,264.09361482175257,35247800
2023-01-11,271.9921875,272.1000003561461,267.65090322153156,268.4349015637978,44077000
2023-01-12,273.4621276855469,274.4911198155303,268.25846062265697,272.55075772684324,60600000
2023-01-13,275.3436279296875,275.58862172505127,270.6299496994062,270.9631376723246,44802900
2023-01-17,275.90228271484375,277.18604809737275,273.98150939661457,275.14768251608376,36269700
2023-01-18,272.3156433105469,278.98927521469835,272.1098567941567,277.4408969121864,47754500
2023-01-19,269.6402587890625,271.8256149685803,268.4055099682429,270.6888397747378,44150400
2023-01-20,277.0194091796875,277.3525971911707,270.18898017810113,271.24737024419835,60613600
2023-01-23,283.1737365722656,284.3987060531024,277.0685078199232,277.8622856509869,52799900
2023-01-24,282.5954895019531,283.751853248069,281.03733226985304,281.5567180138864,44875100
2023-01-25,281.9684143066406,282.5857738660764,275.54955563293726,278.08768906556594,50872000
2023-01-26,287.4659729003906,287.64236129032844,282.7424844155557,285.388429890523,51596300
2023-01-27,290.32757568359375,292.28752684887775,286.0352778465848,286.1528701314648,56441900
2023-01-30,284.45745849609375,288.48517308170074,284.0850929525682,287.0641967396339,49405800
2023-01-31,288.7203674316406,288.81837095968,284.3888926131909,284.4966755594997,46705100
2023-02-01,294.89422607421875,297.35394412149606,286.4468125594158,288.5145763137995,67562200
2023-02-02,305.4779357910156,307.3986792194791,300.58786806855676,301.41104382361254,83070600
2023-02-03,300.0488586425781,306.134527365596,298.44171454947156,298.8336987253652,76170800
2023-02-06,297.5107421875,299.7842924007308,296.16818061095165,297.43235731063703,40802300
2023-02-07,303.6748046875,304.80177050137615,296.2661924961063,297.3833489851689,67584000
2023-02-08,298.2750549316406,303.3023326290738,297.58909021691113,302.3615647853608,56720900
2023-02-09,295.638916015625,302.80253245280153,294.1885718359373,302.65554215168055,49137800
2023-02-10,293.6986999511719,295.5312495423064,291.29774776311353,293.4831041224218,50050100
2023-02-13,298.40252685546875,298.9905181113563,293.92403183643796,295.1000143482131,39636700
2023-02-14,300.6074523925781,301.5580297219123,294.88439967500585,296.8247617232843,64079100
2023-02-15,302.910400390625,303.0769794600468,298.1085269393555,298.7944917715508,43100600
2023-02-16,297.2265930175781,302.2538727236449,297.07960265615446,298.28498343279347,59498600
2023-02-17,295.12939453125,295.8839648215853,292.1306722050672,295.041200334183,58230700
2023-02-21,288.1421813964844,292.7480779905276,288.0050003843626,291.3075128776228,46526700
2023-02-22,288.3577575683594,290.4254912794168,286.70159677213525,288.72034367644244,51389200
2023-02-23,290.8763122558594,292.16007766757474,286.6917980591671,292.0032780111049,69294400
2023-02-24,286.005859375,287.1034271642342,284.2418855081771,285.91766516763073,74332000
2023-02-27,288.05401611328125,290.5529418079931,287.4660248008548,289.16139327194696,48995000
2023-02-28,287.6815490722656,290.19028346864906,287.0935579060723,287.42674592207146,48243100
2023-03-01,285.36883544921875,288.0441490292622,284.38886009383884,287.3875822887834,58287000
2023-03-02,287.7305603027344,288.53414730120545,282.59549882206886,282.87970005937706,53565900
2023-03-03,293.6789855957031,293.9141999999953,288.96530687757166,289.47491316481114,60511500
2023-03-06,294.0121765136719,297.9124889444724,293.8161993990393,294.9137669416939,56736300
2023-03-07,290.4058837890625,294.9823817088426,289.79830387350347,294.0612025121971,65955800
2023-03-08,291.8562927246094,292.4540633879132,288.97516253842946,290.8273005687011,50876300
2023-03-09,286.799560546875,294.9529618127606,285.98616434091986,292.35600347242956,71456700
2023-03-10,282.7719421386719,288.45581845645546,281.62538745570544,286.9662364321143,98593600
2023-03-13,284.8690185546875,288.57332394308236,279.47915447648757,280.98832479219584,97123600
2023-03-14,291.4153137207031,291.9640976158507,287.5738264546701,288.4165910413327,73602500
2023-03-15,292.94403076171875,293.2772187994073,287.36796850276227,288.8085334957989,83631500
2023-03-16,300.6662292480469,301.0288153358868,291.2388713383132,292.0326489647935,98198100
2023-03-17,299.2452087402344,302.95932307268913,297.29506768822006,300.57799054588736,89923700
2023-03-20,300.3072509765625,300.6311303110754,296.42054919854286,298.62890724672246,56359500
2023-03-21,304.59637451171875,305.04785266850337,300.7292917206466,302.2407985358672,49757000
2023-03-22,300.45452880859375,309.4155616024022,300.2876918296602,304.5277173641124,75791900
2023-03-23,304.017333984375,308.33589544993333,301.3280538352292,304.18420090621953,74576000
2023-03-24,305.1362609863281,305.23438628802813,301.26917759155515,303.5953103540764,57195200
2023-03-27,303.045654296875,306.9127374035687,302.19176055680384,305.833089590293,50287400
2023-03-28,301.43597412109375,302.49600280278304,299.1294607378363,302.466559225668,48585900
2023-03-29,306.9323425292969,307.55068761030134,304.3117443176052,305.1263998840245,53274300
2023-03-30,309.8375549316406,310.4657245286793,307.02067616071264,309.4056958218703,58354800
2023-03-31,314.9903869628906,315.22596553535897,309.7590450153617,310.0633053000576,62138100
2023-04-03,314.2248229980469,314.48984514713516,311.54536759921757,312.8703585335609,47126800
2023-04-04,313.16485595703125,315.6774746560139,311.94778474615265,314.66653846035115,45875400
2023-04-05,310.0731201171875,313.1549909553474,308.2573530230773,312.212766553252,62795700
2023-04-06,312.1636657714844,312.65441200282,307.03047936148835,308.4241818849287,46916500
2023-04-10,311.9870300292969,312.03612262814016,307.452539270489,309.2388628884362,45134700
2023-04-11,309.9847717285156,312.0066738913755,309.47440639730115,311.9477567831826,40113600
2023-04-12,307.2464904785156,312.5269261221411,306.78518770046855,311.93802449762427,62813300
2023-04-13,313.2629699707031,313.73406719426043,307.8254932108814,309.0032662225483,54613800
2023-04-14,312.6741027832031,314.4309529600365,309.7688631396703,311.7122292583174,56278300
2023-04-17,312.9390869140625,313.2924398141298,310.19091970365525,312.261854645645,43007000
2023-04-18,312.95867919921875,315.4713275158406,311.76128712291046,315.04926298343963,46746900
2023-04-19,312.8114929199219,313.87152168372256,310.4264731305352,310.55407195884237,38960100
2023-04-20,310.42645263671875,313.3611056829367,309.14069983335924,309.8473756449807,62462100
2023-04-21,310.7502746582031,311.5256619917523,308.28674925848816,310.06324799348266,59002300
2023-04-24,310.1025085449219,311.8593582207366,307.9333889652998,310.52454305121694,44043100
2023-04-25,304.2528991699219,309.1407433849651,304.15477386644125,308.473335566847,57121600
2023-04-26,306.09808349609375,309.11127287941105,305.5778936312846,307.63903402208973,55400500
2023-04-27,314.4211730957031,314.92171397402467,309.21924413400245,309.85723831198396,65430400
2023-04-28,316.5901794433594,316.67851016315626,313.0568008876314,314.18551113317454,59712600
2023-05-01,316.22711181640625,317.64046359518244,315.14746393639973,316.1289565631733,41013400
2023-05-02,313.4691162109375,316.48230572803664,311.7318551123893,316.1583963914901,56519400
2023-05-03,311.4177551269531,316.5018789481338,311.3097753794873,313.83221822361713,59882100
2023-05-04,310.3185119628906,312.34038421478306,309.28792681621553,311.1920247548366,50224500
2023-05-05,316.9141845703125,317.76807840609376,310.35779072970627,312.57597376263107,51806100
2023-05-08,317.6993713378906,318.04289977007153,315.3732384541892,316.4528864041379,36465800
2023-05-09,315.6872863769531,316.9043275857456,315.37320156411107,316.0406093268182,31768800
2023-05-10,319.1225280761719,319.9764218717756,315.64803577940484,318.1213864238547,60446600
2023-05-11,320.16290283203125,320.702711788897,318.1213814203093,319.67215652477967,44278500
2023-05-12,319.0145263671875,321.1149348281114,316.9632105060504,320.6928702621586,48432800
2023-05-15,320.741943359375,320.9774919751465,317.9643028030483,319.4856341539702,33375600
2023-05-16,321.1050109863281,322.81279793177066,319.9860954339577,320.0253635110847,40019200
2023-05-17,324.9918212890625,325.5708983222604,320.9873447050186,322.16511784019536,47486100
2023-05-18,331.02801513671875,331.2439447177348,325.36481333171304,325.3844324017041,64213500
2023-05-19,330.28204345703125,331.95056269847424,329.22201480691604,331.2438869159886,61554900
2023-05-22,331.39111328125,332.40204927029424,330.01699993843374,330.02682444746773,43015900
2023-05-23,327.19036865234375,330.82190336326596,326.8370456829929,329.6735737600976,48216700
2023-05-24,325.511962890625,326.7486529543009,323.46064727807794,325.2371462045606,62891200
2023-05-25,333.4325866699219,334.6987202046388,330.43904694465687,332.86333427874837,66862800
2023-05-26,341.95196533203125,342.7862399093372,334.3552233152055,334.4533785512602,63007000
2023-05-30,343.5027770996094,347.37965474183784,342.0796009058038,346.18223261994183,72652200
2023-05-31,341.549560546875,344.1112715102419,340.09697083767367,341.9225324839208,65105400
2023-06-01,345.4952087402344,346.8201997459397,340.2442175064159,341.2944217437348,50488600
2023-06-02,348.0863037109375,349.2444576542266,345.49517912675213,347.25202910838146,53372100
2023-06-05,348.33172607421875,350.88361288576164,347.30117080070033,347.870423343083,47266200
2023-06-06,348.2727355957031,349.23460886434486,346.39808164669563,347.72310228584183,41390400
2023-06-07,342.3642578125,350.5106344564043,341.73608816769587,348.55747375650026,69225900
2023-06-08,346.6140441894531,347.07534682770165,342.4329068233246,342.6586309114903,47153900
2023-06-09,347.9391174316406,351.04063755935596,346.49632214996257,348.06671625868603,53196900
2023-06-12,353.8182373046875,353.9163925495602,348.62616331728384,349.59783135014015,44606500
2023-06-13,356.5369873046875,357.3712319959438,353.3667556384782,356.5664308825815,57097800
2023-06-14,359.12811279296875,359.4127540150757,353.74955286754476,356.5467826318429,69525600
2023-06-15,363.40740966796875,364.8894429222012,357.2436381860123,357.86195327861964,71138800
2023-06-16,361.12054443359375,365.94950092806926,360.6788907605711,365.8219021049376,80932000
2023-06-20,360.6036376953125,361.999282329097,357.6453125814142,359.66995860384486,49204700
2023-06-21,355.6893615722656,359.89591050570834,354.7654906855593,359.4634590270858,53378300
2023-06-22,359.8861083984375,360.0433362169983,354.0382053490681,354.44117286954963,47603000
2023-06-23,356.3184814453125,358.61832124796274,354.6279970612446,355.99412775873293,48922900
2023-06-26,351.5417785644531,358.57890804736354,351.4533266707655,355.78764942462146,52685500
2023-06-27,357.5862731933594,358.31359439431293,352.35759290319345,353.0848841102833,49428100
2023-06-28,358.2840881347656,360.23008989079324,355.689379134913,355.76802304065137,46498000
2023-06-29,357.566650390625,358.62813329590955,355.9253260746323,357.98926395760606,46151000
2023-06-30,363.080322265625,364.1319369850528,360.9279028966516,361.24238851694764,58712500
2023-07-03,363.9353942871094,364.5643955337729,362.63803984892405,363.7191685474118,19432900
2023-07-05,363.9255676269531,365.6258896326675,362.3333734913829,362.3726954436045,34460900
2023-07-06,361.15399169921875,361.5962812236896,358.264442790466,360.2203126942512,49374700
2023-07-07,359.9549255371094,364.1221830587918,359.7288917758838,360.9279564882664,47133700
2023-07-10,360.0727844238281,360.7509455502349,357.1734281529696,359.6796549287457,48498800
2023-07-11,361.8518371582031,362.3039346865907,358.3627408147586,360.4955145791754,38214100
2023-07-12,366.4219665527344,367.7684509021404,363.9451935946004,365.9501931335994,61975400
2023-07-13,372.6434020996094,373.4689832631112,369.01672377795046,369.59659519062916,46960000
2023-07-14,372.56475830078125,376.28969622897483,371.6900172609404,373.0758237437194,55148500
2023-07-17,376.0439147949219,376.91865566796974,372.80055896012004,373.2821403432519,40868900
2023-07-18,379.1202392578125,380.4863996234186,373.4787539929025,375.40510969416385,55262000
2023-07-19,379.0317687988281,381.32179994850327,377.7049304495396,380.18170336657397,54093000
2023-07-20,370.29437255859375,377.50840607614344,369.27221176229006,376.0439558023817,71941700
2023-07-21,369.18377685546875,373.4001640896318,368.7513253445873,372.6728429155879,60499600
2023-07-24,369.7734680175781,371.1002764580917,367.9158882106813,370.15675956883325,40380100
2023-07-25,372.27972412109375,373.94072429184797,370.4614661242125,370.48114209864303,38894400
2023-07-26,371.04132080078125,372.73180486329676,368.74148143559074,371.23790057306576,47075700
2023-07-27,370.1568298339844,378.1079939692565,368.86931310713493,376.4961535605494,63940200
2023-07-28,376.89910888671875,377.92123984671184,373.6950441625476,374.20610964254416,56902900
2023-07-31,377.0956115722656,378.27503021734213,375.77861108178536,377.20373944509765,44019900
2023-08-01,376.22088623046875,376.977661335996,374.15691867719516,375.7491127916499,41060600
2023-08-02,367.9649963378906,372.7514160215036,366.7266099743299,372.7514160215036,72687100
2023-08-03,367.3753967285156,369.4983325592285,365.3900427604383,365.5571385870663,47666400
2023-08-04,365.6553955078125,371.6113968871545,365.1541380670017,369.30171945598914,61702800
2023-08-07,368.7513122558594,368.8496021400914,365.13447246946816,367.46379575584587,37230400
2023-08-08,365.61602783203125,366.26470502906085,362.4906076958643,366.24505905116035,44726500
2023-08-09,361.5962219238281,366.0583184175493,360.8394468552102,365.9010606122795,51150900
2023-08-10,362.2645263671875,367.93549508025467,360.7411383228196,364.6036873595908,72035300
2023-08-11,359.9549255371094,361.68473167795355,358.4315371702507,359.7092158009151,48707200
2023-08-14,363.99444580078125,364.112381686996,358.44141120314225,359.15886450890457,42130800
2023-08-15,360.1318359375,363.8174817408834,359.4634827031511,363.02135465299926,45539900
2023-08-16,356.3184814453125,361.12454885506594,356.2201915404742,359.5913223199658,53190500
2023-08-17,352.4263610839844,358.0580388030528,352.0135855407682,357.71403918779725,62604300
2023-08-18,351.9840393066406,353.24207168176065,348.62271765147574,349.1632969494942,61191400
2023-08-21,357.6549987792969,358.3331598853096,352.98651493017394,353.44845032131514,50696500
2023-08-22,357.1440124511719,360.269433026143,356.4560132078878,360.2595950388818,44530200
2023-08-23,362.7756042480469,363.86657088030654,358.1071200873245,358.32334581662815,51770600
2023-08-24,355.0210266113281,366.3433186005974,354.814638865053,366.24505871732504,66842500
2023-08-25,357.7729797363281,359.46346372196984,352.42633410703627,355.8564620160863,69960500
2023-08-28,360.46600341796875,361.39968237368765,357.9990681887623,360.69203716817907,40910000
2023-08-29,368.3385009765625,368.6923385554893,359.94507888520656,360.2694025048502,58492400
2023-08-30,370.3927001953125,370.9726016140873,367.444183123251,368.4466981238266,41731500
2023-08-31,371.5032958984375,373.2036181290947,370.4025210414967,370.4713269685218,35730700
2023-09-01,371.110107421875,374.2944956090259,369.6260112017312,373.87188211383943,39801200
2023-09-05,371.5819091796875,372.80061981456237,369.38032965344104,370.30420061660834,32344200
2023-09-06,368.30902099609375,371.149439669224,366.3040513379726,370.805440073003,42998700
2023-09-07,365.6749572753906,366.4514082317072,362.81489311424554,363.8566997166598,52060700
2023-09-08,366.18609619140625,368.41715964189956,365.2229332864503,365.62590082593965,35800100
2023-09-11,370.500732421875,371.0117977846171,367.2475384918476,369.2132160323528,39936600
2023-09-12,366.3924865722656,370.48109960097645,366.10745492048966,368.8299076129813,41391000
2023-09-13,367.78814697265625,369.3901792248548,365.49814546694387,366.6284042357523,46300700
2023-09-14,370.7956237792969,371.77846268664996,367.4736534672886,369.5375911776395,48039400
2023-09-15,364.44647216796875,369.86192383840483,363.51276326138964,369.4589563099792,69811200
2023-09-18,364.8263854980469,365.9386058426175,363.2220343841815,363.5074786408104,36903500
2023-09-19,364.048828125,364.84607760693416,361.0271378460605,363.5074962674378,37621700
2023-09-20,358.802734375,365.46617463630355,358.7239766256181,365.11185487592627,45514200
2023-09-21,352.22784423828125,355.9090030735523,352.0605365859801,355.1215757656396,69734800
2023-09-22,352.27703857421875,356.1058002061891,351.9620676839268,353.9699695629412,51589700
2023-09-25,353.9503173828125,354.0389273640815,350.3282417213544,351.31250337092115,39168000
2023-09-26,348.6352844238281,351.91289229277817,347.6510228478301,351.37153040361153,53657700
2023-09-27,349.4523010253906,351.3617712282636,345.8301949477779,349.78694641677345,56066000
2023-09-28,352.3755187988281,354.50152754238655,347.68057155948935,348.536874378989,56453300
2023-09-29,352.6313781738281,357.23774510147166,351.4010512242257,355.84993269784667,64829600
2023-10-02,355.5743408203125,356.9719754148044,352.2869108139904,352.8971481752992,51625100
2023-10-03,349.3341369628906,355.3282864453552,347.7199335363626,353.13337228482897,60478500
2023-10-04,354.0881042480469,354.9345547909679,349.70812819170675,350.17073233689933,54786700
2023-10-05,353.0448303222656,354.48184398872326,349.55071331458714,354.0782930886823,45897400
2023-10-06,358.9602355957031,360.15118378118626,349.2652523404519,350.05264964515703,75049100
2023-10-09,360.7909851074219,361.33231705565373,355.10195338712657,356.5980204354887,45304800
2023-10-10,362.78900146484375,365.43666773183907,360.6236438363475,361.1255968573327,46968800
2023-10-11,365.3775939941406,365.5646061019628,362.39528253424044,364.11774034197475,38215100
2023-10-12,364.10791015625,367.8579446931247,361.7161615216667,365.8795991738275,49587900
2023-10-13,359.53106689453125,365.3185297611744,358.13340224170594,364.7378190364302,52469900
2023-10-16,363.5960693359375,364.649236422345,360.7023379238582,360.84997115156034,44201100
2023-10-17,362.4051208496094,364.0980519457113,357.93656492665207,360.0527212874597,50999100
2023-10-18,357.6510925292969,362.11964810076057,356.3223335114042,359.9149119768525,54280500
2023-10-19,354.3046875,360.2594588062133,353.5074379211459,359.0685105524273,72274200
2023-10-20,349.0191650390625,354.373550479642,348.79277406044923,353.802661937845,72559700
2023-10-23,350.0723571777344,353.6058529260909,345.59394861069154,347.70028297707074,60665200
2023-10-24,353.4778747558594,354.245597605717,350.190444601993,351.88337576286887,47082100
2023-10-25,344.826171875,351.2632505247359,344.24546119183015,351.08609066287613,71190500
2023-10-26,338.2513427734375,344.56046319125295,336.9619624891379,343.62540266266313,78621400
2023-10-27,339.8753662109375,343.34980841162735,338.664713645482,340.9777343824353,63476700
2023-10-30,343.7041320800781,345.0230389019717,340.99741292148934,342.3556685770316,55298500
2023-10-31,345.3478698730469,345.72189409468723,341.1647579872037,343.7336964353076,47671900
2023-11-01,351.3420104980469,351.9030468160759,346.0860571858595,346.18448935280355,58992700
2023-11-02,357.72003173828125,357.95624490601404,354.62943595313834,355.8499407400772,58162400
2023-11-03,361.92279052734375,363.21217069923983,358.7829939153068,359.009384875461,53280500
2023-11-06,363.3992614746094,363.960297864334,361.1354715320039,362.6905918342425,38848700
2023-11-07,366.8343200683594,367.7004450680254,363.241741103211,364.4425414885638,50777400
2023-11-08,367.0705261230469,367.90715449646547,364.7870319858255,367.20830712864307,35663400
2023-11-09,364.24566650390625,368.90120425160836,363.7535357458132,367.759487325637,53859400
2023-11-10,372.4346923828125,372.5823255880607,365.4365780813012,365.9680876574694,58309800
2023-11-13,371.2733459472656,372.32651317096065,369.33434920460445,370.85997285581357,40733500
2023-11-14,379.26544189453125,380.18082784863077,377.14928583703283,377.6709431910885,67792600
2023-11-15,379.55096435546875,381.64744643002416,378.19267850224793,381.15531561580104,54141400
2023-11-16,379.8757629394531,380.11197610306954,377.52336338174916,378.78321698316876,45343500
2023-11-17,379.96441650390625,380.97820491058053,378.2419584317802,379.1474624259611,46571900
2023-11-20,384.5903625488281,385.2498310279321,379.9741733069402,379.9741733069402,44429600
2023-11-21,382.3560791015625,383.104127478915,380.6139470007728,382.8875887400645,43337000
2023-11-22,383.92108154296875,386.8837186036944,382.9171455132762,384.4230645764553,44121000
2023-11-24,383.3797302246094,384.1080741677964,382.3856164361023,383.51751122375975,15718800
2023-11-27,383.04510498046875,384.9939237494987,382.16909772738626,382.8876195179838,34139700
2023-11-28,384.04901123046875,384.62972193238,381.9426771250106,382.2970268974436,35491100
2023-11-29,383.6750183105469,387.9368879307099,383.3305207373286,386.5096965719259,38811700
2023-11-30,382.7104797363281,384.4034111332229,379.74787231972573,383.9408069132201,52834400
2023-12-01,383.80291748046875,384.39348036602445,379.993830422685,381.64738247242,40490100
2023-12-04,380.23992919921875,380.5155212317235,376.6375283217996,380.01353822930184,51186900
2023-12-05,381.1946716308594,382.38561971941857,378.1631291761713,378.3403190869991,42933000
2023-12-06,378.9898681640625,384.2261464093733,378.6454006783333,384.12771425461796,41994100
2023-12-07,384.2852783203125,385.1120545223201,380.86988910871304,381.9624351866648,49593500
2023-12-08,385.9979248046875,386.4408245481199,382.36599672212515,382.5530088484466,46687500
2023-12-11,389.2951354980469,389.56090535273165,385.36794134333326,385.5746278679813,41198000
2023-12-12,392.3956298828125,392.5137364822701,388.2026653783669,389.3345603395468,39221200
2023-12-13,397.38580322265625,397.99604066159475,392.56292697200246,393.3306498850675,55408100
2023-12-14,397.0412902832031,399.9054650273427,394.03927446369323,398.60626257953487,55447800
2023-12-15,398.9606018066406,400.1417277666197,397.2184695510884,397.8188547219358,62896600
2023-12-18,401.47344970703125,402.37092028167035,399.0276249383445,399.3530667480488,46610000
2023-12-19,403.52490234375,403.64324484426675,401.7398327339718,401.9272183922163,35711900
2023-12-20,397.5285949707031,404.8168311468239,397.3510812317631,402.7260335176809,54042400
2023-12-21,402.154052734375,402.5189822599552,398.8995134090892,401.4538395044679,45568900
2023-12-22,402.7555847167969,404.3236828046268,400.8817585167201,403.36704094129067,34314000
2023-12-26,405.22113037109375,405.8917577986872,403.5149460858929,403.6135748481326,22722500
2023-12-27,406.0461730957031,406.3323380041614,404.64497985615014,405.503474581525,31980500
2023-12-28,405.8487243652344,407.4472786001535,405.493510166212,407.20059203535254,27029200
2023-12-29,404.09228515625,406.1842123547382,402.17799515628036,405.8289680708048,42662100
2024-01-02,397.25421142578125,400.7078236681065,394.9353514690267,400.461137079369,58026900
2024-01-03,393.0506591796875,395.68528517613936,392.61651849103555,394.62945935762554,47002800
2024-01-04,391.02783203125,394.29395995431605,390.8107466354673,391.1857150566472,39432800
2024-01-05,391.4916076660156,394.2643624530388,390.1002917227411,391.19559581132245,44922800
2024-01-08,399.5828857421875,399.86902045875746,392.56710460125134,392.7151105086331,42473800
2024-01-09,400.372314453125,401.2998583916522,396.38585093731285,396.5832122441471,39132900
2024-01-10,403.08587646484375,404.09234688237234,399.8000244303325,400.68809010616457,33962800
2024-01-11,403.9245910644531,405.7500776839411,398.8823019732114,404.35876183167534,54536200
2024-01-12,404.13177490234375,405.79937840440965,402.7404591342418,404.96063810423556,39595000
2024-01-16,404.09228515625,405.67108506829044,401.4379355206149,402.8983307090454,43903000
2024-01-17,401.81292724609375,402.1878956347256,397.57980756543736,400.7867328397497,54386000
2024-01-18,407.516357421875,408.0985341433326,403.73713222559695,405.0790927808669,59562500
2024-01-19,415.5977783203125,415.75566133387474,409.1346024284831,409.71677910237185,70325100
2024-01-22,416.1405334472656,419.10077238644385,415.53860253748337,417.79826002605955,44880600
2024-01-23,417.8673400878906,418.08442548159593,414.99590469924146,416.8312383898438,33003800
2024-01-24,420.1861572265625,424.1528965640352,419.6927840841391,421.77483440398146,46948000
2024-01-25,420.6993103027344,423.3536603803969,418.360726282685,422.68264997969175,44367200
2024-01-26,418.19293212890625,420.5611171421055,417.54167598048286,418.81458709390614,37137000
2024-01-29,422.4754333496094,422.6727946600037,417.995596599009,418.6468527875806,38694700
2024-01-30,419.6631774902344,422.0116384359929,418.75538778321743,421.43933884792625,36739000
2024-01-31,411.4436340332031,417.2654315784379,411.26602691421135,415.272214756942,64010600
2024-02-01,416.28851318359375,416.7818863090862,412.2724487149399,413.2394708816232,51008600
2024-02-02,423.32403564453125,424.5377143092311,417.18647251424335,418.1830657905494,59602400
2024-02-05,422.7714538574219,423.916053037669,419.36716716110675,423.3832317302422,39889200
2024-02-06,421.9228210449219,424.5179684735846,419.5842372747902,423.9160376085168,35846100
2024-02-07,426.2644958496094,427.0933590723248,423.4029377945693,424.7054500501672,37712700
2024-02-08,427.0539245605469,427.8137083440557,425.7020869952788,426.38291421422974,29889900
2024-02-09,431.2574768066406,432.04689194825363,427.3993251082334,428.1887101367379,36943900
2024-02-12,429.57012939453125,433.31978339162515,428.88927204043836,431.14892949261775,33203300
2024-02-13,422.8701171875,425.55406834305234,419.69279287918516,421.6169602202019,64491700
2024-02-14,427.478271484375,427.90256520413857,423.19579577332206,425.5442569952469,45092700
2024-02-15,428.75115966796875,429.2149316499549,425.61328343662643,428.1689829438769,38796100
2024-02-16,424.8633728027344,429.2247747002088,424.15291424350715,429.12612415809764,53716500
2024-02-20,421.6564025878906,424.3798016822506,417.8870247947105,422.8700811679179,53999500
2024-02-21,419.9691162109375,420.0579498854934,416.0418848547064,418.92316744753936,49779000
2024-02-22,432.2640075683594,433.3000792548435,427.9617775568409,428.731438553029,53887800
2024-02-23,430.99102783203125,434.7505286525933,430.0141586762791,433.82298476432334,39853900
2024-02-26,430.7640686035156,432.7869165083509,430.576584404699,431.80017024641353,33043200
2024-02-27,431.8002014160156,432.185016827134,429.2642561126333,431.86928088648324,33713200
2024-02-28,429.50103759765625,430.8825064645186,428.5438925123563,429.6589206142435,32938800
2024-02-29,433.1816711425781,434.2572211088349,429.2544096158732,432.4218872525922,42495200
2024-03-01,439.7040100097656,440.66115513774344,434.01049462540504,434.0696969951267,43853000
2024-03-04,438.1351013183594,440.1283482078863,437.88841473208,439.7040243935232,34325700
2024-03-05,430.2707214355469,435.1058025012789,427.9025362866196,435.0959254018696,57917100
2024-03-06,432.97442626953125,436.13199642628683,431.09961428378455,434.48414693490355,46234500
2024-03-07,439.54620361328125,440.7993607224803,435.0170110585247,436.5563631735108,44526700
2024-03-08,433.2013854980469,442.693910981613,432.53040518587756,439.90140185906074,72096000
2024-03-11,431.5929870605469,432.8461440453612,429.6688196926347,431.71139180076773,45860000
2024-03-12,437.77984619140625,438.1350603881726,430.67526112502065,433.901940644511,55300900
2024-03-13,434.41510009765625,436.80303962166965,433.3000718539814,436.7832854213928,37928700
2024-03-14,433.31976318359375,436.1714441905976,430.6062109929357,435.64846988201316,52195200
2024-03-15,428.1689147949219,433.05329030801596,427.0045314189574,430.2904130549387,73069800
2024-03-18,432.2525634765625,435.77002263361766,432.0154107319482,433.4876272298241,47323800
2024-03-19,433.32958984375,433.73469442402046,428.15218143620706,430.2468751531262,43004100
2024-03-20,438.4674072265625,438.80334096798737,432.8256441272629,434.5250931534227,43653500
2024-03-21,440.5423583984375,443.97089707149223,440.3447662615523,443.51640198843563,39345700
2024-03-22,441.0462646484375,442.1429869204166,439.1788335545133,440.0285731989278,28253900
2024-03-25,439.44561767578125,440.92769432844847,437.2521430237167,438.2500541325225,27789200
2024-03-26,438.02276611328125,441.88604904952297,437.79550353364715,440.96713872520985,34142000
2024-03-27,439.5146789550781,441.20426774406604,436.6493373080218,441.10545662114936,41359200
2024-03-28,438.7046203613281,440.31514863225345,438.3489062519125,439.4654089257653,36839600
2024-04-01,439.6333312988281,442.18248976686664,437.7263698364116,439.65308146497904,38729000
2024-04-02,435.8392028808594,436.15538646711934,432.79601878365486,434.8215114618378,44259700
2024-04-03,436.8173828125,438.694673809478,433.70502798159896,433.71488798828096,39949800
2024-04-04,430.13812255859375,441.6094104504409,429.910859971514,440.9967934965204,57267700
2024-04-05,435.206787109375,437.8745366372013,430.75066784020805,431.5608768260422,54744600
2024-04-08,435.3352966308594,437.2125875865216,433.9520311978938,436.13561556539395,28144900
2024-04-09,436.94586181640625,437.94377295312506,432.213088463687,437.6671198430058,39443600
2024-04-10,433.1319580078125,433.9915576445621,431.0669348170311,431.77833281863883,61502200
2024-04-11,440.04833984375,440.9968605135364,432.7268771374683,434.99941289484474,45474600
2024-04-12,433.03314208984375,436.95570613893716,431.6597667487768,435.82934357135736,53665000
2024-04-15,425.9093322753906,436.8668160640957,425.0694827555355,436.7778950777009,63453600
2024-04-16,425.9488525390625,428.57707219015,424.56558697347117,425.7512302498661,47619000
2024-04-17,420.75164794921875,427.94465825778315,419.82287756668256,427.92490809219123,56880500
2024-04-18,418.3507080078125,423.12298141821606,417.77762150042236,421.3938920422411,46549400
2024-04-19,409.69537353515625,417.69859329896826,408.13426609892537,417.17492743365193,75231000
2024-04-22,413.8155517578125,416.1473377835961,408.9938577655325,412.3235850098198,47807700
2024-04-23,419.99090576171875,421.1864391995663,413.86497662605376,415.7422677634582,44384700
2024-04-24,421.4136962890625,424.5952221276178,419.13130059541714,423.0835051077627,48440300
2024-04-25,419.3782958984375,420.23789551957753,413.1436959522945,414.23052802555014,57392200
2024-04-26,425.8499755859375,427.38144255529767,421.8187408244751,422.5103584239281,41874900
2024-04-29,427.5790710449219,428.5770122057127,424.84218062488617,427.9545352500877,30022200
2024-04-30,419.5166015625,427.39136982222493,419.4375707439293,425.9982141906258,43665900
2024-05-01,416.4832763671875,425.00030192305,415.6335669199923,418.0938044365129,52251700
2024-05-02,421.7989807128906,422.6981107728826,415.6039115799332,420.2180930266731,36559000
2024-05-03,430.2764892578125,431.26454032422834,427.45064752834196,429.2489077059209,48515300
2024-05-06,434.9894714355469,435.0783924110158,431.3040301921814,432.07470879916997,30227200
2024-05-07,435.0586853027344,436.68896365352816,434.3275069549733,435.4341495604902,30996100
2024-05-08,434.8017578125,436.20480361971187,432.3217399415846,432.44033140017706,24896700
2024-05-09,435.7502136230469,436.3233000524617,433.2208056351538,435.06845606390397,24580100
2024-05-10,436.7778625488281,439.0009775019168,435.23650526025403,437.2521379272072,27116600
2024-05-13,437.7856750488281,438.78361632455744,436.3727691901708,438.6848051824084,22994200
2024-05-14,440.60162353515625,441.1351795765155,437.17308498286746,437.3608171056989,34478300
2024-05-15,447.48834228515625,447.73535506298566,441.56003561725066,443.0717526114495,41464700
2024-05-16,446.5793151855469,449.2569250327754,446.41133324323863,447.30057313923777,34780400
2024-05-17,446.3619689941406,447.31048959544074,444.1684943734974,446.70776275246817,35803700
2024-05-20,449.4743347167969,450.13631207581267,446.3916200736185,446.57935219702347,24474200
2024-05-21,450.35369873046875,450.54143085979473,447.42907579122794,447.6266980809167,23167700
2024-05-22,450.2647399902344,451.3614923460644,447.6661608786562,450.6105638917276,25120000
2024-05-23,448.2392272949219,455.0765234363132,446.4508573691613,455.04688311196617,40899200
2024-05-24,452.47802734375,453.74273158486886,448.1503585670211,449.8498077178615,29669500
2024-05-28,454.1872863769531,454.2465670260158,451.2330234712752,453.6932608661482,26216800
2024-05-29,450.98602294921875,452.7645027751896,449.899160765381,450.0375023855627,29739200
2024-05-30,446.1544494628906,450.19560488160533,444.83046464487313,450.0572632581326,30536800
2024-05-31,445.324462890625,447.0733324786168,437.76587868424843,446.38168470948995,55941300
2024-06-03,447.7156066894531,450.1363138301229,442.54808850150624,449.13840270768463,32997500
2024-06-04,448.9407043457031,450.13623754977164,445.7394289236358,447.45862792394274,23767400
2024-06-05,457.99127197265625,458.0703027841876,448.9802518119225,452.5076010658575,33817400
2024-06-06,457.83319091796875,458.98922386503307,456.6672979648091,458.6730403056571,21966800
2024-06-07,457.4281005859375,460.17488126832046,456.32148824669326,457.46763107031757,25829700
2024-06-10,459.2757263183594,459.63144035265606,456.0151701274093,456.30171335602006,20660800
2024-06-11,462.4276428222656,462.5462342770449,456.5092266656226,458.001193404112,22053300
2024-06-12,468.484375,470.80630087751473,465.6585636171395,466.35018122447093,34532600
2024-06-13,471.0236511230469,472.67370948045107,468.7511459942322,472.01170207521363,25859000
2024-06-14,473.4642028808594,473.5333736936647,470.36170799369097,470.8260932107854,23372600
2024-06-17,479.2640380859375,481.0425179080329,472.42674173146634,473.7309461963046,37054500
2024-06-18,479.4122314453125,480.09398906770866,477.65350181941676,479.21463933122305,24438600
2024-06-20,475.71697998046875,481.02280973763214,473.8890793547214,480.60784514761326,33918700
2024-06-21,474.4423522949219,476.77416848361605,472.9504156934659,475.440293517699,37456800
2024-06-24,469.0409851074219,474.9490265120443,468.90245380557906,473.2171889334799,37751000
2024-06-25,474.40472412109375,474.7015984686123,470.1889271812349,471.129079616459,29014700
2024-06-26,475.3844909667969,475.92880093044886,473.1677483971883,473.58337252856364,22737100
2024-06-27,476.611572265625,478.08612876340686,474.32554913110164,475.13704596869303,26222100
2024-06-28,474.1375427246094,482.1436072423702,473.49429478929665,477.4033117975724,34881600
2024-07-01,476.91839599609375,477.48245728594264,471.3171348061598,475.0579027852008,24898300
2024-07-02,481.9259033203125,481.98527819601577,475.2954269921551,475.4240826231297,26723600
2024-07-03,485.9437255859375,486.0723812066587,481.1737429455758,481.1737429455758,18064900
2024-07-05,491.0106506347656,491.4460865494729,486.48807273024266,486.78497732709985,28495900
2024-07-08,492.1783447265625,492.73253034096933,490.35744482196145,491.376753741408,22109400
2024-07-09,492.6039123535156,494.8107793015075,491.08979257688713,493.6925021081496,25614500
2024-07-10,497.7400207519531,498.29420637540426,493.2174734535237,494.5237508797434,28046900
2024-07-11,486.8244934082031,498.05670338480786,485.6369657380776,497.84889132768484,49966600
2024-07-12,489.68450927734375,494.43468031357077,486.9333627636992,487.3984860685638,37109400
2024-07-15,491.0007019042969,495.8102781057871,488.9620840273778,491.4559193387255,31151400
2024-07-16,491.188720703125,493.2669318468274,488.03182577264374,492.4554349867678,25950600
2024-07-17,476.76995849609375,483.7269967148813,476.70070794093556,483.21240438634226,56268800
2024-07-18,474.51361083984375,480.6690578747681,471.32702835165105,480.49093325016867,49347400
2024-07-19,470.3076171875,476.69068665609234,469.02112157718227,474.17704009657416,42042900
2024-07-22,477.3143005371094,478.33360958385947,472.75212922630016,476.1663358493662,40300000
2024-07-23,475.63189697265625,479.40235260218805,475.1568979647483,476.41370644097475,23282500
2024-07-24,458.5708312988281,469.2686376662744,457.7098653963061,468.90248253079744,58818600
2024-07-25,453.5137939453125,463.0834462949083,450.901209120113,458.90724272509993,59256800
2024-07-26,458.16510009765625,461.0943714926242,454.998298988983,457.8484139466182,39992100
2024-07-29,459.0854187011719,463.05381067459047,456.8290828356766,460.8766312425985,28218500
2024-07-30,452.7815246582031,461.7178056143378,449.4365991488919,461.01518280406907,41317200
2024-07-31,466.1809997558594,467.8831499165186,461.5693600159238,463.0141989264488,44552100
2024-08-01,454.8894348144531,470.61450517713496,451.2476348425809,466.86386133368035,56653900
2024-08-02,444.0926513671875,448.86263428021607,439.85707252429887,446.21045588905764,66323200
2024-08-05,430.8515319824219,437.69972643798087,419.05525994795903,420.3021625718776,87483500
2024-08-06,434.96832275390625,442.4300770811271,430.04990284842074,432.6922054571562,63164400
2024-08-07,430.2577209472656,444.3400455113918,429.8618783945526,441.85608592677744,54929200
2024-08-08,443.4197692871094,444.3302042707087,432.61308784093444,436.48251202336974,47890100
2024-08-09,445.7354431152344,447.36831262214395,440.985241585035,442.10351876153544,33574000
2024-08-12,446.6953430175781,449.6543015423584,443.8946973509151,446.7052488965294,27795000
2024-08-13,457.779052734375,458.0462698402238,450.95067113228396,451.0892326243312,40084500
2024-08-14,457.9275817871094,460.2828556615313,453.6425036465701,458.69948537304487,34733700
2024-08-15,469.4962463378906,469.8920888985799,463.5189240086724,463.89498501162524,38280600
2024-08-16,470.0998840332031,471.46556648913753,466.75495864422777,467.71489267478665,38383600
2024-08-19,476.27508544921875,476.3146787618839,468.45708234495805,470.2384190047046,23737700
2024-08-20,475.275634765625,477.92781315701507,473.5833602435094,475.36469707718084,29209300
2024-08-21,477.49237060546875,479.34295796614543,474.3453815043976,476.0574073595781,25658800
2024-08-22,469.9217834472656,480.50083988140653,468.89256861321644,479.8080927390778,37739600
2024-08-23,475.0183410644531,477.72989443042314,470.3473261692852,474.2662190268282,36061500
2024-08-26,470.4067077636719,475.39440887231615,468.3284964516656,474.47406807156517,27452600
2024-08-27,471.8119812011719,472.8807591898748,466.81437423876616,468.7738357857168,27510000
2024-08-28,466.4580993652344,472.06923634933787,463.0340174366107,471.3468319839668,37372400
2024-08-29,465.7752990722656,472.9698371268016,464.4986787706856,468.36810279423213,41081500
2024-08-30,471.3270568847656,471.9505233094589,465.62685714654253,470.1098416754634,33466500
2024-09-03,457.01708984375,468.41751833575614,454.64200434968836,468.2888929130331,44985200
2024-09-04,455.82958984375,459.6297633575337,452.9795050096939,453.9097517280565,32505100
2024-09-05,456.2550964355469,460.5302382843721,453.18726380172785,454.2065727199707,34452400
2024-09-06,444.0333251953125,456.43328283285973,443.53851438742817,455.5525050984152,50624400
2024-09-09,449.743408203125,450.73302976862993,445.151579843626,448.3579440515888,32981200
2024-09-10,453.8997802734375,454.40449687986967,447.53652156460316,451.50488306344096,29680300
2024-09-11,463.75640869140625,464.49862479430976,446.5963760163785,455.1368141392579,57843000
2024-09-12,468.3087463378906,469.1202433181581,462.0048614221783,463.78616826587523,40067800
2024-09-13,470.4067077636719,471.5843598337803,467.3487807735019,467.57640460415297,29111800
2024-09-16,468.3284912109375,468.94205173790556,465.0132831893614,468.2790222139315,22585600
2024-09-17,468.5758361816406,472.6431959195922,466.0820010771955,471.3467942763175,30084400
2024-09-18,466.54718017578125,473.8604676353551,465.9434953333067,469.7733560531388,39909200
2024-09-19,478.3434143066406,481.1836532649459,475.50320554918557,477.6011982117997,52782500
2024-09-20,477.4329833984375,478.670010233335,473.33593602484865,477.4824523914932,34577700
2024-09-23,478.6985168457031,479.78863625808964,477.2714569319046,478.60932938150205,24843000
2024-09-24,481.0075988769531,481.95896214496486,475.8543534522044,480.1057741228812,25952600
2024-09-25,481.4535217285156,483.40581684032236,480.2048367630411,480.3832116885974,26549900
2024-09-26,485.07073974609375,489.2627322137733,481.4337116875212,488.93568125355074,32020200
2024-09-27,482.37518310546875,486.2302350383357,481.19587618082716,486.091478815064,22851100
2024-09-30,483.6833190917969,484.0202596018101,478.5796124436247,481.41389274489046,30281100
2024-10-01,476.94439697265625,483.6139194959118,473.1091848680393,483.31662795419345,42735400
2024-10-02,477.6183166503906,479.530962836938,473.42632437830656,476.0425807215539,23744000
2024-10-03,477.26153564453125,480.19492312784206,474.6848980169124,475.42815712622803,25337200
2024-10-04,482.9400329589844,483.49499732601123,478.054350472024,483.06886937334593,30686600
2024-10-07,477.7669372558594,482.1967625321667,476.5479814908954,481.0273755179477,24975100
2024-10-08,484.9022521972656,485.5860530274448,479.50125391077506,480.30397136476074,28272000
2024-10-09,488.7176208496094,489.2924248153579,483.564375972424,484.6049266009383,24995000
2024-10-10,488.1626892089844,490.0257969581118,485.13019433844016,486.4383376827158,25750400
2024-10-11,488.92572021484375,489.94649172199814,485.7644194068518,486.32927332481586,20644500
2024-10-14,493.0285339355469,494.34656675942244,490.8086764455291,491.3140720656338,26060100
2024-10-15,486.4383239746094,494.0195609373264,484.2878142839425,493.35556948418406,34784500
2024-10-16,486.497802734375,487.27079104064836,483.18782561554843,486.7653651407915,22996800
2024-10-17,486.83477783203125,492.02767245105207,486.77531951527106,491.97813393485,27210700
2024-10-18,490.0257873535156,491.1159067857121,488.8662898112495,489.61946873591097,25335000
2024-10-21,490.96728515625,491.7700026314171,486.8942092236496,488.8167753413639,30336500
2024-10-22,491.50238037109375,492.9790090488197,487.54825154691343,488.30143046324906,26685800
2024-10-23,483.970703125,489.80777949555636,480.6904551648371,489.1537078148346,39346600
2024-10-24,487.8951416015625,488.56902265027605,485.0410215796077,487.6870072609626,22024900
2024-10-25,490.86810302734375,495.78351439895096,489.9860877731949,490.6897281141299,38762100
2024-10-28,490.94744873046875,494.03940202418397,490.65015716118575,493.97994371032735,20477800
2024-10-29,495.6647033691406,496.8440103965107,489.41141832987284,491.26460644622745,28014100
2024-10-30,491.9186096191406,495.85292901449105,491.43302334965017,494.9015658306743,29756000
2024-10-31,479.501220703125,488.004091392637,479.4021134423859,487.95455288391236,41245200
2024-11-01,483.0490417480469,486.33920932217706,480.83910402420423,481.13639556987664,33655800
2024-11-04,481.641845703125,484.9815519553387,479.8976545652101,482.4445631601672,23291600
2024-11-05,487.78607177734375,488.450063211135,483.13822247067543,483.2274099331328,24353600
2024-11-06,501.0359191894531,501.8584762261197,495.10968577343385,496.0610489877298,43082200
2024-11-07,508.92431640625,509.70725465257993,503.77107179071777,503.83053009542596,32853100
2024-11-08,509.51904296875,510.29200105591366,507.8045506782223,508.42889322268616,22924500
2024-11-11,509.2216491699219,510.9460004278616,506.3278807292483,510.7378661259614,24167500
2024-11-12,508.3000183105469,510.0342895835151,505.24771417717085,509.1523347344934,25835300
2024-11-13,507.6459655761719,510.35140934593795,505.36664976558126,507.7946415908849,24567400
2024-11-14,504.1180114746094,508.18113740505333,503.2062669199819,507.30907205086606,28679500
2024-11-15,492.10693359375,498.8061554755535,490.0456112891242,498.4196764454938,51461100
2024-11-18,495.52593994140625,497.6269113394485,492.26553137733686,493.6529424943126,27080800
2024-11-19,498.93499755859375,499.42061410574536,492.6123348353257,492.94930559999926,24523000
2024-11-20,498.6476135253906,498.9548248827178,492.0970072679585,498.63769372570533,29565500
2024-11-21,500.44134521484375,502.4035299899302,493.088021478257,501.6900000053646,34526700
2024-11-22,501.2440490722656,501.9773883931018,498.2610927916357,499.8863672514566,23826600
2024-11-25,502.0368347167969,506.85316942781503,499.727789745264,505.31708246990956,26375200
2024-11-26,504.7323913574219,505.55494837109245,502.6710994101925,503.5134355358176,26557100
2024-11-27,500.7584228515625,503.67200096615676,497.4187167746415,503.6026531011734,24957400
2024-11-29,505.15850830078125,505.7531216213566,500.7683318681806,501.38275454356886,15334000
2024-12-02,510.6585998535156,511.6199130371729,506.0305903133928,506.4170995466131,25147200
2024-12-03,512.2244873046875,512.5019997630951,508.755944494111,509.33074852467934,18597900
2024-12-04,518.5570068359375,518.8146796626284,514.9298686374995,515.6434288103802,26086200
2024-12-05,517.1200561523438,519.3299939278061,516.733546890651,518.6065744020088,18169600
2024-12-06,521.7481079101562,521.9859411713386,517.6552224953138,517.7840589262187,23762600
2024-12-09,517.6848754882812,521.6191642626006,516.5352676467476,520.8263667260869,20674400
2024-12-10,515.9208984375,520.6579655236552,514.4938385293885,518.9137744707876,24350000
2024-12-11,525.1571044921875,525.8409052468438,519.875053656175,520.2813419948772,32168600
2024-12-12,521.7678833007812,524.2057949010591,521.2922168369533,522.9372703487448,23577500
2024-12-13,525.7617797851562,528.3780062636245,522.5607689543002,525.6924016663945,28780400
2024-12-16,533.3329467773438,534.3041797331767,528.2094313308821,528.2887292324265,31979900
2024-12-17,530.9843139648438,532.6492071689107,529.3293405604305,531.5392783661994,28579100
2024-12-18,511.8279724121094,532.0545625405334,510.3811335079535,530.3401310230003,54703200
2024-12-19,509.5487365722656,517.0705459413463,509.21182628972144,516.5056617171667,46441800
2024-12-20,513.998291015625,520.1029592084699,504.71254304884667,505.852200874932,60530000
2024-12-23,519.006103515625,519.3833002478667,512.3159202923702,515.7106302984251,29672800
2024-12-24,526.0437622070312,526.1330632045123,520.3163815436208,520.9516666586724,17558200
2024-12-26,525.6863403320312,527.3142356084127,522.4206745678785,524.4158307733787,19090500
2024-12-27,518.6983642578125,522.559632331355,514.0330843757536,522.1228814363513,33839600
2024-12-30,511.7997131347656,515.522001257147,508.0476479190875,511.70047635181544,34584000
2024-12-31,507.45208740234375,513.8345329727888,506.4892543650599,513.0802001650353,29117000
2025-01-02,506.4595031738281,512.8221380642742,501.9728857721829,510.49940358547883,36389800
2025-01-03,514.747802734375,515.8099028942349,508.74252327822325,509.5564103096281,29059500
2025-01-06,520.6636352539062,524.0186619500208,518.1722350078821,520.1475192435014,36109700
2025-01-07,511.3728942871094,522.1030076792526,509.4869713360559,521.7059999662438,36690300
2025-01-08,511.4621887207031,513.0999589170985,506.79690947040035,511.2735903919427,30777800
2025-01-10,503.4419250488281,507.7994676879478,500.1961008882431,507.70023091040883,40532500
2025-01-13,501.8240051269531,502.28059733248006,496.00732395497107,497.4962392396563,31694200
2025-01-14,501.3475341796875,506.39001083545065,497.88333436019064,504.9804910575475,33737200
2025-01-15,512.8816528320312,514.0231181011155,507.6803552886918,509.23879071405617,34957600
2025-01-16,509.2884826660156,515.224272558158,509.1594384871324,515.1448467748171,28229000
2025-01-17,517.8843994140625,520.1971979799845,509.3181691473964,518.9861821179226,51837900
2025-01-21,520.9218139648438,522.0831509199561,516.2168513724278,520.6041714349437,23628000
2025-01-22,527.5822143554688,529.8751413083515,525.3488415863966,525.6565483001042,33593000
2025-01-23,528.703857421875,528.8229657869698,524.5448186856646,525.1304247166951,23096600
2025-01-24,525.7161865234375,529.8454186239994,524.247142698527,529.0811499069405,19878300
2025-01-27,510.41009521484375,514.162130138184,506.3800700726188,507.2237947720407,60771700
2025-01-28,517.9539184570312,519.135127001106,507.9980395084438,511.4125906777684,33194200
2025-01-29,516.9811401367188,518.7281436223639,513.0801896776674,518.5990994614392,26649000
2025-01-30,519.1846313476562,522.2120796314981,514.3804330323916,519.8397878532588,27431300
2025-01-31,518.4303588867188,527.5921922182381,517.3385119017584,523.0261489535886,38755200
2025-02-03,514.28125,517.000992221849,507.27342449560086,509.6755241871737,40580800
2025-02-04,520.59423828125,521.2295233442737,514.4003603770645,514.7974286874838,26046800
2025-02-05,522.9567260742188,523.1155776535062,516.7727831295116,517.9639276376615,21134100
2025-02-06,525.6863403320312,525.8948102853632,521.8548794809367,523.4629031663001,19434500
2025-02-07,519.0557250976562,528.1678797493125,518.3311390158517,526.2224024701397,29605500
2025-02-10,525.3389282226562,526.4407109622551,522.8574028177311,523.3239005134812,20852800
2025-02-11,524.0883178710938,526.0040485358071,521.94430621765,522.0733504071393,19325500
2025-02-12,524.3959350585938,525.2793726405877,518.0928847804781,518.4402741025981,25009400
2025-02-13,531.9397583007812,532.2573402077036,525.2793229514261,526.0634630928408,28714800
2025-02-14,534.1732177734375,534.8581212532781,531.7115032138299,532.0490173479468,17862600
2025-02-18,535.3840942382812,536.0094434356852,532.0786857068766,535.7414193270516,20565000
2025-02-19,535.5331420898438,536.8135875991883,532.4957569178074,534.5901501639886,19666900
2025-02-20,533.2599487304688,535.1161249242239,528.52523935916,534.7488640035847,26550800
2025-02-21,522.1924438476562,534.4214100198424,521.8251828832033,534.4015384269126,47093800
2025-02-24,516.0282592773438,525.1602852244356,515.6908057368098,523.9790766643296,39268400
2025-02-25,509.5267028808594,515.4823644051806,505.67537024840186,515.4029386213022,48940000
2025-02-26,510.7574462890625,515.8197335223668,507.5910176736259,511.7203095816127,34457600
2025-02-27,496.57305908203125,515.2341477107384,496.35468364163813,514.3010917647001,52448000
2025-02-28,504.41473388671875,505.0202115627976,493.2577747457523,496.43413947250224,47654000
2025-03-03,493.37689208984375,509.2487196326077,489.93253345416554,507.7399630206097,44587200
2025-03-04,491.88800048828125,500.01748091232383,484.1357168084358,490.5281292836156,67875400
2025-03-05,498.30023193359375,499.9082555325708,487.6296728031353,492.5331693757525,46323700
2025-03-06,484.5923156738281,494.89558418778057,482.6070952577814,490.0417360224173,57574300
2025-03-07,488.1557922363281,489.63477178176004,476.9789913818525,483.56000203653406,54714700
2025-03-10,469.23663330078125,480.39356231594445,465.1967024947357,479.8774159142813,76668000
2025-03-11,468.114990234375,475.2717015064333,463.55891291656457,468.85944790641054,68760800
2025-03-12,473.39569091796875,477.50508157643935,468.3035955192933,475.61912817116786,46971100
2025-03-13,464.8790588378906,472.760386273074,462.98316971511383,472.7306091786664,46563300
2025-03-14,476.1153869628906,477.0087300371878,469.6237081167645,470.2292160585815,43563000
2025-03-17,479.2024230957031,482.2497437290607,474.26914911026887,476.06577117794853,41744400
2025-03-18,471.03326416015625,476.0657749736721,468.91899953639006,475.86727110411596,39072300
2025-03-19,477.33636474609375,481.7435264527976,471.36083156550126,473.2864979024419,40430300
2025-03-20,475.7183837890625,480.96927004322396,472.6611273475336,473.35596661844284,36780500
2025-03-21,477.28668212890625,478.0509810732746,469.4152905592447,470.57662752286865,42234900
2025-03-24,487.7604064941406,488.60538941404207,481.5373907904982,484.8576491349716,34567200
2025-03-25,490.54388427734375,490.7029423960745,487.52187103316214,488.4861400211188,26035200
2025-03-26,481.51751708984375,490.24562966600536,479.96673847902554,489.390696139039,34627100
2025-03-27,478.7738342285156,483.70451433059617,477.41193517577676,479.5591741727875,33469800
2025-03-28,466.1687927246094,477.68034714960163,465.28403763438615,476.974551402309,46363800
2025-03-31,466.1488952636719,467.08331235256605,454.6273605455005,459.19026229129486,53000300
2025-04-01,469.90655517578125,470.83105198841025,461.6754876852753,464.53844262078127,41156200
2025-04-02,473.3361511230469,476.7260031222664,463.1069521266998,463.3654253458386,49894500
2025-04-03,447.9967956542969,457.3511902166352,447.4798795534505,453.742637111202,70456300
2025-04-04,420.1722106933594,437.7675929050692,420.1722106933594,435.55079068681124,117088400
2025-04-07,421.1861877441406,440.52125924890055,400.01207316550386,406.24500940343484,161557000
2025-04-08,413.60125732421875,440.52124286102435,407.3683213181599,435.5706616527368,101248100
2025-04-09,463.24615478515625,465.0653269802432,412.97499289588256,413.1141801222823,142876900
2025-04-10,443.54327392578125,452.89766878987024,430.07336033484415,450.8796663706337,108384100
2025-04-11,451.71466064453125,453.0964608286063,438.72189215337244,442.0222794815872,52483800
2025-04-14,454.7764892578125,462.3017305650004,449.95514472763216,461.7152208667026,43941200
2025-04-15,455.2834777832031,459.64754944257936,453.4543549864483,455.83024573579985,35404200
2025-04-16,441.5550842285156,449.94520996662885,435.17304059444126,446.37642892854547,48980600
2025-04-17,441.4755554199219,445.103979334769,438.75172707786896,444.5274202476084,44837000
2025-04-21,430.55047607421875,436.4851969411389,425.40109511314887,435.6402443758458,44149300
2025-04-22,441.8533630371094,444.9350193638807,435.03388632871594,436.2268070816329,52304400
2025-04-23,451.87371826171875,460.6416026468302,450.2036537132872,455.46240028946823,55801100
2025-04-24,464.5881652832031,464.89633088737224,453.1362241937562,453.78240723852906,45956100
2025-04-25,469.7673645019531,470.29423120888106,462.63975320893314,464.2104027176438,38697100
2025-04-28,469.6182556152344,472.0040665388327,463.27595392675005,470.23458681729716,33550800
2025-04-29,472.7198486328125,473.60460372916896,466.81494870601875,467.3915381780168,30613100
2025-04-30,472.6601867675781,474.37997416490805,459.697238824554,464.36947606745446,46810600
2025-05-01,478.8334655761719,484.30096287876717,477.89901815565884,480.5532529218463,43316500
2025-05-02,485.94122314453125,488.00894827712347,481.9648613296433,483.66477784831574,39218100
2025-05-05,483.0583190917969,486.14000526081196,481.239147089897,481.73619226756944,28309500
2025-05-06,478.5650939941406,482.1835675083398,475.36412148604,476.7260205679887,32786300
2025-05-07,480.44390869140625,482.9291348492083,473.9624497932624,479.2311171129095,38006300
2025-05-08,485.4044494628906,489.7883921245775,481.3088015351198,485.6430214704163,39577600
2025-05-09,485.0862731933594,488.63518305225665,483.32674418115084,487.31302588730426,27767400
2025-05-12,504.8488464355469,504.88861854839246,498.51649505607935,503.99391286415016,45090600
2025-05-13,512.5431518554688,514.3325026354601,505.4155095627927,506.15112683099704,53269600
2025-05-14,515.6148681640625,516.1616058199734,512.7021901958013,513.7161819509431,47014500
2025-05-15,516.181396484375,518.845551249811,512.1254910070218,513.46754933804,50153300
2025-05-16,518.4281005859375,518.6169801912382,514.0441278903378,517.5830873308704,48394600
2025-05-19,518.9252319335938,519.4421784495908,511.201128732598,511.201128732598,52536200
2025-05-20,517.1953735351562,517.8514464284522,513.6066614830175,516.4000527652197,42517600
2025-05-21,510.00811767578125,519.9092799162278,508.21876708820884,513.2190709308395,71292800
2025-05-22,510.9625549316406,514.6506528032378,509.2725888212911,510.6245374397813,55607200
2025-05-23,506.2305908203125,508.8152319544728,502.59221627823973,503.1886765918508,58368100
2025-05-27,518.1397705078125,518.6269257716245,511.5490069592283,513.099785560271,47226300
2025-05-28,515.8433837890625,520.5852140545883,515.3264980787542,519.0940785672615,46637200
2025-05-29,516.857421875,523.3687019543887,514.2628604553026,523.2196247969079,58513300
2025-05-30,516.0422973632812,517.6030267064441,508.9047349583655,516.3703642123456,67662800
2025-06-02,520.1180419921875,520.3566139720011,512.9207767791972,514.1832909592489,44762800
2025-06-03,524.1838989257812,525.6153916465726,519.6011563664897,520.4660102317107,44070300
2025-06-04,525.6452026367188,526.708886650537,522.8617009643712,524.8896842213366,41359300
2025-06-05,521.6886596679688,529.8998557728775,519.5712423411791,527.0468212855055,61031200
2025-06-06,526.7883911132812,528.6572860020211,525.0885352856423,526.8679353376542,42467000
2025-06-09,527.5638427734375,529.2040557008712,525.8838273941709,527.0071545180014,33688700
2025-06-10,531.0530395507812,531.7389643345455,525.7644714899908,528.0309659877803,40664800
2025-06-11,529.2636108398438,533.6078414430042,526.9772151943893,532.4546626717411,53701000
2025-06-12,530.5062255859375,531.4804753804111,527.7029442130614,527.9514667987352,34104900
2025-06-13,523.845947265625,528.7269048823287,522.6231747023902,524.5616632957901,55814400
2025-06-16,531.1325073242188,532.2061418831144,527.3152343861935,527.3649267684334,37622100
2025-06-17,525.9534301757812,530.1783148927323,524.790300579849,528.5678931016404,42180900
2025-06-18,525.8638916015625,529.4028511373086,524.2833217813045,526.9673174269449,43983500
2025-06-20,523.7166748046875,530.4068839390565,521.7781863439574,529.1145785233912,61643500
2025-06-23,529.1017456054688,529.6192118620138,521.1400908129034,524.2849177292203,50666100
2025-06-24,537.1928100585938,538.1083833993794,533.6996241180443,534.3166475371182,45442000
2025-06-25,538.5660400390625,540.7057587768334,536.7946036696304,539.461750381059,44804200
2025-06-26,543.6018676757812,544.0497229160504,538.9244439782782,540.7456288167091,43811400
2025-06-27,545.4629516601562,547.3538082383178,541.9299187322695,544.6369129629151,57577100
2025-06-30,548.9959106445312,550.150323841353,546.3785118204822,548.6177271894713,45548700
2025-07-01,544.3682250976562,548.0704264374054,542.0493759591154,547.0950823478822,56166700
2025-07-02,548.159912109375,548.3589656247289,543.5023514145969,543.5421378206258,36538300
2025-07-03,553.553955078125,554.5292991491806,550.528547956803,550.528547956803,26443500
2025-07-07,549.3840942382812,551.6830197478901,546.9458251844275,550.8669428006658,45349300
2025-07-08,549.6925659179688,551.3545443122363,548.4584584278795,550.7275591514004,36153300
2025-07-09,553.5838012695312,554.957191559505,550.448875446199,551.8222657361728,43045500
2025-07-10,552.7877197265625,554.6288283109999,550.1006487780387,554.2208201829343,34710900
2025-07-11,551.5436401367188,553.1259849885996,549.4039211443059,550.6479296881262,39618600
2025-07-14,553.5440673828125,554.280510790838,548.9860026438791,551.3346764161255,36453300
2025-07-15,554.051513671875,558.1119745200461,553.9918036921638,557.5646229155932,43277700
2025-07-16,554.6188354492188,557.5248833529374,548.9163193085661,554.6089344039383,52314700
2025-07-17,559.1072387695312,559.6148040205102,554.5392729959415,555.3453881761403,40423800
2025-07-18,558.56982421875,562.0231629422733,557.2959302535468,560.4208944407413,50484700
2025-07-21,561.4658813476562,563.3468370391857,559.3660092861638,559.3958946507648,39595200
2025-07-22,558.559814453125,561.6449312247784,555.9324539325285,561.5951830334812,43270600
2025-07-23,561.1075439453125,561.1473303500087,556.8978386154415,559.6446191045442,40215300
2025-07-24,562.3018188476562,563.5259038068097,560.590031519654,562.4212388074466,42275500
2025-07-25,563.6552734375,564.9789154964288,561.5653634434884,562.2221732082169,30630800
2025-07-28,565.4169311523438,566.3125810251406,564.1529987987896,565.0188240471344,31498700
2025-07-29,564.541015625,569.3677442783611,563.8145341030877,568.0242394036405,45463300
2025-07-30,565.2974243164062,567.88493787487,562.3416283337683,565.4566306884598,43433800
2025-07-31,562.3018188476562,571.8757036606775,561.1672684870435,571.7861083195327,64613600
2025-08-01,551.2252197265625,556.3405979294319,549.0357523301388,556.1515061828632,69400800
2025-08-04,561.3961181640625,561.6150952409816,556.2708397121321,556.3703360927129,47669800
2025-08-05,557.5845947265625,563.8444243211386,557.047144120063,562.6800492447384,48666600
2025-08-06,564.6007690429688,565.0386624956789,557.9428326498341,558.4205125100245,41823700
2025-08-07,566.5115356445312,570.5719965866228,562.4013265086303,568.9298809926769,44463000
2025-08-08,571.7960815429688,572.0150586353669,567.4172078636645,567.7157577691117,35255500
2025-08-11,570.104248046875,574.0353274481827,568.8304148017489,571.9354554685915,33112900
2025-08-12,577.2697143554688,577.568264258411,569.7459530883017,572.4031383383943,42143300
2025-08-13,577.5584106445312,580.5241078283162,576.1650966595718,579.9667943828545,41209300
2025-08-14,577.1105346679688,579.0909866487473,575.139983732242,575.508266162602,45425000
2025-08-15,574.57275390625,577.060771050305,572.811218330625,577.0209239007323,49480200
2025-08-18,574.3438720703125,575.0007426774456,572.4828399211221,573.6771004174088,29831000
2025-08-19,566.5513916015625,573.7964659713523,565.5262993771687,573.6272978127284,53752600
2025-08-20,563.1876220703125,565.7253875756548,556.1614636230435,565.6059676042936,76781100
2025-08-21,560.5802001953125,563.774775630925,558.2911756152315,561.6450181787756,46436900
2025-08-22,569.2284545898438,571.238791941298,560.5702032580724,561.9634564557491,51502100
2025-08-25,567.5864868164062,570.5422225712209,566.4320126331755,567.6661203876056,34044700
2025-08-26,569.8653564453125,570.1738681264644,566.0736209319145,567.0987131018536,34103000
2025-08-27,570.7412109375,571.6567843025553,567.6361701841732,568.8503542214644,36927100
2025-08-28,574.3140258789062,575.2295992365423,569.7161747720991,571.3582297430389,46787900
2025-08-29,567.666015625,572.273828233091,565.8148847062891,571.9055458127416,56030400
2025-09-02,562.908935546875,563.257233673264,556.8580604404501,558.6195961337324,65876800
2025-09-03,567.3375854492188,568.9597775003773,564.0135677896833,566.5015849549442,54230200
2025-09-04,572.4728393554688,572.8410610450118,566.3026052373926,568.0043701424134,47526300
2025-09-05,573.298828125,578.3345721151251,568.7905728965633,577.707586970244,68342500
2025-09-08,576.0953979492188,578.0559870759845,575.0006946855148,575.5977945125156,46371400
2025-09-09,577.7275390625,578.1554707195171,574.274139701763,576.8915385805233,44007600
2025-09-10,577.9166870117188,580.9719796320359,575.7769677758832,580.942094267134,49308000
2025-09-11,581.2804565429688,582.0766099053841,578.8322257294989,580.4444560297375,44745800
2025-09-12,583.8480224609375,585.0422828265267,581.3002953608963,582.2357922273038,50745900
2025-09-15,588.843994140625,588.9534523182087,585.4702282697297,585.6195335974215,44360300
2025-09-16,588.3463745117188,590.018314719858,587.6596793599289,589.7695130089575,36942100
2025-09-17,587.1720581054688,588.9136701422223,581.5690385221046,588.2667613743852,69384800
2025-09-18,592.466552734375,595.2730433570825,590.1178791327126,592.058483907603,61069300
2025-09-19,596.4772338867188,597.1738908683575,592.9940097211341,594.4669572446983,58196100
2025-09-22,600.0083618164062,600.6759063866804,595.5446250028239,595.56457167487,57154800
2025-09-23,596.0228881835938,600.376978885606,594.8072966999976,600.1776946146698,64635500
2025-09-24,593.9305419921875,597.7167610032964,591.2005236200914,597.3979183069385,49850300
2025-09-25,591.3699951171875,592.9541745739684,586.3582716088486,590.0448183593098,70920200
2025-09-26,593.8009643554688,594.1297803627111,588.9088608410209,592.1868651388552,54337400
2025-09-29,596.5509643554688,599.858888854889,595.2357610619866,596.929586249639,48332900
2025-09-30,598.18505859375,598.5238479838199,593.9305790157047,596.2521164355429,46533800
2025-10-01,601.0545043945312,601.592517201177,594.1696797218984,594.9966151966095,46899600
2025-10-02,603.5254516601562,604.9502399376884,600.7356543050928,604.8506282086944,43765400
2025-10-03,600.9848022460938,605.1197232184186,599.2013385970163,604.3027001978111,46482100
2025-10-06,605.498291015625,607.1422494333636,603.7645725777412,606.2355880916678,41962100
2025-10-07,602.3099365234375,607.4910236381941,600.835342343377,606.8035324139453,58209500
2025-10-08,609.2147216796875,609.523591030116,603.0572205300643,603.2066381307736,50629800
2025-10-09,608.4774780273438,609.3841394863078,605.2691650224094,609.2546077331658,45551000
2025-10-10,587.3545532226562,610.9483641105261,586.9061788056832,609.1748739271294,97614800
2025-10-13,599.8190307617188,600.7556121211176,595.056398092238,597.497493628088,65872600
2025-10-14,595.8236694335938,600.4966033203683,587.9823159734815,593.1434568492728,69203200
2025-10-15,600.0283203125,604.4920576664449,593.7612333108135,601.8118449118447,62805500
2025-10-16,597.8064575195312,606.0961859916426,593.3328076253713,602.9078195311333,70982000
2025-10-17,601.7320556640625,603.306322454893,594.1995718879336,595.7738386787643,72024900
2025-10-20,609.3143310546875,610.5697551235123,604.8606284241672,604.9303809627713,45761700
2025-10-21,609.1549682617188,610.4900574537519,607.1024677916307,609.41403175621,44538200
2025-10-22,603.286376953125,609.1848147458128,597.5573034367524,608.5969960402966,61478800
2025-10-23,608.3578491210938,609.1449520725764,602.3199065464308,602.7084409478078,42844300
2025-10-24,614.8540649414062,616.1692681518385,612.8912638677524,613.7481193370727,47632500
2025-10-27,625.80419921875,626.2624862060553,621.7589773359792,622.2471843336021,54098600
2025-10-28,630.6165161132812,632.3701204498367,626.9598898422056,628.0658354818435,61195700
2025-10-29,633.4561767578125,634.69165413006,627.9562469711387,633.276839153424,67422800
2025-10-30,623.7715454101562,631.1944440896802,623.6619603385896,629.869267455657,61628600
2025-10-31,626.7805786132812,631.8919134270566,624.4092354874234,631.8619934183905,66305100
2025-11-03,629.7796020507812,633.5059808284601,627.5576766411583,632.7985429356352,37154300
2025-11-04,616.996337890625,624.6683271251044,616.2092348629542,621.0117005353788,63830800
2025-11-05,621.0116577148438,624.3195213581258,614.9637416360841,616.2390515684897,48688500
2025-11-06,609.4439086914062,619.7761638844125,608.078899450419,619.5270737190788,72115100
2025-11-07,607.5208740234375,607.730131632313,596.4911554011275,606.0960857298178,81835400
2025-11-10,620.9617919921875,622.0378784586748,614.644899897251,616.6674802752618,55919900
2025-11-11,619.307861328125,620.4536395227035,615.2726130875191,618.3115007347396,44868800
2025-11-12,618.8196411132812,622.5858524528388,615.5615225825271,622.5659665942537,47444400
2025-11-13,606.185791015625,615.8703865003098,603.8742272112875,615.2924803459697,71333600
2025-11-14,606.6441040039062,611.1177533949825,594.9966460866717,597.3679891941105,80087300
2025-11-17,601.4630737304688,610.2509824067986,597.686888568112,604.0934805750228,63850400
2025-11-18,594.1397705078125,600.1179339423381,589.1878876531316,597.4377215700049,83327300
2025-11-19,597.6868286132812,603.9539148983285,592.4260762649179,594.897031094223,73111500
2025-11-20,583.5385131835938,611.7953468701894,582.6218784315797,609.3940836964333,117743200
2025-11-21,587.9224853515625,594.807310091711,578.6264242609341,585.3319113971087,103344200
2025-11-24,602.9575805664062,604.4720682054578,592.9939741263881,593.1135933516537,60168100
2025-11-25,606.674072265625,608.0390815394395,595.1461718391749,601.3136469136847,57560900
2025-11-26,612.034423828125,613.9474190856081,608.1685399702174,610.2808195033393,42393600
2025-11-28,616.996337890625,617.0660904342964,613.1802595402138,613.8677508272276,23034400
2025-12-01,614.923828125,617.1855860502521,610.2907880213397,611.3967336448243,40957600
2025-12-02,619.7362670898438,621.4798980663827,615.3423437866954,617.2055331651553,54541800
2025-12-03,621.2507934570312,621.9481972408511,615.7807833814271,617.3649627124794,47841600
2025-12-04,620.6728515625,622.6655726885474,617.2852013230104,622.6555993528335,47067800
2025-12-05,623.2036743164062,626.6311575742,621.4401572213803,622.1077018660956,53614200
2025-12-08,622.0079956054688,626.5513972974647,619.4273950138578,624.9273247300189,43462400
2025-12-09,622.775146484375,623.5921694288306,618.7398984397635,620.7425928652799,37156000
2025-12-10,625.3258666992188,626.920080160108,618.7299643381673,621.5795410824109,55031400
2025-12-11,623.3033447265625,623.5026290294861,615.4719033941835,621.5497401616841,58272800
2025-12-12,611.3867797851562,621.2706598008424,609.1349951238292,619.8160122611713,75158700
2025-12-15,608.3179931640625,616.1693197420918,607.102462393675,616.1195138735233,49538200
2025-12-16,609.5235595703125,611.2771638485672,604.7011478051123,606.0462710202155,55152800
2025-12-17,598.224853515625,611.4167192166101,598.0953825829183,610.8288396926666,70654300
2025-12-18,606.8931884765625,610.6992932536183,604.7111563372118,607.5806797208244,78875800
2025-12-19,614.8043212890625,615.3722541519244,609.6431804668954,609.722906345813,60369800
2025-12-22,617.7513427734375,620.1855972768566,616.3147325600856,619.8862552767364,43703100
2025-12-23,620.6444702148438,620.9437513214359,616.3247143117193,616.7437078609482,41120400
2025-12-24,622.4602661132812,622.8094781897531,620.2554500580117,620.524833532521,18468700
2025-12-26,622.4202880859375,624.0464530908596,621.672054895625,623.1884327551913,28959800
2025-12-29,619.4074096679688,621.312944373981,617.2724362589381,618.6392040742111,32458300
2025-12-30,617.9707641601562,620.7142858196408,617.7612369489017,618.3798323976478,31226800
