Date,Close,High,Low,Open,Volume
2015-01-02,169.6878662109375,170.88559529706598,168.65534982907482,170.47258874432092,121465900
2015-01-05,166.6233673095703,168.8122970325031,166.31774648892383,168.647096929558,169632600
2015-01-06,165.05392456054688,167.44935723130908,164.26094653071848,166.9289650053605,209151400
2015-01-07,167.1106719970703,167.44934031956146,165.9294795701786,166.3755210016873,125346700
2015-01-08,170.07606506347656,170.2908365016817,168.49838987366132,168.51490105817123,147217800
2015-01-09,168.71319580078125,170.50564292912694,168.1019414964393,170.48911913604712,158567300
2015-01-12,167.39151000976562,169.0022452562674,166.78852411875266,168.84530078782205,144396100
2015-01-13,166.92071533203125,169.72915460451395,165.62386881945937,168.60577637472915,214553300
2015-01-14,165.91297912597656,166.11122679229365,164.0214148168744,164.91349780540452,192991100
2015-01-15,164.39309692382812,166.86286751898896,164.2774556177399,166.54899117615352,176613900
2015-01-16,166.5489959716797,166.70594044959492,164.00487456052744,164.18659841874955,211879600
2015-01-20,166.9041290283203,167.4493004512187,165.342965483805,167.18497032958777,130991100
2015-01-21,167.7467498779297,168.22583901130292,165.9790822636024,166.44164760507718,122942700
2015-01-22,170.24127197265625,170.3734244640465,167.12719965980176,168.49838416512793,174356000
2015-01-23,169.30792236328125,170.2413212891238,169.17575722964745,169.98524661622298,117516800
2015-01-26,169.70433044433594,169.79519235821022,168.38271750174832,169.09308902732297,92009700
2015-01-27,167.46585083007812,168.60573999976427,166.63983797473307,167.65583025769982,134044600
2015-01-28,165.31820678710938,168.74615497955716,165.12822736589717,168.64703747352567,168514300
2015-01-29,166.84637451171875,167.10243653138437,164.1122608271368,165.51649304484636,173585400
2015-01-30,164.74826049804688,166.99501645954078,164.4839429399654,165.67340346122168,197729700
2015-02-02,166.78855895996094,166.87942090257002,163.4349478846863,165.24391853956578,163107000
2015-02-03,169.20050048828125,169.20876868484345,167.30893625739085,167.68063958790245,124212900
2015-02-04,168.5561981201172,169.64654124823144,168.10188848340294,168.44055681294967,134306700
2015-02-05,170.2578125,170.40650140888124,169.1427024012078,169.21704055366874,97953200
2015-02-06,169.7869110107422,171.18287447397176,169.26651898259183,170.621179290516,125672000
2015-02-09,169.02703857421875,169.86130713891177,168.622287680321,169.1426798861956,87219000
2015-02-10,170.82772827148438,171.08379025750745,169.068316736097,170.05954231341522,96164200
2015-02-11,170.9268341064453,171.35636432033186,170.0182275279404,170.6625165467923,91087800
2015-02-12,172.5706329345703,172.62845989396322,170.9599101194834,171.719840560346,97545900
2015-02-13,173.28094482421875,173.33050357005138,172.43840833320314,172.6944828599278,93670400
2015-02-17,173.55360412597656,173.72707241390395,172.71933547479566,172.9671293090362,76968200
2015-02-18,173.5701904296875,173.64452860673347,172.91763282060336,173.18196314427377,80652900
2015-02-19,173.44619750976562,173.80964522816615,172.83495598696246,172.9753766774431,91462500
2015-02-20,174.4869384765625,174.5612765993815,172.41363840005616,173.0331479647899,140896400
2015-02-23,174.4622039794922,174.4622039794922,173.85920543986055,174.2391769497112,74411100
2015-02-24,174.95782470703125,175.15607237940614,174.09050847083483,174.38787367741764,72472300
2015-02-25,174.80917358398438,175.31304212871333,174.47050515471588,174.83395297110542,73061700
2015-02-26,174.60267639160156,174.8752622634215,173.99967767335087,174.71831773686202,72697900
2015-02-27,174.00790405273438,174.76783451094943,173.95834528867053,174.50350429733115,108076000
2015-03-02,175.1064910888672,175.16430544173227,174.05745110558516,174.1070098663145,87491400
2015-03-03,174.3878173828125,175.15601583681678,173.52876962108434,174.67692690286944,110325800
2015-03-04,173.65267944335938,173.86745085276726,172.68624591289165,173.79310011661133,114497200
2015-03-05,173.84266662597656,174.12350796464634,173.33879829297229,173.97481910043814,76873000
2015-03-06,171.39772033691406,173.41319434208773,171.067320134475,172.98366399574914,188128000
2015-03-09,172.10804748535156,172.46322698067183,171.43897905633878,171.59592352318504,89818900
2015-03-10,169.31619262695312,170.82779838845576,169.274889443619,170.74520462574947,157121300
2015-03-11,168.919677734375,169.74569082843064,168.83707138338562,169.57222253293673,110145700
2015-03-12,171.0673065185547,171.13337647061587,169.497874171987,169.5474329380123,93993500
2015-03-13,170.01821899414062,171.75283834092306,168.9857029767861,170.79467305582406,162410900
2015-03-16,172.28982543945312,172.38068739069163,170.04306864879194,170.74518487235875,136099200
2015-03-17,171.77769470214844,172.1576536807261,170.96819276629859,171.55466762970326,94510400
2015-03-18,173.84266662597656,174.51173500502452,170.6707677637426,171.30680117516405,228808500
2015-03-19,173.04962158203125,173.8508547284598,172.6613946923617,173.42959288398788,117917300
2015-03-20,174.57723999023438,175.08335767044954,173.81391724732686,173.99645232282884,177715100
2015-03-23,174.2369842529297,175.1579516761038,174.2369842529297,174.5854567022096,71784500
2015-03-24,173.25802612304688,174.56894148177798,173.1916485785176,174.11261643600022,77805300
2015-03-25,170.71910095214844,173.69773415857858,170.6776260721813,173.46541912579568,159521700
2015-03-26,170.31253051757812,171.22519296417158,169.35836787678124,170.05532553117254,153067200
2015-03-27,170.70248413085938,170.87671404274337,170.00552650267113,170.19636661978635,118939000
2015-03-30,172.7850341796875,173.08372670196508,171.71472669332005,171.73131157884472,96180400
2015-03-31,171.27499389648438,172.66060427186957,171.21692146997367,171.963646532205,126768700
2015-04-01,170.66929626464844,171.26668130825644,169.6819511881236,171.24179131979093,137303600
2015-04-02,171.28330993652344,171.73134247042432,170.4204146457377,170.60294970108774,86900900
2015-04-06,172.43655395507812,172.950963908092,170.26274398824668,170.39548636758687,114368200
2015-04-07,171.98020935058594,173.20816176547933,171.94702692216907,172.46143685403993,81236300
2015-04-08,172.5610809326172,173.00082111978523,171.81435565710774,172.20431584727154,89351900
2015-04-09,173.32435607910156,173.5566711080269,171.90557591389464,172.3950959634002,85548900
2015-04-10,174.27023315429688,174.3117206984161,173.37416803447064,173.57328798988937,72722900
2015-04-13,173.4820098876953,174.75975527148466,173.43222990187343,174.12917502382024,74436600
2015-04-14,173.8138885498047,173.99642359516923,172.6606058505757,173.28288096153133,75099900
2015-04-15,174.59381103515625,175.09992867523593,174.1955584748344,174.2785335608359,99529300
2015-04-16,174.54400634765625,175.05012391611444,174.06277876943213,174.26191135152382,68934900
2015-04-17,172.53614807128906,173.59816327762158,171.7562278847155,173.35755579846713,191113200
2015-04-20,174.112548828125,174.44442376168223,173.37411633977555,173.45707874305626,92189500
2015-04-21,173.9051513671875,174.95056896762836,173.60645881560166,174.79292391814982,72559800
2015-04-22,174.7597198486328,174.942254866461,173.32432969387318,174.24529722556355,78264600
2015-04-23,175.199462890625,175.84662790681259,174.24530025173053,174.36145775052785,102585900
2015-04-24,175.60604858398438,175.87155873444283,175.1580160303617,175.6143536888242,61327400
2015-04-27,174.8759002685547,176.29468040375724,174.68506012294367,176.17023044811464,79358100
2015-04-28,175.43182373046875,175.4816037200731,173.68115568812917,174.85103608471604,86863500
2015-04-29,174.70993041992188,175.30730275659872,173.90512042855713,174.54398029617153,125684900
2015-04-30,172.95928955078125,174.52742224365647,172.26233184044423,174.13746218128156,161304900
2015-05-01,174.8344268798828,174.87591442186115,173.63965656814005,173.73921654071185,103399700
2015-05-04,175.33229064941406,175.91307838426684,175.1497555527142,175.25760799332912,70927200
2015-05-05,173.32435607910156,175.44839909533542,173.183308572984,175.09162144791608,113326200
2015-05-06,172.6107635498047,174.1788958718779,171.54874867878237,173.8719109567246,135060200
2015-05-07,173.29946899414062,173.7226241798103,172.17938137022506,172.5112563713364,88244900
2015-05-08,175.5811309814453,175.78026356297747,174.884185936411,174.96716101043745,155877300
2015-05-11,174.74314880371094,175.80516398110535,174.66847882878935,175.53966651686653,75708100
2015-05-12,174.22039794921875,174.7597105314007,173.09200547199407,173.91341300842794,119727600
2015-05-13,174.2536163330078,175.2492539083147,174.02130132077684,174.62697884122056,94667900
2015-05-14,176.07066345214844,176.1619309693813,174.99205079218353,175.26585334388207,95934000
2015-05-15,176.26153564453125,176.40258317781456,175.78030794615304,176.26153564453125,76510100
2015-05-18,176.80911254882812,177.0580124734228,176.02919235784495,176.0955698911435,74549700
2015-05-19,176.75103759765625,177.19908280806544,176.46894256012197,176.92528021508664,72114600
2015-05-20,176.6265411376953,177.3732660782015,176.31125108448646,176.85055102371675,76857500
2015-05-21,177.14097595214844,177.34840098253736,176.31956827412938,176.48551842661584,64764600
2015-05-22,176.7178497314453,177.1741747121736,176.65147219637822,176.7593246131695,57433500
2015-05-26,174.8177947998047,176.65143744720314,174.40294478240588,176.228282326917,124308600
2015-05-27,176.47723388671875,176.70954893500715,174.86761343770593,175.2741711023209,93214000
2015-05-28,176.27809143066406,176.3859438363147,175.58943881822523,176.17022636479442,74974600
2015-05-29,175.18287658691406,176.25318413307215,174.91737914129027,176.21170925672558,124919600
2015-06-01,175.53964233398438,176.17850224503937,174.7514171732241,175.84662729540608,93338800
2015-06-02,175.3654327392578,176.0540854164766,174.46106257022674,175.0833377129909,91531000
2015-06-03,175.8300323486328,176.45230738355588,175.34051235961232,175.8964098715841,87820900
2015-06-04,174.34494018554688,175.7803182592649,174.02964999840245,175.12486054728979,151882800
2015-06-05,174.0461883544922,174.7182433899041,173.3907182052303,174.1955282911533,121704700
2015-06-08,172.97589111328125,174.08769898352278,172.90122113504552,173.93834636683118,89063300
2015-06-09,172.95101928710938,173.49033206041878,172.32045163762882,172.95101928710938,105034700
2015-06-10,175.02525329589844,175.40692095542522,173.65625304064022,173.71432547087372,134551300
2015-06-11,175.58941650390625,175.971071417342,175.23263891764168,175.46495390674622,73876400
2015-06-12,174.24534606933594,175.46500645752488,173.9715434658424,174.7680612814801,135382400
2015-06-15,173.4985809326172,173.78067591599498,172.40337077095992,173.1086208896227,124384200
2015-06-16,174.44447326660156,174.52744835364663,173.17503292818068,173.34926288666625,85308200
2015-06-17,174.72647094726562,175.3321608927139,173.70594377840482,174.72647094726562,126708600
2015-06-18,176.54351806640625,177.00814791728467,174.75966860459496,175.3238583777434,165867900
2015-06-19,175.75985717773438,176.37682630299184,175.38467857961558,176.30179312772805,130478700
2015-06-22,176.66026306152344,177.24387552730727,176.45182912932938,176.67694133820228,70696000
2015-06-23,176.78538513183594,177.1188871824413,176.39354089530357,176.8687638249379,68476800
2015-06-24,175.50137329101562,176.89371045036663,175.47636223655647,176.51853191168127,92307300
2015-06-25,174.96786499023438,176.12675770364896,174.89283179166455,176.00170237269924,97107400
2015-06-26,174.93447875976562,175.56811348606794,174.38420999329747,175.3263229424074,104174800
2015-06-29,171.26608276367188,174.94286233194813,171.1910495614959,173.45881296493582,202621300
2015-06-30,171.62454223632812,172.8501350423014,171.14930666095873,172.80010020136746,182925100
2015-07-01,173.00021362304688,173.44209266901464,172.21649977644702,173.19196933387408,135979900
2015-07-02,172.8417510986328,173.64214299215135,172.4248832361705,173.47539839152594,104373700
2015-07-06,172.34988403320312,173.12525230369525,171.35773628956693,171.55783748282298,117975400
2015-07-07,173.4337615966797,173.55881690458054,170.17385087151584,172.55000349604325,173820200
2015-07-08,170.52401733398438,172.3832449894244,170.29057227957045,172.0997778121791,164020100
2015-07-09,170.8324737548828,172.8751368028293,170.72409674318993,172.61666799820853,144113100
2015-07-10,172.98353576660156,173.4004037522597,170.87418477691543,172.82512389656327,129456900
2015-07-13,174.89279174804688,175.0011687694546,174.20078939102447,174.24247873239707,106069400
2015-07-14,175.65151977539062,175.96001079082825,174.79277258894697,174.85114022385267,81709600
2015-07-15,175.5931396484375,176.15174124239255,175.11790402148668,175.69318389756324,97914100
2015-07-16,177.00213623046875,177.00213623046875,176.4018453575481,176.6436231738465,106683300
2015-07-17,177.15225219726562,177.2106198337727,176.58531772618835,176.99384029452227,89030000
2015-07-20,177.2439422607422,177.73584347269255,176.92713121534828,177.37734308080402,70446800
2015-07-21,176.54360961914062,177.36901289331283,176.2434641305146,177.11054402998832,77965000
2015-07-22,176.22677612304688,176.56027815967443,175.82658640089568,175.8599302436575,88667900
2015-07-23,175.23460388183594,176.4601966622729,174.876103554315,176.3601524260903,90509100
2015-07-24,173.41708374023438,175.39303394072115,173.08359443714681,175.3346790374915,117755000
2015-07-27,172.40826416015625,173.04191167062774,171.96638509196006,172.53333219491864,132361100
2015-07-28,174.5259552001953,174.66768879097515,172.4166041766928,173.24199465957545,123544800
2015-07-29,175.72653198242188,175.95163153209302,174.50927188232112,174.65100546901073,105791300
2015-07-30,175.76821899414062,175.9349636396938,174.6009810316665,175.21795021419427,91304400
2015-07-31,175.50137329101562,176.29341969975093,175.21790619261316,176.26840864529174,103266900
2015-08-03,174.9094696044922,175.52643882350162,173.9590110746571,175.4680839189179,113965700
2015-08-04,174.56765747070312,175.293003760113,174.08408903716236,174.8344463902207,81820800
2015-08-05,175.14292907714844,176.1767535837583,174.85944916623106,175.45974010894733,85786800
2015-08-06,173.70887756347656,175.4347042383865,173.1252522637311,175.32631450183948,116030800
2015-08-07,173.37539672851562,173.70055325602934,172.47496033190805,173.5504868841622,117858000
2015-08-10,175.55975341796875,175.64311936484467,174.48422711234036,174.48422711234036,80270700
2015-08-11,173.97567749023438,174.64266878819345,173.21697472978343,174.22580081719414,126081400
2015-08-12,174.18414306640625,174.36756602465627,171.21604461007414,172.6750827731882,172123700
2015-08-13,173.96731567382812,174.70934002948377,173.42537976890287,174.02567056469158,89383300
2015-08-14,174.60098266601562,174.67601584894675,173.63384590223302,173.77557948836994,72786500
2015-08-17,175.57638549804688,175.57638549804688,173.55041399788198,174.00897114456424,79072600
2015-08-18,175.06785583496094,175.6514684043163,174.83441080721877,175.30130086270307,71692700
2015-08-19,173.6838836669922,175.09288677233275,172.87515875699717,174.3258512052676,172946000
2015-08-20,170.0571746826172,173.65890847141773,169.99880704182453,172.1748590448641,194327900
2015-08-21,164.93795776367188,170.03208410082271,164.67950169657928,168.18952235257711,346588500
2015-08-24,157.9929656982422,164.64617515076566,152.07343524562975,156.31716098493249,507244300
2015-08-25,156.1337127685547,162.95366576557146,155.84190013873254,162.93698748683326,369833100
2015-08-26,162.12831115722656,162.4034328471312,157.05084915471605,160.14401536953736,339257000
2015-08-27,166.13858032226562,166.26363563658603,162.75361411543824,164.26267427664732,274143900
2015-08-28,166.14686584472656,166.6137558477925,165.0129846707956,165.49655295162776,160414400
2015-08-31,164.8046112060547,166.02187149373609,164.254342334015,165.1714571207478,163298800
2015-09-01,159.88552856445312,162.3867361308454,159.0184361505627,161.01106433624992,256000400
2015-09-02,162.92034912109375,162.96203846399754,160.4274739883416,162.2616905798971,160269300
2015-09-03,163.03707885742188,165.12141887676555,162.54517766608922,163.62902429870644,152087800
2015-09-04,160.56918334960938,161.62803143495745,159.7521257835405,160.78596281128029,207081000
2015-09-08,164.60450744628906,164.75458655536866,162.72026849359887,163.36224883448918,116025700
2015-09-09,162.4034423828125,166.30533377944414,162.0366092008,166.18027845850835,149347700
2015-09-10,163.2871551513672,164.42936908185118,161.9531728346661,162.21162888709986,158611100
2015-09-11,164.0292205810547,164.0959209857846,162.1866584755701,162.8953391442491,119691200
2015-09-14,163.42056274414062,164.25429861131062,162.93699441456607,164.20427649476838,79452000
2015-09-15,165.4632568359375,165.90513591068714,163.3789167770044,163.92084010360617,113806200
2015-09-16,166.89723205566406,167.08900045592938,165.4215287987995,165.76336354174293,99581600
2015-09-17,166.52207946777344,169.15668815047755,166.14690083072153,166.76387002000322,276046600
2015-09-18,163.80084228515625,166.50780585133356,163.39019601063427,164.0187487536993,223657500
2015-09-21,164.64730834960938,165.669742422647,163.59972040089897,164.63054336180713,105726200
2015-09-22,162.51019287109375,162.9711340310795,161.3787930045775,162.48505178854327,153890900
2015-09-23,162.25045776367188,163.14718657021248,161.67218705888504,162.6778691251511,92790600
2015-09-24,161.66375732421875,162.12469855128106,159.70267587228614,161.0352045931169,159378800
2015-09-25,161.6219024658203,163.42374894153775,160.7503019768851,163.1220430473588,155054800
2015-09-28,157.5655975341797,160.83407948138324,157.2555156054115,160.72512624676162,178515900
2015-09-29,157.65780639648438,159.0154891991918,156.66050053114188,157.78352463470284,159045600
2015-09-30,160.5994110107422,160.7670225082803,158.76403506104677,159.5434342791708,163452000
2015-10-01,161.0184783935547,161.32018426471683,159.08253771523917,160.9765723137938,131079000
2015-10-02,163.42376708984375,163.4489081848222,158.495907866993,159.040661430058,211003300
2015-10-05,166.33187866210938,166.55816131242932,164.53840802862976,164.64736130247695,126320800
2015-10-06,165.761962890625,166.75926885770076,165.09989280505525,166.19776314261216,110274500
2015-10-07,167.11961364746094,167.4716016642994,165.50213120205433,166.69218957934794,124307300
2015-10-08,168.62818908691406,168.91313001848616,166.4324354447101,166.73414136871068,153055200
2015-10-09,168.7287139892578,169.20640746419622,168.10016119364352,168.7706200665533,107069200
2015-10-12,168.88795471191406,169.08908342854323,168.3767312439153,168.80414255469205,56395600
2015-10-13,167.8235626220703,169.42427982155294,167.65595113459193,168.15878559702708,88038700
2015-10-14,167.01907348632812,168.34322648356653,166.72575646799194,167.7649557607535,99106200
2015-10-15,169.5835418701172,169.59191797003,167.31236557573996,167.68111857892492,134142200
2015-10-16,170.35455322265625,170.37130542131746,169.22315320406815,169.98580024510346,114580100
2015-10-19,170.43838500976562,170.43838500976562,169.39918582577107,169.7092678031965,76523900
2015-10-20,170.2205047607422,170.8322926630684,169.7511873130431,170.00261102800798,78448500
2015-10-21,169.16452026367188,170.79036614497844,168.9968959484565,170.6395196068124,102038000
2015-10-22,172.02230834960938,172.23182592847675,169.16449829269143,170.111509053374,174911700
2015-10-23,173.90797424316406,174.2767272443333,172.8939162778874,173.69008055517259,144442300
2015-10-26,173.4805450439453,173.7906269501931,173.11179208087373,173.73196868130663,69033000
2015-10-27,173.1453399658203,173.48056299169156,172.4664922383321,172.81010415201033,77905800
2015-10-28,175.1148681640625,175.1400092617336,172.8185626571414,173.48063287572057,135906700
2015-10-29,175.0142364501953,175.38298945811434,174.49463691427613,174.6119662542559,90525500
2015-10-30,174.260009765625,175.52550452719265,174.10078709710965,175.20703361427752,131076900
2015-11-02,176.3216552734375,176.51440791141056,174.46113770568715,174.5868559557975,86270800
2015-11-03,176.8328399658203,177.38596945377594,175.74334597716359,175.96962854731606,95246100
2015-11-04,176.2965087890625,177.2519086361511,175.76014418697665,177.1262031778266,96224500
2015-11-05,176.1204833984375,176.81608334110962,175.23213085100582,176.35514207934628,78408700
2015-11-06,176.0282745361328,176.26294597750453,174.70413475801305,175.77686368455153,110471500
2015-11-09,174.38572692871094,175.567409509571,173.43870308601487,175.41655015621294,131008700
2015-11-10,174.7880096435547,174.82153963021315,173.63985696539157,173.9080329189441,75874600
2015-11-11,174.10079956054688,175.10648177213253,174.03375237471542,175.0561995797447,67846000
2015-11-12,171.67034912109375,173.53086655626646,171.65359691929243,173.06154914702296,121315200
2015-11-13,169.74278259277344,171.52787673580528,169.65898322089475,171.25970084267732,153577100
2015-11-16,172.3240203857422,172.38269144815004,169.44105635054686,169.55839847536257,117645200
2015-11-17,172.19834899902344,173.51411305218159,171.70389046640724,172.6341492455715,121123700
2015-11-18,174.93043518066406,175.07290561750696,172.63413041421526,172.67602370486216,121342500
2015-11-19,174.7796173095703,175.1986525882852,174.48628749929313,174.81313450517308,88220500
2015-11-20,175.41650390625,176.09533884752574,175.03937480420112,175.5338332443972,94011500
2015-11-23,175.2154083251953,175.97804277333833,174.75446698536746,175.47520813820526,64931200
2015-11-24,175.4500732421875,175.85234352208911,173.82421434316055,174.20971963158328,98874400
2015-11-25,175.42489624023438,175.77688426159057,175.16508368329,175.57574276884174,51980100
2015-11-27,175.62600708007812,175.8271485523665,175.03936043749243,175.51705385076303,37317800
2015-11-30,174.89691162109375,175.9025935308499,174.78795837832422,175.78526418784404,112822700
2015-12-01,176.564697265625,176.68203941900245,175.24893315237756,175.52549796832068,97858400
2015-12-02,174.7628173828125,176.83285226890064,174.51139370825462,176.51438142859806,108441300
2015-12-03,172.31565856933594,175.28242221225327,171.59491750079425,175.01424632913574,166224200
2015-12-04,175.67633056640625,175.96966035065273,172.3156725330037,172.3156725330037,192913900
2015-12-07,174.61195373535156,175.76848206425177,173.64816520867367,175.34944691037563,102027100
2015-12-08,173.4386749267578,174.56168624677528,172.45813404692703,173.05316968576795,103372400
2015-12-09,172.08935546875,174.88850725265175,171.11719083392987,172.80172035190606,162401500
2015-12-10,172.53353881835938,173.84092651795578,171.92175104363824,172.1564097185433,116128900
2015-12-11,169.1896209716797,171.08365507491644,168.8795262928956,170.42158522442,211173300
2015-12-14,170.0444793701172,170.17019760312135,167.5721742429756,169.34889219017325,182385200
2015-12-15,171.8295440673828,172.73466148106345,170.0193092400215,171.55297934754117,154069600
2015-12-16,174.34381103515625,174.64551693695873,171.63684680850224,172.9526108886259,197017000
2015-12-17,171.6870880126953,174.7208985098075,171.6703230255021,174.6538513489731,173092500
2015-12-18,168.62844848632812,171.08173725286912,168.46826542354154,170.94685776256094,251393500
2015-12-21,170.01953125,170.19657911718517,168.6874978631349,169.800340767622,99094300
2015-12-22,171.56234741210938,171.85742293411286,169.9183864593483,170.90476303100496,111026200
2015-12-23,173.6868133544922,173.72896882744485,172.47280777210335,172.5655446669815,110987200
2015-12-24,173.40020751953125,173.94820307781427,173.18101701464653,173.43393705200427,48539600
2015-12-28,173.0039520263672,173.0460946385875,171.9332646766393,172.70887655655358,65899900
2015-12-29,174.8502960205078,175.17908826127268,174.06625793254906,174.09997460624697,92640700
2015-12-30,173.6109161376953,174.6900421403417,173.46759783097934,174.6057312003707,63317700
2015-12-31,171.87429809570312,173.57727952894433,171.87429809570312,172.93655982743095,114877900
2016-01-04,169.47157287597656,169.4799988274123,167.42293464087555,169.02475303297206,222353500
2016-01-05,169.75819396972656,170.2134397222684,168.6537898230363,169.7919106364143,110845800
2016-01-06,167.6168212890625,168.6622051229766,166.58828935540473,167.21214413008352,152112600
2016-01-07,163.5954132080078,166.45337941363837,163.20760085423277,164.67452645671497,213436100
2016-01-08,161.79969787597656,165.11292267031985,161.51306122906905,164.55650127523245,209817200
2016-01-11,161.9598846435547,163.05586269586863,160.02928734368356,162.7186317529785,187941300
2016-01-12,163.2666473388672,164.01696859123618,161.14213716090515,163.40153973265294,172330500
2016-01-13,159.1947021484375,164.27834272629687,158.81532848192018,163.93268573198264,221168900
2016-01-14,161.80813598632812,162.92940481013775,158.20828713856892,159.80166644313084,240795600
2016-01-15,158.33482360839844,159.13572665500817,156.40422519650542,157.45804837995308,324846400
2016-01-19,158.54551696777344,160.27378878445893,156.9774282612069,160.14733520491595,195244400
2016-01-20,156.513671875,158.07333391524676,152.61032309706727,155.99098016734666,286547800
2016-01-21,157.39047241210938,159.2283323543087,155.6622012430965,156.98580824517373,195772900
2016-01-22,160.61940002441406,160.8217256941212,159.23678553722863,159.99553252671654,168319600
2016-01-25,158.1914520263672,160.30752363639772,157.9975522277229,160.11362383775347,130371700
2016-01-26,160.34963989257812,160.62785059511515,158.51177950278483,158.84899758001725,141036800
2016-01-27,158.60450744628906,161.49619024417947,157.70242920136823,159.82693898727493,185681700
2016-01-28,159.4307098388672,160.34964003457762,157.78674919882445,160.147314333677,143798800
2016-01-29,163.31723022460938,163.45212261959614,160.07988992920824,160.19791755880993,210529300
2016-02-01,163.2582244873047,164.0422753468065,161.73229111753486,162.31400336657373,136061600
2016-02-02,160.31593322753906,161.84186634784507,159.79322845197512,161.8334403978046,182564900
2016-02-03,161.2769775390625,161.6816417258593,157.73613696049483,161.36971442187453,205054900
2016-02-04,161.52993774414062,162.49944941735478,160.14732296923702,160.77961654673646,139531800
2016-02-05,158.4528045654297,161.58898246369031,157.8205108418134,161.0157089956883,180788300
2016-02-08,156.31980895996094,156.90994697259362,154.11100117094557,156.6148843982992,191526700
2016-02-09,156.32826232910156,157.60128833397698,154.4482463076533,154.58313869535667,184513100
2016-02-10,156.19337463378906,158.7815562592034,156.0669082029163,157.15446033381306,148214100
2016-02-11,154.16163635253906,155.2070332423687,152.66941960703548,153.72324244853974,219058900
2016-02-12,157.33998107910156,157.3568329836755,155.08901686974585,155.93207520421836,127632400
2016-02-16,159.9955596923828,160.02085040539032,158.18298998527018,159.14407567169118,120250700
2016-02-17,162.6090850830078,162.98003278427333,161.03255735262937,161.15902381299634,136009500
2016-02-18,161.9429931640625,162.93780820141365,161.63106584938842,162.87878797212775,102343000
2016-02-19,161.8671875,162.01893181353807,160.56044461143512,161.167447593684,114793000
2016-02-22,164.2108612060547,164.35417954418443,163.37622902795616,163.4436752219077,103640300
2016-02-23,162.1369171142578,163.8230330766072,162.01887664741122,163.55324834789022,111455300
2016-02-24,162.8788604736328,163.15707125544148,159.60780302749964,160.71220733876964,150812200
2016-02-25,164.8515625,164.86000131333842,162.5668824290666,163.3256295149316,110728300
2016-02-26,164.47227478027344,165.81273466798723,164.31209161179478,165.72001058523796,129833700
2016-02-29,163.1823272705078,165.43329090200194,162.9884275052904,164.48906992628648,125918100
2016-03-01,167.01828002929688,167.10259100476583,163.93268356943548,164.4047941583446,141799700
2016-03-02,167.7685546875,167.81913611307817,166.29320307592653,166.70630615822336,102415000
2016-03-03,168.42617797851562,168.44304274563157,167.0182722294656,167.5915456709263,95172200
2016-03-04,168.9741668701172,169.7497918171889,167.79389040987522,168.6200839320446,129293600
2016-03-07,169.10903930664062,169.5137165001027,167.97934441899835,168.05521656875482,100219000
2016-03-08,167.26275634765625,168.54420852554634,167.1025860814623,168.038381279782,123974900
2016-03-09,168.08895874023438,168.43460284757697,167.288043107976,168.07209397322683,94801200
2016-03-10,168.22381591796875,169.5137067095646,166.40282010875242,168.57791165780847,156838700
2016-03-11,170.9384307861328,170.98058625779174,168.20693117363018,169.67384382062787,137964500
2016-03-14,170.7193145751953,171.17456042054744,170.10388558631487,170.43267782574958,73612000
2016-03-15,170.44107055664062,170.74457201573492,169.49684951236813,169.75819548969022,93169100
2016-03-16,171.42742919921875,171.83210634515947,169.91836087595732,169.96051635333183,129303200
2016-03-17,172.51498413085938,173.02081127539734,170.94689554110465,171.34313387955126,134278500
2016-03-18,173.19293212890625,173.531889532325,172.70143484267174,173.01497108735393,138372400
2016-03-21,173.43869018554688,173.6674935655199,172.70145065389715,172.93025403387017,72926700
2016-03-22,173.34542846679688,173.913189128969,172.5065045158591,172.667500849292,97471900
2016-03-23,172.2014617919922,173.150552830856,172.0319701661417,172.96412238673693,81052500
2016-03-24,172.1251678466797,172.15907134055288,170.95575591594056,171.17607690453912,84360900
2016-03-28,172.2268829345703,172.7522707695527,171.77775857297658,172.5404191676539,62408200
2016-03-29,173.8199462890625,173.93011322688284,171.51500051418233,171.82006724704564,92922900
2016-03-30,174.58265686035156,175.3029444872904,174.21826541228114,174.8199295998602,86365300
2016-03-31,174.15896606445312,174.91315723940892,173.99795678040715,174.4894540415597,94584100
2016-04-01,175.34532165527344,175.5317520880499,172.85394489943778,173.16749404386812,114423500
2016-04-04,174.77757263183594,175.4724520968894,174.47250580602636,175.26906990288444,63497000
2016-04-05,173.0319061279297,174.78603056334993,172.7776816347166,173.43865755883377,99662200
2016-04-06,174.92161560058594,174.98094025112778,172.85394205681024,173.03190307804113,91839800
2016-04-07,172.82850646972656,174.1928310839261,172.0997365590909,173.83692200157756,113859000
2016-04-08,173.2946014404297,174.4386052040037,172.7607312933758,174.00641968290486,95040600
2016-04-11,172.8878936767578,174.62507974786493,172.79467843595503,173.93020014726278,83757500
2016-04-12,174.4979248046875,174.7775704690855,172.6166815572068,173.0573365069002,115350600
2016-04-13,176.2605438232422,176.3452896414696,175.27754922554817,175.41313736255353,96336400
2016-04-14,176.26898193359375,176.76896148372217,175.92155517350372,176.31983717373794,65212900
2016-04-15,176.0740509033203,176.40453878852895,175.75203242477122,176.26895069962492,75761600
2016-04-18,177.31134033203125,177.34523090258335,175.41314512118754,176.07412115532838,82531000
2016-04-19,177.87054443359375,178.1247688628437,177.05704177646382,177.7349692776665,88316100
2016-04-20,178.0400848388672,178.73495134365143,177.4384206222998,177.91296612418077,81100300
2016-04-21,177.08250427246094,178.16718335548487,176.81132803650763,178.05701639332952,85695000
2016-04-22,177.08250427246094,177.3536675780196,176.18425561905624,176.7265951605682,99251700
2016-04-25,176.77743530273438,176.81980820538138,175.87070432158723,176.48083791459973,66166500
2016-04-26,177.04013061523438,177.54857959028388,176.56558513473195,177.14181523808645,75864200
2016-04-27,177.40460205078125,177.79440190105947,176.30297072841165,176.65887999925715,77329400
2016-04-28,175.7944793701172,177.75198635557425,175.37925845223072,176.65036822776358,97216200
2016-04-29,174.8453369140625,175.52326451487454,173.7437061790421,175.17582484152928,142424100
2016-05-02,176.23512268066406,176.41307079640367,174.91317067072708,175.34534331077683,62188000
2016-05-03,174.7012939453125,175.24363348503738,173.95557222929278,175.0063607445574,106422100
2016-05-04,173.726806640625,174.43863794710984,173.22683989530623,173.70986782004962,92243800
2016-05-05,173.69290161132812,174.54877747344975,173.26919838505867,174.19286831503095,67619200
2016-05-06,174.3284149169922,174.37078781560305,172.76919051910093,172.92171743762816,89315000
2016-05-09,174.4724578857422,174.90463038260785,174.02333364476644,174.2012946319418,74374900
2016-05-10,176.64187622070312,176.65882797062716,175.1080725776919,175.1758666469914,77472200
2016-05-11,174.98941040039062,176.71811365637674,174.98941040039062,176.18425645121343,81727000
2016-05-12,175.040283203125,175.82837796577218,174.03186740714267,175.65888632277918,89586300
2016-05-13,173.5149383544922,175.29449705429184,173.19293269930267,174.74368803932327,96474600
2016-05-16,175.22669982910156,175.70124535905617,173.62510220030677,173.68442685674904,77486800
2016-05-17,173.5912628173828,175.24370325013706,173.06586188538935,174.9555880834824,114924900
2016-05-18,173.6420135498047,174.81990769132037,172.55733461072808,173.24373158760076,120062100
2016-05-19,173.04039001464844,173.32850509687862,171.8370744385142,172.92175363194215,115430500
2016-05-20,174.13356018066406,174.650478644596,173.59968996682053,173.65053228615866,104990400
2016-05-23,173.89622497558594,174.4300820673808,173.70979458467602,174.1504364810159,58682600
2016-05-24,176.1503448486328,176.4638939748023,174.68433555844706,174.70975671321835,93537800
2016-05-25,177.34519958496094,177.76043335068047,176.1503535302454,176.82828119514468,76621400
2016-05-26,177.3960418701172,177.70959101169245,177.08250565893664,177.48078767711476,55280700
2016-05-27,178.15870666503906,178.16717607316846,177.50620018804196,177.55704249760646,64211200
2016-05-31,177.81971740722656,178.54001786357134,177.26042620091602,178.4298509176758,109879400
2016-06-01,178.1841583251953,178.36210643913597,177.0147332834286,177.2096331469243,69936200
2016-06-02,178.7264862060547,178.74342502410155,177.31131907541297,177.78586458863467,63044700
2016-06-03,178.19259643554688,178.54003612321796,176.98928103642675,178.16717528087767,101757100
2016-06-06,179.0993194580078,179.45522853801452,178.38748836760095,178.548497626974,64887000
2016-06-07,179.3789825439453,179.93827387747152,179.2264555968358,179.25187675468737,60974800
2016-06-08,179.9636993408203,180.09081806351512,179.38746917520425,179.5145749675031,66170900
2016-06-09,179.71792602539062,179.83656238777846,178.96373495084086,179.23489823755855,73786900
2016-06-10,178.01463317871094,178.68407841192564,177.47228077761466,178.3451210916334,113829200
2016-06-13,176.64187622070312,178.2688950927016,176.55714333187618,177.4130192122889,117751200
2016-06-14,176.2943878173828,176.88758252746695,175.34529696987707,176.2604972572832,125059300
2016-06-15,176.04864501953125,177.41296957275873,175.86221461371932,176.29438713788718,109124500
2016-06-16,176.57403564453125,176.74352723833687,174.21824731103703,176.0486479088348,149533100
2016-06-17,175.9164276123047,176.49565422401903,175.26052795098747,176.47010087336312,117055700
2016-06-20,177.0493621826172,178.54854859459653,176.96417567156655,177.87562194878873,82789600
2016-06-21,177.55194091796875,177.96080760410712,176.98974110100497,177.4326875929435,72461700
2016-06-22,177.2623291015625,178.45486236220714,177.11750942210634,177.7308159554772,95560500
2016-06-23,179.5707244873047,179.62183119566257,178.2589379814508,178.71891135430852,102731400
2016-06-24,173.1224822998047,179.60477988078662,172.67953589151026,173.45468885661674,333444400
2016-06-27,170.02194213867188,171.72556876131333,169.2127090948055,171.71704230971076,230775800
2016-06-28,173.08840942382812,173.11396277555616,171.3166367174161,171.62328993578808,159382400
2016-06-29,176.03570556640625,176.26568575451566,174.3831860051859,174.48539942212344,137328600
2016-06-30,178.43785095214844,178.4889576718171,175.95055761303408,176.50424407060433,165021900
2016-07-01,178.81260681152344,179.298146523958,178.27596039201924,178.43780696283076,106055300
2016-07-05,177.52639770507812,178.09711100727978,176.93013104588525,177.98637112855883,109803700
2016-07-06,178.59120178222656,178.71045513913478,176.37648172805586,177.0323816898715,96021500
2016-07-07,178.48043823242188,179.43446496128354,177.71381146782082,178.77005163259213,85593800
2016-07-08,181.13807678222656,181.38510989572447,179.54519021349057,179.77518342317939,133971000
2016-07-11,181.77696228027344,182.34768865826774,181.39364887527617,181.5980887568401,73633900
2016-07-12,183.09722900390625,183.39536879733734,181.80246941184768,182.739469050371,101275600
2016-07-13,183.0717010498047,183.52316102982908,182.58617425894235,183.51464757652928,87324100
2016-07-14,184.09390258789062,184.56240254403048,183.70207571376685,184.3324092932635,91230900
2016-07-15,183.84686279296875,184.8519962300285,183.4039162455943,184.65608281389027,107155400
2016-07-18,184.3409423828125,184.50278900963733,183.7105957829792,183.96614240440573,58725900
2016-07-19,184.15345764160156,184.18752444321422,183.676444433214,183.92346448840215,54345700
2016-07-20,184.9201202392578,185.1586268899919,184.1534935758465,184.1534935758465,58159500
2016-07-21,184.2216339111328,185.03085380551673,183.7786874330219,184.80938706527985,67777300
2016-07-22,185.0478973388672,185.0990040493372,184.07683084702495,184.34089084954488,62787500
2016-07-25,184.5453338623047,184.89458041130248,183.96610709603976,184.84347369635424,55873100
2016-07-26,184.63047790527344,184.98823782523522,183.78717830974068,184.44307799515505,70080500
2016-07-27,184.43460083007812,185.07346074090879,183.6679611384984,185.00531412403691,84083900
2016-07-28,184.64756774902344,184.93718114385538,183.77871456688854,184.23868801764283,65035700
2016-07-29,184.94566345214844,185.3034234086294,184.1023767681707,184.38347666204226,79519400
2016-08-01,184.7924041748047,185.39718442026862,184.34094410504446,185.00535752837618,73311400
2016-08-02,183.6083526611328,184.698672605218,182.7735792971761,184.54533945808532,92295500
2016-08-03,184.1449737548828,184.204606918532,183.25058028125014,183.54870710658165,53993600
2016-08-04,184.3409423828125,184.6561091839086,182.5010223057108,184.2557558431233,46585500
2016-08-05,185.8485870361328,185.89118029320792,184.3408871172442,184.3408871172442,71892200
2016-08-08,185.73789978027344,186.1382530864224,185.47383972677943,186.0360266481112,39906500
2016-08-09,185.8485870361328,186.3426402234022,185.52490687716386,185.80600677669491,51251700
2016-08-10,185.38864135742188,186.0360147697383,185.0393947939079,185.95935469412962,57941100
2016-08-11,186.2489471435547,186.49598024514216,185.65268051536748,185.91674052230485,72504300
2016-08-12,186.08712768554688,186.30008099732774,185.68677441958778,185.94230799561387,61313500
2016-08-15,186.62376403808594,186.9730105941644,186.4448905321406,186.4534039855917,49813500
2016-08-16,185.66122436523438,186.2745179562473,185.66122436523438,186.20638433318723,53213600
2016-08-17,186.01046752929688,186.14676077773237,184.86052736442625,185.6953007652244,75134300
2016-08-18,186.42784118652344,186.46190799624154,185.87416779454654,185.984894674359,52989300
2016-08-19,186.1552734375,186.3341599500134,185.47383319350868,185.95936001723447,75443000
2016-08-22,186.14671325683594,186.37670643015156,185.5504466941994,185.91672008352035,61368800
2016-08-23,186.5215301513672,187.05817660563002,186.46189699083246,186.76003679823123,53399200
2016-08-24,185.56752014160156,186.4704400993404,185.15012697348288,186.3767401227276,71728900
2016-08-25,185.4397430419922,185.85713621615523,185.03087631886928,185.18419646592582,69224800
2016-08-26,185.0904998779297,186.64931972308202,184.2046197953318,185.62714639773398,122506300
2016-08-29,186.0019073486328,186.26596732761564,185.1841610610908,185.21824086345805,70502200
2016-08-30,185.69532775878906,186.19789456310596,185.1416542282896,185.91679457146054,58114500
2016-08-31,185.16717529296875,185.48234204788133,184.3920220873651,185.3630887083761,85269500
2016-09-01,185.17568969726562,185.46530309503095,184.01722310856502,185.15864979220905,97844200
2016-09-02,186.01046752929688,186.43637418242812,185.43975417381776,186.0275074347612,79293900
2016-09-06,186.5726776123047,186.64933769461823,185.57605754930785,186.29157764618142,56702100
2016-09-07,186.55557250976562,186.73445897028816,185.9507925193483,186.41076585012152,76554900
2016-09-08,186.1297149658203,186.4960014346624,185.82306166539124,186.22341494644138,74102900
2016-09-09,181.6747589111328,184.8690591259492,181.64920554922554,184.81795240213467,221589100
2016-09-12,184.28123474121094,184.6815879202217,180.84842914064834,180.91657574533482,168110900
2016-09-13,181.6321563720703,183.26763643886903,181.0103362679948,183.00357638087698,182828800
2016-09-14,181.5640106201172,182.88432391408446,181.0103371408601,181.68326396938673,134185500
2016-09-15,183.37838745117188,183.76170088109808,181.22330059205066,181.40218712475806,134427900
2016-09-16,182.66949462890625,182.94345806111463,181.98461217497623,182.76366792581595,155236400
2016-09-19,182.70375061035156,183.96224239525162,182.37842229326847,183.32015528309017,80250500
2016-09-20,182.71231079101562,183.71396513879625,182.67807189218635,183.55987049912048,69665300
2016-09-21,184.76695251464844,184.94672955056805,182.72939235227372,183.41428773203177,110284400
2016-09-22,185.9312744140625,186.23092025195749,185.52891189540338,185.77717979797526,76678700
2016-09-23,184.91249084472656,185.67443352635397,184.81831756662461,185.537451837607,73630900
2016-09-26,183.41429138183594,184.26183783747967,183.2173753018055,184.08206079798262,89827300
2016-09-27,184.552978515625,184.64713875839672,182.88354144774857,183.25167821266945,78494800
2016-09-28,185.4689483642578,185.62305601942785,183.8166509448692,184.7754965742225,87411000
2016-09-29,183.79098510742188,185.66588132423695,183.24307136462014,185.26350574056914,128070600
2016-09-30,185.1779022216797,185.87991058216204,184.37315105327025,184.62141895723138,117202900
2016-10-03,184.7327423095703,184.9553278063955,184.09921165404296,184.76699427111006,83512100
2016-10-04,183.79098510742188,185.06660270918726,183.2002760132762,184.8440172416814,119948100
2016-10-05,184.60427856445312,185.03233652110154,184.34744117780565,184.41593201846445,72816000
2016-10-06,184.7327423095703,184.9553278063955,183.84238725897382,184.38173155191478,62927400
2016-10-07,184.0991973876953,185.1779120165763,183.37150655256386,185.0066914120333,89788300
2016-10-10,185.05804443359375,185.52034134257795,184.91250627588957,185.05804443359375,51855000
2016-10-11,182.72085571289062,184.6984949069336,181.99316485487475,184.63000405030357,130367400
2016-10-12,182.96060180664062,183.48283321961216,182.36131000631838,182.85785897793858,73866100
2016-10-13,182.36131286621094,182.85786184561832,180.82031410777756,181.63362191101672,101357000
2016-10-14,182.4554443359375,183.79955277491104,182.37839702834248,183.3372428027531,93346200
2016-10-17,181.82192993164062,182.68660243484823,181.6421398142282,182.42976500852797,58275700
2016-10-18,182.96060180664062,183.4742636969639,182.58390858242552,183.4143423549097,76869700
2016-10-19,183.44854736328125,183.75674966585316,182.8663947158089,183.22596189159376,66519200
2016-10-20,183.1061248779297,183.66259514566121,182.44691178997869,183.09755535598893,73639800
2016-10-21,183.19168090820312,183.27729772552206,182.1472184407151,183.10607715417646,89089100
2016-10-24,183.97079467773438,184.33893140659717,183.6197839291966,184.06496797457876,60146600
2016-10-25,183.35438537597656,184.04783733368188,183.19172122524665,183.79099988849228,66542300
2016-10-26,182.98623657226562,183.56838917561575,182.29277164656682,182.53249614221528,75705500
2016-10-27,182.4982452392578,183.73961082038784,182.42119793483377,183.70537192840828,77220200
2016-10-28,181.9589080810547,183.14890892401726,181.24834322181863,182.47258296054287,140623200
2016-10-31,181.9674835205078,182.51539731357715,181.8048193679365,182.29279876235523,61272500
2016-11-01,180.6490478515625,182.34416708158656,179.44193411679908,182.2927891440418,122781800
2016-11-02,179.56178283691406,180.72610117322677,179.12515529623803,180.34083850479635,103330800
2016-11-03,178.73989868164062,179.989833798208,178.4659483526424,179.77580479671514,88939300
2016-11-04,178.5430145263672,179.69020696041335,178.39747635756683,178.85121684361937,109122100
2016-11-07,182.4811553955078,182.51540735756313,178.54302887338312,178.54302887338312,109794900
2016-11-08,183.302978515625,183.8680181529656,181.82190164498263,182.08729548768414,106772100
2016-11-09,185.2463836669922,185.8627882300816,181.78766772262458,181.81335015747885,258429000
2016-11-10,185.70867919921875,186.89867990417122,184.2532846271845,186.03400745605103,172113300
2016-11-11,185.28067016601562,185.52038166177718,184.33895016503715,184.98959378734756,100552700
2016-11-14,185.42617797851562,186.00834370377714,184.68136117179486,185.80287114251522,94580000
2016-11-15,186.87303161621094,186.87303161621094,185.6059833757356,185.81144289060984,91652600
2016-11-16,186.52200317382812,186.7531581694383,186.1367535566741,186.25660928341745,65617700
2016-11-17,187.4808349609375,187.54075628400358,186.56478463203283,186.67608388481742,69797200
2016-11-18,187.0613555908203,187.720568602341,186.88156547375317,187.54934800622104,86265800
2016-11-21,188.47398376464844,188.49966620661488,187.48945532047617,187.63499351271832,72402600
2016-11-22,188.84207153320312,189.02184858031546,188.11436769753672,188.7821371419699,67429000
2016-11-23,188.94479370117188,188.9961585697166,188.13148613486294,188.3283891520488,56620200
2016-11-25,189.64683532714844,189.6810742220705,189.21020777130136,189.2872681456414,37872300
2016-11-28,188.75645446777344,189.61257047886514,188.6537247266964,189.33862014822847,76572500
2016-11-29,189.1245880126953,189.5783284459944,188.49105747219588,188.79070329643193,69886700
2016-11-30,188.6708526611328,189.9036618200159,188.61091826935393,189.7409976860947,113291800
2016-12-01,187.97738647460938,188.97047105412133,187.6178062778789,188.97047105412133,79040500
2016-12-02,188.07159423828125,188.55958672629782,187.7120270139356,188.06303777935497,74840300
2016-12-05,189.20162963867188,189.54407080184095,188.7050808077716,188.90198382342916,67837800
2016-12-06,189.80096435546875,189.83521631989439,188.9106092298559,189.3900322254395,59877400
2016-12-07,192.28369140625,192.34361274349058,189.5269963740866,189.64685211186347,110738100
2016-12-08,192.7545623779297,193.22542891322635,191.9926194620121,192.25802646430432,99714400
2016-12-09,193.9188232421875,193.93594921927246,192.94285156103166,192.9771035152016,88005800
2016-12-12,193.6962432861328,194.30409138860358,193.27674174705902,193.8246554596792,102016100
2016-12-13,194.98902893066406,195.485577914432,194.33838529501833,194.3555112774371,110477500
2016-12-14,193.3795166015625,195.3913816792487,192.94288901254768,194.68937324201593,142501800
2016-12-15,194.17567443847656,195.0317904674374,193.3880492594279,193.6192042449696,124972600
2016-12-16,193.7958984375,194.69151431182837,193.47727268966827,194.63122666208193,156420200
2016-12-19,194.21788024902344,194.63985439307436,193.83035994627357,193.97675592107728,90341100
2016-12-20,194.96705627441406,195.11346536640215,194.51926153049286,194.75176579127523,89838800
2016-12-21,194.42454528808594,195.0101291313163,194.42454528808594,194.8378993621479,67909000
2016-12-22,194.08871459960938,194.39873347530573,193.6925742594399,194.27817130921775,56219100
2016-12-23,194.37286376953125,194.38147065827292,193.9422828072615,194.13172634159508,36697800
2016-12-27,194.8551788330078,195.2513060949005,194.62266135476222,194.63988827841183,42672500
2016-12-28,193.24478149414062,195.13072870792,193.13283934987078,195.1135149259041,64095000
2016-12-29,193.20169067382812,193.66671234975908,192.7624896651442,193.3136327930532,48696100
2016-12-30,192.49559020996094,193.6151037253256,191.80665780509864,193.52898224710808,108998300
2017-01-03,193.96815490722656,194.476237389342,192.79697393302524,193.79591197608372,91366500
2017-01-04,195.12216186523438,195.26855788416668,194.28683335580735,194.29544024858183,78744400
2017-01-05,194.96705627441406,195.12207225522394,194.17478887329776,194.8551141585779,78379000
2017-01-06,195.6645965576172,196.12961819114082,194.5364634568541,195.07899964620458,71559900
2017-01-09,195.01876831054688,195.54407769928036,194.9843144691566,195.40628861430002,46939700
2017-01-10,195.01876831054688,195.87131035074572,194.63123486650335,195.03598209095162,63771900
2017-01-11,195.56993103027344,195.56993103027344,194.2695677639523,194.93266630385088,74650000
2017-01-12,195.0790557861328,195.26851250549817,193.72703807825238,195.05322197351856,72113200
2017-01-13,195.52685546875,195.82825431654757,195.21683659025288,195.25127729217894,62717900
2017-01-17,194.83792114257812,195.2943359950259,194.4504008335571,194.88958876507553,61240800
2017-01-18,195.26846313476562,195.31152385833252,194.536470254992,195.0876133518998,54793300
2017-01-19,194.5451202392578,195.483783712224,194.11453921786523,195.34599463170878,66608800
2017-01-20,195.25990295410156,195.75075852737518,194.59680444535826,195.2254491108912,129168600
2017-01-23,194.7518310546875,195.3202012743101,193.99401723548334,195.2599267517825,75061600
2017-01-24,196.00047302246094,196.41382709593856,194.8551260056911,194.9670681283333,95555300
2017-01-25,197.69699096679688,197.69699096679688,196.7841480966616,196.94777099923576,84437700
2017-01-26,197.49034118652344,197.81758704777135,197.21476295804246,197.55061571132043,59970700
2017-01-27,197.18028259277344,197.7141988777078,196.9994327741686,197.5678029008803,59711100
2017-01-30,195.95741271972656,196.51716275501758,194.97568858040952,196.49132894663734,79737300
2017-01-31,195.94020080566406,196.0004884566942,194.89820208042732,195.4665590486064,75880800
2017-02-01,196.01768493652344,196.8530131051667,195.43210109969132,195.94018351228783,79117700
2017-02-02,196.14691162109375,196.43109671472556,195.32881018564632,196.0177294111019,69657600
2017-02-03,197.4989013671875,197.6797511793912,196.74108769868505,197.05110656225563,80563200
2017-02-06,197.1457977294922,197.49027039160933,196.80994509660826,197.09413011524674,57790100
2017-02-07,197.15438842773438,197.7744259870127,196.96493177682785,197.53330172954742,57931200
2017-02-08,197.41278076171875,197.54194980504766,196.61189327221177,197.15442953477168,51566200
2017-02-09,198.58396911621094,198.88536794214565,197.41278823132038,197.41278823132038,65955200
2017-02-10,199.3675994873047,199.5915100054071,198.60116587290565,198.92841162072386,66015900
2017-02-13,200.4526824951172,200.7110337232728,199.8326448036595,199.8584786124461,55182100
2017-02-14,201.2535858154297,201.26220584645884,199.92740192577156,200.27186151936579,71109000
2017-02-15,202.30419921875,202.49365593222012,200.98662225525658,201.03828987887738,86785800
2017-02-16,202.13198852539062,202.51090198813316,201.38278163151736,202.33005214808165,84722400
2017-02-17,202.4505615234375,202.4505615234375,201.45161049863185,201.4688374170702,77204100
2017-02-21,203.65621948242188,203.8284492656725,202.81227120600053,202.82089123635168,88946100
2017-02-22,203.47540283203125,203.6993002727197,203.08788247148524,203.2515053913428,62115200
2017-02-23,203.6131134033203,204.00924050254326,202.8552867574507,203.99202672625512,74615900
2017-02-24,203.8715057373047,203.91455332700036,202.72615864919575,202.76921937918132,82381600
2017-02-27,204.1901397705078,204.36236955714747,203.535661325161,203.78539254474492,56515400
2017-02-28,203.63902282714844,204.05237699644127,203.25150247216814,203.8112526359961,96961900
2017-03-01,206.48944091796875,206.95447579618843,205.27519924075014,205.29242616150023,149158200
2017-03-02,205.18907165527344,206.30858487370685,205.1374040381639,206.2999648439958,70246000
2017-03-03,205.3182830810547,205.4819059958703,204.72407908105768,205.102992538464,81974300
2017-03-06,204.70687866210938,205.05994518838477,204.10405459126903,204.52602881279873,55391500
2017-03-07,204.09542846679688,204.7585269980592,203.88874482138883,204.40544736476315,65103700
2017-03-08,203.7164306640625,204.64648697283724,203.57864162418042,204.3881358081299,78168800
2017-03-09,203.974853515625,204.30209931528373,203.01035617805067,203.83706442731702,90683900
2017-03-10,204.68960571289062,204.9737907605969,203.74232222053638,204.93073003089174,81991700
2017-03-13,204.79293823242188,204.8359989615552,204.30208271311278,204.62931534588895,57256800
2017-03-14,204.00927734375,204.3020824172589,203.39785966792678,204.25040165819996,59880800
2017-03-15,205.7747344970703,206.19670876593702,204.34520188691206,204.5777193934545,96081800
2017-03-16,205.36988830566406,205.98992593114556,205.04265571575678,205.91242451303236,78344000
2017-03-17,205.0092315673828,205.82224755344623,205.0092315673828,205.63196665468863,89002100
2017-03-20,204.78439331054688,205.29468616829985,204.39518711730236,205.0092647739321,52537000
2017-03-21,202.15513610839844,205.510986574851,202.0254050635454,205.3898998671677,131809300
2017-03-22,202.6307373046875,202.91615865814032,201.5669036763305,202.18963877523575,97569200
2017-03-23,202.4145050048828,203.54753285927518,202.04260074013908,202.63073209762806,100410300
2017-03-24,202.26751708984375,203.2881028594989,201.48910466205444,202.7172732379335,112504900
2017-03-27,202.0599365234375,202.3194117347293,200.32147504346014,200.5982389240359,87454500
2017-03-28,203.5302734375,203.9540701538015,201.6447660551732,201.75720838274196,93483900
2017-03-29,203.72052001953125,203.95404898429783,203.01994632268642,203.24483095448198,61950400
2017-03-30,204.36923217773438,204.56817064319617,203.48703497312647,203.66001404084622,56737900
2017-03-31,203.8935546875,204.55952479613492,203.84164908650794,204.03193003110582,73733100
2017-04-03,203.5388946533203,204.14432789174012,202.31072631325307,203.94540265571393,85546500
2017-04-04,203.66867065429688,203.75516679210006,202.8729563368468,203.25351822724852,56466200
2017-04-05,203.06321716308594,205.32062888253068,202.85563437139967,204.34327805151034,108800600
2017-04-06,203.63401794433594,204.15295502034064,202.7604520905961,203.20156378227185,69135800
2017-04-07,203.42645263671875,204.11838199483628,202.9421060452729,203.38320457731362,74412300
2017-04-10,203.54757690429688,204.343291194087,203.01998215593574,203.56487877074764,67615300
2017-04-11,203.3053741455078,203.40915893428013,201.81773058497976,203.16698562884116,88045300
2017-04-12,202.4145050048828,203.2188766525714,202.18963357951134,203.02859575515922,81864400
2017-04-13,201.09986877441406,202.81239709117327,201.09986877441406,202.07721959380586,92880400
2017-04-17,202.88162231445312,202.88162231445312,201.41992462795403,201.61884991623276,68405400
2017-04-18,202.27618408203125,202.81243642547943,201.59291204754348,202.14645306202056,83225800
2017-04-19,201.9042205810547,203.21022752414882,201.67933594893105,202.83832324402883,68699900
2017-04-20,203.54757690429688,203.9886887153188,202.19832166519814,202.51833360852208,92572200
2017-04-21,202.8988800048828,203.52161517502364,202.50102948907167,203.46972277708795,110389800
2017-04-24,205.13034057617188,205.3379233603899,202.87292893794245,205.13898490980165,119209900
2017-04-25,206.3239288330078,206.669886959925,205.68389178100873,205.77038791146632,76698300
2017-04-26,206.1941680908203,207.17151885724383,206.15093322651757,206.28930854770627,84702500
2017-04-27,206.3671875,206.66989757723962,205.83093521903572,206.5142203713662,57410300
2017-04-28,205.9174041748047,206.65256843460105,205.7876599895779,206.6266222370468,63532800
2017-05-01,206.43637084960938,206.86018079937156,206.02121843190722,206.43637084960938,66882500
2017-05-02,206.51425170898438,206.69587514339725,206.10774356868606,206.57478845463555,57375700
2017-05-03,206.26339721679688,206.60936857189026,205.588769571187,206.5142280989218,73137700
2017-05-04,206.5055389404297,206.6439274612729,205.65793234581244,206.5660888673445,61462700
2017-05-05,207.31854248046875,207.33584434389297,206.43633221020283,206.87744394406326,62001300
2017-05-08,207.28399658203125,207.50886806514407,206.8601866203432,207.36183518801747,48385700
2017-05-09,207.09365844726562,207.7423397129345,206.74768718710308,207.54341448674987,51363200
2017-05-10,207.46559143066406,207.46559143066406,206.8428562736012,207.05043905844082,54293800
2017-05-11,207.04180908203125,207.20614381507636,205.96067341458388,207.01586288180906,62358300
2017-05-12,206.69583129882812,207.08503748747037,206.4277117732625,206.79097176249238,53912700
2017-05-15,207.8375244140625,207.9586110815385,207.10234687745015,207.11964874350585,61918900
2017-05-16,207.64720153808594,208.15749430527327,207.25799541391686,208.13154811015895,51241800
2017-05-17,203.96278381347656,207.6472902661025,203.90223386736722,207.6472902661025,172174100
2017-05-18,204.78439331054688,205.631999962106,203.62540586744421,203.88488106209277,107047700
2017-05-19,206.11636352539062,206.78234683353799,205.21686440061802,205.26875680431252,115011400
2017-05-22,207.1628875732422,207.32722229980186,206.55745426285634,206.6266353290807,61010600
2017-05-23,207.6212921142578,207.78562684405628,207.15423412457204,207.53479598358814,48341700
2017-05-24,208.10562133789062,208.2094061280343,207.51747673301352,207.85480369589155,46927700
2017-05-25,209.10031127929688,209.3770883831444,208.40839491459548,208.61596454502242,64071700
2017-05-26,209.0570831298828,209.2214046934374,208.83219842640756,208.9100370403217,46629900
2017-05-30,208.8754425048828,209.1262602107397,208.58137672630332,208.73705395115405,35201900
2017-05-31,208.823486328125,209.20404813593743,208.13155696823463,209.16944440934273,91796000
2017-06-01,210.484130859375,210.5014327244796,208.9964871993291,209.28190858500193,68962000
2017-06-02,211.1846923828125,211.34038276481593,210.2419453498353,210.5360110522851,88666100
2017-06-05,211.02902221679688,211.2971417307393,210.8300837666508,211.01172035211985,44698800
2017-06-06,210.35440063476562,211.0203706729839,210.27654884023806,210.4668297647165,50375400
2017-06-07,210.7436065673828,210.96847802447388,210.025730934513,210.6917141693969,54144300
2017-06-08,210.84739685058594,211.32309917359729,210.3198021282382,210.83875251651543,65950700
2017-06-09,210.5273895263672,211.91123526293748,209.2646172592581,211.11552099498175,132256400
2017-06-12,210.484130859375,210.53602325723256,209.63652423363692,210.28520560176892,86108100
2017-06-13,211.51339721679688,211.565289620332,210.6744348330919,211.02039298829786,60067000
2017-06-14,211.24525451660156,211.79013789146447,210.42358089248344,211.78149355764182,78602300
2017-06-15,210.8387451171875,210.95983177720848,209.61922098575457,209.89598483832128,66464900
2017-06-16,210.8848114013672,211.04994752534736,210.00699858556482,210.99780206763052,84553100
2017-06-19,212.6404571533203,212.7012891020136,211.61488115848746,211.71048558799038,65123800
2017-06-20,211.20639038085938,212.2927983226885,211.18901740229742,212.2841118334075,56906400
2017-06-21,211.15423583984375,211.71047615166384,210.68491346435795,211.59749874860742,55977600
2017-06-22,211.0586395263672,211.65833882940308,210.8848169088331,211.16294370634014,44148100
2017-06-23,211.31069946289062,211.64095846683273,210.7370728734632,211.11949059974816,66986800
2017-06-26,211.44976806640625,212.3971259753546,211.24118620608652,211.97993573108084,56700500
2017-06-27,209.74623107910156,211.5279424723989,209.72884484149196,211.23242948028994,82247700
2017-06-28,211.62356567382812,211.82346100773714,210.52845805803364,210.76312587024884,70042600
2017-06-29,209.76364135742188,211.82346647947858,208.55555631046235,211.77132102248703,106949700
2017-06-30,210.15472412109375,210.94563216967157,209.96351529040868,210.57190099630944,86820700
2017-07-03,210.5111083984375,211.52798468158704,210.5111083984375,211.09342148732742,39153800
2017-07-05,210.99781799316406,211.20639983977458,210.06784638763787,210.87614082870252,54427600
2017-07-06,209.06837463378906,210.3546780937602,208.88585224021858,210.23300091865235,65400800
2017-07-07,210.4241180419922,210.57186788577764,209.07696995101577,209.64190986623126,57972300
2017-07-10,210.6501007080078,211.02383184860827,210.119933226095,210.42413268328576,36663300
2017-07-11,210.49368286132812,210.80656883325656,209.32905690096658,210.65011921638546,50354600
2017-07-12,212.0754852294922,212.24062133400898,211.45841303681908,211.45841303681908,59610400
2017-07-13,212.43186950683594,212.54486018070784,211.85824290969333,212.08422425743714,39471600
2017-07-14,213.42263793945312,213.77898288163507,212.33623013656714,212.43183455369368,60262700
2017-07-17,213.3966064453125,213.72687872498506,213.2227838156278,213.34446098258874,33531900
2017-07-18,213.50958251953125,213.56172797868854,212.64914265798896,212.988101404327,42742500
2017-07-19,214.66549682617188,214.67418331440118,213.81374355439402,213.8224433044374,51034300
2017-07-20,214.76116943359375,215.039283025191,214.21361547956835,214.9176058422763,47135200
2017-07-21,214.56993103027344,214.5960037614684,213.96153193754682,214.18751329032523,82340800
2017-07-24,214.517822265625,214.65687243518013,214.0484865001929,214.49173626815102,46622300
2017-07-25,215.03927612304688,215.36954843542247,214.81330800826342,215.26524423783036,54915600
2017-07-26,215.04794311523438,215.36082915600542,214.78721579943908,215.32606993450494,47575400
2017-07-27,214.8480682373047,215.54337208995847,213.5269922434443,215.50861286514385,70766600
2017-07-28,214.59597778320312,214.7263414233966,213.9180603305673,214.36999645778127,50088400
2017-07-31,214.47430419921875,215.09137645548512,214.26570910962465,214.9957720304814,65838700
2017-08-01,214.95233154296875,215.10876791760106,214.43085043723022,215.074008699399,55050400
2017-08-02,215.05661010742188,215.19567349587365,214.12663861669216,215.08268283502977,47211200
2017-08-03,214.63941955566406,214.9696785049686,214.3612927964457,214.9436057790186,40856000
2017-08-04,215.0305633544922,215.36082236469053,214.64814562096288,215.1261677878745,60191800
2017-08-07,215.4303436279297,215.4303436279297,214.9957804539439,215.1000846337351,31995000
2017-08-08,214.90020751953125,216.3342741609409,214.52648950080535,215.11748913836746,61719400
2017-08-09,214.89151000976562,214.94365547372158,213.85724743524958,214.21359245470444,62632600
2017-08-10,211.85821533203125,214.18748063761373,211.80606987759083,214.05710373969825,120479500
2017-08-11,212.17117309570312,212.76218605686148,211.8496005099931,212.08426839617502,74869900
2017-08-14,214.2744598388672,214.49174148248898,213.4140330176891,213.44879224546818,73291900
2017-08-15,214.2483367919922,214.67421348773985,213.94415051944327,214.65682724702344,55242700
2017-08-16,214.62203979492188,215.16959358002424,214.19616315519622,214.76978966703544,56715500
2017-08-17,211.27589416503906,214.32653575018128,211.27589416503906,214.01364977380297,128490400
2017-08-18,210.94569396972656,212.23199744787698,210.50243097699823,211.11081686113576,136748000
2017-08-21,211.11074829101562,211.3714888029037,210.18079015485125,210.88478025367974,65469700
2017-08-22,213.31832885742188,213.47476520203688,211.67568092989995,211.69306716657258,63140100
2017-08-23,212.5535430908203,212.97941978670568,212.205897847276,212.35364773887312,50203800
2017-08-24,212.0581512451172,213.09240050234038,211.8495561386653,212.93596411886358,50741700
2017-08-25,212.5535430908203,213.46612843239413,212.40579319922318,212.8490428740146,64445900
2017-08-28,212.56222534179688,213.10976589220928,212.1450351697119,213.08369316418083,40565600
2017-08-29,212.80560302734375,213.0663303362766,211.1368686792757,211.24985935435748,51135700
2017-08-30,213.8137664794922,214.0832067852587,212.6056813953853,212.7882037622832,62030800
2017-08-31,215.10008239746094,215.3434367114177,213.848538347503,214.43085140317208,103803900
2017-09-01,215.4042510986328,215.83012774424623,215.25650122447658,215.47378279149711,62007000
2017-09-05,213.8572540283203,215.1261844915753,212.8925231299425,214.90020312504348,91398800
2017-09-06,214.58726501464844,214.91753723218903,214.0049520207523,214.53511956173446,57916900
2017-09-07,214.5612335205078,214.90889204310074,214.1527430450965,214.89150580151696,58034700
2017-09-08,214.3091278076172,214.76976360649286,214.06577354639276,214.27435533497794,63832800
2017-09-11,216.594970703125,216.67318888716122,215.56070828593013,215.57808126339495,71364800
2017-09-12,217.3250274658203,217.3597866815819,216.7774736694203,216.95999602215846,56896000
2017-09-13,217.4293212890625,217.4640937671046,216.92522645196908,217.03821711288396,59228000
2017-09-14,217.35977172851562,217.5596803062893,216.93390837111423,217.10773096159318,95446300
2017-09-15,217.65237426757812,217.73971021423142,217.1108460843923,217.2156545514275,95432400
2017-09-18,218.11534118652344,218.46471170061017,217.73102562444956,218.01926229600497,46235200
2017-09-19,218.33370971679688,218.4210590125854,218.0105413121157,218.35991184000716,47108100
2017-09-20,218.4122772216797,218.52582862047296,217.41655673397517,218.42102014628162,59574100
2017-09-21,217.8270721435547,218.3423982399205,217.6523869124714,218.25506228819327,48211400
2017-09-22,217.87074279785156,218.03669842901505,217.50389982099844,217.53010193880021,51214000
2017-09-25,217.42526245117188,217.96680393948392,216.68284696114102,217.61742018450397,57064400
2017-09-26,217.5563507080078,218.0978790288707,217.32051826959304,217.85331699185963,54082000
2017-09-27,218.40357971191406,218.78789527725007,217.37291402963743,218.25509657578533,81001400
2017-09-28,218.66561889648438,218.74422526534195,218.0367412903613,218.12407725765934,44778800
2017-09-29,219.43423461914062,219.5128543148782,218.47345902225527,218.65687388117044,85578000
2017-10-02,220.38629150390625,220.38629150390625,219.48663643311738,219.66133501937134,59023000
2017-10-03,220.8579559326172,220.88415805655924,220.30768467457054,220.3863043740284,66810200
2017-10-04,221.1199951171875,221.3645571641749,220.59592597213907,220.70947739668037,55953600
2017-10-05,222.43014526367188,222.44760446083976,221.15491750595024,221.4518837893815,63522800
2017-10-06,222.1768341064453,222.4650707832565,221.7226550953771,221.9846763219045,80646000
2017-10-09,221.80999755859375,222.46507729936198,221.54796299676016,222.40394345392528,35803100
2017-10-10,222.39520263671875,222.77078862202265,221.836201785734,222.37774343936067,43057400
2017-10-11,222.7445526123047,222.7445526123047,222.13314760699538,222.29908992244182,47674300
2017-10-12,222.41265869140625,222.77950172323375,222.1768262682205,222.43013121510202,47065100
2017-10-13,222.6834259033203,222.96293297578225,222.41266175664202,222.84938156164074,54800400
2017-10-16,222.98040771484375,223.17256550864792,222.56990333095123,222.91054426948924,38221700
2017-10-17,223.13760375976562,223.18127840295898,222.70961358067885,222.9279734690156,31561000
2017-10-18,223.3560028076172,223.55689020837087,223.1638450059807,223.51321555752034,40888300
2017-10-19,223.41708374023438,223.45202878369093,222.1593420560092,222.57858928408425,61903800
2017-10-20,224.57003784179688,224.59626661827306,223.39964532969876,224.2119510702714,89176400
2017-10-23,223.6966552734375,224.91949232251636,223.61804888975684,224.8932901946228,63915300
2017-10-24,224.08966064453125,224.32547973958586,223.73154721149646,224.1246056918486,66935900
2017-10-25,222.98040771484375,223.8713199108784,221.85367640356625,223.75776848882185,103715300
2017-10-26,223.26864624023438,223.86257882405025,223.14636521841157,223.5918279839053,69798000
2017-10-27,225.0941162109375,225.2513555999806,223.27737353607554,224.01105961565028,85562500
2017-10-30,224.25559997558594,224.99802890928333,223.95863373315882,224.01103797268954,54285700
2017-10-31,224.60498046875,224.858285407945,224.30801421308635,224.63118258968325,60304800
2017-11-01,224.90196228027344,225.7229976666513,224.5351325618353,225.38237007095873,54202700
2017-11-02,224.9892578125,225.1290113188359,223.76644795113071,224.83204511359307,56449500
2017-11-03,225.74046325683594,225.7841245724056,224.73598644613577,225.14650410247782,59589700
2017-11-06,226.08984375,226.22085435776503,225.53957254212585,225.6094359811802,49652600
2017-11-07,225.9326171875,226.5265496765108,225.4260073281454,226.1946383869873,57502200
2017-11-08,226.31689453125,226.4129867363392,225.47840008035098,225.75790711573666,50469600
2017-11-09,225.4959259033203,225.68808369230456,223.91497561583995,225.11161032535176,95085500
2017-11-10,225.42599487304688,225.60069343322567,224.79711737376437,225.11156945103457,59984700
2017-11-13,225.63563537597656,225.86273819686548,224.70979155194425,224.74473659867962,50228600
2017-11-14,225.1116180419922,225.2164265386195,224.05473683871833,224.83211094747693,61315200
2017-11-15,223.98483276367188,224.66611452343398,223.2773488845058,224.1420454800957,80811500
2017-11-16,225.88888549804688,226.25574176158574,224.88443555407133,224.92809686044907,67777000
2017-11-17,225.2251434326172,225.8627639958813,225.14653705992936,225.53959557863226,75756800
2017-11-20,225.6094512939453,225.80160908346332,225.22513571490924,225.46972440635292,48075500
2017-11-21,227.0855255126953,227.2689669982189,225.57449224745827,226.3780416549843,69176800
2017-11-22,226.88470458984375,227.22533221148802,226.71874891472385,227.0943215877787,45033400
2017-11-24,227.40870666503906,227.51354180063734,227.2340347495609,227.37378827509912,27856500
2017-11-27,227.29519653320312,227.74937552896802,227.09429582945995,227.45240926382237,52274900
2017-11-28,229.60105895996094,229.62726108124528,227.66202201913927,227.75811423402223,98971700
2017-11-29,229.46131896972656,230.26489516197006,229.01588288160568,229.73208312406396,77512100
2017-11-30,231.47019958496094,232.37855743063676,230.29979390840188,230.37840026108975,127894400
2017-12-01,230.9897918701172,231.7322207413393,227.75808186488112,231.25183970097865,164390900
2017-12-04,230.71034240722656,233.03366822283851,230.65791150982508,232.60569136026692,94040600
2017-12-05,229.8805694580078,231.59250360309943,229.74955884962907,229.8805694580078,77994500
2017-12-06,229.92420959472656,230.35221308301692,229.46128771759268,229.9766138332505,75898600
2017-12-07,230.64923095703125,230.96365645856784,229.6622398184337,230.64923095703125,77218600
2017-12-08,231.90695190429688,231.91566817453804,230.61425172727832,231.60124271960038,76563900
2017-12-11,232.60565185546875,232.6667990126684,231.8807088587994,232.60565185546875,83077500
2017-12-12,233.01617431640625,233.48783908067503,232.64060175192208,233.3917468808904,85195800
2017-12-13,232.99005126953125,233.69753532840642,232.90270196424402,233.2608154572358,102905400
2017-12-14,232.0379180908203,233.40048144523197,231.98551385836262,233.28693005648842,100666700
2017-12-15,233.97018432617188,234.43547233615615,232.98693621386562,233.03960830620332,144610300
2017-12-18,235.45388793945312,235.80504421757664,235.26074796775922,235.36609217204557,83653600
2017-12-19,234.5496368408203,235.74357348896925,234.47938951357304,235.69968900306878,82382900
2017-12-20,234.42674255371094,235.5680072245659,234.1282583596644,235.51533511923463,76751500
2017-12-21,234.90956115722656,235.6206881078484,234.66374908730396,235.05002902454035,67032300
2017-12-22,234.84815979003906,234.96229162203662,234.31262429947589,234.92716795261202,78720900
2017-12-26,234.56723022460938,234.7867062791785,234.30386967573068,234.44431077412563,45244400
2017-12-27,234.68138122558594,235.04132519945648,234.4092330390153,234.73405333966332,57751000
2017-12-28,235.16421508789062,235.20812637677773,234.79551029370862,235.18179032005045,45116100
2017-12-29,234.2774658203125,235.76112583281383,234.08435264594527,235.74357739646385,96007400
2018-01-02,235.95428466796875,235.9894083349834,234.7515602899202,235.13784025255728,86655700
2018-01-03,237.4467010498047,237.595956521271,236.12105740806095,236.12105740806095,90070400
2018-01-04,238.4475555419922,238.93041894439426,237.50821837550382,238.08763838347974,80636400
2018-01-05,240.0365753173828,240.15946797234622,238.7460550869637,239.23767928983673,83524000
2018-01-08,240.47547912597656,240.6334954184191,239.65024721010417,239.93994374624884,57319200
2018-01-09,241.01974487304688,241.6430491421475,240.61588978805125,240.8968254667871,57254000
2018-01-10,240.65106201171875,240.9144493105008,239.59759319110952,240.2647820733768,69574300
2018-01-11,242.40687561035156,242.40687561035156,241.03734735877387,241.20415128096022,62361500
2018-01-12,243.9871368408203,244.15391398365108,242.37176960389846,242.6702805959339,90816100
2018-01-16,243.15304565429688,245.89210155142328,242.45949406768443,245.2424612349641,106555100
2018-01-17,245.47071838378906,245.8569982773587,243.15306581387438,244.08364188706403,113258800
2018-01-18,245.05813598632812,245.777996906449,244.56648509700818,245.35662013203756,100728000
2018-01-19,246.17312622070312,246.1731262207031,245.05819750318747,245.63759071344802,140920100
2018-01-22,248.1746368408203,248.1746368408203,245.90962994710182,245.96232882529188,91322400
2018-01-23,248.7014617919922,248.99115835882742,247.89377822587898,248.21859845859058,97084700
2018-01-24,248.60487365722656,249.939305019952,247.42848539217053,249.34230987749274,134816100
2018-01-25,248.71022033691406,249.56178838394288,247.92011200672914,249.4652317930512,84587300
2018-01-26,251.58970642089844,251.6336176940361,249.28960231997522,249.54420197136452,107743100
2018-01-29,249.9217529296875,251.45808522868774,249.76373660889539,251.0191331432591,90118300
2018-01-30,247.3583526611328,249.97449063019914,246.8842767828493,248.09578914317598,131796400
2018-01-31,247.48114013671875,248.71020041762685,246.4100961508907,248.2098154832068,108364800
2018-02-01,247.2001953125,248.49950287103297,246.41008707469774,246.75248249293085,90102500
2018-02-02,241.8186798095703,246.01506007123515,241.78355614616368,245.88335303133664,173174800
2018-02-05,231.70521545410156,242.16984378788024,231.16091921572408,240.0628793719165,294681800
2018-02-06,236.27035522460938,236.7707670349998,227.11382109691172,228.20241370210414,355026800
2018-02-07,234.9886016845703,239.10594725573497,234.9095667392294,235.7172502975997,167376100
2018-02-08,226.17446899414062,235.4275869953834,226.13934532363862,235.28711910488605,246449500
2018-02-09,229.57192993164062,231.42429478550562,222.039510890829,228.95738632420708,283565300
2018-02-12,232.94305419921875,234.4091657307602,229.7123737697383,231.61741052872057,143736000
2018-02-13,233.5225372314453,234.0668335954932,231.1609725875507,231.74039262423426,81223600
2018-02-14,236.67420959472656,237.03415356141238,232.03008849184434,232.03887610785276,120735700
2018-02-15,239.69415283203125,239.7029404462211,235.9542728320571,238.41242036112484,111200300
2018-02-16,239.76443481445312,241.70462264214956,239.02699840420507,239.07090969490068,160420100
2018-02-20,238.26324462890625,240.25610472857488,237.47313604104693,238.8163286778625,86369700
2018-02-21,237.07797241210938,241.17779601748344,236.98141582880206,238.70210022472662,98883700
2018-02-22,237.38528442382812,239.71172513772538,236.71809546663133,237.9998280651637,110511300
2018-02-23,241.1690673828125,241.1690673828125,238.1315262000043,238.60560199341734,92766400
2018-02-26,243.96951293945312,244.06609630972784,241.6518603424057,242.2400410112022,86491400
2018-02-27,240.92324829101562,244.86505645092993,240.8617885657484,244.15392938564298,99099200
2018-02-28,238.482666015625,242.46835850910344,238.1666333695874,242.02061880237406,121907800
2018-03-01,235.01492309570312,239.81705928396283,233.52247550556922,238.27193959455408,176855100
2018-03-02,236.22645568847656,236.78832724910447,232.48660193015064,233.34693091903503,139083200
2018-03-05,238.95675659179688,239.57130027476285,234.93594018007119,235.04131119345968,97307400
2018-03-06,239.56243896484375,240.01017856159976,238.06999150332558,239.93114362799335,79213200
2018-03-07,239.4746856689453,239.82584195994448,237.20970481921924,237.40284479799493,87063500
2018-03-08,240.63352966308594,240.75642231086204,239.15865714072376,240.15066631212258,66901200
2018-03-09,244.82118225097656,244.82118225097656,241.72218096140145,242.038240459574,113625300
2018-03-12,244.51380920410156,245.73410860789863,244.12752930588547,245.11080427775596,71924800
2018-03-13,242.93359375,246.17306162396162,242.32783785216952,245.67264991853583,91968900
2018-03-14,241.68698120117188,244.07488135752644,241.13392413862624,243.89052900334457,105895100
2018-03-15,241.4236297607422,242.83704251505435,240.92321798909455,242.1961896626177,83433000
2018-03-16,241.6854705810547,242.73436294881552,241.63258751199234,241.9498859263665,100343700
2018-03-19,238.41531372070312,241.8616695320334,236.76706244111185,240.9361891885773,109208400
2018-03-20,238.82077026367188,239.45539376753695,238.1420596185855,238.81194745566663,59757300
2018-03-21,238.3624267578125,240.86565656743832,238.15089454536155,238.77669527306645,78709600
2018-03-22,232.404052734375,236.98742117685686,232.1307877527902,236.14126540111988,148785900
2018-03-23,227.45050048828125,233.17093659771976,227.25658694391362,232.84481538646813,183534800
2018-03-26,233.67330932617188,233.955370261597,228.6492300456166,231.04669419910772,141956100
2018-03-27,229.69810485839844,235.13645231917573,228.1467967301256,234.60762172890932,129941400
2018-03-28,229.01937866210938,231.49619395397707,227.91760350865525,229.83029701052686,146452300
2018-03-29,231.94573974609375,233.80555051179851,229.0282407907725,230.1564576656507,111601600
2018-04-02,226.9392547607422,231.92809620608446,224.4712755675117,231.41685743848606,186286300
2018-04-03,229.8479766845703,230.32395120875591,226.38400113918595,228.1732833869567,119956900
2018-04-04,232.30709838867188,233.01222376677336,226.17242152300034,226.30462916904324,123715300
2018-04-05,234.14047241210938,235.02189260297175,232.97699130445676,234.06112092397936,82652600
2018-04-06,228.92250061035156,233.6733424388094,227.4064564911248,232.18376675366508,179521200
2018-04-09,230.0507049560547,233.4353557781252,229.11640156292754,230.3768261726803,105442900
2018-04-10,233.70855712890625,234.4930340065151,231.79589038705828,232.93290306078362,103529000
2018-04-11,232.4833984375,234.1404727021837,232.15727727028641,232.22777905016653,91140200
2018-04-12,234.3960418701172,235.3391678373889,233.6292106832202,233.80550546359493,68890500
2018-04-13,233.70855712890625,235.81516428659432,232.70375210342695,235.7005753585113,85079200
2018-04-16,235.63003540039062,236.39689352112617,234.51946430947865,235.33917858817293,63405300
2018-04-17,238.1509246826172,238.75028395961277,236.88167744967973,237.3928893273972,64682000
2018-04-18,238.32720947265625,239.12927814561803,237.8688537751826,238.59162476057676,57303900
2018-04-19,237.00509643554688,237.87769384781993,235.97382294019738,237.67495751316204,77655900
2018-04-20,234.99546813964844,237.15495877080377,234.1140477838813,236.934603681862,99953100
2018-04-23,234.96023559570312,236.12371694531072,233.8849016632746,235.56841780577912,65558000
2018-04-24,231.79588317871094,236.20298397525707,230.2974581483618,235.98262893542974,112885500
2018-04-25,232.36878967285156,232.80949973120806,229.91844282434178,231.73416611286592,103840900
2018-04-26,234.73098754882812,235.55952460486205,232.95052860863134,233.3912386640193,67731900
2018-04-27,234.9513397216797,235.6388463237789,234.0170365675143,235.33916671761327,57053600
2018-04-30,233.14453125,236.12373666730835,233.07400255083985,235.56843748139593,82182300
2018-05-01,233.5587921142578,233.66455826063844,231.02909291884416,232.58040146260402,74203400
2018-05-02,231.98985290527344,234.17575821480935,231.6020257892948,233.36486653508314,86368900
2018-05-03,231.47857666015625,232.1308190231915,228.3318999811481,231.1612782885642,136311500
2018-05-04,234.4753875732422,235.15409832989712,230.18287558263515,230.50899674677927,91222100
2018-05-07,235.2686767578125,236.23821739751983,234.5547016940085,235.24223522943518,55304900
2018-05-08,235.2686767578125,235.63003534603325,233.70854588712598,234.89846846172185,67499200
2018-05-09,237.54273986816406,237.86886103281918,235.41851399436158,235.9385486756778,59666100
2018-05-10,239.7638702392578,240.09001824992728,238.17732492253143,238.28309102380584,72063900
2018-05-11,240.49546813964844,240.75988339745433,239.3760474510574,239.8872861478894,59871500
2018-05-14,240.61007690429688,241.579617528788,240.06357382839562,240.92737523984502,54790600
2018-05-15,238.95298767089844,239.40249361788256,238.00986173509827,239.38487489995578,87036100
2018-05-16,239.95777893066406,240.41613455876956,238.96176999888644,238.98823842248126,53942600
2018-05-17,239.7551727294922,240.8305066984586,238.9795184700651,239.69346684548864,56536400
2018-05-18,239.15579223632812,239.77279729375869,238.80322944586064,239.41141169141412,64368000
2018-05-21,240.953857421875,241.4915377795711,240.2487319580376,240.63655903279187,58025900
2018-05-22,240.28395080566406,241.72949286311118,239.9578296314086,241.47387347025818,52966400
2018-05-23,240.945068359375,240.97153679431813,238.85610630888422,239.01478242446296,64694200
2018-05-24,240.451416015625,240.82162432927402,238.67095692322204,240.54838622347975,76043800
2018-05-25,239.87850952148438,240.5043103513088,239.3760935361218,239.87850952148438,56374800
2018-05-29,237.11965942382812,239.01473442804837,236.0090882306861,238.25669904659816,115908600
2018-05-30,240.28395080566406,240.72466091115743,238.35366529050847,238.42416707191094,69678400
2018-05-31,238.81195068359375,240.17814100262822,238.2125915048435,239.8784614132531,93519900
2018-06-01,241.15652465820312,241.45620423939144,240.03710400918308,240.1076326746418,71258400
2018-06-04,242.30245971679688,242.5580791614445,241.73836465484743,241.9763384764614,45385200
2018-06-05,242.478759765625,242.85776408557587,241.6678411543008,242.43467260590893,51135000
2018-06-06,244.5059356689453,244.61170177943262,242.4698573456426,243.0868621885617,62732200
2018-06-07,244.47947692871094,245.28157240851118,243.57161534586987,244.99071562514888,72969400
2018-06-08,245.20230102539062,245.2551840883835,243.85372912145007,244.02120112053123,72139700
2018-06-11,245.5284423828125,246.24239069067596,245.30808730263703,245.42267624813843,58892500
2018-06-12,245.8457489013672,246.20710753428884,245.2023024328456,245.94269221780678,72329000
2018-06-13,245.06126403808594,246.33933412363743,244.85852770279948,246.083714726765,79070600
2018-06-14,245.6782989501953,246.20712963062033,245.0877354919689,245.92509556733162,77097600
2018-06-15,245.36480712890625,245.7012550888403,243.78883538468264,244.89555787415404,120041600
2018-06-18,244.86013793945312,244.98410382907056,243.43469232640646,243.91277699312204,52917600
2018-06-19,243.9216766357422,244.1430211698944,242.17748062583885,242.59360943082888,97531500
2018-06-20,244.33782958984375,245.00186325793013,244.00138154154413,244.60343224923864,53785500
2018-06-21,242.80609130859375,244.34666763816736,242.3102817141276,244.32894278291016,71061400
2018-06-22,243.24876403808594,244.17842722996417,243.02741951900938,244.06332375690923,54898500
2018-06-25,239.93746948242188,242.25715582365535,238.2552564656156,242.09779424744752,137854200
2018-06-26,240.46873474121094,241.3186902838372,239.7515805303076,240.50415743620357,68547400
2018-06-27,238.47659301757812,242.47849224175374,238.326066854242,241.05304649180533,105110700
2018-06-28,239.8401336669922,240.60154601339443,237.7152041932357,238.42352302435475,76650500
2018-06-29,240.18540954589844,242.29261409496888,240.07030605075767,240.92912403034688,97592500
2018-07-02,240.69883728027344,240.85822584666744,238.3791513670578,238.6182207068534,63554800
2018-07-03,239.84886169433594,241.6904628111467,239.42389760552464,241.59305719440172,42187100
2018-07-05,241.8056182861328,241.86760124254315,239.90206063048137,240.97338766695466,56925900
2018-07-06,243.8508758544922,244.22271956770294,241.4514814771822,241.83221463826726,66493700
2018-07-09,246.0465545654297,246.09967508683505,244.80703069998145,244.85128879462133,50550400
2018-07-10,246.93186950683594,247.02927511758114,246.2058532070515,246.49804301970013,51966800
2018-07-11,245.1257781982422,246.1705449354682,244.82475287381996,245.38254542362452,77054700
2018-07-12,247.34808349609375,247.40120402224898,245.7809739353221,246.3830245781455,60124700
2018-07-13,247.54281616210938,247.84384142076897,246.71942115875308,247.17097255653775,48216000
2018-07-16,247.321533203125,247.72879959326502,246.87884412092146,247.5871628642055,48201000
2018-07-17,248.32200622558594,248.71157476595965,246.49812943183477,246.55124995828604,52315500
2018-07-18,248.84442138671875,248.9506624589636,247.95904309187677,248.40173223929776,44593500
2018-07-19,247.90586853027344,248.56103967940436,247.42775678976406,248.18033358029288,61412100
2018-07-20,247.62249755859375,248.33081612745139,247.46313601294727,247.70217833141697,82337700
2018-07-23,248.0829315185547,248.28655117021037,247.07358760835706,247.41889800487505,47047600
2018-07-24,249.3313446044922,250.1724647113452,248.46369125173717,249.49073321709503,68026900
2018-07-25,251.45628356933594,251.77500676757114,249.03919123765357,249.08344934198635,78882900
2018-07-26,250.86305236816406,251.54478384538666,250.64170782132058,250.73911347212268,57919500
2018-07-27,249.16317749023438,251.2880800439711,248.24237647642775,251.19067437905215,76768700
2018-07-30,247.86155700683594,249.4021059257977,247.33916026207643,249.24274438650986,63742500
2018-07-31,249.0834503173828,249.6943634693256,248.24235719456868,248.62306335604032,68570500
2018-08-01,248.66720581054688,249.79165295372192,248.02089728342392,249.28698110298606,53853300
2018-08-02,250.02194213867188,250.19013912469651,247.1621610627142,247.36580775888575,63426400
2018-08-03,251.0933074951172,251.14642803497867,249.9688596889752,250.14594616824888,53935400
2018-08-06,252.01400756835938,252.32386825352035,250.73906108335714,251.12862956597405,39400900
2018-08-07,252.8462371826172,253.22697025725319,252.54521190516917,252.67804022075435,43196600
2018-08-08,252.73992919921875,253.13836000125204,252.27954248852805,252.67797329056134,42114600
2018-08-09,252.39471435546875,253.19154915600424,252.26191305864492,252.80198067225936,35717000
2018-08-10,250.7036895751953,251.5005245360856,249.99537081693893,250.9604568137881,77076000
2018-08-13,249.7651824951172,251.589059329678,249.47299257350093,250.97814624222252,65732900
2018-08-14,251.35877990722656,251.5978492322892,250.10155842269168,250.49112685948566,43842000
2018-08-15,249.48184204101562,250.15473804896044,248.0475338300558,250.0130743094144,102925400
2018-08-16,251.50047302246094,252.36815319125307,250.88069761338195,250.91612029893878,69967900
2018-08-17,252.38580322265625,252.82849213969868,250.88951252148593,251.2967787596805,65618500
2018-08-20,252.9259796142578,253.19158224261395,252.38588491047236,252.83743639827378,39807500
2018-08-21,253.51914978027344,254.37796757696117,252.96135728082962,253.43946899743776,67272000
2018-08-22,253.3686981201172,253.89106802965605,252.8463011909792,253.11193086980177,44993300
2018-08-23,253.0322723388672,254.0504519816224,252.71352210014993,253.19163394842508,49204900
2018-08-24,254.55503845214844,254.6967021750704,253.55455698498164,253.60767750362834,57487400
2018-08-27,256.56488037109375,256.6711214264323,255.5909589978284,255.75032058083627,57072400
2018-08-28,256.6888122558594,257.13150127415275,256.22839838429445,257.02523321330386,46943500
2018-08-29,258.0700378417969,258.3002177918885,256.6622897986318,256.9013321766645,61485500
2018-08-30,257.025390625,257.9638897569855,256.43220210816895,257.5920458848607,61229500
2018-08-31,257.0341491699219,257.4768382804098,256.1310731115822,256.6180203252793,66140800
2018-09-04,256.59149169921875,256.9456376273583,255.59100986301283,256.61805196833916,57594400
2018-09-05,255.90086364746094,256.44095840721263,254.8915465355231,256.2373116913065,72452400
2018-09-06,255.1305389404297,256.3080798435855,254.10349717291962,256.0070545527005,65909900
2018-09-07,254.63473510742188,255.6086563759925,253.84673566570757,254.08580503411685,73524800
2018-09-10,255.0774383544922,255.90969593769657,254.88265408992106,255.64406629350196,50210900
2018-09-11,255.91847229003906,256.36116124194683,254.08576056402885,254.43104389633044,50530500
2018-09-12,255.9805908203125,256.58264162911047,255.1926181187159,255.9274702795129,59810800
2018-09-13,257.49462890625,257.6805778537731,256.7597766066588,257.0431042241722,51034200
2018-09-14,257.5387268066406,257.8840101360217,256.75958993473887,257.6980883432781,55079900
2018-09-17,256.1753234863281,257.5210886145558,255.90085840767378,257.4856929408959,68244000
2018-09-18,257.5653381347656,258.15852631195645,256.36120990681127,256.38777016818403,61930400
2018-09-19,257.8398742675781,258.2560031568843,257.4945637549275,257.61852968857704,49080600
2018-09-20,259.9292907714844,260.2480409377501,257.85750925934076,259.0970602153132,100360600
2018-09-21,259.69183349609375,260.78578814845525,259.53175051533134,260.670163615046,105479700
2018-09-24,258.8291015625,259.25601660965026,258.2510060962114,259.1137115939335,53409600
2018-09-25,258.5890197753906,259.3894618716786,258.3488952890775,259.2827398777616,44370000
2018-09-26,257.8152160644531,259.91415398039527,257.3972035619519,258.7312825518188,79739700
2018-09-27,258.5356140136719,259.6206660004718,258.0108795398294,258.2865870236804,59249500
2018-09-28,258.5623474121094,259.0604014939994,257.8775298349885,257.9130857394722,70091400
2018-10-01,259.4605712890625,260.5278181370274,258.79353183087005,259.79851514867977,62078900
2018-10-02,259.3094482421875,260.0209463727001,258.9359212233382,259.3094482421875,47258200
2018-10-03,259.4516906738281,260.77686715736866,259.09594169443756,260.35885464256023,64694600
2018-10-04,257.423828125,259.02471170825,255.8407224866659,258.9713507316017,111545900
2018-10-05,255.98312377929688,258.1621035239601,254.5601005355288,257.6462715083235,105951700
2018-10-08,255.98312377929688,256.3388728047612,253.91974143292867,255.29827908481946,87742200
2018-10-09,255.60952758789062,256.9080235309674,255.04921007260296,255.6006521845047,74339000
2018-10-10,247.51611328125,255.1737408654989,247.14258636020767,255.10257478593394,214731000
2018-10-11,242.06422424316406,248.04977526262698,240.4544104484742,246.43108606352877,274840500
2018-10-12,245.4261474609375,246.44003367592893,242.2421294745731,246.15542356080644,183186500
2018-10-15,244.04754638671875,246.39553877632216,243.95860234615915,245.0703349983781,102263700
2018-10-16,249.38394165039062,249.75749588161202,245.53291047282394,246.00428418012774,118255800
2018-10-17,249.4283447265625,250.05089871671996,246.85800584754992,249.41944218007552,110626000
2018-10-18,245.82630920410156,249.0903680882972,244.55449361278917,248.49446746711695,134557500
2018-10-19,245.69284057617188,248.4054565565416,244.9991207002211,246.475504465327,139901600
2018-10-22,244.590087890625,246.68012357912642,244.05645078512885,246.35995760097512,82415800
2018-10-23,243.34490966796875,244.4655448019636,238.89797931644497,240.97916660583792,146352700
2018-10-24,235.97190856933594,243.47832885220126,235.42049357209595,243.0958722305184,177806700
2018-10-25,240.205322265625,241.7439695818075,236.78120840190687,237.80399671737732,138061500
2018-10-26,235.9807891845703,241.02362004077827,233.27707512923888,236.50555084001812,201574600
2018-10-29,234.67340087890625,240.35659102695715,231.10698111147096,239.06697033859635,160749100
2018-10-30,238.15090942382812,238.46219999139012,234.01526943167627,234.50444807839088,157116000
2018-10-31,240.694580078125,243.00698951534628,240.24098445251798,240.71235803018175,128296300
2018-11-01,243.25599670410156,243.4516627284058,240.4722139163721,241.55726602534855,99495000
2018-11-02,241.81515502929688,244.7857007968148,239.76955109252017,244.35878577669246,122634100
2018-11-05,243.14927673339844,243.7006917677633,241.33492150588376,242.30434908918804,65622500
2018-11-06,244.68789672851562,244.8479797106511,243.02474908298626,243.08701262334208,60085900
2018-11-07,249.92640686035156,250.0064483555935,246.43109871665462,246.8580138331892,102752100
2018-11-08,249.47279357910156,250.1131526376013,248.33438049086973,249.1259199823726,65584900
2018-11-09,247.03585815429688,248.35213203208713,245.63061310834027,248.16536857627477,98812600
2018-11-12,242.4199676513672,246.7690514205457,241.9041085312186,246.52892695269585,99673600
2018-11-13,241.9663848876953,244.87466772001525,241.2459843040756,242.88245150278644,98176600
2018-11-14,240.31210327148438,244.23427156850525,238.75567780247712,243.83406416161853,125335900
2018-11-15,242.82015991210938,243.28265801047837,237.47496842136428,239.04917189597126,135101400
2018-11-16,243.45164489746094,244.3588088662965,241.2103747574207,241.72623384821713,126668000
2018-11-19,239.33375549316406,243.14032612906826,238.41768908509545,242.84681357723707,103061700
2018-11-20,234.9046173095703,237.4660532377612,234.04191183572692,236.00744722346693,136021300
2018-11-21,235.70506286621094,237.59945934806558,235.6961874628989,236.4521438330722,75563700
2018-11-23,234.13092041015625,235.52726327765873,233.97083740598626,234.06865686123018,42807900
2018-11-26,237.91078186035156,238.13312838545468,235.98970462643132,236.3810366819656,79981400
2018-11-27,238.71124267578125,238.71124267578125,236.27433325461553,236.87910933634961,75502400
2018-11-28,244.20762634277344,244.20762634277344,238.64896315068884,239.7785008821429,127629600
2018-11-29,243.67398071289062,245.07029607445224,242.29541615794696,243.43382912733134,82346400
2018-11-30,245.1593017578125,245.71961940916108,243.20266839373255,243.52283439912432,98204200
2018-12-03,248.405517578125,249.38384767989874,246.81353606087058,249.27712569459774,103176300
2018-12-04,240.35650634765625,248.00522946184512,240.0452158971794,247.5783145175997,177986000
2018-12-06,239.99192810058594,240.1075526296109,233.41047676923458,236.5055499894933,204185400
2018-12-07,234.41543579101562,241.21923213813594,233.5794109178372,239.65390435143553,161018900
2018-12-10,234.86019897460938,235.8296265873571,230.01303376896047,234.23761783450223,151445900
2018-12-11,234.91358947753906,238.23988529522845,233.44610762514162,238.05312178650135,121504400
2018-12-12,236.09642028808594,239.24485459889894,236.0163787982232,237.88409498741427,97976700
2018-12-13,236.0164031982422,237.90189753280507,234.90467048758845,237.03919186366127,96662700
2018-12-14,231.6584014892578,234.82461387404103,231.10698644297347,233.87296422091924,116961100
2018-12-17,227.1135711669922,231.818416341614,225.4859934332063,230.7066840292699,165492300
2018-12-18,226.86459350585938,229.41714067784332,225.26369591406458,228.75010114550832,134515100
2018-12-19,223.46713256835938,230.70673442492728,221.76841553795205,226.94463525802686,214992800
2018-12-20,219.8295135498047,223.7872781315787,217.58825725874033,222.22196381691975,252053400
2018-12-21,215.32533264160156,223.3855045339363,214.6812341608542,220.72860171340417,255345600
2018-12-24,209.6357879638672,215.45055557955146,209.57317448764945,213.84030950978314,147311600
2018-12-26,220.2276611328125,220.2276611328125,209.11698102314602,211.0940084996387,218485400
2018-12-27,221.91842651367188,222.11522151944322,213.76880366004917,216.99823741467299,186267300
2018-12-28,221.6322021484375,224.89741379366936,220.46924538088646,223.26928523926424,153100200
2018-12-31,223.57337951660156,223.81491988199966,221.38166176077164,223.2513302461389,144299400
2019-01-02,223.80596923828125,224.7273989963419,220.02190048222155,220.04873678437622,126925200
2019-01-03,218.4652862548828,222.36565378784775,217.98220563532138,222.06148635507896,144140700
2019-01-04,225.78298950195312,226.42708803378295,221.1132819712888,221.4890038398222,142628800
2019-01-07,227.5631866455078,228.96766966524018,225.15676508760038,226.0513447804907,103139100
2019-01-08,229.70123291015625,230.18431361996602,227.22325682723428,229.74597827796512,102512600
2019-01-09,230.7747039794922,231.61561100018852,229.18235335952744,230.40792306192012,95006600
2019-01-10,231.58883666992188,231.8393179366992,228.56515239927478,229.24504182356054,96823900
2019-01-11,231.67825317382812,231.70508947195933,229.93381189408592,230.51528322053164,73858100
2019-01-14,230.26483154296875,231.06994789059002,229.3792062906262,229.7817508142326,70908200
2019-01-15,232.90379333496094,233.21690164027345,230.6315536140204,230.64050814572695,85208300
2019-01-16,233.46743774414062,234.3530629785704,233.1274930641431,233.33322893857783,77636700
2019-01-17,235.23866271972656,236.09747886046176,232.55492370584037,232.59966906964814,96118400
2019-01-18,238.36973571777344,238.83493470526588,235.2744971259349,237.0457750313044,127900300
2019-01-22,235.1492156982422,237.11730203256215,233.53898309773086,236.9026116326025,115531200
2019-01-23,235.64120483398438,236.87572899305866,233.18111104755135,236.17795802928646,86030300
2019-01-24,235.76644897460938,236.3479475705065,234.4514158353714,235.46229517851125,59204100
2019-01-25,237.76136779785156,238.58439305172763,235.8648633915669,237.60927725188202,96883400
2019-01-28,235.95437622070312,236.01697605824288,234.19205292689497,235.62338606355894,85613700
2019-01-29,235.64120483398438,236.6610113346969,234.80925239648704,236.09744914505137,66136300
2019-01-30,239.37158203125,240.21248898544735,236.3926441661389,237.15304223753876,92473700
2019-01-31,241.47386169433594,241.95694231608385,239.0942767136401,239.308994379085,104012100
2019-02-01,241.59017944335938,242.61001335424547,240.80294497890085,241.67068833626018,85782500
2019-02-04,243.2898712158203,243.3524983427084,240.963958692069,241.63489342197394,60744800
2019-02-05,244.30970764160156,244.61386144626238,243.21831937762838,243.71928179711728,79552800
2019-02-06,243.98768615722656,244.52443949783932,243.25415146881173,244.0324315275162,58347800
2019-02-07,241.66183471679688,242.92316839019685,240.00685639085472,242.3774877386251,95482000
2019-02-08,241.95693969726562,242.05533034671097,239.59523650575105,240.41826173017643,75788900
2019-02-11,242.09117126464844,242.86945129093857,241.56337248015748,242.61004281578042,68021400
2019-02-12,245.2042694091797,245.5799775461956,243.6298006053734,243.70138226031133,72270200
2019-02-13,246.00047302246094,246.84138015886657,245.61581028783473,246.03626385603758,65277200
2019-02-14,245.45480346679688,246.58198272142158,244.10397926802654,244.91805014076567,83234400
2019-02-15,248.12960815429688,248.1653989923437,247.02033787853892,247.22607377138476,97088700
2019-02-19,248.55899047851562,249.21201622764568,247.32446604809505,247.33342058177877,59120800
2019-02-20,249.0599365234375,249.51618090468128,248.0222207996787,248.52318324557527,76610800
2019-02-21,248.17434692382812,248.782654652387,247.21713995951922,248.42482818267058,64214700
2019-02-22,249.71295166015625,249.90973295511063,248.1563646603763,248.7915085043155,78114600
2019-02-25,250.05291748046875,251.65422284883292,249.97240858043799,251.13537861516554,69030700
2019-02-26,249.87403869628906,250.75070943647637,249.49830316448794,249.70406634861823,56844100
2019-02-27,249.76666259765625,250.1155344836595,248.22798442510532,249.15832765471785,56921600
2019-02-28,249.30149841308594,249.99034234875845,248.97946278114267,249.5519796714006,69268300
2019-03-01,250.8581085205078,251.26960763195135,249.4267752150031,250.87599029042724,78880500
2019-03-04,249.94561767578125,252.15523111262803,247.6554953242816,251.91370436866936,106494600
2019-03-05,249.6056671142578,250.2676747866207,249.05998649422446,250.07086612193086,59114600
2019-03-06,248.09375,249.73084596641513,247.77171444618895,249.72189143423049,75039800
2019-03-07,246.01840209960938,247.78965264981824,245.17749489480767,247.64651660427654,94885100
2019-03-08,245.52635192871094,245.6963242662043,243.701428884689,244.1666005291717,85795800
2019-03-11,249.08677673339844,249.24779452916363,246.21518350729428,246.2420198065885,65098900
2019-03-12,250.02613830566406,250.54500995828857,249.45362134116922,249.6414754841614,79667500
2019-03-13,251.68106079101562,252.61143136478677,250.75069021724445,250.91173531876376,80639200
2019-03-14,251.5199432373047,252.12825066719014,251.0816080746514,251.7077972640995,67518400
2019-03-15,252.76263427734375,253.57129671409749,251.88207489205763,252.07078381646642,81309000
2019-03-18,253.6791534423828,253.97568041420575,252.75367888847163,252.97830890078654,62199800
2019-03-19,253.74217224121094,255.50326466378385,252.8526457610511,254.73954420985623,90268100
2019-03-20,252.9783477783203,254.7304731119043,251.87318549711011,253.5264593513431,84609200
2019-03-21,255.83560180664062,256.2399193421347,252.11571595617374,252.16065840721987,79550400
2019-03-22,250.9116668701172,254.99992119911443,250.84876389997274,254.47879175378065,122659300
2019-03-25,250.72303771972656,251.75633027368409,249.46511515748892,250.57027724900775,85575200
2019-03-26,252.5919647216797,253.54439382873687,251.19027556711794,252.47515272202335,68125900
2019-03-27,251.27117919921875,253.16707116109836,249.7257232922533,252.58301106957472,72224700
2019-03-28,252.22357177734375,252.6728318312341,250.7500130593253,251.90011770045834,56238500
2019-03-29,253.81396484375,254.13741891416976,252.60995121387023,253.73310132614503,82186800
2019-04-01,256.823974609375,257.12050158234626,255.53909751491526,255.80866998313059,77617900
2019-04-02,256.9498596191406,257.18348367932794,256.1591573421968,257.0127626231394,40070400
2019-04-03,257.3541259765625,258.55813955865335,256.75210547518907,258.16278854117206,68243200
2019-04-04,258.0369567871094,258.28854128030713,256.9857037843611,257.6775542854916,48997500
2019-04-05,259.2859191894531,259.3398281950125,258.41435370537175,258.7018866821242,58621700
2019-04-08,259.4836120605469,259.59143007888594,258.20770152867095,258.86363103444137,53566300
2019-04-09,258.1537780761719,258.8456286022435,257.6056940400608,258.522174565323,66142300
2019-04-10,259.0343933105469,259.1242508136989,258.1538336527132,258.5671452624204,52601500
2019-04-11,258.9624938964844,259.52856599827516,258.39642179469354,259.5195720218468,55093100
2019-04-12,260.71466064453125,260.99319975147006,259.0074775121329,260.57089410213314,69727800
2019-04-15,260.5438232421875,260.8852652003275,259.7441273485804,260.7864137500308,49596700
2019-04-16,260.71466064453125,261.47840840448066,260.12163393988806,261.4244993786644,52153200
2019-04-17,260.07659912109375,261.85565099506766,259.6632602193015,261.8286964945726,58268300
2019-04-18,260.5887451171875,260.8583175536374,259.36677115136985,260.6606420685019,68708500
2019-04-22,260.8133544921875,260.9661149361686,259.73514709355516,259.8250045652705,40160100
2019-04-23,263.1585388183594,263.39216279015545,260.94818732275957,261.1817838739017,52246600
2019-04-24,262.5744934082031,263.41011037612645,262.43072692651964,263.07766238376894,50392900
2019-04-25,262.4128112792969,263.06874089132936,261.2267854647723,262.475714273737,57770900
2019-04-26,263.6348571777344,263.7067267400949,261.6850559679797,262.45779772184494,50916400
2019-04-29,264.0480651855469,264.56922213553327,263.6347536677554,263.72461115092415,57197700
2019-04-30,264.1828918457031,264.47042488251304,262.29602141570473,263.7066772500253,81111700
2019-05-01,262.1971740722656,265.0185406267152,262.18818009576734,264.8118711118755,71671900
2019-05-02,261.63104248046875,262.9968104059952,260.13949601586444,262.0803024726753,65030200
2019-05-03,264.1917724609375,264.4703114018737,261.73880356555196,263.10457119403674,56543700
2019-05-06,263.1047058105469,263.54497195780687,259.5824943704813,259.896981941665,107198100
2019-05-07,258.7109069824219,261.29864946948265,256.806048601852,260.70562286447625,144729900
2019-05-08,258.3514709472656,260.0586535717971,257.7584444190409,258.3514709472656,91568300
2019-05-09,257.5697937011719,258.1717868559465,254.5507516890629,256.2849164466201,103471100
2019-05-10,258.8636779785156,259.6184316644171,253.65224430825242,256.6353379863347,112429300
2019-05-13,252.3583221435547,254.72143420675988,251.52270509767263,253.7600386155782,127290500
2019-05-14,254.64056396484375,256.1680589417973,253.24786892518065,253.37364746715613,77003200
2019-05-15,256.132080078125,256.770021528291,252.80754548534486,253.0142149334386,73956400
2019-05-16,258.5042724609375,259.86101931664007,256.7611410796038,256.8330106305001,76749600
2019-05-17,256.8330078125,259.3129323114473,256.1860721788903,256.2040601319123,100353000
2019-05-20,255.1348876953125,256.9408951180079,254.38910038100144,255.2337117809356,62877600
2019-05-21,257.43499755859375,257.8123606375981,256.57239853669876,256.82398306292055,46847100
2019-05-22,256.644287109375,257.59671617184193,256.1680725781415,256.48256008080267,49482500
2019-05-23,253.50851440429688,254.46991022415784,252.0978310424827,254.4249951802934,98733800
2019-05-24,254.0835418701172,255.35945262328002,253.4635607364856,254.9461135870853,55268100
2019-05-28,251.72048950195312,255.3145711722881,251.70252896504158,254.3621417233027,70029400
2019-05-29,250.0311279296875,251.01051135068815,248.62943905003047,250.60619383962467,104972900
2019-05-30,250.71405029296875,251.62156432473273,249.61785472710497,250.78591983240716,62523800
2019-05-31,247.3356475830078,248.9979154505843,247.30869307361624,248.1712922154684,86862800
2019-06-03,246.70668029785156,248.48573261773257,245.37686062526726,247.3715764238145,96428000
2019-06-04,252.06182861328125,252.1966011366948,248.54861192613726,248.99787195128627,77231900
2019-06-05,254.2451934814453,254.2721479827065,251.87311510850387,253.67912153430805,71169700
2019-06-06,255.8984375,256.57232737482866,253.8947558213917,254.54169119805314,69430400
2019-06-07,258.45928955078125,259.53752459010883,256.74311294719047,256.91383395209493,74272200
2019-06-10,259.6452941894531,261.307561473152,259.5554367161571,260.00469666198643,60799100
2019-06-11,259.58251953125,261.82882037077394,258.93558379264056,261.46042374261225,58641300
2019-06-12,259.1242370605469,259.9059451972257,258.61207399835774,259.3488670961745,47096300
2019-06-13,260.19342041015625,260.55285036170267,259.33084885188674,260.0316933843536,48945200
2019-06-14,259.9058837890625,260.5078767867424,259.14213636424796,259.9058837890625,52324700
2019-06-17,260.0047302246094,260.7684777152376,259.83400922950466,260.13950274162505,39205700
2019-06-18,262.727294921875,263.778575596661,261.4603781786856,261.81980818690425,85434800
2019-06-19,263.3203430175781,263.85046667610106,261.8916991065089,262.86208891416766,78674400
2019-06-20,265.8361511230469,266.240496147716,263.3832087300726,265.9979055853094,116570000
2019-06-21,265.44970703125,266.8220901549572,265.2330222101439,265.5670871606895,83309500
2019-06-24,265.12481689453125,265.97350873405895,264.971313364191,265.65751905788926,47582700
2019-06-25,262.5244445800781,265.2060304057759,262.4161021312064,265.17894479355795,82028700
2019-06-26,262.2624816894531,263.9237961241511,262.1541392888887,263.41817988550474,51584900
2019-06-27,263.19256591796875,263.6981823651526,262.6418159699409,263.0210145283139,40355200
2019-06-28,264.546875,265.0434536754882,263.6530223625105,264.16764892571615,59350900
2019-07-01,266.9485778808594,268.08622859750477,265.74771822350516,267.8695161656501,78705600
2019-07-02,267.64373779296875,267.69790900113674,266.06367992868246,266.9033612093092,61504500
2019-07-03,269.7835693359375,269.80164477374774,268.1764259500246,268.3208916824014,40898900
2019-07-05,269.47662353515625,269.63916472557844,267.2645588956779,268.5556853748782,51677300
2019-07-08,267.9958190917969,269.29598290911434,267.45407957557853,268.16737039783294,45841800
2019-07-09,268.3299560546875,268.6278977139199,266.7860214397084,266.84019265047795,41101300
2019-07-10,269.6120300292969,270.5600812739369,268.8626432853066,269.39534519807506,58448500
2019-07-11,270.2440185546875,270.48778894864506,269.2418238255109,270.25305627246956,50826100
2019-07-12,271.45391845703125,271.52616509938144,270.4246380127178,270.73161735765416,40326000
2019-07-15,271.5442199707031,271.8873226456437,271.03860367732375,271.8873226456437,33900000
2019-07-16,270.66839599609375,271.6615806276131,270.3614166652641,271.4539059829256,36650100
2019-07-17,268.8265686035156,270.8039007082595,268.8265686035156,270.641387055438,36036300
2019-07-18,269.8106994628906,270.1899255172124,267.88756624619475,268.32997368121545,51392600
2019-07-19,268.3118591308594,270.93023487092404,268.14030781010166,270.90314927048956,58678600
2019-07-22,268.9709167480469,269.5126562412444,268.1944445992088,268.70907094143195,43638100
2019-07-23,270.8941650390625,270.8941650390625,269.259935864137,270.090607031503,44564500
2019-07-24,272.1673278808594,272.1673278808594,270.04552959092644,270.1358241561639,47213200
2019-07-25,270.86700439453125,271.7698944091797,270.0634190555662,271.7157232126221,55394100
2019-07-26,272.6818542480469,272.88049117681857,271.42682375398465,271.5532415968484,45084100
2019-07-29,272.18524169921875,272.68184778639005,271.63449196441434,272.5644676648038,38126500
2019-07-30,271.51708984375,271.9234013772406,270.40652519182134,270.7857511266804,45849000
2019-07-31,268.54656982421875,271.9504828061591,266.53314273076955,271.76085606462857,104245200
2019-08-01,266.2082214355469,271.652649838183,265.41367341757837,268.7002079366244,142646600
2019-08-02,264.2037658691406,265.5581013739478,262.650793388134,265.314330902532,116749700
2019-08-05,256.25836181640625,260.22203637331984,254.36228645172406,260.1136939331715,178745400
2019-08-06,259.8517761230469,260.0684884974278,256.67361269034296,258.1453280546701,120711700
2019-08-07,260.0052795410156,260.77274168505596,254.65114752446226,256.7819550684586,140572300
2019-08-08,265.1065368652344,265.1065368652344,260.9442275134328,261.4949771448628,87713900
2019-08-09,263.3009033203125,264.7635814112252,261.5222080674551,264.1676704197368,93730000
2019-08-12,260.09552001953125,263.2917306713518,259.1474690195382,261.8019677330944,65527600
2019-08-13,264.1405029296875,265.58513268360247,259.4545008367751,259.79760350315723,94299800
2019-08-14,256.3304138183594,260.7003972309804,256.20402357192535,260.09547648316874,135622100
2019-08-15,257.00762939453125,257.9015092187599,254.96711675980208,257.2153040110724,99556600
2019-08-16,260.7999572753906,261.2333271320565,257.06197693743957,258.6601109459989,83018300
2019-08-19,263.9418640136719,264.6190316225491,263.13830611256157,263.8154737214388,53571800
2019-08-20,261.91943359375,263.9689845752752,261.7930432847781,263.43628262555785,51596400
2019-08-21,264.05029296875,264.4204537634302,263.3911730960728,264.07737857699556,49524700
2019-08-22,263.96893310546875,265.38647715768724,262.1992762467483,264.7544706280108,51666400
2019-08-23,257.18829345703125,264.33015864750445,255.94230050225514,262.6688438924776,149161500
2019-08-26,260.032470703125,260.032470703125,257.847463513026,259.3733507016829,72423800
2019-08-27,259.0120849609375,261.7930019677156,258.2536605647307,261.42281371111113,66668900
2019-08-28,260.8359375,260.9984511070822,257.5494042686789,258.3529896937288,59696700
2019-08-29,264.1676330566406,264.6913248632864,262.3889380553566,263.3911606210267,57899400
2019-08-30,264.05029296875,265.6664468507787,263.12031701361735,265.6483989632906,62901200
2019-09-03,262.50628662109375,263.26471107882736,261.1790369315544,262.35281071811187,69101400
2019-09-04,265.48590087890625,265.50394876745247,263.9238905677633,264.67330502987176,46887300
2019-09-05,268.89874267578125,269.81064296202624,265.44969579769,267.96876695252837,83258100
2019-09-06,269.1064147949219,269.7474866798832,268.53761711069353,269.21478476498777,49584300
2019-09-09,269.24188232421875,270.18086834097136,268.3028687534425,270.0906013596085,51260300
2019-09-10,269.17864990234375,269.2418588270002,267.22840383509777,268.4834068391647,57947100
2019-09-11,271.0927734375,271.17403024628595,268.8355480133743,269.48563003768334,68821100
2019-09-12,272.0318603515625,273.088226704919,271.23731237917514,271.99573701990073,72908700
2019-09-13,271.85125732421875,272.8263943509441,271.48106896722373,272.4742538818412,62104800
2019-09-16,271.0115661621094,271.896408609539,270.3705217396185,270.7226346420475,58191200
2019-09-17,271.6977233886719,271.78799036288956,270.6413297609149,270.8128810983628,41475500
2019-09-18,271.8602600097656,271.9686024312111,269.27797956454594,271.30948262871954,73375800
2019-09-19,271.8421936035156,273.24169007108816,271.5081286082832,272.2485052514616,76560500
2019-09-20,270.557861328125,272.72574806029104,269.7687235406922,272.44453398766126,89565000
2019-09-23,270.494384765625,271.21096999563537,269.6417460568221,269.8957217776606,43476800
2019-09-24,268.371826171875,271.97285532348826,267.4103448279325,271.58282618385135,94869400
2019-09-25,269.9591369628906,270.40358741300247,266.97490242905855,268.45341435241266,71854000
2019-09-26,269.39678955078125,270.1768477756016,267.99085778219984,269.9682417151954,56179700
2019-09-27,267.9454345703125,270.2584534548734,266.39437020670596,270.1495830366901,84746600
2019-09-30,269.1880798339844,269.89558524708093,268.4171012837451,268.4624431933133,51662400
2019-10-01,265.98626708984375,270.72112142464823,265.76858154658476,270.06803711359674,88242400
2019-10-02,261.2876892089844,264.4170571356595,259.9996795705218,264.4079776780748,122539500
2019-10-03,263.4283447265625,263.45555541593865,258.34880381994094,261.06090402575535,85278800
2019-10-04,266.9930114746094,267.2469870674191,264.026908725754,264.0813577711008,65091200
2019-10-07,265.8410949707031,267.81850652842235,265.5599086250279,266.19486160761295,59610500
2019-10-08,261.71392822265625,264.72537300214316,261.67763808472165,263.99065687623875,95708100
2019-10-09,264.19927978515625,265.13355020756165,263.10174525349936,263.72761868689645,62359400
2019-10-10,265.98626708984375,266.8661164022148,263.9544615360279,264.1177256934721,55296300
2019-10-11,268.74365234375,270.9750115009524,268.61667837739276,268.7345728885581,98720400
2019-10-14,268.44427490234375,269.09735886128357,268.0995878571728,268.42611599601287,40394800
2019-10-15,271.10198974609375,271.84578529470946,269.3695025112143,269.48742469346604,46754500
2019-10-16,270.6666259765625,271.3560002499491,270.23125500917473,270.63941529110076,48928200
2019-10-17,271.46484375,272.3356133684746,270.77546947468795,271.8276621175921,45736600
2019-10-18,270.27655029296875,271.5736388782995,269.4239120539197,270.929634312639,64304000
2019-10-21,272.1089172363281,272.30847154115486,271.15651532040795,271.5919140803774,39048600
2019-10-22,271.2199401855469,272.9342686902184,271.1292286758053,272.6440029315517,48594700
2019-10-23,272.0091247558594,272.0635461348605,270.75737767629226,270.9660114166438,34352200
2019-10-24,272.4534912109375,273.0884440118041,271.62806364231596,272.94331115214135,35453100
2019-10-25,273.5692443847656,274.1134858073228,271.82767736883653,271.8820987429654,45205400
2019-10-28,275.1112060546875,275.6101055167936,274.7574671529367,274.7846778376868,42147000
2019-10-29,275.0296325683594,275.95485140942054,274.7121560578241,274.8391577345471,44284900
2019-10-30,275.8731384277344,276.24500852902196,273.9229380126746,275.229106138278,49643900
2019-10-31,275.138427734375,275.864092158819,273.68715424802167,275.864092158819,69053800
2019-11-01,277.6872253417969,277.73256724702406,276.41731982030456,276.5806115778964,71141500
2019-11-04,278.8030090332031,279.3744612238009,278.4311111364447,279.2384077691996,60606900
2019-11-05,278.49456787109375,279.30186437599883,278.2043020930648,279.00251914201027,42933200
2019-11-06,278.55804443359375,278.83015127599856,277.61469457781413,278.494543609944,46487100
2019-11-07,279.53765869140625,280.8710375909936,279.0659976008694,279.89142527025837,54272300
2019-11-08,280.22711181640625,280.2815332005841,278.49462393668216,279.1930501544801,49032100
2019-11-11,279.6918029785156,279.86414649839674,278.7121632148485,278.8482442851561,35797300
2019-11-12,280.281494140625,281.17947453569053,279.5104877305214,280.05472917772806,46484600
2019-11-13,280.3722229003906,280.77133147412957,279.0660544192944,279.2928193961337,53917700
2019-11-14,280.7802429199219,280.8619026302907,279.4559438678023,280.0908965581207,51219900
2019-11-15,282.8122253417969,282.85756726611123,281.4244247462533,282.1137714747029,62023600
2019-11-18,283.020751953125,283.25659632840035,282.1227717261377,282.5763015670428,49228000
2019-11-19,282.9390869140625,283.6284610498649,282.29508236581955,283.6193815961007,67804700
2019-11-20,281.8869934082031,282.86663359563494,280.3359287395858,282.3496028123388,79406200
2019-11-21,281.43341064453125,282.1046536636578,280.635221339549,281.99581092576324,54664700
2019-11-22,282.0592346191406,282.3132101901239,281.0524117888621,282.17715679160807,44850200
2019-11-25,284.2452697753906,284.2452697753906,282.9844712930347,282.9844712930347,48647200
2019-11-26,284.8893127441406,285.07073576578375,283.9641217688007,284.2815982160428,37569000
2019-11-27,286.15924072265625,286.15924072265625,285.15238993261636,285.3700754304547,44444600
2019-11-29,285.0979309082031,285.84172650261706,284.87116598414514,285.5968026686247,36592700
2019-12-02,282.6761169433594,285.4154274537873,282.2497977488334,285.351926627072,75767800
2019-12-03,280.7802429199219,280.8619026302907,278.58517454269366,279.9638949475539,73941700
2019-12-04,282.5128479003906,283.11151071206064,281.4788140847929,281.82350125041523,49080000
2019-12-05,283.020751953125,283.2293856451966,281.7145837968173,283.21125441681573,40709000
2019-12-06,285.6058349609375,286.00494337587526,284.91646084763397,284.9255403011018,48927000
2019-12-09,284.70794677734375,285.88711349587976,284.63536648869166,285.21589807283027,34838500
2019-12-10,284.3904724121094,285.31566348978197,283.73738821573176,284.6535275182076,52649800
2019-12-11,285.1977844238281,285.4517600872291,284.3088557612892,284.8440177776958,53429100
2019-12-12,287.6558532714844,288.43591134323987,284.9709642525427,285.2067809563498,96389600
2019-12-13,287.8282165527344,289.0527527941986,286.6490222278449,287.42002857849036,81503900
2019-12-16,289.8055725097656,290.3951557751756,287.76468819631657,289.55159690245364,82749700
2019-12-17,289.8691711425781,290.48596529970865,289.78753906424686,290.18664767916056,61097700
2019-12-18,289.8872985839844,290.4859614985211,289.83287719914233,290.2591965012545,48133000
2019-12-19,291.075439453125,291.14801972745664,289.8236926929126,290.07766829054526,85310500
2019-12-20,292.3515930175781,293.48186803995895,291.13016050237536,292.1054650052227,147142100
2019-12-23,292.7982482910156,293.1901949374519,292.65240185614937,293.13550600154747,52990000
2019-12-24,292.8074035644531,293.0717241770153,292.5065865675843,293.0261593313642,20270000
2019-12-26,294.3660888671875,294.3752129631039,293.18112472741444,293.1902210059652,30911200
2019-12-27,294.2930908203125,295.1499211381323,293.7644218965359,295.0952322086851,42528800
2019-12-30,292.6706848144531,294.5119721081925,292.18758056574677,294.37524973919426,49729100
2019-12-31,293.3814697265625,293.62759764099235,291.8227801436909,292.1691617881846,57077300
2020-01-02,296.12530517578125,296.1435533670269,293.9923531023892,294.9129966046256,59151200
2020-01-03,293.88299560546875,295.0041745676097,292.68890732538284,292.74359626818324,77709700
2020-01-06,295.004150390625,295.0861837981025,292.01434006994486,292.1328420420894,55653900
2020-01-07,294.17462158203125,294.9129499592201,293.72795822762987,294.4389421396399,40496400
2020-01-08,295.7425537109375,296.95486257358016,294.1200498897458,294.3661501744524,68296000
2020-01-09,297.74786376953125,297.8208009132974,296.71784219845114,297.30122807910067,48473300
2020-01-10,296.8909606933594,298.4861195611985,296.42610473911026,298.33117684890317,53029300
2020-01-13,298.93280029296875,298.9418965712198,297.0824170116794,297.5108322451486,47086800
2020-01-14,298.4770202636719,299.54348231822837,297.9209789989077,298.49524063629786,62832800
2020-01-15,299.151611328125,299.90816033518473,298.30390480015734,298.38593822376356,72056600
2020-01-16,301.6399841308594,301.6399841308594,300.30004962435345,300.52792945323296,54050300
2020-01-17,302.578857421875,302.7884890679203,301.5761805798231,302.35097758583424,95846000
2020-01-21,301.98638916015625,302.78853074420584,301.5488776178504,301.62178693577914,77742400
2020-01-22,302.0228576660156,303.4904184768439,301.8679149339362,302.8432196250379,48914900
2020-01-23,302.3692321777344,302.77942705597485,300.2636244798141,301.37567931823935,51963000
2020-01-24,299.68023681640625,303.1075588185603,298.3949910655985,303.02552540689584,87578400
2020-01-27,294.8765869140625,296.3532441968251,294.11091379771784,294.44817159472285,84062500
2020-01-28,297.9665222167969,298.84157285281924,294.96761628432836,296.29842651664376,63834000
2020-01-29,297.72039794921875,299.55256045074896,297.5198626116515,299.324680649757,53888900
2020-01-30,298.6866149902344,298.89627442765044,294.9129398382602,295.66036446661803,75491800
2020-01-31,293.26318359375,298.221851981053,292.35166407869235,298.0668814238513,113845600
2020-02-03,295.44171142578125,297.30121909243115,294.6213493961139,294.73985138812446,69083000
2020-02-04,299.94451904296875,300.8104734483571,298.723086598825,299.0421238964606,62573200
2020-02-05,303.4083251953125,303.6179846653886,301.41212336008243,302.870532103236,65951100
2020-02-06,304.42926025390625,304.62067153969036,303.35364621707834,304.3654472195234,50359700
2020-02-07,302.8066711425781,304.4382703838826,302.25975409202255,303.3718085617881,64139400
2020-02-10,305.0672912597656,305.1311042908256,301.886097610239,301.92256617332515,42070000
2020-02-11,305.5959167480469,307.200171523737,305.0672200674489,306.4162784131797,54864500
2020-02-12,307.5648498535156,307.77448148627434,306.6624268441835,307.02702899526753,43992700
2020-02-13,307.2366943359375,308.20290257264736,305.8694153801374,306.1428600443528,54501900
2020-02-14,307.72894287109375,307.8474448392001,306.4528213248784,307.64690946641167,64582200
2020-02-18,306.9358825683594,307.79271287619065,305.550355525555,306.735347223604,57226200
2020-02-19,308.4034729003906,309.077988360176,307.6195795625174,307.9021483533661,48814700
2020-02-20,307.13641357421875,308.67688328776865,304.1557279094007,307.85649373249373,74163400
2020-02-21,303.9734802246094,306.09730805211063,303.1530905628107,305.78739481387316,113788200
2020-02-24,293.8920593261719,304.0463696689848,292.8164454315438,294.5483543223174,161088400
2020-02-25,284.9864807128906,295.88824287722144,284.11143004396996,295.2775405729495,218913200
2020-02-26,283.9382019042969,289.96332985080215,283.20899774544955,286.38106643552646,194773800
2020-02-27,271.18609619140625,283.99293030133657,271.18609619140625,278.43265741082325,284353500
2020-02-28,270.0467529296875,271.5325340386913,260.27526361074985,263.15566832306206,384975800
2020-03-02,281.7415771484375,281.80539019373504,268.40604154971504,271.82423989590694,238703600
2020-03-03,273.674560546875,286.0712292614889,271.2408194618374,282.1152386233994,300139100
2020-03-04,285.1779479980469,285.3967315712866,276.49116917188974,279.0343161033958,176613400
2020-03-05,275.6980285644531,281.1762666483222,273.46482370799674,277.9950742443368,186366800
2020-03-06,271.1405029296875,272.343714991951,264.5502366862195,267.21185726562237,228667200
2020-03-09,249.9659423828125,259.04466663052983,249.2549584564978,250.94124687205388,309417300
2020-03-10,262.9004211425781,262.99155082298614,249.30054030564344,259.45487913879975,276444100
2020-03-11,250.0844268798828,256.9937588920719,246.91235745450595,255.8634838386491,255316300
2020-03-12,226.1570281982422,243.06571205997136,225.76506771158364,233.34891409586524,392220700
2020-03-13,245.4903564453125,247.45924124597292,226.53075439431242,239.8115818422406,329566100
2020-03-16,218.62789916992188,234.1692913616769,216.35821121478764,219.84020754106757,297240000
2020-03-17,230.43206787109375,233.50389718402428,216.09387404457632,223.35866962977036,262070500
2020-03-18,218.76466369628906,226.39407689191867,207.84466479454713,215.34646582603455,327597100
2020-03-19,219.22950744628906,225.49165465544974,211.6730183757266,218.08099810602204,289322000
2020-03-20,209.781982421875,224.14947908525951,209.50691583930976,222.3707310405341,347158800
2020-03-23,204.4182586669922,210.58885308857097,200.1180920586079,209.22271174158334,326025200
2020-03-24,222.93923950195312,223.81028619851725,214.3664247760725,214.93488557553914,235494500
2020-03-25,226.27664184570312,235.04201992086357,219.82181757105965,224.5162352253458,299430300
2020-03-26,239.4888916015625,240.95587614121874,228.34879937507776,228.77973377835932,257632800
2020-03-27,232.3555450439453,239.13128235143066,230.18254563117415,232.21801874837786,224341200
2020-03-30,239.90150451660156,240.6166693743866,232.45644779685475,234.44607454125364,171369500
2020-03-31,236.32569885253906,241.4418743182169,234.92287429090624,238.90212809330959,194881100
2020-04-01,225.6898651123047,236.2431562593995,223.62688640381754,227.3677561407306,189554600
2020-04-02,230.89773559570312,231.67707467324524,224.25952385795503,224.8096570813122,177660400
2020-04-03,227.56028747558594,232.26388300481995,224.83715469449982,229.91666012342145,135561200
2020-04-06,242.84463500976562,244.80677011871967,227.54193143111638,236.40815247528656,188061200
2020-04-07,243.0922393798828,252.16933982804701,242.87219727816253,251.41749200591784,201427200
2020-04-08,251.2523956298828,253.05864869816128,243.2021977072003,245.6869324014236,153774500
2020-04-09,255.07586669921875,257.8265049685233,252.5727758010134,254.50737795290667,189999200
2020-04-13,252.7469482421875,254.443180523553,248.8502112627236,254.10393966346695,114839100
2020-04-14,260.2012023925781,261.21892505517496,252.60944238232008,257.6247736197147,134143400
2020-04-15,254.67239379882812,260.338700945521,252.56355469912342,254.49818449986756,121775000
2020-04-16,255.9010467529297,256.75373788155946,252.83867290726175,255.94687953066466,131798300
2020-04-17,262.8143310546875,263.41944685021514,258.92674327686353,261.6590540286196,146684800
2020-04-20,258.1840515136719,262.95183530213035,257.96400942467557,259.11925837284326,100109300
2020-04-21,250.34471130371094,254.9291074264228,249.40947658688037,253.72799788074695,126385700
2020-04-22,255.9010467529297,257.64311202094046,253.89307862361522,255.21338720127235,92951600
2020-04-23,255.88265991210938,260.3387078110824,255.5801020580558,257.1754630685727,104709700
2020-04-24,259.4494323730469,260.11876458215687,255.35097927054392,257.3956309371255,85063200
2020-04-27,263.1901550292969,264.30874873794517,260.96214535761493,261.4205849434391,77896600
2020-04-28,261.9798889160156,267.17857801356905,261.6773031279873,266.83015946053325,105270000
2020-04-29,268.8382568359375,270.3694580633469,266.27100517548735,267.2979058396674,118745600
2020-04-30,266.3351745605469,268.93910905447325,264.6022588270189,267.4629184687706,122901700
2020-05-01,259.2843933105469,266.5002313799912,258.11993829550914,261.5949198596324,125180000
2020-05-04,259.99951171875,260.3020696248995,255.92856473218876,257.40472721224256,80873200
2020-05-05,262.4017639160156,265.2074131354292,260.1278925305998,262.81437091102384,79569900
2020-05-06,260.62286376953125,264.4829166436481,260.19192950703405,264.097843121118,73632600
2020-05-07,263.76788330078125,265.69333581380084,263.2636107768448,263.83207158010157,75250400
2020-05-08,268.1321716308594,268.5997890049133,265.7666074831052,266.89437904014466,76452400
2020-05-11,268.18719482421875,269.56251377203523,265.7849755389823,266.2067321816507,79514200
2020-05-12,262.8417663574219,269.78252047171196,262.70421209592996,269.36994163003214,95870800
2020-05-13,258.1932373046875,263.31858964743844,255.7726623265701,262.2825114779081,144721100
2020-05-14,261.28314208984375,261.4114906647709,250.29891603317049,255.76353778728304,121977900
2020-05-15,262.4842529296875,262.53008571070245,257.954866120157,258.89925085277906,111146300
2020-05-18,270.47943115234375,272.0839701507051,268.3706196611589,268.6915050760796,119703800
2020-05-19,267.70135498046875,271.58891577815547,267.6830274604417,269.8835330443974,95189300
2020-05-20,272.2489318847656,273.1108005640989,271.0019896139452,271.2312094120459,85861700
2020-05-21,270.36944580078125,272.9275475763484,269.27835689934,272.12068909653203,78293900
2020-05-22,270.8828430175781,271.0570523361643,268.8473696991475,270.08516244349306,63958200
2020-05-26,274.2203369140625,277.0718470041158,270.9012372576816,276.8334493555543,88951400
2020-05-27,278.3003845214844,278.3370675296901,272.19396476879547,277.007581296367,104817400
2020-05-28,277.7868957519531,281.33521382254526,277.11756385460404,279.3272461114309,90405200
2020-05-29,279.024658203125,279.6114462849819,274.57778891176497,277.3192485039644,119090800
2020-06-01,280.1524963378906,280.7576401144218,277.8694755298853,278.38292576798335,55758300
2020-06-02,282.47216796875,282.51802872321025,279.739885508997,281.06934373149255,74267200
2020-06-03,286.2313537597656,287.1849160018017,284.17755322085765,284.4526057998422,92567600
2020-06-04,285.4794921875,286.98318749531984,283.3890087460685,285.2502723891811,75794400
2020-06-05,292.79620361328125,294.56577377345707,290.7974136505666,290.8616019107014,150524700
2020-06-08,296.3354187011719,296.52795553104175,293.0621526886974,293.60310815038525,73641200
2020-06-09,294.1257629394531,296.4087837876376,292.8146040767573,293.67647298750563,77479200
2020-06-10,292.4844970703125,295.59273133209695,291.76933233464445,294.7033572907335,95000800
2020-06-11,275.62310791015625,286.2039042091924,275.07300264511355,285.57125517345406,209243600
2020-06-12,278.9239196777344,283.38911860299044,273.7802388403364,282.61894313978905,194678900
2020-06-15,281.52783203125,282.65560386034076,272.07480686820895,273.24841147874247,135782700
2020-06-16,286.94647216796875,289.4037293946427,282.09620192820154,289.2570253825331,137627500
2020-06-17,285.7546691894531,288.25776030514066,285.021148798676,287.9643521488298,83398900
2020-06-18,285.8645935058594,286.34136061280276,283.78328781211144,284.2417274083413,80828700
2020-06-19,284.23089599609375,289.5169330939847,282.2877529407937,289.3235490329569,135549600
2020-06-22,286.0542907714844,286.4502770307113,282.4903582303145,283.6322825514577,74649400
2020-06-23,287.3713073730469,289.6275587383942,286.966102816788,288.6974262655169,68471200
2020-06-24,280.04083251953125,285.953114826548,278.20822201391996,285.336089865643,132813500
2020-06-25,283.0428466796875,283.30991953632014,277.4528934722853,279.4696968330841,89468000
2020-06-26,276.3202819824219,282.1589024781775,275.7401296700566,281.94708210428337,127961000
2020-06-29,280.38153076171875,280.5196622715444,275.28887633629,277.5727536803356,79773300
2020-06-30,283.97308349609375,285.6675903215087,279.792153347328,279.9486930198918,113394800
2020-07-01,285.96221923828125,287.2238950877985,284.62691073499315,285.08736775765794,72396500
2020-07-02,287.5369873046875,290.7325599973722,286.87392810290646,289.3880053272748,69344200
2020-07-06,291.9757995605469,292.5559799310515,290.6036465664798,291.3495847273951,61713800
2020-07-07,288.9644775390625,292.4086879039096,288.5868993171508,290.4379459868934,82910000
2020-07-08,291.1746826171875,291.28518783880827,287.96991877388723,289.72884039147516,54638600
2020-07-09,289.5169372558594,292.0218243686505,286.10954433852584,291.7823777440841,83354200
2020-07-10,292.47314453125,292.74021752489676,288.02514120267125,289.4525470058198,57550400
2020-07-13,289.9406433105469,297.1882340667077,289.2868020526864,294.81228763297554,102997500
2020-07-14,293.6980285644531,294.4715932767716,287.3252886428625,288.52246610391046,93657000
2020-07-15,296.396240234375,297.4921303782736,294.0202658653574,296.91194993690715,87196500
2020-07-16,295.4200439453125,295.87128286396967,293.85447872341933,294.49912983927373,54622500
2020-07-17,296.27642822265625,297.0592106774664,294.4530085389404,296.4237778227198,62774900
2020-07-20,298.6709289550781,299.4168672808463,295.26353484413016,296.0094731698983,56308800
2020-07-21,299.3063049316406,301.0744442907489,298.3209200855165,300.632423503006,57292200
2020-07-22,301.0099792480469,301.32311478404205,298.83663538971115,298.94714058873586,57792900
2020-07-23,297.4184875488281,301.35080976950474,296.0555523114501,300.6509058773969,75738000
2020-07-24,295.5029602050781,296.5251615020732,294.0018655257891,295.56743094562876,73766600
2020-07-27,297.65789794921875,297.8328739008944,295.40164684860423,296.193647698937,48293000
2020-07-28,295.7699279785156,298.04458642298647,295.4752287871851,296.9302603752794,57495000
2020-07-29,299.4075622558594,299.96933442324314,296.60797576059025,296.64482019059875,48454200
2020-07-30,298.33935546875,298.7537780991364,294.36102749576685,296.44227447076116,61861700
2020-07-31,300.69683837890625,300.7981535361253,295.9172923240878,300.1258761780566,84986800
2020-08-03,302.78729248046875,303.5516386603409,301.81112598373454,302.3544618184026,53077900
2020-08-04,303.9570007324219,303.9570007324219,301.9309778366748,301.9309778366748,41917900
2020-08-05,305.8448486328125,306.10273162848586,304.9884050397274,305.2554780680495,42697700
2020-08-06,307.8891906738281,308.00891400036295,304.9422824929676,305.2646080403921,43679400
2020-08-07,308.1102600097656,308.3957411535914,306.0197668612782,306.922272863609,57308300
2020-08-10,309.0312194824219,309.2153854806249,306.6276185368531,308.56154419446693,44282100
2020-08-11,306.4802551269531,310.8454078392464,305.75275309496504,310.20997475019243,69601100
2020-08-12,310.7532958984375,311.52686046889016,308.88384116049235,308.91146746286313,53774400
2020-08-13,310.1914978027344,311.4992082489788,309.2705836615696,309.9888955675153,41816100
2020-08-14,310.2007141113281,310.734860048338,309.0771977415584,309.80472777793506,47260400
2020-08-17,311.1860656738281,311.5820519648369,310.2098990427494,311.2136919707807,35481000
2020-08-18,311.8583984375,312.2820111007127,309.98891563003593,311.58210731482745,38733900
2020-08-19,310.5598449707031,312.75159673010216,309.9980728045905,312.23588712741235,68054200
2020-08-20,311.52685546875,312.0057207368476,308.7088602558769,308.8377736301808,42207800
2020-08-21,312.6319580078125,312.85296841916903,310.85457226958493,311.1953341258538,55106600
2020-08-24,315.7999572753906,315.8736180566661,312.60438339712664,315.06320894225934,48588700
2020-08-25,316.9050598144531,316.987938738221,315.20136254835245,316.36172368925685,38463400
2020-08-26,320.0821533203125,320.3491982017806,316.95105067989545,317.49438668215004,50790200
2020-08-27,320.7819519042969,322.2277935871301,319.1243179942383,320.947737778554,58034100
2020-08-28,322.8540954589844,322.9830369399693,320.616280645361,321.80426786042483,48588900
2020-08-31,321.6845703125,323.5171807672397,321.4543417386252,322.6423290489599,66099200
2020-09-01,324.7143249511719,324.8156120146118,321.6200388879637,322.51332671022755,54908700
2020-09-02,329.4110107421875,330.37795938167653,325.4786892390397,326.6206419236981,69540000
2020-09-03,318.0745544433594,328.19539204398836,315.4959779391516,327.72571683022153,148011100
2020-09-04,315.4775695800781,320.32155893623025,308.3865193279406,318.7560217314167,139156300
2020-09-08,306.8578186035156,315.54206103531834,306.5539292774732,310.0810183653904,114465300
2020-09-09,312.91741943359375,315.37624441716423,309.98889114735533,310.8545526760322,91462300
2020-09-10,307.4840087890625,315.4406916483202,306.52625029812896,314.78685053527204,90569500
2020-09-11,307.6405944824219,310.32045816888535,304.8225992871863,309.26141246287096,84680200
2020-09-14,311.6925354003906,313.460702594157,307.78786914857267,310.7992477225099,65605700
2020-09-15,313.2674255371094,314.97109448568426,311.7018600067676,314.142277247769,52920900
2020-09-16,312.02410888671875,315.9287755119788,311.7478178059842,314.50136995908423,82096000
2020-09-17,309.2798767089844,310.99279204056324,306.65526515012664,307.1801930827134,91523300
2020-09-18,305.7191162109375,310.1941787550104,303.24119391420174,310.08323122180803,105877900
2020-09-21,302.3166198730469,302.4645593357365,297.4717223903731,301.14238742219266,99450800
2020-09-22,305.3955993652344,305.9503654275353,301.2903700074111,303.79605821576513,63612100
2020-09-23,298.3131103515625,306.2276881483939,297.8138181951708,305.95029107636867,93112200
2020-09-24,299.10821533203125,302.15938522189947,295.68718272630684,297.0001276478436,76681300
2020-09-25,303.9439392089844,304.7298270780176,297.38852490576954,298.25762343564503,71069400
2020-09-28,308.99224853515625,309.70418077413325,307.10605558287943,308.09538490645014,64584600
2020-09-29,307.30950927734375,309.5285451633514,306.6160587994306,308.78887594020625,51304000
2020-09-30,309.6394958496094,312.78313211808506,307.781039690102,307.97519790754353,104081100
2020-10-01,311.6273498535156,313.1991537202758,309.75041203082435,312.22833451482296,88698700
2020-10-02,308.668701171875,311.59969787140113,306.2185149056574,306.69007030245626,89431100
2020-10-05,314.1422119140625,314.32711504704287,310.6749607343537,310.7211794634582,45713100
2020-10-06,309.6765441894531,316.370673277185,309.16802502784486,314.28106640602414,90128900
2020-10-07,315.0668640136719,315.87126190492677,312.598168352672,312.6259052380061,56999600
2020-10-08,317.8592224121094,317.92395123204756,316.0839766813295,316.9993505468978,45242500
2020-10-09,320.69769287109375,321.15999312657567,318.8854837702439,319.5049503113114,59528600
2020-10-12,325.8569641113281,327.32707559553944,322.7410647815939,323.2311019429976,80388500
2020-10-13,323.73040771484375,325.89396970025575,322.76881520469266,325.71829333157706,73255500
2020-10-14,321.69635009765625,325.39475330369925,320.96593578039835,324.3037311298951,57727900
2020-10-15,321.2987976074219,321.7795798947941,317.25829637950056,317.7945524609319,60357700
2020-10-16,321.10455322265625,324.30366342738694,320.9288768497177,322.6486204375523,89501900
2020-10-19,316.22259521484375,322.9906487706289,315.32573168859045,322.3619272638812,68425600
2020-10-20,317.4893798828125,320.72548220032826,316.8051844221268,317.5633355204922,60051900
2020-10-21,316.8883972167969,319.60672543903087,316.583263194965,317.44313504454004,63575000
2020-10-22,318.62652587890625,319.2090286374741,314.9651162463488,317.1009408833877,55399300
2020-10-23,319.7084045410156,319.9025627725712,317.25821851614603,319.8470889921267,49143900
2020-10-26,313.8001708984375,317.1194832403807,310.31440902526583,316.333567187947,91473000
2020-10-27,312.7183837890625,314.4751191044585,312.5057155150436,314.1422764667609,65994100
2020-10-28,302.0300598144531,312.7461782493359,301.54002258547484,307.0598897426626,127094300
2020-10-29,305.0997009277344,308.2618190207296,300.57839067530114,302.26117045534187,90597700
2020-10-30,301.9190368652344,304.8315226203362,298.2761088587803,303.52783260839107,120287300
2020-11-02,305.30316162109375,307.3002742972392,302.56632324038145,305.30316162109375,86068300
2020-11-03,310.6934814453125,312.74609552911073,305.38628400502864,308.5299198245358,93294200
2020-11-04,317.63726806640625,321.7055046793928,313.98508475423665,315.1593172475223,126959700
2020-11-05,323.83209228515625,325.63507467035436,322.55613899305547,322.907491721787,82039700
2020-11-06,323.7581481933594,325.0063646417054,321.43739166729375,323.5454798982403,74973000
2020-11-09,327.8263244628906,336.90590740925865,327.3640242503452,336.5268178489835,172304200
2020-11-10,327.3455810546875,328.39961099114294,324.0817422973662,326.83703383089585,85552000
2020-11-11,329.7773132324219,330.6001931058199,328.28869157206935,329.5276530081711,58649000
2020-11-12,326.5781555175781,329.8235125087104,324.7752013576145,328.76945432758134,67546200
2020-11-13,331.0994873046875,331.8391565132532,327.965077662347,328.48285175165734,62892200
2020-11-16,335.232421875,335.42658008620566,332.4771021299016,333.762310414162,74541100
2020-11-17,333.4294128417969,334.6314103678308,331.32132492500256,332.82842818706325,66111000
2020-11-18,329.41668701171875,334.2431030727179,329.3796950886092,333.69759212727365,70591300
2020-11-19,330.8035583496094,331.1733928980095,327.44725409515723,328.7879360767462,59940900
2020-11-20,328.53826904296875,330.74807768636424,328.46431342145667,330.54466445649757,70417300
2020-11-23,330.5077209472656,331.7651924296882,328.1130087910506,330.34129961206247,63230600
2020-11-24,335.8333740234375,336.37888489880055,332.1997010545498,333.0503176608031,62415900
2020-11-25,335.3156433105469,335.77794359169803,334.2246214190069,335.75020670349176,45330900
2020-11-27,336.2494812011719,336.7210082758483,335.24164181075275,336.40664748720786,28514100
2020-11-30,334.76080322265625,335.7408773444086,332.0887228617469,335.4727353400609,83872700
2020-12-01,338.42230224609375,339.95714263167446,337.41449097572354,338.00624890506265,74231400
2020-12-02,339.13427734375,339.2914436515928,336.7395650672134,337.31281295054083,45927000
2020-12-03,339.0417175292969,340.42861810719086,337.94144081350913,339.0324624961436,62882000
2020-12-04,341.96356201171875,341.96356201171875,339.53185774514355,339.62432345507125,50749900
2020-12-07,341.2608337402344,341.75087093197277,339.9941354266788,341.1961049259402,48944300
2020-12-08,342.2594299316406,342.82342277579136,339.94792834104476,339.9941470862278,42458900
2020-12-09,339.18963623046875,343.0729406811119,338.35750157794257,342.9157744265064,74098300
2020-12-10,339.0787353515625,340.1235101648178,336.9521373730438,337.8212640589187,57735400
2020-12-11,338.6811218261719,339.0879482674164,335.870356871384,337.38668688428726,57698600
2020-12-14,337.1648254394531,341.91725738932104,336.9891490851876,340.8447456280566,69216200
2020-12-15,341.7231140136719,341.7231140136719,338.329845795208,339.6982365511047,63865300
2020-12-16,342.2594299316406,343.17477553221346,341.05743217458746,341.9358140656428,58420500
2020-12-17,344.1733093261719,344.3767225815223,343.07303238358134,343.8959404400441,64119500
2020-12-18,342.799072265625,344.62830083764095,340.79341847573585,344.461170106029,136542300
2020-12-21,341.57342529296875,351.4159755487242,336.1600382375715,338.88995381488303,96386700
2020-12-22,340.9976501464844,342.0097572148125,339.87412260631737,341.8983367429737,47949000
2020-12-23,341.3041076660156,343.20760697353194,340.979112376798,341.9633643931626,46201400
2020-12-24,342.63201904296875,342.65987417120533,341.19279018931877,341.77774788228777,26457900
2020-12-28,345.57550048828125,345.96547227304984,344.55409858579725,345.17620587854617,39000400
2020-12-29,344.9161376953125,347.27464186044676,344.3311518128284,347.09821664709926,53680500
2020-12-30,345.4082336425781,346.4389297116673,345.0182619794542,345.7332289197448,49455300
2020-12-31,347.16314697265625,347.88740830602285,344.702517336016,345.2132038945642,78520700
2021-01-04,342.43695068359375,348.6210426946345,338.7506384714175,348.4910332362678,110210800
2021-01-05,344.7954406738281,345.8818471316903,341.7498244688002,341.7962685644844,66426200
2021-01-06,346.85675048828125,350.0416701451585,342.743317442046,343.29115366008426,107997700
2021-01-07,352.0102233886719,352.75304553896814,349.0481726001441,349.22459781978796,68766800
2021-01-08,354.01580810546875,354.22935455515557,350.153071336751,353.39367271496,71677200
2021-01-11,351.62957763671875,353.3845073084547,350.7288907494389,350.8496057451857,51034700
2021-01-12,351.7037658691406,352.71587302635754,349.4659767403623,351.8152146876118,52547700
2021-01-13,352.65087890625,353.6443970420134,350.84950564563337,351.6294773146356,45303600
2021-01-14,351.4158935546875,353.8951124303812,351.0816321351394,353.3936919642144,49989100
2021-01-15,348.8531494140625,350.5987841141442,346.99606590019863,349.80025180486865,107160000
2021-01-19,351.59234619140625,352.13091630295105,349.8281224423444,351.3045005009363,51233300
2021-01-20,356.45794677734375,357.2936287805517,353.4866015027723,353.87657321374,61836100
2021-01-21,356.78289794921875,357.44218304043847,355.86365062010475,357.0150334029827,47840100
2021-01-22,355.52008056640625,356.68075778914084,354.55438918277406,354.9350947122526,52860500
2021-01-25,356.92218017578125,357.2750022410849,351.415906011499,356.25362897614195,70402000
2021-01-26,356.3650817871094,358.2778757163541,356.1329463264064,357.869315038569,42665300
2021-01-27,347.65533447265625,353.14301984374345,345.4268398473695,353.05015999751345,123351100
2021-01-28,350.64520263671875,354.6379205656578,349.02954916525357,349.46593655582046,94198100
2021-01-29,343.62548828125,349.75387014169314,341.95409595375736,348.7881786860428,126765100
2021-02-01,349.3452453613281,350.3759130211794,343.9132708831619,347.01459668411917,75817600
2021-02-02,354.2851257324219,355.83580306474755,349.42887007201125,352.52090191367535,64450700
2021-02-03,354.5636901855469,356.2814981741382,353.2915924599428,355.11152644432576,52427100
2021-02-04,358.59356689453125,358.63998265068375,354.6751192898168,355.59436662167684,47142600
2021-02-05,360.0048828125,360.71058354923707,358.54709392712255,360.4598874996903,48669800
2021-02-08,362.60491943359375,362.6513351955174,360.5992654572833,361.45350816726585,38365200
2021-02-09,362.3634033203125,362.95768361802595,361.3605907389764,361.76912302259905,35551100
2021-02-10,362.20556640625,364.24836966450124,359.8099410732521,364.09979957873327,59154400
2021-02-11,362.7905578613281,363.7005390243798,360.3670773709089,363.2826838806573,42913300
2021-02-12,364.5826721191406,364.82407372216704,361.91773330512245,361.9920325190132,50593300
2021-02-16,364.26690673828125,366.0033035639086,363.5519398125603,365.80828939947554,50972400
2021-02-17,364.35052490234375,364.6012209832248,361.5091609681263,362.52129645099154,52290600
2021-02-18,362.79986572265625,363.5426878534969,360.03280086210617,361.7506089186291,59712800
2021-02-19,362.15911865234375,364.3411973179349,361.71340843442175,364.05335165745737,83241000
2021-02-22,359.37347412109375,361.7783935972179,359.10418910793686,359.4013292371553,67414200
2021-02-23,359.8099670410156,361.15636405887625,353.0316228676275,357.1729115862207,107284100
2021-02-24,363.7746887207031,364.20183820790356,357.7391690459124,358.7234207567005,72433900
2021-02-25,355.0093078613281,363.87689740324714,353.57007967389603,362.51194007778116,146670500
2021-02-26,353.1801452636719,358.0271345906392,351.20237503364604,356.8850463128118,152701600
2021-03-01,361.7413330078125,362.98560406297776,353.3751899411778,358.03645997578053,105348800
2021-03-02,358.9185485839844,362.19629994312015,358.41712808705853,361.9641644974679,79595300
2021-03-03,354.16436767578125,359.18775305259203,354.062213359393,358.22209014166907,119940200
2021-03-04,349.7817077636719,356.5600515760826,345.306129482108,353.9787065028338,183433000
2021-03-05,356.21649169921875,357.2657484566025,346.01182648724296,353.27300175449477,152039600
2021-03-08,354.4429626464844,359.9770636155982,354.1644114525265,357.1728776946545,123149200
2021-03-09,359.5035095214844,362.04770476168795,357.77640719038783,358.2778276525571,113633600
2021-03-10,361.7413330078125,363.4312860296286,360.43211389392627,361.8434873497362,109899400
2021-03-11,365.40911865234375,367.3776230858602,363.74702059931354,364.20202543159564,86245000
2021-03-12,365.9011535644531,366.04042915723414,363.2455378059453,364.0533645809201,64653600
2021-03-15,368.0832214355469,368.3432119800072,364.0162042253978,366.151838816547,73427200
2021-03-16,367.6189880371094,369.40177242737843,366.84828247321997,368.6960999272851,73722500
2021-03-17,368.8725280761719,369.6710604301495,365.1954821103504,366.33759873657715,97959300
2021-03-18,363.50555419921875,368.37110416522074,362.8277084837041,366.2911796002453,115349100
2021-03-19,362.8330383300781,364.7800438245455,360.6624335333696,363.2056659275956,113624500
2021-03-22,365.7301330566406,367.1088860050199,363.2893903689639,363.34528306947146,73778600
2021-03-23,362.8515625,366.5406230570263,362.0690362260645,365.09668084256,90686600
2021-03-24,361.007080078125,365.8792700256846,360.96051229403434,364.24899956726335,97588600
2021-03-25,363.03790283203125,363.82972563036685,357.63470442840975,359.5724129695901,116128600
2021-03-26,368.8882141113281,369.28878794295866,363.587505033435,364.18370331754596,114409100
2021-03-29,368.701904296875,369.60554090899944,365.93510175704296,367.4163152580118,108107600
2021-03-30,367.7237548828125,368.39449575639236,366.1307275395253,367.4349664373488,76262200
2021-03-31,369.2142639160156,370.77001997622074,368.26405952663214,368.2920058783888,112734200
2021-04-01,373.2013854980469,373.257306623369,370.9376460344491,371.1425953951237,99682900
2021-04-05,378.5580139160156,379.0983479190761,375.7819150666603,375.8564291896752,91684800
2021-04-06,378.3345031738281,379.3778716395841,377.66376224160524,377.9991469225459,62021000
2021-04-07,378.7723388671875,379.1170200378233,377.7103490017058,378.16681558663885,55836300
2021-04-08,380.57025146484375,380.62614416673193,379.08903800549706,380.02062094317336,57863100
2021-04-09,383.3370361328125,383.50474266034735,380.3280415787718,380.4491519037927,61104600
2021-04-12,383.476806640625,383.7469452179368,382.13532496213276,382.74084817389485,56704900
2021-04-13,384.6133117675781,385.2374848347506,382.99236657978923,383.374318989603,56551000
2021-04-14,383.2998352050781,385.63808919365846,382.7595011466084,384.58539585907903,61659900
2021-04-15,387.4173889160156,387.687555926274,385.38654494981597,385.433112724498,60229800
2021-04-16,388.71234130859375,389.3178645876654,387.28702042046496,388.70301638087244,82037300
2021-04-19,386.8026428222656,388.2279639453747,385.479810632014,387.78082221556,78498500
2021-04-20,383.9705810546875,386.6907875184191,382.4986639809094,385.59152639170094,81851800
2021-04-21,387.6036682128906,387.8086175691402,383.21589268995496,383.35565285576473,66793000
2021-04-22,384.063720703125,388.2651692129653,383.00173084573123,387.43607511013636,97582800
2021-04-23,388.2278747558594,389.6345741269456,384.54813911119874,384.6226532391619,73209200
2021-04-26,389.0384216308594,389.60670212994864,388.2931664903758,388.88006841759574,52182400
2021-04-27,388.9545593261719,389.5321647196547,387.81802682554365,389.3365118024942,51303100
2021-04-28,388.8427734375,390.34263698563,388.3769818956655,389.2247259133634,51238900
2021-04-29,391.3207702636719,391.93561848281814,387.9484442011052,391.5629909520302,78544300
2021-04-30,388.7496032714844,389.9047856090629,387.85529148566474,389.05704160482367,85527000
2021-05-03,389.58807373046875,391.1158552700201,389.0943358120596,390.73390277771705,68128300
2021-05-04,387.1845397949219,388.09750141176715,383.5048038327527,387.60376353614816,101591200
2021-05-05,387.3056335449219,389.0570141395226,386.7466780571217,388.8241183887439,60162200
2021-05-06,390.39849853515625,390.52890537303807,385.3772524687335,387.38015025282107,74321400
2021-05-07,393.23980712890625,393.8919265936675,390.4823294392389,391.16239525650957,67733800
2021-05-10,389.3458251953125,393.81741249794896,389.22471484913274,393.59384166171475,81852400
2021-05-11,385.8709411621094,386.85841675179097,382.0048778519801,384.8368977997584,116888000
2021-05-12,377.67303466796875,384.36179320441613,376.3594993403955,383.0948540805935,134811000
2021-05-13,382.2099304199219,384.13831434726995,379.17296027905456,379.21955649395835,106394000
2021-05-14,388.078857421875,388.9266014154042,384.9114807136324,384.9394270681594,82201600
2021-05-17,387.09124755859375,387.9017484184171,385.0790254407559,386.97016568402825,65129200
2021-05-18,383.75628662109375,387.59440386559174,383.597905008926,387.3521831986254,59810200
2021-05-19,382.750244140625,382.92724721570744,377.59859039400345,379.07983263909597,106467100
2021-05-20,386.8678283691406,388.12547123922195,383.5048270266521,383.6259089486558,78022200
2021-05-21,386.551025390625,389.58799485674376,386.09455884988506,388.3489736323711,76578700
2021-05-24,390.49163818359375,391.56295289159766,388.544604797389,388.7868254622032,51376700
2021-05-25,389.6252746582031,391.9262858634761,389.0476977323679,391.57227976579446,57451400
2021-05-26,390.39849853515625,390.90153289083105,389.1781270673312,390.21217056143115,43088600
2021-05-27,390.6033935546875,391.93555024942225,390.3239016330106,391.4231910374945,56707700
2021-05-28,391.30218505859375,392.42939268320663,391.0692892765859,392.16855054454425,58520200
2021-06-01,390.95745849609375,393.7987753351119,390.5196133395258,393.65904356804924,54216600
2021-06-02,391.57232666015625,392.4107742254593,390.60350066902646,391.60959794586466,49097100
2021-06-03,390.11895751953125,391.2554897851653,387.7993252155161,389.26191717934057,58138800
2021-06-04,393.6869201660156,393.98503350269976,390.18415953410863,391.963486198523,55938800
2021-06-07,393.3050231933594,393.85465374362394,392.3734402072181,393.6776507018846,51555000
2021-06-08,393.3888854980469,394.2552509032389,391.5629906976117,394.1620869131879,47134300
2021-06-09,392.8019714355469,394.3018348687151,392.57840061009364,394.2272923071258,48436300
2021-06-10,394.6278991699219,395.5781321168516,392.70884027859677,394.0223758472598,51020100
2021-06-11,395.2799072265625,395.39169261710816,393.891857911201,395.17744676177955,45570800
2021-06-14,396.16497802734375,396.26743850654356,394.1527554254345,395.39174825118516,42358500
2021-06-15,395.4383239746094,396.35125703166875,394.5626337646086,396.3140141846101,51508500
2021-06-16,393.2304992675781,395.8016775286566,391.19035858653814,395.5781066988787,80386100
2021-06-17,393.1000671386719,394.0782178856841,390.63137795315737,392.82060361942723,90949700
2021-06-18,387.7969970703125,390.5167474088944,387.5913771677302,389.82512979232945,118676300
2021-06-21,393.34869384765625,393.53563141151994,388.74097097735967,389.5540951870982,72822000
2021-06-22,395.45159912109375,396.28343417143736,392.61966911686017,393.339353041914,57700300
2021-06-23,394.9749450683594,396.3301424887815,394.8908317268986,395.5263737663793,49445400
2021-06-24,397.31158447265625,397.7321512462469,396.86295139148933,397.115319978314,45110300
2021-06-25,398.7227783203125,399.17141131218983,397.73207208724824,398.0591985278256,58129500
2021-06-28,399.5265197753906,399.6947464278682,398.0498160658753,399.24614202126133,53159600
2021-06-29,399.74151611328125,400.5452847325405,399.2087698297282,399.9097427746152,35970500
2021-06-30,400.0779724121094,400.7509075851133,399.2554929203643,399.28353069746186,64827900
2021-07-01,402.2930603027344,402.4519600618117,400.76960779298105,400.835038783346,53441000
2021-07-02,405.3680725097656,405.72323677808726,402.37724253484845,403.45209077508554,57697700
2021-07-06,404.6296691894531,405.63908633581775,401.90056347036705,405.42411100289456,68710400
2021-07-07,406.0596923828125,406.34009873848606,403.3025486160357,405.31199914635374,63549500
2021-07-08,402.7510681152344,403.5081166897468,399.57330096190816,400.75094475455643,97595200
2021-07-09,407.0503234863281,407.3494121346729,402.55475241821676,404.2557870176814,76238600
2021-07-12,408.50836181640625,408.76073035250516,406.536304788165,406.9662269112006,52889600
2021-07-13,407.1158142089844,409.2187334442086,406.854118733952,407.72331850573784,52911300
2021-07-14,407.7232666015625,409.2934677745335,406.48022038406873,408.80744158086895,64130400
2021-07-15,406.330810546875,407.05982155600043,404.43351083577465,406.3868861227559,55126400
2021-07-16,403.14361572265625,407.555073909898,402.75108678868395,407.5083537824567,75874700
2021-07-19,397.1900329589844,403.20905730096297,394.38614069493224,398.3302836206056,147987000
2021-07-20,402.88189697265625,404.15300952398457,397.05913759218004,397.85357937142714,99608200
2021-07-21,406.14385986328125,406.28407732114044,402.8352869021848,404.07833349107034,64724400
2021-07-22,406.99432373046875,407.23733686784163,405.34003746820474,406.3213884076943,47878500
2021-07-23,411.1815185546875,411.51797198627247,408.2374369376335,408.9196992370157,63766600
2021-07-26,412.1907958984375,412.2001513321197,410.54586536220575,410.59258548528925,43719200
2021-07-27,410.312255859375,411.1814556139232,407.48965273178777,411.15341783224966,67397100
2021-07-28,410.1439514160156,411.51785959844165,408.72332311063053,410.93839316496434,52472400
2021-07-29,411.84503173828125,412.91985138960683,411.05994533585215,411.0693007705477,47435300
2021-07-30,409.8449401855469,411.29360644207577,409.1532940336554,409.28415602981516,68951200
2021-08-02,408.98504638671875,412.1067095157106,408.62988215553224,411.55528082300833,58783300
2021-08-03,412.3123474121094,412.43385397257424,407.5924735593852,409.7795060797524,58053900
2021-08-04,410.2841796875,412.28427447929056,410.0505220211944,411.03187281061224,46732200
2021-08-05,412.88250732421875,412.96662067268136,411.1253968736616,411.4431679198543,38969700
2021-08-06,413.5647888183594,413.9853841029397,412.91989126076,413.20029762470335,46930000
2021-08-09,413.228271484375,413.85445807390835,412.46186747322616,413.5366870620658,41222600
2021-08-10,413.7423400878906,414.4526685963435,412.9946468851688,413.67690908891893,43339300
2021-08-11,414.7704772949219,414.86394608441594,413.6863020866646,414.8078705152535,44034300
2021-08-12,416.01348876953125,416.15370620330873,413.72366049428854,414.62089804805976,38909400
2021-08-13,416.7705993652344,416.7892817139917,415.9761574416634,416.4621552133837,39470300
2021-08-16,417.7518310546875,417.8826645039691,413.91983997608867,415.4713301600155,73740000
2021-08-17,415.0134582519531,415.87330259419554,412.03198379117543,415.2003672937734,92673900
2021-08-18,410.4710998535156,415.56484852636714,410.2281152693712,414.00400272308775,89351900
2021-08-19,411.10662841796875,412.30298304453,407.6111188768107,407.7513077712783,92812200
2021-08-20,414.3778381347656,414.70496457219946,410.96644191047403,411.45246811100355,72008700
2021-08-23,418.0229187011719,418.92951158354134,414.4526227295589,416.0601886079049,54973000
2021-08-24,418.6864929199219,419.2192392352231,418.17245747210313,418.6864929199219,38744700
2021-08-25,419.5650939941406,420.0791294982954,418.49960124676494,418.87347636542324,40529700
2021-08-26,417.0882873535156,419.5183042507706,416.9948185830064,419.2846465858296,57829600
2021-08-27,420.8174743652344,421.1913209422029,417.8360001384459,417.89207569885787,77235100
2021-08-30,422.6680908203125,423.4531772582027,421.24743377041483,421.4904469021432,48357400
2021-08-31,422.0418395996094,422.9110393113264,421.44369077915854,422.57458594782264,59300200
2021-09-01,422.26617431640625,423.49053835442544,422.03251662178167,422.97650283531857,48721400
2021-09-02,423.5652770996094,424.3690457877398,422.3689509787344,423.6867836507604,42501000
2021-09-03,423.4624938964844,423.9765579301553,422.0325099688313,422.4344228744772,47170500
2021-09-07,421.9483947753906,423.2101520054819,421.27545948751975,423.1166832249812,51671500
2021-09-08,421.4343566894531,422.14468518971387,419.5183465302411,421.4156743425341,56181900
2021-09-09,419.6305236816406,422.9858446456514,419.38751055980504,421.23808970978325,57970400
2021-09-10,416.3219299316406,421.97643464658915,416.2004233686548,421.55586791625456,89948200
2021-09-13,417.3873291015625,419.5743898490149,415.0787903327298,419.3126944167152,83738600
2021-09-14,415.13494873046875,419.03234294728094,414.2470381175579,418.82672304337876,78197100
2021-09-15,418.6023864746094,419.09773958576324,414.4526240434599,415.55548138185304,78792200
2021-09-16,417.9388732910156,419.05105771787464,414.99476341128366,418.0790622084627,77786700
2021-09-17,413.8676452636719,417.5900174422534,413.5113432060983,417.16810338516024,118425000
2021-09-20,406.9668273925781,409.3296324653092,402.10990737755776,407.7544290834885,166445500
2021-09-21,406.5823059082031,410.59533949300106,406.0572382327374,409.30141250201683,92526100
2021-09-22,410.54852294921875,412.5831820579313,406.69489742536064,408.8514237643601,102350100
2021-09-23,415.53668212890625,417.1400416411326,412.1799968838808,412.41440315728903,76396000
2021-09-24,416.2210693359375,416.9336734105124,413.68947068134617,413.9051347076099,62094800
2021-09-27,415.03033447265625,416.3523605127942,414.33647253059087,415.18971469523467,61371100
2021-09-28,406.66668701171875,412.5924834545763,405.9353407086728,412.2643090052773,130436300
2021-09-29,407.3511657714844,409.77961092728947,406.78858508585967,408.0449990691309,82329200
2021-09-30,402.3723449707031,409.52639859565073,402.034785142796,408.82317995272075,140506000
2021-10-01,407.15423583984375,408.83259245748525,400.5815046124614,404.0975980601775,129240100
2021-10-04,401.9035339355469,406.891676446688,399.7657217841494,405.99156459254795,128570000
2021-10-05,406.0853271484375,408.3262356545151,402.60674697637165,403.40370520546276,90682500
2021-10-06,407.7731018066406,407.97938044868795,400.8721956255004,402.49426854273986,113032200
2021-10-07,411.2985534667969,414.1301704422201,410.86725401277494,411.0454050378357,72437500
2021-10-08,410.54852294921875,412.45192941991166,409.92033014017494,412.06749968548957,74557400
2021-10-11,407.5762023925781,412.7987803671197,407.5105617770027,409.8921372238028,65233300
2021-10-12,406.57293701171875,408.89825725037673,405.7853354665387,408.4950853785661,71181200
2021-10-13,408.03564453125,408.8513737107969,404.62270437794365,407.59495963247764,72974000
2021-10-14,414.89910888671875,415.049132337177,411.22360588560923,411.6924184380236,70236800
2021-10-15,418.058837890625,418.42452536112467,416.3898666001841,417.00870250976914,66260200
2021-10-18,419.2965087890625,419.6340400404351,415.621006350095,416.27735526871015,62213200
2021-10-19,422.5313720703125,422.59698407803893,420.30917663549167,420.9186558175996,46996800
2021-10-20,424.1909484863281,424.49099536699856,422.8782791509517,422.99078957769177,49571600
2021-10-21,425.2973327636719,425.5223536137635,423.1595488456662,423.5908483463569,41305400
2021-10-22,424.856689453125,426.3100255563803,422.91579858892055,424.8660748608127,58845100
2021-10-25,427.1351013183594,427.46327582498486,424.1722311934104,425.9443277467125,45214500
2021-10-26,427.51947021484375,429.8916602272119,427.144425952367,428.68214462677764,56075100
2021-10-27,425.62548828125,428.6446418796485,425.55046225853243,427.9789361517596,72438000
2021-10-28,429.7322998046875,429.80729721502064,427.0413206145411,427.050677407055,51437900
2021-10-29,430.6042175292969,430.8948789471614,427.1443795021593,427.43504092002377,70162400
2021-11-01,431.3450012207031,431.96383713747196,429.61977470154915,431.5887642564896,48433600
2021-11-02,433.0889892578125,433.398421537022,431.38250486096626,431.51378609797507,48908400
2021-11-03,435.7330627441406,436.1362346004919,432.0856879971298,432.5263728629684,52509800
2021-11-04,437.7865295410156,437.8709123645309,435.9862767972165,436.3331934985726,52847100
2021-11-05,439.3054504394531,441.2932109079652,437.7958878886841,440.0086692059953,66390600
2021-11-08,439.6804504394531,440.8993800137787,438.99600255528054,440.4024399467041,50405200
2021-11-09,438.2271423339844,440.28054321030675,436.8207049454919,440.0461369788913,51149100
2021-11-10,434.7017822265625,438.22726206677805,433.2203470294367,436.5395195710356,69429700
2021-11-11,434.84234619140625,436.2675545379645,434.8236039920207,436.19252851233256,34848500
2021-11-12,438.1239318847656,438.67712708546725,435.1610340703008,436.10804427887786,53466700
2021-11-15,438.2740478515625,439.56797493267015,437.14891501750157,439.40859470618256,46980500
2021-11-16,440.0086975097656,441.14321584749956,437.93655408966225,438.01155150607127,48857500
2021-11-17,438.9398498535156,439.9243448118025,438.32101382308866,439.7461937448289,47858300
2021-11-18,440.4306640625,440.69319795520033,437.2521011266173,439.97120828973823,50625600
2021-11-19,439.6429748535156,441.5650945480242,439.2772873896782,440.31803734544474,57315600
2021-11-22,438.4052734375,444.0028951339013,438.1989948186662,441.5181949166131,72762000
2021-11-23,438.9867248535156,439.83996718067124,435.48001592036644,438.0772273060244,73206500
2021-11-24,440.15863037109375,440.28052618496287,436.17372459112534,436.98945366666055,61858800
2021-11-26,430.3417053222656,434.96418925297854,429.2165439866492,433.50149668510204,112669600
2021-11-29,435.62054443359375,437.45828126856935,432.9295654860119,435.12360436955294,86268800
2021-11-30,427.1445007324219,435.08618670574947,426.9007090428121,433.18280884176426,148559600
2021-12-01,422.4000244140625,435.68618205628803,422.2031311937479,432.8451797070104,131939200
2021-12-02,428.8696594238281,430.43550572803196,422.22190176024696,422.6157168413784,127637800
2021-12-03,425.1379089355469,431.58874442702455,420.9185967447433,430.5292522904625,137331600
2021-12-06,430.1730041503906,432.0482542479885,425.2692148441158,427.6789180869,98977500
2021-12-07,439.0710754394531,439.6336562155435,430.0417412560462,435.44247092403845,95484700
2021-12-08,440.23370361328125,440.68377393878586,437.71148993714627,439.4648728181905,72238800
2021-12-09,437.26141357421875,440.3368223530035,437.06452034105865,438.94912708653544,61272600
2021-12-10,441.3775939941406,441.52761743144606,437.41145846142433,439.9617996675269,77159800
2021-12-13,437.4676818847656,441.20879629669554,437.1863772299923,440.86187964178026,87724700
2021-12-14,434.45782470703125,436.6893763663621,431.541825239176,434.2046763056092,97264100
2021-12-15,441.24627685546875,441.4900398681601,432.0012806047948,434.5141370446989,116899300
2021-12-16,437.35516357421875,443.37469964954175,435.8080595359977,443.09342361388826,116568600
2021-12-17,432.7004699707031,437.2827414785998,430.9974086651927,434.28120719660683,135511600
2021-12-20,428.0993347167969,428.4945046145701,424.4862092214544,427.62887521925904,107134800
2021-12-21,435.7020263671875,435.84315849906136,429.35082200169626,431.51492459595994,69806300
2021-12-22,440.0584716796875,440.1713773813337,435.2503599777173,435.44797367017134,58890200
2021-12-23,442.79644775390625,444.292505385076,440.95225471803604,441.05574201583715,56439700
2021-12-27,449.0630187988281,449.1100532638039,444.12319396445406,444.1702284294298,56808600
2021-12-28,448.6960144042969,450.52139946166386,447.9338723531307,449.4958012534843,47274600
2021-12-29,449.27001953125,450.28619942831625,447.802188171838,448.7995600259367,54503000
2021-12-30,448.02801513671875,450.7002217741406,447.56697399413,449.69343150623797,55329000
2021-12-31,446.89886474609375,448.68660504135966,446.62601892001857,447.5387114670403,65237400
2022-01-03,449.4864501953125,449.61819265083415,445.8545162929149,448.15975083339737,72668200
2022-01-04,449.3359375,451.6223929028808,447.48232558918886,450.9072851460478,71178700
2022-01-05,440.7076721191406,449.74050080120287,440.61357447061033,448.96894028365364,104538900
2022-01-06,440.2936706542969,443.0035221624816,437.9319546066855,440.2466361867598,86858900
2022-01-07,438.552978515625,441.47925183914367,437.1980527186537,440.3031029677847,85111600
2022-01-10,438.00726318359375,438.2236562011222,429.62367048499374,435.36328278709937,119362000
2022-01-11,441.99676513671875,442.0908627934465,434.751676287286,437.7438209696161,74303100
2022-01-12,443.1916809082031,445.2429062617321,441.2345819172256,443.7280116585806,67605400
2022-01-13,437.0851135253906,444.9417931268879,436.0595152339108,444.2925567024861,91173100
2022-01-14,437.263916015625,437.6120514809011,432.7286791584299,433.94247281173614,95890900
2022-01-18,429.5201721191406,432.7851627070061,428.4098944174529,432.5781593461344,109709100
2022-01-19,425.0601806640625,432.455790611051,424.7873060995941,431.0632487949444,109357600
2022-01-20,420.3555603027344,431.6371698449728,418.2384925675779,426.9419932565545,122379700
2022-01-21,412.1037292480469,421.58818048554997,412.0755028255823,419.2358828982697,202271200
2022-01-24,413.85382080078125,414.3619251147175,395.901098425589,406.50524550753806,251783900
2022-01-25,408.8011169433594,413.7409421509055,401.9135823339121,407.47441758472695,167997300
2022-01-26,407.77545166015625,417.80565092878885,403.52247970690104,414.68179318063454,186391100
2022-01-27,405.761962890625,415.50048178403745,404.07773829561154,412.36723366568094,149878300
2022-01-28,415.8392028808594,415.886237349482,402.54401155859085,407.11686454826264,164457400
2022-01-31,423.3288269042969,423.6769623039199,413.825540245353,415.17104738454265,152251400
2022-02-01,426.1892395019531,426.8290574808643,420.5343075616041,424.0533351601826,123155400
2022-02-02,430.329345703125,431.05384305532795,426.2833764423959,428.5886396673794,117361000
2022-02-03,420.2144470214844,426.2080966836343,419.3770152968473,424.30745056905977,118024400
2022-02-04,422.1903991699219,426.0293363499769,417.6080991681987,419.97923360740066,118454400
2022-02-07,420.8354797363281,424.3450895509773,419.50878037886775,422.95254768054906,84472900
2022-02-08,424.2980041503906,425.2201150815416,418.9159464741092,420.3367433125656,81012000
2022-02-09,430.5081481933594,430.8280572528607,428.1276239352286,428.3252089130967,92589900
2022-02-10,422.7738037109375,430.66810052892527,420.7790596867854,424.6744500762086,140103700
2022-02-11,414.43719482421875,424.9284364407401,413.00700821201644,422.858431768966,153214600
2022-02-14,413.0823059082031,415.50989334254666,409.61973040303707,413.9291560964369,123006300
2022-02-15,419.7440185546875,419.9133771021189,416.99652213320917,417.5140448697904,88482700
2022-02-16,420.2144470214844,421.58818077331404,415.82976087005267,417.7021805621434,84863600
2022-02-17,411.2380676269531,420.18621676202645,410.63589438127366,417.03413227878895,102259100
2022-02-18,408.57525634765625,412.7435205102697,406.30763817495443,411.4920821949047,132642900
2022-02-22,404.19061279296875,409.7702560003978,400.6997823601273,406.37355193227506,124391800
2022-02-23,397.0209045410156,407.66269937728737,396.4563472260344,407.0981420623061,132578000
2022-02-24,402.99566650390625,403.42850999389174,386.3790593344902,386.73658449661104,213942900
2022-02-25,411.8872985839844,411.97197784953823,402.5815957478885,404.22820402320997,121804500
2022-02-28,410.8334655761719,412.31071529051957,405.2538228246702,406.5052324542038,145615000
2022-03-01,404.576416015625,411.3416268267393,401.8759540045587,409.3374644946176,137785900
2022-03-02,412.01910400390625,413.7409734291532,406.07248803205465,406.82521187285215,117726500
2022-03-03,409.96783447265625,415.04879163986294,408.17067562721684,414.4466183746847,105501700
2022-03-04,406.63702392578125,407.7661096277124,402.60047290853925,406.2418252656333,113978200
2022-03-07,394.649658203125,406.7592814126414,394.5837869801388,406.05359214668294,137896600
2022-03-08,391.6575622558594,401.9700272063481,390.5943191141427,394.82845492231417,164772700
2022-03-09,402.158203125,404.13413881650297,397.8393882545467,400.02232727972273,116990800
2022-03-10,400.34222412109375,401.2360799371363,395.5999843486872,397.55708322285636,93972700
2022-03-11,395.2518615722656,403.43783985789673,394.7437572588801,402.8262482347944,95636300
2022-03-14,392.3631896972656,399.46711605847577,391.2246858439781,396.0233780795918,95729200
2022-03-15,400.9914855957031,401.62188528128036,393.69936293232934,394.9695806826798,106219100
2022-03-16,409.8831787109375,409.9396315604553,399.7024270341616,404.4917305799787,144954800
2022-03-17,415.0111999511719,415.0111999511719,407.5967527483876,407.9731146505722,102676900
2022-03-18,419.5566711425781,419.8775739934096,412.66663547827596,413.4028311487186,106345500
2022-03-21,419.43408203125,421.3878136478484,415.93240645546575,419.38687263527476,88349800
2022-03-22,424.3420104980469,425.27640505720075,420.8214687288552,420.8214687288552,74650400
2022-03-23,418.8771057128906,423.30372739490633,418.79216338171153,421.81246957458256,79426100
2022-03-24,425.1914367675781,425.200884406194,419.7832397355188,420.8969665486931,64736900
2022-03-25,427.2679138183594,427.5416361124458,423.2471369609336,425.8238364518409,77101300
2022-03-28,430.3070983886719,430.3070983886719,424.7856157896072,426.6733001787727,68529800
2022-03-29,435.6303405761719,436.12115693733773,431.5057549157547,434.18626321308204,86581500
2022-03-30,432.9404296875,435.30003519309184,430.83565120715195,434.4883159212036,79666900
2022-03-31,426.27691650390625,432.997068540125,425.8238618663555,432.1759304126346,121699900
2022-04-01,427.4850158691406,427.99466991123313,423.91729355560483,427.8530993439852,89048800
2022-04-04,431.1470947265625,431.2509323439472,426.86207198374484,427.683210068739,59601000
2022-04-05,425.70111083984375,432.119225743506,424.5590699380688,429.6558116325977,74214500
2022-04-06,421.4443359375,423.71899870282925,418.5656292465307,421.7935816863143,106898000
2022-04-07,423.5680847167969,425.3802745470558,418.62236044413095,420.5666732140926,78097200
2022-04-08,422.4354553222656,425.32361011547357,420.89698794603316,422.8129864370016,79272700
2022-04-11,415.2150573730469,420.0097628914947,414.7148221783834,419.16972953989875,89770500
2022-04-12,413.6766052246094,420.71765996000386,412.12869019333453,418.19758861647455,84363600
2022-04-13,418.41461181640625,419.1696739257571,413.2517947132498,413.4311270048809,74070400
2022-04-14,413.2046813964844,419.7549485147844,413.1008437773758,418.64119283709516,97869500
2022-04-18,413.3745422363281,415.0545800894282,411.14705981320014,412.27968190004844,66002500
2022-04-19,420.0475158691406,420.76481631207815,413.10082271070314,413.2707073837323,77821000
2022-04-20,419.7360534667969,422.4354571159878,418.5751460041488,421.8219654514646,65224400
2022-04-21,413.4595031738281,424.73842874926703,412.55342274585064,423.3509795921558,85417300
2022-04-22,402.114501953125,413.47834025677906,401.5481909244776,412.3740611145033,132471800
2022-04-25,404.4458312988281,404.61571598232445,395.31886452951045,399.87763849644267,119647700
2022-04-26,392.7326965332031,402.1144891433886,392.7043824228615,401.9162615672227,103996300
2022-04-27,393.83697509765625,399.169705902769,391.7039115793856,393.8086609873536,122030000
2022-04-28,403.78509521484375,405.51234242525084,394.14847523083597,398.57509707971343,105449100
2022-04-29,388.86297607421875,401.9540624319965,388.11733269096055,399.8021034252902,145491100
2022-05-02,391.2036437988281,392.5627785875403,382.2748777111381,388.9289811149941,158312500
2022-05-03,392.9969787597656,395.40376459664327,390.1465571793375,391.7039196895496,100028200
2022-05-04,404.96502685546875,405.53133806883346,390.47703993216464,393.65778428237235,144247900
2022-05-05,390.5713195800781,401.1329155913623,386.4467339742489,400.7081751004019,172929100
2022-05-06,388.2400207519531,391.50570647733946,382.9450801949944,388.01350785652954,151770800
2022-05-09,375.80963134765625,383.5868812355381,374.23340232623997,382.35045035687074,155586100
2022-05-10,376.67791748046875,383.27536414376215,372.6477223262594,381.77465875186067,132497200
2022-05-11,370.69403076171875,381.35001745771194,369.94838734516037,375.7152782695393,142361000
2022-05-12,370.3070068359375,373.57269244374504,363.5207798183708,367.5037946408941,125090800
2022-05-13,379.1602783203125,380.53827982576547,373.3933876739787,374.43161982347493,104174400
2022-05-16,377.621826171875,381.2839385536254,375.27166828724563,377.5180173546355,78622400
2022-05-17,385.38970947265625,385.62567005660986,379.9720348785095,383.7002236264894,83029700
2022-05-18,369.85394287109375,381.123419587076,368.61751205317614,380.8402784851767,117674500
2022-05-19,367.58880615234375,372.00600991179766,365.3707710345012,366.79598209392395,98510700
2022-05-20,367.7492370605469,374.7336635050742,359.1697150107811,371.1659411793916,131432200
2022-05-23,374.6298522949219,375.3943621595535,368.45711634736125,370.7695124155736,76414900
2022-05-24,371.7699890136719,372.9592105064328,365.2291411864955,370.5146628553773,91448800
2022-05-25,375.0545654296875,377.01777330975807,369.8823286767236,370.278726265349,91472900
2022-05-26,382.5486755371094,384.18153289436907,376.073931942696,376.2815783765453,82168300
2022-05-27,391.93988037109375,392.0531368146943,384.80443638650837,385.0026351628093,84768700
2022-05-31,389.7407531738281,393.0725149914447,387.00361655148845,390.3259307298854,95937000
2022-06-01,386.5882873535156,392.86483164009155,384.0776638781302,391.8549424707136,86585800
2022-06-02,393.9503173828125,393.9974979722233,384.18154466114504,386.42789374965014,79609600
2022-06-03,387.4849548339844,390.7884022780611,386.51279859544996,389.240487364167,71874300
2022-06-06,388.664794921875,393.21409252066996,387.49441098526677,391.48687393580764,57508900
2022-06-07,392.39300537109375,392.8460600638363,384.71956253522416,385.1820648685809,59272400
2022-06-08,388.1268005371094,392.4684805286195,387.33397652533813,390.6846048993001,64350000
2022-06-09,378.89599609375,388.6175587452947,378.89599609375,386.3523433395128,86289800
2022-06-10,367.9096374511719,373.55382355387263,367.862456867888,372.70437142833873,132893900
2022-06-13,353.9407958984375,360.3683584476511,352.3362527688543,358.5184359528124,170004900
2022-06-14,352.8742980957031,356.7157429736958,349.77849666174114,355.68695837561785,104011800
2022-06-15,357.9049377441406,362.3409783554577,351.22251951050276,356.1682429235863,125666800
2022-06-16,346.0597229003906,350.10881384000515,343.63404163139757,349.702968623294,134473300
2022-06-17,346.8056945800781,350.1423885814665,343.30789944734585,346.4739460122469,111113900
2022-06-21,355.53607177734375,356.9200257502837,352.44584583713896,352.52169557516805,76811900
2022-06-22,354.8914794921875,358.99595685720385,350.90071887328156,351.3178056312109,90059400
2022-06-23,358.37042236328125,359.1003099203532,353.4696950419875,357.0243929538025,79292100
2022-06-24,369.7643127441406,369.77380119326506,361.507944524138,361.5363809433128,98050300
2022-06-27,368.3519287109375,370.9776545538821,367.2618273862305,370.68380190795756,66009600
2022-06-28,360.8255310058594,372.6840125215524,360.7117853009558,369.9066154900696,86548900
2022-06-29,360.5316467285156,362.3611241546952,358.71165775298255,361.3753088463661,65676000
2022-06-30,357.6025695800781,360.834977987892,353.156825579061,356.64516179349505,112508300
2022-07-01,361.384765625,361.8208293565842,354.33224330989844,356.94850998659183,74839700
2022-07-05,362.0672607421875,362.08623764291843,353.4791138897527,356.3039239194396,81438000
2022-07-06,363.2900695800781,365.7736135029027,359.8301699411462,362.2094276989218,70426200
2022-07-07,368.73114013671875,369.52738892243804,363.3090402764563,365.0626968664323,64525900
2022-07-08,368.4278259277344,370.2952282014979,365.5745794315864,367.10071569720793,72397800
2022-07-11,364.2190246582031,366.7215164411496,363.5270331899998,365.7546492181339,58366900
2022-07-12,360.99615478515625,366.0485817006183,359.25198645225834,363.66929460188067,62219200
2022-07-13,359.1001892089844,362.0292847605267,355.14738265957544,355.56446938861467,84224600
2022-07-14,358.2281494140625,359.30876226262916,351.71594911911046,354.15207948496095,89704800
2022-07-15,365.07220458984375,365.1859502897795,360.72125799807424,362.6265563284071,79060400
2022-07-18,362.0577697753906,368.825898190188,360.8349458407432,368.1528836213448,63203600
2022-07-19,371.84027099609375,372.4090283274704,365.31861090466685,365.97264856832055,78506000
2022-07-20,374.2101135253906,375.62253303614597,370.6649043931411,372.02991057920354,71843800
2022-07-21,378.02081298828125,378.06819739042936,371.2337061216237,373.63194122008764,64903900
2022-07-22,374.513427734375,379.33833343517273,372.29530007355766,378.1439748043947,72197300
2022-07-25,374.9684753417969,375.8215969964553,372.73137056679104,375.1390938870878,53631500
2022-07-26,370.53216552734375,373.53705331768873,369.6411191276845,373.3285099278068,52946400
2022-07-27,380.1535339355469,381.8977018374365,373.52755888438156,373.8214115297532,82342100
2022-07-28,384.9215393066406,385.61350177770953,377.4140068493156,380.9592441702565,73966600
2022-07-29,390.5332946777344,391.51913892921795,385.58515437514285,386.3529667558723,87003700
2022-08-01,389.3768005371094,391.8793213752261,387.1302364241008,387.8411758992656,69997500
2022-08-02,386.8079528808594,391.4906766053588,385.63254218875403,387.8127450392465,63435400
2022-08-03,392.86517333984375,394.0310955881913,388.6469207989162,388.931285023342,67820600
2022-08-04,392.5997314453125,393.4718009620609,390.9598207163616,392.78929793981433,45656600
2022-08-05,391.9361877441406,392.5807659148732,388.26774474140564,388.3246175842232,56814900
2022-08-08,391.481201171875,395.87007236927724,390.3816112599049,393.6235081493515,53886100
2022-08-09,389.92657470703125,391.25365582181684,388.85542136603334,390.7512597952123,44931800
2022-08-10,398.1166076660156,398.258818700046,395.01692204612334,396.96963344138766,68665700
2022-08-11,398.1166076660156,402.8183081055924,397.3772317875,400.96036549541424,59489700
2022-08-12,404.8563537597656,404.9606110010774,399.10247645360926,400.050395788599,61694500
2022-08-15,406.524658203125,407.04603117644456,402.59079888321116,402.64767172710765,54048300
2022-08-16,407.3209228515625,409.2451978170758,404.64778356108576,405.4535207281274,59289000
2022-08-17,404.4297180175781,407.13129350400095,402.4296224053403,403.7282670715911,63563400
2022-08-18,405.6051940917969,406.28766820146114,403.33965312992564,404.628809463559,49023200
2022-08-19,400.1546630859375,403.11216664311075,399.28256461046794,402.84675039895933,68016900
2022-08-22,391.8223876953125,395.50031863762473,390.9218529286444,395.3296712046477,77695600
2022-08-23,390.8745422363281,393.7846615275958,390.32473282411485,391.3958862975145,49105200
2022-08-24,392.12579345703125,393.49077064865355,389.96453858867704,390.6470127203874,49177800
2022-08-25,397.6617126464844,397.70909704947985,392.5239763063099,393.6140779290685,50942300
2022-08-26,384.20111083984375,398.0881206908962,384.14423800473423,397.5478287573556,103087000
2022-08-29,381.6607360839844,384.70354880710715,380.3052184856568,381.25313774516417,65370800
2022-08-30,377.4709167480469,383.0541750206006,375.3760233037477,382.81719520790887,85652400
2022-08-31,374.5987548828125,380.3431437236325,374.4660612189248,379.10137171228644,76029700
2022-09-01,375.7742004394531,376.1154375189932,369.7264703742915,372.428046300128,78740100
2022-09-02,371.8118591308594,380.64647400085363,370.0013297859772,379.4331384469464,99632100
2022-09-06,370.4089660644531,373.5939611226999,368.1908383071308,372.6555302445026,76637400
2022-09-07,377.0633239746094,377.8311362647998,369.8781086762223,370.0961115930664,70964200
2022-09-08,379.5279235839844,379.98290632149366,373.59393967123003,374.79781566335777,80821700
2022-09-09,385.42388916015625,386.28649896176773,381.4994904316069,381.7649066068571,76706900
2022-09-12,389.56640625,390.2868341942052,387.1871194866291,387.49046061347366,69256300
2022-09-13,372.6270751953125,382.10626800654813,371.5085373863549,380.90239200547273,122947100
2022-09-14,374.0489807128906,375.5656574561683,370.75021096587693,373.9257465690702,85023700
2022-09-15,369.80230712890625,375.3381528851013,368.53209861998994,372.4943947202488,87633800
2022-09-16,366.9810485839844,367.6378019325583,363.69728184111455,365.6294902775206,103084800
2022-09-19,369.8269958496094,369.8269958496094,363.7639505998914,363.84011191988435,73278500
2022-09-20,365.5818786621094,367.51405803281153,362.8311539935767,366.50513850212155,77274900
2022-09-21,359.20477294921875,370.55036925173334,359.1952455228189,367.504555601014,106746600
2022-09-22,356.1875,360.0708846733697,355.44508694272207,358.4337649769324,89472600
2022-09-23,350.21966552734375,352.7609904104437,345.78421269474035,352.7229097506912,122346900
2022-09-26,346.7550964355469,352.3707890222306,345.5367765894628,348.75391014864755,92581200
2022-09-27,345.8699035644531,352.5516221250691,343.48084301099055,350.28630194167937,108294100
2022-09-28,352.67535400390625,354.3600529595543,345.127482081543,346.8217084645166,110802200
2022-09-29,345.308349609375,349.42016092257757,342.36725004597866,349.1346285560483,112952300
2022-09-30,339.9686279296875,348.2779675279083,339.8353891876637,344.36600021604005,153711200
2022-10-03,348.94427490234375,350.79079510712245,341.9008619903515,343.68074828998994,89756500
2022-10-04,359.7568054199219,359.7853586515844,348.90614168269303,354.4551993806732,103602800
2022-10-05,358.91925048828125,361.1750432151708,353.0751323104993,355.3975589353477,88065700
2022-10-06,355.2167663574219,360.4707657776504,354.72180480787387,357.5201384792562,82333500
2022-10-07,345.308349609375,355.3023890964065,343.5474892236813,351.19054873616767,107789500
2022-10-10,342.6717834472656,346.65988314467035,340.43504562807703,346.42192984075376,76042800
2022-10-11,340.5016174316406,345.5367169870272,338.5694379532379,340.9775239932869,92482800
2022-10-12,339.37847900390625,342.48139902682294,339.1309983011124,340.91091321016154,76991800
2022-10-13,348.3350524902344,349.8008528442018,331.3356548770357,332.38265512986965,147254500
2022-10-14,340.39697265625,352.41837848921915,339.7592450066515,350.7907569397952,123737000
2022-10-17,349.1441345214844,350.24824134925336,340.06382821256403,346.46954168027236,93168200
2022-10-18,353.2464599609375,357.3583002169347,349.8103989866183,357.05371300233446,97162900
2022-10-19,350.7431335449219,353.9317132956456,347.9352732315164,351.2095126771094,79746900
2022-10-20,347.80206298828125,354.7122360773966,347.0405950042413,350.2958089110657,88283100
2022-10-21,356.2541809082031,356.7395859020458,346.02218871676973,347.5260408349085,131038400
2022-10-24,360.613525390625,361.746185620122,355.1310711064741,357.7771401495643,85436900
2022-10-25,366.3719482421875,366.6860338162217,360.4231157662592,360.5373287022716,78846300
2022-10-26,363.6116943359375,368.90377378445976,362.9739957124518,363.230974837986,104087300
2022-10-27,361.6699523925781,366.44804370025827,361.0512506396155,364.61105138754175,81971800
2022-10-28,370.2743225097656,370.7502290607999,361.3843916220893,361.5652384352448,100302000
2022-10-31,367.5997619628906,369.68423516133385,366.69555686556424,367.81868945232327,96631300
2022-11-01,365.9912414550781,371.5784099530066,364.82052968043666,371.34045662683894,85407600
2022-11-02,356.80615234375,369.9031091678092,356.70146685113565,365.4010229977816,126990400
2022-11-03,353.1322021484375,356.16848838692556,351.0191758170607,353.5700280593983,87100100
2022-11-04,358.21484375,360.6134021561234,352.17082513091503,358.8335164171756,103505200
2022-11-07,361.6414489746094,362.23156853069116,357.43442171013305,359.50936758378657,68286900
2022-11-08,363.59259033203125,366.56224244323937,359.5188315812918,362.74546276276726,84641100
2022-11-09,356.10186767578125,362.77408732506177,355.6069062348671,361.6223724698831,78495500
2022-11-10,375.6710510253906,376.00419136327525,367.0571555506598,369.3509991710931,141455800
2022-11-11,379.30712890625,380.106648595616,374.64322048105964,376.5278212790889,93839900
2022-11-14,376.0804138183594,380.89658611860307,375.8043798668183,377.5462142284,71903500
2022-11-15,379.28802490234375,382.9239582221826,375.4807721813481,381.8198514474499,93194500
2022-11-16,376.3945007324219,378.61221246717844,375.76630060291683,377.66039937041876,68508500
2022-11-17,375.2428283691406,375.9186366580597,371.3404174691277,371.6449756187588,74496300
2022-11-18,376.9466247558594,378.6408512891868,374.1007122482851,378.5742173860638,92922500
2022-11-21,375.5758972167969,376.7466376918826,373.7389050539046,375.6235052961584,51243200
2022-11-22,380.6300354003906,380.7918564006526,376.10892338301994,377.51761716325757,60429000
2022-11-23,383.0286560058594,383.51406095455076,380.06850204043604,380.29692789864373,68261600
2022-11-25,382.9430236816406,383.4950916496888,382.19111210524926,382.4671170422372,30545400
2022-11-28,376.83233642578125,381.4962149118125,376.0708685003482,379.8590951809206,67881600
2022-11-29,376.1851501464844,378.15538144006086,374.34812855248094,376.96561491269216,52310000
2022-11-30,388.0351867675781,388.0351867675781,374.51945716113363,376.4325818837763,144566700
2022-12-01,387.7496337890625,390.2433795179694,385.24636063389784,389.07263892248426,76398200
2022-12-02,387.30224609375,388.20645105003473,382.76210836744406,382.86679385886526,85342700
2022-12-05,380.33502197265625,385.4177008262784,378.98346353454565,384.48494250767516,77289800
2022-12-06,374.85260009765625,380.7157732131678,372.76815579992063,380.1732617355015,77972200
2022-12-07,374.21490478515625,376.57541212687585,373.0822446819997,374.005504706076,65927900
2022-12-08,377.14642333984375,378.212449392276,374.3195371968257,376.0994521400108,60737900
2022-12-09,374.3290710449219,378.45993659247966,374.205330689029,375.9090843451082,81447700
2022-12-12,379.725830078125,379.725830078125,374.4527776179369,375.11902932851245,75405800
2022-12-13,382.6003723144531,390.7098107273862,379.8401197057134,390.45283160745686,123782500
2022-12-14,380.1541748046875,385.9602409589763,377.21307559103866,382.257673780074,108111300
2022-12-15,370.85491943359375,376.2041040710259,369.19877403899443,375.29987006418787,117705900
2022-12-16,366.4765319824219,369.6414978313406,364.34426091502326,368.3028464297516,119858000
2022-12-19,363.3689880371094,367.00250429400353,361.70523742151596,366.6678340994925,79878100
2022-12-20,363.8662414550781,365.482194633709,361.2941043449694,362.61364283927566,74427200
2022-12-21,369.30694580078125,370.4352358837999,365.92204637130624,366.4575070608886,78167400
2022-12-22,364.038330078125,369.28777027212345,358.34902428686854,366.2662256920997,100120900
2022-12-23,366.13238525390625,366.2758070046261,361.4662030943732,363.01521636298173,59857300
2022-12-27,364.68853759765625,366.3618594408892,363.0152157544233,366.01764723973866,51638200
2022-12-28,360.15625,366.59137848650926,359.9267751898031,364.6216127041186,70911500
2022-12-29,366.63916015625,367.5092910145083,362.47018314198056,362.9961017998292,66970900
2022-12-30,365.67340087890625,365.8168226274327,361.8486652893112,363.9618527124626,84022200
2023-01-03,364.1339416503906,369.4981190554035,361.2749320892196,367.52838265402187,74850700
2023-01-04,366.9451599121094,368.9722652057651,363.34989894273167,366.3905568832152,85934100
2023-01-05,362.7571105957031,365.1093151949147,362.1642811518745,364.99457777745386,76970500
2023-01-06,371.0758056640625,372.19455357778276,362.785708249104,365.84547897836046,104189600
2023-01-09,370.8654479980469,376.4495872696216,370.68379991549534,373.2654787600865,73978100
2023-01-10,373.46630859375,373.5332484725184,369.34515816722075,370.2822289287242,65358100
2023-01-11,378.1898193359375,378.26633038365287,374.2312334389066,375.0439955334967,68881100
2023-01-12,379.5667724609375,381.02973273660194,375.22571833967487,379.289500125456,90157700
2023-01-13,381.0392761230469,381.61299228704434,376.10536380133436,376.3730941204777,63903900
2023-01-17,380.34124755859375,382.69348088927234,379.66236518124305,381.0201591163604,62677300
2023-01-18,374.3364562988281,382.58832869980466,374.1356658339176,381.52697849057256,99632300
2023-01-19,371.6113586425781,373.94442072442195,370.2918200719056,372.2997830998825,86958900
2023-01-20,378.5340881347656,378.68708106087394,371.36270886328373,373.00734634342695,91806400
2023-01-23,383.07598876953125,385.0074698849866,378.3811219727352,379.3373059432333,84178800
2023-01-24,382.6647644042969,383.5731214964874,380.2169362364954,381.40259479828296,59524900
2023-01-25,382.80828857421875,383.14295882633485,376.31579073268307,378.6010846087599,84800300
2023-01-26,387.0155029296875,387.17806706122406,382.5023129451065,385.4664894027648,72287400
2023-01-27,387.90472412109375,390.2760709827511,385.7628812656745,385.97324291614746,68346200
2023-01-30,383.0377502441406,387.37883383343035,382.7413355345612,385.1509087422322,74202000
2023-01-31,388.6696472167969,388.7174447402499,383.20981606709955,383.5540574493801,86811800
2023-02-01,392.80029296875,395.5445649835094,384.7205573752073,387.4552290338302,101459200
2023-02-02,398.5183410644531,399.9813013244029,394.78922953717114,396.68245506156615,101654500
2023-02-03,394.2824401855469,398.7000051703591,393.0776391240828,393.55573107794413,94736800
2023-02-06,391.8728332519531,393.26888274999055,390.21865378736663,391.8346069060138,60295300
2023-02-07,396.998046875,398.2410744328294,389.71192928803475,390.95495684586416,90990700
2023-02-08,392.6568908691406,396.36688886374986,391.96843733219856,395.0282373142556,76227500
2023-02-09,389.2528381347656,396.4051030685636,388.02892410560145,396.2521101673666,78694900
2023-02-10,390.1612548828125,390.54372257551336,387.26401906949224,388.0767519738261,70769700
2023-02-13,394.7414245605469,394.8753043260224,390.352543539111,390.8115223602018,64913500
2023-02-14,394.55975341796875,396.86413102531327,390.61070909281807,393.2210725630297,88389300
2023-02-15,395.841064453125,395.9175463340548,391.52866525765285,392.3701118499811,61555700
2023-02-16,390.3907165527344,394.81785216860595,390.25686599597043,390.8783796232902,76431500
2023-02-17,389.4154968261719,389.6545428210452,386.34612524209655,388.2680643786122,89257800
2023-02-21,381.6034851074219,386.4513451946088,381.34532592151567,385.39953691428894,82655900
2023-02-22,381.0775146484375,383.55402728513724,379.62409654042705,382.0145561334285,83742300
2023-02-23,383.10467529296875,384.5772067863999,378.88790045751995,383.96523503521115,96242400
2023-02-24,379.0121765136719,379.84405183245593,376.3922419822525,378.0942481460913,108194400
2023-02-27,380.3030700683594,383.7070827492521,379.36599925020045,382.3492886397092,80444700
2023-02-28,378.8974914550781,381.785156708453,378.79229603840645,379.82499112745273,96438600
2023-03-01,377.4440612792969,379.30863174384257,376.1436650512144,378.0847173960627,99706800
2023-03-02,380.3795166015625,381.2209631061389,375.13961830151106,375.4742885040699,85127800
2023-03-03,386.4799499511719,386.7285670881584,381.54603781817946,382.1962358283126,90120000
2023-03-06,386.7476806640625,389.5971190249731,386.3078442662089,387.30225445436355,72795900
2023-03-07,380.8193664550781,386.93896700217493,380.20742390861926,386.699921017692,108310600
2023-03-08,381.4408874511719,382.19625170885286,379.212962662717,380.9341111603913,74746600
2023-03-09,374.40338134765625,383.88873887527785,373.41851305631604,382.2249589763906,111945300
2023-03-10,369.0009460449219,375.93327957719293,367.4806170891498,373.8583475978051,189253000
2023-03-13,368.4749755859375,373.28460811867615,363.9713580532645,365.0805347641921,157790000
2023-03-14,374.56597900390625,376.2106166958166,370.09101558517847,373.3898621469937,149752400
2023-03-15,372.2232971191406,372.42408758364206,366.8973453679593,368.9818486133687,172996900
2023-03-16,378.7539978027344,379.0982391870772,369.36429390384325,369.87107021323396,143254200
2023-03-17,374.32537841796875,378.5582467760813,372.943216125859,377.42565051475987,140553400
2023-03-20,377.9246826171875,378.33743311980123,374.4021114765073,375.10277090610924,93055800
2023-03-21,382.8870544433594,383.36697102971766,379.69079357481445,381.28412015653794,91524200
2023-03-22,376.36016845703125,386.3232414014182,376.3217962204962,382.71428861761933,111746600
2023-03-23,377.3776550292969,383.25182988301947,374.6709182110407,379.2205184817109,119351300
2023-03-24,379.85394287109375,379.9403243336123,373.7589969312936,376.10099199884445,107682400
2023-03-27,380.5642395019531,382.89665633801565,379.67160169490063,382.1287722364247,74010400
2023-03-28,379.71002197265625,380.5642582938647,377.8767370350477,379.8731772141997,62871700
2023-03-29,385.22906494140625,385.4690232440617,382.6662973806607,383.8660888939379,77497900
2023-03-30,387.4846496582031,388.1085353397573,385.6225710265115,387.8589693504225,69840000
2023-03-31,392.94610595703125,393.2436518891425,388.3004877505952,388.4060846284512,112062600
2023-04-03,394.4434509277344,394.84656445369103,392.03426030988214,392.42779542260035,67391100
2023-04-04,392.2550048828125,395.3744624499985,390.88242129149666,395.0864949456508,66601500
2023-04-05,391.22802734375,392.28384974684195,389.57711302940226,391.5255732993779,65200200
2023-04-06,392.754150390625,393.0325102209904,389.3851264771968,390.4313411526847,63743300
2023-04-10,393.1571960449219,393.2339990912432,389.6634190235722,390.2776969352446,63681000
2023-04-11,393.26287841796875,394.66422675434245,392.4950235384784,393.7811965721071,59297900
2023-04-12,391.659912109375,395.61444936283374,391.0744279375137,395.3264818376402,86420400
2023-04-13,396.8622131347656,397.2173467130726,391.6023169352439,392.7445207254535,85814800
2023-04-14,395.89288330078125,398.41724987626077,393.58928895643874,396.2288308553667,78161500
2023-04-17,397.3133239746094,397.3325100919648,394.5777937246766,395.80637894641507,66436400
2023-04-18,397.57244873046875,399.0218060432113,396.199894466918,398.887415353016,63560000
2023-04-19,397.50531005859375,398.4075262603893,395.60482989922565,395.66241754419593,55227300
2023-04-20,395.3360595703125,397.0829628319808,393.79071305675006,394.6929585087422,75840400
2023-04-21,395.64324951171875,396.10395069254025,393.6947893230702,395.6336418065236,73457400
2023-04-24,396.05596923828125,396.4782981802782,394.1075090570705,395.44166194381876,64332100
2023-04-25,389.76904296875,394.6450119030647,389.7114553215701,394.088292257947,97766700
2023-04-26,388.11810302734375,391.4583328014488,387.56141271088387,390.3833244029181,80447000
2023-04-27,395.8448791503906,396.1136313192731,390.40261111578326,390.65217716252755,92968400
2023-04-28,399.223388671875,399.2329963765921,394.904139565875,394.9617272106124,89433100
2023-05-01,398.8203430175781,400.8455772162606,398.589963107647,398.78194148395835,62122300
2023-05-02,394.3378601074219,398.1580067083917,391.43917444922255,398.1099974743272,103998500
2023-05-03,391.6310729980469,397.24610223448997,391.3911147340261,394.8369118903513,91531800
2023-05-04,388.857177734375,390.9112052798367,387.52299570222164,390.5848655498766,94901900
2023-05-05,396.05596923828125,397.1021838881152,392.22624422840113,392.48538864162396,87891800
2023-05-08,396.16156005859375,396.64147667611564,394.76021173712985,396.3823322476967,50046800
2023-05-09,394.4242858886719,395.53769601743005,394.19393527299343,394.61626426292884,49220100
2023-05-10,396.2671203613281,397.8892407221348,392.44697389350114,397.2557473304781,96142900
2023-05-11,395.5760803222656,395.8640185793233,393.5028369960926,395.4033173680311,70157100
2023-05-12,395.0577697753906,397.0254455424627,392.63900049417026,396.8142810526254,70481500
2023-05-15,396.4206848144531,396.8237983199805,393.75234992228525,395.66240845072787,54289400
2023-05-16,393.7716064453125,396.2383850257728,393.7619987390595,395.31692397910456,57705500
2023-05-17,398.55157470703125,399.1562450551422,394.14594356293253,395.7872502342352,87287000
2023-05-18,402.3908996582031,402.8132286270494,398.0140624281471,398.23480532655367,97177200
2023-05-19,401.8053894042969,403.8210450825171,400.5864117249465,403.29314851307697,103793300
2023-05-22,401.96856689453125,403.50430592203884,400.58640469895295,401.8245977682805,60745400
2023-05-23,397.4573669433594,401.9013998007867,397.0638317760762,400.32725913165393,86383500
2023-05-24,394.5778503417969,396.238372422446,393.4164603018304,395.85444497777297,89213700
2023-05-25,397.994873046875,399.44423070710803,395.84485582251955,398.0812545290906,90961600
2023-05-26,403.1490478515625,403.8689226046634,398.5706549668809,398.6474287188291,93830000
2023-05-30,403.3027648925781,405.606359045202,401.92060254264607,405.0784624260676,72216000
2023-05-31,401.0663146972656,402.3812815149699,399.50178187032054,401.4790359496369,110811800
2023-06-01,404.8768615722656,405.9326839874396,400.0489015795839,401.2966730663804,88865000
2023-06-02,410.7318420410156,411.5188830151562,406.92130300774403,407.44919955900986,91426200
2023-06-05,409.9447937011719,412.3635629860605,409.2441048720611,411.0773899248413,65460200
2023-06-06,410.8373718261719,411.36526832885664,408.87930404707026,409.53201283462573,64022200
2023-06-07,409.4168395996094,412.3635345526036,408.9945106484148,411.2309384070294,85373300
2023-06-08,411.89324951171875,412.34437231335727,408.71620378018724,409.48405866767195,61952800
2023-06-09,412.63232421875,414.63837227354514,411.6436971048215,412.6899118726264,85742800
2023-06-12,416.3756408691406,416.4524439304632,412.89147087099775,413.61134578902306,76104300
2023-06-13,419.1207275390625,419.76379931662035,417.1722675057486,417.8345546921649,95899700
2023-06-14,419.61981201171875,421.4243028592492,416.1740148259687,419.4566567941883,100612100
2023-06-15,424.82220458984375,426.06997610483035,418.7080714411939,418.8040313332803,110303100
2023-06-16,423.3751525878906,427.3732510116979,422.9030966686289,426.80484934957235,114165800
2023-06-20,421.1785888671875,422.32503554227975,419.1072877770987,421.4387253030806,76160400
2023-06-21,419.0205993652344,420.99555478179644,418.4329109170005,420.1959468611093,76982300
2023-06-22,420.5331726074219,420.6391323512952,417.72967888460175,418.06687430704443,70637200
2023-06-23,417.3539123535156,419.1362056994903,416.64100677536294,417.08416191308544,92074500
2023-06-26,415.648681640625,418.70263864501453,415.4078319979814,416.7854848977608,72823600
2023-06-27,420.20556640625,420.82212620155866,416.0725783167209,416.5253768197751,72813700
2023-06-28,420.41754150390625,421.4290983033547,418.5100016357142,419.1265614695,75636000
2023-06-29,422.0744934082031,422.2382840858477,419.5985816622902,420.0031925590313,67882300
2023-06-30,427.0553283691406,428.0379843526411,424.96474047999936,425.28267848094407,104964000
2023-07-03,427.54669189453125,427.82605633249915,426.4291459408796,426.70853977944085,32793400
2023-07-05,426.91082763671875,427.6430199831629,425.7258367708566,425.7354801650757,58418400
2023-07-06,423.5678405761719,423.991738320798,421.06299828536083,423.3366343156822,80658300
2023-07-07,422.4984436035156,426.438769743823,422.2575939538954,422.5755319557256,86134200
2023-07-10,423.5678405761719,423.7412452715391,421.57359837767063,422.1420000351028,62443500
2023-07-11,426.26531982421875,426.7566624993896,423.3558667490492,424.32890870557475,64463800
2023-07-12,429.695068359375,431.10165159958825,428.6257099376319,430.0515505672172,91924500
2023-07-13,433.1054382324219,433.8954320784897,431.0726814584312,431.5061931540125,72425200
2023-07-14,432.8357238769531,434.83958003816,432.07463074719146,433.991813962652,69815800
2023-07-17,434.3385925292969,435.3886934056767,432.6430016974079,432.6911892645716,52680200
2023-07-18,437.5660400390625,438.2115006773749,433.5775554716282,434.01109662916457,80668200
2023-07-19,438.5390319824219,439.7239933832524,437.48890168977437,438.3559839057652,65891700
2023-07-20,435.629638671875,438.44277595137646,434.9167330067793,437.546822172173,70591600
2023-07-21,435.629638671875,437.546822172173,435.6200246768038,437.3444872667297,71275600
2023-07-24,437.5756530761719,438.38490436691495,435.74517222742827,436.7760157789645,54023400
2023-07-25,438.770263671875,440.02267010001805,437.2577208036124,437.3059083742901,55191200
2023-07-26,438.8376770019531,440.26348802035136,436.7856334140258,437.8357342912967,71052900
2023-07-27,435.92816162109375,442.6237927069571,435.0225647127747,442.2191524157684,92194400
2023-07-28,440.19610595703125,441.0246146496096,435.92822776892785,439.1941631701477,80011800
2023-07-31,441.0342712402344,441.39072403261815,439.35793761574195,440.6681750532694,62040400
2023-08-01,439.7722473144531,440.51405372612544,438.81846261305157,439.56991241987384,55291500
2023-08-02,433.65460205078125,436.9205079074881,432.90315234388123,436.6604008783812,93933400
2023-08-03,432.4118347167969,434.2904737931767,430.9956375639887,431.64112757810364,64276100
2023-08-04,430.4560546875,436.32314765989025,429.93581129765926,434.2229461165231,100128900
2023-08-07,434.21337890625,434.36752621178806,431.59293351328745,432.28658168791264,58357500
2023-08-08,432.3251647949219,434.20380401220746,428.9725267488997,431.67967473239247,71361300
2023-08-09,429.4349365234375,432.7586735355105,428.6738433785323,432.59488283321724,78789600
2023-08-10,429.5890808105469,435.16716703483127,428.42337671620794,431.7856284811605,93005500
2023-08-11,429.33856201171875,430.3501481391964,427.1227570858758,427.7200594884635,68690900
2023-08-14,431.7085266113281,431.7085266113281,428.1150686990038,428.4233633029166,47867400
2023-08-15,426.67962646484375,430.2923712690211,426.1111954097984,429.9358890851779,75707500
2023-08-16,423.548583984375,427.9223925566891,423.44259484772283,426.26534575201464,80107200
2023-08-17,420.3211669921875,425.273020314269,419.8009235363625,425.01291328665195,95711300
2023-08-18,420.52349853515625,421.5543421169173,417.1612467523088,417.5080561439708,98852000
2023-08-21,423.2595520019531,424.00135836533855,419.3867000805202,421.5350602162778,68719000
2023-08-22,422.11309814453125,425.0321947779214,421.55433988295033,425.0321947779214,64994200
2023-08-23,426.8144226074219,427.4310117399543,423.0282736798397,423.1727775700932,68441000
2023-08-24,420.8992614746094,428.9243595057039,420.87033128977225,428.4137593836846,88517300
2023-08-25,423.866455078125,425.14776219480035,419.07836317797603,422.62366273446645,102325100
2023-08-28,426.55438232421875,427.1709421526019,423.8664919427265,426.05339622552776,61595400
2023-08-29,432.7201232910156,432.999517120143,426.26534084235647,426.4483889303442,83081900
2023-08-30,434.5024108886719,435.1382574911251,432.35402143192493,433.05731299234867,69053900
2023-08-31,433.8665771484375,436.2557869248091,433.6835290574293,435.11898360214246,66084600
2023-09-01,434.6758117675781,437.06505085275637,433.2210704898494,436.5833515582069,58944100
2023-09-05,432.7971496582031,434.5505420529184,432.72973410501413,434.23263347174435,55166200
2023-09-06,429.8876953125,432.09388618903915,427.5659013158959,431.98789706191957,70758500
2023-09-07,428.56787109375,429.24223247025344,426.5447281630559,426.8915375451562,70355400
2023-09-08,429.2133483886719,430.74514868706615,428.25959315019446,428.61604594030854,61659700
2023-09-11,432.0361022949219,432.34436749416994,430.12856253408137,431.83376742594476,60180100
2023-09-12,429.6661682128906,432.11320909412444,429.08815252492514,430.59105211482444,67565400
2023-09-13,430.1671142578125,431.3231749266096,428.78943192828973,429.8877204342684,60199300
2023-09-14,433.8761901855469,434.5698383708397,431.332833106535,432.6334271290332,83430800
2023-09-15,428.6486511230469,432.6222009297626,428.21361030761426,432.29349359000435,111848900
2023-09-18,428.900146484375,430.1956508895868,427.86566664070887,428.3393877167999,55752200
2023-09-19,428.0106201171875,428.57137880593234,425.3326034960519,427.981617392204,66514600
2023-09-20,424.07574462890625,429.6831540306982,423.87269606637597,429.26743850526196,82562600
2023-09-21,417.0664978027344,421.49441429318694,416.91180676973505,421.233389771168,104095800
2023-09-22,416.1286926269531,419.6864977783781,415.71294757869936,418.091288955446,100829700
2023-09-25,417.87860107421875,417.9172517040119,414.485134786977,414.920205158679,70874500
2023-09-26,411.7394714355469,415.54865360911657,410.90801075336816,414.84288124552415,96168400
2023-09-27,411.90380859375,413.4700443597365,408.26867230252077,412.9092856337623,104705800
2023-09-28,414.291748046875,415.964317107926,410.762945679416,411.35270706101295,92258300
2023-09-29,413.28631591796875,417.5112133076614,411.7684378270295,417.3371969608053,115111300
2023-10-02,413.1219482421875,414.3691244055631,410.36657139466814,412.454856073705,83798600
2023-10-03,407.5919189453125,413.1800040858978,406.2287317175528,410.9467055118216,103760600
2023-10-04,410.5599670410156,411.3043900178651,406.59609392791054,408.0559666596498,87453000
2023-10-05,410.40521240234375,411.2463208378169,407.18579226927517,410.26984669791165,70142700
2023-10-06,415.27789306640625,416.8150963910029,406.63472757769614,407.9592344326086,113273300
2023-10-09,417.93658447265625,418.5069910271343,412.8318987010215,413.3829504373266,80374400
2023-10-10,420.1119079589844,422.70291641435927,418.16863686530417,418.56502711101643,78607300
2023-10-11,421.832763671875,422.0841107631383,418.79700772466646,421.17534896503963,62451700
2023-10-12,419.2610778808594,422.81888280363904,416.91176888328704,422.4418474172078,81154200
2023-10-13,417.17279052734375,421.95844616014017,415.606584539678,420.75959814761615,95143100
2023-10-16,421.5621337890625,422.62561629317145,419.1741442361407,419.4158434641518,75433200
2023-10-17,421.54278564453125,423.5924199141401,418.0913430371363,418.43937576892034,75324700
2023-10-18,415.9256591796875,420.73064064200355,414.8428514424272,419.77352121429993,93559800
2023-10-19,412.2711486816406,418.44899434083845,411.5944086302288,416.64108906158174,121323000
2023-10-20,407.2051696777344,412.3775387523352,407.09880668145956,411.8361348739324,123919900
2023-10-23,406.4993591308594,410.3568982821464,403.9276761980999,405.67757598059893,92035100
2023-10-24,409.56414794921875,410.7146385432617,406.7700909338865,408.61667642933105,78564200
2023-10-25,403.6859436035156,407.91086989621283,403.17354254116606,407.8818671758645,94223200
2023-10-26,398.8520202636719,403.47330792914914,397.9335809780985,402.6225515026816,115156800
2023-10-27,397.04412841796875,400.8339851009318,395.62293584989493,400.43759484678344,107367700
2023-10-30,401.79107666015625,402.8448816266276,398.5329761803426,399.8284803456642,86562700
2023-10-31,404.3144226074219,404.6334525608876,400.4568834170143,402.3614742415841,79665200
2023-11-01,408.6263427734375,409.43844855236455,404.74947812853236,405.28123407598383,98068100
2023-11-02,416.4573974609375,416.612088488878,412.3968391143164,412.41616442869764,94938900
2023-11-03,420.2569274902344,421.80380835994043,418.63271585397734,418.75840416588386,100167800
2023-11-06,421.2237548828125,421.66847320739254,419.28048362094427,421.01105837900457,67831700
2023-11-07,422.4224853515625,423.0605747296388,420.08285380291056,421.223666855701,64256100
2023-11-08,422.7319030761719,423.544008852029,420.4309219590949,423.0219303160148,61746000
2023-11-09,419.43511962890625,423.9113935278032,419.0097266771128,423.8727133946502,83174400
2023-11-10,425.9803161621094,426.2896982135309,419.4254351571336,421.5040718428815,89462200
2023-11-13,425.57421875,426.67635158624597,423.862999304961,424.64610222932566,52236100
2023-11-14,433.83074951171875,435.1165763059157,431.2783917339626,431.50076562505876,97176900
2023-11-15,434.74920654296875,436.3927730128096,433.8984205823122,435.16492211328534,77327600
2023-11-16,435.28094482421875,435.59997479434537,433.24098818272,434.30447059030485,66665800
2023-11-17,435.8223876953125,436.43147446982493,434.37219232906403,435.2906316917746,83133200
2023-11-20,439.1771240234375,440.01823251915994,435.56128392675316,435.5709613361329,69936200
2023-11-21,438.2200012207031,439.0514618608499,436.9534996970191,438.13299304399567,49244600
2023-11-22,439.91180419921875,441.2266629948292,438.8193487605321,439.8731535760335,59394900
2023-11-24,440.1825866699219,440.3759578384197,439.6315348978691,439.9602422808771,29737400
2023-11-27,439.3898620605469,440.3663068584605,439.0031197003399,439.55420100976517,50506000
2023-11-28,439.8248596191406,441.1203637861366,438.44234728096177,439.0030764411284,62115000
2023-11-29,439.5154724121094,443.10230972873876,439.1191116939092,441.97114450802434,63146000
2023-11-30,441.2460632324219,441.59412543023933,438.28766732031204,440.35662667945024,79752700
2023-12-01,443.8564453125,444.3881717849613,440.0472633152973,440.6369952391435,89183400
2023-12-04,441.5264587402344,443.8757680204174,439.25448022667734,440.47265370720123,72430900
2023-12-05,441.4394836425781,442.3966031608258,439.76691433401015,440.14397929835064,69793500
2023-12-06,439.6605529785156,443.60507121667763,439.225482586349,443.57606849081975,69124700
2023-12-07,443.0153503417969,443.6630877368815,441.13976201140014,441.73917136361564,66995400
2023-12-08,444.9198913574219,445.4516177863762,442.02914891320626,442.2708481089666,83194400
2023-12-11,446.6504211425781,446.82446698086267,444.2141039538438,444.42680041904015,65002200
2023-12-12,448.6904296875,448.7871152745883,445.30664066950123,446.3024402574832,68327600
2023-12-13,454.8779296875,455.12930631637573,448.70976090431213,449.06747102737427,93278000
2023-12-14,456.33770751953125,458.00059897892254,453.6693392580144,456.81142844840025,119026000
2023-12-15,455.5864562988281,456.91636306344805,453.74210049149804,455.7417745258769,141553700
2023-12-18,458.1491394042969,459.12957270241793,456.13006180277284,457.1881393985243,70375300
2023-12-19,460.93511962890625,461.01279355520546,458.6151220933891,458.6927663957653,55761800
2023-12-20,454.5477600097656,461.96401935450547,454.12064234016117,460.0808267995912,102921000
2023-12-21,458.8577575683594,459.1295570366737,455.1107760152546,457.5278509164755,86667500
2023-12-22,459.7799377441406,461.4592882220052,457.8870580411275,459.98377994700513,67160400
2023-12-26,461.7213439941406,462.62410332069675,460.1099508863103,460.1876248035588,55387000
2023-12-27,462.5561828613281,462.7017844285322,460.98362668768385,461.5175089754055,68000300
2023-12-28,462.7308654785156,463.56566747559816,462.31346447997436,462.91530398929757,77158100
2023-12-29,461.3913269042969,463.06096072132885,459.4401769650659,462.5367654374911,122283100
2024-01-02,458.8092041015625,459.7993540123723,456.7124526493962,458.3335624378489,123623700
2024-01-03,455.0622863769531,457.39200051317124,454.4604467676884,456.6542463475319,103585900
2024-01-04,453.59649658203125,457.1687269140432,453.3732210773095,454.5866169474703,84232200
2024-01-05,454.2177734375,456.66396886840727,452.7713854034213,453.80034274035296,86118900
2024-01-08,460.7021484375,460.8477500166702,454.5866154970485,454.71281340697016,74879100
2024-01-09,460.0031433105469,461.0223837938476,457.54723173154656,458.0519936508328,65931400
2024-01-10,462.6047668457031,463.46871896304185,459.9935364474402,460.2750525964962,67310600
2024-01-11,462.40087890625,464.119036700077,458.4306513904914,463.60455806414546,77940700
2024-01-12,462.72119140625,464.58498035155515,461.3136700813151,463.8472262405501,58026400
2024-01-16,461.02239990234375,462.65319658217305,459.207164709733,461.3427529504032,85014900
2024-01-17,458.45977783203125,458.94513616011074,456.110630489601,458.00353981867966,68843900
2024-01-18,462.5367431640625,463.09005873569527,458.58594911701266,460.12938495584103,91856200
2024-01-19,468.3028259277344,468.58434205067863,462.5853202688259,463.6628015298727,110834500
2024-01-22,469.29296875,471.0111265282756,468.6425755704272,469.83656769535,75844900
2024-01-23,470.66168212890625,470.9043613024555,468.74939868030367,469.8365966379768,49945300
2024-01-24,471.1761474609375,474.45714470411593,470.6810725123754,473.52526505734005,81765000
2024-01-25,473.73883056640625,474.0106300348732,471.1761540957068,473.30199623812143,72525000
2024-01-26,473.1370544433594,474.79697179035713,472.292535611096,473.311776348533,76641600
2024-01-29,476.8839416503906,477.0295728420406,472.9040272208165,473.4476261562877,61322800
2024-01-30,476.5151672363281,477.2237715158321,475.7579797202695,476.1948141143149,58618400
2024-01-31,468.7396545410156,474.75807991768903,468.7202212489611,474.31155855924624,126011100
2024-02-01,474.8746032714844,474.90372358641025,469.6327095934461,470.43842101293257,91891600
2024-02-02,479.873779296875,481.5239798187347,474.971642466127,475.31139921660196,99228200
2024-02-05,478.12646484375,479.90289286822576,475.87442477356564,479.2428126687566,75757100
2024-02-06,479.51458740234375,479.84462748505155,477.64108188661896,479.06803644581043,55918600
2024-02-07,483.51397705078125,483.93137810723994,480.854193242822,481.756982255993,70556500
2024-02-08,483.7275085449219,484.1060726186496,482.69855130751233,483.513949705615,52343600
2024-02-09,486.5231628417969,486.95996752942966,483.89249957484776,484.2322563033971,63979400
2024-02-12,486.30963134765625,488.75582660767503,485.59128089218916,486.49406987855394,56502300
2024-02-13,479.6116638183594,482.53353038052535,476.3500701317823,480.04849815534635,113099200
2024-02-14,483.97021484375,484.4555731763151,479.92231331563113,482.2423403647749,68387800
2024-02-15,487.3094482421875,487.4938867654942,484.19342663721847,484.6690979139186,61683000
2024-02-16,484.8826904296875,488.1442842020213,484.144936285217,487.00856229426716,75532900
2024-02-20,482.2132263183594,483.8149029118612,479.97087316267243,483.14510603430045,71736700
2024-02-21,482.6499938964844,482.80531210783914,479.10688422021883,480.9124325062878,59293400
2024-02-22,492.638671875,493.5996718242251,488.2898508655614,489.25088043870596,76402500
2024-02-23,492.9784240722656,495.1916567031526,492.25038663284334,494.3568250348437,61321800
2024-02-26,491.1728515625,493.85203868692207,491.0466536727384,493.4152043952731,50386700
2024-02-27,492.08538818359375,492.30866367947897,489.9692329795254,491.86214231163,48854500
2024-02-28,491.4350280761719,492.01743437576624,490.17307863790023,490.5322390639573,56506600
2024-02-29,493.2016906738281,494.8130838290683,490.5516532421677,493.1920036518268,83924800
2024-03-01,497.8320007324219,498.25911842016706,493.6676477127876,494.0753617325155,76844800
2024-03-04,497.2981262207031,499.1425115484434,497.00692307628157,497.03607301464484,49799300
2024-03-05,492.3280944824219,495.7450362651965,490.1245782125844,495.2984852488147,72855600
2024-03-06,494.82275390625,497.074823378055,493.53171394872805,495.5993152849811,68382400
2024-03-07,499.734619140625,500.7830096761973,494.8810360564722,498.1135389799133,58652100
2024-03-08,496.7351379394531,503.0447667007892,496.1624186562773,500.36563844693006,86532500
2024-03-11,496.30804443359375,496.8904803915719,493.6094531314212,495.5314829055719,62557200
2024-03-12,501.64697265625,502.22937893995004,495.90028750048145,498.41446966211043,73114400
2024-03-13,500.8606872558594,502.1420404607562,499.424045441815,501.9673185575223,55104100
2024-03-14,499.87054443359375,501.9866995940405,496.8321966177629,501.831351753217,110171800
2024-03-15,496.4381103515625,498.2590153922283,494.7730358188075,496.80813351794416,107646300
2024-03-18,499.3885498046875,501.93972478311895,498.9795987021718,500.498619372016,88893300
2024-03-19,502.1636657714844,502.44602683293346,497.69420694088996,498.6971800566581,60755300
2024-03-20,506.808349609375,506.9446864437559,501.5502289693654,502.22210687375775,69594600
2024-03-21,508.4832763671875,510.3430798516799,508.2008558207935,509.6420207680806,60256100
2024-03-22,507.51922607421875,508.88241615238655,507.2854803107173,508.3955498176283,79070800
2024-03-25,506.11700439453125,507.26600171225357,505.9611738991571,506.1461854674636,48512100
2024-03-26,505.18218994140625,507.87944816611747,504.78298573958654,507.5386061090331,65463700
2024-03-27,509.4276428222656,509.4666301607913,505.84431416109436,508.00603133212223,82999800
2024-03-28,509.330322265625,510.8298490860622,509.0479612048705,509.4666590943707,96294900
2024-04-01,508.4441833496094,510.605900605306,507.2854391895369,510.07035956686866,62477500
2024-04-02,505.2115173339844,505.3477947483364,502.9134629158643,504.62724203503336,74230300
2024-04-03,505.7664794921875,507.266065898289,504.0721940901131,504.1208688391064,59155800
2024-04-04,499.59307861328125,510.10938062558256,499.29122383235546,509.7685979294163,96858100
2024-04-05,504.8122863769531,506.76949880632685,500.50840405890517,500.94659570356,74546500
2024-04-08,505.0946350097656,506.51630625250846,504.2864795999242,505.5133924018632,48401800
2024-04-09,505.6788024902344,507.0712329255352,500.8393207404325,506.82779978442835,68049200
2024-04-10,500.6154479980469,502.6018412987628,498.6388015333815,499.9922448100833,82652800
2024-04-11,504.3935546875,505.8346601112469,498.6290735605831,502.1344876196163,70099000
2024-04-12,497.43133544921875,502.2707879594682,495.70780962230026,500.85886371567153,92561100
2024-04-15,491.199462890625,501.7644387082916,490.3522904966187,501.5989207934361,92101400
2024-04-16,490.3036193847656,493.19560665785394,489.01828510429004,491.6765860412786,73484000
2024-04-17,487.4018859863281,492.9229634124424,486.00945537176443,492.7574157801548,75910300
2024-04-18,486.39892578125,490.88784877913054,485.46415075166374,488.7943295112607,74548100
2024-04-19,482.1535339355469,487.3143058583513,480.88766347352384,486.32110910602853,102212600
2024-04-22,486.59368896484375,489.18382142190774,482.4163675078979,484.75331996273405,67961000
2024-04-23,492.3679504394531,492.79639521919916,486.4087108687592,488.5996095177476,64633600
2024-04-24,492.13421630859375,494.04272395926796,489.91410708182036,493.25400289949073,55928100
2024-04-25,490.2646484375,491.02415872515365,484.42225246602163,486.0678630419317,69122400
2024-04-26,494.909423828125,496.48686615025724,492.41667033113185,493.0495906841402,64306100
2024-04-29,496.662109375,497.33398732987405,493.9259228058318,496.6913201679961,46415400
2024-04-30,488.79437255859375,496.1752536684076,488.79437255859375,495.2015209263445,77483600
2024-05-01,487.2071838378906,494.84124497607075,486.7397814235659,488.2101273744075,80242800
2024-05-02,491.76422119140625,492.6016467604268,486.4281553313073,490.9073316662554,62550200
2024-05-03,497.8597717285156,499.08665465274976,495.20147091341136,497.73318173027803,72756700
2024-05-06,503.00115966796875,503.0400875844757,499.81703439349593,500.2552260399176,47264700
2024-05-07,503.55615234375,504.9485829994704,502.8842743906612,503.9651034446084,52561300
2024-05-08,503.604736328125,504.14027734043043,501.6085965012132,501.72543965182825,42047200
2024-05-09,506.5064697265625,506.5454570669787,503.1373929681529,503.7897771689901,43643700
2024-05-10,507.15887451171875,508.911581170476,505.94170885537113,508.10336653372445,52233200
2024-05-13,507.22705078125,508.94082976185797,506.0878002167031,508.8337334335511,36716400
2024-05-14,509.5543212890625,510.070428158798,506.8863031411852,507.42184425163964,57535900
2024-05-15,515.8641357421875,516.1562436643347,511.38492968552964,512.0178797101214,59504900
2024-05-16,514.802734375,517.558414507879,514.6566506998298,515.9614786446474,50244800
2024-05-17,515.5427856445312,515.6109540647997,513.4687302561026,514.9195824580145,59187600
2024-05-20,516.1367797851562,517.5973789121299,515.2701433728218,515.6596602461204,37764200
2024-05-21,517.4025268554688,517.5583573493641,515.1727006539206,515.3772058901883,33437000
2024-05-22,515.9129028320312,517.4221768932046,513.7414381195646,516.7113709167669,48390000
2024-05-23,512.1444702148438,519.0676954201629,510.93699174891134,518.9605990872589,57211200
2024-05-24,515.5330810546875,516.3412958961842,513.0403275362747,513.9848197975488,41291100
2024-05-28,515.893310546875,516.5749353115505,513.2642204156563,516.3412489766735,36269600
2024-05-29,512.2807006835938,513.458938533357,511.5698948988185,511.87174962966077,45190300
2024-05-30,508.88238525390625,511.4043788648702,507.6360384172024,510.7422478216335,46377600
2024-05-31,513.5173950195312,513.6439850215788,504.7440541264526,509.8367164200918,90785800
2024-06-03,513.9360961914062,515.4064420460951,508.87267437322015,515.1240809646227,46835700
2024-06-04,514.5106201171875,515.2506664560023,511.17072418863216,512.631323194632,34632700
2024-06-05,520.6256103515625,520.645104022442,514.8416361330836,516.8280887412405,47610400
2024-06-06,520.6159057617188,521.3559521321091,518.6879340097541,520.9275073614583,30808500
2024-06-07,519.9829711914062,522.787325920015,518.5515533208824,519.6421291117942,43224500
2024-06-10,521.589599609375,521.9109480214009,518.5807990347079,519.1747616812378,35686100
2024-06-11,522.8458251953125,522.9042467845098,518.0745108271142,520.0414700499772,36383400
2024-06-12,527.1398315429688,529.8273428520355,526.107677431855,527.402758345961,63251300
2024-06-13,528.2013549804688,529.0582445758802,525.4164935113477,528.8829798084458,44760900
2024-06-14,528.5226440429688,528.5518251182958,525.6695550365463,526.6725282080745,40089900
2024-06-17,532.7291259765625,534.1216160104203,527.3833430672393,527.8410283318889,55839500
2024-06-18,534.0826416015625,534.2092316077063,532.3688625324717,532.7875604635906,41376400
2024-06-20,532.6318359375,535.6698774866474,530.8596351285086,535.0077463215187,70328200
2024-06-21,531.917724609375,533.0313753907063,530.4621917432297,531.8102827682807,64338600
2024-06-24,530.1885375976562,534.3011982327657,530.0713174980777,531.7417933525489,45528700
2024-06-25,532.2301635742188,532.5916021065416,529.8954209069973,531.4095633564096,37936200
2024-06-26,532.8946533203125,533.6077524053179,530.4720243887124,531.1167351250136,38550600
2024-06-27,533.7346801757812,534.3110621107577,532.0153722749866,532.7578061070262,35041500
2024-06-28,531.6343994140625,537.5543137581463,530.3938098387125,534.5064116818106,76144500
2024-07-01,532.728515625,533.2560061424955,529.9737236752046,533.0117876323043,40297800
2024-07-02,536.3135986328125,536.3135986328125,531.0775683576217,531.126400132376,40434800
2024-07-03,538.7069702148438,539.068408833479,535.9619565950238,536.0010100914286,32789900
2024-07-05,541.8134155273438,542.2139076372644,538.3747999305978,539.0097918869257,41488400
2024-07-08,542.4386596679688,543.3861988920726,541.3738407022457,542.5949332840256,36110500
2024-07-09,542.9661254882812,544.2946598471173,542.6730752067231,543.3959524424528,27289700
2024-07-10,548.3389282226562,548.6808102777995,543.894163387503,544.1872136667199,38701200
2024-07-11,543.61083984375,549.3255886798729,542.9759074999535,548.4561564855596,53054200
2024-07-12,547.0396118164062,550.6345006536228,544.2653232987394,544.7342036963953,53084400
2024-07-15,548.5440063476562,551.7774564341378,546.6879221671659,549.0324432768749,40584300
2024-07-16,551.7970581054688,552.090108393895,549.1008762046278,549.8530882979716,36475300
2024-07-17,544.0601806640625,547.5476278240299,543.7377955656038,545.8771519032762,57119000
2024-07-18,539.8792114257812,546.5806130354061,537.7008012722223,545.5939606590898,56270400
2024-07-19,536.2940673828125,541.2663824595259,535.2390267295067,539.644738170822,65509100
2024-07-22,541.8232421875,542.4288993582354,538.277184442637,540.2113760766848,43346700
2024-07-23,540.9733276367188,543.8648365993427,540.484890622907,541.7157018138391,34439600
2024-07-24,528.7135620117188,536.4699449259502,527.7952979520205,536.1671163330532,74515300
2024-07-25,525.9586791992188,534.7994361794972,525.0209183627663,528.8306910081631,61158300
2024-07-26,531.8492431640625,534.5356464631268,528.9674531548811,529.7392217162956,53763800
2024-07-29,532.1619262695312,534.3989464184045,530.1690650137424,533.3927971337158,39515800
2024-07-30,529.4657592773438,534.6822931769603,526.0662565076813,533.6272524601584,46853600
2024-07-31,538.072021484375,540.6998152024645,534.9167372159726,536.2843251839307,65663400
2024-08-01,530.452392578125,542.0381046138815,526.9551667505608,539.7913062018092,76428700
2024-08-02,520.5762329101562,524.5716145988897,516.3756265717791,523.3603002519518,82789100
2024-08-05,505.4151306152344,511.47176200774925,498.4695402072865,499.8078827767836,146267400
2024-08-06,510.07476806640625,517.4989864003181,505.8937188490462,507.2124748611044,84826300
2024-08-07,506.6654968261719,519.2965314666948,506.0696179320819,516.2486294067602,70698300
2024-08-08,518.378173828125,519.0033278281719,509.7719169059722,511.79399346845105,63276600
2024-08-09,520.6640625,522.1489300560904,516.3365178449808,517.5576103421191,45619600
2024-08-12,520.9376220703125,523.3406939742863,518.6712672136742,521.8558860240913,42542100
2024-08-13,529.5047607421875,529.739260585726,523.8780165940644,524.122235093717,52333100
2024-08-14,531.1752319335938,532.3572709257232,527.6291745808618,530.2960214933445,42446900
2024-08-15,540.2796630859375,540.562935056648,536.1865589989441,536.7922160560852,60846800
2024-08-16,541.4910278320312,542.1846298407453,538.5115740387317,538.6678476452682,44430700
2024-08-19,546.66845703125,546.66845703125,541.0514314058853,541.9013070349608,39121800
2024-08-20,545.779541015625,547.8700657821756,544.4412283435015,546.2191462607274,33732300
2024-08-21,547.6551513671875,549.1106842316043,541.9013486274712,546.8248322343893,41514600
2024-08-22,543.35693359375,550.1559994238155,542.1456191373768,549.5503421956289,56121500
2024-08-23,549.1302490234375,550.0680696349215,544.4021520897437,546.5904001832064,50639400
2024-08-26,547.8211669921875,550.8690092024209,546.1214157161334,550.1559102385648,35788600
2024-08-27,548.5734252929688,549.0618623501647,545.4083627021253,546.5512887213379,32693900
2024-08-28,545.3887939453125,548.661357929549,542.204174863817,548.2315309438809,41066000
2024-08-29,545.4375610351562,550.6443160255352,544.294635177053,547.3522554939839,38715200
2024-08-30,550.6443481445312,551.1523417216108,544.2556134288437,547.8016709409602,62700100
2024-09-03,539.3125610351562,547.8406511283397,536.801987949737,547.5084877669302,60600100
2024-09-04,538.2088012695312,541.6083040829072,536.7532683896355,537.4761456891545,47224900
2024-09-05,536.8997192382812,540.9928237930679,534.4477558926965,538.1501466111926,44264300
2024-09-06,527.8637084960938,538.8437645502386,526.9650009606123,537.2221796738046,68493800
2024-09-09,533.7736206054688,535.0436043247605,530.1299001804285,532.0543726925215,40445800
2024-09-10,536.0986938476562,536.4504138231891,530.8138314182086,535.6786451567546,36394600
2024-09-11,541.5985717773438,542.5168359009789,527.4730091477311,536.0108800293665,75248600
2024-09-12,546.1604614257812,546.4632899534062,539.957276313442,542.1747991721596,51819600
2024-09-13,549.012939453125,550.0093699640063,546.5121445202687,546.7661412876428,39310500
2024-09-16,549.8237915039062,550.0875069413107,546.9517795427174,548.7491943236346,36656100
2024-09-17,550.0484619140625,553.477299266029,547.8211605278194,552.0314851715059,49321000
2024-09-18,548.4171142578125,555.5385046014119,547.8602888957543,550.702966140304,59044900
2024-09-19,557.7755126953125,559.6315971955383,554.9426137920285,557.8048475354702,75315500
2024-09-20,556.8114013671875,557.8500616857909,553.793383536953,556.4096807844697,77503100
2024-09-23,558.2026977539062,558.8494456443765,556.6642942041962,557.8793836152081,44116900
2024-09-24,559.7999877929688,559.8587776289324,556.1744550910837,558.9964868304339,46805700
2024-09-25,558.5653076171875,560.378103761662,557.4580492681129,559.6432009533316,38428600
2024-09-26,560.7799072265625,563.1414287581459,558.4282537761399,562.8180547288375,48336000
2024-09-27,559.9664916992188,562.6611352170194,558.9376397719122,561.8478858705382,42100900
2024-09-30,562.2103881835938,562.8179029799776,556.6447321030395,558.937595094156,63557400
2024-10-01,557.1738891601562,562.5043864049716,554.6066335561335,561.8576982708267,72668800
2024-10-02,557.4090576171875,558.4281611024765,553.8913563966638,556.282242548741,38097800
2024-10-03,556.3899536132812,558.3300776437013,554.1068390984451,555.9391917508498,40846500
2024-10-04,561.4461669921875,561.8185225581165,556.6643942780399,560.828843806913,42939100
2024-10-07,556.370361328125,560.446655391967,555.2239297880301,559.7999074826037,49964700
2024-10-08,561.6322631835938,562.230029540932,558.0655806170524,558.9376197622599,37398700
2024-10-09,565.5224609375,566.0809942856702,561.0248291372598,561.6225357741174,37912200
2024-10-10,564.5327758789062,565.953600014702,562.9257739624676,564.1800368650188,44138100
2024-10-11,567.9132690429688,568.6481717987969,564.3171018304082,564.4542980317323,42268000
2024-10-14,572.557861328125,573.4887501402064,569.0401003876937,569.5202272995722,36217200
2024-10-15,568.1093139648438,573.1262458468478,566.8942243784207,572.8224884018784,54203600
2024-10-16,570.5785522460938,571.097912292803,567.3058184280349,568.1093193754714,30725400
2024-10-17,570.6275024414062,574.3216329805343,570.4413246734956,574.1158386665669,34393700
2024-10-18,572.8223876953125,573.6062719503354,570.8528388827377,572.3128360166068,37416800
2024-10-21,571.8817138671875,573.0771269383695,568.9126781204517,572.0972566282711,36439000
2024-10-22,571.5780029296875,572.7342428128154,568.697181591541,569.3536780068462,34183800
2024-10-23,566.3552856445312,570.0004346494243,562.8571411229607,569.5594810059998,49314600
2024-10-24,567.5801391601562,568.3836400907534,564.9639018539431,568.3052337104026,34979900
2024-10-25,567.384033203125,572.6949728800472,566.4433960638868,569.8043437567766,47268200
2024-10-28,569.1381225585938,570.9802836348513,568.8343651367928,570.8528957024953,30174700
2024-10-29,570.0592651367188,571.1762720247682,566.7864714367279,568.1778707648036,42899700
2024-10-30,568.3346557617188,571.5780244818477,567.6291179550885,569.5888588084969,41435800
2024-10-31,557.1934814453125,564.0427655154251,556.9974954170759,563.9741674152153,60182500
2024-11-01,559.5451049804688,563.9643295266857,559.1335762073604,559.8194973668982,45667500
2024-11-04,558.3399658203125,560.9758196621659,556.4586313456186,559.6823835212687,38217000
2024-11-05,565.0913696289062,565.1305429213435,559.0357766836435,559.2513195018782,39478300
2024-11-06,579.142578125,580.0146771322202,573.6063462638446,577.3396500855225,68182000
2024-11-07,583.6205444335938,584.6396478381987,581.0630972629532,581.1415036340469,47233200
2024-11-08,586.148681640625,587.5695056932594,584.1693242787533,584.1693242787533,46444900
2024-11-11,586.707275390625,588.0888664930864,584.9826937261699,587.7361274635068,37586800
2024-11-12,584.8846435546875,587.2264882691159,582.4055428293386,586.6287817012992,43006100
2024-11-13,585.1688232421875,587.1677373847895,582.9837313260188,585.3451927424278,47388600
2024-11-14,581.4060668945312,585.7763103260314,580.7202054727688,585.296183408181,38904100
2024-11-15,573.9591674804688,578.3196033347165,572.1071978105703,577.8492248081469,75988800
2024-11-18,576.310791015625,577.6237838402152,573.5573576252949,574.4195885423085,37001700
2024-11-19,578.4175415039062,579.1426361014928,572.2737941658764,572.9400989259979,49412000
2024-11-20,578.613525390625,578.897666302881,572.8616903884546,578.4959457161364,50032600
2024-11-21,581.7196655273438,583.1404896221547,575.6249001169805,581.455141177832,46750300
2024-11-22,583.5226440429688,584.1497754660484,581.2101642027249,581.7098478799927,38226400
2024-11-25,585.5020141601562,588.7649396726674,583.2188992835091,587.451946771504,42441400
2024-11-26,588.5592041015625,589.2255088244219,586.0311216188419,586.746407902425,45621300
2024-11-27,586.7757568359375,588.7550542016285,585.256969810655,588.3729502321648,34000200
2024-11-29,590.4208984375,591.2047827973582,587.3147260107087,587.5890586237147,30177400
2024-12-02,591.4791259765625,592.1552388895445,590.3424429138348,590.8323780737772,31746000
2024-12-03,591.7534790039062,591.9984465923378,590.2151351783115,591.2439870884159,26906600
2024-12-04,595.4280395507812,595.6730071584342,592.7726289600115,593.4389336760423,42787600
2024-12-05,594.4480590820312,596.231430112411,594.095320145877,595.4279293312596,28762200
2024-12-06,595.5750732421875,596.8097196143469,594.8009970944031,595.212525949607,31241500
2024-12-09,592.5079956054688,595.6239761392873,591.9200973185369,595.4574149257465,34742700
2024-12-10,590.6658935546875,593.605504896008,590.0093971009587,593.1841677805376,37234500
2024-12-11,595.232177734375,596.1826234477978,593.3116099521484,593.5860024095599,28677700
2024-12-12,592.1651000976562,594.9380902901107,592.1651000976562,594.3698085144841,31543800
2024-12-13,592.0474853515625,594.9086900260288,590.6756429397628,594.1934038090473,35904700
2024-12-16,594.5755615234375,595.5456834945226,593.0274092921627,593.8014854078001,43695200
2024-12-17,592.1258544921875,592.9881452170704,590.7540718346318,592.0278913761272,55773500
2024-12-18,574.4784545898438,594.2031909866316,574.0962907751041,591.822113059209,108248700
2024-12-19,574.302001953125,581.0631314525076,574.057034359764,579.456129686489,85919500
2024-12-20,581.199951171875,585.7225012446567,571.132257605004,571.9778279294948,125716700
2024-12-23,584.680419921875,585.2801382457641,577.7687172457148,580.9443919924163,57635800
2024-12-24,591.1791381835938,591.2185033240278,585.4472496940897,586.0273454449668,33160100
2024-12-26,591.2184448242188,592.3392110668057,588.0133066034633,589.4093887705021,41219100
2024-12-27,584.9949340820312,587.7183292627742,580.8164691334702,587.4823184826345,64969300
2024-12-30,578.3192138671875,581.7799853973963,574.5733451400716,577.9948115421023,56578800
2024-12-31,576.2152709960938,580.6985158642835,574.583178079053,579.9807622286955,57052700
2025-01-02,574.799560546875,581.1803135593343,570.7292291618253,579.4696102256324,50204000
2025-01-03,581.986572265625,582.6255957493436,576.5594632537445,577.6409845465478,37888500
2025-01-06,585.3390502929688,589.6060270134918,583.608664526265,586.2337670283534,47679400
2025-01-07,578.722412109375,587.6889029930588,576.9035745975999,587.3644406233403,60393100
2025-01-08,579.5678100585938,580.6394897953063,575.3500401020275,578.7911287868388,47304700
2025-01-10,570.7192993164062,576.0874192959229,568.8119506064235,576.0185903209236,73105000
2025-01-13,571.604248046875,571.9581742427216,565.6658729466735,566.0788468496604,47910100
2025-01-14,572.3907470703125,575.1534475548353,568.6153544470202,574.5242054496483,48420600
2025-01-15,582.8026123046875,583.943061283102,579.2828525136379,580.3938376431494,56900200
2025-01-16,581.6818237304688,584.3461719512361,580.9837524950591,584.1692088227892,43319700
2025-01-17,587.521728515625,589.2717368825727,585.5848557638515,586.9121689712896,58070600
2025-01-21,592.8995971679688,592.9094384516549,588.5933154613438,590.5596519481012,42532900
2025-01-22,596.2326049804688,597.5893820777127,595.1707663809229,595.7213382459036,48196000
2025-01-23,599.4868774414062,599.4868774414062,595.3280946897063,595.6033506126263,41152100
2025-01-24,597.73681640625,600.4995770008244,596.5865262707722,599.54587252364,34604700
2025-01-27,589.2815551757812,589.5961762199101,584.6311885086425,584.798310310645,70361100
2025-01-28,594.3448486328125,595.1805175844501,587.1971967465958,590.5104687195756,44433300
2025-01-29,591.6804809570312,593.9614384934404,589.1340487911447,593.5583059073574,37177400
2025-01-30,594.8560791015625,596.389819126707,590.6087851839717,593.7943006280343,39281300
2025-01-31,591.6903076171875,599.6933113603776,590.9332488823969,597.2746959271392,66566900
2025-02-03,587.70849609375,590.1860392450765,580.5510025263411,582.6943020815504,65857200
2025-02-04,591.6510620117188,592.1622687341741,587.2268045597665,587.767535135661,33457800
2025-02-05,594.0499267578125,594.1974260072697,588.5049031019603,590.5302274178379,30653100
2025-02-06,596.1146240234375,596.242440705887,592.4867305159943,595.7901616750784,35771500
2025-02-07,590.6580200195312,597.8941240756534,589.9501076619601,596.6750050236558,50788500
2025-02-10,594.6693115234375,595.3083949100401,592.5948408497425,593.8631663388722,26048700
2025-02-11,595.12158203125,595.662312577201,592.2900526181724,592.4080280097315,30056700
2025-02-12,593.204345703125,594.3743182514838,588.436003976824,589.1143924293652,45076100
2025-02-13,599.4672241210938,599.6737110792319,593.047165943141,594.3055902381474,40921300
2025-02-14,599.4376831054688,600.7059485220444,598.8182823186273,599.6736338799176,26910400
2025-02-18,601.1975708007812,601.1975708007812,598.1399318067746,600.5978525430173,26749000
2025-02-19,602.61328125,602.9082197102092,599.3000091966954,599.8112758662747,31011100
2025-02-20,600.1062622070312,601.3843689751305,596.8028311734677,601.2467110134413,36554000
2025-02-21,589.8419799804688,600.0275889538111,589.3798596850504,599.8899309928074,76519800
2025-02-24,587.157958984375,592.8800056614799,586.4500466079941,591.8869960824046,50737200
2025-02-25,584.2378540039062,587.8264418905826,579.636634088407,587.0989070332523,58266500
2025-02-26,584.5328979492188,589.4881049123491,581.8980139327481,585.8995163780398,43321600
2025-02-27,575.20263671875,587.9543615454245,574.8094053796542,586.8040113591791,74196700
2025-02-28,584.178955078125,584.7098443771037,572.6365684069419,575.7040488167072,88744100
2025-03-03,573.9441528320312,587.2857532860544,570.1392964764723,586.1452445030724,74249200
2025-03-04,567.1504516601562,575.5369060706639,562.6180601948478,569.9525173224438,109648200
2025-03-05,573.24609375,575.035467216836,563.434093538414,566.9833166199888,71230500
2025-03-06,563.0703735351562,570.4047711019521,560.523941077153,565.7937090893346,80094900
2025-03-07,566.2261962890625,567.6714847046253,556.1094174114145,561.2907328755356,81158800
2025-03-10,551.14453125,559.9536812738498,546.2385307775894,558.0365509948175,99326600
2025-03-11,546.5628051757812,554.5265029627828,542.7284855075093,549.984271043128,88102100
2025-03-12,549.4631958007812,553.6318192815521,544.3703918307585,552.7076387923001,69588200
2025-03-13,542.1386108398438,549.6991769603108,540.4279077137791,549.0896174558009,74079400
2025-03-14,553.3369750976562,554.3398260143258,542.2075022062043,546.7497351697265,62660300
2025-03-17,557.60400390625,560.1209127085318,552.8847473951123,553.3173439083719,49008700
2025-03-18,551.5771484375,555.5098219909205,549.6501167935029,555.2934937414076,66041400
2025-03-19,557.5841674804688,561.3398770802173,552.1767425607164,553.3565563629542,66556000
2025-03-20,555.971923828125,560.9664364159598,553.1305525718145,553.8483063542163,62958200
2025-03-21,556.1552734375,557.0526817242638,550.2878724028328,551.5205297947124,83763000
2025-03-24,566.1151733398438,567.1703352751009,562.2890000340255,562.880651498493,58766800
2025-03-25,567.4760131835938,568.4127846067184,565.73055113845,567.3181993393742,38355700
2025-03-26,560.7012329101562,568.3338361253896,559.3206328679597,567.2096383928869,51848300
2025-03-27,559.2122802734375,562.9792883535321,557.101956447335,559.3108687859911,42164200
2025-03-28,547.9506225585938,558.4134627917625,547.3688420558537,557.6837393471919,71662700
2025-03-31,551.62890625,552.9305994826874,539.282592409213,542.201546342058,95328200
2025-04-01,553.18701171875,555.1297110203275,545.9981756472096,549.715889513425,54609600
2025-04-02,556.687744140625,559.547472787333,547.1124411566806,547.3491017135567,76014500
2025-04-03,529.2538452148438,540.3674444952709,529.2538452148438,537.5471385326381,125986000
2025-04-04,498.2696838378906,518.5740121118964,498.05273494035157,516.404523136506,217965100
2025-04-07,497.3821716308594,515.9114550791749,475.115432610906,482.40291724281104,256611400
2025-04-08,489.591796875,517.6963548854247,482.3733480760591,514.6196468974629,165816600
2025-04-09,541.0083618164062,541.0083618164062,486.20934082523814,486.5939443539347,241867300
2025-04-10,517.3018798828125,526.098105010763,502.2535908103832,524.7865408671853,162331200
2025-04-11,526.5320434570312,528.9874872153164,512.8544826104954,515.7536950429114,97866300
2025-04-14,531.6401977539062,536.7286411738348,526.453165817952,536.5017912856171,68034000
2025-04-15,530.1510620117188,535.6930840370895,529.3621734315309,532.1824786951643,56892900
2025-04-16,518.3668823242188,530.4272422697393,513.0713913810127,524.3033791384568,83484800
2025-04-17,519.1065063476562,523.800475242003,516.6411916080497,520.3194821276195,79868100
2025-04-21,506.7503662109375,514.4618777265953,501.4055507612705,513.9293312369678,69368100
2025-04-22,519.9348754882812,521.9564215250564,511.9867032226325,512.9235348557764,75948100
2025-04-23,527.991455078125,537.8625838932508,526.4728430251603,532.9319549297188,90590700
2025-04-24,539.1051635742188,539.8348871004667,528.0211182344198,529.2734571828396,64150400
2025-04-25,543.0003662109375,543.4046513367819,536.1467793425768,539.0657336001437,61119600
2025-04-28,543.2073974609375,545.8699492792146,537.4583271221219,543.7399439376,47613800
2025-04-29,546.6292724609375,547.7435994540236,540.9393072120234,541.294298062473,47775100
2025-04-30,546.8462524414062,548.7988227140515,534.0069337400583,539.9729835885655,93101500
2025-05-01,550.7216796875,556.2440206119321,550.1201573586014,552.595342895286,63186100
2025-05-02,558.896728515625,560.4942476694231,554.5774922291787,556.8948640346016,60717300
2025-05-05,555.6918334960938,558.788283367358,553.9069479669498,554.7648727126054,38659200
2025-05-06,551.047119140625,555.533979770925,549.2326812616892,550.1891944565425,48264700
2025-05-07,553.3646240234375,555.9975635671368,548.325474465382,552.3784980322621,55588000
2025-05-08,557.2202758789062,562.3974366423718,553.9069074354913,557.3977713110521,65130800
2025-05-09,556.51025390625,559.6263849147109,554.9521583078488,558.6205173502777,37603400
2025-05-12,574.9015502929688,574.9114211824733,569.0340889310521,573.4026196086874,78993600
2025-05-13,578.6981811523438,580.907093658496,574.7536773375426,575.3157161654024,67947200
2025-05-14,579.437744140625,580.8084133986617,577.4161378946785,579.6546629482465,66283500
2025-05-15,582.267822265625,582.7706958315019,576.9821425909696,577.4357820961777,71268100
2025-05-16,585.9559326171875,586.251758304484,581.104210780506,583.0468496173695,76052100
2025-05-19,586.596923828125,587.2773530559552,579.9405744991373,579.9405744991373,68168500
2025-05-20,584.6246948242188,585.8080578995526,581.419785763877,584.8614155899625,60614500
2025-05-21,574.7733154296875,584.3584902721909,573.7477661832594,580.2759146876367,95197700
2025-05-22,575.0001831054688,578.4811762683786,573.3434386116112,574.5760959985981,70860400
2025-05-23,571.0753173828125,573.7378691727489,567.6140060747297,567.988738706783,76029000
2025-05-27,582.9483032226562,583.1060568711622,570.4047514802384,577.9387671986972,72588500
2025-05-28,579.5757446289062,584.545857588394,578.8460211072919,583.3526236048898,68445500
2025-05-29,581.8636474609375,584.969968506741,577.9388851521843,584.8318964184041,69973300
2025-05-30,581.2127075195312,582.92855680446,575.148009692676,580.7590679776305,90601200
2025-06-02,584.4866943359375,584.5655410710423,576.9428072484826,579.6053591727813,61630500
2025-06-03,587.8197631835938,588.7960181097066,583.6385391723649,584.121791379625,63606200
2025-06-04,587.6619262695312,589.6539195966438,587.2280285207049,588.6776647088699,57314200
2025-06-05,584.8219604492188,590.6894216670538,582.8497086239531,589.3384339818148,92278700
2025-06-06,590.8274536132812,592.4940086999786,588.5790577947733,590.3540722792903,66588700
2025-06-09,591.3599853515625,592.9082102708385,590.1864930975049,591.3994087206146,53016400
2025-06-10,594.7128295898438,595.0973729509094,590.7781968461302,591.8924637491524,66247000
2025-06-11,593.0167236328125,596.6654019118176,590.9557539749433,595.807477097167,73658200
2025-06-12,595.37353515625,595.37353515625,591.2022416981604,591.6854337777163,64129000
2025-06-13,588.7171630859375,593.499849631983,587.218232455665,590.1963519379123,89506000
2025-06-16,594.3182983398438,596.0637602908375,591.892407169678,592.0699627819344,79984100
2025-06-17,589.2398681640625,593.401290785268,588.480531921813,591.8826784891205,82209400
2025-06-18,589.1510009765625,592.8785252065284,588.1944276516227,590.1371267775953,76605000
2025-06-20,587.7673950195312,592.8906208578056,586.3629131433069,591.8224395288368,94051400
2025-06-23,593.5730590820312,593.9587392448562,585.4035696790836,588.5190130228361,87426000
2025-06-24,600.1304321289062,601.1886530620405,596.7973078378046,597.7072691809916,67735300
2025-06-25,600.4666137695312,601.9402753154866,598.9039119654944,601.2479344884113,62114800
2025-06-26,605.1646118164062,605.5997923429508,601.7029677445283,602.3161684365299,78548400
2025-06-27,608.1712036132812,609.6350254118207,604.1359596054803,606.1634816784541,86258400
2025-06-30,611.0790405273438,612.4340220516922,608.2998373553096,610.6142201701539,92502500
2025-07-01,610.8812866210938,612.0483479268365,608.7746241554748,609.6053849111585,70030100
2025-07-02,613.650634765625,613.6901746824169,609.8526899336259,610.4757907292374,66510400
2025-07-03,618.4869995117188,619.4167005776212,615.6088560521965,615.628656191773,51065800
2025-07-07,613.8779907226562,617.1913144548079,611.0987877910964,616.5286134886126,74814500
2025-07-08,613.5418090820312,615.2923708557059,612.7307881009865,614.5406899285775,59024600
2025-07-09,617.2210083007812,617.8737488887257,614.1055045789822,615.945166968477,66113300
2025-07-10,618.9617919921875,620.000273214104,616.1825885407072,617.3595500232223,57529000
2025-07-11,616.7858276367188,618.0122289852302,614.7187654701638,615.9154666088177,63670200
2025-07-14,617.9627685546875,618.3089087938923,614.9857451789246,616.3308265898004,51898500
2025-07-15,615.3220825195312,620.9793689858044,615.242942324076,620.6431287961128,74317300
2025-07-16,617.3792114257812,617.8836320494379,611.276844692317,616.9044910111767,88987500
2025-07-17,621.1573486328125,621.5134493059918,617.3396644874989,617.557284919235,68885700
2025-07-18,620.7025146484375,622.5717567026577,619.5947932954602,622.4036365954075,65621600
2025-07-21,621.87939453125,624.6189973413707,621.4541141003111,621.87939453125,63375000
2025-07-22,621.9684448242188,622.828905853138,619.3277216791315,622.2058050575365,60046300
2025-07-23,627.259765625,627.259765625,622.8288205336723,624.6288825447934,70511000
2025-07-24,627.4674682617188,629.1785504969665,627.0421878119985,627.6454884244192,71307100
2025-07-25,630.1181030273438,630.5928838363332,627.8829206987424,628.1301809903662,56865400
2025-07-28,629.9598999023438,631.0478210681617,628.5752180855901,630.4939604147171,54917100
2025-07-29,628.2982788085938,631.6708825055948,627.3883778702398,631.3543820995848,60556300
2025-07-30,627.507080078125,630.6917636576716,624.6190364089183,628.9510415464463,80418900
2025-07-31,625.1531982421875,632.8380075585872,623.857556644127,632.4523273568442,103385200
2025-08-01,614.9066162109375,619.476041722763,612.5032535330552,619.4364414435403,140103600
2025-08-04,624.2530517578125,624.3024917393647,618.7243458354196,618.813325728958,73218000
2025-08-05,621.0880737304688,625.6772386500149,620.168272806011,624.8662177521945,68051400
2025-08-06,625.8455200195312,626.4982606508958,621.2464542892866,622.1563552914652,64357500
2025-08-07,625.3212280273438,629.9993730574174,622.2156245224251,629.2674923107387,74205800
2025-08-08,630.1972045898438,630.6620853000642,626.7949007710238,627.1114011688534,64051600
2025-08-11,628.9510498046875,631.947873553624,627.70484826023,630.4742118551501,58742300
2025-08-12,635.6468505859375,635.8050706066525,629.8114837326607,631.2950454377703,64730800
2025-08-13,637.8228149414062,639.1085564704525,635.6370120856271,637.8425547169825,60092800
2025-08-14,637.882080078125,638.5447207235369,635.300697252298,635.7457174616427,59327500
2025-08-15,636.388671875,639.0096552004113,635.4787708739423,638.9107148606824,68592500
2025-08-18,636.2501220703125,636.942462907598,635.1424008771667,635.814941575414,43804900
2025-08-19,632.7984008789062,637.0512656505922,631.4829592777961,636.0721245937336,69750700
2025-08-20,631.1170043945312,632.6500060324975,626.013578858981,632.3929060531275,88890300
2025-08-21,628.5851440429688,630.978606926108,626.8642219548319,629.3071851926883,54805800
2025-08-22,638.2381591796875,639.4151205943501,630.2664897119097,630.7709103705197,84083200
2025-08-25,635.4292602539062,638.218363635622,635.3105801411765,636.9820621561176,51274300
2025-08-26,638.0897827148438,638.4359833484747,634.5391586749303,635.1622594491828,51581600
2025-08-27,639.5436401367188,640.2755208793137,637.3578376120881,637.5062179210042,48341100
2025-08-28,641.8085327148438,642.3623933153343,638.267809046051,640.146950913372,61519500
2025-08-29,637.9810180664062,640.7404816664739,636.0919759234915,640.374480883152,74522200
2025-09-02,633.2533569335938,633.4709169972102,627.9619508913343,630.5136938017484,81983500
2025-09-03,636.6853637695312,637.1502445176759,633.4413400681225,635.6270824559713,70820900
2025-09-04,642.00634765625,642.0360478647699,636.4578416280056,637.3578424589464,65219200
2025-09-05,640.1470336914062,645.0625999768899,636.2799090574998,644.3405588325719,85178900
2025-09-08,641.7195434570312,642.718484610511,640.1370415028089,641.5118230975241,63133100
2025-09-09,643.2031860351562,643.7273464852004,640.1272219983028,641.8580441132016,66133900
2025-09-10,645.0625610351562,647.3768835600082,643.4998590892842,646.4570825189741,78034500
2025-09-11,650.423095703125,651.115436538164,646.4273914384058,647.0108918753651,69934400
2025-09-12,650.20556640625,651.8869485652141,649.701206088218,650.3934866540098,72780100
2025-09-15,653.6671752929688,653.795755474802,652.1144337731963,652.4111340519337,63772400
2025-09-16,652.7671508789062,654.5276730798186,651.9858301119879,654.2210123755038,61169000
2025-09-17,651.9561157226562,654.4682584259048,647.1295902463727,652.7770367516476,101952200
2025-09-18,655.0023803710938,657.603563340362,653.0341982051615,654.6364399867887,90459200
2025-09-19,658.2465209960938,659.0895125014193,654.9438659954435,656.8877828567474,97945600
2025-09-22,661.3607177734375,661.8069717744121,656.7290467709187,656.7588293222589,69452200
2025-09-23,657.7605590820312,661.856628548307,656.5406245808955,661.2416672722171,81708900
2025-09-24,655.6677856445312,659.1489540239103,654.2495430702726,659.0497999269948,68082200
2025-09-25,652.6429443359375,653.9917550046746,649.0328388399253,652.5338627083877,89622100
2025-09-26,656.3819580078125,656.9274266555326,652.4743298182361,654.0909412604747,69179200
2025-09-29,658.2266845703125,659.8135740530697,656.4216318338509,658.9010899003678,73499000
2025-09-30,660.7061157226562,661.1722852976668,656.173659297658,657.4828203674869,86288000
2025-10-01,662.9574584960938,663.8698820443607,657.6117327913598,657.7208144097488,72545400
2025-10-02,663.7210693359375,665.0600128657511,661.3011766397112,664.9410037342527,56896000
2025-10-03,663.7112426757812,667.1527012490268,662.6698219114437,664.4848020775174,70494400
2025-10-06,666.0914916992188,666.9841207809839,663.9591941673339,666.1014192164715,54623300
2025-10-07,663.6219482421875,667.4601442579947,662.1838505424819,667.0138297258598,72020100
2025-10-08,667.5791625976562,667.6783772359653,663.919480237528,664.7426772273783,60702200
2025-10-09,665.6452026367188,668.4023890582872,663.7112737749407,667.9957845708525,66501900
2025-10-10,647.6542358398438,668.4122493878771,647.4757221413303,666.6071968358344,159422600
2025-10-13,657.5919189453125,659.664772492732,654.3488290056752,655.2216030747315,79560500
2025-10-14,656.78857421875,660.3590300864076,647.8030207789583,651.7701536094826,88779600
2025-10-15,659.7044067382812,664.7228272522149,653.5156893256119,661.3408732132422,81702600
2025-10-16,655.2117309570312,663.2154294168515,651.710706867285,661.3409444600238,110563300
2025-10-17,658.9308471679688,660.2895852935891,652.7322022395391,654.0810128478913,96500900
2025-10-20,665.7840576171875,666.6866142382812,661.7872027532737,661.8367798071084,60493400
2025-10-21,665.7741088867188,667.4601523988813,664.4748753427003,665.9229005771253,56249000
2025-10-22,662.3128051757812,666.4783066993808,657.8497808005621,666.4783066993808,80564000
2025-10-23,666.2402954101562,667.1825015615415,662.3128121266341,662.6301900162397,65604500
2025-10-24,671.6851806640625,672.8951271271609,670.0983517375236,670.9016937183009,74356500
2025-10-27,679.6094970703125,679.9070199177999,676.5151383891614,677.1201116013259,63339800
2025-10-28,681.4144897460938,683.2492642554724,679.2028328185232,681.4045622297778,61738100
2025-10-29,681.7418823242188,684.0328991417463,677.2590027977353,683.0609104229828,85657100
2025-10-30,674.2440185546875,680.3037996369978,674.2440185546875,678.2805836148408,76335800
2025-10-31,676.4556274414062,679.4508319897004,673.6587916341136,679.4111219213156,87164100
2025-11-03,677.7251586914062,680.1649066224819,674.3530715971103,680.0359699637585,57315000
2025-11-04,669.6917114257812,674.3729598389511,669.0371611161902,670.5545580097922,78427000
2025-11-05,672.012451171875,675.2654684624238,668.6304366940664,669.4337786331213,74402400
2025-11-06,664.8021850585938,671.8140994484131,663.2252231578799,670.9115428502156,85035300
2025-11-07,665.4567260742188,665.5658682287408,655.7769731606511,662.4218719882706,100592400
2025-11-10,675.8407592773438,676.57466917413,669.4834554774103,671.6752576501947,75842900
2025-11-11,677.3878784179688,677.9532020666294,673.1529450781785,674.3629519753922,58953400
2025-11-12,677.7647705078125,679.3318048264125,675.3547447293747,679.1631581075335,62312500
2025-11-13,666.5180053710938,675.265541055433,665.0105359672095,674.9085136071693,103457800
2025-11-14,666.4088745117188,670.1082064558575,657.8200586834998,659.9127066954921,96846700
2025-11-17,660.2002563476562,668.1742314199619,656.7290154076413,664.1971714004484,90456100
2025-11-18,654.6561889648438,659.6547538697382,650.4708329116884,656.6595496130724,114467500
2025-11-19,657.185302734375,661.856623370592,653.3371790986623,655.3505280387882,94703000
2025-11-20,647.1683349609375,670.0090710879778,646.5335791707308,667.3808213360044,165293500
2025-11-21,653.6148681640625,659.0894699034471,645.5020288545189,649.6675301260088,123956200
2025-11-24,663.2351684570312,664.5542570793402,656.1538823239337,657.2448196444445,80437900
2025-11-25,669.4734497070312,670.6536740212097,659.020017057554,663.135941149376,81077100
2025-11-26,674.09521484375,676.0986363282427,671.1595147067713,672.0620713400136,71879600
2025-11-28,677.7747192382812,678.0523870500939,674.9084513312986,675.2654787466182,49212000
2025-12-01,674.6802978515625,677.3779187836101,673.1628406770591,673.232272756968,61201200
2025-12-02,675.9300537109375,678.2012155152329,673.7481184984898,676.316803165018,62953800
2025-12-03,678.2706298828125,679.2822075879724,674.105128319461,674.9779023816353,57238500
2025-12-04,678.7665405273438,679.7384687237238,675.7416137771377,679.6690366334618,61970300
2025-12-05,680.0557861328125,682.7336127271673,678.9549213715281,679.8375623637357,79241000
2025-12-08,678.0127563476562,680.9980334759979,675.9696853695019,680.9484564225444,55231500
2025-12-09,677.4276123046875,679.7583392727543,676.9813582671167,677.5367544682442,58310100
2025-12-10,681.92041015625,683.3088703732143,675.711837383319,676.9515664343469,85671300
2025-12-11,683.5072631835938,683.5866227950731,676.5647802535024,679.5104080599091,86173700
2025-12-12,676.1581420898438,683.2196338188487,673.5893968987631,682.5154459360199,113160300
2025-12-15,675.1365356445312,680.1252340287925,673.6687159286942,680.1053789946951,90811000
2025-12-16,673.2918701171875,675.4837328267965,669.4338188610296,673.6488975485244,122030600
2025-12-17,665.8832397460938,674.8489377460819,665.6848710067972,674.3034691132465,110625200
2025-12-18,670.9114990234375,675.1464323222394,669.3544527925658,672.0322187932205,108650100
2025-12-19,676.9923095703125,677.4896664833268,672.8940327515619,673.0134542661981,103599500
2025-12-22,681.2098388671875,681.7370055876305,676.9922622536055,680.3245290528953,69556700
2025-12-23,684.3233032226562,684.562024812114,680.2548972126992,680.3046207584179,64840000
2025-12-24,686.7305297851562,687.1781631452748,684.164151137988,684.313382495532,39445600
2025-12-26,686.660888671875,688.0037280321676,685.6264081645946,686.989161229118,41613300
2025-12-29,684.2138671875,685.5567672531378,682.4433081832867,683.9055083361335,62559500
2025-12-30,683.3782958984375,684.9200900521846,682.9505762759469,683.8159723723246,47160700
